#t s x y z curvature torsion
5 0 127.713375212535 103.543982753083 4.31111607683268 0.114783756022109 -0.0897529700863792
5.1 0.0813142926315849 127.724554995356 103.53437506557 4.39108306366421 0.113575738321187 -0.0929527268425514
5.2 0.162444780702559 127.736426036476 103.524850253485 4.47077316613683 0.112339217505769 -0.0962807617356259
5.3 0.243399684023177 127.748977784449 103.515401368526 4.55018896159037 0.111075821297275 -0.0997434513744073
5.4 0.324186963460741 127.76219968775 103.5060214624 4.62933302740132 0.109787203995738 -0.103347512177223
5.5 0.404814322563567 127.776081194765 103.496703586821 4.70820794098976 0.10847504395245 -0.107100010655595
5.6 0.485289209451889 127.790611753773 103.487440793506 4.78681627982619 0.107141041316716 -0.111008372158398
5.7 0.565618818967898 127.805780812934 103.478226134181 4.86516062143849 0.105786916078847 -0.115080387564272
5.8 0.645810095076944 127.821577820276 103.469052660571 4.94324354341869 0.104414406426817 -0.119324217324782
5.9 0.725869733511721 127.837992223679 103.459913424408 5.02106762342996 0.103025267434353 -0.123748392136471
6 0.805804184650589 127.855013470861 103.450801477425 5.0986354392134 0.101621270094454 -0.128361809374501
6.1 0.885619656623256 127.872631009359 103.441709871359 5.17594956859887 0.10020417219614 -0.133172631215075
6.2 0.965322118678498 127.890834286288 103.432631657966 5.25301258961607 0.0987756314834065 -0.138189890154454
6.3 1.04491730486225 127.909612747567 103.423559889095 5.32982708086071 0.0973372897128905 -0.143424424534839
6.4 1.12441071790477 127.928955836923 103.414487616774 5.40639562196101 0.095890801908406 -0.148887551824868
6.49999999999999 1.20380763325922 127.948852994893 103.405407893298 5.48272079404808 0.0944378377967364 -0.154591051577748
6.59999999999999 1.28311310328227 127.96929365782 103.39631377132 5.55880518022633 0.0929800836580158 -0.160547137716413
6.69999999999999 1.36233196154932 127.990267256856 103.387198303938 5.63465136604387 0.0915192445958914 -0.166768417782332
6.79999999999999 1.44146882729702 128.011763216955 103.378054544788 5.71026193996285 0.0900570472292185 -0.173267836255581
6.89999999999999 1.5205281099863 128.033770955882 103.368875548128 5.78563949382991 0.0885952428047175 -0.180058598634652
6.99999999999999 1.59951401397877 128.056279883203 103.35965436893 5.86078662334652 0.0871356107262258 -0.18715407242247
7.09999999999999 1.67843054332129 128.079279399281 103.350384062972 5.93570592854279 0.0856799368934094 -0.194565856115602
7.19999999999999 1.75728150665313 128.102758894086 103.341057686981 6.01040001433902 0.0842299403433975 -0.202306222162048
7.29999999999999 1.83607052225432 128.126707745543 103.331668298927 6.0848714913303 0.082787353378442 -0.210389541294037
7.39999999999999 1.91480102317889 128.151115317695 103.322208958359 6.15912297665878 0.0813539524528986 -0.218829943360224
7.49999999999999 1.99347626244317 128.175970958864 103.312672726757 6.23315709488951 0.0799315640805929 -0.227641069752219
7.59999999999999 2.07209931826453 128.201263999807 103.303052667874 6.30697647888609 0.0785220710731062 -0.236835770678663
7.69999999999999 2.15067309934739 128.226983751876 103.293341848084 6.38058377068647 0.0771274190578132 -0.246425739047368
7.79999999999999 2.2292003502134 128.253119505175 103.283533336726 6.45398162237866 0.0757496232042604 -0.256421072341103
7.89999999999999 2.30768365657347 128.279660526718 103.27362020645 6.52717269697649 0.0743907750689357 -0.266829753825613
7.99999999999999 2.38612545073935 128.306596058589 103.263595533561 6.60015966929531 0.0730530494413842 -0.277657044909564
8.09999999999999 2.46452801707305 128.333915316088 103.253452398376 6.67294522683247 0.0717386700366588 -0.288899744109294
8.19999999999999 2.54289349746889 128.361607485618 103.243183885743 6.74553207076936 0.070449790921743 -0.300552721145776
8.29999999999999 2.62122389684861 128.38966172189 103.232783085999 6.81792291728248 0.0691886225112635 -0.312612552949072
8.39999999999999 2.6995210886524 128.418067144875 103.222243096105 6.89012049897607 0.0679574783406827 -0.325070631315143
8.49999999999999 2.77778682032443 128.44681283674 103.211557020775 6.96212756631951 0.0667587805784588 -0.337912165818729
8.59999999999999 2.85602271879471 128.475887838781 103.200717973617 7.03394688908471 0.0655950644600198 -0.351115102725139
8.69999999999999 2.93423029595954 128.505281148364 103.189719078268 7.10558125778343 0.0644689812978388 -0.364648980243394
8.79999999999999 3.01241095416268 128.534981715858 103.178553469531 7.17703348510472 0.0633832996751195 -0.378473751878158
8.89999999999999 3.09056599168061 128.564978441571 103.167214294508 7.24830640735222 0.0623409043893497 -0.39253862336025
8.99999999999999 3.16869660821465 128.595260172691 103.155694713739 7.31940288588157 0.061344792679548 -0.406780964475031
9.09999999999999 3.2468039103906 128.625815700237 103.143987902343 7.3903258085268 0.0603981215286035 -0.421095142276094
9.19999999999999 3.32488891719198 128.656633756499 103.132087051244 7.46107809074083 0.0595043476503784 -0.435353356514948
9.29999999999998 3.40295256522037 128.687703013716 103.11998536864 7.53166267601046 0.0586670253607685 -0.449439655124265
9.39999999999998 3.48099571393334 128.719012083226 103.107676081556 7.60208253598548 0.0578897230362645 -0.463224518147145
9.49999999999998 3.55901915094353 128.750549514652 103.095152437403 7.67234067059679 0.0571759915724574 -0.476566193212709
9.59999999999998 3.63702359738106 128.782303795071 103.082407705535 7.74244010817453 0.0565293280159607 -0.48931284348777
9.69999999999998 3.71500971331894 128.814263348196 103.069435178813 7.81238390556624 0.055953134806196 -0.501305563653574
9.79999999999998 3.79297810325995 128.846416533549 103.056228175155 7.88217514825491 0.0554506753870423 -0.512382259529216
9.89999999999998 3.8709293216855 128.878751645641 103.042780039104 7.9518169504772 0.0550250272891052 -0.522382310123499
9.99999999999998 3.94886387866549 128.911256913148 103.029084143381 8.02131245534149 0.054679034114256 -0.531151843348453
10.1 4.02678224552555 128.943920498097 103.015133890453 8.09066483493736 0.0544152705593945 -0.538512965963925
10.2 4.10468486047623 128.976730495378 103.00092271427 8.15987729021905 0.0542360179720188 -0.544303525139997
10.3 4.18257213405385 129.009674933046 102.986444082456 8.2289530503153 0.0541431562277446 -0.54842176598722
10.4 4.26044445452801 129.042741772954 102.971691498664 8.29789537161327 0.0541381116761168 -0.550796371775987
10.5 4.33830219336785 129.075918911391 102.956658504946 8.3667075368337 0.0542218310609005 -0.551389914675001
10.6 4.41614571076661 129.109194179715 102.941338684119 8.43539285410616 0.0543947663302356 -0.550200696450363
10.7 4.49397536121968 129.142555344999 102.925725662133 8.5039546560442 0.0546568711319877 -0.547262811444155
10.8 4.57179149915186 129.175990110665 102.909813110435 8.57239629882061 0.0550076091150081 -0.54264442712383
10.9 4.64959448458913 129.209486117128 102.893594748339 8.64072116124253 0.0554459734739389 -0.536444440980555
11 4.72738468887063 129.243030942426 102.877064345394 8.70893264382674 0.0559705165493949 -0.528787812937883
11.1 4.80516250038407 129.276612102907 102.860215723772 8.77703416784807 0.0565793482017333 -0.519708960178077
11.2 4.88292833001437 129.310217054891 102.84304276129 8.84502917369264 0.0572700105893531 -0.509270375659785
11.3 4.96068261579999 129.343833198872 102.825539396036 8.91292111744622 0.0580395623464394 -0.497663880385098
11.4 5.03842582725332 129.377447884701 102.807699631617 8.98071346678742 0.0588846691604607 -0.48508675930275
11.5 5.11615846962614 129.411048416812 102.789517542439 9.04840969685405 0.0598016695833924 -0.471735055100406
11.6 5.19388108811062 129.444622059451 102.770987278982 9.1160132861096 0.0607866398897252 -0.457797866467005
11.7 5.27159427195467 129.478156041902 102.752103073079 9.18352771220954 0.0618354558769259 -0.443452827254548
11.8 5.34929865847053 129.511637563709 102.732859243191 9.25095644786784 0.0629438500152466 -0.428862815348405
11.9 5.42699493691471 129.54505379991 102.713250199684 9.31830295672332 0.0641074628644958 -0.414173837003079
12 5.50468385221875 129.578391906254 102.693270450107 9.38557068920603 0.0653218881568903 -0.399513959124612
12.1 5.58236620855083 129.611639024446 102.672914604456 9.45276307839602 0.0665827478456068 -0.384963499500526
12.2 5.66004287272881 129.644782287674 102.652177380091 9.51988353568066 0.0678858214288476 -0.37058508956538
12.3 5.73771477754107 129.677808826884 102.631053605791 9.58693544590141 0.0692269417316067 -0.35645524462265
12.4 5.81538292490473 129.710705777348 102.609538225448 9.65392216229918 0.070601977627392 -0.342636172649272
12.5 5.89304838880239 129.743460285243 102.587626301769 9.72084700145207 0.0720068518293684 -0.32917703364352
12.6 5.97071231797277 129.77605951423 102.56531301996 9.78771323821305 0.0734375546606834 -0.316115322599443
12.7 6.04837593833349 129.808490652031 102.542593691421 9.85452410064768 0.0748901543659592 -0.303478290521208
12.8 6.1260405551136 129.840740917009 102.519463757437 9.92128276497176 0.0763608045202557 -0.291284339304478
12.9 6.20370755467442 129.872797564749 102.495918792868 9.98799235048908 0.0778457490559824 -0.279544345469149
13 6.28137840599778 129.904647894633 102.47195450984 10.0546559145291 0.0793413253888004 -0.268262883597873
13.1 6.35905466179522 129.936279256435 102.447566761463 10.1212764473573 0.0808438861267767 -0.257416131533522
13.2 6.43673795857345 129.967679057239 102.422751546147 10.1878568663758 0.0823495566584427 -0.246982187902211
13.3 6.51443001457693 129.99883476919 102.397505013469 10.2544000085213 0.0838544717060858 -0.23696111222032
13.4 6.59213262656742 130.029733937582 102.371823470639 10.3209086219538 0.0853548586720734 -0.22734916978263
13.5 6.66984766604939 130.060364188945 102.34570338899 10.3873853577173 0.0868470413776609 -0.218139579452173
13.6 6.74757707494386 130.090713239144 102.319141410473 10.4538327614013 0.0883274432887737 -0.209323161722542
13.7 6.82532286069039 130.120768901473 102.292134354147 10.5202532648013 0.0897925904158778 -0.200888893694647
13.8 6.90308709075766 130.150519094746 102.264679222669 10.5866491775801 0.0912391140423895 -0.192824379008482
13.9 6.98087188654601 130.179951851394 102.236773208789 10.6530226789289 0.0926637533986126 -0.185116241489404
14 7.05867941666571 130.209055325558 102.20841370184 10.7193758092281 0.0940633583751936 -0.177750451317797
14.1 7.13651188958674 130.237817801153 102.179598294185 10.785710461713 0.0954350701785161 -0.170714318005767
14.2 7.21437154586741 130.266227699109 102.150324786523 10.8520283742513 0.0967768555648485 -0.163990041666231
14.3 7.29226065037956 130.294273582529 102.120591190298 10.9183311214074 0.0980869709187191 -0.157556553962995
14.4 7.37018148430707 130.321944161026 102.090395728961 10.9846201066179 0.0993637839164077 -0.151394011342778
14.5 7.4481363367362 130.349228295029 102.059736839191 11.0508965543729 0.100605773857113 -0.1454837365458
14.6 7.52612749583551 130.376115000091 102.028613172118 11.1171615023962 0.101811532400461 -0.139808155398214
14.7 7.60415723963179 130.40259345119 101.997023594542 11.183415793826 0.10297976465731 -0.134350731071375
14.8 7.68222782638992 130.428652987039 101.964967190153 11.2496600693953 0.104109290586614 -0.129095897414213
14.9 7.76034148460595 130.45428311439 101.932443260753 11.3158947596131 0.10519904665078 -0.124028992588655
15 7.83850040262387 130.47947351234 101.899451327478 11.3821200769443 0.10624808769083 -0.119136193878959
15.1 7.91670671790524 130.504214036599 101.865991131995 11.4483360080147 0.107255726636867 -0.114431882339073
15.2 7.9949625064135 130.528494722746 101.83206263714 11.5145423064475 0.108221949262906 -0.10992736316102
15.3 8.07326977291 130.552305786936 101.797666026133 11.5807384873006 0.109147000859603 -0.105605836612885
15.4 8.15163044157392 130.575637625589 101.762801701226 11.646923822136 0.110031246835154 -0.101451791865706
15.5 8.23004634654902 130.598480815052 101.727470282335 11.7130973341132 0.110875171103177 -0.097450885863806
15.6 8.30851922242176 130.620826111248 101.69167260567 11.7792577930822 0.111679374685833 -0.0935898338801574
15.7 8.38705069465302 130.642664449336 101.655409722361 11.8454037106774 0.112444574499956 -0.0898563107946699
15.8 8.465642269985 130.663986943365 101.618682897093 11.9115333354104 0.113171602302681 -0.0862388621382067
15.9 8.54429532684527 130.684784885929 101.581493606733 11.9776446477636 0.113861403776653 -0.0827268240731813
16 8.62301110576918 130.705049747825 101.543843538958 12.0437353552834 0.114515037741861 -0.0793102515399001
16.1 8.70179069984865 130.724773177693 101.505734590889 12.1098028876625 0.115133708855261 -0.0759824438703836
16.2 8.78063504489393 130.743947001297 101.467168867753 12.1758443915293 0.115718871836119 -0.0727368354258773
16.3 8.85954490881432 130.76256321989 101.428148681621 12.2418567244943 0.11627213919115 -0.0695646429215434
16.4 8.93852088080889 130.78061400822 101.388676550186 12.307836448904 0.116795248898535 -0.0664576553708666
16.5 9.01756336073327 130.798091712519 101.348755195537 12.3737798255838 0.117290064435808 -0.0634081890525989
16.6 9.09667254867936 130.814988848496 101.308387542928 12.4396828075808 0.117758574943148 -0.0604090485698693
16.7 9.17584843478967 130.831298099324 101.267576719558 12.505541033906 0.118202895531403 -0.0574534935935985
16.8 9.25509078932857 130.847012313635 101.226326053346 12.5713498232772 0.118625267742824 -0.0545352109632063
16.9 9.33439915303159 130.862124503507 101.1846390717 12.637104167862 0.11902806017242 -0.0516482918385628
17 9.41377282775377 130.876627842456 101.142519500296 12.7027987270199 0.119413769257767 -0.048787213653932
17.1 9.49321086752432 130.890515663397 101.099971261817 12.7684278211356 0.119785128076735 -0.0459889470934572
17.2 9.5727120722038 130.903781455825 101.056998473849 12.8339854277959 0.120145397609593 -0.0432891126932437
17.3 9.65227498729326 130.916418861015 101.013605444618 12.8994651839176 0.120497982376791 -0.0406809778917434
17.4 9.73189790651059 130.928421666445 100.969796667882 12.9648603902202 0.120846307871 -0.0381584811450353
17.5 9.81157887499033 130.939783800183 100.925576817785 13.0301640157876 0.121193814000801 -0.0357161849186
17.6 9.89131569302814 130.950499325283 100.880950743723 13.0953687026311 0.121543948749209 -0.0333492331598206
17.7 9.97110592037715 130.960562434173 100.835923465191 13.1604667702517 0.121900162009471 -0.0310533125346798
17.8 10.0509468811027 130.969967443047 100.790500166652 13.2254502202023 0.122265899565786 -0.028824616775816
17.9 10.1308356690011 130.978708786256 100.744686192387 13.2903107406503 0.122644597185176 -0.0266598135454704
18 10.2107691535885 130.986781010699 100.698487041355 13.3550397109398 0.123039674794953 -0.0245560132769923
18.1 10.2907439866568 130.994178770245 100.651908362076 13.4196282061586 0.123454411491265 -0.0225131705946317
18.2 10.3707566092093 131.000896820958 100.604955948106 13.4840670018084 0.123891586312214 -0.0205318805071788
18.3 10.450803258402 131.006930018358 100.557635735033 13.5483465787425 0.124353838364906 -0.0186106976266958
18.4 10.5308799746807 131.012273315486 100.509953798063 13.6124571282064 0.124843783208452 -0.016748387383067
18.5 10.6109826092806 131.016921761002 100.461916349636 13.676388556884 0.125364009133433 -0.0149439070984634
18.6 10.6911068320969 131.020870497274 100.413529737037 13.7401304919423 0.125917073511479 -0.0131963870052036
18.7 10.771248139931 131.024114758483 100.364800440011 13.8036722860775 0.126505499207796 -0.0115051112006141
18.8 10.8514018651174 131.026649868707 100.315735068373 13.8670030225597 0.127131771050929 -0.00986949859852728
18.9 10.9315631845331 131.028471240029 100.266340359622 13.9301115202792 0.127798332354347 -0.00828908392760241
19 11.0117271289973 131.029574370622 100.216623176556 13.9929863387913 0.128507581487066 -0.00676349887260819
19.1 11.0918885931275 131.029954842882 100.166590504873 14.0556157834371 0.129261715945085 -0.00531061642706848
19.2 11.1720423472374 131.029608322398 100.116249450576 14.1179879124185 0.130062236951798 -0.00394788332302646
19.3 11.2521830537155 131.028530559051 100.065607236847 14.1800905488333 0.130910343465503 -0.00267428891361441
19.4 11.3323052851878 131.026717388964 100.014671200732 14.2419112946654 0.131807072908411 -0.00148872865588758
19.5 11.412403542834 131.02416473648 99.9634487898019 14.3034375448496 0.132753298365384 -0.000389996687135081
19.6 11.4924722747772 131.020868616135 99.9119475588232 14.3646565013365 0.133749726169054 0.000623218579131223
19.7 11.5725058945361 131.01682513464 99.8601751664274 14.4255551871574 0.13479689382281 0.00155233587873681
19.8 11.652498799524 131.012030492857 99.8081393717776 14.4861204604891 0.135895168212121 0.00239887966024802
19.9 11.7324453895814 131.006480987776 99.7558480312377 14.5463390287193 0.137044744051719 0.00316447596072426
20 11.8123400855235 131.000173014494 99.7033090950402 14.6061974625111 0.138245642516059 0.00385084583248822
20.1 11.8921773477084 130.993103068207 99.6505306039451 14.6656822098872 0.139497653398891 0.00446193385597976
20.2 11.9719516950846 130.985267746559 99.5975206856538 14.7247796108174 0.140800153205079 0.00500171155514324
20.3 12.0516577254321 130.976663752912 99.544287550601 14.783475913082 0.142152254965572 0.00547206101567533
20.4 12.131290135945 130.967287899971 99.4908394875021 14.841757288638 0.143552861620223 0.00587492406503221
20.5 12.2108437436296 130.957137113425 99.4371848588907 14.8996098500049 0.145000665578115 0.00621228565140485
20.6 12.2903135054691 130.94620843559 99.3833320966559 14.9570196666506 0.146494148249631 0.00648615680223603
20.7 12.3696945383196 130.934499029048 99.3292896975808 15.0139727813769 0.148031579521457 0.00669855752107349
20.8 12.4489821385037 130.922006180287 99.2750662188791 15.0704552267055 0.149611017158957 0.00685149993582776
20.9 12.5281718010636 130.908727303345 99.2206702737338 15.1264530412632 0.151230306131192 0.0069469719763868
21 12.6072592386328 130.894659943447 99.1661105268342 15.1819522861684 0.152887077871209 0.00698692181590316
21.1 12.6862403998972 130.879801780696 99.1113956899106 15.2369390614397 0.154578593979548 0.00698136171658583
21.2 12.7651114878423 130.86415063488 99.0565345171895 15.291399523024 0.15630127239976 0.00694004638282665
21.3 12.8438689780239 130.847704473172 99.0015358006456 15.3453199013915 0.158051142943725 0.00686444747056354
21.4 12.9225096362251 130.830461418944 98.9464083651752 15.3986865207491 0.159824002892334 0.0067559590169112
21.5 13.0010305351437 130.812419760639 98.8911610637654 15.4514858182778 0.161615419144218 0.00661588747030598
21.6 13.0794290700317 130.793577960633 98.8358027726641 15.5037043633693 0.163420730813415 0.00644544313609844
21.7 13.157702973218 130.773934664103 98.7803423865498 15.5553288768635 0.165235052410511 0.00624573292053712
21.8 13.235850327444 130.753488707892 98.7247888137011 15.6063462502854 0.16705327775486 0.00601775423549602
21.9 13.3138695779394 130.732239129373 98.6691509711665 15.6567435650822 0.168870084770551 0.00576238991383103
22 13.3917595431642 130.710185175319 98.6134377799343 15.7065081118605 0.170679941322919 0.00548040396143341
22.1 13.469519424157 130.687326310742 98.5576581600783 15.7556274096058 0.172477209700229 0.00518324041261053
22.2 13.5471488127488 130.663662227159 98.5018210252776 15.8040892244553 0.174256441873269 0.00488188169487741
22.3000000000001 13.6246476991866 130.639192849372 98.4459352757489 15.8518815873332 0.176012086589076 0.00457626981929464
22.4000000000001 13.7020164786904 130.61391834168 98.3900097905533 15.8989928111389 0.177738400145914 0.0042662961212552
22.5000000000001 13.7792559565713 130.587839114054 98.3340534198786 15.945411507918 0.17942945752595 0.00395180154338608
22.6000000000001 13.8563673518278 130.560955828324 98.2780749773219 15.9911266060332 0.181079165273253 0.00363257666364415
22.7000000000001 13.9333522991537 130.533269404356 98.2220832321723 16.0361273673351 0.182681276203985 0.00330836142896876
22.8000000000001 14.010212849289 130.504781026239 98.1660869016934 16.0804034043332 0.184229406015828 0.00297884452501363
22.9000000000001 14.0869514676543 130.475492148462 98.1100946434055 16.1239446973664 0.18571705183252 0.00264366232417925
23.0000000000001 14.1635710312062 130.445404502101 98.0541150473686 16.1667416117748 0.187137612693605 0.00230239735320887
23.1000000000001 14.2400748234295 130.41452010096 97.9981566284768 16.2087849149971 0.188484672659817 0.0019641120329092
23.2000000000001 14.3164665265912 130.3828412468 97.9422278190649 16.2500657917904 0.18975282681115 0.00163767152038639
23.3000000000001 14.3927502100983 130.350370532222 97.8863369623067 16.2905758546767 0.190936956609807 0.0013223453841339
23.4000000000001 14.4689303165927 130.31711084263 97.8304923059263 16.3303071525098 0.192031995241723 0.0010174333168061
23.5000000000001 14.5450116466908 130.283065358159 97.7747019959206 16.3692521789708 0.193032949285477 0.00072226192113657
23.6000000000001 14.6209993424025 130.2482375556 97.7189740702816 16.4074038810624 0.193934921027869 0.000436181471754463
23.7000000000001 14.6968988692376 130.212631210333 97.6633164527199 16.4447556676038 0.19473313120485 0.000158562645866384
23.8000000000001 14.7727159970135 130.176250398248 97.6077369463864 16.4813014177258 0.19542294192617 -0.00011120678938659
23.9000000000001 14.848456779385 130.139099497679 97.552243227596 16.5170354893655 0.195999879524423 -0.000373725348252565
24.0000000000001 14.9241275321259 130.101183191325 97.4968428395496 16.5519527277611 0.196459657054479 -0.000629581274926903
24.1000000000001 14.9997348102127 130.062506468171 97.4415431860425 16.5860484739435 0.196798228828021 -0.000875357576258088
24.2000000000001 15.0752853841517 130.023074625073 97.3863515247889 16.6193185731397 0.197011902416754 -0.00110760236703121
24.3000000000001 15.150786216261 129.982893267531 97.3312749597746 16.6517593829546 0.197097247931469 -0.00132682223734224
24.4000000000001 15.2262444363782 129.941968310123 97.2763204332262 16.6833677814637 0.197051081296019 -0.00153349415123921
24.5000000000001 15.3016673166737 129.900305976945 97.2214947175653 16.7141411753036 0.1968704802665 -0.00172806775753283
24.6000000000001 15.3770622456177 129.857912802029 97.1668044073635 16.7440775077619 0.196552798584855 -0.00191096745801055
24.7000000000001 15.4524367011755 129.814795629782 97.1122559112968 16.7731752668673 0.196095678041705 -0.00208259422920675
24.8000000000001 15.5277982233089 129.770961615412 97.0578554440999 16.8014334934795 0.195497058242969 -0.00224332719895316
24.9000000000001 15.6031543858681 129.726418225358 97.003609018521 16.8288517893794 0.194755183902219 -0.00239352496941619
25.0000000000001 15.6785127679636 129.681173237719 96.9495224372763 16.8554303253593 0.193868609509743 -0.00253352669405442
25.1000000000001 15.7538809248725 129.63523474259 96.8956012850615 16.8811698491502 0.192836876792189 -0.00266165892756229
25.2000000000001 15.8292663576823 129.588611139962 96.8418509220548 16.9060716891323 0.191662552485458 -0.0027760156866638
25.3000000000001 15.9046764808612 129.541311131424 96.7882764812018 16.930137747337 0.190349210069407 -0.00287652045854701
25.4000000000001 15.9801185901881 129.493343709441 96.7348828669919 16.9533704882325 0.188900731953409 -0.00296302628545182
25.5000000000001 16.0555998322605 129.444718146518 96.6816747542917 16.9757729273453 0.187321281299885 -0.00303531486362688
25.6000000000001 16.1311271756944 129.395443984389 96.6286565871783 16.9973486198835 0.185615272371152 -0.00309309466519611
25.7000000000001 16.2067073840752 129.345531023178 96.5758325777727 17.0181016493588 0.183787339782959 -0.00313599805234636
25.8000000000001 16.2823469907134 129.294989310587 96.523206705073 17.0380366162093 0.181842307049676 -0.00316357735018559
25.9000000000001 16.3580522752427 129.243829131064 96.4707827137881 17.057158626422 0.179785154797405 -0.00317529981857436
26.0000000000001 16.4338292420953 129.19206099498 96.4185641131708 17.0754732801548 0.177620989010871 -0.00317054144542583
26.1000000000001 16.509683600865 129.139695627809 96.3665541758591 17.0929866603605 0.175355009147359 -0.00315211833609716
26.2000000000001 16.5856207484057 129.08674395936 96.3147559369187 17.1097053214263 0.172992478500368 -0.00312293160743585
26.3000000000001 16.6616457523975 129.033217113166 96.2631721933978 17.1256362778576 0.170538700383637 -0.00308235634973535
26.4000000000001 16.7377633366475 128.97912639592 96.2118055040831 17.1407869929793 0.167998990479438 -0.00302968699880528
26.5000000000001 16.8139778682798 128.924483286923 96.1606581892633 17.1551653676362 0.165378649460612 -0.00296412816564337
26.6000000000001 16.8902933468002 128.869299427527 96.1097323304934 17.1687797288952 0.162682937251669 -0.00288478408248306
26.7000000000001 16.9667133950093 128.813586610579 96.0590297703583 17.1816388187462 0.159917049087789 -0.00279064645997037
26.8000000000001 17.0432412517297 128.757356769867 96.0085521122367 17.1937517828039 0.15708609349414 -0.00268058051727707
26.9000000000001 17.1198797663066 128.70062196956 95.9583007200649 17.2051281590087 0.154195072273221 -0.00255330889685602
27.0000000000001 17.1966313948377 128.643394393658 95.9082767181007 17.2157778663284 0.151248862553671 -0.00240739311510675
27.1000000000001 17.2734981980823 128.585686335384 95.8584809907245 17.2257111933836 0.148252522620244 -0.00224681183377982
27.2000000000001 17.3504818410418 128.527510185399 95.8089141832091 17.2349387851001 0.145212237200889 -0.00207574753882098
27.3000000000001 17.4275835944194 128.468878416986 95.7595767049498 17.2434716243521 0.1421343285634 -0.00189284756896138
27.4000000000001 17.5048043381636 128.409803570056 95.7104687336626 17.2513210116329 0.139024920756016 -0.00169663224947534
27.5000000000001 17.5821445670451 128.3502982351 95.6615902196201 17.2584985446488 0.135889929606726 -0.00148547913092789
27.6000000000001 17.6596043981668 128.290375037143 95.6129408898875 17.2650160979141 0.132735055342918 -0.00125760561172323
27.7000000000001 17.7371835803012 128.2300466197 95.5645202525581 17.2708858023448 0.129565777665584 -0.00101104978167965
27.8000000000001 17.8148815049498 128.169325628731 95.5163276009894 17.2761200248537 0.126387353097027 -0.000743649276971704
27.9000000000001 17.8926972190202 128.108224696595 95.468362018039 17.2807313479443 0.123204814405128 -0.000453017969400265
28.0000000000001 17.9706294390139 128.046756426005 95.4206223803 17.2847325493053 0.120022971901974 -0.000136520278696641
28.1000000000001 18.0486765665635 127.984933374031 95.3731073623729 17.2881365814268 0.116846318724635 0.000196064353687929
28.2000000000001 18.1268367037296 127.922768037373 95.3258154420562 17.2909565517777 0.113678762894571 0.000533668720417892
28.3000000000001 18.2051076655429 127.860272840857 95.2787449078748 17.293205704409 0.110523961277351 0.000877216256296298
28.4000000000001 18.2834869920234 127.797460127202 95.2318938675276 17.2948974021188 0.107385427185739 0.00122765109997656
28.5000000000001 18.3619719610708 127.734342146827 95.1852602563706 17.2960451086384 0.10426653601784 0.00158593693226606
28.6000000000001 18.4405596022063 127.670931047672 95.1388418459003 17.2966623708191 0.101170531751962 0.00195305457640046
28.7000000000001 18.5192467110909 127.607238865007 95.0926362522369 17.2967628008187 0.0981005341559659 0.0023299980551408
28.8000000000001 18.5980298647487 127.543277511247 95.0466409446076 17.2963600582875 0.0950595465727561 0.00271776867360849
28.9000000000001 18.6769054374226 127.479058765766 95.0008532538298 17.2954678325552 0.0920504641446133 0.00311736663965776
29.0000000000001 18.755869616996 127.41459426471 94.9552703807945 17.2940998248173 0.0890760823422081 0.0035297795965869
29.1000000000001 18.8349184219268 127.349895490806 94.909889404929 17.2922697303478 0.0861390180447655 0.00395115320498773
29.2000000000001 18.9140477190144 127.284973763026 94.8647072921334 17.2899912214041 0.0832414505941721 0.00437683210782599
29.3000000000002 18.9932532425094 127.219840225897 94.8197209013783 17.2872779318856 0.0803853848123806 0.00480641971588287
29.4000000000002 19.0725306138379 127.154505838663 94.7749269907772 17.2841434426847 0.0775727456559664 0.00523926175485549
29.5000000000002 19.1518753614988 127.088981364445 94.7303222236367 17.2806012670638 0.0748053859392129 0.00567439054924407
29.6000000000002 19.2312829410726 127.023277359399 94.6859031745083 17.2766648360321 0.0720850934264906 0.0061104584822118
29.7000000000002 19.3107487553011 126.957404161879 94.6416663352396 17.2723474837231 0.0694135971820719 0.00654565878709441
29.8000000000002 19.3902681742015 126.891371881591 94.5976081210251 17.2676624327714 0.0667925730647258 0.00697763163689569
29.9000000000002 19.4698365551758 126.825190388755 94.5537248764576 17.2626227796899 0.0642236482524114 0.00740335323171784
30.0000000000002 19.5494492630835 126.758869303266 94.5100128815793 17.2572414802471 0.0617084046823448 0.00781900543361939
30.1000000000002 19.6291016901734 126.692417983917 94.4664683579501 17.2515313348955 0.0592481987539044 0.00820783993576148
30.2000000000002 19.7087892741025 126.625845519392 94.4230874751494 17.2455049755465 0.0568436411834452 0.00854972734660931
30.3000000000002 19.7885075111766 126.55916072374 94.3798663583826 17.2391748557597 0.0544951919474348 0.00883369842016451
30.4000000000002 19.8682519675107 126.492372133609 94.3368010965209 17.2325532422787 0.0522033508265168 0.00904666393976949
30.5000000000002 19.9480182898246 126.425488005549 94.2938877501591 17.225652206618 0.049968658208097 0.00917304705454794
30.6000000000002 20.0278022159366 126.358516313319 94.2511223596721 17.21848361665 0.0477916951127075 0.00919436069966343
30.7000000000002 20.1075995849487 126.291464745187 94.2085009532726 17.2110591281923 0.0456730823401348 0.00908872583586702
30.8000000000002 20.1874063471183 126.224340701239 94.1660195550676 17.2033901765947 0.0436134786133158 0.00883032782645023
30.9000000000002 20.2672185734107 126.157151290679 94.1236741931163 17.1954879683264 0.0416135775775453 0.008388811039789
31.0000000000002 20.347032464727 126.089903329134 94.0814609074866 17.1873634725629 0.039674103492407 0.00772861618562592
31.1000000000002 20.4268443607769 126.022603335996 94.0393757582896 17.1790274128346 0.0377955851455982 0.00681234369860737
31.2000000000002 20.5066507479423 125.955257532733 93.997414833117 17.1704902602713 0.0359777013657681 0.00559763334394535
31.3000000000002 20.5864482650498 125.887871843657 93.9555742529638 17.1617622308975 0.0342199599781695 0.00403144675645175
31.4000000000002 20.6662337080305 125.820451897666 93.9138501775542 17.1528532845235 0.0325219176786133 0.00205226573659089
31.5000000000002 20.7460040341126 125.753003030021 93.872238810645 17.1437731236987 0.0308831758114396 -0.000411060493719659
31.6000000000002 20.8257563655876 125.685530284121 93.8307364053283 17.1345311926639 0.0293033754297562 -0.00344053988329967
31.7000000000002 20.905487993163 125.618038413279 93.7893392693343 17.1251366763041 0.0277821915572824 -0.00713029815283658
31.8000000000002 20.9851963789149 125.550531882504 93.7480437703353 17.1155984991011 0.0263193265650689 -0.0115878173071601
31.9000000000002 21.0648791588548 125.483014870273 93.7068463412475 17.1059253240867 0.0249145025771014 -0.0169350637510373
32.0000000000002 21.1445341451194 125.415491270309 93.6657434855351 17.0961255517948 0.0235674528258579 -0.0233093780377081
32.1000000000002 21.2241593277927 125.347964693356 93.624731782527 17.0862073192301 0.0222779013157285 -0.0309674843980572
32.2000000000002 21.3037528761837 125.280438468894 93.5838078931096 17.076178499246 0.0210455276655025 -0.0402136585622447
32.3000000000002 21.3833131392745 125.212915646693 93.5429685663703 17.0660467009597 0.0198700023498259 -0.0512849584115098
32.4000000000002 21.4628386456449 125.145398998312 93.5022106466163 17.0558192705779 0.0187509918935629 -0.0644385719087417
32.5000000000002 21.5423281030695 125.077891018594 93.4615310804075 17.0455032922372 0.0176881525155105 -0.0799474517213036
32.6000000000002 21.6217803978065 125.010393927159 93.4209269235896 17.0351055888448 0.0166811250925075 -0.0980927872344036
32.7000000000002 21.7011945935913 124.942909669897 93.3803953483271 17.024632722919 0.0157295323168819 -0.119152257023463
32.8000000000002 21.7805699303473 124.875439920465 93.3399336501364 17.0140909974304 0.0148329791895452 -0.143382831543702
32.9000000000002 21.8599058226261 124.80798608178 93.2995392549188 17.0034864566421 0.0139910582889707 -0.170996771874898
33.0000000000002 21.93920185779 124.740549287512 93.2592097259935 16.9928248869508 0.0132033615479083 -0.202129453012733
33.1000000000002 22.018457793909 124.673130403634 93.2189427711015 16.982111817806 0.0124693208313555 -0.236849847997141
33.2000000000002 22.0976735563535 124.605730031353 93.1787362486522 16.9713525246805 0.0117877768933128 -0.275159804632592
33.3000000000002 22.176849231431 124.538348513561 93.1385881720461 16.960552037246 0.0111577042520033 -0.316882295298411
33.4000000000002 22.2559850587152 124.470985942671 93.0984967132412 16.9497151495997 0.0105784776317019 -0.361616781071888
33.5000000000002 22.3350814231146 124.403642168504 93.0584602062892 16.9388464305695 0.0100499414539919 -0.408667949391282
33.6000000000002 22.4141388467463 124.336316806184 93.0184771508719 16.9279502340194 0.00957247335830385 -0.456969008805439
33.7000000000002 22.4931579806344 124.26900924402 92.9785462158386 16.9170307091548 0.00914703151827031 -0.505011975266911
33.8000000000002 22.5721395962564 124.201718651398 92.9386662427417 16.9060918108275 0.00877517191262043 -0.550807537174868
33.9000000000002 22.6510845769559 124.134443986671 92.8988362493738 16.8951373098416 0.00845901886416882 -0.591908277443022
34.0000000000002 22.7299939092417 124.067184005047 92.8590554333044 16.8841708032584 0.00820117194045617 -0.625535546077255
34.1000000000002 22.8088686740098 123.999937266456 92.8193231754206 16.8731957246934 0.00800453616139554 -0.648832463562632
34.2000000000002 22.8877100381832 123.9327021428 92.7796390435833 16.8622153543919 0.00787208230012497 -0.659220574814635
34.3000000000002 22.9665192475483 123.865476823654 92.7400027965746 16.8512328287452 0.00780657563078003 -0.654900224141559
34.4000000000002 23.0452976200464 123.798259321354 92.7004143881603 16.8402511495846 0.0078102883230904 -0.635294841260944
34.5000000000002 23.1240465390585 123.731047476056 92.6608739711573 16.8292731934678 0.00788474679289829 -0.601286076194072
34.6000000000002 23.2027674466828 123.663838960803 92.6213819015001 16.8183017209651 0.00803056812979718 -0.555141935115037
34.7000000000002 23.2814618370162 123.596631286585 92.5819387423081 16.8073393859455 0.00824741914517721 -0.500138076692676
34.8000000000002 23.3601312494577 123.529421807403 92.5425452679523 16.7963887448627 0.00853409983305267 -0.439992552312844
34.9000000000002 23.4387772620465 123.462207725332 92.5032024681225 16.7854522660415 0.00888872205358595 -0.378293367914884
35.0000000000002 23.5174014848501 123.394986095583 92.4639115518942 16.7745323389639 0.00930893663311523 -0.31806924907149
35.1000000000002 23.5960055533992 123.327753831597 92.4246739517714 16.7636312835871 0.00979210735208129 -0.262036070765923
35.2000000000002 23.6745911217843 123.260507710844 92.3854913271071 16.7527513604916 0.0103353388362542 -0.212011404125533
35.3000000000002 23.7531598547824 123.193244382453 92.3463655659417 16.7418947831374 0.010935776926901 -0.168571452000095
35.4000000000002 23.8317134196632 123.125960375541 92.3072987862193 16.7310637309488 0.0115907537795098 -0.13173807143749
35.5000000000002 23.9102534780859 123.058652107584 92.2682933369792 16.7202603624332 0.0122978392365171 -0.101165640827401
35.6000000000002 23.9887816781133 122.991315892779 92.2293517995482 16.7094868282978 0.0130548623242561 -0.0762964345746528
35.7000000000002 24.0672996463564 122.923947950408 92.1904769887324 16.6987452845681 0.0138599125866456 -0.0564758637055978
35.8000000000002 24.1458089802588 122.856544413202 92.1516719540092 16.688037905705 0.0147113293579098 -0.0410302861569779
35.9000000000002 24.2243112405314 122.78910133571 92.1129399807188 16.677366897723 0.015607684957023 -0.0293148320265021
36.0000000000002 24.3028079437485 122.721614702659 92.0742845912571 16.6667345113074 0.0165477658205502 -0.0207394611261842
36.1000000000002 24.3813005551541 122.654080437319 92.0357095462014 16.6561430548841 0.0175303266132826 -0.0146607108450043
36.2000000000002 24.4597904826566 122.586494409857 91.9972188437453 16.6455949064305 0.0185534013541154 -0.0105404640585972
36.3000000000002 24.5382790735546 122.518852445666 91.9588167148363 16.6350925220945 0.0196149832903275 -0.00803543974902699
36.4000000000002 24.6167676124152 122.451150333674 91.9205076166197 16.6246384435538 0.0207132311988276 -0.00685332049461425
36.5000000000002 24.6952573191282 122.383383834664 91.8822962258195 16.6142353053291 0.0218464483238714 -0.00674833841527838
36.6000000000003 24.7737493470957 122.315548689586 91.844187432117 16.6038858420949 0.0230130646673046 -0.00751578043924764
36.7000000000003 24.8522447815538 122.247640627873 91.8061863315314 16.5935928959924 0.0242116224651513 -0.00898630645162967
36.8000000000003 24.9307446380267 122.179655375756 91.7682982197989 16.5833594239408 0.0254407645322008 -0.0110205663372149
36.9000000000003 25.0092498609085 122.111588664578 91.7305285857526 16.5731885049497 0.0266992251025988 -0.0135043484870163
37.0000000000003 25.0877613221695 122.043436239109 91.6928831047025 16.563083347431 0.0279858227907832 -0.016344342042024
37.1000000000003 25.1662798201741 121.975193865872 91.655367631817 16.553047296513 0.0292994442333365 -0.0194744677262986
37.2000000000003 25.244806078308 121.906857341781 91.6179881955674 16.5430838414198 0.0306390077629774 -0.0228406696026608
37.3000000000003 25.3233407429397 121.838422503567 91.5807509913283 16.5331966230126 0.0320034962755522 -0.026389955917092
37.4000000000003 25.4018843811818 121.769885237507 91.5436623750404 16.5233894413966 0.0333919685847688 -0.0300794022448729
37.5000000000003 25.4804374787437 121.701241489178 91.5067288568756 16.5136662635297 0.0348035601817479 -0.0338743090360854
37.6000000000003 25.5590004378851 121.632487273196 91.4699570949022 16.5040312308312 0.0362374844697215 -0.0377466810852274
37.7000000000003 25.6375735754653 121.563618682967 91.4333538887494 16.4944886667906 0.0376930343859663 -0.0416739757606957
37.8000000000003 25.7161571210871 121.494631900434 91.3969261732729 16.4850430845766 0.0391695843383263 -0.0456380740310362
37.9000000000003 25.7947512153319 121.425523205819 91.3606810122196 16.475699194646 0.0406665923969012 -0.0496244353315439
38.0000000000003 25.8733559080843 121.356288987375 91.3246255918929 16.466461912352 0.0421836026922401 -0.0536214036338148
38.1000000000003 25.9519711569876 121.286925751116 91.2887672147639 16.4573363654901 0.0437200453788705 -0.0575236571966365
38.2000000000003 26.0305968270615 121.217430130267 91.2531132916941 16.4483279001871 0.0452746194361736 -0.0612496719657067
38.3000000000003 26.1092326930951 121.147798893969 91.2176713306302 16.4394420825885 0.0468458799550355 -0.0648235518008179
38.4000000000003 26.1878784430788 121.0780289557 91.1824489239104 16.4306846988895 0.0484324364287563 -0.0682672126767978
38.5000000000003 26.2665336816122 121.00811738168 91.1474537355162 16.4220617553033 0.0500329519055341 -0.0716005634857112
38.6000000000003 26.3451979332277 120.938061399283 91.1126934883254 16.4135794780285 0.0516461427414844 -0.0748416844408902
38.7000000000003 26.4238706456193 120.867858405438 91.0781759513645 16.4052443132173 0.0532707788714902 -0.0780069979779228
38.8000000000003 26.5025511927612 120.797505975043 91.0439089270604 16.3970629269427 0.0549056845326283 -0.0811114290860606
38.9000000000003 26.5812388779025 120.727001869367 91.0099002384937 16.3890422051666 0.0565497393888136 -0.084168553379931
39.0000000000003 26.6599329364275 120.656344044463 90.9761577166508 16.3811892537079 0.0582018800174974 -0.0871907321835677
39.1000000000003 26.7386325385898 120.585530659534 90.942689187704 16.3735113981813 0.0598611750806476 -0.0901018160675909
39.2000000000003 26.8173367926995 120.514560084366 90.9095024610223 16.3660161832045 0.061527033374215 -0.0928355130935539
39.3000000000003 26.8960447497079 120.443430904378 90.8766053190346 16.3587113697428 0.063198959902263 -0.0954159107648419
39.4000000000003 26.9747554082798 120.372141924722 90.8440055078223 16.3516049317215 0.0648764784592889 -0.0978644331372137
39.5000000000003 27.0534677197664 120.300692174357 90.8117107277408 16.3447050526097 0.0665591312714483 -0.100200173780126
39.6000000000003 27.1321805930498 120.229080910116 90.7797286240402 16.3380201220038 0.068246478944129 -0.102440182600655
39.7000000000003 27.2108928992509 120.157307620779 90.7480667774867 16.3315587322116 0.0699381006786899 -0.104599713352747
39.8000000000003 27.2896034762958 120.08537203114 90.7167326949835 16.325329674836 0.0716335947287408 -0.106692437534022
39.9000000000003 27.3683111333332 120.01327410608 90.685733800192 16.3193419373591 0.0733325790733657 -0.108730629523077
40.0000000000003 27.4470146549983 119.941014054634 90.6550774241527 16.3136046997256 0.0750346922885146 -0.110725327002997
40.1000000000003 27.5257128055226 119.868592334065 90.6247707958912 16.3081273309086 0.0767395215754413 -0.112676688739837
40.2000000000003 27.6044043327996 119.796009654002 90.5948210326286 16.3029193850028 0.0784463820946915 -0.114586698340115
40.3000000000003 27.683087972561 119.723266980749 90.5652351289869 16.2979905961179 0.0801545326815732 -0.116467409940408
40.4000000000003 27.761762452428 119.650365541661 90.5360199457996 16.2933508727992 0.0818632501142535 -0.118329806729517
40.5000000000003 27.8404264957004 119.577306829517 90.5071821989068 16.2890102924307 0.0835718313156047 -0.120183914659141
40.6000000000003 27.9190788248733 119.504092606901 90.4787284479497 16.2849790956375 0.085279595794523 -0.12203890296533
40.7000000000003 27.9977181648703 119.43072491058 90.4506650851662 16.2812676806885 0.0869858883254916 -0.123903172900006
40.8000000000003 28.0763432459888 119.357206055876 90.4229983241855 16.2778865978991 0.088690081866249 -0.125784435856287
40.9000000000003 28.1549528065504 119.28353864105 90.3957341888236 16.2748465440343 0.0903915807158064 -0.127689781968433
41.0000000000003 28.2335455952506 119.209725551674 90.3688785018776 16.2721583567104 0.0920898239146403 -0.129625740081933
41.1000000000003 28.3121203732598 119.135769964935 90.3424368739751 16.2698330087501 0.0937843711076206 -0.131486590113272
41.2000000000003 28.390675917435 119.061675351976 90.3164146938217 16.2678816012664 0.0954751121729444 -0.133174346630171
41.3000000000003 28.4692110268607 118.987445475259 90.2908171219995 16.2663153535276 0.0971619506078292 -0.134705678940254
41.4000000000003 28.5477245305935 118.913084383971 90.2656490861647 16.2651455915514 0.0988447103016891 -0.136095956112601
41.5000000000003 28.6262152952527 118.838596409349 90.2409152762987 16.264383736652 0.100523134893308 -0.137359390608556
41.6000000000003 28.7046822323897 118.763986160006 90.2166201399594 16.2640412939861 0.102196887517769 -0.138509162528804
41.7000000000003 28.7831243056221 118.689258517266 90.1927678775326 16.2641298410993 0.103865550916348 -0.139557527518648
41.8000000000003 28.8615405375181 118.614418630484 90.169362437483 16.2646610164722 0.105528627888035 -0.140515910893768
41.9000000000003 28.9399300162161 118.539471912378 90.1464075116056 16.2656465080671 0.107185542067456 -0.141394990111587
42.0000000000003 29.0182919017641 118.464424034357 90.1239065302769 16.2670980418738 0.108835639016279 -0.142204767384599
42.1000000000003 29.0966254321519 118.389280921857 90.1018626577023 16.2690273704532 0.110478166358398 -0.142958076438046
42.2000000000003 29.174929928784 118.314048749967 90.0802787870552 16.2714462613965 0.112112215858741 -0.14366739619779
42.3000000000003 29.253204800984 118.23873393977 90.0591575353454 16.2743664855721 0.11373679679175 -0.144341336976518
42.4000000000003 29.3314495498742 118.163343154976 90.0385012381789 16.2777998052893 0.115350861152603 -0.144988023642687
42.5000000000003 29.4096637718433 118.087883298553 90.0183119445141 16.2817579624581 0.116953306897508 -0.145615139703138
42.6000000000003 29.4878471615949 118.012361509374 89.998591411418 16.2862526667498 0.118542981488864 -0.146229967750007
42.7000000000003 29.5659995147595 117.936785158852 89.9793410988221 16.2912955837568 0.120118685749834 -0.146839426745637
42.8000000000003 29.6441207300535 117.86116184758 89.9605621642791 16.2968983231527 0.121679178033627 -0.147450106524093
42.9000000000003 29.722210810968 117.785499401971 89.9422554577183 16.303072426853 0.123223178712189 -0.148068299850529
43.0000000000003 29.800269866973 117.709805870893 89.9244215162022 16.3098293571747 0.124749374989867 -0.148700032307199
43.1000000000003 29.8782981142453 117.634089522277 89.9070605587088 16.3171804849526 0.126256367306572 -0.149296270440703
43.2000000000003 29.9562958765475 117.558358838758 89.8901724815967 16.3251370765145 0.12774247212872 -0.149811893796175
43.3000000000003 30.0342635872333 117.482622510884 89.8737568558024 16.3337102777581 0.129205857626189 -0.15025824053317
43.4000000000003 30.1122017912777 117.406889429374 89.8578129247212 16.3429110970866 0.130644602009253 -0.150646185346759
43.5000000000003 30.1901111466482 117.33116867733 89.8423396021132 16.3527503883008 0.132056700312754 -0.150986180835783
43.6000000000004 30.2679924249601 117.255469522454 89.8273354700105 16.3632388334907 0.133440071750325 -0.151288297171719
43.7000000000004 30.3458465113837 117.179801409268 89.8127987766231 16.3743869259275 0.134792567625383 -0.151562260555689
43.8000000000004 30.4236744037774 117.104173951322 89.7987274342462 16.3862049529551 0.136111979785211 -0.151817490832171
43.9000000000004 30.5014772110161 117.028596923418 89.7851190171661 16.3987029788824 0.137396049601977 -0.152063138621699
44.0000000000004 30.5792561504893 116.953080253824 89.7719707595672 16.4118908278746 0.138642477463351 -0.152308122251386
44.1000000000004 30.6570125447544 116.877634016479 89.7592795535071 16.4257780669197 0.139849258114461 -0.152541527345997
44.2000000000004 30.7347478175772 116.802268423022 89.7470419486765 16.4403739907237 0.141015657080092 -0.152747429285182
44.3000000000004 30.8124634899538 116.726993814344 89.7352541566894 16.4556876115055 0.142141224238578 -0.152927147551552
44.4000000000004 30.8901611760368 116.65182065196 89.7239120571579 16.4717276507204 0.143225469659584 -0.153082095998395
44.5000000000004 30.967842578792 116.576759509368 89.7130112038359 16.4885025308586 0.144267867120816 -0.153213786249739
44.6000000000004 31.0455094853692 116.501821063414 89.7025468307625 16.506020367243 0.14526785779416 -0.153323830818277
44.7000000000004 31.1231637621779 116.427016085657 89.6925138584055 16.524288959828 0.146224854094854 -0.153413945996902
44.8000000000004 31.2008073496567 116.352355433724 89.6829068998049 16.5433157849972 0.147138243685542 -0.153485954597917
44.9000000000004 31.2784422567307 116.277850042681 89.6737202667166 16.5631079873618 0.148007393627093 -0.153541788594563
45.0000000000004 31.3560705549455 116.203510916391 89.6649479757556 16.5836723715588 0.148831654664766 -0.153583491738076
45.1000000000004 31.4336943722514 116.12934911889 89.6565837545057 16.6050153940123 0.149610218549432 -0.153629304692425
45.2000000000004 31.5113158859226 116.055375766126 89.6486210467378 16.6271431537374 0.150341695425737 -0.153699573563169
45.3000000000004 31.5889373136962 115.981602018606 89.6410530153676 16.6500613807132 0.151024586282049 -0.153799626296802
45.4000000000004 31.6665609037727 115.908039074408 89.6338725445231 16.6737754232983 0.151657442131132 -0.153934859127683
45.5000000000004 31.7441889241402 115.834698162201 89.6270722415772 16.6982902356098 0.152238872798857 -0.154110755044854
45.6000000000004 31.8218236512448 115.761590534271 89.6206444391807 16.7236103649014 0.152767555706804 -0.154332903304617
45.7000000000004 31.8994673580133 115.688727459542 89.6145811972953 16.7497399389426 0.153242244618068 -0.15460702009428
45.8000000000004 31.9771223012357 115.6161202166 89.608874305226 16.7766826533972 0.153661778318526 -0.154938970439993
45.9000000000004 32.0547907083176 115.543780086718 89.6035152836549 16.8044417592018 0.154025089208996 -0.155334791456672
46.0000000000004 32.1324747634162 115.471718346876 89.598495386673 16.8330200499448 0.154331211787548 -0.155800717042331
46.1000000000004 32.2101765930087 115.399946262795 89.5938056038833 16.8624198493673 0.154579734942051 -0.156320501736142
46.2000000000004 32.2878982518176 115.328475082186 89.589436664303 16.8926430020391 0.154772116367479 -0.156871228093738
46.3000000000004 32.3656417108587 115.257316028562 89.585379044838 16.9236908720977 0.1549103083292 -0.157449471103491
46.4000000000004 32.4434088466999 115.186480295256 89.5816229805576 16.955564345162 0.154996303228181 -0.158052037039461
46.5000000000004 32.5212014311731 115.115979039468 89.5781584750384 16.9882638303683 0.155032128751734 -0.158675944832214
46.6000000000004 32.5990211215129 115.045823376289 89.5749753107086 17.0217892624067 0.155019842947689 -0.159318409662453
46.7000000000004 32.6768694509262 114.976024372745 89.5720630591919 17.0561401035575 0.154961529264087 -0.159976828533431
46.8000000000004 32.7547478195957 114.906593041826 89.5694110916519 17.0913153457269 0.154859291593746 -0.160648767580693
46.9000000000004 32.8326574861158 114.837540336527 89.5670085891356 17.1273135124834 0.154715249364121 -0.161331950928516
47.0000000000004 32.9105995593616 114.768877143879 89.5648445529179 17.1641326610941 0.154531532709059 -0.162024250918394
47.1000000000004 32.9885749907828 114.700614279013 89.5629078148422 17.2017703846068 0.154310446855599 -0.162736644311449
47.2000000000004 33.066584567076 114.632762479959 89.5611870475653 17.2402238151252 0.154054980177504 -0.163477386804051
47.3000000000004 33.1446289032762 114.565332404308 89.5596707745631 17.2794896301146 0.153768299883657 -0.164240421487248
47.4000000000004 33.2227084365306 114.498334626602 89.5583473800403 17.3195640599002 0.153453575917015 -0.165019737408318
47.5000000000004 33.3008234206428 114.431779635762 89.5572051188369 17.360442895212 0.153113972583361 -0.165809352519973
47.6000000000004 33.3789739213814 114.365677832507 89.556232126335 17.4021214947292 0.152752640386222 -0.166603300010212
47.7000000000004 33.4571598125391 114.300039526779 89.5554164283648 17.4445947926249 0.15237270809167 -0.167395617966619
47.8000000000004 33.5353807727284 114.234874935166 89.5547459511115 17.4878573061108 0.151977275042034 -0.168180342342247
47.9000000000004 33.6136362828965 114.170194178324 89.5542085310214 17.5319031429816 0.151569403735098 -0.168951503205546
48.0000000000004 33.6919256245409 114.1060072784 89.5537919247087 17.5767260091595 0.151152112680049 -0.169703124257778
48.1000000000004 33.7702478786248 114.042324156452 89.5534838189063 17.6223192162702 0.150728463124024 -0.170394583100733
48.2000000000004 33.8486019256699 113.979154629816 89.5532718415695 17.6686756900198 0.150301808416088 -0.170983290029708
48.3000000000004 33.9269864478622 113.916508409317 89.5531435759073 17.7157879806077 0.149875462101163 -0.171460382751776
48.4000000000004 34.005399932445 113.854395096434 89.5530865755667 17.7636482739422 0.149452589226409 -0.17181712468911
48.5000000000004 34.0838406758828 113.792824180455 89.553088379861 17.8122484028859 0.149036197815576 -0.172044950766813
48.6000000000004 34.1623067887343 113.731805035636 89.5531365289987 17.8615798585016 0.148629130909895 -0.172135515687699
48.7000000000004 34.2407962011848 113.671346918355 89.5532185793118 17.911633801298 0.148234059199118 -0.172080743781426
48.8000000000004 34.3193066691939 113.611458964276 89.5533221184846 17.9624010724759 0.147853474261918 -0.171872879418189
48.9000000000004 34.3978357812094 113.552150185499 89.5534347807821 18.0138722051736 0.14748968243825 -0.171504536896294
49.0000000000004 34.4763809653991 113.493429467725 89.5535442622786 18.0660374357131 0.147144799354809 -0.170968748637742
49.1000000000004 34.5549394973839 113.435305567426 89.5536383360866 18.1188867149116 0.146820947783874 -0.170257171841196
49.2000000000004 34.6335085091801 113.377787109559 89.5537048675858 18.1724097211124 0.146520844358816 -0.169358219610733
49.3000000000004 34.7120850006486 113.320882586609 89.5537318296549 18.2265958775764 0.146247155474704 -0.168260915365612
49.4000000000004 34.7906658524204 113.264600358167 89.5537073179041 18.281434371593 0.146002282095193 -0.166955032769657
49.5000000000004 34.8692478395442 113.20894865053 89.5536195659076 18.3369141736569 0.145788352186818 -0.165431168269296
49.6000000000004 34.9478276457714 113.153935556296 89.5534569604358 18.3930240566445 0.14560721419814 -0.16368080519166
49.7000000000004 35.0264018784191 113.099569033958 89.553208056688 18.4497526149907 0.145460431642328 -0.161696367118966
49.8000000000004 35.1049670837566 113.045856907509 89.5528615935249 18.5070882838655 0.145349278838894 -0.159471258447402
49.9000000000004 35.1835197628574 112.992806866032 89.5524065087008 18.5650193583506 0.145274737863534 -0.156999890377367
50.0000000000004 35.262056387862 112.940426463301 89.5518319540964 18.6235340126161 0.145237496747883 -0.154277690943243
50.1000000000004 35.3405734185891 112.888723117354 89.5511273109479 18.6826203190679 0.145237836107972 -0.151308632227317
50.2000000000004 35.4190673192399 112.837704109496 89.5502822049991 18.7422662667296 0.145275298341113 -0.148099542627128
50.3000000000004 35.4975345747466 112.787376581838 89.5492865214551 18.802459777683 0.145349041518845 -0.144651434011409
50.4000000000004 35.5759717069086 112.737747534267 89.5481304198586 18.8631887227432 0.145457959439134 -0.140965968135805
50.5000000000004 35.6543752904353 112.688823821391 89.5468043489632 18.9244409371048 0.145600688224366 -0.137045360736933
50.6000000000004 35.7327419688596 112.640612149481 89.5452990616068 18.9862042359874 0.145775613901632 -0.132892275558316
50.7000000000005 35.8110684702755 112.593119073419 89.5436056295846 19.0484664302813 0.145980880924616 -0.128509710341317
50.8000000000005 35.8893516228599 112.546350993646 89.5417154585224 19.1112153421939 0.146214401597158 -0.123900876861615
50.9000000000005 35.9675883701353 112.5003141531 89.5396203027499 19.1744388208951 0.146473866359553 -0.119069077146552
51.0000000000005 36.0457757859352 112.455014634168 89.537312280174 19.2381247581634 0.146756754900382 -0.114017577920666
51.1000000000005 36.1239110890604 112.410458355601 89.5347838871209 19.3022611040472 0.147060328024356 -0.108777088322017
51.2000000000005 36.2019916583056 112.366651068768 89.5320280123705 19.3668358829343 0.14738157223257 -0.103378209005295
51.3000000000005 36.2800150489483 112.323598352203 89.5290379491405 19.4318372106563 0.147717258576889 -0.097823605792583
51.4000000000005 36.3579790095131 112.281305605489 89.5258074062629 19.4972533120009 0.148063973289771 -0.0921154149966271
51.5000000000005 36.4358814980622 112.239778043117 89.522330519329 19.5630725382404 0.148418130985993 -0.0862551469724084
51.6000000000005 36.5137206979497 112.199020688333 89.5186018618349 19.6292833846588 0.148775988588991 -0.0802435958814731
51.7000000000005 36.591495033013 112.159038367003 89.5146164563266 19.6958745080805 0.149133660022024 -0.0740807558707089
51.8000000000005 36.6692031821718 112.119835701466 89.5103697855453 19.7628347443982 0.149487131715989 -0.0677657436438009
51.9000000000005 36.7468440934101 112.081417104386 89.5058578035728 19.8301531261007 0.149832278999146 -0.0612967272233452
52.0000000000005 36.8244169971166 112.043786772615 89.5010769469767 19.897818899801 0.150164883445253 -0.0546708605533908
52.1000000000005 36.9019214186739 112.006948681064 89.4960241458038 19.965821543662 0.150480743540904 -0.0480206074790637
52.2000000000005 36.9793571880439 111.970906577114 89.4906968306328 20.034150782161 0.150776027783287 -0.0414775066091364
52.3000000000005 37.0567244428067 111.935663976382 89.4850929296196 20.1027965940992 0.151047107805905 -0.0350361411995218
52.4000000000005 37.1340236283134 111.901224159021 89.4792108616028 20.1717492179505 0.151290480589372 -0.0286906426455921
52.5000000000005 37.2112554972288 111.867590166034 89.4730495290562 20.240999157107 0.15150276826766 -0.0224347597957966
52.6000000000005 37.2884211085757 111.834764795597 89.4666083110416 20.3105371851253 0.151680718562621 -0.0162619182650949
52.7000000000005 37.3655218263018 111.802750599376 89.4598870561625 20.3803543509731 0.151821205853618 -0.0101652704574856
52.8000000000005 37.4425593173917 111.771549878845 89.4528860755165 20.4504419842746 0.151921232881887 -0.00413773703460544
52.9000000000005 37.5195355495452 111.741164681609 89.4456061356485 20.5207917005567 0.151977933079976 0.00182795942394486
53.0000000000005 37.5964527884436 111.711596797718 89.4380484515038 20.5913954064957 0.151988573512265 0.007739267841221
53.1000000000005 37.6733135946547 111.682847755926 89.4302146793791 20.6622453051676 0.151950375010975 0.0135899066728892
53.2000000000005 37.7501208208679 111.654918818367 89.4221069098344 20.7333339014288 0.151859954096944 0.0193738800354329
53.3000000000005 37.826877610441 111.627810971195 89.4137276605019 20.8046540076253 0.151713858251716 0.0250995449576744
53.4000000000005 37.9035873960078 111.601524913647 89.4050798688552 20.87619874943 0.151508754632041 0.0307757433231121
53.5000000000005 37.9802538974432 111.576061047041 89.3961668849766 20.9479615716865 0.15124143926928 0.036411808960004
53.6000000000005 38.0568811191788 111.551419463778 89.3869924643251 21.019936244252 0.150908846973649 0.0420175832529914
53.7000000000005 38.1334733468924 111.527599936335 89.3775607605038 21.0921168678401 0.150508061921328 0.0476034391817418
53.8000000000005 38.2100351435967 111.504601906271 89.3678763180272 21.1644978798643 0.150036328897052 0.0531803137711907
53.9000000000005 38.2865713451558 111.482424473219 89.3579440650889 21.2370740602811 0.149491065164844 0.0587597489563603
54.0000000000005 38.3630870552593 111.46106638389 89.3477693063292 21.3098405374326 0.148869872941913 0.0643539409578035
54.1000000000005 38.4395876397717 111.440526021117 89.337357715428 21.3827927937569 0.148170767666615 0.0698099559879325
54.2000000000005 38.5160787176158 111.420801394107 89.3267153231511 21.4559266680267 0.147392841589785 0.0749688840388775
54.3000000000005 38.5925661437542 111.401890131763 89.3158484938576 21.5292383487805 0.146535626042095 0.0798338433914639
54.4000000000005 38.669055989138 111.383789477212 89.3047638974611 21.6027243642826 0.145598862737234 0.0844071326118581
54.5000000000005 38.745554520601 111.366496282378 89.2934684812159 21.6763815723499 0.14458248806948 0.0886902697073668
54.6000000000005 38.8220681808527 111.350007002556 89.2819694415034 21.7502071501788 0.143486617767162 0.0926840298501985
54.7000000000005 38.8986035686028 111.334317690991 89.2702741956182 21.824198584172 0.14231153188219 0.0963884800418061
54.8000000000005 38.9751674188518 111.319423993448 89.2583903535548 21.8983536597654 0.1410576601123 0.0998030091689167
54.9000000000005 39.0517665833753 111.305321142789 89.2463256897935 21.9726704512549 0.139725567472463 0.102926351878681
55.0000000000005 39.1284080114308 111.292003953545 89.2340881150872 22.0471473116233 0.138315940344808 0.105756604704682
55.1000000000005 39.2050987306693 111.279466816521 89.2216856482621 22.1217828623294 0.136829626041249 0.108302685490026
55.2000000000005 39.2818458272001 111.267703694088 89.2091263884123 22.1965759821238 0.135267787912295 0.110572675506662
55.3000000000005 39.3586564231472 111.256708117245 89.1964184880884 22.2715257933909 0.13363174662817 0.112562431554838
55.4000000000005 39.4355376535057 111.246473183364 89.1835701268797 22.3466316475179 0.131922911971898 0.114267111302857
55.5000000000005 39.5124966434161 111.236991553976 89.1705894850112 22.4218931102253 0.130142765650954 0.115681138401536
55.6000000000005 39.5895404859229 111.228255452545 89.1574847169397 22.4973099468985 0.128292844641201 0.116798149331789
55.7000000000005 39.6666762202374 111.220256662248 89.1442639249516 22.5728821079185 0.126374725179833 0.117610918815832
55.8000000000005 39.7439108105246 111.212986523754 89.1309351327589 22.6486097139931 0.124390007529355 0.118111260062228
55.9000000000005 39.8212511252297 111.206435933002 89.1175062590965 22.7244930414877 0.122340301640715 0.118289895339872
56.0000000000005 39.8987039169615 111.200595338979 89.1039850913187 22.8005325077564 0.120227213849066 0.118136291432639
56.1000000000005 39.9762758028823 111.195454741496 89.0903792589392 22.8767286563998 0.118052286790016 0.117563335808499
56.2000000000005 40.0539732440672 111.191003688834 89.0766962056759 22.9530821406051 0.115816831261135 0.11647736448405
56.3000000000005 40.1318025213571 111.187231275076 89.0629431577054 23.0295937016231 0.113522035109112 0.114854576922362
56.4000000000005 40.2097697101842 111.184126137311 89.0491270904236 23.1062641453282 0.111168996248816 0.112667485903715
56.5000000000005 40.2878806559324 111.181676452836 89.0352546951476 23.183094318704 0.108758713591037 0.109884142170038
56.6000000000005 40.3661409499026 111.179869936355 89.0213323458194 23.2600850863303 0.106292080971856 0.106467167241389
56.7000000000005 40.4445559058961 111.178693837178 89.0073660657084 23.337237306869 0.103769884387145 0.102372547015704
56.8000000000005 40.5231305374285 111.178134936427 88.9933614941142 23.4145518095503 0.101192802907833 0.0975481249141758
56.9000000000005 40.6018695355893 111.178179544228 88.9793238530692 23.4920293706593 0.0985614137615436 0.0919317146371467
57.0000000000005 40.6807772475641 111.17881349692 88.9652579140421 23.5696706900219 0.0958762022152044 0.0854487275438797
57.1000000000005 40.7598576558153 111.180022154373 88.9511679648111 23.6474763674948 0.0931379454741561 0.078217095120383
57.2000000000005 40.8391143573444 111.181790400582 88.9370577807831 23.7254468795446 0.0903488432708848 0.070355039640948
57.3000000000005 40.9185505422676 111.184102652533 88.9229306075967 23.8035825560556 0.0875114333586276 0.0617654993765624
57.4000000000005 40.9981689729705 111.186942872336 88.9087891481702 23.8818835572265 0.0846282293869301 0.0523325662890879
57.5000000000005 41.0779719645167 111.190294579482 88.8946355499212 23.9603498504709 0.0817017319390748 0.0419168720924077
57.6000000000005 41.1579613663278 111.1941408631 88.8804713919849 24.0389811873181 0.0787344484882293 0.0303496571711266
57.7000000000006 41.2381385451265 111.198464394214 88.8662976724343 24.1177770803135 0.0757289246246543 0.0174250917008023
57.8000000000006 41.3185043691302 111.203247437999 88.8521147954985 24.1967367799188 0.0726877897670114 0.00289026297231103
57.9000000000006 41.3990591934843 111.20847186604 88.8379225587821 24.275859251413 0.0696138218068983 -0.0135679708549538
58.0000000000006 41.4798028469251 111.214119168588 88.8237201404846 24.3551431517926 0.0665100369136652 -0.0323403525733165
58.1000000000006 41.5607346196555 111.220170466812 88.8095060866737 24.4345868066768 0.063379796603988 -0.053829647731693
58.2000000000006 41.6418532522866 111.226606524895 88.795278299982 24.5141881873315 0.0602269197343341 -0.0785508237038124
58.3000000000006 41.7231569256138 111.233407761749 88.7810340319129 24.5939448879963 0.0570559422104911 -0.107264477920588
58.4000000000006 41.8046432514407 111.240554262567 88.7667698765694 24.6738541033295 0.0538724301677052 -0.140948975878452
58.5000000000006 41.8863092645877 111.248025790377 88.7524817644377 24.7539126058587 0.0506833975834887 -0.180870523404379
58.6000000000006 41.9681514160911 111.255801797592 88.73816495617 24.8341167234309 0.0474978972955979 -0.228674219123427
58.7000000000006 42.050165567598 111.263861437565 88.7238140363685 24.9144623166625 0.0443278644604633 -0.286497035614259
58.8000000000006 42.1323469869625 111.272183576136 88.709422907368 24.9949447563898 0.0411893287205789 -0.357094010115624
58.9000000000006 42.214690345059 111.280746803185 88.6949847830199 25.0755589011191 0.0381041618091879 -0.443942186885867
59.0000000000006 42.297189713828 111.289529444185 88.680492182475 25.1562990744765 0.035102585161564 -0.551220853424194
59.1000000000006 42.3798385655926 111.298509571871 88.6659369241646 25.2371590426949 0.0322268403124652 -0.682828023426605
59.2000000000006 42.4626297740249 111.307665021011 88.6513101249063 25.3181319930436 0.0295358709975214 -0.841382933389242
59.3000000000006 42.5455556173605 111.316973411061 88.6366022120231 25.3992105146521 0.0271092744454859 -1.02586640028944
59.4000000000006 42.6286077833274 111.326412171906 88.6218029405879 25.4803865802779 0.0250508056077182 -1.22563149119889
59.5000000000006 42.7117773754016 111.335958569739 88.606901410865 25.5616515281098 0.0234866141969624 -1.41365018295102
59.6000000000006 42.7950549203239 111.345589732924 88.5918860857526 25.6429960435719 0.022551020967077 -1.5456601232215
59.7000000000006 42.87843037683 111.355282677868 88.5767448082233 25.7244101411269 0.0223557460624016 -1.5766356290152
59.8000000000006 42.9618931455494 111.365014334892 88.5614648187674 25.8058831460801 0.0229529119095331 -1.49125995794739
59.9000000000006 43.0454320800333 111.3747615741 88.5460327728333 25.8874036763826 0.0243172186062672 -1.31757859558667
60.0000000000006 43.1290354988779 111.384501231248 88.5304347582702 25.9689596244357 0.0263621770844643 -1.10564621871054
60.1000000000006 43.2126911990904 111.394210133611 88.5146563129164 26.0505381391021 0.0289751937064627 -0.897628101629154
60.2000000000006 43.2963864750466 111.403865125776 88.4986824460064 26.1321256131383 0.0320461682123483 -0.715815178922757
60.3000000000006 43.380108149934 111.413443095255 88.4824976692723 26.2137076843837 0.0354828551560908 -0.566326169988066
60.4000000000006 43.4638426125172 111.42292099801 88.4660860318634 26.2952692423692 0.0392140855683395 -0.447057275597943
60.5000000000006 43.5475758547622 111.432275883993 88.4494311554128 26.376794435135 0.0431871241097458 -0.353055134290188
60.6000000000006 43.6312935100782 111.441484922676 88.4325162691039 26.4582666760475 0.0473636172065967 -0.279121722022872
60.7000000000006 43.7149808921176 111.450525428578 88.4153242447372 26.5396686506171 0.0517158850325824 -0.220767613367797
60.8000000000006 43.7986230340714 111.459374886803 88.3978376317965 26.6209823233149 0.0562240206912286 -0.174409290504164
60.9000000000006 43.882204728401 111.468010978567 88.3800386925161 26.7021889443907 0.0608737626890243 -0.13728515397144
61.0000000000006 43.9657105669486 111.476411606732 88.3619094369468 26.78326905669 0.0656549750224168 -0.107297839780139
61.1000000000006 44.0491249813467 111.484554921416 88.3434316580683 26.8642025024529 0.0705603611100563 -0.0827988172598633
61.2000000000006 44.1324322831538 111.492419347648 88.3245869680814 26.9449684296359 0.0755840831197041 -0.0625472396454537
61.3000000000006 44.2156167027365 111.499983618207 88.3053568376969 27.0255452970211 0.0807218575634658 -0.0456527153854375
61.4000000000006 44.2986624274958 111.507226808516 88.2857226366047 27.1059108788482 0.0859707705868988 -0.0314291674395645
61.5000000000006 44.3815536398088 111.514128371601 88.2656656739886 27.1860422694284 0.0913289865270121 -0.0193441201602902
61.6000000000006 44.4642745545976 111.520668173062 88.2451672390407 27.2659158877578 0.0967955302684599 -0.00898108134101557
61.7000000000006 44.5468094564154 111.526826526033 88.2242086414761 27.3455074821311 0.102370122629417 -1.16568416380151e-005
61.8000000000006 44.6291427359439 111.532584226154 88.2027712520477 27.4247921347553 0.108053054304981 0.00782517897890162
61.9000000000006 44.7112589257929 111.537922586531 88.1808365430602 27.5037442663632 0.113845088217825 0.0147385689949446
62.0000000000006 44.7931427354963 111.542823472705 88.1583861288858 27.5823376408273 0.119747383118545 0.0208974122771281
62.1000000000006 44.87477908584 111.547269337539 88.1354018065034 27.6605453700357 0.125761119096829 0.0263306338195222
62.2000000000006 44.95615314841 111.551243254085 88.1118655967174 27.7383399255993 0.131886374650588 0.0310646378170516
62.3000000000006 45.0372503997876 111.554728943315 88.0877597870915 27.8156931678965 0.138122784110371 0.0352210925939716
62.4000000000006 45.1180566805615 111.557710799834 88.0630669755615 27.8925763819484 0.14446975339984 0.0389006775976683
62.5000000000006 45.1985582529559 111.560173917516 88.0377701140721 27.9689603135573 0.150926395361864 0.0421872182535686
62.6000000000006 45.2787418566332 111.562104115134 88.0118525522155 28.0448152054447 0.157491466692917 0.0451509379173836
62.7000000000006 45.3585947624549 111.563487962 87.9852980808689 28.1201108333889 0.164163306140355 0.047851032421055
62.8000000000006 45.4381048239663 111.56431280359 87.9580909758321 28.1948165423637 0.170939773907569 0.0503377214119752
62.9000000000006 45.5172605263557 111.564566787186 87.9302160414652 28.2689012826759 0.177818192468765 0.0526538929971526
63.0000000000006 45.5960510326173 111.564238887506 87.9016586543271 28.3423336461038 0.184795289229665 0.0548364303024554
63.1000000000006 45.674466226709 111.563318932224 87.8724048066462 28.4150819020456 0.19186764051079 0.0569088592402433
63.2000000000006 45.7524967553109 111.561797624486 87.8424411454715 28.4871140339429 0.199033093048315 0.0588889101038635
63.3000000000006 45.8301340714386 111.559666557806 87.8117550008555 28.5583977764017 0.206289169873414 0.0607985120508208
63.4000000000006 45.9073704774602 111.556918227964 87.7803344097149 28.6289006525883 0.213632500927284 0.0626568188169185
63.5000000000006 45.9841991656026 111.553546044779 87.7481681395267 28.6985900116356 0.221058758282289 0.0644806886459465
63.6000000000006 46.0606142556289 111.549544343899 87.7152457120234 28.7674330660499 0.228562593269043 0.0662850755998615
63.7000000000006 46.1366108294162 111.544908398569 87.6815574268884 28.8353969291167 0.236137576849254 0.0680833505273602
63.8000000000006 46.2121849621432 111.539634431419 87.6470943854515 28.9024486523076 0.243776144798947 0.0698875658663491
63.9000000000006 46.2873337497807 111.53371962624 87.6118485143841 28.9685552626864 0.251469549491187 0.0717086753521653
64.0000000000006 46.3620553325562 111.527162139764 87.5758125893949 29.033683800316 0.259207820280183 0.0735567173441584
64.1000000000006 46.4363489141875 111.519961113418 87.5389802588729 29.0978013557863 0.266979555468469 0.0754315820910673
64.2000000000006 46.5102147798711 111.512116684441 87.5013460661773 29.1608751109256 0.274771260672242 0.0773335311023136
64.3000000000006 46.5836543179635 111.503629995368 87.4629054684912 29.2228723875862 0.282567683236758 0.0792721484966892
64.4000000000006 46.6566700395266 111.494503202878 87.4236548543202 29.2837606996125 0.290351954124448 0.0812565537678346
64.5000000000006 46.7292655919087 111.484739486616 87.3835915609411 29.3435078049317 0.298105598062275 0.0832955097070376
64.6000000000006 46.8014457657406 111.474343058014 87.3427138918489 29.4020817576439 0.305808569002759 0.0853975204102763
64.7000000000006 46.8732164948598 111.463319169114 87.3010211342045 29.4594509601121 0.313439314222042 0.0875709219405898
64.8000000000006 46.9445848486817 111.45167412139 87.2585135762825 29.5155842150531 0.320974870168224 0.089823967863964
64.9000000000006 47.0155590165556 111.439415274569 87.2151925249184 29.5704507776273 0.328390992795631 0.0921649116077298
65.0000000000006 47.0861482836672 111.426551055452 87.1710603229565 29.6240204075295 0.335662324581028 0.0946020873408913
65.1000000000006 47.1563629982818 111.413090966444 87.1261203663476 29.67626342096 0.342764079224997 0.0970948457063503
65.2000000000006 47.2262145350812 111.399045586446 87.0803771121495 29.727150739511 0.349676602675194 0.0995963075255406
65.3000000000006 47.2957152643018 111.384426552358 87.0338360634368 29.7766539312188 0.356380926677391 0.10210540313855
65.4000000000006 47.3648785215115 111.369246532957 86.9865037451118 29.8247452485308 0.362857405789745 0.104620892272611
65.5000000000006 47.4337185736405 111.353519202465 86.9383876793681 29.8713976661538 0.369085876001902 0.107141431952479
65.6000000000005 47.5022505809686 111.337259214132 86.8894963611518 29.9165849189018 0.375045832467896 0.109665646290721
65.7000000000005 47.5704905549705 111.320482173813 86.8398392336242 29.9602815395446 0.380716625171874 0.112192198729541
65.8000000000005 47.6384553119462 111.303204613539 86.7894266636241 30.0024628966557 0.386077670727091 0.114719867060913
65.9000000000005 47.706162422389 111.2854439651 86.7382699171297 30.0431052324604 0.39110867786895 0.117247621343698
66.0000000000005 47.7736301560773 111.26721853362 86.6863811347214 30.0821857006842 0.39578988357363 0.119774704643146
66.1000000000005 47.8408774229055 111.24854747115 86.6337733070229 30.1196824043655 0.40010245251191 0.122314082462281
66.2000000000005 47.9079237093303 111.229450750738 86.5804602496064 30.1555744327525 0.404029212384081 0.124878361595614
66.3000000000005 47.9747890104187 111.209949141685 86.5264565765348 30.1898418958738 0.407554458568047 0.127466899802442
66.4000000000005 48.0414937582616 111.190064185286 86.4717776733678 30.2224659581936 0.410664026659997 0.130079644743856
66.5000000000005 48.1080587472408 111.169818170576 86.4164396701467 30.2534288722309 0.413345502054765 0.132717209645983
66.6000000000005 48.1745050564222 111.149234110084 86.36045941438 30.2827140121789 0.41558841114119 0.135380950692703
66.7000000000005 48.2408539693752 111.128335715583 86.3038544440277 30.3103059075248 0.417384389671642 0.138073045390054
66.8000000000005 48.3071268917532 111.107147373844 86.2466429604874 30.3361902766688 0.418727324304945 0.140796571257183
66.9000000000005 48.3733452669971 111.085694122385 86.1888438015786 30.3603540605443 0.419613463928734 0.143555584301823
67.0000000000005 48.4395304905515 111.064001625222 86.1304764145282 30.3827854562366 0.42004149811347 0.146355196940144
67.1000000000005 48.5057038231989 111.042096148458 86.0715608287666 30.4034739505211 0.420013269491126 0.149156685240505
67.2000000000005 48.5718863090099 111.020004531539 86.0121176238001 30.422410351271 0.419535525084836 0.151918579593711
67.3000000000005 48.638098707192 110.997754147535 85.9521678845901 30.4395868134597 0.418617391138005 0.154643674385815
67.4000000000004 48.7043614312731 110.97537285909 85.8917331520073 30.4549968630331 0.417269517590492 0.157336112438108
67.5000000000004 48.7706944909821 110.952888974214 85.830835373099 30.4686354207013 0.415503937879784 0.160001464524347
67.6000000000004 48.8371174366631 110.930331202066 85.7694968513541 30.4804988257283 0.41333391737305 0.162646806313096
67.7000000000004 48.9036493062245 110.907728608743 85.7077401969705 30.4905848597237 0.410773793867596 0.165280794342634
67.8000000000004 48.9703085745925 110.885110573066 85.6455882771201 30.4988927704328 0.407838813550483 0.167913743091572
67.9000000000004 49.0371131056119 110.862506742366 85.5830641662156 30.5054232955278 0.40454496566262 0.170557705624768
68.0000000000004 49.104080106315 110.839946988274 85.5201910961766 30.5101786863987 0.400908818896421 0.173226560795435
68.1000000000004 49.1712260833472 110.817461362544 85.456992406778 30.5131627315468 0.396949043665933 0.175918665311537
68.2000000000004 49.2385667990372 110.795080053925 85.3934914981446 30.5143807696666 0.392691333573086 0.178621867766539
68.3000000000004 49.3061172250845 110.772833347667 85.3297117886902 30.5138396765465 0.388163193197955 0.181336297019694
68.4000000000004 49.3738915008929 110.750751586073 85.2656766752047 30.5115478416576 0.383391976260316 0.184062862129698
68.5000000000004 49.4419028995899 110.728865129091 85.2014094930207 30.5075151443452 0.378404613889225 0.186803254106168
68.6000000000004 49.5101638015223 110.7072043149 85.1369334761825 30.5017529300208 0.373227370868808 0.189559952042171
68.7000000000004 49.5786856748443 110.685799420507 85.0722717176139 30.4942739863535 0.367885631857054 0.192336234803216
68.8000000000004 49.6474790627719 110.664680622331 85.0074471292861 30.4850925194617 0.362403718565156 0.195136199435389
68.9000000000004 49.7165535770423 110.643877956797 84.9424824023862 30.4742241301051 0.356804737985794 0.197964787444316
69.0000000000004 49.7859178970928 110.623421280926 84.8773999674849 30.4616857898761 0.351110460986788 0.200827820058074
69.1000000000004 49.8555797744276 110.603340232907 84.8122219547144 30.4474958175177 0.345340709550586 0.203737048368768
69.2000000000003 49.9255460408473 110.583664192156 84.7469701541999 30.4316738585139 0.33951179105552 0.206710310820892
69.3000000000003 49.9958226181864 110.564422238097 84.6816659771343 30.41424087299 0.33363813880621 0.209764423217236
69.4000000000003 50.0664145294813 110.545643108426 84.616330417106 30.3952191268854 0.327732855692525 0.212917876609066
69.5000000000003 50.1373259117562 110.527355157359 84.5509840114377 30.3746321832527 0.32180773954028 0.216190986672733
69.6000000000003 50.208560030102 110.509586313882 84.4856468025236 30.3525048935567 0.315873322024301 0.219606067137212
69.7000000000003 50.2801192927265 110.492364039996 84.4203382991679 30.328863388973 0.309938919216801 0.223187630417976
69.8000000000003 50.3520052666777 110.475715288967 84.3550774379224 30.3037350716877 0.304012692008368 0.22696261904298
69.9000000000003 50.4242186939747 110.459666463575 84.2898825444247 30.2771486061956 0.298101714832375 0.230960671933477
70.0000000000003 50.4967595079089 110.44424337436 84.2247712947365 30.2491339105996 0.292212051346537 0.235214430126337
70.1000000000003 50.5696268492657 110.429471197982 84.1597606768703 30.2197221475427 0.286350307215319 0.239696915999909
70.2000000000003 50.6428190814597 110.415374438484 84.0948669572494 30.1889457055952 0.28052803815127 0.244361368445153
70.3000000000003 50.7163338046337 110.401976895925 84.0301056596838 30.156838156415 0.274757221569063 0.249213518287729
70.4000000000003 50.7901678724838 110.389301637916 83.9654915492788 30.1234342023637 0.2690487681818 0.254259528337463
70.5000000000003 50.8643174129846 110.377370971267 83.9010386165321 30.0887696237546 0.263412533243079 0.259506030172931
70.6000000000003 50.9387778526755 110.366206413635 83.836760061432 30.052881226102 0.257857336635814 0.264960174585822
70.7000000000003 51.0135439441282 110.35582866517 83.7726682775545 30.0158067873696 0.252390990254347 0.270629697234962
70.8000000000003 51.0886097962313 110.346257580165 83.7087748361615 29.9775850052193 0.247020331274736 0.276523001117299
70.9000000000002 51.1639689069418 110.337512138701 83.645090470298 29.93825544426 0.241751260077627 0.28264925748799
71.0000000000002 51.2396141981743 110.329610418298 83.5816250588899 29.897858483296 0.236588781765709 0.28901852682651
71.1000000000002 51.315538052317 110.322569565751 83.5183876110325 29.8564352626127 0.231537517602194 0.295685949682962
71.2000000000002 51.3917323452634 110.316405774006 83.4553862552319 29.8140276322119 0.226603346886008 0.30269874092492
71.3000000000002 51.4681884685474 110.3111342718 83.392628241223 29.7706781024594 0.221792369396609 0.310054308348417
71.4000000000002 51.5448973490662 110.306769318331 83.3301199467399 29.7264297956842 0.217110487032648 0.317747745406668
71.5000000000002 51.6218494712835 110.30332419813 83.2678668844784 29.6813263978119 0.212563402906523 0.325771445753486
71.6000000000002 51.6990349019272 110.30081121592 83.2058737090568 29.6354121100008 0.208156620812218 0.334114704792671
71.7000000000002 51.7764433169945 110.299241691486 83.1441442239781 29.5887316002757 0.203895444078401 0.342763318638372
71.8000000000002 51.8540640308865 110.298625954538 83.0826813885915 29.5413299551633 0.199784972875771 0.351699194107576
71.9000000000002 51.9318860274935 110.298973339581 83.0214873250542 29.4932526313264 0.195830099115803 0.360899986868098
72.0000000000002 52.0098979930578 110.300292180776 82.9605633252927 29.4445454071992 0.192035498171458 0.370338788389365
72.1000000000002 52.0880883506512 110.302589806807 82.8999098579949 29.39525433458 0.1884056994272 0.379954220594787
72.2000000000002 52.1664452961939 110.305872535711 82.8395265763769 29.3454256891361 0.184945278557153 0.389675227634701
72.3000000000002 52.244956836067 110.310145669621 82.7794123279206 29.2951059181473 0.18165851432382 0.39945314734839
72.4000000000002 52.3236108261103 110.315413489477 82.7195651648863 29.2443415871615 0.178549258845923 0.409234764318483
72.5000000000002 52.4023950117544 110.321679249732 82.6599823548562 29.1931793266079 0.175620895192555 0.418962908674801
72.6000000000002 52.481297069095 110.32894517306 82.6006603912766 29.141665778411 0.172876291016417 0.428577295081582
72.7000000000001 52.5603046467226 110.337212445067 82.5415950040013 29.089847542604 0.17031774916217 0.43801560632919
72.8000000000001 52.6394054081274 110.346481208996 82.4827811698342 29.0377711239424 0.16794695650684 0.44721481134772
72.9000000000001 52.7185870745034 110.356750560436 82.4242131230723 28.9854828785179 0.165764932593325 0.456112690481147
73.0000000000001 52.7978374677772 110.368018542031 82.3658843660486 28.9330289603716 0.163771979858418 0.464649522844863
73.1000000000001 52.877144553527 110.38028213846 82.3077876798696 28.8804552682073 0.161968598140964 0.472771145140773
73.2000000000001 52.9564964795869 110.393537278518 82.2499151402152 28.8278073946947 0.160358449025011 0.480382503865686
73.3000000000001 53.0358816044504 110.407778855227 82.1922581459884 28.7751305823465 0.158945600972608 0.487366264704627
73.4000000000001 53.1152885230511 110.42300075304 82.1348074530272 28.7224696819849 0.157733456061967 0.49360877470711
73.5000000000001 53.1947060941146 110.439195875324 82.0775532080115 28.6698691113081 0.156724605189978 0.499003535410137
73.6000000000001 53.2741234690554 110.456356171841 82.0204849823697 28.6173728134573 0.15592069123204 0.503454720791543
73.7000000000001 53.3535301222069 110.474472666229 81.9635918061854 28.5650242155822 0.155322284016165 0.506880528176939
73.8000000000001 53.4329158821632 110.493535483482 81.9068622021041 28.5128661874085 0.154928770829903 0.509216140598035
73.9000000000001 53.512270964001 110.513533877434 81.8502842192398 28.4609409998033 0.154738265758668 0.510416091910654
74.0000000000001 53.5915860021372 110.534456258237 81.7938454670818 28.4092902833423 0.154747540461892 0.510455862026848
74.1000000000001 53.6708520835236 110.556290219792 81.7375331493395 28.3579549869892 0.154951934737651 0.509434433886137
74.2000000000001 53.7500607798206 110.579022565825 81.6813340961761 28.3069753397128 0.155345368758052 0.50747345949534
74.3000000000001 53.8292041764998 110.60263933254 81.6252347923548 28.2563908195647 0.15592076043536 0.504609544321461
74.4 53.9082749003505 110.627125809913 81.5692214037737 28.206240125693 0.15667012477937 0.500892518137985
74.5 53.9872661462903 110.652466562939 81.5132798039384 28.1565611504713 0.157584600733094 0.496383496594247
74.6 54.0661717033448 110.678645452878 81.4573956004354 28.107390951626 0.158654487969497 0.491152680809662
74.7 54.144985979608 110.705645658501 81.4015541614054 28.0587657243644 0.159869291595718 0.485277030466097
74.8 54.223704025986 110.733449697337 81.3457406420158 28.0107207735025 0.161217772728611 0.478837939241915
74.9 54.3023215585171 110.762039446917 81.2899400109341 27.9632904855934 0.162688003066441 0.471919025185278
75 54.380834979055 110.79139616602 81.2341370768011 27.9165083010547 0.16426742184306 0.464604125764201
75.1 54.4592413940425 110.82150051596 81.1783165147492 27.8704066863535 0.16594311244436 0.456957015709639
75.2 54.5375386299082 110.85233258291 81.1224628941085 27.8250171076691 0.167702521465833 0.449030206775037
75.3 54.6157252430188 110.883871902855 81.0665607091267 27.7803700083082 0.169532861194973 0.440887587545017
75.4 54.6938005262015 110.916097487592 81.0105944108751 27.7364947875968 0.171420932464032 0.432589602561822
75.5 54.7717645129133 110.948987850757 80.9545484392018 27.6934197798306 0.173353165464625 0.424192707047507
75.6 54.8496179788787 110.982521033867 80.8984072546836 27.6511722332245 0.175315662448677 0.415749023775511
75.7 54.9273624409611 111.016674632347 80.8421553705784 27.6097782888616 0.177294242588845 0.407306179271811
75.8 55.0050001530411 111.051425821571 80.7857773847779 27.5692629596438 0.179274489347267 0.398907293339013
75.9 55.0825340986773 111.08675138289 80.7292580117598 27.5296501092404 0.181241800733123 0.390591094906148
76 55.1599679803345 111.122627729669 80.6725821145404 27.4909624310384 0.183181442808928 0.382392138020523
76.1 55.2373062048912 111.159030933282 80.6157347365063 27.4532214274089 0.185079542876509 0.374469594538346
76.1999999999999 55.3145538632269 111.195936748056 80.5587011301223 27.4164473972104 0.186926144935347 0.366945267356975
76.2999999999999 55.3917167012558 111.233320633562 80.5014667777048 27.3806594442026 0.188712751267163 0.359794141140909
76.3999999999999 55.4688010868736 111.271157775855 80.4440174090712 27.345875493697 0.190431416315788 0.352990871993229
76.4999999999999 55.5458139752402 111.309423108675 80.3863390190688 27.3121123095249 0.192074730414479 0.346510208714645
76.5999999999999 55.6227628725766 111.34809133465 80.3284178851034 27.2793855110043 0.193635807763476 0.340327320853355
76.6999999999999 55.6996557985676 111.387136946494 80.2702405846685 27.2477095899081 0.195108278013149 0.334418050183094
76.7999999999999 55.7765012474678 111.426534248211 80.2117940128737 27.2170979274315 0.1964862807876 0.328759099762331
76.8999999999999 55.8533081480105 111.466257376293 80.1530653999738 27.1875628111596 0.19776446248074 0.323328172387837
76.9999999999999 55.930085822223 111.506280320925 80.0940423288978 27.1591154520346 0.198937974670684 0.318104068181446
77.0999999999999 56.0068439432377 111.546576947105 80.0347127527963 27.1317660012204 0.200002069640314 0.313101716469219
77.1999999999999 56.0835924916799 111.587121013721 79.9750650130815 27.1055235642686 0.200950931447327 0.308346263019694
77.2999999999999 56.1603417095577 111.627886187436 79.9150878587157 27.0803962084381 0.201778972560779 0.303832751996324
77.3999999999999 56.2371020520425 111.668846054527 79.8547704659921 27.0563909673174 0.202481268314199 0.299556405283726
77.4999999999999 56.3138841376677 111.709974132648 79.7941024583342 27.0335138453431 0.203053575345426 0.29551273386028
77.5999999999999 56.3906986971254 111.751243882588 79.7330739260949 27.0117698223187 0.203492346935467 0.291697628539994
77.6999999999999 56.4675565208365 111.792628720032 79.6716754463571 26.9911628579322 0.203794744799022 0.288107433085785
77.7999999999999 56.5444684054782 111.834102027323 79.6098981027321 26.9716958962757 0.203958646964755 0.284739002294679
77.8999999999998 56.6214450996541 111.875637165221 79.5477335051599 26.9533708703631 0.203982651483061 0.281589747368766
77.9999999999998 56.6984972489017 111.917207484666 79.485173809708 26.9361887066489 0.20386607580634 0.278657670541679
78.0999999999998 56.7756353402374 111.958786338507 79.4222117382843 26.9201493297835 0.20360980069374 0.275954703179742
78.1999999999998 56.8528696467217 112.00034709248 79.358840596071 26.9052516735272 0.203218799849519 0.273474941103899
78.2999999999998 56.930210173436 112.041863134263 79.2950542831795 26.8914937072973 0.202699543326722 0.271191066738965
78.3999999999998 57.0076666058878 112.083307881782 79.2308473040268 26.8788724688736 0.202059082435285 0.269076925109986
78.4999999999998 57.0852482610661 112.124654791479 79.166214776626 26.8673840973414 0.201304982216791 0.267107362938848
78.5999999999998 57.1629640412829 112.165877366589 79.1011524418748 26.8570238660339 0.20044525400076 0.265258079112036
78.6999999999998 57.2408223909113 112.206949165409 79.0356566728457 26.8477862154746 0.199488288767403 0.263505486668764
78.7999999999998 57.3188312561055 112.247843809574 78.9697244840755 26.8396647863202 0.198442792025205 0.261826586495101
78.8999999999998 57.3969980475597 112.288534992326 78.9033535408543 26.832652452303 0.197317720873411 0.260198852948244
78.9999999999998 57.4753296063413 112.328996486793 78.8365421685157 26.8267413531735 0.196122223862669 0.258600131755695
79.0999999999998 57.5538321728588 112.369202154222 78.7692893616475 26.8219229276251 0.194865648198846 0.257051177058312
79.1999999999998 57.6325113602494 112.409125951388 78.701594791269 26.818187945754 0.193557688480247 0.255571674503989
79.2999999999998 57.7113721342686 112.448741935872 78.6334588068445 26.8155265403387 0.192208159669503 0.25413811819779
79.3999999999998 57.7904187976254 112.488024270502 78.5648824362614 26.8139282376548 0.190826884228081 0.252726995273514
79.4999999999998 57.8696549774313 112.526947227767 78.4958673857318 26.8133819882719 0.189423644825017 0.251314747205065
79.5999999999998 57.9490836156441 112.565485194224 78.4264160396928 26.8138761978502 0.188008141429256 0.249877751778524
79.6999999999997 58.028706962425 112.603612674908 78.3565314607071 26.8153987579378 0.186589952736497 0.248392327568665
79.7999999999997 58.1085265723189 112.641304297747 78.2862173893638 26.817937076767 0.185178501813894 0.246834762608646
79.8999999999997 58.1885433031573 112.678534817968 78.2154782441794 26.8214781100515 0.183783025788291 0.245181368778033
79.9999999999997 58.2687573175781 112.715279122508 78.1443191214978 26.8260083917833 0.182412549359268 0.243408563060369
80.0999999999997 58.3491680870162 112.751512234483 78.0727457954554 26.8315140649938 0.18107562534631 0.241464464665324
80.1999999999997 58.4297743971792 112.787209319123 78.0007647196001 26.8379809115969 0.179779607563779 0.239302498947097
80.2999999999997 58.510574353305 112.82234569345 77.9283830327114 26.845394379898 0.178531353515581 0.236907618942848
80.3999999999997 58.5915653861399 112.856896837417 77.8556085662758 26.8537396111851 0.177337460329015 0.234265458788416
80.4999999999997 58.6727442593047 112.890838405114 77.782449852026 26.8630014662842 0.176204266919216 0.231362466412579
80.5999999999997 58.7541070779705 112.924146235966 77.7089161294791 26.8731645521142 0.175137858576157 0.228186042731428
80.6999999999997 58.8356492987387 112.956796365934 77.6350173534759 26.8842132482425 0.174144073777436 0.224724684597266
80.7999999999997 58.9173657406256 112.988765038717 77.56076420172 26.8961317334403 0.173228513045933 0.220968128415976
80.8999999999997 58.9992505970571 113.020028716956 77.4861680823162 26.9089040122378 0.17239654969019 0.216907491021691
80.9999999999997 59.0812974487876 113.050564093429 77.4112411413096 26.9225139414799 0.171653342282578 0.212535404210035
81.0999999999997 59.1634992778029 113.080348102279 77.3359962700721 26.9369452568304 0.171003814252843 0.207895346159479
81.1999999999997 59.2458484856044 113.109357930848 77.2604471087212 26.9521815979629 0.170452505653087 0.203033317492317
81.2999999999997 59.3283369212864 113.137571033055 77.1846080394693 26.9682065304155 0.170003583058546 0.197948293351156
81.3999999999997 59.4109559136612 113.164965143384 77.1084941760052 26.9850035661313 0.169660866628721 0.192641073543623
81.4999999999996 59.4936963038651 113.191518290897 77.0321213527234 27.0025561839481 0.169427838248106 0.187114290235622
81.5999999999996 59.5765484782502 113.217208813242 76.9555061139534 27.0208478500885 0.169307650675424 0.181372381310749
81.6999999999996 59.6595024015116 113.242015370669 76.878665703189 27.03986203865 0.169303137674648 0.175421528525225
81.7999999999996 59.742547650006 113.265916960038 76.8016180523172 27.0595822520944 0.169416825096216 0.169269560866648
81.8999999999996 59.8256734452234 113.288892928831 76.7243817708477 27.0799920417383 0.169650942864788 0.162925824808991
81.9999999999996 59.9088686873789 113.310922989166 76.6469761351422 27.1010750282427 0.170007437813378 0.15640102438513
82.0999999999996 59.9921219890635 113.331987231845 76.5694210776605 27.1228149220044 0.17048773379503 0.149740412736191
82.1999999999996 60.075421708091 113.352066141427 76.4917371766618 27.1451955409789 0.171092025812352 0.142992686849906
82.2999999999996 60.1587559779455 113.371140613888 76.4139456470562 27.1682008219846 0.17182012814457 0.136174345054257
82.3999999999996 60.2421127367741 113.389191975305 76.3360683317113 27.1918148294394 0.172671757535731 0.12930136168986
82.4999999999996 60.325479755662 113.406202000577 76.2581276927751 27.2160217639978 0.173646552619005 0.122389013799275
82.5999999999996 60.4088446662307 113.422152932148 76.1801468030003 27.2408059711884 0.174744092769778 0.115451727804381
82.6999999999996 60.4921949875705 113.437027498727 76.102149337067 27.2661519500514 0.175963916290563 0.108502948438998
82.7999999999996 60.5755181525187 113.450808934011 76.0241595629067 27.2920443617763 0.177305537844487 0.101555031310266
82.8999999999996 60.6588015332966 113.463480995404 75.9462023330255 27.3184680383389 0.178768465060836 0.0946191596399272
82.9999999999996 60.7420324665212 113.475027982743 75.8683030758277 27.3454079911389 0.180352214252727 0.0877052849661748
83.0999999999996 60.8251982776874 113.485434757082 75.790487786846 27.3728494195908 0.182056070750673 0.080848855615518
83.1999999999995 60.908286307106 113.494686761213 75.7127830175429 27.4007777184968 0.183878286541675 0.0740846365297578
83.2999999999995 60.9912839402274 113.50277004456 75.6352158579474 27.4291784823309 0.18581676460267 0.0674192266829199
83.3999999999995 61.0741786387905 113.509671289817 75.5578139168631 27.4580375083047 0.187869313179333 0.0608574249451845
83.4999999999995 61.1569579706962 113.515377839639 75.4806053019834 27.4873407993869 0.190033657739559 0.0544022967526823
83.5999999999995 61.2396096384979 113.519877723339 75.4036186000057 27.5170745673231 0.192307451823802 0.0480552577568578
83.6999999999995 61.3221215064775 113.523159683585 75.3268828567464 27.5472252356549 0.194688286882825 0.0418161703037604
83.7999999999995 61.4044816262755 113.525213203096 75.2504275572557 27.5777794427394 0.197173701228681 0.0356834488203907
83.8999999999995 61.4866782610419 113.526028531336 75.1742826059324 27.6087240447687 0.199761188254548 0.0296541705092787
83.9999999999995 61.5686999080688 113.525596711212 75.0984783066386 27.6400461187896 0.202448204107686 0.0237241881753909
84.0999999999995 61.650535319928 113.523909605579 75.0230453427291 27.6717329656597 0.20523258191778 0.0179691070837393
84.1999999999995 61.7321735256038 113.520959918724 74.9480147548636 27.7037721113721 0.208113721702394 0.012460158248245
84.2999999999995 61.8136038544894 113.516741205131 74.8734179131905 27.7361513042347 0.211091296928805 0.00718592596711754
84.3999999999995 61.8948159615573 113.511247873226 74.7992864873129 27.7688585104182 0.214164816714137 0.00213520563927698
84.4999999999995 61.9757998523545 113.504475188928 74.7256524161697 27.8018819094399 0.217333602622495 -0.00270297576347307
84.5999999999995 62.0565459077343 113.496419279207 74.6525478779168 27.8352098896488 0.220596765124616 -0.00733934343318958
84.6999999999995 62.1370449082812 113.487077135633 74.5800052598079 27.8688310437098 0.223953179705516 -0.0117843619828748
84.7999999999995 62.2172880583798 113.476446617934 74.5080571280755 27.9027341640884 0.227401462634379 -0.0160482256827565
84.8999999999995 62.2972670098713 113.464526457544 74.4367361978119 27.9369082385352 0.230939946439153 -0.0201408512190786
84.9999999999994 62.3769738852294 113.451316261162 74.3660753028503 27.9713424455702 0.23456665516193 -0.0240718726262054
85.0999999999994 62.4564013002039 113.436816514382 74.296107365626 28.0060261500065 0.238279045479915 -0.0278782303682198
85.1999999999994 62.5355423862984 113.421028587445 74.2268653665189 28.0409488994817 0.242073263090966 -0.0315963283368674
85.2999999999994 62.6143908134632 113.40395474635 74.1583823118822 28.0761004235489 0.245944795553684 -0.0352348152909449
85.3999999999994 62.692940811735 113.385598166081 74.0906912015516 28.1114706337764 0.249888688209398 -0.0388023709033554
85.4999999999994 62.7711871911189 113.365962943916 74.0238249963352 28.1470496238855 0.253899532468137 -0.0423076911036939
85.5999999999994 62.8491253595453 113.345054112735 73.9578165855041 28.1828276698891 0.257971456328435 -0.045759476792912
85.6999999999994 62.9267513387504 113.322877654326 73.8926987542815 28.2187952302297 0.262098117686348 -0.0491664258960708
85.7999999999994 63.004061777922 113.299440512696 73.8285041513333 28.2549429459176 0.266272701030461 -0.0525372286933897
85.8999999999994 63.0810539649509 113.274750607377 73.7652652562576 28.2912616406691 0.270487918153461 -0.0558805663418862
85.9999999999994 63.1577258351233 113.248816846737 73.7030143470747 28.3277423210448 0.274736013537667 -0.0592051124745342
86.0999999999994 63.2340759772371 113.221649141065 73.6417834676395 28.3643761766012 0.279009162786549 -0.0624722693821202
86.1999999999994 63.3101036407176 113.193258410049 73.5816043930334 28.4011545804032 0.28330052348229 -0.0656423719694452
86.2999999999994 63.3858087501184 113.163656575964 73.5225085898294 28.4380690904485 0.287602848226451 -0.0687222504359516
86.3999999999994 63.4611919218061 113.13285655125 73.4645271743365 28.4751114514524 0.2919080487863 -0.0717184556124333
86.4999999999994 63.5362544791121 113.100872225864 73.4076908707665 28.5122735966466 0.296207183810665 -0.0746373054221167
86.5999999999994 63.6109984655527 113.06771845464 73.3520299694014 28.5495476495774 0.300490453462791 -0.0774849285328562
86.6999999999993 63.6854266558549 113.033411044643 73.29757428476 28.5869259259045 0.304747201993059 -0.0802673059933565
86.7999999999993 63.7595425645132 112.997966742527 73.2443531137649 28.6244009351994 0.308965929292501 -0.0829903115980135
86.8999999999993 63.8333504516013 112.96140322189 73.1923951939098 28.6619653827442 0.313134312459011 -0.085659751676715
86.9999999999993 63.9068553255539 112.923739070631 73.1417286614258 28.6996121713297 0.3172392383695 -0.0882814049856551
87.0999999999993 63.9800629426051 112.884993778195 73.092381009598 28.7373344030696 0.321267549784469 -0.0908648567429434
87.1999999999993 64.0529798019157 112.845187719886 73.0443790509442 28.7751253816102 0.325208259806648 -0.0934165216494582
87.2999999999993 64.1256131358252 112.804342133752 72.9977488892047 28.8129786153465 0.329050590105356 -0.0959373111202614
87.3999999999993 64.1979708975054 112.762479094535 72.9525158951958 28.8508878210342 0.332783323105935 -0.0984280183590014
87.4999999999993 64.2700617469073 112.719621487515 72.9087046828111 28.8888469274168 0.336394849109921 -0.100889362371353
87.5999999999993 64.3418950348732 112.675792982349 72.866339085024 28.9268500788531 0.339873221991776 -0.103322032126983
87.6999999999993 64.413480785261 112.631018006915 72.8254421298895 28.9648916389444 0.343206223539367 -0.105726731126808
87.7999999999993 64.4848296749276 112.585321721149 72.7860360165464 29.002966194162 0.346381436346825 -0.108104222596211
87.8999999999993 64.5559530114311 112.538729990888 72.7481420912188 29.0410685574742 0.349386324983379 -0.11045537546577
87.9999999999993 64.6268627083207 112.491269361713 72.7117808232184 29.0791937719738 0.352208324966339 -0.112781211260766
88.0999999999993 64.6975712579683 112.442967032782 72.6769717808588 29.1173371145534 0.354834628597961 -0.115091405135826
88.1999999999993 64.7680917035637 112.393850830604 72.6437336050823 29.1554941008296 0.357251287168617 -0.117397503669765
88.2999999999993 64.8384376126143 112.343949182627 72.6120839772836 29.193660493238 0.359444137252642 -0.11970386488523
88.3999999999993 64.9086230485167 112.293291090754 72.582039584846 29.2318323103769 0.361399226908501 -0.12201540832386
88.4999999999992 64.9786625382111 112.241906104867 72.5536160865906 29.2700058363991 0.363102955963899 -0.124337676308582
88.5999999999992 65.0485710357582 112.189824296339 72.5268280782241 29.3081776304036 0.364542220407897 -0.126676899465693
88.6999999999992 65.1183638817866 112.137076231554 72.5016890577883 29.3463445358278 0.365704558643624 -0.129040067073976
88.7999999999992 65.1880567587961 112.083692945422 72.4782113911079 29.3845036898389 0.366578297135086 -0.131435002924467
88.8999999999992 65.2576656423472 112.029705914897 72.4564062772401 29.4226525327259 0.367152692816434 -0.133870447499897
88.9999999999992 65.327206748203 111.975147032498 72.4362837139222 29.4607888172914 0.367418069538209 -0.136356147442038
89.0999999999992 65.396696475518 111.920048579703 72.4178524633184 29.4989106181811 0.367367266681415 -0.138871412859182
89.1999999999992 65.4661513459345 111.864443197363 72.4011200254991 29.5370163395892 0.366999710575877 -0.141388240569619
89.2999999999992 65.5355879398283 111.808363848503 72.386092631552 29.5751047188429 0.366317487021812 -0.143906642452871
89.3999999999992 65.6050228330271 111.751843778131 72.3727752444259 29.6131748283623 0.365323991476627 -0.146427237551271
89.4999999999992 65.6744725352092 111.694916472932 72.361171560073 29.6512260775588 0.364023881089007 -0.148951305679113
89.5999999999992 65.7439534302013 111.637615620962 72.3512840085903 29.6892582147331 0.362423012879783 -0.151480840165177
89.6999999999992 65.8134817183492 111.579975071339 72.3431137553617 29.7272713289727 0.360528369406798 -0.154018599899768
89.7999999999992 65.8830733611176 111.522028793942 72.3366607021993 29.7652658520503 0.358347973485274 -0.156568161044286
89.8999999999992 65.9527440280516 111.463810839099 72.3319234884857 29.8032425603215 0.355890793721964 -0.15913396889728
89.9999999999992 66.0225090462159 111.405355297283 72.3288994923155 29.8412025766231 0.353166642749823 -0.161721390593621
90.0999999999992 66.0923833521053 111.346696258898 72.3275848317172 29.8791473721404 0.350186365277613 -0.164351266326185
90.1999999999992 66.162381443775 111.287867776459 72.3279743679632 29.9170787674858 0.346962701400343 -0.16704336299313
90.2999999999991 66.2325173298853 111.228903832845 72.3300617141783 29.9549989317755 0.343509428230768 -0.169802699588093
90.3999999999991 66.3028044800736 111.169838311949 72.3338392460358 29.9929103809159 0.339840941833119 -0.172635032640381
90.4999999999991 66.3732557792131 111.110704969418 72.3392981125348 30.0308159758608 0.335972111967305 -0.175546882084221
90.5999999999991 66.4438834856999 111.051537403396 72.3464282467758 30.068718920868 0.33191814062126 -0.178545558445637
90.6999999999991 66.5146991937744 110.99236902526 72.3552183767383 30.1066227617565 0.327694426470517 -0.181639191940942
90.7999999999991 66.5857137998553 110.933233030366 72.3656560360565 30.1445313841627 0.323316437120772 -0.184836764100717
90.8999999999991 66.6569374728318 110.874162368788 72.3777275747966 30.1824490117976 0.318799590684543 -0.188148142523276
90.9999999999991 66.7283796282358 110.815189716058 72.391418170233 30.2203802047035 0.31415914792861 -0.191584119328101
91.0999999999991 66.8000489061902 110.756347443901 72.4067118377486 30.2583298574547 0.309410588532503 -0.195126431428374
91.1999999999991 66.8719531530761 110.697667590902 72.4235914449479 30.296303195904 0.304570900119183 -0.198752002530154
91.2999999999991 66.9440994073761 110.639181832952 72.4420387339274 30.3343057702358 0.299656996405475 -0.202465362818268
91.3999999999991 67.0164938902557 110.580921453633 72.4620343467579 30.3723434465646 0.294685146082209 -0.206271353517282
91.4999999999991 67.089142000789 110.522917314587 72.4835578510913 30.4104223984784 0.289670899546201 -0.210175118492264
91.5999999999991 67.1620483155466 110.465199825896 72.5065877657674 30.4485490985808 0.284629030822021 -0.214182098256666
91.6999999999991 67.2352165922542 110.407798916449 72.53110158642 30.486730310034 0.279573493833593 -0.218298026841155
91.7999999999991 67.3086497772195 110.350744004322 72.5570758110839 30.5249730781017 0.274517392012315 -0.222528931942855
91.8999999999991 67.3823500162284 110.29406396715 72.5844859658012 30.5632847216913 0.26947296010139 -0.226881138753392
91.999999999999 67.4563186686087 110.237787112501 72.6133066302278 30.6016728248974 0.26445155694508 -0.231361277845649
92.099999999999 67.5305563240477 110.181941148459 72.6435114634495 30.6401452284526 0.259464608299221 -0.235961660776701
92.199999999999 67.6050628190569 110.126553159644 72.675073235245 30.6787100188028 0.254526480374753 -0.240659242397845
92.299999999999 67.6798372492963 110.071649597034 72.7079638711748 30.7173755111512 0.249651720175055 -0.245435987476744
92.399999999999 67.7548779836988 110.017256273221 72.7421545031172 30.7561502301253 0.244854088698356 -0.250271200191292
92.499999999999 67.8301826833168 109.963398357873 72.777615520014 30.7950428903537 0.240146529022782 -0.255141331519499
92.599999999999 67.9057483246444 109.910100373209 72.8143166186157 30.8340623770417 0.235541141167743 -0.260019822918994
92.699999999999 67.981571227041 109.857386189455 72.8522268542267 30.8732177265474 0.231049162066803 -0.264876999053811
92.799999999999 68.0576470838874 109.805279020317 72.8913146914513 30.9125181069587 0.226680949092801 -0.269680023440009
92.899999999999 68.1339709971121 109.753801418445 72.9315480549387 30.9519727986682 0.222445965732939 -0.274392931417553
92.999999999999 68.2105375147324 109.702975270897 72.9728943801287 30.9915911749506 0.21835276820759 -0.278976754673945
93.099999999999 68.2873406710195 109.652821794617 73.0153206639334 31.0313826825273 0.214408826326142 -0.283401023016876
93.199999999999 68.364374027786 109.603361532118 73.05879351377 31.0713568218587 0.210620061407413 -0.287636714811638
93.299999999999 68.4416307144856 109.554614347704 73.1032791924057 31.1115231267398 0.206991416872789 -0.291643590810647
93.399999999999 68.5191034684891 109.506599423906 73.1487436611539 31.1518911436229 0.203527024820513 -0.295380052035924
93.499999999999 68.5967846763902 109.459335257927 73.1951526230061 31.1924704109289 0.200230193439289 -0.29880371909263
93.599999999999 68.6746664161453 109.412839658079 73.2424715657641 31.2332704383586 0.197103393348458 -0.301872104697368
93.699999999999 68.7527404998128 109.367129740227 73.2906658051729 31.274300686205 0.194148243395976 -0.304543365617907
93.7999999999989 68.8309985166687 109.322221924236 73.3397005280522 31.3155705446642 0.191365496627037 -0.306777113754578
93.8999999999989 68.9094318764825 109.278131930407 73.3895408354294 31.3570893131474 0.188755027283666 -0.308535259929014
93.9999999999989 68.9880318527446 109.234874775923 73.4401517856714 31.3988661795926 0.186315819796198 -0.309782858647816
94.0999999999989 69.0667896255901 109.192464771418 73.4914984376827 31.4409101997229 0.184046354952138 -0.310450443632362
94.1999999999989 69.1456963229511 109.150915520815 73.5435458958063 31.4832302749312 0.181945785075744 -0.310460823734614
94.2999999999989 69.2247430580508 109.110239929478 73.5962593590496 31.5258351266761 0.180012734384932 -0.309774353063536
94.3999999999989 69.3039209656778 109.07045021563 73.649604172012 31.5687332695034 0.178244885992899 -0.308357462695626
94.4999999999989 69.3832212384496 109.031557921899 73.7035458758805 31.6119329840143 0.176638971081988 -0.306183384461642
94.5999999999989 69.4626351628998 108.993573926871 73.7580502594227 31.6554422898347 0.175190767502048 -0.303232665202917
94.6999999999989 69.5421541551728 108.95650845663 73.8130834099815 31.6992689185834 0.173895108406346 -0.299493438063657
94.7999999999989 69.6217697961123 108.920371096308 73.8686117644695 31.7434202868411 0.172745901244252 -0.29496143025896
94.8999999999989 69.7014738655383 108.885170801632 73.9246021603627 31.7879034691185 0.171736157116915 -0.289639701483164
94.9999999999989 69.7812583755124 108.850915910471 73.9810218866952 31.8327251708255 0.170858030188973 -0.283538122306096
95.0999999999989 69.8611156022622 108.817614154447 74.0378387347998 31.8778917013692 0.170102915715406 -0.27685102768053
95.1999999999989 69.9410381132304 108.785272672259 74.0950210424643 31.9234089506216 0.169461885872549 -0.26977727156886
95.2999999999989 70.0210187837908 108.753898027342 74.1525377213731 31.9692823739398 0.168925990734036 -0.262338588172776
95.3999999999989 70.1010508090243 108.723496227237 74.2103582779634 32.0155169805561 0.168486291729481 -0.254556843235409
95.4999999999988 70.1811277139295 108.694072743028 74.2684528340288 32.0621173220974 0.168133884690297 -0.24645353941037
95.5999999999988 70.2612433622104 108.665632528776 74.3267921473225 32.1090874811046 0.167859922921705 -0.238049360425313
95.6999999999988 70.3413919636487 108.638180040954 74.385347632161 32.156431059552 0.167655640138863 -0.229363761590977
95.7999999999988 70.4215680800667 108.611719257883 74.4440913800268 32.2041511673667 0.167512373163145 -0.220414611333935
95.8999999999988 70.5017666298907 108.58625369917 74.5029961801726 32.2522504109481 0.167421584333408 -0.21121788575433
95.9999999999988 70.5819828913225 108.561786445141 74.5620355402239 32.3007308816873 0.167374883641175 -0.201787415894177
96.0999999999988 70.6622125041395 108.538320156212 74.6211837067911 32.349594144456 0.167363836722987 -0.192125459788434
96.1999999999988 70.7424514702584 108.515857090629 74.6804156862986 32.3988412253041 0.16737933734326 -0.18223555276594
96.2999999999988 70.8226961531066 108.494399118043 74.7397072663658 32.4484725971477 0.167412262191732 -0.172129171342589
96.3999999999988 70.9029432753223 108.473947731459 74.7990350374055 32.4984881646657 0.167453713682725 -0.161814304579236
96.4999999999988 70.9831899146066 108.454504059111 74.8583764142311 32.548887249166 0.167495050670405 -0.151295357235078
96.5999999999988 71.0634334977522 108.436068876343 74.917709657663 32.5996685734516 0.167527918866426 -0.140573088827594
96.6999999999988 71.1436717928899 108.418642617491 74.9770138961356 32.6508302466867 0.16754428124298 -0.129644579520588
96.7999999999988 71.2239029000043 108.402225387762 75.0362691473043 32.7023697492628 0.16753644871996 -0.118503214484487
96.8999999999988 71.3041252397807 108.386816975116 75.095456339652 32.7542839176651 0.167497111441317 -0.107138679402901
96.9999999999988 71.3843375408553 108.372416862141 75.1545573340965 32.8065689293384 0.167419370955712 -0.0955369610443061
97.0999999999988 71.4645388254567 108.359024237973 75.2135549452987 32.8592202877448 0.167297177174812 -0.0839007193020334
97.1999999999988 71.5447283911122 108.346638011086 75.2724329552266 32.9122328124013 0.167126672982084 -0.0724279607179796
97.2999999999987 71.624905784984 108.335256824324 75.3311761070562 32.9656006415599 0.166905162181056 -0.0610944697523238
97.3999999999987 71.7050707754372 108.324879070808 75.3897700913269 33.0193172398662 0.166630703313775 -0.0498756995506255
97.4999999999987 71.7852233236068 108.315502909882 75.4482015318 33.0733754062113 0.166302081026065 -0.0387470684034351
97.5999999999987 71.8653635552541 108.307126283052 75.5064579713156 33.1277672815825 0.165918779522432 -0.0276842210726125
97.6999999999987 71.9454917330961 108.299746929936 75.564527857651 33.1824843569144 0.165480957948065 -0.0166632660110109
97.7999999999987 72.025608229785 108.2933624042 75.6224005293779 33.2375174809399 0.164989427533789 -0.00566099872979381
97.8999999999987 72.1057135017043 108.287970089506 75.6800662017204 33.2928568680416 0.164445630348219 0.00534487914932763
97.9999999999987 72.1858080637459 108.283567215455 75.7375159524129 33.3484921061025 0.163851619500046 0.0163755363398342
98.0999999999987 72.2658924652103 108.280150873463 75.7947417075015 33.4044121643987 0.16320992250023 0.0273886426865618
98.1999999999987 72.345967266751 108.277718030953 75.8517362256932 33.4606054025613 0.162523168025847 0.0383391210097313
98.2999999999987 72.4260330180462 108.276265541256 75.9084930790158 33.5170595822565 0.16179441602016 0.0492416792735562
98.3999999999987 72.506090236527 108.275790151825 75.9650066320252 33.5737618799351 0.161027248539095 0.0601090306826374
98.4999999999987 72.5861393874645 108.276288512386 76.0212720209564 33.6306988996234 0.160225742912566 0.0709516466062701
98.5999999999987 72.6661808655321 108.277757183084 76.0772851328751 33.6878566857144 0.159394445410519 0.0817774968133057
98.6999999999987 72.7462149779406 108.280192642636 76.1330425848285 33.7452207357582 0.158538345209724 0.0925917757745383
98.7999999999987 72.826241929232 108.283591296474 76.188541702997 33.8027760132539 0.157662848433958 0.103396615421992
98.8999999999987 72.9062618078089 108.2879494849 76.243780501845 33.8605069604394 0.156773752017609 0.114190786672658
98.9999999999987 72.9862745742637 108.293263491232 76.2987576632723 33.9183975110833 0.155877217112807 0.124969394111911
99.0999999999986 73.0662800515542 108.299529549925 76.3534725156969 33.9764311033304 0.154979737239538 0.135654044927032
99.1999999999986 73.1462779168401 108.306743853969 76.4079250113531 34.0345906939777 0.154088074855195 0.146159924410128
99.2999999999986 73.226267694642 108.314902560444 76.4621156990624 34.0928587763818 0.153209200872657 0.156466287037512
99.3999999999986 73.3062487517 108.324001795357 76.5160456952189 34.151217399795 0.152350248784021 0.166547993775722
99.4999999999986 73.3862202937579 108.334037658445 76.5697166547069 34.2096481887579 0.15151846743592 0.176375559628931
99.5999999999986 73.4661813642668 108.345006227982 76.6231307418187 34.2681323624911 0.150721172132322 0.185915294321045
99.6999999999986 73.5461308449834 108.356903565583 76.6762906011719 34.3266507542872 0.149965693959215 0.195129550870562
99.7999999999986 73.6260674584265 108.369725721009 76.7291993286268 34.3851838309027 0.149259327305653 0.203977095118114
99.8999999999986 73.7059897721501 108.383468736976 76.781860442204 34.44371171195 0.148609275662197 0.212413606152349
99.9999999999986 73.7858962047788 108.398128653956 76.8342778530019 34.5022141892892 0.148022595893679 0.220392313047703
100.099999999999 73.8657850337552 108.413701514937 76.8864558360626 34.5606707464903 0.147506021254795 0.227792227778826
100.199999999999 73.9456544049265 108.430183368938 76.9383989999027 34.6190605801111 0.147065497560475 0.234493365310744
100.299999999999 74.0255023441162 108.447570271376 76.9901122526517 34.6773626255864 0.146706403211444 0.240450616352188
100.399999999999 74.10532677013 108.465858283181 77.0416007668563 34.735555584934 0.146433598064133 0.245621884892288
100.499999999999 74.1851255088449 108.485043469878 77.0928699442322 34.79361795453 0.146251367781471 0.249969261767857
100.599999999999 74.2648963082502 108.505121900655 77.1439253804158 34.8515280528841 0.146163373610813 0.253460132133379
100.699999999999 74.3446368543089 108.526089647442 77.1947728297167 34.9092640484157 0.146172608640312 0.256068165901666
100.799999999999 74.4243447875052 108.547942783981 77.2454181698696 34.9668039872288 0.146281361499436 0.257774142790121
100.899999999999 74.5040177199396 108.570677384903 77.2958673667865 35.024125820888 0.146491188330214 0.258566569849046
100.999999999999 74.583653252831 108.594289524801 77.3461264393084 35.0812074341937 0.146802893666299 0.258442059055536
101.099999999999 74.663248994294 108.618775277276 77.3962014240196 35.1380266729333 0.147216423909403 0.257457556835344
101.199999999999 74.7428025775465 108.644130713251 77.4460983416613 35.1945613709928 0.147730603810248 0.255680063486223
101.299999999999 74.8223116798241 108.670351897423 77.4958231676113 35.2507893758466 0.148343483690293 0.253132301060351
101.399999999999 74.9017740412674 108.697434883985 77.545381803963 35.306688573408 0.149052461602217 0.249842920736603
101.499999999999 74.9811874833241 108.725375712316 77.5947800516661 35.3622369128549 0.149854308630717 0.245845705739414
101.599999999999 75.0605499265288 108.754170402676 77.6440235826688 35.417412431456 0.150745199945741 0.241178664076804
101.699999999999 75.1398594075362 108.783814951895 77.693117912058 35.4721932793965 0.15172075082308 0.23588305225448
101.799999999998 75.2191140952835 108.814305329069 77.7420683702006 35.5265577446043 0.152776056801972 0.230002371069833
101.899999999998 75.2983123061605 108.845637471249 77.7908800748851 35.5804842775756 0.153905737145139 0.223581371956485
101.999999999998 75.3774525180674 108.877807279136 77.8395579034623 35.633951516201 0.155103980802381 0.216665107662843
102.099999999998 75.4565333832631 108.91081061274 77.8881064650083 35.6869383106213 0.156364454724723 0.20930361612675
102.199999999998 75.5355537403972 108.944643286269 77.9365300730589 35.7394237488574 0.157679926713025 0.201548211891174
102.299999999998 75.6145126263308 108.979301061044 77.984832719792 35.7913871844069 0.15904272115309 0.193443508252218
102.399999999998 75.6934092866488 109.014779637636 78.0330180507818 35.8428082646146 0.160444909219418 0.185030939501123
102.499999999998 75.7722431842001 109.051074647977 78.0810893397745 35.8936669590732 0.161878361188561 0.176348305499443
102.599999999998 75.8510140055379 109.08818164747 78.1290494634637 35.9439435880234 0.163334797988341 0.167429440772221
102.699999999998 75.9297216651607 109.126096107094 78.1769008762667 35.993618850755 0.164805841933213 0.158303996322852
102.799999999998 76.0083663074631 109.164813405519 78.2246455850996 36.0426738540068 0.166283066688988 0.148997319732892
102.899999999998 76.0869483063144 109.204328821209 78.2722851241539 36.0910901403676 0.167758046584902 0.139530417756569
102.999999999998 76.1654682621909 109.244637524537 78.3198205296713 36.1388497166766 0.169222405442272 0.129919985316152
103.099999999998 76.2439269968435 109.285734569921 78.3672523149059 36.1859350822741 0.170668203330625 0.120332145003057
103.199999999998 76.3223255464746 109.327614888808 78.4145804499138 36.232329253361 0.172089031690241 0.110920503530773
103.299999999998 76.4006651553108 109.370273284782 78.4618043536002 36.2780157774808 0.173479085173654 0.101678323886835
103.399999999998 76.4789472683957 109.41370442951 78.5089228905952 36.3229787441099 0.174832842004133 0.0925971518679864
103.499999999998 76.5571735227361 109.457902858724 78.5559343683143 36.3672027950983 0.176145073032872 0.0836670843085317
103.599999999998 76.6353457368066 109.502862968199 78.6028365340206 36.4106731351101 0.177410851402903 0.0748770005914793
103.699999999998 76.7134658984601 109.548579009734 78.6496265718853 36.4533755420649 0.178625562860427 0.0662147600633434
103.799999999998 76.7915361512981 109.595045087132 78.6963011000493 36.495296377578 0.179784916715853 0.0576673683240101
103.899999999998 76.8695587795616 109.642255152178 78.7428561676844 36.5364225974013 0.180884957426612 0.0492211154984228
103.999999999998 76.9475361916062 109.690203000623 78.7892872520542 36.5767417618641 0.181922076750803 0.0408616896688794
104.099999999998 77.0254709020452 109.738882268147 78.8355892555527 36.6162420463756 0.182892862319773 0.0325441668097921
104.199999999998 77.1033655129034 109.788286426087 78.8817565021384 36.654912253535 0.183793609969253 0.0242240633133859
104.299999999998 77.1812226941572 109.838408776506 78.9277827322363 36.6927418293212 0.184620818745886 0.0158865676285558
104.399999999998 77.2590451630891 109.889242447031 78.9736610970366 36.7297208808902 0.185371375507794 0.00751588055615358
104.499999999998 77.336835662218 109.940780385661 79.0193841527697 36.7658401944346 0.186042578365476 -0.000904752943432639
104.599999999998 77.4145969358852 109.993015355592 79.064943854982 36.8010912530419 0.186632160425679 -0.00939302185037577
104.699999999998 77.4923317056023 110.045939930034 79.1103315528104 36.8354662545547 0.187138313823294 -0.0179675346765686
104.799999999998 77.5700426442714 110.099546487024 79.1555379832583 36.8689581294289 0.187559714048085 -0.0266478098477506
104.899999999998 77.6477323493989 110.153827204252 79.2005532654705 36.9015605585936 0.187895544600908 -0.0354542678004646
104.999999999998 77.7254033154338 110.20877405387 79.2453668950084 36.9332679913094 0.188145522046967 -0.0444082212664077
105.099999999998 77.8030579054507 110.264378797382 79.2899677383223 36.964075662844 0.188310398220007 -0.0533824505108118
105.199999999998 77.8806983245247 110.320632982173 79.3343440323353 36.9939796073515 0.188393343417587 -0.0622479022232879
105.299999999998 77.9583265988565 110.377527942251 79.3784833970063 37.0229766585805 0.188398394502782 -0.0710226474662089
105.399999999998 78.0359445579445 110.43505480063 79.4223728530046 37.051064445788 0.188329942705072 -0.0797232553758362
105.499999999998 78.1135538178856 110.493204471789 79.4659988395816 37.0782413894678 0.188192714374975 -0.0883648232577713
105.599999999998 78.1911557658073 110.551967664127 79.5093472324426 37.1045066970796 0.187991752163817 -0.0969609913487108
105.699999999998 78.2687515455099 110.611334882409 79.5524033616182 37.1298603587779 0.187732396642439 -0.105523942216109
105.799999999998 78.3463420443861 110.671296430227 79.5951520293362 37.1543031431408 0.187420268375503 -0.114064384970463
105.899999999998 78.4239278816817 110.731842412452 79.6375775278927 37.1778365928991 0.187061250462754 -0.122591524716229
105.999999999998 78.5015093981492 110.792962737685 79.6796636575244 37.2004630206653 0.186661471549245 -0.131113017925819
106.099999999998 78.5790866471556 110.85464712073 79.7213937443006 37.2221855046242 0.186227395533617 -0.13961388185499
106.199999999998 78.6566593876621 110.916885085523 79.7627506585583 37.2430078832412 0.185766106220074 -0.148075813514829
106.299999999998 78.7342270797974 110.979665969208 79.8037168347135 37.262934747475 0.18528493779536 -0.156498747155446
106.399999999998 78.8117888825872 111.042978926678 79.8442742916154 37.2819714320062 0.18479134092723 -0.164880522096286
106.499999999998 78.8893436535047 111.106812935133 79.8844046529214 37.3001240064288 0.184292859261247 -0.17321684556067
106.599999999998 78.9668899498232 111.171156798625 79.9240891674714 37.3173992664422 0.183797105863972 -0.181501263376991
106.699999999998 79.0444260317614 111.235999152623 79.9633087296629 37.3338047250419 0.183311739480115 -0.189725143543807
106.799999999998 79.1219498674023 111.30132846856 80.0020438998257 37.3493486037112 0.182844440464119 -0.197877677994168
106.899999999998 79.1994591393663 111.367133058393 80.0402749245971 37.3640398236127 0.18240288624332 -0.205945908065945
106.999999999998 79.2769512532094 111.433401079155 80.0779817572961 37.3778879967797 0.181994726175153 -0.213914779220498
107.099999999998 79.3544233475713 111.500120537527 80.1151440783865 37.3909034172688 0.181627525402722 -0.221708660066576
107.199999999998 79.4318723073376 111.567279294917 80.1517413182227 37.4030970513107 0.181308575290313 -0.229249884597018
107.299999999998 79.5092947818387 111.634865073796 80.1877526855917 37.4144805249164 0.181044825911529 -0.236518226809691
107.399999999998 79.5866872058934 111.702865464547 80.2231571985389 37.425066110481 0.180842860760819 -0.243492983477348
107.499999999998 79.6640458222898 111.77126793232 80.2579337152812 37.4348667133492 0.180708859289209 -0.250153400086608
107.599999999998 79.7413667055514 111.840059823898 80.2920609651202 37.4438958583805 0.180648560339028 -0.256479121997255
107.699999999998 79.8186457868812 111.909228374553 80.3255175793556 37.4521676765146 0.180667226779334 -0.262450660786022
107.799999999998 79.895878880176 111.978760714916 80.3582821221988 37.459696891337 0.180769611682688 -0.268049863856579
107.899999999998 79.9730617089986 112.048643877829 80.3903331216857 37.4664988056439 0.180959926407677 -0.273260373975886
107.999999999998 80.0501899343944 112.118864805212 80.4216491005901 37.4725892880079 0.181241810963167 -0.278068064588686
108.099999999998 80.1272591834411 112.189410354938 80.4522086073399 37.4779847592305 0.181618555241792 -0.282398777307552
108.199999999998 80.204265078613 112.260267308098 80.4819902469955 37.482702175853 0.182093763744347 -0.286175293137737
108.299999999998 80.2812032683463 112.331422377253 80.5109727123911 37.4867590062048 0.182670483940575 -0.289383972220206
108.399999999998 80.3580694586666 112.40286221508 80.5391348153375 37.4901732035096 0.183350910069354 -0.292015716046352
108.499999999998 80.4348594455923 112.474573423025 80.5664555178292 37.4929631788795 0.184136353709668 -0.294066272300092
108.599999999998 80.5115691481237 112.54654255996 80.59291396325 37.4951477743086 0.18502722028184 -0.29553640739268
108.699999999998 80.5881946416281 112.618756150843 80.6184895075794 37.4967462356666 0.186022991732637 -0.296431941156585
108.799999999998 80.6647321914247 112.691200695375 80.6431617505991 37.497778185693 0.18712221552569 -0.296763644702138
108.899999999998 80.7411782863705 112.763862676653 80.666910567099 37.4982635969902 0.188322499927163 -0.296547008844742
108.999999999998 80.8175296722366 112.83672856983 80.6897161380834 37.4982227650179 0.189620515460522 -0.295801896346072
109.099999999998 80.8937833846522 112.909784850762 80.7115589819651 37.4976762811388 0.191011954278664 -0.294588036664162
109.199999999998 80.9699367810369 112.983018004377 80.7324199854483 37.4966450070314 0.19249143964117 -0.2929689628282
109.299999999998 81.0459875706888 113.056414532335 80.7522804336188 37.4951500525695 0.194052759843225 -0.290974807689705
109.399999999998 81.1219338433193 113.129960960421 80.7711220397229 37.4932127550683 0.1956889503041 -0.288637329106113
109.499999999998 81.1977740961678 113.203643845919 80.7889269749341 37.4908546585828 0.197392321009247 -0.285989377467292
109.599999999998 81.2735072595108 113.277449784985 80.8056778981202 37.488097493206 0.199154487120891 -0.283064390315266
109.699999999998 81.349132720353 113.351365420029 80.8213579856099 37.4849631543678 0.200966402597462 -0.279895927271819
109.799999999998 81.4246503440925 113.425377447087 80.8359509609596 37.4814736821331 0.202818396735387 -0.276517255277269
109.899999999998 81.5000604939493 113.499472623199 80.8494411247203 37.4776512405002 0.204700213619982 -0.27296099090966
109.999999999998 81.5753640479419 113.573637773785 80.8618133842041 37.4735180966994 0.206601054539842 -0.269258803499483
110.099999999998 81.6505624132022 113.647859800027 80.8730532832027 37.4690966004695 0.208509809671971 -0.265434223120516
110.199999999998 81.7256575374086 113.722125686368 80.8831470304378 37.4644091627665 0.210415661894838 -0.261505896510116
110.299999999998 81.8006519172725 113.796422508331 80.8920815247934 37.4594782330302 0.21230757016104 -0.257496503542352
110.399999999998 81.8755486041646 113.870737440445 80.8998443792819 37.4543262758834 0.214174129666167 -0.253427587631804
110.499999999998 81.9503512067724 113.945057764191 80.9064239449601 37.4489757478086 0.216003622476963 -0.249319509840835
110.599999999998 82.0250638906139 114.019370875936 80.9118093348457 37.4434490738253 0.21778407208674 -0.245191435744192
110.699999999998 82.0996913742356 114.093664294875 80.9159904478342 37.4377686241666 0.219503301918933 -0.241061351128686
110.799999999998 82.1742389219391 114.167925670966 80.9189579926152 37.4319566909568 0.221148997715999 -0.236946102549882
110.899999999998 82.2487123328911 114.242142792873 80.9207035115891 37.4260354648877 0.222708773649188 -0.232861458895285
110.999999999998 82.3231179264918 114.316303595902 80.9212194047831 37.4200270118963 0.224170241868817 -0.228822190360396
111.099999999998 82.3974625238369 114.390396169891 80.9204989535178 37.4139532499598 0.225521988623688 -0.224921482775502
111.199999999998 82.4717534238762 114.464408765787 80.9185363375566 37.4078359289745 0.226756452982689 -0.221236234489305
111.299999999998 82.5459983729015 114.538329798898 80.9153266357129 37.4016966184592 0.227867431123576 -0.217756495463905
111.399999999998 82.6202055308356 114.612147850839 80.910865819943 37.3955566983419 0.228849221068771 -0.214472885009346
111.499999999998 82.6943834360872 114.685851671418 80.9051507491857 37.3894373498653 0.229696644332668 -0.211376619076973
111.599999999998 82.7685409691416 114.759430180534 80.8981791632041 37.3833595464915 0.23040506630664 -0.20845952873766
111.699999999998 82.8426873150042 114.832872470066 80.8899496764264 37.3773440448076 0.230970414791549 -0.205714071671028
111.799999999998 82.9168319246225 114.906167805764 80.8804617717866 37.3714113754308 0.231389196126904 -0.203133338186792
111.899999999998 82.9909844754172 114.979305629143 80.8697157945656 37.3655818339135 0.231658508416158 -0.200711053050805
111.999999999998 83.0651548310619 115.052275559374 80.8577129462322 37.3598754716483 0.231776051410003 -0.198441574184816
112.099999999998 83.1393530006505 115.12506739519 80.8444552783469 37.3543120867842 0.231739907540626 -0.196331945821082
112.199999999998 83.2135890973484 115.19767111708 80.8299456881009 37.348911215418 0.231547879665343 -0.194392792471663
112.299999999998 83.2878732963899 115.27007689025 80.8141879180053 37.3436921234853 0.23119818855865 -0.192624708731943
112.399999999998 83.3622157923213 115.342275067867 80.7971865572163 37.3386737989282 0.230689704494529 -0.191028841632457
112.499999999998 83.4366267556127 115.414256194327 80.7789470429222 37.3338749438725 0.230021946639636 -0.189606925924287
112.599999999998 83.5111162888103 115.486011008512 80.7594756617315 37.3293139668055 0.229195077542068 -0.188361320506591
112.699999999998 83.5856943823962 115.557530447054 80.7387795510598 37.3250089747539 0.228209892765175 -0.187295046863709
112.799999999998 83.6603708705289 115.628805647598 80.716866700518 37.3209777654614 0.227067805816218 -0.186411830396071
112.899999999998 83.7351553868314 115.699827952062 80.6937459532992 37.3172378195662 0.225770828615586 -0.185716145529682
112.999999999998 83.8100573203952 115.770588909899 80.6694270075668 37.313806292779 0.224321547845396 -0.185213265503083
113.099999999998 83.8850857721754 115.841080281297 80.6439204176173 37.3107000081765 0.222724002914042 -0.184938798010529
113.199999999998 83.9602495123886 115.911294038764 80.6172375892129 37.3079354515165 0.220986360145458 -0.184917427342786
113.299999999998 84.0355569405813 115.981222364602 80.5893907601125 37.3055287742202 0.219118125904271 -0.185139203655652
113.399999999998 84.1110160491349 116.050857646767 80.560392974771 37.3034957993757 0.217129166612329 -0.185594776751068
113.499999999998 84.1866343901971 116.120192474672 80.5302580588156 37.3018520278576 0.215029636559067 -0.186275263209331
113.599999999998 84.2624190460834 116.189219634978 80.4990005935208 37.3006126444465 0.212829908280047 -0.187172114145921
113.699999999998 84.3383766031743 116.257932107398 80.4666358902844 37.2997925239488 0.210540506180779 -0.1882769824526
113.799999999998 84.4145131293104 116.326323060491 80.433179965103 37.2994062373159 0.208172043974532 -0.189581588501267
113.899999999998 84.4908341546656 116.394385847462 80.3986495130476 37.2994680577643 0.205735166380405 -0.191077583493289
113.999999999998 84.5673446560601 116.462114001962 80.3630618827394 37.2999919668947 0.203240495406266 -0.192756409821263
114.099999999998 84.6440490446291 116.529501233872 80.3264350508639 37.3009916608316 0.200698504096461 -0.194629534904971
114.199999999998 84.7209511561377 116.5965414249 80.2887875976962 37.3024805568822 0.198119268322143 -0.19670956853647
114.299999999998 84.7980542427857 116.663228623654 80.2501386851911 37.3044718015104 0.195512709180022 -0.198988962912813
114.399999999998 84.8753609673431 116.729557040524 80.2105080360841 37.306978278832 0.192888644756341 -0.20145941848902
114.499999999998 84.9528734001447 116.795521042555 80.1699159130308 37.3100126191273 0.190256762066848 -0.204111706476815
114.599999999998 85.030593018879 116.861115148309 80.1283830977467 37.3135872073558 0.187626593060633 -0.206935483499777
114.699999999998 85.1085207110736 116.926334022748 80.0859308701465 37.3177141916699 0.185007494339597 -0.209919100141451
114.799999999998 85.1866567791759 116.991172472094 80.0425809874844 37.3224054919282 0.182408630179313 -0.213049405999278
114.899999999998 85.2650009481227 117.055625438705 79.9983556634931 37.3276728082101 0.179838958374795 -0.216311554844704
114.999999999998 85.3435523752902 117.119687995947 79.9532775475236 37.3335276293291 0.177307218392236 -0.21968881462307
115.099999999998 85.4223096626987 117.183355343059 79.9073697037109 37.3399812413467 0.174821861453113 -0.223171022498243
115.199999999998 85.5012708709643 117.246622800005 79.8606555908067 37.3470447360874 0.172390877793364 -0.226747243451099
115.299999999998 85.5804335342103 117.309485802256 79.8131590437089 37.3547290196539 0.170021996164074 -0.2303963019973
115.399999999998 85.6597946764091 117.371939895559 79.7649042556583 37.3630448209442 0.167722741402204 -0.23409457559684
115.499999999998 85.7393508294454 117.433980730692 79.715915760461 37.3720027001679 0.165500427898717 -0.237815905455594
115.599999999998 85.8190980528302 117.495604058236 79.6662184147115 37.3816130573632 0.163362152073589 -0.241531557257332
115.699999999998 85.8990319549819 117.556805723332 79.6158373800148 37.391886140913 0.161314783395366 -0.245210243716591
115.799999999998 85.9791477159958 117.617581660443 79.5647981052095 37.4028320560617 0.15936495354497 -0.248818220888909
115.899999999998 86.0594401118282 117.677927888121 79.5131263085899 37.4144607734319 0.157519043402197 -0.252319469525493
115.999999999998 86.1399035398232 117.737840503765 79.4608479601291 37.426782137541 0.155783167633454 -0.255675971118593
116.099999999998 86.2205320454988 117.797315678394 79.4079892637307 37.4398058753077 0.154163080348651 -0.258857243728045
116.199999999998 86.3013193500821 117.856349651519 79.354576640242 37.4535416043037 0.152663943319594 -0.261833847990713
116.299999999998 86.382258877967 117.914938726306 79.3006367124009 37.4679988403566 0.151290565434688 -0.264567645579755
116.399999999998 86.4633437846793 117.973079264852 79.2461962905435 37.4831870048978 0.150047462184607 -0.26702045428752
116.499999999998 86.5445669857399 118.030767683456 79.1912823583411 37.4991154323005 0.148938832726941 -0.2691547221059
116.599999999998 86.6259211864116 118.088000447901 79.1359220585381 37.5157933772172 0.147968535727876 -0.270934260103627
116.699999999998 86.7073989123031 118.144774068727 79.0801426786886 37.5332300219182 0.147140064565931 -0.272325011596296
116.799999999998 86.7889925408054 118.201085096507 79.0239716368938 37.5514344836291 0.146456522561169 -0.273295829991215
116.899999999998 86.8706943333406 118.256930117128 78.9674364675395 37.570415821869 0.145920598944669 -0.27381923388532
116.999999999998 86.9524964684048 118.312305747064 78.9105648070328 37.5901830457881 0.145534546295779 -0.273872105909352
117.099999999998 87.0343910753438 118.367208628678 78.8533843796132 37.6107451214673 0.145299966490847 -0.273467669030527
117.199999999998 87.1163702677198 118.421635426174 78.7959229850707 37.6321109782075 0.145217263246182 -0.272629772510413
117.299999999998 87.1984261743157 118.475582823185 78.7382084913074 37.6542895122577 0.145286301747111 -0.271358345999257
117.399999999998 87.2805509693545 118.529047521022 78.680268828807 37.6772895895338 0.14550661109228 -0.269657920176471
117.499999999998 87.3627369030164 118.582026236935 78.6221319851772 37.7011200482982 0.145877383159674 -0.26753751142945
117.599999999998 87.444976332318 118.634515702379 78.5638259996928 37.7257897018393 0.146397473825584 -0.265010387488184
117.699999999998 87.5272617523712 118.686512661287 78.505378957838 37.7513073411517 0.147065406337007 -0.262093725141069
117.799999999998 87.609585828041 118.738013868329 78.4468189858496 37.7776817376159 0.147879376530951 -0.2588081761679
117.899999999998 87.691941426017 118.789016087181 78.3881742452591 37.8049216456778 0.148837259505165 -0.255177361349519
117.999999999998 87.774321647315 118.839516088794 78.3294729274362 37.8330358055289 0.149936617277597 -0.251227314771567
118.099999999998 87.8567198602015 118.889510649666 78.2707432481603 37.8620329457709 0.151174653505989 -0.247001679941808
118.199999999998 87.9391297330558 118.938996550411 78.2120134429571 37.891921785697 0.152548083527387 -0.242545856317769
118.299999999998 88.0215452663466 118.987970575039 78.1533117643757 37.9227110365983 0.154053341071538 -0.23788999224448
118.399999999998 88.103960824451 119.03642951053 78.0946664800297 37.9544094026862 0.155686643568319 -0.233063876594853
118.499999999998 88.186371167801 119.084370146417 78.0361058706678 37.9870255820004 0.157443996636001 -0.22809650754087
118.599999999998 88.2687714853858 119.131789274361 77.9776582282444 38.0205682673161 0.159321196430181 -0.223015725873373
118.699999999998 88.35115742761 119.178683687743 77.9193518539904 38.0550461470521 0.161313829656233 -0.217847915949914
118.799999999998 88.4335251395051 119.225050181237 77.8612150564836 38.0904679061784 0.163417271134842 -0.21261777420414
118.899999999998 88.5158712942857 119.270885550395 77.8032761497197 38.1268422271242 0.165626678895388 -0.207348142543509
118.999999999998 88.5981931272323 119.316186591231 77.7455634511823 38.1641777906851 0.167936986856506 -0.202059901914216
119.099999999998 88.6804884698659 119.360950099803 77.6881052799309 38.2024832769232 0.17034288254378 -0.196779812950857
119.199999999998 88.7627557840518 119.405172871902 77.6309299551191 38.2417673658641 0.17283876886563 -0.191532272161919
119.299999999998 88.8449941954561 119.448851702995 77.574065795608 38.2820387376774 0.175418808492857 -0.186331537625882
119.399999999997 88.927203526813 119.491983388272 77.5175411200119 38.3233060726547 0.178076923748046 -0.181189854286038
119.499999999997 89.0093843312795 119.534564722691 77.4613842467598 38.3655780511795 0.180806779855941 -0.17611757126857
119.599999999997 89.0915379258275 119.576592501032 77.4056234941567 38.4088633536968 0.183601767633265 -0.171123274835747
119.699999999997 89.1736664246031 119.618063517942 77.3502871804457 38.4531706606834 0.186454986133446 -0.166213931160037
119.799999999997 89.2557727721711 119.658974567988 77.2954036238694 38.4985086526176 0.189359225800976 -0.161395034049446
119.899999999997 89.3378607765506 119.699322445702 77.2410011427319 38.5448860099492 0.192306952724612 -0.156670753588581
119.999999999997 89.4199351419366 119.739103945633 77.1871080554601 38.5923114130693 0.195290294609376 -0.152044082507257
