#t s x y z curvature torsion
5 0 66.3916097407319 89.6779067877308 0.234050335986614 0.0153076632393532 -0.329390230412764
5.1 0.0652759574603488 66.4509346993872 89.650676435178 0.233962002819078 0.0150875611827132 -0.340515835792452
5.2 0.130505872622917 66.5102084161549 89.6234449793333 0.233834938878653 0.014882989374398 -0.351416406717174
5.3 0.195690123458879 66.5694306935352 89.5962111479215 0.233671092686222 0.014694784419701 -0.361978019032757
5.4 0.260829086056974 66.6286013340404 89.5689736686548 0.233472412680784 0.0145237694063114 -0.372078592362835
5.5 0.325923134876228 66.6877201402047 89.541731269223 0.233240847154651 0.01437074338074 -0.38159027618528
5.6 0.390972642999882 66.7467869145932 89.514482677284 0.232978344188638 0.0142364700027405 -0.390382515231822
5.7 0.455977982390136 66.8058014598119 89.4872266204536 0.232686851587252 0.0141216656627343 -0.398325729985823
5.8 0.5209395241442 66.8647635785171 89.4599618262961 0.232368316813891 0.0140269874268268 -0.405295480318955
5.9 0.585857638750906 66.9236730734252 89.4326870223139 0.232024686926028 0.0139530212389271 -0.411176911846055
6 0.650732696348487 66.9825297473219 89.4054009359383 0.231657908510409 0.0139002708533984 -0.415869224873353
6.1 0.715565066984469 67.0413334030733 89.3781022945184 0.231269927611611 0.0138691554504557 -0.419230028867582
6.2 0.780355120911477 67.1000838436607 89.3507898252824 0.230862689488176 0.013860016333774 -0.421129392126674
6.3 0.845103228973676 67.1587808722796 89.3234622552308 0.230438137931059 0.0138730749006635 -0.421519847294279
6.4 0.909809763029833 67.2174242924628 89.2961183110005 0.229998214409639 0.0139084191197117 -0.420384154443002
6.49999999999999 0.974475096379315 67.2760139082052 89.2687567187294 0.22954485721111 0.0139660024812428 -0.417735915209157
6.59999999999999 1.03909960418926 67.3345495240876 89.2413762039194 0.229080000579866 0.0140456461797799 -0.413618633631695
6.69999999999999 1.10368366392228 67.3930309454016 89.2139754913014 0.228605573856886 0.0141470443848087 -0.408103321207515
6.79999999999999 1.16822765576454 67.4514579782735 89.186553304698 0.228123500619123 0.0142697722876862 -0.401284872452098
6.89999999999999 1.23273196305401 67.5098304297891 89.1591083668884 0.227635697818889 0.0144132964713308 -0.393277533345417
6.99999999999999 1.29719697270793 67.5681481081179 89.1316393994715 0.227144074923238 0.0145769870561402 -0.384209836836991
7.09999999999999 1.36162307565262 67.6264108226393 89.104145122728 0.226650533040355 0.0147601275225506 -0.374067684833807
7.19999999999999 1.42601066732761 67.6846183841204 89.0766242554189 0.226156963707893 0.0149619048239775 -0.362844428648686
7.29999999999999 1.49036014838076 67.7427706050238 89.0490755144255 0.225665246823187 0.015181412167376 -0.350690604349143
7.39999999999999 1.5546719254369 67.8008672998667 89.0214976143273 0.225177248235426 0.0154176662715967 -0.33775691709697
7.49999999999999 1.61894641186688 67.8589082855821 88.9938892669765 0.224694817324821 0.0156696241844779 -0.324189691449842
7.59999999999999 1.68318402855276 67.9168933818797 88.9662491810735 0.224219784581771 0.0159361992151127 -0.310127221980316
7.69999999999999 1.74738520464824 67.9748224116073 88.9385760617415 0.223753959186037 0.0162162756239472 -0.29569706295504
7.79999999999999 1.81155037833348 68.0326952011118 88.9108686101023 0.223299126585901 0.0165087218430782 -0.281014218555828
7.89999999999999 1.87567999756324 68.0905115805999 88.8831255228504 0.222857046077344 0.0168124021076021 -0.266180140466998
7.99999999999999 1.9397745208075 68.1482713844998 88.8553454918288 0.222429448383206 0.0171261864772196 -0.251282407268794
8.09999999999999 2.00383441778667 68.2059744518244 88.8275272036017 0.222018033222849 0.0174489436481911 -0.236289261083609
8.19999999999999 2.06786017027471 68.2636206265954 88.7996693389802 0.221624466634579 0.0177794958257527 -0.221165678880785
8.29999999999999 2.13185227308764 68.321209758422 88.7717705724247 0.221250377670465 0.0181166637142666 -0.205974622509551
8.39999999999999 2.19581123513708 68.3787417031404 88.7438295714002 0.220897354843919 0.0184592883333658 -0.190767064703016
8.49999999999999 2.2597375804733 68.4362163234548 88.7158449957293 0.220566942567772 0.0188062375127264 -0.175582846916319
8.59999999999999 2.32363184931387 68.4936334895801 88.6878154969454 0.22026063759235 0.0191564114106934 -0.16045166944237
8.69999999999999 2.38749459905682 68.5509930798826 88.6597397176456 0.21997988544354 0.0195087472144076 -0.145394142723693
8.79999999999999 2.4513264052774 68.6082949815223 88.6316162908441 0.21972607686087 0.0198622231741467 -0.13042284581739
8.89999999999999 2.51512786270789 68.6655390910943 88.6034438393249 0.219500544235578 0.0202158621193947 -0.115543353407757
8.99999999999999 2.57889958619949 68.7227253152706 88.5752209749953 0.219304558048689 0.020568734590202 -0.100755205512627
9.09999999999999 2.64264221166682 68.7798535714436 88.5469462982408 0.219139323311562 0.0209199530214239 -0.0860877135102987
9.19999999999999 2.70635639703875 68.8369237884247 88.5186183973327 0.219005976070788 0.0212686492241475 -0.0715639910487549
9.29999999999998 2.77004282325305 68.8939359072789 88.4902358479697 0.218905580076459 0.021614004132512 -0.0571676648615366
9.39999999999998 2.83370219525592 68.9508898822157 88.4617972128719 0.218839123514781 0.0219552585193958 -0.0428794182672622
9.49999999999998 2.89733524298183 69.0077856814801 88.4333010413764 0.218807515743159 0.0222917148780051 -0.0286776301751726
9.59999999999998 2.96094272231281 69.0646232882449 88.4047458690333 0.218811584025296 0.0226227394704129 -0.0145389327502144
9.69999999999998 3.02452541601747 69.1214027015025 88.3761302172022 0.218852070266279 0.0229477645959818 -0.000438700940358546
9.79999999999998 3.08808413466997 69.178123936957 88.3474525926475 0.21892962774767 0.0232662911291688 0.0136485124610132
9.89999999999998 3.15161971754959 69.2347870279157 88.3187114871346 0.219044817862596 0.0235778913594269 0.0277485828670715
9.99999999999998 3.21513303352135 69.2913920261812 88.2899053770262 0.219198106850843 0.0238822121676432 0.041887447891081
10.1 3.27862498189633 69.3479390029454 88.2610327228872 0.219389862549208 0.0241789691842925 0.0559225996657994
10.2 3.34209649321379 69.4044280497403 88.2320919693387 0.219620351538801 0.0244679184921627 0.0697198101112402
10.3 3.40554852985056 69.4608592795316 88.2030815455413 0.219889737299946 0.0247488798065192 0.0833156633190263
10.4 3.46898208655293 69.5172328278697 88.1739998659264 0.220198078764033 0.0250217450911973 0.0967444909090287
10.5 3.5323981909502 69.5735488540423 88.1448453309376 0.220545328880628 0.0252864789933025 0.110038247837672
10.6 3.59579790405431 69.629807542227 88.1156163277712 0.220931333184584 0.0255431196610907 0.123226390824939
10.7 3.65918232074603 69.6860091026441 88.0863112311177 0.221355828363158 0.0257917799128874 0.136335750354195
10.8 3.72255257025015 69.7421537727096 88.0569284039024 0.221818440823121 0.0260326487252542 0.149390388876071
10.9 3.78590981660046 69.7982418181875 88.0274661980266 0.222318685257871 0.0262659930037871 0.16241143950866
11 3.84925525909662 69.854273534343 87.9979229551088 0.222855963214548 0.0264921595936563 0.175416920907033
11.1 3.91259013274617 69.9102492470926 87.9682970072394 0.223429561692977 0.0267115801346767 0.188123555621254
11.2 3.9759157084882 69.9661693140993 87.9385866781041 0.224038652572251 0.0269247612564199 0.200255562038109
11.3 4.03923329287071 70.0220341257248 87.9087902850402 0.224682294138253 0.0271322402007952 0.211836805803785
11.4 4.10254422751241 70.0778441059267 87.8789061414614 0.225359433438802 0.0273345720088956 0.222887604598087
11.5 4.16584988855537 70.1335997131527 87.8489325592959 0.226068908670651 0.0275323243520749 0.233425169414402
11.6 4.22915168611729 70.1893014412359 87.8188678514253 0.226809451566464 0.0277260727168688 0.24346402440347
11.7 4.29245106374387 70.2449498202885 87.7887103341233 0.227579689781814 0.0279163959093203 0.25301640595499
11.8 4.35574949786193 70.3005454175973 87.7584583294938 0.228378149282162 0.0281038718558786 0.262092641379703
11.9 4.41904849723298 70.3560888385178 87.7281101679099 0.229203256729849 0.0282890736784495 0.270701507550079
12 4.48234960240802 70.4115807273691 87.6976641904523 0.230053341871081 0.0284725660363296 0.278850569429896
12.1 4.54565438517496 70.4670217683269 87.6671187513631 0.230926639949703 0.0286548641397688 0.286310511533754
12.2 4.6089644477917 70.5224126862748 87.6364722208892 0.231821294817323 0.0288362933994291 0.292866481692243
12.3 4.67228142167087 70.5777542475518 87.605722989118 0.232735363811114 0.0290170554574968 0.298548462984807
12.4 4.73560696584192 70.6330472606566 87.5748694702016 0.233666823327972 0.0291972553777706 0.303388622830765
12.5 4.7989427653945 70.6882925769521 87.5439101065982 0.234613574425457 0.029376898539515 0.307421540434669
12.6 4.86229052990932 70.7434910913688 87.5128433733112 0.235573448422734 0.0295558888356527 0.310684314339652
12.7 4.92565199187397 70.7986437431084 87.4816677821302 0.236544212501511 0.0297340281298662 0.3132165592939
12.8 4.98902890508114 70.8537515163479 87.4503818858708 0.237523575306985 0.0299110169182015 0.315060304461147
12.9 5.05242304300683 70.9088154409429 87.4189842826152 0.238509192548777 0.0300864561239699 0.316259807385272
13 5.11583619716588 70.9638365931314 87.3874736199521 0.239498672601876 0.0302598499483157 0.316861299799927
13.1 5.17927017542846 71.0188160962285 87.3558485992297 0.240489582145155 0.0304305644544525 0.316627446980086
13.2 5.24272679994691 71.0737551210743 87.3241079801368 0.241479452776809 0.0305976608675385 0.315341338430117
13.3 5.30620790413201 71.1286548858603 87.2922505861181 0.242465790109693 0.0307599755605234 0.313082961070817
13.4 5.36971532922579 71.1835166557084 87.2602753101166 0.243446083843583 0.0309161659427834 0.309933899566917
13.5 5.43325092081414 71.2383417422419 87.2281811203302 0.244417817875011 0.0310647218990348 0.305976270245367
13.6 5.49681652528689 71.2931315031555 87.1959670659669 0.245378480407104 0.0312039786526227 0.301291657411236
13.7 5.56041398624218 71.347887341786 87.1636322830012 0.246325574059416 0.0313321307221163 0.295960095976088
13.8 5.62404514082955 71.4026107066827 87.1311759999293 0.247256625977767 0.0314472466621579 0.290059135404065
13.9 5.68771181602913 71.4573030911774 87.0985975435256 0.248169197944078 0.0315472843041443 0.283663010500319
14 5.7514158248626 71.5119660329557 87.0658963445979 0.249060896486209 0.0316301062524472 0.276841934960934
14.1 5.81515896252061 71.5666011136109 87.0330719437435 0.249929383008135 0.0316934919880126 0.269510812543756
14.2 5.87894300207942 71.6212099577943 87.0001239971008 0.250772384449115 0.0317351221088174 0.261582998082526
14.3 5.94276968928678 71.6757942313369 86.967052282092 0.251587705285646 0.0317525689174434 0.253118256094799
14.4 6.00664073693691 71.730355638966 86.9338567031609 0.252373240062406 0.0317433130520088 0.244169332095229
14.5 6.07055781915895 71.7848959220063 86.9005372975119 0.253126985943538 0.0317047619981221 0.234781144851164
14.6 6.13452256563134 71.8394168560813 86.8670942408478 0.253847055263934 0.0316342684483311 0.224990013372579
14.7 6.198536555722 71.893920248814 86.8335278531085 0.25453168808052 0.0315291484771362 0.214822882905002
14.8 6.26260131255706 71.9484079375282 86.799838604209 0.255179264723546 0.0313866995789827 0.204296503067878
14.9 6.3267182970194 72.0028817869497 86.766027119778 0.255788318347865 0.0312042186986058 0.193416499044983
15 6.39088890168213 72.0573436869075 86.7320941868962 0.256357547484221 0.0309790204842933 0.182176262191292
15.1 6.45511444467391 72.1117955500165 86.6980407598202 0.256885828582458 0.0307085391802868 0.170551423026305
15.2 6.51939616328796 72.166239308893 86.6638679653391 0.257372228344725 0.0303905879271712 0.158493301901018
15.3 6.58373520703946 72.2206769121806 86.6295771071973 0.257816015525606 0.0300231123162393 0.145936401047578
15.4 6.64813263050414 72.2751103201087 86.5951696701495 0.25821667252225 0.0296041252494683 0.132795923119586
15.5 6.71258938614631 72.3295415000325 86.5606473240013 0.258573906956417 0.0291317302814562 0.118963559790733
15.6 6.77710631715474 72.3839724219734 86.5260119276504 0.258887663256533 0.0286041493922925 0.104301967239358
15.7 6.84168415029904 72.4384050541592 86.4912655331269 0.259158134239737 0.0280197569849984 0.0886374648115368
15.8 6.90632348881973 72.4928413585642 86.4564103896347 0.259385772693937 0.0273771226144634 0.0717503164544716
15.9 6.9710248053674 72.5472832864491 86.4214489475922 0.259571302959856 0.0266750659848846 0.0533617060278345
16 7.03578843500769 72.601732773902 86.3863838626728 0.259715732513083 0.025912729272025 0.0331161708312128
16.1 7.1006145683119 72.6561917373623 86.3512179998174 0.259820363507145 0.0250898594882425 0.0107023018935917
16.2 7.16550324461684 72.7106620687417 86.3159544365008 0.259886803302972 0.0242074713318704 -0.0143031538782333
16.3 7.23045434558601 72.7651456295193 86.2805964641053 0.259916972425402 0.0232674135271596 -0.0426144430140251
16.4 7.29546758901094 72.8196442444327 86.2451475885484 0.259913111506084 0.0222723935620945 -0.0751475540140427
16.5 7.36054252281399 72.8741596951536 86.2096115308826 0.259877788187405 0.0212262835742991 -0.113085397461924
16.6 7.42567851926865 72.9286937139635 86.173992227894 0.259813904026408 0.0201345597632559 -0.157959474090665
16.7 7.49087476945739 72.9832479774292 86.1382938327021 0.259724701398716 0.0190049394552006 -0.211743075552477
16.8 7.55613027798781 73.0378241000784 86.1025207153588 0.25961377040245 0.0178483103989253 -0.276933332474046
16.9 7.6214438579885 73.0924236280753 86.0666774634476 0.259485055762158 0.0166800858115136 -0.356554577879149
17 7.6868141264072 73.1470480328961 86.0307688826829 0.259342863732732 0.0155221541943317 -0.45391243327083
17.1 7.75223949964778 73.2016987049951 85.9947999974713 0.259191868944179 0.0144057336941092 -0.571293338816664
17.2 7.81771818989505 73.2563769472137 85.9587760504769 0.2590371197085 0.0133749775304445 -0.707966835813271
17.3 7.8832482026749 73.3110839675391 85.922702499661 0.258884039422675 0.0124891671986982 -0.856473338735422
17.4 7.94882733515563 73.3658208716068 85.8865850143268 0.258738426433741 0.0118229016634052 -0.996855127519917
17.5 8.01445317488263 73.4205886551928 85.8504294711253 0.258606453844741 0.0114597152531526 -1.09532364277941
17.6 8.08012309894667 73.4753881967059 85.8142419500615 0.258494669320651 0.011475413361144 -1.11660855906776
17.7 8.14583427359878 73.5302202496807 85.7780287305005 0.258409994894322 0.0119155615143726 -1.04852681079604
17.8 8.21158365432585 73.5850854352693 85.7417962871736 0.258359726772417 0.0127820029053131 -0.913604939758617
17.9 8.27736798640032 73.6399842347342 85.7055512861845 0.258351535141347 0.0140392959019236 -0.751633107851752
18 8.3431838059189 73.6949169819404 85.6693005810155 0.258393463973205 0.0156340135969814 -0.595040985338989
18.1 8.40902744137669 73.7498838558587 85.6330512084916 0.258493930758488 0.0175118629255513 -0.459947829692476
18.2 8.47489501658037 73.8048848733391 85.5968103836577 0.258661724335045 0.0196255050914008 -0.350236179721913
18.3 8.54078245615918 73.8599198825741 85.5605854918954 0.258905997884411 0.0219373809478076 -0.263717739690566
18.4 8.6066854923884 73.9149885568319 85.5243840799528 0.259236260024371 0.0244190507381229 -0.196248911237298
18.5 8.67259967252541 73.9700903882008 85.4882138469321 0.259662365828313 0.0270493102709765 -0.143685847193375
18.6 8.73852036662064 74.0252246813334 85.4520826352774 0.260194507844567 0.0298123719908996 -0.102544134781859
18.7 8.80444277579628 74.0803905471909 85.4159984217627 0.26084320711576 0.0326964160087545 -0.0700949281570302
18.8 8.87036194098658 74.1355868967871 85.3799693084797 0.261619304198155 0.0356925201185101 -0.0442666070368724
18.9 8.93627275213218 74.1908124349327 85.3440035138253 0.262533950181003 0.0387938938858817 -0.0235053840838077
19 9.0021699578219 74.2460656539796 85.3081093634896 0.263598597705891 0.0419953358140934 -0.00664839720285337
19.1 9.06804817540284 74.3013448275842 85.272295281421 0.264824991941088 0.0452926282268485 0.00712010990334722
19.2 9.13390190224336 74.3566480049757 85.2365697801997 0.266225160386091 0.0486815816949261 0.0184243491386049
19.3 9.19972552922154 74.4119730065038 85.2009414499092 0.267811399706612 0.0521584646185869 0.0277942556004768
19.4 9.26551335527422 74.4673174196916 85.1654189464167 0.269596261399764 0.0557200790302671 0.0356371400883341
19.5 9.33125960228018 74.5226785953071 85.1300109796307 0.271592537414243 0.0593636556197591 0.0422684433143093
19.6 9.39695843022496 74.5780536434347 85.0947263017581 0.273813245770512 0.0630867726536732 0.0479343521256391
19.7 9.46260395262255 74.633439429548 85.0595736955618 0.276271616180991 0.0668872921432245 0.0528284896975961
19.8 9.52819025216666 74.6888325705805 85.0245619626181 0.278981075670237 0.0707633085498758 0.0571042979605439
19.9 9.59371139658627 74.7442294309981 84.9896999115741 0.281955234195136 0.0747131066675439 0.0608842824351446
20 9.65916145467711 74.7996261188708 84.9549963464053 0.285207870265082 0.0787351262637376 0.0642669620072915
20.1 9.72453451251103 74.8550184819702 84.9204600546553 0.288752916523818 0.0828277310488412 0.0672938159601624
20.2 9.78982469051616 74.9104021045352 84.8860997952114 0.292604444334188 0.0869885621963433 0.0700030059782583
20.3 9.85502616251505 74.9657723057344 84.8519242849059 0.296776645831848 0.0912150847789555 0.0724627168466377
20.4 9.9201331754612 75.021124138797 84.8179421846525 0.301283814981893 0.0955047606411355 0.074729233166496
20.5 9.9851400690856 75.0764523901688 84.7841620855653 0.306140328597129 0.099855026019355 0.076849311575989
20.6 10.050041295371 75.1317515786687 84.7505924950784 0.311360627356358 0.104263269986078 0.0788620532041324
20.7 10.1148314377993 75.1870159546452 84.717241823065 0.316959196822653 0.108726813604497 0.0808003892098194
20.8 10.1795052303166 75.2422394991326 84.684118367956 0.322950548461632 0.113242889737682 0.0826922652697839
20.9 10.2440575759542 75.2974159230072 84.6512303028599 0.329349200659744 0.117808623506286 0.0845615907026343
21 10.3084835650478 75.3525386661441 84.6185856616816 0.336169659742537 0.122421013427837 0.0864290026780074
21.1 10.3727784930306 75.4076008966296 84.5861923252536 0.343426400975892 0.127076834665453 0.0882371316888885
21.2 10.4369378787457 75.4625955114452 84.554058007777 0.351133849123876 0.131772354807362 0.0899386856114648
21.3 10.5009574848195 75.5175151408831 84.5221902440516 0.359306357881135 0.136503496920291 0.0915638759563361
21.4 10.5648333383857 75.5723521544334 84.4905963770144 0.36795818886192 0.141265890248771 0.0931389290951723
21.5 10.6285617510616 75.6270986667274 84.4592835452921 0.377103490572056 0.146054850732947 0.094686773777134
21.6 10.692139338048 75.6817465434804 84.4282586707519 0.386756277380916 0.150865362740364 0.0962276124976627
21.7 10.7555630362597 75.7362874074352 84.3975284460534 0.396930408493393 0.155692062318534 0.0977793986966676
21.8 10.818830121392 75.7907126443055 84.3670993221998 0.407639566921871 0.160529222306548 0.0993582373607062
21.9 10.8819382238237 75.8450134087189 84.3369774960895 0.418897238458198 0.165370739674146 0.10097872319969
22 10.9448853432552 75.8991806301604 84.3071688980677 0.430716690645657 0.170210125481401 0.102654227843648
22.1 11.0076698620049 75.953205018965 84.2776791795214 0.443110951776767 0.175040657694334 0.10432705642695
22.2 11.0702905575547 76.0070770736024 84.2485137016063 0.456092790562571 0.179855832703848 0.105943880637128
22.3000000000001 11.1327466154323 76.0607870912399 84.2196775268469 0.469674697506483 0.184648840190642 0.107522376563724
22.4000000000001 11.1950376413457 76.1143251795971 84.1911754118688 0.483868866949632 0.189412394441098 0.109078505550352
22.5000000000001 11.257163671802 76.1676812688499 84.1630118001744 0.498687179142025 0.194138735216144 0.110626797411667
22.6000000000001 11.3191251830779 76.2208451235347 84.1351908149185 0.514141182313711 0.19881963303248 0.112180594885856
22.7000000000001 11.3809230984344 76.2738063544527 84.1077162516835 0.530242074745955 0.203446399288127 0.113752266462083
22.8000000000001 11.4425587934673 76.3265544305741 84.0805915712562 0.547000686842395 0.208009901649035 0.115353393421369
22.9000000000001 11.5040340994864 76.3790786909424 84.053819892402 0.564427463200215 0.212500585085862 0.116994935978617
23.0000000000001 11.5653513048169 76.4313683565784 84.0274039846419 0.582532444681309 0.216908498907057 0.11868738258503
23.1000000000001 11.6265131539439 76.4834125424196 84.0013462610893 0.601325250539422 0.221223669552458 0.120376029956173
23.2000000000001 11.687522844942 76.5352002701722 83.9756487729041 0.620815062002661 0.225437138091602 0.122006530645177
23.3000000000001 11.7483840261402 76.5867204834802 83.9503132078466 0.641010609550394 0.229539945899366 0.123589006602876
23.4000000000001 11.8091007913695 76.6379620640063 83.9253408904475 0.661920161645524 0.233522829678221 0.125132865861283
23.5000000000001 11.8696776732617 76.6889138475494 83.9007327822405 0.683551513522728 0.237376265927298 0.126646944314412
23.6000000000001 11.9301196345151 76.7395646401606 83.8764894819938 0.705911975976705 0.241090520752285 0.128139633171512
23.7000000000001 11.9904320570716 76.7899032342602 83.8526112259425 0.729008364150422 0.2446557048425 0.129618994995056
23.8000000000001 12.0506207291576 76.8399184247541 83.8290978880209 0.752846986323354 0.248061833335573 0.131092870766981
23.9000000000001 12.1106918301465 76.8895990251509 83.8059489800941 0.777433632699735 0.251298890176748 0.132568980077216
24.0000000000001 12.1706519132171 76.938933883678 83.7831636521906 0.802773564196794 0.254356896464618 0.134055016275099
24.1000000000001 12.2305078858007 76.987911899403 83.7607406927968 0.828871501310393 0.257226467299999 0.135512414510865
24.2000000000001 12.2902669882049 77.0365220384722 83.7386785307808 0.855731614992553 0.25990032482903 0.136899855104425
24.3000000000001 12.3499367713015 77.084753350645 83.7169752414507 0.883357522636162 0.262371880389836 0.138220846257806
24.4000000000001 12.4095250731202 77.1325949859466 83.6956285542427 0.911752286071583 0.264634802064195 0.139478838145914
24.5000000000001 12.4690399941166 77.1800362113244 83.6746358604707 0.940918409640651 0.266683069690681 0.140677292516513
24.6000000000001 12.528489871145 77.2270664273045 83.6539942210767 0.970857838270661 0.268511028302176 0.141819746774594
24.7000000000001 12.5878832501953 77.2736751846486 83.6337003743811 1.00157195554837 0.270113439262869 0.142909873460372
24.8000000000001 12.6472288579533 77.3198522010102 83.6137507438328 1.03306158179398 0.27148552838056 0.143951535924311
24.9000000000001 12.7065355722591 77.3655873775917 83.594141445759 1.06532697213513 0.272623030285282 0.144948840924789
25.0000000000001 12.7658123915408 77.4108708158004 83.5748682971159 1.09836781458092 0.273522228399402 0.145906188838962
25.1000000000001 12.8250684033175 77.4556928338687 83.5559268232813 1.132183228181 0.274180565291072 0.146814837211757
25.2000000000001 12.8843127520876 77.5000439825069 83.5373122669565 1.16677176339855 0.274598387309432 0.147661550978348
25.3000000000001 12.9435546073624 77.5439150581054 83.519019599884 1.20213140810281 0.274777211419491 0.148444451250859
25.4000000000001 13.0028031321272 77.5872971149701 83.501043535674 1.23825959577549 0.274719140815179 0.149161946001273
25.5000000000001 13.0620674517489 77.6301814775211 83.4833785426736 1.27515321380224 0.27442685130853 0.149812736564694
25.6000000000001 13.1213566234205 77.6725597524915 83.4660188568363 1.31280861176418 0.273903571833324 0.150395822009858
25.7000000000001 13.1806796062328 77.7144238411253 83.4489584945914 1.35122160972941 0.273153059425996 0.150910501312133
25.8000000000001 13.2400452319571 77.7557659513768 83.4321912657129 1.39038750654454 0.272179569124593 0.151356373324286
25.9000000000001 13.2994621766174 77.7965786101087 83.4157107861893 1.43030108812615 0.270987819291054 0.15173333457943
26.0000000000001 13.3589389329224 77.8368546752907 83.3995104910923 1.47095663575235 0.269582952916087 0.152041575006086
26.1000000000001 13.4184837836187 77.8765873481381 83.3835836474538 1.51234793440999 0.267970942667594 0.152302026609858
26.2000000000001 13.4781047757813 77.9157701836881 83.3679233673198 1.55446828259033 0.2661598886036 0.152532061173259
26.3000000000001 13.5378096962587 77.9543970974105 83.3525226212591 1.5973105057617 0.264158623982444 0.152726926068714
26.4000000000001 13.5976060487886 77.9924623702562 83.3373742520498 1.64086697129056 0.261976204234413 0.152882079353598
26.5000000000001 13.6575010329544 78.0299606536452 83.3224709883729 1.68512960341828 0.259621842186736 0.152993151211853
26.6000000000001 13.7175015249955 78.066886974456 83.3078054585058 1.73008989823797 0.257104844349192 0.153055905393039
26.7000000000001 13.7776140604661 78.1032367400128 83.2933702040161 1.77573893867127 0.25443454899339 0.153066200297462
26.8000000000001 13.8378448187276 78.139005743075 83.2791576934551 1.82206740944515 0.25162026667241 0.153019949330926
26.9000000000001 13.8981996092478 78.1741901668247 83.265160336051 1.86906561206869 0.248671223735292 0.152913080177561
27.0000000000001 13.9586838596713 78.208786589856 83.2513704954033 1.91672347980989 0.245596509295569 0.152741492605015
27.1000000000001 14.0193026056116 78.2427919911242 83.2377805031703 1.96503059269278 0.242405237474216 0.152519673851139
27.2000000000001 14.0800604820283 78.2762037538992 83.2243826726245 2.01397619302214 0.239107140022143 0.152260426108069
27.3000000000001 14.1409617160968 78.3090196671868 83.2111693118677 2.06354920224762 0.235711894116451 0.151956945849526
27.4000000000001 14.202010121832 78.3412379261528 83.1981327369125 2.11373823835557 0.232228869497445 0.15160220955403
27.5000000000001 14.2632090965258 78.372857132509 83.185265284759 2.1645316332811 0.22866709090521 0.151188911133064
27.6000000000001 14.3245616189202 78.4038762948987 83.1725593264708 2.21591745032017 0.225035205511207 0.150709396486334
27.7000000000001 14.3860702490295 78.434294829283 83.160007280252 2.26788350154163 0.221341455240991 0.150155594356579
27.8000000000001 14.4477371295231 78.4641125593264 83.1476016245233 2.32041736519938 0.217593653821742 0.14951894250493
27.9000000000001 14.5095639885768 78.4933297167828 83.1353349109986 2.37350640314436 0.21379916833617 0.148790308080998
28.0000000000001 14.5715521441011 78.521946941881 83.1231997777614 2.42713777823671 0.209964905027133 0.147959900867795
28.1000000000001 14.6337025092416 78.5499652836416 83.1111889623173 2.48129847177413 0.206097603778323 0.147063930441768
28.2000000000001 14.6960155987766 78.577386198392 83.0992953140261 2.53597530134541 0.202204760035134 0.14613682664214
28.3000000000001 14.7584915360101 78.604211543709 83.0875118049579 2.59115493976275 0.198293729185257 0.145164987364207
28.4000000000001 14.8211300607789 78.6304435705595 83.075831540129 2.64682393441917 0.194371418527733 0.144133925893368
28.5000000000001 14.8839305388281 78.6560849153722 83.0642477677133 2.70296872666231 0.190444283419988 0.143028147284372
28.6000000000001 14.9468919724712 78.6811385921097 83.0527538892541 2.75957567116815 0.186518326520008 0.1418310162556
28.7000000000001 15.0100130124389 78.7056079843398 83.0413434698762 2.81663105531478 0.182599099772473 0.140524615162041
28.8000000000001 15.0732919708249 78.7294968373073 83.0300102484973 2.87412111855613 0.178691708799437 0.139089590464454
28.9000000000001 15.1367268350375 78.7528092500058 83.0187481480397 2.93203207179578 0.174800819378404 0.137504985854075
29.0000000000001 15.2003152826713 78.7755496672494 83.0075512856424 2.99035011676065 0.170930665715627 0.135748059907991
29.1000000000001 15.264054697182 78.7977228717156 82.9964139828323 3.04906146533969 0.167085064966119 0.133859865162962
29.2000000000001 15.3279421834059 78.8193339752479 82.9853307746497 3.10815235800955 0.163267481352831 0.131884730594257
29.3000000000002 15.3919745814659 78.8403884082746 82.974296416119 3.16760907994282 0.159481090015403 0.129802159074149
29.4000000000002 15.4561484804316 78.8608919084887 82.9633058876725 3.22741797620333 0.1557287904009 0.12758988486726
29.5000000000002 15.5204602325661 78.8808505094973 82.952354400535 3.28756546690628 0.152013215116509 0.125223670049716
29.6000000000002 15.5849059681397 78.9002705294718 82.9414374021072 3.34803806237842 0.148336739353073 0.122677081100571
29.7000000000002 15.6494816107619 78.9191585597985 82.9305505813507 3.40882237831823 0.144701490763547 0.119921243390651
29.8000000000002 15.7141828931839 78.9375214537281 82.9196898741712 3.46990515095609 0.141109359710265 0.116924570966108
29.9000000000002 15.7790053735262 78.9553663150265 82.9088514688031 3.53127325221444 0.137562009821573 0.113652468753354
30.0000000000002 15.8439444518928 78.9727004866244 82.8980318111936 3.59291370486795 0.134060888830892 0.110067003911583
30.1000000000002 15.9089953872892 78.9895315392602 82.8872276103433 3.65481369765553 0.130607166203074 0.10620910643406
30.2000000000002 15.9741533137948 79.0058672599284 82.8764358425274 3.71696059914035 0.127201564008323 0.102126211251493
30.3000000000002 16.0394132543169 79.0217156398342 82.8656537526722 3.77934196839167 0.123844656786078 0.0977851858352405
30.4000000000002 16.1047701335105 79.0370848621536 82.854878854612 3.84194556441467 0.120536962187211 0.0931496534620691
30.5000000000002 16.170218790858 79.051983289787 82.8441089313022 3.90475935553215 0.117278948105937 0.0881796441367326
30.6000000000002 16.2357539939358 79.066419453111 82.8333420350335 3.96777152876619 0.114071040086011 0.0828312120069878
30.7000000000002 16.3013704518536 79.0804020377322 82.8225764876448 4.03097049921985 0.110913629064493 0.0770560175297121
30.8000000000002 16.3670628288533 79.0939398722396 82.811810880737 4.09434491945881 0.107807079537669 0.0708008731714728
30.9000000000002 16.4328257580574 79.1070419159578 82.8010440758865 4.15788368889312 0.104751738256042 0.0640072522413938
31.0000000000002 16.4986538553545 79.1197172466992 82.7902752048585 4.22157596315879 0.101747943583371 0.0566107617226907
31.1000000000002 16.5645417333697 79.1319750485337 82.7795036697814 4.28541116344527 0.0987958900773257 0.0486405492087125
31.2000000000002 16.6304840144288 79.143824599975 82.7687291422862 4.3493789844115 0.0958952375797675 0.0401349468280795
31.3000000000002 16.6964753407443 79.1552752632284 82.7579515600242 4.41346939851947 0.0930456184486433 0.0310344841622106
31.4000000000002 16.7625103835023 79.1663364738561 82.74717112215 4.47767265895645 0.0902467995844638 0.02127382106177
31.5000000000002 16.8285838519211 79.1770177304585 82.7363882847654 4.54197930250298 0.0874986909173282 0.0107812778200378
31.6000000000002 16.8946905023317 79.187328584356 82.7256037563633 4.60638015240079 0.0848013550573809 -0.000521620389113634
31.7000000000002 16.9608251472831 79.1972786292701 82.7148184932709 4.6708663212208 0.0821550182484871 -0.0127205591864269
31.8000000000002 17.0269826646762 79.2068774910052 82.7040336950939 4.73542921373105 0.0795600827706052 -0.0259087744812401
31.9000000000002 17.0931580069298 79.2161348171297 82.69325080016 4.80006052976469 0.0770171409360275 -0.0401872653710665
32.0000000000002 17.1593462101803 79.2250602666578 82.6824714809626 4.86475226708791 0.0745269908237153 -0.0556648116231882
32.1000000000002 17.2255424034831 79.2336634997591 82.6716976395785 4.92949672422371 0.0720904948853492 -0.0723669437065928
32.2000000000002 17.2917418171262 79.241954168203 82.6609314024086 4.99428650212616 0.069708144664 -0.0903125208829091
32.3000000000002 17.3579397886087 79.2499419076679 82.6501751131992 5.05911450293666 0.0673805961145389 -0.109610164910068
32.4000000000002 17.4241317676555 79.2576363307859 82.6394313253867 5.12397392759075 0.0651088534362291 -0.130372884424788
32.5000000000002 17.4903133211518 79.2650470202145 82.6287027944163 5.18885827338069 0.0628942897945786 -0.152716004997201
32.6000000000002 17.556480138039 79.2721835217094 82.6179924700599 5.25376133151803 0.0607386693309188 -0.176754095860559
32.7000000000002 17.6226280341787 79.2790553371968 82.607303488735 5.31867718469619 0.0586441698841019 -0.202596595358657
32.8000000000002 17.6887529571879 79.2856719178459 82.596639165823 5.38360020465308 0.056613405532353 -0.230341788283021
32.9000000000002 17.7548509912498 79.2920426571408 82.5860029879877 5.4485250497336 0.0546494476393747 -0.260068753761563
33.0000000000002 17.8209183619002 79.2981768839535 82.5753986054937 5.51344666245228 0.0527558425491405 -0.291826900720754
33.1000000000002 17.8869514407612 79.3040838556539 82.5648298245175 5.57836026701918 0.050936455483177 -0.325599002166115
33.2000000000002 17.9529467494273 79.3097727522102 82.5543005992671 5.64326136591227 0.0491950011379014 -0.36132540449267
33.3000000000002 18.0189009612139 79.3152526728021 82.5438150236151 5.70814573402933 0.0475355987597299 -0.398909613175907
33.4000000000002 18.0848109019894 79.3205326334232 82.5333773225405 5.77300941188641 0.0459629345188425 -0.438169516595771
33.5000000000002 18.1506735508743 79.3256215645221 82.5229918435629 5.83784869877953 0.0444822280492887 -0.478816568583362
33.6000000000002 18.2164860408429 79.3305283086432 82.5126630481769 5.90266014594643 0.0430991719658687 -0.520435301696445
33.7000000000002 18.2822456592293 79.3352616180677 82.5023955032861 5.96744054972829 0.0418198376308944 -0.56246603981559
33.8000000000002 18.3479498481387 79.3398301524541 82.4921938726377 6.03218694473149 0.0406505410133935 -0.604194805402783
33.9000000000002 18.4135962047621 79.3442424764794 82.4820629082568 6.09689659698932 0.0395976643377204 -0.644755310290967
34.0000000000002 18.4791824815942 79.3485070574799 82.4720074418803 6.16156699712375 0.0386674327373195 -0.683148116757763
34.1000000000002 18.5447065865545 79.3526322631078 82.4620323764019 6.22619585351218 0.0378656096508916 -0.718371860504926
34.2000000000002 18.6101665831175 79.3566263593955 82.4521426775771 6.29078108558597 0.0371971138943352 -0.749414290370012
34.3000000000002 18.6755606906224 79.3604975098576 82.4423433663936 6.35532081746322 0.0366659040006465 -0.775227407528527
34.4000000000002 18.7408872845745 79.3642537749993 82.4326395117012 6.4198133717132 0.0362747545203103 -0.794896159572549
34.5000000000002 18.8061448968239 79.3679031118417 82.4230362228537 6.48425726312593 0.0360250231384857 -0.807725861821736
34.6000000000002 18.871332215612 79.3714533734471 82.4135386423495 6.54865119248169 0.0359164826222776 -0.81331375231411
34.7000000000002 18.9364480854825 79.3749123084435 82.4041519384724 6.61299404032053 0.0359472381020651 -0.811591262406701
34.8000000000002 19.0014915070514 79.3782875605497 82.3948812979331 6.67728486071185 0.0361137401753336 -0.802828684496782
34.9000000000002 19.0664616366281 79.3815866681005 82.3857319185097 6.74152287502392 0.0364108918647805 -0.787601593740011
35.0000000000002 19.1313577856838 79.3848170635716 82.3767090016889 6.80570746569336 0.0368322354011588 -0.766726201527097
35.1000000000002 19.1961794201431 79.3879860731229 82.3678177453157 6.86983816998185 0.0373702227873788 -0.741280355667545
35.2000000000002 19.2609261591667 79.3911009166247 82.3590633364691 6.93391467339691 0.0380166108500752 -0.712400542502635
35.3000000000002 19.3255977728937 79.3941687089076 82.3504509449108 6.9979368022604 0.0387627197460558 -0.681099987752027
35.4000000000002 19.3901941796586 79.3971964614951 82.3419857167606 7.06190451594132 0.0395996551797752 -0.648318332798294
35.5000000000002 19.4547154430052 79.4001910843548 82.3336727681796 7.12581789907555 0.0405185130220786 -0.614883394229256
35.6000000000002 19.5191617685061 79.403159387649 82.3255171790543 7.18967715378571 0.0415105440009693 -0.581491439407487
35.7000000000002 19.5835335003808 79.4061080834863 82.31752398668 7.25348259190098 0.0425672774278801 -0.548702689720104
35.8000000000002 19.6478311179088 79.4090437876722 82.3096981794445 7.31723462717688 0.043680606850564 -0.516947822306602
35.9000000000002 19.7120552316299 79.4119730214602 82.3020446905117 7.38093376751515 0.0448428428587421 -0.486541333097039
36.0000000000002 19.7762065793278 79.4149022133033 82.2945683915055 7.44458060718351 0.0460467392586048 -0.457698308475837
36.1000000000002 19.8402860218029 79.4178377005999 82.2872740862124 7.50817581905152 0.0472855677492622 -0.430521292411714
36.2000000000002 19.9042945387683 79.4207857313267 82.2801665047881 7.57172014724248 0.0485533176976426 -0.405039169881422
36.3000000000002 19.968233225416 79.4237524653805 82.2732502992406 7.63521440084165 0.0498444727724288 -0.381260435804157
36.4000000000002 20.0321032891255 79.426743975806 82.2665300394169 7.69865944802051 0.0511539149314809 -0.359159951451685
36.5000000000002 20.0959060459774 79.4297662500189 82.2600102090089 7.76205621017711 0.0524768939163296 -0.338688732068668
36.6000000000003 20.1596429170563 79.4328251910294 82.2536952015592 7.82540565607633 0.0538089960716579 -0.319781744431537
36.7000000000003 20.2233154245387 79.4359266186657 82.2475893164672 7.88870879599021 0.0551461138952778 -0.302363966517306
36.8000000000003 20.2869251875639 79.4390762707969 82.241696754995 7.95196667583824 0.0564844172379824 -0.286354988211639
36.9000000000003 20.3504739178855 79.4422798045565 82.2360216162732 8.01518037132764 0.0578203267173454 -0.271672423242203
37.0000000000003 20.4139634153015 79.4455427975658 82.2305678933068 8.07835098209373 0.0591504896395286 -0.258234375440113
37.1000000000003 20.477395562875 79.4488707491478 82.2253394689951 8.14147962585605 0.0604717970215933 -0.245907636342282
37.2000000000003 20.5407723223017 79.4522690813015 82.2203401125134 8.20456743298846 0.0617814766699797 -0.234564274701545
37.3000000000003 20.6040957300014 79.4557431390663 82.2155734766121 8.26761554213955 0.0630769551095278 -0.224135047173578
37.4000000000003 20.6673678933759 79.4592981906466 82.2110430952786 8.33062509626691 0.0643558037930963 -0.214555249752899
37.5000000000003 20.7305909868823 79.4629394275277 82.206752381412 8.39359723868725 0.0656157266467155 -0.205764794194493
37.6000000000003 20.7937672479059 79.4666719645906 82.2027046244985 8.45653310912662 0.0668545494296343 -0.197708155690186
37.7000000000003 20.8568989724354 79.4705008402278 82.1989029882868 8.51943383977054 0.0680702107346824 -0.190334233743635
37.8000000000003 20.9199885105413 79.4744310164585 82.1953505084627 8.58230055131416 0.0692607544586735 -0.18359615733183
37.9000000000003 20.9830382616589 79.4784673790441 82.1920500903249 8.64513434901245 0.0704243235833656 -0.177451057149994
38.0000000000003 21.0460506696795 79.4826147376038 82.18900450646 8.70793631873036 0.0715591551182165 -0.171859821418807
38.1000000000003 21.1090282178665 79.486877825725 82.1862163944299 8.77070752300934 0.0726636135307578 -0.166751786090024
38.2000000000003 21.1719734239906 79.4912613009544 82.1836882547784 8.83344899756018 0.0737362980946522 -0.162060354035693
38.3000000000003 21.2348888363143 79.4957697444855 82.1814224498479 8.89616174883778 0.074775924156734 -0.157757314853271
38.4000000000003 21.2977770298252 79.500407660725 82.1794212029149 8.95884675204213 0.0757812821226796 -0.15381710542182
38.5000000000003 21.3606406023352 79.505179476856 82.1776865973383 9.02150494913579 0.0767512348993179 -0.150216581491253
38.6000000000003 21.4234821704366 79.5100895424005 82.1762205757072 9.08413724686123 0.0776847158463086 -0.146934808820786
38.7000000000003 21.4863043653189 79.5151421287817 82.175024938989 9.14674451475831 0.0785807271627216 -0.143952873129991
38.8000000000003 21.5491098284529 79.5203414288871 82.1741013456774 9.20932758318163 0.0794383386408004 -0.14125370794271
38.9000000000003 21.6119012071459 79.5256915566305 82.1734513109402 9.27188724131797 0.080256686727866 -0.138821939200863
39.0000000000003 21.6746811499762 79.5311965465151 82.1730762057677 9.33442423520371 0.0810349738443688 -0.136643745489358
39.1000000000003 21.7374523021217 79.5368603532016 82.1729772561266 9.39693926575204 0.08177250634101 -0.134708852680628
39.2000000000003 21.8002173008471 79.5426868512193 82.1731555422794 9.45943298703583 0.082468809979075 -0.133007198289156
39.3000000000003 21.8629787715784 79.5486798350437 82.1736119985222 9.52190600521911 0.0831235147501335 -0.131527345487995
39.4000000000003 21.9257393241699 79.5548430193157 82.1743474130868 9.58435887774429 0.0837363152956716 -0.130259075133612
39.5000000000003 21.9885015491178 79.5611800390676 82.1753624280496 9.6467921125291 0.084306969712827 -0.129193285919532
39.6000000000003 22.051268013715 79.5676944499486 82.1766575392407 9.70920616716352 0.0848352984823499 -0.128321905602412
39.7000000000003 22.1140412581572 79.574389728451 82.1782330961525 9.77160144810682 0.0853211834916907 -0.127637812207834
39.8000000000003 22.176823791605 79.5812692721352 82.1800893018485 9.83397830988447 0.0857645671332335 -0.127134764203009
39.9000000000003 22.2396180882103 79.5883363998553 82.1822262128719 9.89633705428514 0.0861654514616239 -0.126807338746956
40.0000000000003 22.302426583115 79.5955943519854 82.184643739155 9.95867792955764 0.0865238973939247 -0.126650877195521
40.1000000000003 22.3652516684361 79.6030462906613 82.1873416439345 10.0210011296148 0.0868400998803587 -0.126685745500714
40.2000000000003 22.4280956894764 79.6106953004525 82.190319543855 10.0833067934167 0.0871146167137731 -0.126930696114146
40.3000000000003 22.4909609415508 79.618544390124 82.1935769095459 10.1455950048091 0.0873481424975279 -0.127379800687471
40.4000000000003 22.5538496670915 79.6265964948288 82.1971130663859 10.207865792541 0.0875414313321183 -0.12802788089414
40.5000000000003 22.6167640528176 79.6348544783157 82.2009271952739 10.2701191302897 0.0876952950513064 -0.128870439908432
40.6000000000003 22.6797062269665 79.643321135138 82.2050183334014 10.332354936685 0.087810601564845 -0.12990359933004
40.7000000000003 22.7426782565936 79.6519991928615 82.2093853750228 10.3945730753343 0.0878882733049733 -0.131124040646328
40.8000000000003 22.8056821449464 79.6608913142732 82.2140270722275 10.4567733548467 0.0879292857715367 -0.132528950364081
40.9000000000003 22.8687198289204 79.6700000995897 82.218942035711 10.5189555288584 0.0879346661761183 -0.134115968048474
41.0000000000003 22.9317931766012 79.679328088665 82.2241287355466 10.5811192960567 0.0879054921856542 -0.135883136517699
41.1000000000003 22.994903984894 79.6888777632086 82.22958550194 10.6432643002004 0.0878428577869438 -0.137876391596353
41.2000000000003 23.0580539771323 79.6986515492337 82.2353105255593 10.7053901300217 0.0877477805114724 -0.14014252449876
41.3000000000003 23.1212448004789 79.7086518200956 82.2413018567839 10.7674963188282 0.0876213125807056 -0.142681500125861
41.4000000000003 23.1844780233002 79.7188808997607 82.2475574045288 10.8295823439868 0.0874645760495344 -0.145493723143857
41.5000000000003 23.2477551326291 79.7293410660851 82.2540749350513 10.8916476264028 0.0872787634630265 -0.14857997467199
41.6000000000003 23.3110775317283 79.7400345540929 82.2608520707593 10.9536915299993 0.0870651387585956 -0.151941343649035
41.7000000000003 23.3744465377596 79.7509635592546 82.267886289018 11.0157133611965 0.0868250384211896 -0.15557915157791
41.8000000000003 23.4378633795654 79.7621302407653 82.2751749209579 11.0777123683911 0.0865598728938152 -0.159494869249595
41.9000000000003 23.5013291955672 79.7735367248234 82.2827151502817 11.1396877414352 0.0862711282520248 -0.163690023941547
42.0000000000003 23.564845031787 79.7851851079088 82.2905040120725 11.2016386111158 0.0859603681388675 -0.168166095526439
42.1000000000003 23.628411839997 79.7970774600702 82.2985383915954 11.2635640486335 0.0856292511906427 -0.172950386816703
42.2000000000003 23.6920304760101 79.8092158284441 82.3068150229781 11.3254630650583 0.0852795832642378 -0.178069587974695
42.3000000000003 23.7557016981282 79.8216022413623 82.3153304875761 11.3873346107292 0.0849132819575431 -0.183523768401461
42.4000000000003 23.81942616575 79.8342387126907 82.3240812122164 11.4491775746322 0.084532366090607 -0.189312314720185
42.5000000000003 23.8832044381393 79.8471272461779 82.3330634674358 11.5109907837763 0.0841389597102972 -0.195433702160029
42.6000000000003 23.9470369733598 79.8602698398024 82.3422733657185 11.5727730025704 0.0837352963390811 -0.201885239549511
42.7000000000003 24.0109241273814 79.8736684901214 82.3517068597348 11.6345229321999 0.0833237234166301 -0.208662786528232
42.8000000000003 24.0748661533644 79.8873251966183 82.3613597405796 11.696239210003 0.0829067068682237 -0.215760442133878
42.9000000000003 24.138863201129 79.901241966051 82.37122763601 11.7579204088476 0.0824868357170669 -0.22317020491099
43.0000000000003 24.2029153168136 79.9154208167996 82.3813060086841 11.8195650365079 0.0820668266413753 -0.230881605703148
43.1000000000003 24.2670224427261 79.9298637832024 82.3915901543927 11.8811715350392 0.0816494629071991 -0.238874577931058
43.2000000000003 24.3311844172622 79.9445729195662 82.4020752001291 11.9427382801189 0.0812374026592756 -0.247128817757722
43.3000000000003 24.3954009746796 79.9595503033529 82.4127561017472 12.0042635802975 0.0808333802890129 -0.25562895717817
43.4000000000003 24.4596717449198 79.974798038041 82.4236276414572 12.0657456762156 0.0804402759933559 -0.264356028605294
43.5000000000003 24.5239962536099 79.9903182559748 82.4346844253147 12.1271827398193 0.0800611191322056 -0.273287062413543
43.6000000000004 24.5883739222562 80.0061131212133 82.4459208807106 12.1885728735752 0.0796990907312884 -0.282394692847605
43.7000000000004 24.6528040686386 80.0221848323794 82.4573312538603 12.2499141096863 0.0793575249077548 -0.291646787452896
43.8000000000004 24.7172859074134 80.0385356255091 82.4689096072933 12.311204409307 0.079039908979271 -0.301006118485301
43.9000000000004 24.7818185509335 80.0551677769005 82.4806498173423 12.3724416617583 0.0787498820018662 -0.310430098145917
44.0000000000004 24.8464010102953 80.0720836059626 82.4925455716333 12.4336236837435 0.0784912314748071 -0.319870602467192
44.1000000000004 24.9110321966169 80.0892854780338 82.5045903665776 12.4947482185666 0.0782677600880782 -0.32922802956335
44.2000000000004 24.9757109224318 80.1067758063891 82.5167775049416 12.5558129354297 0.0780828832133646 -0.338406103244238
44.3000000000004 25.0404359029829 80.1245570521904 82.5291000936145 12.6168154289318 0.0779399834331284 -0.347354921729206
44.4000000000004 25.105205757584 80.1426317236265 82.5415510414524 12.6777532186478 0.0778425247745387 -0.356021515716361
44.5000000000004 25.1700190111721 80.1610023750222 82.5541230571261 12.7386237487085 0.0777940400692606 -0.36435040883745
44.6000000000004 25.2348740960629 80.1796716059466 82.5668086469688 12.7994243873831 0.0777981164676533 -0.372284325918539
44.7000000000004 25.2997693539194 80.1986420603224 82.5796001128235 12.8601524266593 0.0778583791849949 -0.379765046630547
44.8000000000004 25.3647030379434 80.2179164255343 82.5924895498907 12.9208050818253 0.0779784736233752 -0.386734394064632
44.9000000000004 25.429673315299 80.2374974315381 82.6054688445761 12.9813794910507 0.078162046088577 -0.393135339082895
45.0000000000004 25.4946782697802 80.2573878499694 82.6185296723382 13.0418727149679 0.0784127233892683 -0.398913191965708
45.1000000000004 25.5597159047288 80.277590493212 82.6316634955516 13.1022817362605 0.0787339171694048 -0.403952590926922
45.2000000000004 25.6247841461456 80.2981082124193 82.6448615617822 13.1626034594402 0.0791282569585501 -0.408159734199377
45.3000000000004 25.6898808458577 80.3189438928778 82.6581149031079 13.2228347111037 0.0795980572071244 -0.411520640574865
45.4000000000004 25.7550037848014 80.3401004483227 82.6714143358504 13.282972240377 0.0801454731981308 -0.41402952979094
45.5000000000004 25.8201506764787 80.3615808152136 82.6847504603232 13.3430127193682 0.0807724906673394 -0.415689102353404
45.6000000000004 25.8853191705958 80.3833879470106 82.6981136605796 13.402952743619 0.0814809180802934 -0.416510583406586
45.7000000000004 25.9505068568891 80.4055248084496 82.7114941041608 13.4627888325576 0.0822723817139137 -0.416513527287473
45.8000000000004 26.0157112691429 80.4279943698185 82.7248817418436 13.5225174299506 0.0831483236002531 -0.415725391808303
45.9000000000004 26.0809298894062 80.4507996012324 82.7382663073888 13.5821349043551 0.0841100022951923 -0.414180902865396
46.0000000000004 26.1461601524129 80.4739434669097 82.7516373172884 13.6416375495711 0.0851584963455336 -0.411921240150954
46.1000000000004 26.2113994502131 80.4974289194093 82.7649840705421 13.701021585102 0.0862945158203644 -0.408933233058064
46.2000000000004 26.2766451369997 80.5212588928716 82.7782956491535 13.760283156832 0.0875178038524005 -0.40522727556044
46.3000000000004 26.3418945340605 80.5454362937299 82.7915609204571 13.8194183382537 0.08882769424354 -0.400885811560822
46.4000000000004 26.4071449348126 80.5699639904249 82.8047685401657 13.8784231319131 0.09022332255767 -0.395992117659057
46.5000000000004 26.4723936099141 80.5948448030817 82.8179069554462 13.9372934708619 0.0917036502873896 -0.390628738872675
46.6000000000004 26.5376378124485 80.6200814931859 82.8309644079949 13.9960252201112 0.0932674894528981 -0.384876111349509
46.7000000000004 26.6028747831771 80.6456767532601 82.843928937113 14.0546141780838 0.0949135270330655 -0.378811399784158
46.8000000000004 26.6681017558529 80.671633196541 82.8567883827821 14.1130560780677 0.0966403487118349 -0.372507562356285
46.9000000000004 26.7333159625914 80.6979533466551 82.8695303887397 14.1713465896686 0.0984464615193665 -0.366032643068179
47.0000000000004 26.7985146392943 80.7246396272956 82.8821424055543 14.2294813202628 0.100330315038922 -0.359449280712096
47.1000000000004 26.8636950311301 80.7516943518936 82.8946116937394 14.2874558164568 0.102290224277134 -0.352748056472666
47.2000000000004 26.9288543983241 80.77911971315 82.9069253278563 14.345265565703 0.104324064302449 -0.345925556520502
47.3000000000004 26.9939900226393 80.8069177722144 82.9190702031285 14.402905998316 0.106429521496994 -0.339044338800597
47.4000000000004 27.0590992140799 80.8350904477248 82.931033043046 14.4603724896455 0.108604202740675 -0.332160465977443
47.5000000000004 27.1241793175303 80.8636395048418 82.9428004070071 14.5176603622562 0.110845654458035 -0.325323584296716
47.6000000000004 27.1892277193029 80.892566544283 82.954358697961 14.5747648881063 0.113151379549321 -0.318577131683737
47.7000000000004 27.2542418535733 80.9218729913575 82.9656941700492 14.6316812907276 0.115518852260673 -0.31195864448301
47.8000000000004 27.3192192086858 80.9515600849999 82.9767929362481 14.6884047474041 0.117945531100531 -0.305500134794581
47.9000000000004 27.3841573333096 80.9816288668049 82.987640976011 14.7449303913519 0.120428869946418 -0.299228513793997
48.0000000000004 27.4490538424284 81.0120801700618 82.9982241429099 14.8012533138983 0.12296632751367 -0.29316604009039
48.1000000000004 27.5139064231495 81.0429146087979 83.0085281723038 14.8573685666578 0.125555346850335 -0.28728473794869
48.2000000000004 27.5787128404623 81.0741325670772 83.018538689677 14.9132711636253 0.1281932543838 -0.28155844974776
48.3000000000004 27.6434709431573 81.1057341889412 83.0282412206795 14.9689560830593 0.130877313840191 -0.276006239526346
48.4000000000004 27.7081786696295 81.1377193686046 83.0376212018388 15.0244182692815 0.133604756943173 -0.27064384765284
48.5000000000004 27.7728340533878 81.1700877406604 83.0466639912965 15.0796526344739 0.136372790428808 -0.265484040185025
48.6000000000004 27.8374352282377 81.2028386702847 83.0553548795455 15.1346540604753 0.139178602369238 -0.260536944924055
48.7000000000004 27.9019804331114 81.2359712434419 83.0636791001674 15.1894174005781 0.142019367970381 -0.25581036943448
48.8000000000004 27.9664680165173 81.2694842570897 83.0716218405688 15.2439374813253 0.144892255006962 -0.251310097836231
48.9000000000004 28.0308964405844 81.3033762093842 83.0791682527192 15.2982091043073 0.147794429050347 -0.247040164483952
49.0000000000004 28.0952642846764 81.3376452898849 83.0863034638875 15.3522270479582 0.150723058636381 -0.243003103625007
49.1000000000004 28.1595702485664 81.372289369794 83.0930125874096 15.4059860693465 0.153675329194518 -0.239137239526295
49.2000000000004 28.2238131555519 81.4073059930885 83.0992807342436 15.4594809057914 0.156648439500873 -0.235384937535475
49.3000000000004 28.287991956137 81.4426923699176 83.1050930265258 15.512706276038 0.159639520619396 -0.231752917974389
49.4000000000004 28.3521057316189 81.4784453708926 83.1104346119138 15.5656568812599 0.162645625711074 -0.228246815983086
49.5000000000004 28.4161536971439 81.5145615214117 83.1152906779612 15.6183274060542 0.16566373770451 -0.224871299410141
49.6000000000004 28.480135204184 81.5510369959842 83.1196464664911 15.670712519437 0.168690777414268 -0.22163017924045
49.7000000000004 28.544049742401 81.5878676125547 83.1234872879702 15.7228068758385 0.171723612200224 -0.218526512276125
49.8000000000004 28.6078969408641 81.6250488268279 83.1267985358826 15.7746051160984 0.174759065254758 -0.215562695990932
49.9000000000004 28.671676568593 81.6625757265926 83.1295657011045 15.8261018684613 0.177793925599971 -0.212740555631562
50.0000000000004 28.7353885343942 81.7004430260463 83.131774386277 15.8772917495721 0.180824958868924 -0.210061423727965
50.1000000000004 28.7990328859936 81.7386450601829 83.1334103201916 15.9281693654613 0.183849036697022 -0.207462658961837
50.2000000000004 28.8626098092066 81.7771757808224 83.1344593724418 15.9787293122731 0.186863457653752 -0.204883458250344
50.3000000000004 28.9261196284043 81.8160287568108 83.1349075687562 16.0289661763414 0.189865527079624 -0.202327366325974
50.4000000000004 28.9895628071207 81.855197175862 83.1347411065996 16.0788745340085 0.192852438669543 -0.199797646454151
50.5000000000004 29.0529399480291 81.8946738464626 83.1339463707842 16.1284489514332 0.195821285751638 -0.197297295090225
50.6000000000004 29.1162517922235 81.934451199778 83.1325099490809 16.1776839843997 0.198769073514886 -0.194829056921894
50.7000000000005 29.1794992177735 81.9745212915563 83.1304186478307 16.2265741781266 0.201692732215359 -0.192395440130336
50.8000000000005 29.242683237522 82.014875804035 83.1276595075559 16.2751140670751 0.204589131383732 -0.189998731699161
50.9000000000005 29.3058049960963 82.0555060478449 83.1242198185712 16.3232981747576 0.207455095047979 -0.187641012624796
51.0000000000005 29.3688657661067 82.0964029639158 83.1200871365955 16.371121013547 0.210287417978034 -0.185324172887634
51.1000000000005 29.4318669435403 82.1375571254376 83.1152492983449 16.4185770844813 0.213083047325553 -0.183015820782871
51.2000000000005 29.4948100432253 82.1789587412681 83.1096944366655 16.4656608769825 0.215839555592448 -0.180682925763996
51.3000000000005 29.557696695862 82.2205976630154 83.1034109944943 16.5123668683547 0.218554596129327 -0.178326320894477
51.4000000000005 29.6205286453215 82.2624633935671 83.0963877383591 16.5586895231957 0.221225742276297 -0.175946874067356
51.5000000000005 29.6833077453308 82.3045450956758 83.0886137718614 16.6046232928048 0.22385050106334 -0.173545473226471
51.6000000000005 29.7460359554866 82.3468316005441 83.080078549158 16.6501626145912 0.226426327838004 -0.171123012991649
51.7000000000005 29.8087153365734 82.3893114164098 83.0707718884435 16.695301911482 0.228950641794419 -0.168680382538781
51.8000000000005 29.8713480451655 82.4319727371309 83.0606839854327 16.7400355913301 0.231420842370166 -0.166218454548908
51.9000000000005 29.9339363274911 82.474803450771 83.0498054268426 16.7843580463226 0.233834326467962 -0.163738075069002
52.0000000000005 29.9964825125436 82.5177911481842 83.038127203875 16.8282636523887 0.236188506450338 -0.161240054146115
52.1000000000005 30.0589890044569 82.5609231316335 83.0256407256608 16.8717467686162 0.238481000937378 -0.158722296750382
52.2000000000005 30.1214582750499 82.6041864242623 83.0123378317256 16.914801736881 0.240710140814014 -0.156180941815725
52.3000000000005 30.1838928580847 82.6475677817346 82.9982108019709 16.9574228820194 0.24287441697508 -0.153614282575479
52.4000000000005 30.2462953439398 82.6910537047288 82.9832523656752 16.9996045122134 0.244972312692814 -0.151020808923485
52.5000000000005 30.3086683738135 82.7346304514643 82.9674557104583 17.0413409193842 0.247002315566583 -0.148399180554941
52.6000000000005 30.3710146334131 82.7782840502285 82.9508144912454 17.0826263795863 0.248962929972485 -0.145748201718381
52.7000000000005 30.433336846116 82.8220003119032 82.933322839231 17.1234551534008 0.250852689964014 -0.143066797337288
52.8000000000005 30.495637765595 82.8657648424914 82.9149753708434 17.1638214863291 0.25267017256902 -0.140353990303673
52.9000000000005 30.5579201678973 82.9095630556441 82.8957671967081 17.2037196091868 0.254414011426878 -0.137608879739881
53.0000000000005 30.6201868429733 82.953380185187 82.8756939306122 17.2431437384972 0.256082910704503 -0.134830620102004
53.1000000000005 30.6824405856814 82.9972012976573 82.854751698419 17.282088076902 0.257675837970864 -0.132037534093147
53.2000000000005 30.7446841871481 83.0410113051051 82.8329371456934 17.3205468140154 0.259192550357877 -0.129245979491965
53.3000000000005 30.8069204279939 83.0847949785658 82.8102474420558 17.3585141284022 0.260633025577795 -0.126452418023417
53.4000000000005 30.8691520721981 83.1285369617972 82.7866802842471 17.3959841900002 0.261997282041354 -0.12365358545412
53.5000000000005 30.9313818607668 83.1722217850266 82.7622338991444 17.4329511625586 0.263285383477976 -0.120846460261008
53.6000000000005 30.9936125051672 83.2158338786979 82.7369070467757 17.4694092060771 0.264497443722826 -0.1180282340961
53.7000000000005 31.0558466805211 83.2593575872187 82.7106990233362 17.5053524792442 0.265633631650025 -0.115196283813383
53.8000000000005 31.1180870185555 83.3027771827074 82.6836096642031 17.5407751418769 0.266694176236176 -0.11234814482292
53.9000000000005 31.1803361003051 83.3460768787404 82.655639346951 17.5756713573586 0.267679371735832 -0.109481485599229
54.0000000000005 31.2425964485637 83.3892408440993 82.626788994368 17.6100352950784 0.268589582953969 -0.106594083167841
54.1000000000005 31.3048705201096 83.4322532165042 82.5970600774065 17.6438611328848 0.269425495802355 -0.103717471750752
54.2000000000005 31.3671606984531 83.4750981159922 82.5664546164821 17.6771430599254 0.270188838517236 -0.100881143572689
54.3000000000005 31.4294692884515 83.5177596573952 82.5349751785731 17.7098752804677 0.270881611226308 -0.0980801655487827
54.4000000000005 31.4917985118455 83.5602219624623 82.5026248726665 17.7420520181058 0.271505829574777 -0.0953099581170443
54.5000000000005 31.5541505030316 83.6024691719688 82.4694073451411 17.7736675199822 0.272063518177598 -0.0925662630675626
54.6000000000005 31.6165273050338 83.6444854578249 82.4353267751492 17.8047160610092 0.272556704406396 -0.0898451137312598
54.7000000000005 31.6789308656637 83.686255035185 82.4003878700001 17.8351919480912 0.272987412542588 -0.0871428072498231
54.8000000000005 31.7413630338605 83.7277621745565 82.3645958605419 17.8650895243455 0.273357658326203 -0.0844558786655221
54.9000000000005 31.8038255561962 83.7689912139084 82.327956496544 17.8944031733251 0.27366944392602 -0.0817810766159664
55.0000000000005 31.8663200735348 83.8099265707809 82.2904760420804 17.9231273232393 0.273924753356636 -0.0791153404366543
55.1000000000005 31.928848117836 83.8505527543718 82.2521612708805 17.9512564511829 0.274125683987696 -0.0764795767808273
55.2000000000005 31.9914111092954 83.8908543770552 82.2130194608827 17.9787850875373 0.274274845911282 -0.0738939799508892
55.3000000000005 32.0540103542135 83.9308161644545 82.1730583867581 18.0057078208121 0.274374942218342 -0.071354762318421
55.4000000000005 32.1166470433988 83.9704229649481 82.1322863116361 18.0320193026593 0.274428623648296 -0.0688583996502825
55.5000000000005 32.1793222509205 84.0096597591519 82.0907119787987 18.0577142528951 0.274438480132514 -0.0664016089951803
55.6000000000005 32.2420369331853 84.0485116694022 82.0483446033753 18.0827874645205 0.274407032985547 -0.0639813280880714
55.7000000000005 32.3047919283172 84.0869639692389 82.0051938640371 18.1072338087431 0.27433672776189 -0.0615946960973234
55.8000000000005 32.3675879558176 84.1250020928882 81.9612698946913 18.1310482399977 0.274229927792065 -0.0592390355706188
55.9000000000005 32.4304256164821 84.1626116447459 81.9165832761763 18.1542258009681 0.274088908407769 -0.0569118354276106
56.0000000000005 32.4933053925506 84.1997784088599 81.8711450279555 18.176761627608 0.273915851859953 -0.0546107348813094
56.1000000000005 32.5562276480759 84.2364883584038 81.824966599792 18.1986509541674 0.273712917957857 -0.052346113497316
56.2000000000005 32.6191926297639 84.2727276648903 81.7780598628932 18.2198891183503 0.273482455214282 -0.0501281790293469
56.3000000000005 32.6822004687551 84.3084827067287 81.730437099712 18.2404715668067 0.273226753348732 -0.0479545505298491
56.4000000000005 32.7452511829488 84.3437400775225 81.6821109932181 18.2603938607558 0.27294796029347 -0.0458230129385435
56.5000000000005 32.8083446795809 84.3784865943576 81.6330946161501 18.2796516816144 0.272648077431415 -0.0437315017382936
56.6000000000005 32.8714807580109 84.4127093060905 81.5834014202664 18.2982408366253 0.27232895564204 -0.0416780884134407
56.7000000000005 32.9346591126843 84.4463955016358 81.5330452255965 18.3161572644859 0.271992292139571 -0.0396609666301237
56.8000000000005 32.9978793362371 84.4795327182553 81.4820402096927 18.3333970409764 0.271639628088498 -0.0376784390630812
56.9000000000005 33.0611409227062 84.5121087498444 81.4304008968813 18.349956384588 0.271272346975811 -0.035728904800389
57.0000000000005 33.1244432708125 84.544111655222 81.378142147514 18.365831662152 0.270891673721459 -0.0338108472678618
57.1000000000005 33.1877856872903 84.5755297663888 81.3252791471884 18.3810193944557 0.270498872674153 -0.0319366100555087
57.2000000000005 33.2511673904742 84.6063516960514 81.2718273951615 18.3955162615526 0.270095832397139 -0.0301182261380566
57.3000000000005 33.314587514629 84.6365663432768 81.2178026907173 18.4093191072947 0.269684451088545 -0.0283538908099919
57.4000000000005 33.3780451148109 84.6661628984106 81.1632211187271 18.4224249435569 0.26926643076126 -0.0266419496586605
57.5000000000005 33.4415391720329 84.6951308479668 81.1080990351788 18.4348309544513 0.268843272596441 -0.0249808845893365
57.6000000000005 33.5050685986852 84.7234599795182 81.0524530527069 18.4465345005401 0.268416273102228 -0.0233693006681981
57.7000000000006 33.568632244169 84.7511403865858 80.9963000261218 18.4575331230489 0.267986521060251 -0.0218059137357637
57.8000000000006 33.6322289007021 84.7781624735294 80.9396570379396 18.4678245480809 0.267554895246055 -0.0202895387484318
57.9000000000006 33.6958573092544 84.804516960437 80.8825413839113 18.4774066908296 0.267122062905122 -0.0188190788094244
58.0000000000006 33.7595161655709 84.8301948880151 80.8249705585526 18.4862776597924 0.266688478967917 -0.0173935148726688
58.1000000000006 33.8232041262283 84.8551876224543 80.7669622406741 18.4944357609723 0.26625450157981 -0.0160176240253521
58.2000000000006 33.8869198144064 84.8794868596683 80.708534278927 18.5018795017593 0.265820750956978 -0.0146961522857517
58.3000000000006 33.9506618249646 84.9030846279411 80.6497046773876 18.5086075940042 0.265387781987133 -0.0134281547499361
58.4000000000006 34.0144287293569 84.9259732899464 80.5904915811584 18.5146189567723 0.264955969298382 -0.0122127704826955
58.5000000000006 34.0782190806626 84.9481455447442 80.5309132619686 18.5199127190849 0.26452550546175 -0.0110492143643817
58.6000000000006 34.1420314187058 84.9695944297761 80.4709881037757 18.5244882226619 0.264096399810143 -0.00993676961988721
58.7000000000006 34.2058642752266 84.9903133228618 80.410734588366 18.5283450246628 0.263668477864498 -0.00887478103079641
58.8000000000006 34.2697161790673 85.0102959441943 80.350171280956 18.5314829004288 0.263241381359783 -0.00786264881954591
58.9000000000006 34.3335856613367 85.0295363583363 80.2893168157932 18.533901846225 0.262814568863452 -0.00689982321919002
59.0000000000006 34.3974712605142 85.0480289762158 80.2281898817576 18.5356020819815 0.262387316977195 -0.00598579971702866
59.1000000000006 34.4613715274464 85.0657685570898 80.1668092079642 18.5365840540236 0.261958872876526 -0.00513019786476896
59.2000000000006 34.5252850299352 85.0827502096662 80.1051935494224 18.5368484374816 0.261528919665673 -0.00434269597365731
59.3000000000006 34.5892103565537 85.0989693910889 80.0433616728348 18.5363961378918 0.26109714327272 -0.00362297048984021
59.4000000000006 34.6531461202488 85.1144219050823 79.9813323424527 18.5352282924774 0.260663082562529 -0.00297077642796606
59.5000000000006 34.7170909620071 85.1291039000623 79.919124305933 18.5333462714179 0.260226127810538 -0.00238594398679859
59.6000000000006 34.7810435545649 85.143011867248 79.8567562801953 18.5307516791178 0.259785519732075 -0.00186837606376423
59.7000000000006 34.8450026061298 85.156142638773 79.7942469372788 18.5274463554758 0.25934034906828 -0.00141804668267528
59.8000000000006 34.9089668640816 85.1684933857972 79.7316148901998 18.5234323771538 0.258889556726554 -0.00103500036568743
59.9000000000006 34.9729351186223 85.180061616618 79.6688786788085 18.518712058846 0.258431934474056 -0.000719352474789195
60.0000000000006 35.036906206341 85.1908451747821 79.6060567556463 18.513287954548 0.257966126181408 -0.000471290552862555
60.1000000000006 35.1008790136509 85.2008422371643 79.5431674718124 18.5071628588177 0.257490771596187 -0.000302953445303096
60.2000000000006 35.1648524797351 85.2100513112067 79.4802290630834 18.5003398078316 0.257004947781375 -0.000226681276152818
60.3000000000006 35.2288255985297 85.2184712300246 79.4172596366731 18.4928220799189 0.256507766778426 -0.000243105314544273
60.4000000000006 35.2927974204034 85.2261011466722 79.354277158246 18.484613195892 0.255998235487427 -0.000352973722487073
60.5000000000006 35.3567670538804 85.2329405283759 79.2912994389392 18.4757169193674 0.255475254530011 -0.000557154813295792
60.6000000000006 35.4207336673959 85.2389891507679 79.2283441223852 18.4661372570874 0.254937617657804 -0.000856641637354555
60.7000000000006 35.4846964910597 85.2442470921195 79.1654286717346 18.4558784592424 0.254384011707946 -0.00125255796375482
60.8000000000006 35.5486548184027 85.2487147275744 79.1025703566782 18.4449450197917 0.253813017106332 -0.00174616574153027
60.9000000000006 35.6126080080821 85.2523927233822 79.0397862404697 18.4333416767856 0.25322310891774 -0.0023388741176707
61.0000000000006 35.6765554855211 85.2552820311318 78.9770931669483 18.4210734126873 0.252612658440765 -0.00303225011170259
61.1000000000006 35.7404967444416 85.2573838819614 78.9145077475812 18.4081454546868 0.251980056356766 -0.00383383458825492
61.2000000000006 35.8044313478021 85.2586997801638 78.8520463490274 18.3945632748358 0.251324096234601 -0.00475141112792978
61.3000000000006 35.8683589274569 85.2592314952545 78.7897250820248 18.3803325897234 0.250643643846288 -0.00578717978242275
61.4000000000006 35.9322791833831 85.2589810534356 78.7275597907983 18.3654593599706 0.24993752009785 -0.00694354069949361
61.5000000000006 35.9961918829606 85.2579507290359 78.665566042488 18.3499497897197 0.249204500786099 -0.00822310689781896
61.6000000000006 36.0600968603098 85.2561430359511 78.6037591165778 18.3338103261215 0.248443316841973 -0.00962871886732283
61.7000000000006 36.1239940156711 85.2535607190841 78.5421539943236 18.3170476588244 0.247652655060181 -0.0111634611239585
61.8000000000006 36.1878833148177 85.2502067457851 78.4807653481813 18.2996687194621 0.246831159319495 -0.0128306808676106
61.9000000000006 36.2517647884839 85.2460842972916 78.4196075312354 18.2816806811421 0.24597743229198 -0.0146340088877086
62.0000000000006 36.3156385318016 85.2411967601691 78.3586945666273 18.2630909579342 0.245090037645877 -0.0165773828907014
62.1000000000006 36.3795047037064 85.2355477177494 78.2980401370118 18.2439072043513 0.244167568473737 -0.0186564040739345
62.2000000000006 36.4433635256925 85.229140941524 78.2376575747528 18.2241373146479 0.24320886936278 -0.0208667433201586
62.3000000000006 36.5072152789672 85.2219803824247 78.1775598539946 18.2037894216534 0.242212879188787 -0.0232129242923911
62.4000000000006 36.5710603010473 85.2140701620589 78.117759583472 18.1828718954231 0.241178571435168 -0.0256998038936815
62.5000000000006 36.6348989824276 85.2054145639428 78.0582689993483 18.1613933418811 0.240104954961965 -0.0283325973115327
62.6000000000006 36.6987317633476 85.196018024736 77.9990999580548 18.1393626014642 0.238991075097045 -0.0311169052870128
62.7000000000006 36.7625591306606 85.1858851254742 77.9402639291284 18.1167887477651 0.237836015057914 -0.034058743740006
62.8000000000006 36.8263816148069 85.1750205828037 77.8817719880505 18.0936810861761 0.236638897718418 -0.0371645759053557
62.9000000000006 36.8901997868957 85.1634292402143 77.8236348090856 18.0700491525327 0.235398887735047 -0.0404413471302848
63.0000000000006 36.9540142558997 85.1511160592738 77.7658626581196 18.0459027117565 0.234115194050737 -0.0438965224770734
63.1000000000006 37.0178256659642 85.1380861108749 77.7084653855005 18.0212517565006 0.23278702254615 -0.047529926843582
63.2000000000006 37.081634693701 85.1243445668474 77.6514524189328 17.9961065058237 0.231413432118042 -0.0513418976796698
63.3000000000006 37.1454420452341 85.1098966924928 77.5948327565088 17.9704774039415 0.229993495532979 -0.055341589222059
63.4000000000006 37.2092484531708 85.0947478394837 77.5386149597934 17.9443751190077 0.228526355113741 -0.0595388753379523
63.5000000000006 37.273054673632 85.0789034387771 77.4828071469111 17.9178105418967 0.227011227698561 -0.0639444083741699
63.6000000000006 37.3368614833594 85.0623689935267 77.4274169856337 17.8907947849851 0.22544741001942 -0.0685696824029883
63.7000000000006 37.400669676916 85.0451500719969 77.3724516864664 17.8633391809349 0.223834284547249 -0.0734271010353666
63.8000000000006 37.4644800639952 85.027252300475 77.3179179957361 17.8354552814753 0.222171325858874 -0.0785300499062404
63.9000000000006 37.5282934668569 85.0086813561848 77.2638221886772 17.807154856185 0.2204581075906 -0.0838929738815179
64.0000000000006 37.5921107179086 84.9894429601996 77.2101700625198 17.7784498912748 0.218694310052723 -0.089531458917388
64.1000000000006 37.6559326574174 84.9695428703791 77.1569669296237 17.7493525883439 0.216879815863316 -0.0954152960675744
64.2000000000006 37.7197601304928 84.9489868749363 77.104217611852 17.719875362471 0.215014997065938 -0.101512802027666
64.3000000000006 37.7835939819972 84.9277807875998 77.0519264380893 17.6900308386135 0.213100487047107 -0.10783890965236
64.4000000000006 37.8474350509033 84.9059304434064 77.0000972429978 17.659831847341 0.211137098541834 -0.114409457588392
64.5000000000006 37.9112841650251 84.8834416945172 76.9487333658217 17.6292914205435 0.209125825000012 -0.121241235951443
64.6000000000006 37.9751421361853 84.860320406034 76.8978376491911 17.5984227871394 0.207067842649359 -0.128352029509729
64.7000000000006 38.0390097558453 84.8365724518152 76.8474124379268 17.5672393687829 0.204964513358266 -0.135760656730422
64.8000000000006 38.1028877912213 84.8122037102926 76.7974595778439 17.5357547755722 0.202817388409503 -0.143487002601079
64.9000000000006 38.1667769819137 84.7872200602871 76.747980414556 17.5039828017577 0.200628213300334 -0.151552042606043
65.0000000000006 38.2306780370716 84.7616273768254 76.69897579228 17.4719374214494 0.198398933691419 -0.159977854570771
65.1000000000006 38.2945916330869 84.7354315269956 76.6504460526735 17.439632784305 0.196131688303891 -0.168733841469119
65.2000000000006 38.3585184110398 84.7086383668302 76.602391034561 17.4070832106981 0.193828776874852 -0.177787437523526
65.3000000000006 38.4224589726318 84.6812537407975 76.5548100759104 17.3743031855663 0.191492712734391 -0.187159090914264
65.4000000000006 38.4864138758999 84.6532834823198 76.5077020166975 17.3413073517397 0.189126239481232 -0.196869861062521
65.5000000000006 38.550383631529 84.6247334143311 76.4610652018043 17.3081105032491 0.186732333392517 -0.20694133038619
65.6000000000005 38.6143686998141 84.5956093498354 76.4148974839172 17.2747275786349 0.184314207033699 -0.21739548261874
65.7000000000005 38.678369488289 84.5659170924646 76.3691962264253 17.2411736542549 0.181875314126269 -0.228254540413778
65.8000000000005 38.7423863500371 84.535662437036 76.3239583063188 17.2074639375933 0.17941935571431 -0.239540753812644
65.9000000000005 38.8064195826982 84.5048511701106 76.2791801170871 17.1736137605686 0.17695028764714 -0.251276129913703
66.0000000000005 38.8704694281838 84.473489070551 76.2348575716174 17.1396385728423 0.174472329366792 -0.263482092811204
66.1000000000005 38.9345360730799 84.4415819101133 76.1909861051343 17.1055539351052 0.171989989934265 -0.276116193729418
66.2000000000005 38.9986196489032 84.409135454927 76.1475606792198 17.0713755117905 0.169508114580916 -0.289129394957479
66.3000000000005 39.0627202308822 84.3761554692282 76.1045757885748 17.0371190623307 0.167031820268398 -0.302530634239023
66.4000000000005 39.1268378366235 84.3426477199807 76.062025468861 17.002800431842 0.164566475187147 -0.316325803978632
66.5000000000005 39.1909724255042 84.3086179815311 76.0199033045839 16.9684355417859 0.162117696562087 -0.330517077666013
66.6000000000005 39.2551238988164 84.2740720402637 75.9782024369764 16.9340403806311 0.159691347999551 -0.345102151107957
66.7000000000005 39.319292100654 84.2390156992561 75.9369155718816 16.8996309945155 0.157293535949685 -0.360073399543703
66.8000000000005 39.3834768195288 84.203454782934 75.896034987636 16.8652234779077 0.154930604783285 -0.375416956246824
66.9000000000005 39.4476777907036 84.1673951417264 75.8555525429534 16.8308339642694 0.15260912990346 -0.391111724275773
67.0000000000005 39.5118946992236 84.1308426567208 75.8154596848071 16.7964786167167 0.150335908231745 -0.407128340666012
67.1000000000005 39.5761271836014 84.0938032443405 75.7757474563482 16.7621736186745 0.148117958111044 -0.423383948820086
67.2000000000005 39.6403748394043 84.0562828615891 75.7364065057024 16.7279351643191 0.145962525950308 -0.439781487771206
67.3000000000005 39.7046372215613 84.0182875127402 75.6974270970051 16.6937794484878 0.143876995239328 -0.456255176675996
67.4000000000004 39.7689138465373 83.9798232565937 75.6587991223165 16.6597226563772 0.141868831826687 -0.472727819053801
67.5000000000004 39.8332041950758 83.9408962137548 75.6205121135701 16.6257809532339 0.139945538875483 -0.489110561637306
67.6000000000004 39.8975077155004 83.9015125739128 75.5825552545222 16.5919704740446 0.138114605196707 -0.505303000797035
67.7000000000004 39.9618238275394 83.8616786031202 75.5449173927009 16.5583073132271 0.136383446730299 -0.52119371865829
67.8000000000004 40.0261519266335 83.821400651071 75.507587051355 16.5248075143203 0.134759341213402 -0.53666132499985
67.9000000000004 40.0904913886852 83.7806851583803 75.4705524414031 16.4914870596752 0.133249356408363 -0.551576066368458
68.0000000000004 40.1548415752078 83.7395386638623 75.4338014733827 16.4583618601448 0.131860272655813 -0.565802039022602
68.1000000000004 40.219201838808 83.6979678118167 75.3973217694254 16.4254477447823 0.130598551696147 -0.579178775542689
68.2000000000004 40.2835715283871 83.6559793594889 75.361100675917 16.3927604507267 0.129470398064672 -0.591541295579463
68.3000000000004 40.347949993115 83.6135801849756 75.3251252778936 16.3603156135662 0.128481507009298 -0.602747727456865
68.4000000000004 40.4123365860747 83.5707772953053 75.2893824141236 16.3281287578896 0.12763692090721 -0.612664864049241
68.5000000000004 40.4767306681025 83.5275778345259 75.2538586922145 16.296215287845 0.126940942722744 -0.621172768625121
68.6000000000004 40.5411316117947 83.4839890917915 75.2185405037208 16.2645904776984 0.126397057867468 -0.628169245866207
68.7000000000004 40.6055388056271 83.44001850945 75.1834140392513 16.2332694623925 0.126007867618498 -0.633573894422391
68.8000000000004 40.6699516581321 83.3956736911307 75.1484653035766 16.2022672281053 0.125775036985007 -0.637331461496089
68.9000000000004 40.7343696020805 83.350962409831 75.1136801307367 16.1715986028088 0.125699259427541 -0.639414253609331
69.0000000000004 40.7987920986127 83.3058926160042 75.0790441991482 16.1412782468275 0.125780240150872 -0.639823419515937
69.1000000000004 40.8632186412633 83.2604724456205 75.044543046718 16.1113206434316 0.12601690598469 -0.638597727227417
69.2000000000003 40.9276487598173 83.2147102275555 75.0101620861108 16.0817400903203 0.126408056340456 -0.635786772841759
69.3000000000003 40.9920820239908 83.168614489268 74.9758866204077 16.0525506933649 0.126951785204291 -0.631448870624052
69.4000000000003 41.0565180470185 83.1221939618051 74.9417018589194 16.0237663612434 0.127645311934714 -0.625665835112562
69.5000000000003 41.1209564891385 83.0754575847812 74.9075929330049 15.9954008001084 0.128485031517255 -0.618539781270523
69.6000000000003 41.1853970609294 83.0284145113572 74.8735449118905 15.9674675082552 0.129466577906722 -0.610189303471631
69.7000000000003 41.2498395264513 82.9810741132189 74.8395428184888 15.9399797707903 0.130584897800889 -0.600745289846388
69.8000000000003 41.3142837061447 82.9334459855566 74.805571645217 15.9129506542993 0.131834331969657 -0.590346630039471
69.9000000000003 41.3787294794417 82.8855399520436 74.7716163698166 15.8863930015155 0.133208701234586 -0.579136052573295
70.0000000000003 41.4431767870429 82.8373660698158 74.7376619711718 15.8603194259876 0.134701394345504 -0.567256288474669
70.1000000000003 41.5076256328144 82.7889346344438 74.7036934451407 15.8347423067527 0.136305482801609 -0.554825689757307
70.2000000000003 41.5720760851663 82.7402561847523 74.6696958207132 15.8096737831167 0.138013872411182 -0.541956258873602
70.3000000000003 41.6365282777336 82.6913415072458 74.6356541769946 15.7851257497107 0.139819274260998 -0.528773246426042
70.4000000000003 41.7009824094785 82.6422016403806 74.6015536605163 15.761109851656 0.141714249658275 -0.515392732711999
70.5000000000003 41.7654387442722 82.59284787883 74.5673795025583 15.7376374797329 0.143691280905474 -0.501920436970935
70.6000000000003 41.8298976099148 82.5432917777505 74.5331170364713 15.7147197655498 0.145742835914591 -0.48845103600699
70.7000000000003 41.8943593965562 82.4935451570473 74.4987517150007 15.6923675767121 0.147861426463641 -0.475067922936644
70.8000000000003 41.9588245544794 82.44362010564 74.4642691276077 15.6705915119914 0.150039660176426 -0.461843328521484
70.9000000000002 42.0232935912116 82.3935289857285 74.429655017793 15.649401896494 0.15227028652327 -0.448838726408383
71.0000000000002 42.0877670679322 82.3432844370583 74.3948953004193 15.6288087768305 0.154546237294328 -0.43610544773872
71.1000000000002 42.1522455951774 82.2928993811313 74.3599760790353 15.6088219163249 0.156860896009226 -0.423630294834976
71.2000000000002 42.2167298285802 82.2423870239709 74.3248836632421 15.5894507912812 0.159208773040152 -0.411386506162406
71.3000000000002 42.281220465936 82.1917608552225 74.289604586166 15.570704589931 0.161584727480063 -0.399394310887143
71.4000000000002 42.3457182445041 82.1410346458079 74.2541256219726 15.5525922124389 0.163983737997692 -0.38766949573185
71.5000000000002 42.4102239377983 82.0902224455262 74.2184338033838 15.5351222709474 0.166400920301475 -0.376223844523631
71.6000000000002 42.4747383518106 82.0393385806525 74.182516439193 15.518303089622 0.168831543461569 -0.365065571364689
71.7000000000002 42.5392623206428 81.9883976515386 74.1463611317824 15.5021427046974 0.171271045314733 -0.354199738033138
71.8000000000002 42.6037967015272 81.9374145302123 74.1099557946384 15.4866488645218 0.173715047160783 -0.343628648844648
71.9000000000002 42.6683423692161 81.8864043579772 74.0732886698679 15.4718290296029 0.17615936793725 -0.333352218479836
72.0000000000002 42.7329002097245 81.8353825430131 74.0363483457149 15.4576903726532 0.178600038037722 -0.323368310094542
72.1000000000002 42.7974711134479 81.7843647579331 73.9991237740701 15.4442397786494 0.181033382797412 -0.313641543723798
72.2000000000002 42.8620559684922 81.7333669362566 73.9616042878132 15.4314838452704 0.183456203840966 -0.304135637260983
72.3000000000002 42.9266556555939 81.6824052661248 73.9237796177311 15.4194288842922 0.185865509173899 -0.294845241300209
72.4000000000002 42.9912710433169 81.6314961829304 73.8856399092686 15.4080809233613 0.188258445266636 -0.285764404707303
72.5000000000002 43.0559029826788 81.5806563619062 73.8471757392725 15.3974457077819 0.190632309746018 -0.276886661379241
72.6000000000002 43.1205523011599 81.5299027107127 73.808378132736 15.3875287023039 0.192984564448073 -0.268205107820952
72.7000000000001 43.1852197960844 81.479252362027 73.7692385795431 15.3783350929099 0.195312848836105 -0.259712472018156
72.8000000000001 43.2499062273679 81.4287226661303 73.7297490512126 15.3698697886031 0.197614993784214 -0.251401174154275
72.9000000000001 43.314612309626 81.3783311834964 73.6899020176425 15.3621374231943 0.199889035722192 -0.243263379791814
73.0000000000001 43.3793387036445 81.3280956773798 73.6496904638544 15.3551423570903 0.202133231135336 -0.235291046121919
73.1000000000001 43.44408600727 81.2780341063553 73.6091079067047 15.3488886790914 0.204346132299236 -0.227462765896685
73.2000000000001 43.5088547471586 81.2281646155994 73.5681484107367 15.3433802084733 0.206526734845883 -0.219756848652033
73.3000000000001 43.5736453737116 81.1785055249755 73.5268066018537 15.3386204977869 0.208674219941243 -0.212164881449465
73.4000000000001 43.6384582569568 81.1290753158612 73.4850776801326 15.3346128359411 0.210787891209891 -0.204678671689703
73.5000000000001 43.7032936819559 81.079892617927 73.4429574326042 15.3313602512966 0.21286718545557 -0.197290214320774
73.6000000000001 43.7681518436778 81.0309761959143 73.4004422460347 15.32886551476 0.214911683991694 -0.189991661886522
73.7000000000001 43.8330328413403 80.9823449364147 73.3575291197056 15.3271311428769 0.216921124551872 -0.182775297301741
73.8000000000001 43.8979366722215 80.9340178346479 73.3142156781953 15.3261594009264 0.21889541375391 -0.175633509249922
73.9000000000001 43.962863224949 80.8860139812407 73.2705001841591 15.3259523060144 0.220834640096779 -0.168558770123744
74.0000000000001 44.0278122722733 80.8383525490054 73.2263815511103 15.3265116301674 0.222739087472431 -0.161543616460273
74.1000000000001 44.0927834633954 80.791052779691 73.181859356147 15.3278389034182 0.224609271722796 -0.15460224955812
74.2000000000001 44.1577763172785 80.7441339700274 73.1369338512774 15.3299354166725 0.22644598182481 -0.147747670475419
74.3000000000001 44.2227902192355 80.6976154559725 73.0916059711876 15.3328022240201 0.228250151584971 -0.140970892426237
74.4 44.2878244185574 80.6515165962525 73.0458773396079 15.3364401448288 0.230022834049929 -0.134263218494436
74.5 44.3528780257774 80.605856755875 72.9997502756251 15.3408497658284 0.231765209051137 -0.127616207477219
74.6 44.4179500095245 80.5606552896411 72.953227799995 15.3460314431954 0.233478591533981 -0.121021642805675
74.7 44.4830391929757 80.5159315256589 72.9063136414548 15.3519853046378 0.235164440651322 -0.114471504523949
74.8 44.54814424992 80.4717047488562 72.8590122430354 15.35871125148 0.236824369605321 -0.107957944342464
74.9 44.6132637004477 80.4279941844928 72.8113287683736 15.3662089607467 0.238460156227279 -0.101473263776718
75 44.6783959062812 80.3848189816742 72.763269108025 15.3744778872482 0.240073754290748 -0.0950098954273035
75.1 44.7435390658259 80.3421981968457 72.7148398857075 15.3835172656445 0.241667298811374 -0.0885987891702485
75.2 44.8086912104532 80.3001507768243 72.666048462767 15.3933261119847 0.243243049321231 -0.0822696728245205
75.3 44.8738502044201 80.2586955406531 72.6169029381283 15.4039032239134 0.244803332779428 -0.0760135025681042
75.4 44.9390137460431 80.2178511609915 72.5674121464672 15.4152471803517 0.246350542678814 -0.0698215643351311
75.5 45.0041793686383 80.1776361454887 72.517585656315 15.427356341158 0.247887144279184 -0.063685441697095
75.6 45.0693444411757 80.1380688181559 72.4674337681619 15.4402288467895 0.249415680895732 -0.0575969865477748
75.7 45.1345061686545 80.0991673007398 72.4169675125613 15.4538626179625 0.250938781219005 -0.0515482926024427
75.8 45.1996615922071 80.0609494940952 72.3661986482337 15.468255355314 0.252459167649216 -0.0455316717293946
75.9 45.2648075889426 80.0234330595578 72.3151396601705 15.4834045390621 0.25397966563207 -0.039539633131547
76 45.3299408715399 79.9866354003171 72.2638037577385 15.4993074286673 0.25550321399006 -0.0335648654211291
76.1 45.3950579876687 79.9505736428323 72.2122048726688 15.515961062493 0.257033134721033 -0.0276716312318698
76.1999999999999 45.4601553209481 79.9152646193611 72.1603576540795 15.5333622574561 0.258573852962079 -0.0219221303634971
76.2999999999999 45.5252290963462 79.8807248533147 72.1082774559617 15.5515076086527 0.260130005168015 -0.0163067003403116
76.3999999999999 45.5902753876191 79.8469705457269 72.0559803216989 15.5703934889741 0.261706154598175 -0.01081644156924
76.4999999999999 45.6552901251711 79.8140175617644 72.0034829684715 15.5900160487218 0.263306781993772 -0.00544314551193208
76.5999999999999 45.720269104266 79.7818814172391 71.9508027716612 15.6103712152229 0.26493627719685 -0.000179227770043305
76.6999999999999 45.7852079935761 79.7505772651186 71.8979577492558 15.6314546924459 0.266598931647387 0.00498233432287788
76.7999999999999 45.8501023440601 79.7201198820378 71.8449665462538 15.6532619606156 0.268298931700947 0.0100480599422712
76.8999999999999 45.9149475981564 79.6905236548103 71.7918484190691 15.6757882758288 0.27004035271355 0.015024019148762
76.9999999999999 45.9797390992748 79.6618025669394 71.7386232199353 15.6990286696695 0.271827153844332 0.0199158836537762
77.0999999999999 46.0444721015893 79.6339701851185 71.6853113812883 15.7229779488002 0.273663066308297 0.0247101123822613
77.1999999999999 46.1091417804615 79.6070396454391 71.6319338995594 15.7476306939274 0.275551249117981 0.0293934202835728
77.2999999999999 46.1737432439705 79.5810236388599 71.5785123174776 15.7729812571767 0.277494575053894 0.0339714477634297
77.3999999999999 46.2382715448329 79.5559343963832 71.525068705782 15.7990237588434 0.279495731370337 0.0384496731266732
77.4999999999999 46.3027216922957 79.531783674221 71.4716256449127 15.8257520841172 0.281557218891652 0.0428334493084729
77.5999999999999 46.3670886639537 79.5085827389604 71.4182062067016 15.8531598798086 0.283681352000189 0.047128037263106
77.6999999999999 46.4313674174541 79.4863423527294 71.3648339360628 15.881240551074 0.285870259503159 0.0513386360701804
77.7999999999999 46.4955529020533 79.4650727583628 71.311532832683 15.9099872581414 0.288125886369199 0.0554704098673404
77.8999999999998 46.5596400699879 79.4447836645677 71.2583273327129 15.939392913036 0.290449996335598 0.059528511692374
77.9999999999998 46.6236238876233 79.4254842310891 71.2052422904569 15.969450176306 0.292844175389389 0.0635181043544481
78.0999999999998 46.6874993464153 79.4071830539336 71.1523029599644 16.000151453765 0.295310043770002 0.0673869618818302
78.1999999999998 46.7512614755339 79.3898881520916 71.0995349740268 16.0314888936749 0.297849777907392 0.0710830342543234
78.2999999999998 46.8149053593006 79.3736069580659 71.0469643165897 16.0634543850466 0.300465296903364 0.0746117181066041
78.3999999999998 46.8784261566586 79.3583463098981 70.9946172925714 16.0960395563816 0.303158012533052 0.0779783859832156
78.4999999999998 46.9418191207836 79.3441124432547 70.9425204975816 16.12923577443 0.305928813329314 0.0811884301930752
78.5999999999998 47.005079618666 79.3309109835109 70.8907007876399 16.1630341429486 0.308778049829256 0.0842472987706409
78.6999999999998 47.0682031505662 79.3187469378361 70.839185248895 16.1974255014592 0.311705521060899 0.0871605240465389
78.7999999999998 47.1311853692393 79.3076246872792 70.7880011673428 16.2324004240065 0.314710462371899 0.0899337443916936
78.8999999999998 47.1940220988208 79.2975479788526 70.7371759985453 16.2679492179169 0.317791534727101 0.0925727197625759
78.9999999999998 47.2567093532608 79.2885199176178 70.6867373373495 16.3040619225559 0.32094681563126 0.095083341719445
79.0999999999998 47.3192433542196 79.2805429588269 70.6367128875796 16.3407283081098 0.324174035607602 0.0974481331790438
79.1999999999998 47.3816205490118 79.2736189015324 70.5871304310532 16.3779378749646 0.327471262193193 0.099648841308049
79.2999999999998 47.4438376298044 79.2677488859266 70.538017794878 16.4156798546036 0.33083608419541 0.101690367621446
79.3999999999998 47.5058915531343 79.2629333921495 70.4894028180725 16.4539432111019 0.334265339834001 0.103577716888984
79.4999999999998 47.5677795589784 79.2591722391534 70.4413133181599 16.4927166426454 0.337755100714403 0.105316002426323
79.5999999999998 47.6294991891975 79.2564645835667 70.3937770577621 16.5319885830481 0.341300658642143 0.10691044625771
79.6999999999997 47.691048305194 79.2548089185592 70.3468217111945 16.5717472032713 0.344896515703815 0.108366375058217
79.7999999999997 47.7524251046196 79.2542030727058 70.3004748310597 16.6119804129407 0.348536378082669 0.10968921275865
79.8999999999997 47.8136281369625 79.2546442088514 70.2547638148418 16.6526758618656 0.352213154121735 0.110884470691768
79.9999999999997 47.8746563178391 79.256128822975 70.2097158715008 16.6938209415563 0.355918957182222 0.111957736103978
80.0999999999997 47.9355089418315 79.2586527431248 70.1653579880849 16.7354027867858 0.359645536957444 0.112908988555163
80.1999999999997 47.9961856942149 79.2622111301801 70.1217168968187 16.7774082782657 0.363385540298674 0.113736130133545
80.2999999999997 48.0566866625652 79.2667984832533 70.0788190434007 16.8198240481541 0.367131210600771 0.114441740918489
80.3999999999997 48.1170123477942 79.2724086469191 70.0366905557755 16.8626364866785 0.37087395965565 0.115028481113572
80.4999999999997 48.1771636740563 79.279034818514 69.9953572129246 16.9058317488014 0.374604373256494 0.115499090533167
80.5999999999997 48.2371419973175 79.2866695554359 69.9548444136581 16.9493957608864 0.378312223857962 0.115856386650823
80.6999999999997 48.2969491123947 79.2953047824435 69.9151771454051 16.9933142273639 0.381986490966104 0.116103261667057
80.7999999999997 48.3565872582723 79.3049317989564 69.876379953005 17.0375726373968 0.385615389908899 0.116242678998303
80.8999999999997 48.4160591214976 79.3155412863542 69.8384769074987 17.0821562715466 0.389186409587558 0.116277669543009
80.9999999999997 48.4753678374646 79.327123315276 69.8014915749192 17.1270502084389 0.392686359742195 0.11621132801302
81.0999999999997 48.5345169893978 79.3396673529873 69.7654469851532 17.1722393314765 0.396102026641729 0.116058921752209
81.1999999999997 48.5935106051158 79.3531622724875 69.7303656026264 17.2177083367787 0.399422039064196 0.115832943378768
81.2999999999997 48.6523531522754 79.3675963660362 69.6962693016207 17.2634417442331 0.402635137233264 0.115532510701419
81.3999999999997 48.7110495323194 79.3829573604219 69.6631793434157 17.309423909773 0.405729622179883 0.115156931500356
81.4999999999996 48.7696050729325 79.3992324322963 69.6311163534999 17.3556390377036 0.408693408842563 0.114705708090099
81.5999999999996 48.8280255188559 79.4164082235091 69.6001002987829 17.402071193026 0.411514087242372 0.114178541105989
81.6999999999996 48.8863170209248 79.4344708564433 69.5701504648062 17.4487043137634 0.414178991613764 0.113575332413286
81.7999999999996 48.9444861231965 79.4534059493495 69.5412854329555 17.4955222232852 0.416675277213052 0.112896187015636
81.8999999999996 49.002539748048 79.4731986316811 69.5135230576721 17.5425086426331 0.418990004358542 0.112141413820601
81.9999999999996 49.0604851791296 79.4938335594289 69.4868804436641 17.5896472028456 0.421110229075564 0.111311525102587
82.0999999999996 49.1183300420895 79.5152949305133 69.4613739232178 17.6369214573267 0.423023800525926 0.110427017290231
82.1999999999996 49.176082283393 79.5375665016645 69.4370190360855 17.6843148953409 0.424721558107244 0.10950575952029
82.2999999999996 49.2337501483673 79.5606316090807 69.4138305159171 17.731810958367 0.426195296245351 0.108544753381254
82.3999999999996 49.2913421586976 79.5844731905742 69.3918222792692 17.7793930575789 0.427437116341539 0.107541367796469
82.4999999999996 49.3488670891691 79.6090738077749 69.3710074147135 17.8270445913699 0.428439479345114 0.106493332701431
82.5999999999996 49.40633394361 79.6344156683338 69.3513981719444 17.8747489628757 0.42919525819083 0.105398731395564
82.6999999999996 49.4637519300014 79.6604806481268 69.3330059508879 17.9224895974991 0.429697789385649 0.104255991280303
82.7999999999996 49.5211304347325 79.6872503134577 69.3158412908094 17.9702499604336 0.42994092298844 0.103063872724695
82.8999999999996 49.5784789959819 79.714705943262 69.2999138594218 18.0180135741874 0.429919070213027 0.101821455832544
82.9999999999996 49.6358072762167 79.7428285513104 69.2852324419941 18.0657640361071 0.429627247871976 0.100528124907994
83.0999999999996 49.6931250337708 79.7715989084223 69.2718049306069 18.1134850358937 0.429061955216546 0.0992169555663861
83.1999999999995 49.7504420927091 79.8009975649452 69.2596383172491 18.1611603729076 0.428223775119359 0.0979185557854842
83.2999999999995 49.8077683103408 79.8310048739069 69.2487386966632 18.2087739729387 0.427114963632565 0.0966291223918869
83.3999999999995 49.8651135448033 79.8616010144337 69.2391112730318 18.2563099047654 0.42573858749412 0.095345230464687
83.4999999999995 49.922487623861 79.8927660151788 69.2307603668107 18.3037523967064 0.424098474402666 0.0940638125638594
83.5999999999995 49.9799003150018 79.9244797777497 69.223689421563 18.3510858531713 0.422199157925859 0.0927821382257271
83.6999999999995 50.037361296864 79.9567221001373 69.2179010107932 18.3982948712122 0.420045817844624 0.091497793578284
83.7999999999995 50.0948801320199 79.9894727001434 69.2133968447803 18.4453642570747 0.417644216783088 0.090208660959426
83.8999999999995 50.152466241128 80.0227112388091 69.2101777774121 18.492279042749 0.415000634004751 0.0889128984403913
83.9999999999995 50.2101288784607 80.0564173438429 69.2082438130186 18.5390245025213 0.412121797260815 0.0876089191848311
84.0999999999995 50.2678771087952 80.0905706330349 69.207594113225 18.5855861695266 0.409014893300943 0.0863089052914889
84.1999999999995 50.3257197854789 80.1251507373037 69.2082270042982 18.6319498523353 0.405687749926498 0.0850251905136609
84.2999999999995 50.3836655294261 80.1601373228113 69.2101399857477 18.6781016516295 0.402148546108421 0.0837567697903261
84.3999999999995 50.4417227094119 80.1955101127116 69.2133297394196 18.7240279769134 0.398405660787676 0.0825028593633476
84.4999999999995 50.4998994238378 80.2312489088843 69.2177921386102 18.769715563225 0.394467600052836 0.0812628816662743
84.5999999999995 50.558203483941 80.2673336136683 69.2235222571797 18.8151514878481 0.390342927079163 0.0800364510811048
84.6999999999995 50.6166423984043 80.3037442515966 69.2305143786654 18.8603231870239 0.386040195418539 0.0788233606104203
84.7999999999995 50.6752233593152 80.3404609911295 69.2387620053954 18.9052184726633 0.381567886123624 0.077623569505807
84.8999999999995 50.7339532294226 80.3774641663889 69.2482578676016 18.9498255490583 0.376934349090276 0.0764371919150811
84.9999999999994 50.7928385306316 80.4147342988923 69.2589939325337 18.994133029594 0.372147748899216 0.0752644866055197
85.0999999999994 50.8518854336389 80.4522521192518 69.2709614136686 19.0381299534128 0.367216573493409 0.0741274707464069
85.1999999999994 50.911099747758 80.4899985879635 69.2841507824189 19.0818058008386 0.36215129570702 0.0730470130197881
85.2999999999994 50.9704869098609 80.5279549138895 69.2985517861847 19.1251505056522 0.356962696970761 0.0720219191806195
85.3999999999994 51.0300519745102 80.5661025718303 69.3141534689052 19.1681544661279 0.351661246619876 0.0710512154212917
85.4999999999994 51.0897996062775 80.6044233200617 69.3309441917058 19.2108085560211 0.346257037295596 0.0701341478255878
85.5999999999994 51.1497340742036 80.6428992178728 69.3489116535447 19.2531041355571 0.340759728316482 0.0692701842956875
85.6999999999994 51.2098592483032 80.6815126431029 69.3680429118607 19.2950330624184 0.335178496937123 0.0684590191043836
85.7999999999994 51.2701785980176 80.7202463096794 69.3883244032201 19.3365877027339 0.329521997299417 0.0677005802518297
85.8999999999994 51.3306951925135 80.7590832851544 69.4097419639642 19.3777609420662 0.323798326790405 0.066995039875272
85.9999999999994 51.3914117027269 80.798007008243 69.4322808508557 19.4185461964004 0.318014999440887 0.0663428280173997
86.0999999999994 51.4523304049672 80.8370013062818 69.4559257617581 19.4589374230655 0.312179189881446 0.0657686423764345
86.1999999999994 51.5134531839729 80.8760504106544 69.4806608571249 19.4989291299344 0.306298591668754 0.0652975642883933
86.2999999999994 51.5747815323293 80.9151389670533 69.5064697835505 19.5385163802497 0.300380743980388 0.064931140894777
86.3999999999994 51.6363165497677 80.9542520437082 69.533335698132 19.5776947957286 0.294432756190437 0.0646714020611613
86.4999999999994 51.6980589443838 80.9933751395356 69.5612412928625 19.6164605596001 0.288461281023486 0.0645209057782173
86.5999999999994 51.7600090357757 81.0324941922889 69.5901688190242 19.654810419643 0.282472493665615 0.0644827910871194
86.6999999999993 51.8221667600217 81.0715955867081 69.6201001115818 19.6927416912239 0.276472076429136 0.0645608397921276
86.7999999999993 51.8845316764132 81.1106661626699 69.6510166135759 19.7302522603344 0.27046520854899 0.0647595484457542
86.8999999999993 51.9471029758624 81.1496932233371 69.6828994005158 19.7673405866297 0.264456560679794 0.0650842124317119
86.9999999999993 52.009879490902 81.188664543309 69.7157292047729 19.8040057064657 0.258450293664083 0.0655410243296719
87.0999999999993 52.0728597070963 81.227568376671 69.7494864399776 19.8402472358619 0.252450279335358 0.0661656673183362
87.1999999999993 52.1360417732317 81.2663934624434 69.7841512254993 19.8760653715006 0.246460849760145 0.0669960005448718
87.2999999999993 52.1994235063121 81.3051290234283 69.8197034111421 19.9114608867458 0.240486294329905 0.068043369616353
87.3999999999993 52.2630023957148 81.3437647624555 69.8561226019234 19.9464351256986 0.234530650084647 0.0693207997203429
87.4999999999993 52.3267756090871 81.3822908585282 69.8933881828567 19.9809899971777 0.228597691084062 0.0708432034619379
87.5999999999993 52.390740000025 81.4206979629687 69.9314793437336 20.0151279686993 0.222690921975003 0.0726276207085983
87.6999999999993 52.4548921174688 81.4589771955646 69.9703751039067 20.0488520604579 0.216813575463316 0.0746934961449774
87.7999999999993 52.5192282167476 81.497120140714 70.0100543370719 20.0821658393064 0.21096861341051 0.0770630013358354
87.8999999999993 52.5837442722086 81.5351188435719 70.0504957960506 20.1150734127364 0.205158731301173 0.0797614094361205
87.9999999999993 52.6484359913626 81.5729658061956 70.0916781375722 20.1475794228584 0.199386365854918 0.0828175323432642
88.0999999999993 52.7132988303901 81.6106539836066 70.133579947034 20.1796890403269 0.193653821688552 0.0862900963811577
88.1999999999993 52.7783280086807 81.6481767776641 70.176179762662 20.2114079568236 0.187963702770492 0.0902443884719365
88.2999999999993 52.8435185188212 81.685528025384 70.2194560981555 20.242742373882 0.182318695513894 0.0947262626797806
88.3999999999993 52.9088651357674 81.7227019850699 70.2633874647331 20.2736989902705 0.176721475462245 0.0997878565111162
88.4999999999992 52.9743624274494 81.7596933223601 70.3079523931555 20.30428498932 0.171174716438044 0.105488456869145
88.5999999999992 53.040004766837 81.7964970962743 70.3531294557492 20.3345080262515 0.165681104391199 0.111895489801287
88.6999999999992 53.1057863454052 81.8331087452604 70.3988972884292 20.3643762155038 0.160243356068948 0.119085648721013
88.7999999999992 53.1717011879311 81.8695240732416 70.4452346127221 20.3938981180612 0.154864242707441 0.127146175359586
88.8999999999992 53.2377431685607 81.905739235663 70.4921202577897 20.423082728781 0.149546619040785 0.136176305941393
88.9999999999992 53.3039060280775 81.9417507255385 70.5395331824517 20.451939463721 0.144293458030117 0.146288890855029
89.0999999999992 53.3701833922245 81.9775553594317 70.5874524971734 20.4804781474089 0.139108002274427 0.157615573105233
89.1999999999992 53.4365687888637 82.0131502617283 70.6358574851319 20.508708998586 0.133994200834231 0.170302953749615
89.2999999999992 53.5030556605395 82.0485328445678 70.6847276209411 20.5366426120799 0.128956531104907 0.184511008899823
89.3999999999992 53.5696373759318 82.083700786067 70.734042588456 20.5642899391531 0.123999961104926 0.200418649987568
89.4999999999992 53.6363072423061 82.1186520084776 70.7837822985405 20.5916622677914 0.11913001881464 0.218224689648991
89.5999999999992 53.703058518973 82.1533846563433 70.8339269068358 20.6187712029939 0.114352873857383 0.23814812199636
89.6999999999992 53.7698844316807 82.1878970746572 70.884456831529 20.6456286470615 0.109675432290341 0.260427257015929
89.7999999999992 53.8367781878645 82.2221877870196 70.9353527711208 20.672246779887 0.105105444954725 0.285317044790801
89.8999999999992 53.903732992676 82.256255473795 70.9865957221941 20.6986380392437 0.100651629208076 0.313083654886764
89.9999999999992 53.9707420657175 82.2900989502694 71.0381669971822 20.7248151010748 0.0963238027604466 0.343995034555578
90.0999999999992 54.0377986583361 82.3237171448174 71.0900482420565 20.7507908597593 0.0921328008691138 0.378251295455472
90.1999999999992 54.1048960697269 82.357109077309 71.1422214519229 20.7765784077633 0.0880899714035494 0.416019234137259
90.2999999999991 54.1720276590365 82.3902738381266 71.1946689813078 20.8021910137331 0.0842080380281158 0.457458687996666
90.3999999999991 54.2391868559988 82.4232105674221 71.2473735523533 20.8276420999742 0.0805014557166425 0.50262583468216
90.4999999999991 54.3063671717001 82.4559184343843 71.3003182629312 20.8529452199068 0.07698649651578 0.551416985256915
90.5999999999991 54.3735622094816 82.4883966165049 71.3534865947576 20.8781140355206 0.0736812674574083 0.603498111240819
90.6999999999991 54.4407656759252 82.5206442788452 71.4068624215067 20.9031622948307 0.0706056200465702 0.65822309146702
90.7999999999991 54.5079713918638 82.552660553303 71.4604300169259 20.928103809333 0.0677809012892267 0.71454939272808
90.8999999999991 54.5751733033596 82.5844445178793 71.5141740629491 20.9529524314589 0.0652294913062809 0.770968063205777
90.9999999999991 54.6423654925959 82.6159951759444 71.5680796578119 20.9777220320312 0.0629740780420165 0.825474149474383
91.0999999999991 54.709542188616 82.6473114355427 71.6221323241329 21.0024264777148 0.0610364340089391 0.8755830343592
91.1999999999991 54.776697777587 82.6783920896741 71.6763180161462 21.0270796083446 0.0594355030746255 0.918553149793598
91.2999999999991 54.8438268120739 82.7092357990564 71.7306231247793 21.0516952139443 0.0581865772543873 0.951664139310039
91.3999999999991 54.9109240196406 82.7398410758654 71.7850344818811 21.0762870116221 0.0573000759573393 0.972513115732463
91.4999999999991 54.9779843109884 82.7702062675123 71.8395393644187 21.1008686224617 0.0567803338929177 0.979375571835134
91.5999999999991 55.045002787602 82.800329540421 71.8941254986725 21.1254535484143 0.0566248290737699 0.971492313349399
91.6999999999991 55.1119747488631 82.8302088638062 71.9487810644322 21.1500551491892 0.0568240180489378 0.949196482685485
91.7999999999991 55.1788956985985 82.8598419934501 72.0034946991935 21.1746866191454 0.057361828798724 0.913840719183039
91.8999999999991 55.2457613510254 82.8892264554804 72.0582555023527 21.1993609641829 0.0582167246470357 0.867549955706512
91.999999999999 55.312567636068 82.9183595301478 72.1130530394039 21.2240909786338 0.0593631443835524 0.812877557560892
92.099999999999 55.379310703991 82.9472382356758 72.1678773460603 21.248889222169 0.0607727670174546 0.752672830209832
92.199999999999 55.4459869287362 82.9758593140036 72.2227189304609 21.2737679971001 0.0624152062406471 0.689616740482516
92.299999999999 55.5125929089377 83.0042192213312 72.2775687705128 21.2987393266852 0.0642604230146902 0.625784450918893
92.399999999999 55.5791254674584 83.0323141205566 72.3324183093177 21.3238149338306 0.0662799717630786 0.562772363921727
92.499999999999 55.6455816500213 83.0601398737862 72.3872594505248 21.3490062198072 0.0684475784282975 0.501715177877263
92.599999999999 55.7119587229612 83.0876920348449 72.4420845536833 21.374324242967 0.0707394483740194 0.443347377812286
92.699999999999 55.7782541701053 83.1149658417862 72.4968864295956 21.3997796974602 0.0731343700482504 0.388082542550855
92.799999999999 55.8444656887951 83.1419562094024 72.5516583356698 21.4253828919514 0.0756136786609001 0.336092767022915
92.899999999999 55.9105911850649 83.1686577217349 72.6063939712726 21.4511437283362 0.078161133853237 0.287378653443116
92.999999999999 55.976628767997 83.1950646245841 72.661087473082 21.4770716804583 0.080762752363476 0.241826190199093
93.099999999999 56.0425767432935 83.2211708181155 72.7157334103803 21.5031757728924 0.0834064478014549 0.19955300548411
93.199999999999 56.1084336064555 83.246969851953 72.7703267787861 21.5294645614665 0.0860813704486188 0.160600293947783
93.299999999999 56.1741980361448 83.2724549265885 72.8248629900257 21.5559461181959 0.0887783186629175 0.124673685200062
93.399999999999 56.2398688871374 83.2976188972778 72.8793378601439 21.5826280179566 0.0914897014207092 0.0914817912888276
93.499999999999 56.305445182539 83.3224542780339 72.9337475976544 21.6095173252243 0.0942093381702044 0.0607466357079761
93.599999999999 56.3709261053001 83.3469532456187 72.9880887916909 21.6366205808148 0.0969322889397821 0.0322095237812724
93.699999999999 56.4363109890793 83.3711076435361 73.0423584001577 21.6639437886231 0.0996547121857239 0.005633867587819
93.7999999999989 56.50159930851 83.3949089860239 73.0965537378801 21.6914924023634 0.102373747303888 -0.0191939531293109
93.8999999999989 56.5667906689238 83.4183484620466 73.1506724647558 21.7192713123086 0.105087418612696 -0.0424649426253959
93.9999999999989 56.6318847955885 83.4414169392875 73.2047125739048 21.7472848320301 0.10779455774846 -0.0643485440526157
94.0999999999989 56.6968815225554 83.4641049682226 73.2586723797832 21.7755366852263 0.110494669786332 -0.0847621374326794
94.1999999999989 56.7617807820668 83.4864027882956 73.3125505053176 21.8040299948625 0.11318762986539 -0.103628488876731
94.2999999999989 56.8265825959991 83.5083003394309 73.3663458665564 21.8327672781783 0.115873771717138 -0.121094654151381
94.3999999999989 56.8912870679581 83.5297872756482 73.420057656343 21.8617504440062 0.118553878809319 -0.137289370367237
94.4999999999989 56.9558943751842 83.5508529787585 73.473685327951 21.8909807901789 0.121229122692643 -0.15232524107549
94.5999999999989 57.0204047602776 83.5714865720596 73.5272285787199 21.9204590009369 0.123901011270751 -0.166300735516241
94.6999999999989 57.0848185227892 83.591676934032 73.5806873336897 21.9501851443362 0.126571345354871 -0.179301989710754
94.7999999999989 57.1491360107184 83.6114127120347 73.6340617292373 21.9801586696557 0.129242182158248 -0.191404411853257
94.8999999999989 57.2133576119577 83.6306823360006 73.6873520967111 22.0103784048045 0.131915804627983 -0.202674102636351
94.9999999999989 57.2774837457224 83.6494740321329 73.7405589460665 22.0408425537297 0.134594695716388 -0.21316910525877
95.0999999999989 57.3415148540513 83.6677758366494 73.7936829494911 22.0715486939207 0.137281510258041 -0.222783972273155
95.1999999999989 57.4054513947054 83.685575610803 73.8467249247509 22.1024937764287 0.139978962089353 -0.231419126004023
95.2999999999989 57.4692938375702 83.7028610591414 73.8996858178331 22.1336741322738 0.142689686400839 -0.239131896649815
95.3999999999989 57.5330426625325 83.7196197490411 73.95256668531 22.1650854813661 0.145416193580488 -0.245974899953609
95.4999999999988 57.5966983575447 83.735839130292 74.0053686766931 22.1967229415251 0.148160839155387 -0.251996914321118
95.5999999999988 57.6602614168189 83.7515065546808 74.0580930167867 22.2285810374977 0.150925798603761 -0.257243605510241
95.6999999999988 57.7237323391361 83.7666092955754 74.1107409880415 22.2606537099779 0.153713046731814 -0.261758116431551
95.7999999999988 57.7871116262554 83.781134567508 74.1633139129085 22.2929343246246 0.156524341358681 -0.26558153837057
95.8999999999988 57.8503997813996 83.7950695457601 74.2158131361926 22.3254156810809 0.15936121108557 -0.26875327876599
95.9999999999988 57.913597307791 83.8084013859452 74.2682400074063 22.3580900219925 0.162224946946329 -0.271311339639505
96.0999999999988 57.9767047072653 83.8211172436025 74.3205958631405 22.3909490421055 0.165116651180429 -0.273214443601845
96.1999999999988 58.0397224803489 83.8332042940168 74.3728820098675 22.4239838994101 0.168037328618964 -0.27442382368649
96.2999999999988 58.1026511300719 83.8446497526182 74.4250997078453 22.4571852314808 0.17098760427849 -0.274979905831548
96.3999999999988 58.1654911672515 83.8554408956091 74.4772501554539 22.4905431738621 0.173967647047495 -0.274922582526196
96.4999999999988 58.2282431157783 83.8655650806006 74.5293344735494 22.5240473785339 0.176977167527371 -0.274291188576875
96.5999999999988 58.2909075177751 83.8750097672483 74.5813536898169 22.5576870323766 0.180015420108751 -0.273124429030974
96.6999999999988 58.3534849385558 83.8837625378881 74.633308723125 22.591450875636 0.183081209046993 -0.271460272605558
96.7999999999988 58.4159759713013 83.8918111181728 74.6852003678785 22.6253272203883 0.186172898300879 -0.269335822562895
96.8999999999988 58.4783812413731 83.8991433977077 74.7370292783723 22.6593039690053 0.189288424906252 -0.266787175452661
96.9999999999988 58.5407014101785 83.9057474506868 74.7887959531453 22.6933686326194 0.192425315665883 -0.263849276563646
97.0999999999988 58.6029371785662 83.9116115564802 74.8405007193869 22.7275083496356 0.195580952110511 -0.260551242848676
97.1999999999988 58.665089291336 83.9167242189555 74.8921437187441 22.7617099054709 0.198753284863367 -0.256915563483598
97.2999999999987 58.7271585455707 83.9210741825876 74.943724896678 22.7959597554064 0.201940038786308 -0.252965918987162
97.3999999999987 58.7891458002456 83.9246504473012 74.9952439932192 22.8302440486674 0.205138467868903 -0.248725376481422
97.4999999999987 58.8510519854116 83.9274422832663 75.0467005337778 22.8645486525492 0.208345368058419 -0.244216252995913
97.5999999999987 58.9128781107926 83.9294392456925 75.0980938199528 22.8988591765446 0.211557092748329 -0.239459988647465
97.6999999999987 58.9746252737006 83.9306311896239 75.1494229203412 22.9331609964695 0.214769570859583 -0.234477032168864
97.7999999999987 59.0362946661728 83.9310082847341 75.2006866613479 22.9674392785906 0.217978327468028 -0.229286740401402
97.8999999999987 59.0978875812336 83.9305610301203 75.2518836179952 23.0016790037508 0.221178506941602 -0.223907292652515
97.9999999999987 59.1594054181832 83.9292802690988 75.303012104732 23.0358649914968 0.224364898569253 -0.21835562013064
98.0999999999987 59.2208496868602 83.9271572039497 75.3540701662933 23.0699819242022 0.227532203247712 -0.212679184023337
98.1999999999987 59.2822220118385 83.9241834093719 75.4050555698526 23.1040143711162 0.230675764874586 -0.206918809620047
98.2999999999987 59.343524138287 83.920350842663 75.4559658004568 23.1379468122213 0.23379085413405 -0.20108014673501
98.3999999999987 59.4047579379367 83.9156518526091 75.506798057755 23.1717636620152 0.236872446016353 -0.195168330325483
98.4999999999987 59.4659254140802 83.9100791883251 75.5575492527765 23.2054492932908 0.239915241201823 -0.189187937492591
98.5999999999987 59.5270287054827 83.9036260080943 75.6082160047086 23.2389880609153 0.242913689841064 -0.183142951337067
98.6999999999987 59.5880700891307 83.8962858882089 75.6587946376753 23.2723643256098 0.245862017747002 -0.177036730799258
98.7999999999987 59.6490519817445 83.88805283181 75.7092811775148 23.3055624777289 0.248754255001383 -0.170871985556585
98.8999999999987 59.709976939983 83.8789212777279 75.7596713485583 23.3385669610397 0.251584266960301 -0.164650755025634
98.9999999999987 59.7708476592757 83.8688861093218 75.8099605704074 23.371362296502 0.254345787622257 -0.158374390507996
99.0999999999986 59.8316669712657 83.8579426632706 75.8601439547671 23.4039331060356 0.257032691911509 -0.152077016920035
99.1999999999986 59.8924378410194 83.8460867370761 75.9102163036892 23.4362641359931 0.259639715618758 -0.145788489346796
99.2999999999986 59.9531633660263 83.8333145932962 75.9601721113983 23.4683402798816 0.262161729259488 -0.139503248318212
99.3999999999986 60.0138467752389 83.8196229624922 76.0100055675297 23.5001466007879 0.264593520410525 -0.13321571976556
99.4999999999986 60.0744914269602 83.805009046125 76.0597105604204 23.5316683537935 0.266929820813265 -0.126920265487916
99.5999999999986 60.1351008054925 83.789470519452 76.1092806804014 23.5628910083888 0.269165335416846 -0.120611134768126
99.6999999999986 60.1956785165123 83.7730055344243 76.1587092230888 23.5938002708877 0.271294773205974 -0.114282416517482
99.7999999999986 60.2562282811411 83.7556127225827 76.2079891926761 23.6243821068417 0.273312879639551 -0.107927991341389
99.8999999999986 60.3167539286866 83.7372911979554 76.2571133052254 23.6546227634547 0.275214470497419 -0.101541482922237
99.9999999999986 60.3772593880348 83.7180405599542 76.3060739919592 23.6845087919971 0.276994466914368 -0.0951162081241588
100.099999999999 60.4377486777241 83.6978608962071 76.3548634026145 23.7140270701664 0.278648301336755 -0.0887076887862812
100.199999999999 60.498225895867 83.6767527837111 76.4034734104177 23.7431648230403 0.280173035256988 -0.0823676758712969
100.299999999999 60.5586952120073 83.6547172857226 76.4518956211737 23.771909640458 0.28156622483873 -0.076083968005617
100.399999999999 60.6191608594202 83.6317559469688 76.5001213839763 23.8002494929945 0.282825557969523 -0.0698448221884544
100.499999999999 60.6796271267912 83.6078707887946 76.5481418019807 23.828172747881 0.283948867692237 -0.0636388645980221
100.599999999999 60.740098349239 83.5830643043086 76.595947743176 23.8556681849245 0.284934145891387 -0.0574550042488469
100.699999999999 60.8005788986917 83.5573394535305 76.6435298511576 23.8827250124283 0.285779557076057 -0.0512823487851263
100.799999999999 60.8610731736307 83.5306996585374 76.6908785559 23.9093328831124 0.286483452106142 -0.0451101217470449
100.899999999999 60.9215855882167 83.5031487986104 76.737984084529 23.935481910033 0.287044381714922 -0.0389275806562853
100.999999999999 60.9821205608162 83.4746912053816 76.7848364720944 23.9611626825032 0.287461109691311 -0.03272393528308
101.099999999999 61.0426825019594 83.4453316579458 76.8314255723723 23.9863662819423 0.287732921106649 -0.0265477347788464
101.199999999999 61.10327580204 83.4150753770672 76.8777410694382 24.0110842958916 0.287860511910223 -0.0204463338168006
101.299999999999 61.1639048194191 83.3839280170899 76.9237724911981 24.0353088273742 0.287845089498382 -0.0144073970350535
101.399999999999 61.2245738688052 83.3518956569431 76.9695092236908 24.0590325024212 0.28768806792356 -0.00841895780566243
101.499999999999 61.2852872097336 83.3189847911111 77.0149405254194 24.0822484775273 0.287391059520257 -0.0024693295293311
101.599999999999 61.3460490351571 83.285202320604 77.0600555416832 24.104950447106 0.286955866160072 0.00345297999455014
101.699999999999 61.4068634601738 83.250555543928 77.1048433189097 24.1271326509454 0.286384470192095 0.00935935179564466
101.799999999998 61.4677345109113 83.2150521480559 77.1492928189864 24.1487898816635 0.285679025133211 0.0152611372185122
101.899999999998 61.5286661135899 83.1787001993972 77.1933929335922 24.1699174921637 0.284841846185116 0.0211697382971227
101.999999999998 61.5896620837806 83.1415081347686 77.2371324985296 24.1905114030905 0.28387540066311 0.0270966876448682
102.099999999998 61.6507261158687 83.1034847523453 77.2805003080585 24.210568110213 0.282782573384151 0.033005182207618
102.199999999998 61.7118617725193 83.064639202099 77.3234851292827 24.2300846899465 0.28156748206224 0.0388579177457789
102.299999999998 61.7730724739795 83.0249809749401 77.3660757166703 24.2490588001454 0.280234635911703 0.0446656199681076
102.399999999998 61.8343614878685 82.9845198913461 77.408260826627 24.2674886790334 0.278788636576833 0.0504388035610933
102.499999999998 61.8957319197604 82.9432660899714 77.4500292320713 24.2853731440628 0.277234153971115 0.056187840900955
102.599999999998 61.9571867045711 82.9012300162577 77.4913697370095 24.3027115907727 0.275575903050952 0.0619230282452061
102.699999999998 62.0187285987497 82.8584224110425 77.5322711911116 24.3195039916483 0.273818621672874 0.0676546499658368
102.799999999998 62.0803601732671 82.8148542991699 77.5727225042856 24.3357508949793 0.271967049673818 0.0733930413598975
102.899999999998 62.1420838073952 82.7705369780996 77.6127126612534 24.351453423719 0.270025909295082 0.0791486505618108
102.999999999998 62.2039016832637 82.7254820065166 77.6522307361257 24.3666132743428 0.26799988706038 0.0849321000438954
103.099999999998 62.2658157811535 82.6797011929375 77.6912659069533 24.3812327156458 0.265893861907475 0.0907212245892372
103.199999999998 62.32782787486 82.6332065842171 77.7298074696451 24.3953145859432 0.263713636452467 0.0964920791090462
103.299999999998 62.389939526218 82.5860104538045 77.7678448502827 24.4088622862176 0.261465204651752 0.102252606467991
103.399999999998 62.4521520800708 82.5381252899001 77.8053676168017 24.4218797716695 0.259154485795899 0.108010541688506
103.499999999998 62.5144666603758 82.4895637836091 77.8423654906489 24.4343715432061 0.256787301484431 0.113773446065214
103.599999999998 62.5768841674453 82.4403388170944 77.87882835844 24.4463426389305 0.254369354622106 0.11954873941067
103.699999999998 62.6394052762842 82.3904634517305 77.9147462836166 24.4577986256307 0.251906210453561 0.125343730817636
103.799999999998 62.7020304359905 82.339950916256 77.9501095181038 24.4687455902683 0.249403279632644 0.13116564830841
103.899999999998 62.764759870174 82.2888145949275 77.9849085139673 24.4791901314679 0.246865803306109 0.137021667726062
103.999999999998 62.8275935783545 82.2370680156727 78.019133935071 24.4891393510059 0.24429884016955 0.142918941200566
104.099999999998 62.8905313382471 82.1847248382513 78.0527766686792 24.4986008452379 0.241707559620297 0.148839567830537
104.199999999998 62.9535727077963 82.1317988426159 78.0858278356301 24.5075826949263 0.239098170599186 0.154761595268336
104.299999999998 63.0167170253428 82.0783039177807 78.118278796883 24.5160934510056 0.236477039427288 0.160685491898952
104.399999999998 63.0799634099457 82.0242540508898 78.1501211586359 24.5241421187475 0.233850371937656 0.166610900765751
104.499999999998 63.143310762988 81.9696633162934 78.1813467773886 24.5317381418653 0.231224194387971 0.172536617868757
104.599999999998 63.2067577710512 81.914545864624 78.2119477650059 24.5388913866174 0.228604335992695 0.178460571860304
104.699999999998 63.2703029100012 81.8589159118723 78.2419164937806 24.545612125911 0.225996412934324 0.18437980644522
104.799999999998 63.3339444502229 81.802787728464 78.2712456014965 24.5519110234061 0.22340581371043 0.190290466859879
104.899999999998 63.3976804629404 81.746175628335 78.2999279964915 24.5577991176193 0.220837685666374 0.19618779191682
104.999999999998 63.4615088275582 81.6890939580085 78.3279568627205 24.5632878060277 0.218296922568296 0.202066113136355
105.099999999998 63.5254272399236 81.6315570856894 78.3553256647782 24.5683888291563 0.215788291233596 0.207919282168945
105.199999999998 63.5894332205703 81.5735793908457 78.3820281518693 24.5731142542494 0.213316864923352 0.213737916354738
105.299999999998 63.6535241215649 81.515175255026 78.4080583591086 24.5774764578822 0.210887647749916 0.219509776125159
105.399999999998 63.7176971334277 81.4563590531634 78.4334106077678 24.5814881081563 0.208505428123374 0.225221239572405
105.499999999998 63.7819492929799 81.3971451448975 78.4580795054828 24.5851621468787 0.206174762918145 0.2308573292436
105.599999999998 63.8462774920875 81.3375478658976 78.4820599464609 24.5885117717411 0.203899961829623 0.236401761186135
105.699999999998 63.910678487239 81.2775815191846 78.5053471116876 24.5915504184988 0.20168507183439 0.241837018721183
105.799999999998 63.9751489098945 81.2172603664544 78.5279364691337 24.5942917431501 0.199533861695063 0.247144453016579
105.899999999998 64.0396852775404 81.1565986193996 78.5498237739622 24.5967496041152 0.197449806481522 0.252304412000463
105.999999999998 64.104284005388 81.0956104310323 78.5710050687353 24.5989380444156 0.195436072113577 0.257296398443959
106.099999999998 64.168941418628 81.0343098870213 78.5914766835916 24.6008712738403 0.193495620456774 0.262094513184453
106.199999999998 64.2336537646086 80.972710997392 78.6112352356395 24.6025636507889 0.191631572056476 0.266669446171315
106.299999999998 64.2984172240257 80.9108276891539 78.6302776263647 24.6040296632894 0.189846855937173 0.270994622330456
106.399999999998 64.3632279220811 80.8486737992908 78.6486010382538 24.6052839096936 0.188144073030959 0.275043118053264
106.499999999998 64.4280819401455 80.7862630677657 78.6662029313881 24.6063410793588 0.186525476095584 0.278787978994414
106.599999999998 64.4929753278881 80.7236091305259 78.6830810400375 24.6072159333294 0.184992950249126 0.282202562888335
106.699999999998 64.5579041158068 80.6607255125078 78.6992333692544 24.6079232850195 0.183547994361038 0.285260900288264
106.799999999998 64.6228643281014 80.5976256206414 78.7146581914673 24.6084779808947 0.182191703565141 0.287938064653896
106.899999999998 64.6878519958228 80.5343227368558 78.7293540430749 24.6088948811539 0.180924753174662 0.290210541973354
106.999999999998 64.7528631702395 80.4708300110837 78.7433197210397 24.6091888404117 0.179747384286833 0.29205658921306
107.099999999998 64.8178939363276 80.4071604542919 78.7565542794556 24.6093746883959 0.178659477628106 0.293478928444624
107.199999999998 64.8829404255671 80.3433269321809 78.7690570254275 24.6094672110585 0.177660840741724 0.294480886731399
107.299999999998 64.9479988268148 80.2793421605819 78.7808275132053 24.609481132735 0.176751006802575 0.295044759126148
107.399999999998 65.0130653964822 80.2152187015231 78.7918655376308 24.6094310987166 0.175929148067668 0.295155160569966
107.499999999998 65.0781364687438 80.1509689593209 78.802171127557 24.6093316578379 0.175194068002738 0.294799226841357
107.599999999998 65.1432084657586 80.0866051766717 78.8117445392688 24.6091972450655 0.174544195841417 0.293966766190687
107.699999999998 65.2082779078574 80.0221394307441 78.8205862499028 24.6090421640854 0.173977583692823 0.292650356093602
107.799999999998 65.2733414236462 79.9575836292699 78.8286969508671 24.6088805698918 0.173491906279418 0.290845381365422
107.899999999998 65.3383957599793 79.8929495066361 78.8360775412616 24.6087264513744 0.173084463337021 0.288550011900424
107.999999999998 65.4034377917533 79.8282486199765 78.842729121298 24.608593613907 0.172752184671066 0.28576512037277
108.099999999998 65.4684645314534 79.7634923452869 78.8486529857258 24.6084956619859 0.172491617142124 0.282558732447324
108.199999999998 65.5334731378364 79.6986918741422 78.8538506174279 24.6084459831834 0.172298925678486 0.279002356146135
108.299999999998 65.5984609227943 79.6338582119447 78.8583236814409 24.6084577354387 0.172170058436427 0.275104948176723
108.399999999998 65.6634253572503 79.5690021767742 78.8620740191458 24.6085438356641 0.172100790776189 0.270876517329065
108.499999999998 65.7283640766288 79.5041343982624 78.8651036424631 24.608716948401 0.172086736079532 0.266327911536758
108.599999999998 65.7932748858992 79.4392653164661 78.8674147280495 24.6089894744767 0.172123357367824 0.261470599180228
108.699999999998 65.8581557641722 79.3744051807415 78.8690096114936 24.6093735396606 0.17220597961982 0.256316449194104
108.799999999998 65.9230048688292 79.3095640486174 78.8698907815123 24.6098809833207 0.172329802696277 0.250877514120892
108.899999999998 65.9878205391625 79.2447517846695 78.8700608741466 24.6105233470802 0.172489914786584 0.245165819736679
108.999999999998 66.0526012995097 79.1799780593938 78.8695226669576 24.6113118634738 0.172681306302537 0.239193164253703
109.099999999998 66.1173458618409 79.1152523481013 78.8682790732342 24.6122574446649 0.172898906509318 0.233050367444164
109.199999999998 66.1820531272883 79.0505839303448 78.8663331365003 24.6133706727486 0.173137714303465 0.226827294487163
109.299999999998 66.2467221858196 78.9859818906996 78.8636880257812 24.6146617940788 0.173392827972538 0.220533143616151
109.399999999998 66.3113523148586 78.921455120077 78.8603470311701 24.6161407151801 0.173659441491395 0.214175933077844
109.499999999998 66.3759429773567 78.8570123170578 78.8563135594061 24.6178169987212 0.173932850186004 0.207762506985028
109.599999999998 66.4404938193445 78.7926619892266 78.8515911294514 24.6196998594885 0.174208456172108 0.201298550768444
109.699999999998 66.5050046669717 78.7284124545055 78.8461833680697 24.6217981603587 0.174481773618794 0.1947886141212
109.799999999998 66.5694755230466 78.664271842488 78.8400940054036 24.6241204082727 0.174748433887858 0.188236139510341
109.899999999998 66.6339065630835 78.6002480957731 78.8333268705527 24.6266747502086 0.175004190589652 0.181643494455975
109.999999999998 66.6982981308706 78.5363489712988 78.8258858871507 24.6294689691548 0.175244924594991 0.175012005991305
110.099999999998 66.7626507335585 78.4725820416891 78.817775068955 24.632510480136 0.175466701942086 0.168409736435964
110.199999999998 66.8269650359996 78.4089546969291 78.8089985157156 24.6358063276028 0.175665966441077 0.16190323917848
110.299999999998 66.8912418539274 78.3454741468747 78.79956040976 24.6393631862828 0.175839432924324 0.155490217628978
110.399999999998 66.9554821464839 78.2821474240908 78.7894650128578 24.6431873633969 0.175984039056166 0.149167652081129
110.499999999998 67.0196870084193 78.2189813867032 78.7787166630973 24.6472848009263 0.176096942461701 0.142931889360467
110.599999999998 67.0838576620014 78.1559827212487 78.7673197717614 24.6516610778813 0.176175517884807 0.136778722955541
110.699999999998 67.1479954486663 78.0931579455272 78.7552788202039 24.6563214125687 0.176217354370685 0.130703464029504
110.799999999998 67.2121018204382 78.030513411452 78.7425983567256 24.6612706648598 0.17622025246345 0.124701003801065
110.899999999998 67.2761783311482 77.9680553079013 78.7292829934502 24.6665133384584 0.176182221404568 0.118765867849141
110.999999999998 67.3402266274793 77.9057896635694 78.715337403201 24.6720535831688 0.176101476316276 0.112892262913384
111.099999999998 67.4042484398634 77.8437223498259 78.7007663163824 24.6778951972038 0.175976504807961 0.107124331878414
111.199999999998 67.4682455731162 77.7818590837925 78.6855745180188 24.6840416305386 0.175806285871784 0.10150591268473
111.299999999998 67.5322198966469 77.7202054319705 78.6697668451887 24.6904959909187 0.175590099582003 0.0960305846295056
111.399999999998 67.5961733345472 77.6587668140862 78.6533481846162 24.697261050914 0.175327452819314 0.0906920170106648
111.499999999998 67.6601078557492 77.5975485069436 78.6363234702672 24.7043392550121 0.175018070842718 0.0854840019314282
111.599999999998 67.7240254642869 77.5365556482778 78.6186976809469 24.7117327267128 0.174661888867883 0.0804004813429388
111.699999999998 67.7879281896938 77.4757932406084 78.600475837896 24.7194432756218 0.174259043639358 0.0754355692437382
111.799999999998 67.8518180775643 77.4152661550928 78.5816630023883 24.7274724045446 0.173809864987722 0.0705835698475592
111.899999999998 67.915697180308 77.3549791353792 78.5622642733267 24.7358213165805 0.173314867366947 0.0658389924375727
111.999999999998 67.9795675481206 77.2949368014598 78.5422847848412 24.7444909222166 0.172774741372315 0.0611965635586494
112.099999999998 68.0434312201981 77.2351436535245 78.5217297038905 24.7534818464355 0.172190352652578 0.0566716910499031
112.199999999998 68.1072902162179 77.1756040758124 78.5006042280237 24.7627944361901 0.171562757671372 0.0522804087746747
112.299999999998 68.1711465281157 77.1163223404621 78.4789135835417 24.7724287688082 0.170893175926362 0.0480187976947627
112.399999999998 68.2350021121781 77.0573026113605 78.4566630238161 24.7823846607634 0.170182973293755 0.0438832725929931
112.499999999998 68.2988588814729 76.9985489479909 78.4338578276149 24.7926616764607 0.169433652293575 0.0398705879984748
112.599999999998 68.3627186986289 76.9400653092822 78.4105032974277 24.803259137021 0.168646842464103 0.0359778431894305
112.699999999998 68.426583368984 76.8818555574576 78.3866047577914 24.814176129067 0.167824290863911 0.0322024864952777
112.799999999998 68.4904546341125 76.8239234618833 78.3621675536152 24.8254115135081 0.166967852723064 0.0285423191138144
112.899999999998 68.5543341657445 76.766272702917 78.3371970485063 24.8369639343254 0.166079482263095 0.0249954985549836
112.999999999998 68.6182235600855 76.7089068757566 78.311698623095 24.8488318273573 0.165161223707869 0.0215605418262474
113.099999999998 68.6821243325473 76.6518294942809 78.2856776733662 24.8610134290704 0.16421513151708 0.0182240586732232
113.199999999998 68.7460379129558 76.5950439946707 78.2591396091384 24.8735067849724 0.163243047422987 0.0149727809800699
113.299999999998 68.8099656413079 76.5385537384741 78.2320898529202 24.8863097571129 0.162246803209897 0.0118058694262628
113.399999999998 68.8739087639343 76.4823620154536 78.2045338389146 24.8994200312261 0.161228284652618 0.008722741367102
113.499999999998 68.9378684300009 76.4264720464239 78.1764770120292 24.9128351238587 0.160189425107237 0.00572307658992629
113.599999999998 69.0018456883459 76.3708869860904 78.1479248268866 24.9265523894989 0.159132199315386 0.00280682303956147
113.699999999998 69.0658414846533 76.3156099258873 78.1188827468345 24.9405690277042 0.158058617432794 -2.57975291793279e-005
113.799999999998 69.1298566589643 76.2606438968158 78.089356242956 24.9548820902307 0.156970719290936 -0.00277428403918526
113.899999999998 69.1938919435222 76.2059918722821 78.0593507930795 24.9694884881606 0.155870568898278 -0.00543785078383453
113.999999999998 69.2579479609508 76.1516567709359 78.0288718807894 24.9843849990313 0.154760249186222 -0.00801542244933939
114.099999999998 69.3220252227616 76.0976414595048 77.9979249944403 24.9995682739569 0.153641816735357 -0.010510956293768
114.199999999998 69.3861241281698 76.0439487555295 77.9665156262868 25.0150348445705 0.1525171768093 -0.0129283460463529
114.299999999998 69.4502449631727 75.9905814298483 77.9346492719042 25.0307811295124 0.151388200947772 -0.0152660141160842
114.399999999998 69.5143878998864 75.9375422089827 77.9023314297244 25.0468034407399 0.150256763664105 -0.0175221299863788
114.499999999998 69.5785529961447 75.8848337775191 77.8695676005762 25.0630979898293 0.149124738968822 -0.01969460634647
114.599999999998 69.6427401953567 75.8324587804899 77.8363632872255 25.0796608942781 0.147993997098041 -0.0217810960729356
114.699999999998 69.7069493266164 75.7804198257559 77.8027239939155 25.096488183808 0.146866401440871 -0.0237789902495446
114.799999999998 69.7711801050594 75.7287194863876 77.7686552259067 25.1135758066665 0.145743805658946 -0.0256854173896989
114.899999999998 69.83543213246 75.6773603030466 77.7341624890176 25.1309196359302 0.144628050989973 -0.0274972440569115
114.999999999998 69.8997048980621 75.6263447863677 77.6992512891644 25.1485154758063 0.143520963726678 -0.0292110770775577
115.099999999998 69.9639977796366 75.5756754193315 77.6639271319054 25.1663590679125 0.14242426855569 -0.0308518292380957
115.199999999998 70.0283100447138 75.5253546594072 77.6281955220837 25.1844460969541 0.141339336045046 -0.0324455100903115
115.299999999998 70.0926408518866 75.4753849401107 77.5920619637207 25.2027721948736 0.140267438671047 -0.0339900740773997
115.399999999998 70.1569892521953 75.4257686723335 77.5555319600086 25.2213329443991 0.139209835095351 -0.035483334740448
115.499999999998 70.221354190621 75.3765082456618 77.5186110133065 25.2401238825684 0.138167769612006 -0.0369229642154168
115.599999999998 70.2857345076827 75.327606029696 77.4813046251369 25.2591405042542 0.137142471644815 -0.038306493664419
115.699999999998 70.3501289411364 75.2790643753705 77.4436182961812 25.2783782656887 0.136135155287121 -0.0396313147399264
115.799999999998 70.4145361277697 75.230885616273 77.4055575262768 25.2978325879881 0.135147018875552 -0.0408946822020127
115.899999999998 70.4789546052908 75.1830720699639 77.3671278144126 25.3174988606778 0.134179244590887 -0.042093717765796
115.999999999998 70.5433828143047 75.1356260392958 77.3283346587254 25.3373724452167 0.133232998078546 -0.0432254153089407
116.099999999998 70.6078191003746 75.0885498137285 77.2891835564971 25.3574486785066 0.132309381921878 -0.0443091908729106
116.199999999998 70.6722617161149 75.0418456705123 77.2496800041741 25.3777228759942 0.131409299442117 -0.0453653961371212
116.299999999998 70.7367088232279 74.9955158755417 77.2098294974446 25.3981903337409 0.130533597765215 -0.0463922792053486
116.399999999998 70.8011584945241 74.9495626840781 77.1696375313379 25.4188463300853 0.129683114963829 -0.0473880136787542
116.499999999998 70.8656087159675 74.9039883414675 77.1291096003251 25.4396861272902 0.12885868038728 -0.0483507014468505
116.599999999998 70.9300573887435 74.8587950838581 77.0882511984194 25.4607049731898 0.128061114959526 -0.0492783762688321
116.699999999998 70.9945023313483 74.8139851389183 77.0470678192769 25.4818981028367 0.127291231440361 -0.0501690081792378
116.799999999998 71.0589412816994 74.7695607265547 77.0055649562966 25.503260740149 0.126549834648368 -0.0510205087518014
116.899999999998 71.1233718992655 74.7255240596293 76.9637481027211 25.5247880995571 0.125837721642575 -0.0518307372662441
116.999999999998 71.1877917672138 74.6818773446774 76.921622751737 25.546475387651 0.125155681861918 -0.0525975077651374
117.099999999998 71.2521983945742 74.6386227826228 76.8791943965752 25.5683178048172 0.12450447317148 -0.0533352185291208
117.199999999998 71.3165892183946 74.5957625694096 76.8364685305948 25.5903105466157 0.123884751605279 -0.0540589127918995
117.299999999998 71.3809616058427 74.5532988964262 76.7934506473301 25.6124488044955 0.123297146925694 -0.0547673173950095
117.399999999998 71.4453128562773 74.5112339508478 76.7501462405212 25.6347277662512 0.122742287483841 -0.0554591284381779
117.499999999998 71.5096402033103 74.4695699159745 76.7065608041447 25.6571426164681 0.122220800545043 -0.0561330156210412
117.599999999998 71.5739408168602 74.4283089715702 76.6626998324437 25.6796885369682 0.121733312570092 -0.0567876270709035
117.699999999998 71.6382118051969 74.3874532942013 76.6185688199588 25.7023607072563 0.121280449453835 -0.0574215946651965
117.799999999998 71.7024502169793 74.3470050575754 76.5741732615585 25.7251543049651 0.120862836723248 -0.0580335398173701
117.899999999998 71.7666530432856 74.3069664328802 76.529518652469 25.7480645063018 0.120481099698681 -0.0586220797102572
117.999999999998 71.8308172196359 74.2673395891218 76.4846104883055 25.7710864864933 0.120135863620562 -0.0591858339397385
118.099999999998 71.8949396280107 74.2281266934621 76.4394542651018 25.7942154202286 0.119827744480202 -0.0597300914007652
118.199999999998 71.9590170988651 74.1893299115113 76.3940554793255 25.817446482008 0.119557321732195 -0.0602603777923233
118.299999999998 72.0230464131451 74.1509514075093 76.3484196278576 25.8407748462571 0.119325166972694 -0.0607756800309654
118.399999999998 72.0870243042944 74.1129933444624 76.3025522079577 25.8641956873471 0.119131853482665 -0.0612749975427752
118.499999999998 72.1509474602516 74.0754578842781 76.2564587172274 25.8877041796122 0.118977956390943 -0.0617573478145024
118.599999999998 72.2148125254354 74.0383471879007 76.2101446535758 25.9112954973666 0.118864052829619 -0.0622217720441218
118.699999999998 72.2786161027224 74.0016634154464 76.1636155151827 25.9349648149219 0.118790722087524 -0.062667340841938
118.799999999998 72.3423547554158 73.9654087263383 76.1168768004637 25.9587073066038 0.118758545766559 -0.0630931599184484
118.899999999998 72.4060250092086 73.9295852794413 76.0699340080347 25.98251814677 0.118768107946303 -0.0634983757055437
118.999999999998 72.4696233541407 73.894195233198 76.0227926366752 26.0063925098266 0.118819995362168 -0.0638821808444097
119.099999999998 72.5331462465534 73.8592407457621 75.9754581852941 26.0303255702454 0.11891479259563 -0.0642441716186394
119.199999999998 72.5965901110479 73.8247239751073 75.9279361528989 26.0543125025752 0.119053067082972 -0.0645840476139837
119.299999999998 72.6599513424622 73.7906470790708 75.8802320385798 26.0783484814378 0.119235384069196 -0.0649012409817541
119.399999999997 72.7232263078514 73.7570122153709 75.832351341499 26.1024286815192 0.119462311896066 -0.0651952492101163
119.499999999997 72.7864113484667 73.7238215416239 75.7842995608805 26.1265482775599 0.11973442237077 -0.0654656386007799
119.599999999997 72.8495027817331 73.6910772153611 75.7360821959991 26.1507024443452 0.120052291175537 -0.0657120472342375
119.699999999997 72.9124969032285 73.6587813940453 75.6877047461704 26.1748863566959 0.120416498320178 -0.06593418742858
119.799999999997 72.9753899886654 73.626936235088 75.63917271074 26.1990951894587 0.120827628640061 -0.0661318476292668
119.899999999997 73.0381782958764 73.595543895866 75.5904915890733 26.2233241174968 0.121286272341576 -0.0663048937230412
119.999999999997 73.1008580668065 73.5646065337382 75.541666880545 26.24756831568 0.121793025595347 -0.0664532697487966
