#t s x y z curvature torsion
5 0 59.3744855169921 105.124108884192 7.33999545820314 0.137338798416086 0.0178507949341304
5.1 0.0691200817631033 59.3938818004821 105.079814977922 7.38938594065695 0.136837262064228 0.0180856775331485
5.2 0.138175524076493 59.4138414476663 105.035505336773 7.43844633505656 0.136322721739049 0.0183219218085249
5.3 0.207169794441967 59.4343604867976 104.991182598263 7.48717695404907 0.13579572845323 0.0185595312247091
5.4 0.27610626692071 59.4554349461505 104.946849399887 7.53557811025993 0.135256835463683 0.0187985097641113
5.5 0.344988222313103 59.4770608540343 104.902508379105 7.58365011628086 0.13470659746362 0.01903886185928
5.6 0.413818848385272 59.499234238809 104.858162173332 7.63139328465763 0.134145569802135 0.0192805923275441
5.7 0.482601240140928 59.5219511288994 104.813813419928 7.67880792787798 0.133574307733396 0.0195237062958257
5.8 0.55133840013775 59.5452075528099 104.769464756184 7.72589435835938 0.132993365695695 0.01976820912221
5.9 0.620033238846385 59.5689995391394 104.725118819316 7.77265288843694 0.132403296622367 0.0200141063113205
6 0.688688575051359 59.5933231165956 104.68077824645 7.81908383035124 0.131804651284718 0.020261403428933
6.1 0.757307136292766 59.6181743140117 104.63644567461 7.86518749623426 0.131197987298475 0.0205069444236479
6.2 0.825891559366896 59.6435491604028 104.592123740647 7.91096419804662 0.130583897116684 0.0207474428393942
6.3 0.894444390918795 59.6694436851244 104.547815081021 7.95641424739084 0.129962977987751 0.0209827067631862
6.4 0.962968088101146 59.6958539180719 104.503522331525 8.00153795527591 0.129335821612317 0.0212125417265357
6.49999999999999 1.03146501928068 59.722775889881 104.459248127006 8.04633563187988 0.128703013540694 0.0214367505898885
6.59999999999999 1.09993746478919 59.7502056321286 104.414995101086 8.09080758631254 0.128065132608961 0.0216551334644856
6.69999999999999 1.16838761771785 59.778139177533 104.370765885884 8.13495412637807 0.127422750414417 0.0218674876110338
6.79999999999999 1.23681758475267 59.8065725601549 104.32656311174 8.17877555833766 0.12677643082899 0.0220736073564165
6.89999999999999 1.30522938704967 59.835501815598 104.282389406931 8.22227218667218 0.126126729550781 0.0222732840222198
6.99999999999999 1.37362496114758 59.8649229812094 104.238247397397 8.26544431384481 0.125474193692663 0.0224663058481379
7.09999999999999 1.44200615991814 59.8948320962811 104.19413970646 8.3082922400618 0.124819366771348 0.0226470494497905
7.19999999999999 1.51037475358585 59.925225202265 104.150068954444 8.35081626298449 0.124162803816705 0.0228097039556388
7.29999999999999 1.578732430872 59.9560983430226 104.106037758073 8.39301667731741 0.123505053812452 0.0229537711138499
7.39999999999999 1.64708080021019 59.9874475650902 104.062048729768 8.43489377434768 0.122846653835592 0.0230787489689427
7.49999999999999 1.71542139099851 60.0192689179427 104.018104476941 8.4764478414825 0.122188128756315 0.0231841321069706
7.59999999999999 1.78375565488477 60.0515584542587 103.974207601297 8.51767916178663 0.121529990973378 0.0232694119546774
7.69999999999999 1.85208496708309 60.0843122301852 103.930360698123 8.55858801351986 0.120872740184762 0.0233340771114527
7.79999999999999 1.92041062771993 60.117526305602 103.886566355591 8.59917466967454 0.120216863191223 0.0233776137160174
7.89999999999999 1.98873386320736 60.1511967443868 103.842827154048 8.63943939751303 0.119562833731739 0.0233995058511775
7.99999999999999 2.05705582764214 60.1853196146797 103.799145665317 8.67938245810522 0.118911112349266 0.0233992359950491
8.09999999999999 2.12537760422973 60.2198909891464 103.755524451988 8.7190041058659 0.118262140179299 0.0233718958132099
8.19999999999999 2.1937002067591 60.2549069452046 103.711966066633 8.75830458808949 0.117616320014419 0.0233124687948626
8.29999999999999 2.26202458116916 60.2903635651572 103.668473050828 8.7972841444781 0.116974033645398 0.0232202756131174
8.39999999999999 2.33035160715667 60.3262569362881 103.625047934094 8.83594300666685 0.116335647850926 0.0230946392771819
8.49999999999999 2.39868209979554 60.3625831509567 103.581693232834 8.87428139774917 0.115701514444189 0.0229348857663933
8.59999999999999 2.46701681116459 60.3993383066928 103.538411449277 8.91229953180204 0.115071970343155 0.0227403446948813
8.69999999999999 2.53535643198259 60.4365185062911 103.495205070415 8.9499976134113 0.114447337663436 0.0225103499984506
8.79999999999999 2.60370159324852 60.4741198579058 103.452076566942 8.98737583719689 0.113827923832376 0.0222442406307932
8.89999999999999 2.67205286788628 60.5121384751451 103.409028392192 9.02443438733812 0.113214021723218 0.0219413613004095
8.99999999999999 2.74041077239201 60.5505704771661 103.366062981084 9.06117343709894 0.112605909807906 0.0216010631922421
9.09999999999999 2.80877576848398 60.5894119887675 103.32318274905 9.09759314835374 0.11200384248664 0.0212185588921069
9.19999999999999 2.87714826477843 60.6286591404317 103.280390090902 9.13369367112667 0.111408020281561 0.0207889881607403
9.29999999999998 2.94552861852624 60.6683080682412 103.237687379502 9.16947514316537 0.110818618780854 0.0203116051764047
9.39999999999998 3.01391713736431 60.7083549137431 103.195076964347 9.20493768952824 0.110235798664723 0.0197856735647998
9.49999999999998 3.08231408105423 60.7487958238136 103.152561170168 9.24008142217223 0.109659706028272 0.0192104666403027
9.59999999999998 3.15071966320647 60.7896269505207 103.110142295517 9.27490643954063 0.109090472720297 0.0185852675883618
9.69999999999998 3.21913405298886 60.8308444509884 103.067822611354 9.30941282615087 0.108528216698078 0.0179093696040046
9.79999999999998 3.28755737681893 60.8724444872597 103.025604359645 9.34360065218225 0.107973042395815 0.0171820759671255
9.89999999999998 3.35598972003908 60.9144232261608 102.983489751943 9.37746997306384 0.107425041108445 0.0164027000685323
9.99999999999998 3.4244311285738 60.9567768391639 102.941480967985 9.41102082906217 0.106884291388644 0.0155705653737078
10.1 3.49288161056907 60.99950150225 102.89958015428 9.44425324486989 0.106350852451736 0.0146836684627834
10.2 3.56134113802346 61.0425933957419 102.857789422664 9.47716722921594 0.105824743407915 0.0137399979238789
10.3 3.62980964842556 61.0860487040611 102.816110848777 9.50976277453038 0.105305964437066 0.0127388777019379
10.4 3.698287046376 61.1298636154557 102.774546470511 9.54203985663082 0.104794504254593 0.0116796376464982
10.5 3.76677320518254 61.1740343217272 102.733098286451 9.57399843440963 0.10429034063072 0.0105616125349564
10.6 3.83526796842714 61.2185570179573 102.691768254318 9.60563844952118 0.103793440922552 0.00938414102478332
10.7 3.9037711515049 61.2634279022339 102.650558289417 9.63695982606904 0.103303762619153 0.00814656452110416
10.8 3.97228254313479 61.3086431753784 102.609470263075 9.66796247029328 0.102821253899061 0.00684822597997027
10.9 4.04080190684181 61.3541990406716 102.568506001091 9.6986462702576 0.10234585420012 0.00548846864331185
11 4.10932898241069 61.4000917035814 102.527667282173 9.72901109553667 0.101877494802887 0.00406663472773871
11.1 4.17786348730812 61.4463173714895 102.486955836397 9.75905679690679 0.101416104173669 0.00259948251417319
11.2 4.24640511799975 61.4928722534577 102.446373343897 9.78878320612903 0.100961623957891 0.001104155491478
11.3 4.31495355104549 61.5397525600867 102.405921434165 9.81819013596634 0.100513997220819 -0.000419431257449788
11.4 4.38350844409423 61.5869545034128 102.365601685596 9.84727738029306 0.100073164327688 -0.00197136738732698
11.5 4.45206943685245 61.6344742968056 102.325415625036 9.8760447142079 0.0996390632679678 -0.003551747627818
11.6 4.52063615203052 61.6823081548659 102.285364727332 9.90449189414692 0.0992116299764565 -0.00516067204923038
11.7 4.58920819626656 61.7304522933241 102.245450414885 9.93261865799656 0.0987907986513525 -0.00679824632350774
11.8 4.65778516102887 61.7789029289375 102.205674057196 9.96042472520661 0.0983765020686215 -0.00846458193376049
11.9 4.72636662349691 61.8276562793884 102.166036970422 9.98790979690322 0.0979686718942281 -0.0101597963510985
12 4.79495214742161 61.8767085631822 102.126540416924 10.0150735560019 0.0975672389929372 -0.0118840131526678
12.1 4.86354128397042 61.9260559995471 102.087185604808 10.0419156673215 0.0971721286106139 -0.0136437510745214
12.2 4.93213357268851 61.9756948083878 102.047973687324 10.0684357777222 0.0967832434729453 -0.0154456808808154
12.3 5.00072854278399 62.0256212103752 102.008905761859 10.0946335163052 0.0964004763260337 -0.0172901685850361
12.4 5.06932571452552 62.0758314270892 101.969982868791 10.1205084946366 0.0960237150641381 -0.0191775940072229
12.5 5.13792460062179 62.1263216811642 101.931205990326 10.1460603069719 0.0956528432062358 -0.0211083517419578
12.6 5.20652470757721 62.1770881964341 101.892576049345 10.1712885304808 0.0952877403785865 -0.0230828520452928
12.7 5.27512553702487 62.2281271980779 101.854093908241 10.1961927254721 0.094928282804609 -0.0251015216738807
12.8 5.34372658703642 62.2794349127642 101.815760367764 10.220772435618 0.0945743438010986 -0.0271648046396375
12.9 5.41232735340953 62.3310075687974 101.777576165862 10.2450271881794 0.0942257942824269 -0.0292731628692837
13 5.48092733093354 62.382841396262 101.739541976524 10.2689564942299 0.0938825032720551 -0.0314270767728891
13.1 5.54952601463263 62.4349326271727 101.701658408634 10.292559848894 0.0935443315945682 -0.0335865051706605
13.2 5.61812290096969 62.4872774957405 101.663926005232 10.3158367319157 0.0932111105266581 -0.0357106763767317
13.3 5.68671748898152 62.5398722389345 101.626345243777 10.3387866090698 0.0928826600399398 -0.0377990150990788
13.4 5.75530928136998 62.5927130971599 101.588916536825 10.3614089339044 0.0925587951115135 -0.0398509811202563
13.5 5.82389778556601 62.6457963149405 101.551640232702 10.3837031494965 0.0922393255255142 -0.0418660699900897
13.6 5.89248251476707 62.6991181416015 101.514516616197 10.4056686902071 0.0919240556823034 -0.0438438137387058
13.7 5.96106298894821 62.752674831952 101.477545909241 10.4273049834372 0.0916127844167275 -0.0457837815903574
13.8 6.02963873584633 62.8064626469677 101.44072827159 10.4486114513825 0.0913053048251858 -0.0476855807249173
13.9 6.09820929191802 62.8604778544735 101.404063801514 10.4695875127893 0.0910014041030925 -0.0495488569932214
14 6.16677420327044 62.9147167298261 101.367552536477 10.4902325847101 0.0907008633923443 -0.0513732956863506
14.1 6.23533302656537 62.9691755566006 101.33119445383 10.5105460842659 0.0904034588028098 -0.0531296871055789
14.2 6.30388532989154 63.0238506273907 101.294989471799 10.5305274306059 0.0901089630627602 -0.0547883030337107
14.3 6.37243069359878 63.0787382448924 101.258937451187 10.5501760473644 0.0898171387330693 -0.0563481103586682
14.4 6.44096871110075 63.1338347231022 101.223038197372 10.569491365314 0.089527736132263 -0.0578081151773565
14.5 6.50949898964977 63.1891363885177 101.187291462312 10.5884728250263 0.0892404928786243 -0.0591673625608865
14.6 6.57802115108293 63.2446395813399 101.151696946551 10.6071198795328 0.088955133482775 -0.0604249359149707
14.7 6.64653483253876 63.3003406566743 101.116254301226 10.6254319969858 0.0886713689916367 -0.0615799559081338
14.8 6.71503968714331 63.3562359857325 101.080963130072 10.6434086633188 0.0883888966841208 -0.0626315788801236
14.9 6.78353538466466 63.4123219570337 101.045822991428 10.6610493849076 0.0881073998199942 -0.0635789947352393
15 6.85202161213495 63.4685949776062 101.010833400241 10.6783536912309 0.0878265474415346 -0.0644214242193607
15.1 6.92049807444104 63.5250514741912 100.975993830077 10.6953211375352 0.0875459852795574 -0.0651506973920128
15.2 6.98896449493999 63.581687894501 100.941303715146 10.7119513076047 0.0872653075181588 -0.0657586300500214
15.3 7.05742061618783 63.6385007086162 100.90676245239 10.7282438167982 0.086984081364105 -0.0662444597826015
15.4 7.12586620068466 63.6954864104382 100.872369403587 10.7441983151912 0.086701855755337 -0.0666074405002224
15.5 7.19430103157633 63.7526415191429 100.838123897459 10.7598144907216 0.0864181615171442 -0.0668468335493403
15.6 7.26272491330959 63.8099625806351 100.804025231783 10.7750920723362 0.0861325115891208 -0.0669618977069732
15.7 7.33113767223875 63.8674461690026 100.770072675496 10.7900308331361 0.0858444013228407 -0.066951877999
15.8 7.39953915718346 63.9250888879706 100.736265470802 10.8046305935236 0.0855533088490991 -0.0668159933222566
15.9 7.46792923993578 63.9828873723555 100.702602835281 10.8188912243474 0.0852586955146481 -0.0665534227824134
16 7.53630781571586 64.0408382895193 100.669083963999 10.8328126500492 0.0849600063876487 -0.0661632907296145
16.1 7.60467480357762 64.0989383408233 100.635708031608 10.8463948518143 0.0846566455593579 -0.0656466003569681
16.2 7.67303014682419 64.1571842630683 100.60247419435 10.8596378708539 0.0843479003359969 -0.0650046205258629
16.3 7.74137381352331 64.2155728299021 100.569381591802 10.8725418120179 0.0840330167365699 -0.0642367407268464
16.4 7.80970579701388 64.2741008532128 100.536429348518 10.8851068475395 0.0837112255479729 -0.0633422203706674
16.5 7.8780261163392 64.3327651845225 100.503616575669 10.8973332207837 0.083381743333889 -0.0623201624813219
16.6 7.94633481660431 64.3915627163805 100.470942372684 10.909221249997 0.0830437735017353 -0.0611694855056117
16.7 8.01463196925682 64.4504903837568 100.438405828884 10.9207713320561 0.0826965074265119 -0.0598888930956364
16.8 8.08291767229169 64.5095451654351 100.406006025126 10.9319839462171 0.0823391256306201 -0.0584768416464852
16.9 8.15119205037948 64.5687240854064 100.373742035439 10.9428596578646 0.0819707990197276 -0.0569315053802486
17 8.21945525491895 64.6280242142622 100.341612928668 10.9533991222608 0.0815906901743687 -0.0552507386516169
17.1 8.28770746401237 64.6874426705778 100.30961777009 10.9636030882927 0.0811979243762373 -0.0534719331147049
17.2 8.35594888232215 64.7469766220356 100.277755622639 10.9734724021764 0.080791502577052 -0.0516335745759813
17.3 8.42417974073453 64.8066232858868 100.246025547087 10.9830080110497 0.0803703980251253 -0.0497346574210349
17.4 8.49240029588696 64.8663799291535 100.21442660183 10.9922109665223 0.0799335882205853 -0.0477738378427255
17.5 8.56061082960077 64.9262438688205 100.182957842649 11.0010824282232 0.0794800558780527 -0.0457494041852223
17.6 8.62881164822323 64.986212472027 100.15161832248 11.0096236673489 0.0790087898740478 -0.0436592441902279
17.7 8.69700308188187 65.0462831562586 100.120407091175 11.0178360702113 0.0785187861810868 -0.0415008086010601
17.8 8.76518548365403 65.106453389539 100.089323195269 11.0257211417856 0.0780090487884925 -0.0392710704374455
17.9 8.83335922865521 65.1667206906217 100.058365677748 11.0332805092582 0.0774785906134027 -0.0369664791964554
18 8.90152471304949 65.2270826291823 100.027533577809 11.0405159255748 0.076926434402856 -0.0345829090902218
18.1 8.96968235297623 65.287536825997 99.9968259306201 11.0474292729565 0.076351707236975 -0.0321806686403849
18.2 9.03783258315458 65.3480809527965 99.9662417668166 11.0540225655999 0.0757539264403598 -0.0298216750354947
18.3 9.10597585480355 65.4087127312918 99.9357801113404 11.0602979503029 0.0751327261971766 -0.0275036947070862
18.4 9.17411263330565 65.4694299318737 99.9054399820244 11.0662577062743 0.0744877641802315 -0.0252244167680297
18.5 9.2422433958704 65.5302303723 99.8752203881649 11.0719042449112 0.0738187206482061 -0.0229814463754287
18.6 9.3103686292113 65.5911119163834 99.8451203290943 11.0772401095771 0.0731252975441363 -0.0207722962961062
18.7 9.37848882724064 65.6520724726779 99.8151387927546 11.0822679753797 0.0724072175942035 -0.018594376510977
18.8 9.44660448878564 65.7131099931667 99.7852747542693 11.0869906489487 0.0716642234068101 -0.0164449816808573
18.9 9.51471611533018 65.7742224719494 99.7555271745174 11.0914110682138 0.0708960765713977 -0.0143212761512993
19 9.58282420878572 65.835407943929 99.7258949987052 11.0955323021821 0.0701025567570554 -0.0122202762730633
19.1 9.65092926930141 65.8966644835033 99.6963771549348 11.0993575507198 0.0692834444135689 -0.0101429757594301
19.2 9.71903179326606 65.9579902033596 99.6669725526376 11.1028901444131 0.0684384695657816 -0.00809048678223715
19.3 9.78713227174113 66.0193832535324 99.6376800806694 11.1061335446362 0.067567358243715 -0.00605973326812833
19.4 9.85523118908415 66.080841820564 99.6084986052713 11.1090913436989 0.0666698478833131 -0.00404742046441356
19.5 9.92332902161613 66.1423641266699 99.5794269680251 11.1117672649979 0.0657456866201811 -0.00205000223759144
19.6 9.99142623633048 66.2039484289032 99.5504639838098 11.1141651631679 0.0647946325876932 -6.36423897933174e-005
19.7 10.0595232896478 66.2655930183201 99.521608438757 11.116289024233 0.0638164532204432 0.00191583114957459
19.8 10.1276206262199 66.3272962191445 99.4928590882067 11.1181429657576 0.0628109245648668 0.00389298070601157
19.9 10.1957186777877 66.3890563879332 99.4642146546637 11.1197312369978 0.0617778305987695 0.00587282355655731
20 10.2638178620964 66.4508719127406 99.4356738257528 11.1210582190523 0.0607169625618166 0.00786090916550097
20.1 10.3319185818643 66.5127412122802 99.4072352521831 11.1221284249655 0.0596283193466351 0.00981752777794606
20.2 10.4000212236278 66.5746627349929 99.3788975459298 11.1229464985681 0.0585127106820734 0.0116983423985829
20.3 10.4681261562099 66.6366349578774 99.3506592789666 11.1235172101166 0.0573711540389019 0.0135018535839855
20.4 10.5362337291645 66.6986563852289 99.3225189822163 11.1238454506708 0.0562046720784287 0.0152257526494339
20.5 10.6043442713944 66.7607255473726 99.2944751445085 11.1239362264223 0.0550142909989947 0.0168668305294092
20.6 10.6724580899449 66.8228409993984 99.2665262115388 11.1237946530242 0.0538010389651762 0.0184208662237931
20.7 10.7405754689733 66.8850013198945 99.2386705848265 11.1234259499199 0.0525659446204421 0.0198824906573636
20.8 10.8086966688872 66.9472051096824 99.2109066206736 11.1228354346718 0.051310035684606 0.0212450207552543
20.9 10.8768219256503 67.0094509905503 99.1832326291229 11.1220285172907 0.0500343376383945 0.0225002570952092
21 10.9449514502496 67.0717376039882 99.1556468729165 11.1210106945649 0.0487398724964586 0.0236382367021769
21.1 11.0130854283199 67.1340636099268 99.1281475664701 11.1197875443718 0.0474277540131965 0.0246787967497598
21.2 11.0812240199036 67.1964276856273 99.1007328752527 11.1183647195497 0.0460994761336759 0.0256434136013725
21.3 11.1493673593274 67.2588285249489 99.0734009161978 11.116747940651 0.0447566238420427 0.0265216153274163
21.4 11.2175155552386 67.3212648377649 99.0461497585208 11.1149429882542 0.0434007760776999 0.0273006801567894
21.5 11.2856686908154 67.3837353493858 99.0189774245518 11.1129556952598 0.042033504973004 0.0279652048151064
21.6 11.3538268241418 67.4462387999811 98.9918818905678 11.1107919391856 0.0406563751917097 0.0284965716945548
21.7 11.4219899887386 67.508773944002 98.9648610876264 11.1084576344623 0.0392709433724817 0.0288722882323919
21.8 11.4901581942399 67.5713395496036 98.9379129023977 11.1059587247287 0.0378787576823135 0.0290651637095341
21.9 11.5583314272057 67.6339343980674 98.9110351779978 11.1033011751277 0.0364813574893996 0.0290422778719477
22 11.6265096520602 67.6965572832236 98.8842257148211 11.1004909646013 0.0350802731681898 0.0287636806821823
22.1 11.6946928121476 67.7592070108771 98.8574822713776 11.0975340781939 0.0336770076874913 0.0282265901329563
22.2 11.7628808309244 67.8218823983249 98.830802565242 11.0944364995455 0.0322729820724537 0.0274284621150634
22.3000000000001 11.8310736133257 67.8845822741056 98.8041842742866 11.0912042038706 0.0308695915724732 0.0263157252694834
22.4000000000001 11.8992710472445 67.947305477841 98.7776250380262 11.087843151127 0.0294682246071074 0.0248222782332742
22.5000000000001 11.9674730050814 68.0100508600806 98.7511224589679 11.0843592791927 0.0280702634418678 0.0228660384981859
22.6000000000001 12.0356793453563 68.0728172821465 98.7246741039597 11.0807584970422 0.0266770851314123 0.0203443532892729
22.7000000000001 12.1038899143708 68.135603615978 98.6982775055402 11.0770466779233 0.0252900628157505 0.0171278269844152
22.8000000000001 12.1721045479146 68.1984087439766 98.671930163288 11.0732296525334 0.0239105674934403 0.0130519147994101
22.9000000000001 12.2403230730035 68.2612315588508 98.6456295451705 11.0693132021966 0.0225399704548004 0.00790531803932101
23.0000000000001 12.3085453096435 68.3240709634603 98.6193730888939 11.0653030520396 0.0211796466428452 0.00141372379742728
23.1000000000001 12.37677107261 68.3869258706635 98.5931582032534 11.0612048641844 0.0198309238350708 -0.00669608958669997
23.2000000000001 12.4450001732382 68.4497952032119 98.566982269526 11.0570242313442 0.0184949225212965 -0.0167834541490169
23.3000000000001 12.5132324212197 68.512677893769 98.5408426429675 11.0527666714463 0.0171727307515967 -0.0294356323086113
23.4000000000001 12.5814676263859 68.5755728849769 98.5147366543515 11.0484376226582 0.0158654712831754 -0.0454641324971501
23.5000000000001 12.6497056004675 68.6384791295253 98.4886616115102 11.04404243843 0.0145743187896068 -0.0660141152462081
23.6000000000001 12.7179461588239 68.7013955902202 98.4626148008741 11.0395863825365 0.013300526025456 -0.0927407898192615
23.7000000000001 12.7861891221375 68.7643212400526 98.4365934890131 11.0350746241197 0.0120454648215129 -0.128103513075738
23.8000000000001 12.8544343180662 68.8272550622675 98.4105949241763 11.0305122327302 0.0108106925683654 -0.175875218020297
23.9000000000001 12.9226815828514 68.8901960504327 98.3846163378331 11.0259041733703 0.00959806443045222 -0.242064263357376
24.0000000000001 12.9909307628745 68.953143208507 98.3586549462128 11.0212553015353 0.00840993185855974 -0.336668337721273
24.1000000000001 13.0591817161556 69.0160955509095 98.3327079518458 11.0165703582991 0.00724934234372161 -0.476798630200788
24.2000000000001 13.1274343137041 69.0790521025751 98.3067725451011 11.0118539665128 0.00612024764250828 -0.694567884794989
24.3000000000001 13.1956884405823 69.1420118989803 98.280845905719 11.0071106298313 0.00502957559241134 -1.05545674651271
24.4000000000001 13.2639439968067 69.2049739861565 98.254925204341 11.0023447328535 0.00399120554480109 -1.7021372458759
24.5000000000001 13.3322008981722 69.2679374207031 98.2290076040404 10.9975605413057 0.00303622827511065 0
24.6000000000001 13.4004590770023 69.3309012698004 98.2030902618518 10.9927622022245 0.00224237540432583 0
24.7000000000001 13.4687184828286 69.3938646112226 98.1771703303017 10.9879537441403 0.00179606598835616 0
24.8000000000001 13.5369790829985 69.4568265333507 98.1512449589385 10.9831390772603 0.0019187443196368 0
24.9000000000001 13.6052408632144 69.5197861351855 98.1253112958623 10.9783219936516 0.00250361805913219 0
25.0000000000001 13.6735038280044 69.5827425263606 98.0993664892553 10.9735061674248 0.00329554970557882 -2.25227086872402
25.1000000000001 13.7417680011227 69.6456948271537 98.073407688909 10.9686951549567 0.00416385181950282 -1.3416943904189
25.2000000000001 13.810033425798 69.7086421684505 98.0474320476724 10.9638923961545 0.00505816641225979 -0.856811512015142
25.3000000000001 13.8783001646992 69.7715836915911 98.0214367227024 10.9591012183607 0.00595797221877077 -0.576505864091699
25.4000000000001 13.9465682997572 69.834518548169 97.995418876635 10.9543248412995 0.00685401252150545 -0.402630871261268
25.5000000000001 14.0148379319301 69.897445899828 97.9693756787536 10.9495663820621 0.00774179741979213 -0.288571982444276
25.6000000000001 14.0831091809202 69.9603649180597 97.9433043061577 10.9448288600931 0.00861908039432379 -0.210414228588089
25.7000000000001 14.1513821848478 70.0232747840008 97.9172019449311 10.9401152021761 0.00948476563640201 -0.155012261145382
25.8000000000001 14.2196570998831 70.0861746882305 97.8910657913106 10.9354282474196 0.0103383886465858 -0.114704130279894
25.9000000000001 14.2879340998429 70.1490638305676 97.8648930528541 10.9307707522432 0.0111798496145546 -0.0847977399915941
26.0000000000001 14.3562133757541 70.2119414198675 97.8386809496094 10.9261453953632 0.01200926766619 -0.0622970217793368
26.1000000000001 14.424495135385 70.2748066738217 97.8124267152897 10.9215547827833 0.0128268844787101 -0.0453412206109452
26.2000000000001 14.4927796027063 70.3376588187982 97.7861275986449 10.9170014529136 0.0136329772393378 -0.0326624380352164
26.3000000000001 14.5610670172125 70.4004970897888 97.7597808653259 10.9124878820128 0.014427865498477 -0.0232692794601335
26.4000000000001 14.629357633177 70.4633207303983 97.7333837999456 10.9080164897592 0.0152119028254178 -0.0164500589323911
26.5000000000001 14.6976517188846 70.5261289928351 97.7069337081455 10.9035896448258 0.01598546334506 -0.0116831784750907
26.6000000000001 14.7659495558466 70.5889211379023 97.6804279186633 10.8992096704555 0.0167489332003456 -0.00857918861948104
26.7000000000001 14.834251438 70.651696434988 97.6538637854006 10.8948788500369 0.0175027052698296 -0.00684238162696694
26.8000000000001 14.9025576708923 70.7144541620564 97.6272386894902 10.8905994326796 0.0182471760994952 -0.00624475559027744
26.9000000000001 14.9708685708558 70.7771936056384 97.6005500413634 10.8863736387894 0.0189827443848638 -0.00660800463723784
27.0000000000001 15.0391844641705 70.8399140608225 97.5737952828176 10.8822036656438 0.0197098105658124 -0.00779083063279435
27.1000000000001 15.1075056862139 70.9026148312449 97.5469718890949 10.8780916929848 0.0204287885066638 -0.00985985627002418
27.2000000000001 15.1758325804469 70.9652952290653 97.5200773712593 10.8740398890675 0.0211401409526424 -0.012870893751274
27.3000000000001 15.2441654969965 71.0279545749071 97.4931092793287 10.8700504178637 0.0218443489123339 -0.0167065681695373
27.4000000000001 15.312504791082 71.0905921977825 97.4660652057053 10.866125446722 0.0225419038861277 -0.0212693099765087
27.5000000000001 15.3808508214358 71.1532074350181 97.4389427886176 10.8622671540444 0.0232333119625928 -0.0264770273266514
27.6000000000001 15.4492039487303 71.2157996321791 97.4117397155618 10.8584777369636 0.0239190984916571 -0.032259785785741
27.7000000000001 15.5175645340104 71.278368142995 97.3844537267438 10.8547594190197 0.0245998132248694 -0.0385572269221499
27.8000000000001 15.5859329371362 71.3409123292844 97.3570826185208 10.8511144578377 0.025276035836291 -0.0453165344709683
27.9000000000001 15.6543095152377 71.4034315608797 97.3296242468432 10.8475451528039 0.0259483817480629 -0.052490810106867
28.0000000000001 15.7226946211849 71.4659252155527 97.3020765306962 10.8440538527437 0.0266175081961015 -0.0600377584927234
28.1000000000001 15.7910886020753 71.5283926789362 97.2744374555397 10.8406429635705 0.0272840525035942 -0.067765367335602
28.2000000000001 15.8594917977339 71.5908333443769 97.2467050767007 10.8373149552226 0.0279484308741539 -0.0755067350364499
28.3000000000001 15.9279045392067 71.6532466126083 97.2188775226446 10.8340723667899 0.0286110409712412 -0.0832592777337876
28.4000000000001 15.9963271472579 71.7156318913556 97.1909529981997 10.8309178109274 0.0292723325257085 -0.091019402923747
28.5000000000001 16.0647599308811 71.7779885949356 97.1629297877782 10.8278539782412 0.0299328106865447 -0.098782476076727
28.6000000000001 16.1332031858264 71.8403161438583 97.1348062585992 10.8248836416751 0.030593039300947 -0.106542782547882
28.7000000000001 16.2016571931493 71.9026139644278 97.1065808639103 10.8220096608965 0.0312536441017355 -0.114293487430573
28.8000000000001 16.2701222177832 71.9648814883432 97.0782521462097 10.8192349866825 0.0319153157764518 -0.122026595701067
28.9000000000001 16.3385985071396 72.0271181522996 97.0498187404683 10.8165626653065 0.0325788128913038 -0.129732915270512
29.0000000000001 16.407086289742 72.0893233975893 97.0212793773517 10.8139958429239 0.0332449646394921 -0.137402025383791
29.1000000000001 16.4755857738942 72.1514966696966 96.9926328864357 10.8115377699395 0.0339146405429374 -0.144916058469133
29.2000000000001 16.5440971463409 72.2136374177392 96.9638781992495 10.8091918048791 0.0345886477576844 -0.152169462861868
29.3000000000002 16.612620570845 72.2757450935194 96.9350143518816 10.806961417004 0.0352678193090876 -0.159167682741647
29.4000000000002 16.681156186758 72.3378191504213 96.9060404874134 10.8048501884294 0.0359530450860306 -0.165914115321207
29.5000000000002 16.749704107635 72.3998590423022 96.876955858347 10.8028618162245 0.036645271356982 -0.172410328021837
29.6000000000002 16.8182644199012 72.4618642223839 96.8477598290313 10.8010001145121 0.0373455001185892 -0.178656265135181
29.7000000000002 16.8868371815751 72.5238341421443 96.8184518780899 10.7992690165682 0.0380547882563465 -0.18465044701518
29.8000000000002 16.9554224210529 72.5857682502085 96.7890316008482 10.7976725769222 0.038774246501662 -0.190390164281186
29.9000000000002 17.024020135961 72.6476659912404 96.75949871176 10.7962149734562 0.0395050381705193 -0.195871668802538
30.0000000000002 17.0926302920808 72.709526804834 96.7298530468351 10.7949005095051 0.0402483776729449 -0.201090362831219
30.1000000000002 17.1612528223504 72.7713501243961 96.7000945660551 10.7937336159388 0.0410055062029214 -0.205943838552955
30.2000000000002 17.2298876258775 72.8331353757978 96.6702233554971 10.7927188527951 0.0417776121028992 -0.210340893999473
30.3000000000002 17.298534566855 72.8948819754423 96.6402396287163 10.7918609097701 0.042565878548893 -0.214292756582237
30.4000000000002 17.367193473491 72.9565893281004 96.6101437278359 10.7911646062592 0.0433715003254686 -0.217810231540213
30.5000000000002 17.4358641370319 73.0182568247389 96.5799361246268 10.7906348913811 0.0441956805501791 -0.220903914459607
30.6000000000002 17.5045463108822 73.0798838403476 96.5496174215865 10.7902768440008 0.0450396275289535 -0.223584374180784
30.7000000000002 17.5732397098295 73.1414697317672 96.5191883530178 10.7900956727534 0.0459045517525881 -0.225862306955489
30.8000000000002 17.6419440093768 73.2030138355167 96.4886497861085 10.7900967160681 0.0467916630457164 -0.227748662828887
30.9000000000002 17.7106588451906 73.2645154656212 96.45800272201 10.790285442191 0.0477021678794255 -0.229254745095512
31.0000000000002 17.7793838126664 73.3259739114393 96.427248296917 10.7906674492094 0.0486372668587915 -0.230392284105148
31.1000000000002 17.8481184666228 73.3873884354794 96.3963877831162 10.7912484650427 0.0495980974005591 -0.231013453971966
31.2000000000002 17.9168623211976 73.448758270919 96.3654225892673 10.7920343465893 0.0505855425591042 -0.230992096258121
31.3000000000002 17.9856148500522 73.5100826183721 96.3343542587299 10.7930310767307 0.051600352405571 -0.230372639740379
31.4000000000002 18.0543754867631 73.5713606423588 96.3031844671217 10.7942447604914 0.0526431925904584 -0.229199168863472
31.5000000000002 18.1231436253255 73.6325914677646 96.2719150198469 10.7956816211665 0.0537146448855399 -0.227515230105625
31.6000000000002 18.1919186207664 73.6937741762988 96.2405478496252 10.797347996449 0.0548152085655522 -0.225363622865929
31.7000000000002 18.2606997898656 73.754907802954 96.2090850140193 10.7992503345575 0.0559453025247725 -0.222786185819201
31.8000000000002 18.3294864119832 73.8159913324641 96.1775286929644 10.8013951903632 0.0571052680221497 -0.219823588315749
31.9000000000002 18.3982777299922 73.8770236957637 96.1458811862962 10.803789221518 0.0582953719503053 -0.216515134676505
32.0000000000002 18.4670729513139 73.9380037664468 96.1141449112792 10.8064391845812 0.0595158105279015 -0.212898587541056
32.1000000000002 18.5358712490734 73.9989303572368 96.0823224001141 10.8093519311283 0.0607666542068966 -0.208950172004532
32.2000000000002 18.60467176385 74.0598022167512 96.0504162968845 10.8125344033585 0.0620476588575098 -0.204654087460258
32.3000000000002 18.6734736067735 74.1206180270125 96.018429353082 10.8159936284308 0.063358420741429 -0.200056645502126
32.4000000000002 18.7422758631755 74.1813764012544 95.9863644225716 10.8197367123005 0.0646984378882461 -0.195201173549861
32.5000000000002 18.8110775963072 74.242075881738 95.9542244565354 10.8237708335354 0.066067116517869 -0.190127928355118
32.6000000000002 18.8798778510953 74.3027149375691 95.9220124984162 10.8281032371329 0.0674637774885508 -0.184874056329794
32.7000000000002 18.9486756579273 74.3632919625153 95.8897316788608 10.8327412283363 0.0688876626684129 -0.179473597057099
32.8000000000002 19.0174700364573 74.4238052728225 95.8573852106645 10.8376921664515 0.0703379411476812 -0.173957525388278
32.9000000000002 19.0862599994221 74.4842531050318 95.824976383714 10.8429634586641 0.0718137152257393 -0.168353826852936
33.0000000000002 19.1550445564598 74.5446336137968 95.7925085599313 10.8485625538555 0.0733140261239738 -0.162687600888167
33.1000000000002 19.2238227179064 74.6049448696891 95.7599851682209 10.8544969364116 0.0748378331837879 -0.156971908812621
33.2000000000002 19.2925934982608 74.6651848567162 95.7274096995058 10.8607741198176 0.0763839431122092 -0.151219019761962
33.3000000000002 19.3613559188161 74.725351469108 95.6947857019889 10.8674016397108 0.0779510986385336 -0.145448655013538
33.4000000000002 19.4301090099204 74.7854425078158 95.662116776504 10.8743870467195 0.0795380106879985 -0.139677892512313
33.5000000000002 19.4988518131526 74.8454556769992 95.6294065718696 10.8817378992936 0.0811433633499559 -0.133921363583017
33.6000000000002 19.5675833834158 74.9053885805139 95.5966587802427 10.8894617565361 0.0827658185171304 -0.128191449610556
33.7000000000002 19.6363027909346 74.9652387183996 95.5638771324735 10.897566171033 0.0844040202205714 -0.122498475348981
33.8000000000002 19.705009123146 75.0250034833669 95.5310653934587 10.9060586816849 0.0860565986891678 -0.116850896231478
33.9000000000002 19.7737014864715 75.0846801572851 95.4982273574957 10.9149468065374 0.0877221741657719 -0.111255477626218
34.0000000000002 19.842379007959 75.1442659076696 95.465366843637 10.9242380356121 0.0893993605129572 -0.105717464626678
34.1000000000002 19.9110408368048 75.2037577841917 95.4324876910343 10.9339398237188 0.0910866719371497 -0.100239050649155
34.2000000000002 19.9796861462604 75.2631527157543 95.3995937540338 10.9440595827833 0.0927822283081871 -0.0948229305214159
34.3000000000002 20.0483141367148 75.3224475090092 95.3666888966399 10.9546046729468 0.0944840347301476 -0.0894728855546908
34.4000000000002 20.1169240390669 75.3816388474401 95.3337769867288 10.9655823931805 0.0961900793895496 -0.0841912736997434
34.5000000000002 20.1855151178406 75.4407232904686 95.3008618902537 10.9769999718816 0.0978983365797466 -0.0789791921109132
34.6000000000002 20.2540866740068 75.4996972725593 95.2679474654489 10.9888645574702 0.0996067696845799 -0.0738366250720696
34.7000000000002 20.3226380474947 75.5585571023256 95.2350375570349 11.0011832089847 0.101313334163274 -0.0687625775677273
34.8000000000002 20.3911686193777 75.6172989616349 95.2021359904227 11.0139628866788 0.103015980576935 -0.063755195048735
34.9000000000002 20.4596778137183 75.6759189047144 95.1692465659185 11.0272104426172 0.104712657694908 -0.0588118699905983
35.0000000000002 20.5281650990555 75.7344128572561 95.1363730529285 11.0409326112718 0.106401315717003 -0.0539293360475502
35.1000000000002 20.5966299895366 75.7927766155469 95.1035191841876 11.0551360001471 0.108080005256964 -0.0491643748498035
35.2000000000002 20.6650720460468 75.8510058462159 95.0706886506259 11.0698270811513 0.109747166105067 -0.0445680865443615
35.3000000000002 20.7334908779423 75.9090960875554 95.0378850978502 11.0850121838631 0.111401339476975 -0.0401286556405931
35.4000000000002 20.8018861448482 75.9670427514592 95.0051121232642 11.1006974895447 0.113041072156088 -0.0358348027746278
35.5000000000002 20.8702575581558 76.0248411253855 94.9723732732111 11.116889025184 0.114664916759697 -0.0316757590511566
35.6000000000002 20.9386048822023 76.0824863743201 94.9396720401179 11.1335926575364 0.116271432313707 -0.0276412390631856
35.7000000000002 21.0069279351218 76.1399735427389 94.9070118596386 11.1508140871665 0.117859185131602 -0.0237214130956382
35.8000000000002 21.0752265893647 76.1972975565705 94.8743961077983 11.1685588424905 0.119426749992804 -0.0199068789501728
35.9000000000002 21.1435007718766 76.2544532251595 94.8418280981361 11.1868322738176 0.120972711614957 -0.016188633693574
36.0000000000002 21.2117504639336 76.311435243229 94.8093110788495 11.2056395473921 0.12249566641458 -0.0125580455811884
36.1000000000002 21.2799757006332 76.3682381928537 94.7768482299514 11.2249856394538 0.123994290863688 -0.0090345156894445
36.2000000000002 21.348176570215 76.4248565456925 94.7444426607897 11.2448753307748 0.125467540299929 -0.00563615565284486
36.3000000000002 21.4163532135144 76.4812846658822 94.7120974084859 11.2653132024067 0.126914447414138 -0.00235314394403497
36.4000000000002 21.4845058233075 76.5375168131912 94.6798154367352 11.2863036319047 0.12833405634036 0.00082374176478291
36.5000000000002 21.5526346433802 76.5935471461832 94.647599634621 11.3078507895698 0.129725423831507 0.00390317655545062
36.6000000000003 21.6207399673155 76.6493697253807 94.6154528154289 11.329958634691 0.131087620674472 0.00689333624308429
36.7000000000003 21.6888221369969 76.7049785164288 94.583377715461 11.3526309117876 0.132419733328185 0.0098019417548559
36.8000000000003 21.7568815408286 76.7603673932588 94.5513769928504 11.3758711468516 0.133720865769076 0.0126363001900227
36.9000000000003 21.8249186116726 76.8155301412521 94.5194532263753 11.3996826435898 0.134990141528385 0.0154033428703665
37.0000000000003 21.8929338245038 76.8704604604034 94.4876089142731 11.4240684796663 0.13622670590718 0.0181096606308123
37.1000000000003 21.9609276937946 76.9251519684966 94.455846473065 11.4490315029632 0.13742978807088 0.0207397474019019
37.2000000000003 22.02890077093 76.9795982045877 94.4241682366384 11.474574328329 0.138598876709195 0.0232785188754174
37.3000000000003 22.0968536421548 77.0337926332678 94.3925764559866 11.5006993355631 0.139733532208527 0.0257326285965113
37.4000000000003 22.1647869266232 77.0877286492343 94.3610732992066 11.5274086678874 0.140833326515355 0.0281083178395954
37.5000000000003 22.2327012742655 77.1413995818729 94.3296608515068 11.5547042304368 0.14189784425283 0.030411454632007
37.6000000000003 22.3005973634649 77.1947986998406 94.2983411152152 11.5825876887496 0.142926683945771 0.0326475693693605
37.7000000000003 22.368475898545 77.2479192156481 94.2671160097874 11.6110604672579 0.143919459341051 0.0348218873907718
37.8000000000003 22.4363376070708 77.3007542902422 94.2359873718138 11.640123747778 0.144875800811053 0.0369393588227072
37.9000000000003 22.5041832369675 77.3532970375885 94.2049569550284 11.669778468001 0.145795356828659 0.0390046859924322
38.0000000000003 22.572013553458 77.405540529254 94.1740264303161 11.700025319983 0.146677795503105 0.0410223486637598
38.1000000000003 22.6398293358468 77.457477799005 94.1431973857289 11.7308647486688 0.147522906609052 0.0429739093997824
38.2000000000003 22.707631374738 77.5091018478027 94.1124713267141 11.7622969512795 0.148330891614883 0.0448408401932669
38.3000000000003 22.7754204706723 77.5604056498097 94.0818496768804 11.7943218788932 0.149102040220837 0.0466270954609461
38.4000000000003 22.8431974333241 77.6113821587945 94.0513337789765 11.8269392388899 0.149836625930432 0.04833633945073
38.5000000000003 22.9109630806957 77.6620243145506 94.0209248958771 11.8601484974289 0.150534905247091 0.0499719754735282
38.6000000000003 22.9787182382834 77.7123250493168 93.99062421157 11.8939488819272 0.151197116950554 0.0515371723370347
38.7000000000003 23.0464637382168 77.7622772941963 93.9604328321421 11.9283393835369 0.151823481450452 0.0530348882891653
38.8000000000003 23.1142004183702 77.8118739855765 93.930351786766 11.9633187596237 0.152414200215138 0.0544678927241906
38.9000000000003 23.1819291214436 77.8611080715487 93.9003820286867 11.998885536244 0.152969455274074 0.0558387859124588
39.0000000000003 23.2496506940141 77.9099725183277 93.8705244362079 12.0350380106236 0.153489408792537 0.0571500169378959
39.1000000000003 23.3173659855557 77.9584603166584 93.8407798136836 12.071774253661 0.153974330497351 0.0584011738830969
39.2000000000003 23.3850758474968 78.0065644878841 93.811148892651 12.1090921131055 0.154424979071896 0.0595909763389619
39.3000000000003 23.4527811324787 78.0542780891566 93.7816323333192 12.1469892184475 0.154842214830562 0.0607203520251182
39.4000000000003 23.5204826938041 78.1015942183074 93.7522307261985 12.1854629864825 0.155226869542251 0.0617900880840952
39.5000000000003 23.5881813850293 78.1485060187065 93.7229445937355 12.2245106269013 0.155579744399926 0.0628008461373844
39.6000000000003 23.6558780596956 78.1950066841209 93.6937743919477 12.2641291478801 0.155901608043021 0.0637531760546834
39.7000000000003 23.7235735711975 78.2410894635735 93.6647205120584 12.3043153616705 0.156193194641944 0.0646475285426106
39.8000000000003 23.7912687727826 78.286747666201 93.6357832821318 12.3450658901903 0.156455202053302 0.0654842666604809
39.9000000000003 23.8589645176791 78.3319746661131 93.6069629687073 12.3863771706129 0.156688290053588 0.0662636763603684
40.0000000000003 23.9266616593464 78.3767639072508 93.5782597784348 12.4282454609578 0.156893078659894 0.0669859761278371
40.1000000000003 23.9943610518383 78.4211089082576 93.5496738597039 12.470666845657 0.157070028668692 0.0676554526528729
40.2000000000003 24.0620635501531 78.4650032676776 93.5212053041312 12.5136372404979 0.157219089673078 0.0682771359377211
40.3000000000003 24.1297700103173 78.5084406699843 93.4928541476868 12.5571523959851 0.157340058608776 0.0688523021388558
40.4000000000003 24.1974812892968 78.5514148919359 93.4646203716786 12.6012079000796 0.15743269886421 0.0693822142057275
40.5000000000003 24.2651982448253 78.5939198089437 93.4365039037318 12.6457991809134 0.157496740919454 0.069868125107502
40.6000000000003 24.3329217351473 78.6359494014399 93.4085046187673 12.6909215095044 0.157531883078004 0.0703112806851309
40.7000000000003 24.4006526186721 78.6774977612461 93.3806223399809 12.7365700024712 0.157537792286199 0.0707129221712364
40.8000000000003 24.4683917535314 78.7185590979416 93.3528568398224 12.7827396247484 0.157514105036874 0.0710742884077978
40.9000000000003 24.5361399970353 78.7591277452308 93.3252078409744 12.8294251923009 0.157460428351316 0.0713966177784118
41.0000000000003 24.6038982050231 78.7991981673121 93.2976750173315 12.8766213748392 0.157376340834294 0.0716811498987972
41.1000000000003 24.671667231106 78.838764965236 93.2702579949999 12.9243226985603 0.157261517749158 0.0719047805051911
41.2000000000003 24.7394479259125 78.8778228830026 93.2429563538382 12.97252354957 0.157116098088782 0.0720434432708695
41.3000000000003 24.807241136569 78.9163668129994 93.2157696303719 13.0212181790346 0.15694030266811 0.0720968813638246
41.4000000000003 24.8750477063272 78.9543918011784 93.1886973212484 13.0704007090129 0.156734308245908 0.0720647654036408
41.5000000000003 24.9428684742419 78.9918930522237 93.1617388867132 13.1200651383159 0.156498247137901 0.0719466937615832
41.6000000000003 25.0107042748894 79.0288659347182 93.134893754086 13.1702053483651 0.156232206973 0.0717421916641517
41.7000000000003 25.0785559381178 79.0653059863112 93.1081613212371 13.2208151090515 0.155936230593544 0.0714507090961914
41.8000000000003 25.1464242888221 79.1012089188859 93.0815409600629 13.2718880845944 0.155610316100187 0.0710716174592124
41.9000000000003 25.214310146737 79.136570623726 93.0550320199624 13.3234178394007 0.15525441704003 0.0706042049650177
42.0000000000003 25.2822143262397 79.1713871766835 93.0286338313132 13.3753978439229 0.154868442738857 0.0700476707018897
42.1000000000003 25.3501376361347 79.2056548433171 93.0023457089578 13.4278214805156 0.154452353182321 0.0694032426187283
42.2000000000003 25.4180808789036 79.2393700832903 92.9761669559499 13.4806820492077 0.154006453121396 0.0686713820048088
42.3000000000003 25.4860448486374 79.2725295528867 92.9500968679643 13.5339727732645 0.153531126748648 0.0678499818528849
42.4000000000003 25.5540303285433 79.3051301067854 92.9241347379659 13.5876868046666 0.153026744997132 0.0669368167691074
42.5000000000003 25.6220380885499 79.3371687998076 92.8982798608897 13.6418172295857 0.152493664689116 0.0659295358131243
42.6000000000003 25.6900688830319 79.3686428886623 92.8725315383205 13.6963570738604 0.151932227788001 0.0648256541806032
42.7000000000003 25.7581234486483 79.3995498336933 92.846889083173 13.7512993084717 0.151342760758445 0.0636225436874808
42.8000000000003 25.8262025022908 79.4298873006254 92.8213518243711 13.8066368550191 0.150725574040513 0.0623174219514697
42.9000000000003 25.8943067391408 79.4596531623106 92.7959191115279 13.8623625911964 0.150080961642627 0.060907340203129
43.0000000000003 25.9624368308287 79.488845500475 92.7705903196255 13.9184693562668 0.149409200858688 0.0593891696450348
43.1000000000003 26.0305934236855 79.5174626074574 92.7453648537024 13.9749499565359 0.148710574411243 0.057754408658103
43.2000000000003 26.0987771368633 79.5455029877667 92.7202421537458 14.0317971707307 0.14798544093887 0.0559940994931599
43.3000000000003 26.1669885599836 79.5729653591748 92.695221700101 14.0890037551433 0.147234174395672 0.0541040986502666
43.4000000000003 26.2352282506775 79.599848653627 92.6703030190858 14.1465624486818 0.146457142589593 0.0520799985702969
43.5000000000003 26.3034967322396 79.6261520181452 92.6454856886129 14.204465977918 0.145654707264433 0.0499171068585174
43.6000000000004 26.371794491403 79.6518748157319 92.6207693438114 14.2627070621345 0.144827224361415 0.0476104235424269
43.7000000000004 26.4401219762334 79.6770166262731 92.5961536826493 14.3212784183721 0.143975044471138 0.0451546162533027
43.8000000000004 26.5084795941402 79.7015772474421 92.5716384715552 14.380172766477 0.143098513487464 0.0425439932204913
43.9000000000004 26.5768677100048 79.7255566956025 92.5472235510406 14.4393828341488 0.142197973475436 0.0397724739742876
44.0000000000004 26.6452866444227 79.7489552067122 92.5229088413218 14.4989013619869 0.141273763767372 0.0368335576346896
44.1000000000004 26.7137366720544 79.7717732372154 92.4986943479492 14.5587211085381 0.140326266824437 0.0337157809868936
44.2000000000004 26.7822180199119 79.7940114646512 92.4745801676284 14.6188348553216 0.139356046159621 0.030406892311396
44.3000000000004 26.8507308653291 79.8156707875403 92.4505664945259 14.6792354118031 0.138363719271417 0.0268984943205325
44.4000000000004 26.919275333921 79.8367523249874 92.4266536267668 14.739915620347 0.137349915594881 0.0231816591288155
44.5000000000004 26.9878514977123 79.8572574162731 92.4028419729394 14.800868361169 0.136315278636256 0.0192468940022114
44.6000000000004 27.0564593734431 79.8771876204456 92.3791320586006 14.8620865572872 0.135260468507523 0.0150841060386596
44.7000000000004 27.1250989210514 79.8965447159121 92.3555245327799 14.9235631794749 0.134186164891724 0.0106825661131661
44.8000000000004 27.1937700423362 79.9153307000305 92.3320201744848 14.9852912512118 0.133093070472048 0.00603087254090556
44.9000000000004 27.2624725798009 79.9335477887012 92.3086198992056 15.0472638536367 0.131981914860448 0.0011169151007253
45.0000000000004 27.3312063156803 79.9511984159588 92.2853247654197 15.1094741304986 0.130853459065417 -0.00407215982889376
45.1000000000004 27.3999709711451 79.9682852335464 92.2621359810843 15.1719152930997 0.129708541609425 -0.00952247050224047
45.2000000000004 27.468766205471 79.9848111100486 92.2390549097915 15.2345806249807 0.12854821067768 -0.0152197214011799
45.3000000000004 27.5375916148422 80.0007791289023 92.2160830760727 15.2974634859573 0.127373611852661 -0.0211771367557213
45.4000000000004 27.6064467311754 80.0161925859654 92.1932221703657 15.3605573159003 0.126185952462982 -0.027408485314876
45.5000000000004 27.6753310211895 80.0310549870685 92.1704740539696 15.4238556385055 0.124986506663701 -0.0339280625807941
45.6000000000004 27.7442438857391 80.0453700455673 92.1478407639994 15.4873520650642 0.123776621154531 -0.040750660317701
45.7000000000004 27.8131846594132 80.0591416798935 92.1253245183407 15.5510402982333 0.12255772157256 -0.0478915204149767
45.8000000000004 27.8821526104078 80.0723740111077 92.1029277206047 15.6149141358056 0.121331319595621 -0.0553662696389844
45.9000000000004 27.9511469406763 80.0850713604503 92.0806529650826 15.6789674744797 0.120099020789571 -0.0631908312700811
46.0000000000004 28.0201667863652 80.097238246894 92.0585030417005 15.7431943136309 0.11886253322944 -0.071381308961699
46.1000000000004 28.0892112185276 80.1088793846803 92.0364809409204 15.8075887590506 0.117623646067903 -0.079858515127899
46.2000000000004 28.1582792437894 80.1199996804715 92.0145898572459 15.8721450259084 0.116384141371448 -0.0885385257627567
46.3000000000004 28.2273698044272 80.1306042295242 91.9928331891857 15.9368574397373 0.115145883279023 -0.0974298790413495
46.4000000000004 28.2964817783851 80.1406983114769 91.9712145378225 16.0017204366395 0.113910850053107 -0.106540277480052
46.5000000000004 28.3656139795629 80.1502873861236 91.9497377053272 16.0667285634628 0.112681136490342 -0.115876370261048
46.6000000000004 28.4347651583966 80.1593770891868 91.9284066934737 16.1318764779775 0.11145895646812 -0.125443505314211
46.7000000000004 28.5039340027342 80.1679732280913 91.9072257021535 16.1971589490523 0.11024664555022 -0.135245449190226
46.8000000000004 28.5731191390122 80.1760817777364 91.8861991278908 16.2625708568308 0.109046663558277 -0.145284073337223
46.9000000000004 28.6423191337359 80.1837088762702 91.8653315623566 16.3281071929078 0.107861596995943 -0.155559006196127
47.0000000000004 28.7115324952688 80.1908608208622 91.844627790884 16.3937630605058 0.106694161193039 -0.166067251652957
47.1000000000004 28.7807576759403 80.1975440635028 91.8240927909797 16.4595336746564 0.10554710349203 -0.1768187618051
47.2000000000004 28.8499930746699 80.2037652074807 91.8037317307734 16.5254143625105 0.104422909186005 -0.187823722177324
47.3000000000004 28.9192370403895 80.2095310055809 91.7835499673036 16.5914005639778 0.103324099627182 -0.199074882023252
47.4000000000004 28.9884878759003 80.2148483589616 91.7635530447413 16.6574878324946 0.102253333583162 -0.210561436037597
47.5000000000004 29.0577438419643 80.219724316056 91.7437466926104 16.7236718357971 0.101213409277286 -0.22226855043252
47.6000000000004 29.1270031616267 80.2241660714753 91.7241368240077 16.7899483566945 0.100207265353172 -0.234176877955913
47.7000000000004 29.1962640247761 80.2281809649107 91.7047295338241 16.8563132938423 0.0992379805164233 -0.246262074877687
47.8000000000004 29.265524592951 80.2317764800359 91.685531096965 16.9227626625155 0.0983087715880172 -0.258494336656018
47.9000000000004 29.3347830043963 80.2349602434098 91.6665479665704 16.9892925953813 0.0974229896888001 -0.270837973089705
48.0000000000004 29.4040373793789 80.2377400233785 91.647786772236 17.055899343273 0.0965841142671314 -0.283251047782522
48.1000000000004 29.4732858257595 80.2401237289633 91.6292543181588 17.1225792759341 0.0957956189596477 -0.295543536122337
48.2000000000004 29.5425264446209 80.242119408363 91.61095757934 17.1893288820201 0.0950605350547659 -0.307519574617545
48.3000000000004 29.6117573355901 80.2437352464803 91.5929036928573 17.2561447672154 0.0943817250853301 -0.31912154642946
48.4000000000004 29.6809766021154 80.2449795620619 91.5750999471936 17.3230236516063 0.0937619695440908 -0.33028972993714
48.5000000000004 29.7501823568809 80.2458608048252 91.5575537714917 17.3899623670265 0.0932039381798482 -0.340963243060033
48.6000000000004 29.8193727273547 80.2463875525839 91.5402727248084 17.4569578544016 0.0927101605288422 -0.351081134484617
48.7000000000004 29.8885458614595 80.2465685083746 91.5232644853692 17.5240071610949 0.0922829961324832 -0.360583598409075
48.8000000000004 29.9576999333528 80.2464124975822 91.5065368398228 17.5911074382519 0.0919246049640068 -0.369413279400996
48.9000000000004 30.0268331493047 80.2459284650665 91.4900976724953 17.6582559381454 0.0916369186443827 -0.377516624580404
49.0000000000004 30.0959437536559 80.2451254722882 91.4739549546443 17.7254500115207 0.0914216130637949 -0.384845232622416
49.1000000000004 30.1650300348407 80.2440126944413 91.4581167336901 17.7926871049321 0.0912799879908654 -0.391332588240456
49.2000000000004 30.234090331377 80.2425994177659 91.4425911218253 17.859964757856 0.0912126493566312 -0.39692632514812
49.3000000000004 30.3031230376545 80.2408950373132 91.4273862830484 17.9272805992385 0.0912197592532188 -0.401611280170427
49.4000000000004 30.3721266095787 80.238909054891 91.4125104195773 17.9946323438195 0.0913011165654208 -0.405382504259507
49.5000000000004 30.4410995701167 80.2366510770149 91.3979717582387 18.062017788448 0.0914561499394468 -0.408245502371938
49.6000000000004 30.5100405147253 80.2341308128606 91.3837785368573 18.1294348083979 0.0916839156340861 -0.410216165798932
49.7000000000004 30.5789481166359 80.2313580722148 91.3699389906453 18.196881353684 0.0919831002223685 -0.411320402498753
49.8000000000004 30.6478211319737 80.2283427634278 91.3564613385914 18.2643554453767 0.0923520279627852 -0.411593487368663
49.9000000000004 30.7166584046859 80.2250948913645 91.3433537698505 18.3318551719185 0.092788672522781 -0.411079168703865
50.0000000000004 30.7854588712527 80.2216245553567 91.330624430133 18.399378685439 0.0932906726204495 -0.409828578454898
50.1000000000004 30.8542215651594 80.2179419471633 91.3182814080866 18.4669241980728 0.0938553065087102 -0.407909398213217
50.2000000000004 30.9229456211737 80.2140573491716 91.3063327214913 18.5344899783329 0.0944793840516401 -0.405396856914044
50.3000000000004 30.9916302795015 80.2099811332059 91.2947863029768 18.6020743476241 0.0951594121675828 -0.40236028991678
50.4000000000004 31.0602748896617 80.2057237595758 91.2836499855536 18.6696756768127 0.0958916678278313 -0.398870726434605
50.5000000000004 31.128878913979 80.2012957761344 91.2729314881355 18.7372923827978 0.0966722263795402 -0.394999637084542
50.6000000000004 31.1974419306654 80.1967078173359 91.2626384010634 18.8049229250825 0.0974969900718958 -0.390817812341684
50.7000000000005 31.2659636364661 80.191970603293 91.2527781716281 18.8725658023457 0.0983617163282742 -0.386394395142174
50.8000000000005 31.3344438488459 80.1870949388354 91.2433580895936 18.9402195490131 0.0992620453931038 -0.381796080435535
50.9000000000005 31.4028825076911 80.1820917125669 91.2343852727202 19.0078827318291 0.100193527069976 -0.377086485104648
51.0000000000005 31.4712796765053 80.1769718959234 91.2258666522879 19.0755539464278 0.101151646351718 -0.372325683780817
51.1000000000005 31.5396355430773 80.1717465422337 91.217808958616 19.1432318139054 0.102131831024565 -0.367574327476735
51.2000000000005 31.6079504196222 80.1664267858598 91.2102187064947 19.2109149774116 0.103129426124559 -0.362889787974938
51.3000000000005 31.676224742407 80.1610238415383 91.2031021803931 19.278602098791 0.104139769458951 -0.358321200796644
51.4000000000005 31.7444590707971 80.1555490038013 91.1964654195788 19.3462918552427 0.105158229963155 -0.353913555013837
51.5000000000005 31.8126540856866 80.1500136464008 91.190314203234 19.4139829359824 0.106180227706038 -0.349707852630486
51.6000000000005 31.8808105872941 80.1444292217319 91.1846540355721 19.4816740389024 0.107201252884967 -0.345741335146868
51.7000000000005 31.9489294923151 80.1388072602578 91.1794901309537 19.5493638672339 0.108216883972205 -0.342047759547368
51.8000000000005 32.0170118304188 80.1331593699329 91.174827399003 19.617051126207 0.109222805179265 -0.338657708073897
51.9000000000005 32.0850587400838 80.1274972356273 91.1706704297241 19.6847345197129 0.110214823414838 -0.33559891823633
52.0000000000005 32.1530714637674 80.1218326185507 91.167023478617 19.752412746964 0.111188884905535 -0.332896621715864
52.1000000000005 32.2210513424111 80.1161773556625 91.163890451831 19.8200844991598 0.112141247703961 -0.330548298114468
52.2000000000005 32.2889998093761 80.1105433587253 91.1612748922721 19.8877484562536 0.113068954191111 -0.328543277393464
52.3000000000005 32.3569183840123 80.1049426124524 91.1591799681332 19.9554032839797 0.113969355865349 -0.326892266794436
52.4000000000005 32.4248086648119 80.0993871722981 91.1576084623797 20.0230476309823 0.114839965919226 -0.325605278361982
52.5000000000005 32.492672322087 80.0938891622346 91.156562762271 20.0906801259487 0.115678470935591 -0.32469178586558
52.6000000000005 32.5605110901806 80.0884607725292 91.1560448488823 20.1582993747421 0.116482742944105 -0.324160863622025
52.7000000000005 32.6283267592265 80.0831142575201 91.1560562866265 20.2259039575348 0.117250851884462 -0.324021306530435
52.8000000000005 32.6961211664752 80.0778619333943 91.1565982127761 20.2934924259413 0.117981078518551 -0.324281730603171
52.9000000000005 32.7638961872062 80.0727161759636 91.1576713269845 20.3610633001509 0.118671927830814 -0.324950653200338
53.0000000000005 32.83165372525 80.0676894184421 91.1592758808086 20.4286150660612 0.119322142954504 -0.32603655194066
53.1000000000005 32.8993957031635 80.0627941492023 91.1614116673287 20.4961461724244 0.119931110179131 -0.327476868751759
53.2000000000005 32.9671240525609 80.0580429090184 91.1640780133417 20.5636550283453 0.1205000060669 -0.329193636065213
53.3000000000005 33.0348407055233 80.0534482870012 91.1672737780825 20.6311400016703 0.121030564627604 -0.33117256321673
53.4000000000005 33.1025475865966 80.0490229160202 91.1709973545168 20.6985994177283 0.121524676421884 -0.333399702986542
53.5000000000005 33.1702466049915 80.0447794681039 91.1752466707342 20.7660315580852 0.121984387127628 -0.335861300044335
53.6000000000005 33.2379396469919 80.040730649842 91.1800191913399 20.8334346592973 0.122411895958577 -0.338543645149071
53.7000000000005 33.3056285685939 80.0368891977863 91.1853119188472 20.9008069116663 0.122809553890606 -0.341432934802267
53.8000000000005 33.3733151883979 80.0332678738521 91.1911213950696 20.968146457993 0.12317986164725 -0.344515136329536
53.9000000000005 33.4410012807749 80.0298794607197 91.1974437025134 21.0354513923314 0.12352546739954 -0.347775858649918
54.0000000000005 33.5086885693272 80.0267367572354 91.2042744657696 21.1027197587432 0.12384916413364 -0.351200229274283
54.1000000000005 33.5763787206567 80.0238525737918 91.2116088528723 21.1699495500466 0.124153712921674 -0.354768121885199
54.2000000000005 33.6440733382484 80.0212397271465 91.2194415757684 21.2371387064286 0.124441319055889 -0.358466763122246
54.3000000000005 33.7117739560903 80.018911033819 91.2277668885327 21.3042851137111 0.124714154134619 -0.362291391115223
54.4000000000005 33.7794820322738 80.0168793029266 91.2365785846947 21.37138660148 0.124974533277872 -0.366236515166688
54.5000000000005 33.8471989427728 80.0151573289988 91.2458699945307 21.4384409412096 0.12522491868475 -0.370295814803204
54.6000000000005 33.914925975427 80.0137578847917 91.2556339823571 21.5054458443868 0.125467923011847 -0.374462036816659
54.7000000000005 33.9826643241466 80.0126937141024 91.2658629438223 21.572398960635 0.12570631252888 -0.37872689142638
54.8000000000005 34.050415083356 80.0119775245835 91.2765488031998 21.6392978758384 0.125943009998193 -0.383080949056936
54.9000000000005 34.118179242696 80.0116219805576 91.2876830106803 21.706140110266 0.12618109722231 -0.387513539509163
55.0000000000005 34.1859576820025 80.0116396958318 91.2992565396647 21.7729231166961 0.126423817189893 -0.392012655795281
55.1000000000005 34.2537511666052 80.0120432264816 91.3112598841591 21.8396442785456 0.126674805703209 -0.396426585501873
55.2000000000005 34.3215603435662 80.0128450628533 91.3236830588447 21.9063009081431 0.126938685805423 -0.400593152065391
55.3000000000005 34.3893857399191 80.0140576195789 91.3365156059346 21.9728902453661 0.127220200562368 -0.404484218809509
55.4000000000005 34.4572277620911 80.0156932248097 91.3497466047055 22.0394094564215 0.127523940585974 -0.408072752895078
55.5000000000005 34.5250866959285 80.0177641094186 91.3633646811317 22.1058556326316 0.127854325074239 -0.411333177767933
55.6000000000005 34.5929627072812 80.0202823962032 91.3773580175191 22.1722257892199 0.128215583514504 -0.414241731796817
55.7000000000005 34.6608558431213 80.0232600890889 91.3917143621398 22.2385168640974 0.128611738279997 -0.416776823202942
55.8000000000005 34.728766033173 80.0267090623311 91.406421038866 22.3047257166483 0.129046588354615 -0.418919370701717
55.9000000000005 34.7966930920251 80.0306410497189 91.4214649568038 22.3708491265163 0.129523694415403 -0.420653119047428
56.0000000000005 34.8646367217001 80.0350676337772 91.4368326199283 22.4368837923902 0.130046365495526 -0.421964918870123
56.1000000000005 34.9325965146655 80.0400002349914 91.4525101367584 22.5028263307944 0.130617811688391 -0.422809718808213
56.2000000000005 35.0005719576449 80.0454501015818 91.4684832311208 22.5686732749823 0.13124159504366 -0.423138759147883
56.3000000000005 35.0685624368788 80.0514283006765 91.4847372556715 22.6344210740933 0.131921068147142 -0.422939526690182
56.4000000000005 35.1365672442871 80.0579457100349 91.5012572065055 22.7000660924141 0.132659187139922 -0.422204635875116
56.5000000000005 35.2045855841339 80.0650130097929 91.5180277378075 22.7656046086431 0.133458499753411 -0.420931945357817
56.6000000000005 35.2726165801362 80.0726406742071 91.5350331765032 22.8310328151554 0.134321136741045 -0.419124564999112
56.7000000000005 35.3406592829708 80.0808389633999 91.55225753691 22.8963468172678 0.135248806805785 -0.416790751426705
56.8000000000005 35.408712678134 80.0896179151044 91.5696845353885 22.9615426325033 0.136242795039723 -0.413943695065301
56.9000000000005 35.476775694105 80.0989873364086 91.587297604993 23.0266161898565 0.137303964818595 -0.410601206058307
57.0000000000005 35.5448472107676 80.108956795501 91.605079910123 23.0915633290577 0.13843276301415 -0.40678531060101
57.1000000000005 35.6129260680368 80.1195356134195 91.623014361177 23.1563797998342 0.139629254998256 -0.402518098881289
57.2000000000005 35.6810110745808 80.1307328559273 91.641083629288 23.2210612610596 0.140893214618803 -0.397823851426981
57.3000000000005 35.7491010165037 80.1425573257084 91.659270161265 23.285603279622 0.142224055226119 -0.392732791139879
57.4000000000005 35.8171946660543 80.1550175546892 91.6775561946156 23.3500013291823 0.143620817606363 -0.387277375661967
57.5000000000005 35.8852907903733 80.1681217963647 91.6959237725717 23.4142507889263 0.145082186804853 -0.381491703598923
57.6000000000005 35.953388160233 80.1818780181248 91.7143547591151 23.4783469423189 0.146606510546014 -0.375410930628143
57.7000000000006 36.0214855587163 80.1962938935808 91.732830854004 23.5422849758568 0.148191818888295 -0.369070710881323
57.8000000000006 36.0895817897834 80.2113767948919 91.7513336077976 23.6060599778219 0.149835844762428 -0.362506676518461
57.9000000000006 36.1576756866746 80.2271337850911 91.7698444368829 23.6696669370344 0.151536045070758 -0.355753965690193
58.0000000000006 36.2257661200966 80.2435716104118 91.7883446384999 23.7331007416062 0.153289622055044 -0.348846806160674
58.1000000000006 36.2938520061494 80.2606966926268 91.8068154057839 23.796356177694 0.155093592209525 -0.341799188459415
58.2000000000006 36.3619323141296 80.2785151217139 91.8252378432267 23.8594279282501 0.156944933159576 -0.334623137685568
58.3000000000006 36.4300060744861 80.2970326493506 91.8435929832053 23.922310571767 0.158840432161572 -0.327348007748582
58.4000000000006 36.4980723866067 80.3162546827355 91.8618618029287 23.9849985810204 0.160776654533723 -0.320001602681738
58.5000000000006 36.5661304261978 80.3361862784231 91.8800252414028 24.0474863218112 0.162749963562718 -0.312609989694328
58.6000000000006 36.6341794521955 80.356832136157 91.8980642163935 24.1097680517081 0.164756540069451 -0.305197363999774
58.7000000000006 36.7022188131491 80.3781965927046 91.9159596413909 24.17183791879 0.166792401581365 -0.297785961380587
58.8000000000006 36.7702479530238 80.400283615691 91.9336924425734 24.2336899603885 0.168853421091452 -0.290396013558365
58.9000000000006 36.8382664163649 80.4230967974334 91.9512435757711 24.2953181018301 0.170935345413342 -0.283045741079743
59.0000000000006 36.9062738527721 80.4466393487746 91.9685940434304 24.356716155179 0.173033813167643 -0.275751378137783
59.1000000000006 36.9742700206495 80.4709140929537 91.9857249115747 24.4178778179889 0.175144503236368 -0.268525604721914
59.2000000000006 37.0422547907178 80.4959234604093 92.0026173267041 24.4787966723101 0.177263530335155 -0.261376246147827
59.3000000000006 37.1102281501666 80.5216694859536 92.0192525325348 24.5394661843438 0.179387042628254 -0.254309972349049
59.4000000000006 37.1781902066569 80.5481538068799 92.0356118866772 24.5998797043497 0.181511099572488 -0.24733239329324
59.5000000000006 37.2461411916248 80.5753776611062 92.0516768773104 24.6600304665653 0.183631684081272 -0.240448108188107
59.6000000000006 37.3140814628193 80.6033418853186 92.0674291398578 24.7199115891235 0.185744715010964 -0.233660759972425
59.7000000000006 37.3820115060333 80.6320469131144 92.0828504736619 24.7795160739714 0.187846060023124 -0.226973093256897
59.8000000000006 37.4499319359826 80.6614927731464 92.0979228586595 24.8388368067887 0.189931548872552 -0.220387014114955
59.9000000000006 37.517843496297 80.6916790872653 92.1126284720567 24.8978665569055 0.191996987165214 -0.213903650358767
60.0000000000006 37.5857470585817 80.7226050686643 92.1269497050042 24.9565979772214 0.194038170623588 -0.207523411136754
60.1000000000006 37.6536436205415 80.7542695200724 92.1408691792037 25.0150236041414 0.196051188859241 -0.201293903263502
60.2000000000006 37.7215343037924 80.7866708332677 92.154369761736 25.073135857985 0.19803331338697 -0.195255064619393
60.3000000000006 37.7894203525534 80.8198069919377 92.1674345753736 25.1309270445933 0.199982149545137 -0.189395696042031
60.4000000000006 37.8573031324414 80.8536755758589 92.1800470071144 25.1883893574086 0.201895350522225 -0.18370512118421
60.5000000000006 37.9251841287822 80.8882737651259 92.1921907166471 25.2455148795721 0.203770618901583 -0.178173172071846
60.6000000000006 37.9930649444123 80.9235983443819 92.2038496448166 25.3022955860218 0.205605708939665 -0.172790172012738
60.7000000000006 38.0609472969678 80.9596457070486 92.2150080220899 25.3587233455898 0.207398429525129 -0.167546916569313
60.8000000000006 38.1288330156602 80.9964118595556 92.2256503770204 25.4147899231004 0.20914664776574 -0.16243465315771
60.9000000000006 38.1967240375386 81.0338924255707 92.2357615447146 25.4704869814674 0.210848293148558 -0.157445059726542
61.0000000000006 38.2646224032373 81.0720826502297 92.2453266752966 25.5258060837921 0.212501362216654 -0.152570222885031
61.1000000000006 38.3325302521863 81.1109774043186 92.2543312424004 25.5807386954587 0.214103714719697 -0.147800422676308
61.2000000000006 38.4004498166265 81.1505711872204 92.2627610523609 25.635276186172 0.215652469905374 -0.143128606811093
61.3000000000006 38.4683834132512 81.1908581267247 92.2706022551756 25.6894098318478 0.21714467387951 -0.138551078496947
61.4000000000006 38.5363334333036 81.2318319776019 92.2778413561651 25.7431308164467 0.218577526539124 -0.134064051098143
61.5000000000006 38.6043023317345 81.2734861201291 92.2844652276606 25.7964302338042 0.219948395555723 -0.129663663415694
61.6000000000006 38.6722926154574 81.3158135586169 92.2904611206909 25.8492990894619 0.221254830346958 -0.125345992001102
61.7000000000006 38.7403068307137 81.3588069199361 92.2958166766697 25.9017283024978 0.222494575953054 -0.121107060740805
61.8000000000006 38.8083475495669 81.4024584520434 92.300519939083 25.9537087073578 0.22366558673267 -0.116942847914371
61.9000000000006 38.8764173555463 81.4467600225085 92.3045593651764 26.0052310556859 0.224766039795672 -0.112849290937629
62.0000000000006 38.9445188284658 81.4917031170402 92.3079238376419 26.0562860181553 0.225794348092771 -0.108822288973745
62.1000000000006 39.0126545284955 81.5372788380565 92.3106026762413 26.1068641863323 0.226749398928492 -0.104893506719736
62.2000000000006 39.0808269808291 81.5834779043875 92.3125856477575 26.1569560754091 0.227631214647376 -0.101091944726815
62.3000000000006 39.1490386632219 81.6302906538549 92.3138629717027 26.2065521291402 0.228440230532396 -0.0974098350938884
62.4000000000006 39.2172919945934 81.6777070469842 92.3144253243551 26.2556427256471 0.229177061500089 -0.0938398578655992
62.5000000000006 39.2855893234828 81.7257166707599 92.3142638427308 26.3042181832572 0.22984250104476 -0.090375107202073
62.6000000000006 39.3539329163376 81.7743087423825 92.3133701285571 26.3522687663412 0.230437519937752 -0.0870090594948831
62.7000000000006 39.4223249456627 81.8234721130232 92.3117362522437 26.3997846911521 0.230963264676847 -0.0837355433693521
62.8000000000006 39.4907674780594 81.8731952715805 92.3093547568562 26.4467561316632 0.231421055688558 -0.0805487115000955
62.9000000000006 39.5592624621831 81.9234663484355 92.3062186620876 26.4931732254061 0.231812385295079 -0.0774430141680917
63.0000000000006 39.6278117166458 81.9742731192081 92.3023214682309 26.5390260793096 0.232138915464863 -0.0744131744825421
63.1000000000006 39.6964169179119 82.0256030085243 92.2976571600841 26.5843047755481 0.232402676355197 -0.0714917849756373
63.2000000000006 39.7650795887437 82.0774430940865 92.2922202090953 26.6289993776674 0.232606656278012 -0.0687100547228493
63.3000000000006 39.8338010882106 82.1297801115117 92.2860055710419 26.6730999374131 0.232754173665216 -0.0660612269098184
63.4000000000006 39.9025826026773 82.1826004594734 92.2790086819517 26.716596501836 0.232848661982418 -0.063539051462982
63.5000000000006 39.9714251373219 82.2358902048536 92.2712254539544 26.7594791204075 0.232893657987292 -0.0611377468300816
63.6000000000006 40.0403295081864 82.2896350878968 92.2626522711349 26.8017378521354 0.232892790273987 -0.0588519649496523
63.7000000000006 40.1092963347706 82.3438205273617 92.2532859853855 26.84336277268 0.232849768149715 -0.0566767591292523
63.8000000000006 40.1783260331844 82.3984316256752 92.2431239122584 26.8843439814696 0.232768370886859 -0.0546075545816702
63.9000000000006 40.2474188098665 82.4534531740844 92.2321638268182 26.9246716088166 0.232652437389985 -0.0526401213820871
64.0000000000006 40.3165746558767 82.5088696578102 92.220403959495 26.9643358230328 0.232505856315299 -0.0507705496138986
64.1000000000006 40.385793341764 82.5646652611863 92.2078429919352 27.0033268375598 0.232332504819377 -0.0490066789027959
64.2000000000006 40.4550744129381 82.6208238724505 92.1944800528357 27.0416349184634 0.23213608863204 -0.0473566873231426
64.3000000000006 40.5244171853861 82.677329087652 92.1803147137287 27.0792503928562 0.231920297731322 -0.0458175942599236
64.4000000000006 40.5938207417924 82.7341642142092 92.1653469847492 27.1161636576843 0.231688852706625 -0.0443866661436569
64.5000000000006 40.6632839281177 82.7913122744557 92.1495773104012 27.1523651885287 0.231445498783519 -0.0430614002208882
64.6000000000006 40.7328053506373 82.848756009185 92.1330065653237 27.1878455484067 0.23119400044435 -0.0418395092333431
64.7000000000006 40.8023833734364 82.9064778811961 92.1156360500573 27.2225953965725 0.230938136649131 -0.0407189069092468
64.8000000000006 40.8720161163571 82.9644600788382 92.0974674868103 27.2566054973192 0.230681696659896 -0.0396976941647326
64.9000000000006 40.9417014533921 83.0226845195563 92.0785030152251 27.2898667287793 0.230428476465953 -0.038774145933171
65.0000000000006 41.0114370115183 83.081132853436 92.058745188144 27.3223700917265 0.230182275807425 -0.0379466985343487
65.1000000000006 41.0812201699991 83.1397864667715 92.0381969673416 27.3541067183921 0.229946964744932 -0.037229040655937
65.2000000000006 41.151048061053 83.1986264862051 92.0168617183565 27.3850678816911 0.229726658190019 -0.0366347702975589
65.3000000000006 41.2209175733712 83.2576337843239 91.9947432030398 27.4152450054853 0.229525452798568 -0.036162437814285
65.4000000000006 41.2908253571023 83.3167889858284 91.9718455712045 27.4446296752552 0.229347346476692 -0.0358107602263869
65.5000000000006 41.3607678293971 83.376072473724 91.9481733522399 27.4732136487883 0.229196234975814 -0.0355786031813213
65.6000000000005 41.4307411804538 83.4354643955119 91.9237314467258 27.5009888668662 0.229075909128736 -0.035464963979335
65.7000000000005 41.5007413800377 83.4949446693806 91.8985251180476 27.5279474639528 0.2289900526885 -0.0354689556477953
65.8000000000005 41.5707641844532 83.5544929903965 91.8725599840103 27.5540817788819 0.228942240734165 -0.0355897920779831
65.9000000000005 41.6408051439403 83.6140888366956 91.8458420084527 27.5793843655452 0.228935938606087 -0.0358267742303706
66.0000000000005 41.7108596104738 83.6737114756747 91.8183774928629 27.6038480035798 0.228974501337943 -0.0361792774354924
66.1000000000005 41.7809227459893 83.7333399702259 91.7901730679643 27.6274657090559 0.229061242894774 -0.0366426213500094
66.2000000000005 41.8509895322253 83.7929531861087 91.7612356845882 27.650230745162 0.229199598563789 -0.0372120158196722
66.3000000000005 41.9210547841554 83.8525298022083 91.7315726027303 27.6721366328826 0.229392835346653 -0.0378867692938009
66.4000000000005 41.9911131651167 83.912048321931 91.7011913798927 27.6931771616745 0.229643968357013 -0.0386662503410436
66.5000000000005 42.0611592024043 83.9714870846431 91.6700998593988 27.7133464001412 0.229955758312912 -0.0395498828361635
66.6000000000005 42.1311873032368 84.0308242771098 91.6383061587072 27.7326387067089 0.230330709461787 -0.0405371434332468
66.7000000000005 42.2011917710525 84.0900379449346 91.6058186577261 27.7510487403017 0.230771067908737 -0.041627561271131
66.8000000000005 42.2711668220909 84.149106003998 91.5726459871283 27.7685714710171 0.231278820316847 -0.0428207198505881
66.9000000000005 42.3411066022197 84.2080062518965 91.5387970166648 27.785202190801 0.231855692953928 -0.0441162609981342
67.0000000000005 42.4110052039638 84.2667163793819 91.50428084348 27.8009365241235 0.232503151058215 -0.0455138907892896
67.1000000000005 42.4808566836985 84.3252139818202 91.4691067804316 27.8157704386021 0.233222537240737 -0.0469798651651637
67.2000000000005 42.5506550790508 84.3834765711693 91.4332843445642 27.8297002542733 0.234015479980208 -0.0484802513523749
67.3000000000005 42.6203944267073 84.4414815892747 91.3968232459734 27.8427226494326 0.234883461437421 -0.0500145747022396
67.4000000000004 42.6900687806291 84.4992064216836 91.3597333768217 27.8548346651234 0.235827671320945 -0.051582436720752
67.5000000000004 42.7596722305959 84.5566284114792 91.3220248003619 27.8660337095729 0.236849001159778 -0.0531835275155427
67.6000000000004 42.8291989210312 84.6137248731149 91.2837077399594 27.8763175626288 0.237948038613316 -0.0548176381422855
67.7000000000004 42.8986430700634 84.6704731062486 91.2447925681151 27.8856843801954 0.239125061806289 -0.0564846726920677
67.8000000000004 42.9679989887791 84.7268504095772 91.2052897954879 27.8941326986705 0.240380033678692 -0.0581846599267271
67.9000000000004 43.0372611006201 84.7828340946704 91.1652100599177 27.9016614393814 0.241712596345171 -0.0599177643342661
68.0000000000004 43.1064239608784 84.8384014998052 91.124564115448 27.9082699130214 0.243122065463209 -0.0616842964495428
68.1000000000004 43.1754822762578 84.893530003836 91.0833628213695 27.9139578241173 0.244607221313185 -0.0634758433216625
68.2000000000004 43.2444309248887 84.9481970409884 91.041617131811 27.9187252762963 0.246165672390572 -0.0652850848649859
68.3000000000004 43.3132649772904 85.0023801180012 90.9993380867188 27.9225727795861 0.247794425933703 -0.0671142860662042
68.4000000000004 43.3819797172692 85.0560568321923 90.9565368033833 27.9255012585144 0.249490086496707 -0.0689659815344951
68.5000000000004 43.4505706621752 85.1092048895602 90.9132244679864 27.9275120602392 0.251248857224246 -0.0708429788379864
68.6000000000004 43.5190335824285 85.1618021228859 90.8694123271491 27.9286069626798 0.253066541716473 -0.0727483613018806
68.7000000000004 43.5873645202387 85.2138265098342 90.8251116794788 27.928788182647 0.254938546605617 -0.0746854905598224
68.8000000000004 43.6555598074404 85.2652561910555 90.7803338671172 27.9280583839738 0.256859884990556 -0.076658009177639
68.9000000000004 43.7236160823676 85.3160694882875 90.7350902672874 27.926420685646 0.258825180895671 -0.0786698436441899
69.0000000000004 43.7915303056861 85.3662449224569 90.6893922838419 27.9238786699327 0.260828674941094 -0.080725208071342
69.1000000000004 43.8592997751361 85.4157612318169 90.6432513388064 27.9204363904359 0.262864407688031 -0.0827783258847671
69.2000000000003 43.9269221399459 85.4645973910315 90.5966788638447 27.9160983780385 0.264926712778544 -0.0847831080337236
69.3000000000003 43.9943954163304 85.5127326326598 90.5496862915186 27.9108696415158 0.267009616180968 -0.0867436696650185
69.4000000000003 44.061718002885 85.5601464695857 90.5022850464683 27.9047556660456 0.269106651113241 -0.0886643269139989
69.5000000000003 44.1288886949896 85.6068187174851 90.4544865365897 27.8977624116375 0.271210862176419 -0.0905495964326015
69.6000000000003 44.1959066980796 85.6527295172919 90.4063021442114 27.8898963115613 0.273314812200099 -0.0924041959212577
69.7000000000003 44.26277163967 85.6978593576647 90.3577432172716 27.8811642707766 0.275410592103891 -0.0942330461379105
69.8000000000003 44.3294835800162 85.7421890974535 90.3088210604958 27.8715736643615 0.277489834084622 -0.0960412748147072
69.9000000000003 44.3960430212966 85.7856999881658 90.2595469265732 27.861132335942 0.279543728432638 -0.0978342229265773
70.0000000000003 44.4624509152003 85.8283736964335 90.2099320073347 27.8498485961204 0.281563044271411 -0.0996174537267403
70.1000000000003 44.5287086687473 85.8701923264032 90.1599874249596 27.8377312208301 0.283538592915478 -0.101371598063503
70.2000000000003 44.5948181468449 85.911138440148 90.1097242239802 27.8247894477348 0.285462625018491 -0.103075056296079
70.3000000000003 44.6607816695751 85.9511950730574 90.0591533653052 27.8110329676687 0.287327632749117 -0.104730214645722
70.4000000000003 44.7266020068814 85.9903457472482 90.0082857210393 27.7964719141232 0.289125944564405 -0.106339466651866
70.5000000000003 44.7922823721199 86.0285744848999 89.9571320693339 27.7811168526572 0.29084974758366 -0.10790523130276
70.6000000000003 44.8578264144712 86.0658658215897 89.9057030892375 27.7649787703088 0.292491113140663 -0.109429972009234
70.7000000000003 44.9232382101567 86.1022048196271 89.8540093555457 27.7480690650058 0.294042025456859 -0.110916216507361
70.8000000000003 44.9885222524054 86.1375770813897 89.8020613336518 27.7303995349769 0.295494413330759 -0.112366577756906
70.9000000000002 45.0536834401227 86.171968762658 89.7498693743974 27.7119823681628 0.296840184687678 -0.1137837759233
71.0000000000002 45.1187270652176 86.2053665859501 89.6974437089222 27.6928301316272 0.298071263777046 -0.115170661531392
71.1000000000002 45.1836587985539 86.2377578538584 89.6447944435126 27.6729557609659 0.299179633725499 -0.11652981374143
71.2000000000002 45.248484674565 86.2691304624089 89.5919315543935 27.6523725496685 0.300157384395713 -0.117863965878328
71.3000000000002 45.3132110746244 86.2994729144822 89.5388648823762 27.6310941383593 0.300996741965798 -0.119176473569597
71.4000000000002 45.3778447090505 86.3287743332581 89.4856041274505 27.6091345039909 0.301690109691146 -0.120470931237381
71.5000000000002 45.4423925976674 86.3570244756611 89.4321588433745 27.5865079490356 0.302230113111162 -0.121751202868459
71.6000000000002 45.5068620489226 86.3842137458057 89.378538432264 27.5632290906767 0.30260964552961 -0.123021454866821
71.7000000000002 45.5712606375716 86.4103332084423 89.3247521391821 27.5393128500007 0.302821913199754 -0.124286191260357
71.8000000000002 45.6355961809507 86.4353746024024 89.2708090467293 27.5147744411884 0.302860479616911 -0.125550291593201
71.9000000000002 45.6998767138706 86.4593303540443 89.2167180696325 27.4896293607063 0.302719308300376 -0.126819051922015
72.0000000000002 45.7641104621722 86.4821935906986 89.1624879493353 27.463893376499 0.30239280343687 -0.128098229391291
72.1000000000002 45.8283058149857 86.503958154037 89.1081272485927 27.4375825171381 0.301876267325101 -0.129386937680074
72.2000000000002 45.892471295471 86.5246186114463 89.0536443462024 27.4107130598923 0.30116720143009 -0.130681801875018
72.3000000000002 45.9566155299706 86.5441702623386 88.9990474320843 27.3833015160524 0.300264081901667 -0.131985515603161
72.4000000000002 46.0207472166521 86.5626091424671 88.9443445024951 27.3553646151758 0.299165946787433 -0.133301194243532
72.5000000000002 46.0848750941549 86.5799320281645 88.88954335525 27.3269192892902 0.297872395165644 -0.134632412690535
72.6000000000002 46.1490079103412 86.5961364405824 88.8346515849429 27.297982657096 0.296383581671031 -0.135983245758506
72.7000000000001 46.2131543912411 86.6112206499294 88.7796765781675 27.2685720081699 0.294700206428793 -0.137358311822566
72.8000000000001 46.2773232102768 86.6251836797105 88.7246255087375 27.2387047871677 0.292823500491035 -0.138762820408899
72.9000000000001 46.3415229578555 86.6380253109655 88.6695053329085 27.2083985780273 0.290755206934121 -0.140202624582168
73.0000000000001 46.4057621114164 86.6497460865081 88.6143227845975 27.1776710881723 0.288497557854931 -0.141684279141179
73.1000000000001 46.4700490059777 86.6603473150394 88.5590843706238 27.1465401327159 0.28605381425612 -0.14323371899171
73.2000000000001 46.5343918043848 86.669831072008 88.5037963664513 27.1150236187072 0.283429965203151 -0.144873684510991
73.3000000000001 46.5987984663317 86.6782001922114 88.448464813207 27.0831395294818 0.280633032321756 -0.146606895418497
73.4000000000001 46.6632767183494 86.6854582591433 88.3930955152011 27.0509059090523 0.277670446832951 -0.148436613571288
73.5000000000001 46.7278340258921 86.6916095942167 88.337694037467 27.0183408465027 0.274549983704487 -0.150366670204566
73.6000000000001 46.7924775676062 86.6966592459857 88.2822657033018 26.9854624603801 0.271279695917283 -0.152401497249996
73.7000000000001 46.8572142118108 86.7006129793686 88.2268155918057 26.9522888830891 0.267867849647201 -0.154546163289927
73.8000000000001 46.9220504952091 86.7034772648704 88.171348535422 26.9188382452837 0.264322861111374 -0.156806414805475
73.9000000000001 46.9869926038316 86.7052592678047 88.1158691174772 26.8851286602613 0.260653235754406 -0.159188723461156
74.0000000000001 47.0520463562063 86.7059668375171 88.060381669721 26.8511782083549 0.256867510375397 -0.161700340291307
74.1000000000001 47.1172171886772 86.7056084965237 88.0048902698998 26.8170049213817 0.252974536637332 -0.164384901395431
74.2000000000001 47.1825101414585 86.704193427484 87.9493987402088 26.7826267685071 0.248984492435033 -0.167285041888093
74.3000000000001 47.2479298434148 86.7017314546732 87.8939106479739 26.7480616457089 0.244907897988871 -0.170407572776624
74.4 47.3134804981501 86.6982330232875 87.8384293072112 26.713327366657 0.240755231761447 -0.173759883009029
74.5 47.3791658728447 86.6937091786674 87.7829577802214 26.6784416536496 0.236536877170207 -0.177349923739098
74.6 47.4449892898304 86.6881715455188 87.7274988791828 26.6434221285474 0.232263075333677 -0.181186186752616
74.7 47.5109536208251 86.6816323071364 87.6720551677458 26.6082863037096 0.227943883941868 -0.185277675534153
74.8 47.5770612837374 86.6741041846256 87.616628962626 26.5730515729286 0.223589142236285 -0.189633867187622
74.9 47.6433142419458 86.6656004161249 87.5612223351983 26.5377352023655 0.219208441982073 -0.194264663152766
75 47.7097140059474 86.6561347360284 87.5058371130909 26.502354321485 0.214811104230257 -0.199180326333176
75.1 47.7762616372638 86.6457213542191 87.4504748817699 26.4669259140089 0.210406107813684 -0.204409929379025
75.2 47.8429577543799 86.6343749355926 87.3951369859055 26.4314668093389 0.206001929263493 -0.209985007749678
75.3 47.909802540388 86.6221105803177 87.3398245301786 26.3959936751719 0.201606721704888 -0.21592003682945
75.4 47.9767957523632 86.6089438043868 87.2845383798688 26.3605230105846 0.197228371169949 -0.222229775965162
75.5 48.0439367324599 86.5948905201773 87.2292791614331 26.3250711391369 0.192874499748562 -0.228929105426663
75.6 48.1112244206339 86.5799670170137 87.1740472630849 26.2896542019742 0.188552472216186 -0.236032821796921
75.7 48.1786573688858 86.5641899417289 87.1188428353729 26.254288150931 0.184269405656779 -0.243555384555445
75.8 48.2462337569243 86.5475762792262 87.0636657917605 26.2189887416332 0.180032181572999 -0.251510605975321
75.9 48.3139514091523 86.5301433330408 87.0085158092041 26.1837715266014 0.17584745995102 -0.259911275891663
76 48.3818078128768 86.5119087059012 86.9533923287327 26.1486518483538 0.171721694723506 -0.268768712626586
76.1 48.4498001376011 86.492890280221 86.8982945560773 26.1136448325644 0.167661497936592 -0.278101131577771
76.1999999999999 48.5179252540863 86.4731061967544 86.8432214636282 26.0787653826605 0.163674729750109 -0.287914509829169
76.2999999999999 48.586179751327 86.4525748285959 86.7881717957579 26.0440281780739 0.159769516944337 -0.298195339834887
76.3999999999999 48.6545599536251 86.4313147533435 86.7331440754723 26.0094476739312 0.155953914061261 -0.308922285643113
76.4999999999999 48.7230619389646 86.4093447251925 86.6781366111115 25.9750381007998 0.152235901312878 -0.320064727305448
76.5999999999999 48.7916815586314 86.3866836470293 86.6231475030513 25.9408134644329 0.148623378170791 -0.331581220088143
76.6999999999999 48.8604144579743 86.3633505425241 86.5681746504047 25.9067875455161 0.145124151254977 -0.343417917389879
76.7999999999999 48.9292560982042 86.3393645282252 86.5132157577231 25.8729738994127 0.141745915118339 -0.355507027714735
76.8999999999999 48.9982017791322 86.3147447856518 86.4582683416979 25.8393858559092 0.13849622455829 -0.367765400302241
76.9999999999999 49.0672466627491 86.2895105333878 86.4033297378614 25.8060365189615 0.135382457196986 -0.380093359503805
77.0999999999999 49.1363857974864 86.2636809992631 86.3483971073065 25.7729387664783 0.132411500296291 -0.392437993119824
77.1999999999999 49.2056141414224 86.2372753948138 86.2934674438681 25.7401052510966 0.12958898281463 -0.404747201818173
77.2999999999999 49.274926581627 86.2103128955306 86.2385375824786 25.7075484034718 0.126920160208059 -0.416897705726084
77.3999999999999 49.3443179520534 86.1828126233858 86.183604207987 25.6752804365605 0.124410138765892 -0.428750801149266
77.4999999999999 49.4137830515374 86.1547936294489 86.1286638639942 25.6433133499396 0.122063804034814 -0.44015360705482
77.5999999999999 49.48331666193 86.1262748765009 86.0737129616894 25.6116589341274 0.119885739695384 -0.450941212450439
77.6999999999999 49.552913566328 86.0972752216501 86.0187477886862 25.5803287749027 0.117880138282532 -0.460939801835865
77.7999999999999 49.6225685673623 86.0678133989471 85.9637645178588 25.5493342576258 0.116050705878345 -0.469970769808091
77.8999999999998 49.6922765055109 86.0379080019995 85.908759216178 25.5186865715575 0.114400563649723 -0.477855749205854
77.9999999999998 49.7620322773964 86.0075774665875 85.8537278535469 25.4883967141804 0.11293214979273 -0.484422375985373
78.0999999999998 49.8318308540193 85.9768400533295 85.7986663116364 25.4584754955017 0.111646931596407 -0.489545708409395
78.1999999999998 49.9016672985226 85.9457138316706 85.7435703926779 25.4289335419401 0.110544772651403 -0.493134433255396
78.2999999999998 49.9715367827968 85.9142166672277 85.6884358281548 25.3997812991509 0.109624513067496 -0.49509318574969
78.3999999999998 50.0414346033706 85.8823662104565 85.6332582874516 25.3710290344335 0.108884132595222 -0.49535419023467
78.4999999999998 50.111356196905 85.8501798853701 85.5780333865029 25.3426868391227 0.108320729623999 -0.493880169185511
78.5999999999998 50.1812971552852 85.8176748782573 85.5227566964413 25.3147646309799 0.107930519850331 -0.490665844406299
78.6999999999998 50.2512532402892 85.7848681264003 85.4674237522459 25.2872721565851 0.107708855017788 -0.485737904209623
78.7999999999998 50.3212203978138 85.7517763067937 85.4120300613903 25.2602189937277 0.107650260999388 -0.479153445545839
78.8999999999998 50.391194771635 85.7184158248621 85.3565711124912 25.233614553798 0.107748493428734 -0.470997033471883
78.9999999999998 50.4611727166813 85.6848028031785 85.3010423839568 25.2074680841787 0.107996608190153 -0.46137663355844
79.0999999999998 50.5311508117463 85.6509530702658 85.2454393526481 25.1817886706352 0.108386890275622 -0.450509258597011
79.1999999999998 50.6011258703558 85.6168821515578 85.1897575028808 25.1565852396725 0.108910569292576 -0.438632187790328
79.2999999999998 50.6710949476927 85.5826052658436 85.1339923362941 25.1318665608106 0.109558518171119 -0.425899642815249
79.3999999999998 50.7410553455002 85.5481373238711 85.0781393820589 25.1076412488258 0.110321512061504 -0.412463857817587
79.4999999999998 50.8110046161979 85.5134929270345 85.0221942070999 25.0839177659917 0.111190306262883 -0.398471257725233
79.5999999999998 50.8809405662639 85.4786863660612 84.9661524263175 25.06070442432 0.112155706276502 -0.384059435630969
79.6999999999997 50.9508612588795 85.4437316196989 84.9100097128099 25.038009387801 0.113208629025267 -0.3693549429241
79.7999999999997 51.020765015839 85.4086423534028 84.8537618080948 25.0158406746444 0.114340154858605 -0.35447184864064
79.8999999999997 51.0906504187195 85.3734319180223 84.7974045323317 24.9942061595203 0.115541570444587 -0.339510984347128
79.9999999999997 51.1605163093119 85.3381133484886 84.7409337945436 24.9731135757992 0.116804403029392 -0.324559767382634
80.0999999999997 51.2303617892728 85.3026993625906 84.6843456028344 24.9525705177779 0.118120336251433 -0.309808379217452
80.1999999999997 51.300186218067 85.2672023620733 84.6276360744862 24.9325844424945 0.119480967432166 -0.295432232864125
80.2999999999997 51.3699892076696 85.2316344396285 84.5708014457533 24.9131626705053 0.120878266439274 -0.281476439766023
80.3999999999997 51.4397706154539 85.1960073882081 84.5138380815352 24.8943123862525 0.122304695332826 -0.267973885377868
80.4999999999997 51.5095305361986 85.1603327104262 84.456742485046 24.876040638416 0.123753195628949 -0.254946948384461
80.5999999999997 51.5792692932736 85.1246216279608 84.3995113074831 24.8583543402649 0.125217173251723 -0.242409123692317
80.6999999999997 51.6489874290309 85.0888850909566 84.3421413576965 24.8412602700093 0.126690482195989 -0.230366513097713
80.7999999999997 51.7186856944243 85.0531337874266 84.2846296118577 24.8247650711524 0.128167407723329 -0.218819164404712
80.8999999999997 51.7883650378856 85.0173781526544 84.2269732231285 24.8088752528418 0.12964264973221 -0.207762252388965
80.9999999999997 51.8580265934822 84.9816283785964 84.1691695313302 24.7935971902215 0.131111306783997 -0.1971871039151
81.0999999999997 51.9276716683969 84.9458944233141 84.1112160725807 24.7789371247809 0.132568885744941 -0.187138370380081
81.1999999999997 51.9973017300547 84.9101860211951 84.053110588096 24.764901164629 0.134011375193233 -0.177654880525785
81.2999999999997 52.0669183934115 84.8745126951749 83.9948510308739 24.7514952845806 0.135435179133072 -0.168716020595995
81.3999999999997 52.1365234079867 84.838883769747 83.9364355715417 24.7387253261675 0.136837077989519 -0.160300455186218
81.4999999999996 52.2061186443891 84.8033083840035 83.8778626041728 24.7265969976468 0.138214212467154 -0.152386566997178
81.5999999999996 52.2757060803654 84.7677955046758 83.8191307521022 24.7151158740099 0.139564069302314 -0.144952799983593
81.6999999999996 52.3452877864117 84.7323539391751 83.7602388737434 24.704287396991 0.140884468804378 -0.137977922190453
81.7999999999996 52.4148659109926 84.6969923486326 83.7011860684039 24.6941168750752 0.142173554059524 -0.131441222462792
81.8999999999996 52.4844426654074 84.6617192609407 83.6419716821017 24.6846094835075 0.143429781659012 -0.125322653215888
81.9999999999996 52.5540203083493 84.6265430837927 83.5825953133811 24.6757702643014 0.144651913808648 -0.119602929581381
82.0999999999996 52.6236011301884 84.5914721177194 83.5230568191488 24.6676041262278 0.145838914094203 -0.114253506247396
82.1999999999996 52.6931874367144 84.5565145689978 83.4633563210172 24.6601158443059 0.146989652147501 -0.109248297323184
82.2999999999996 52.7627815318474 84.5216785622408 83.4034942129377 24.6533100580266 0.148103198354763 -0.104572746291956
82.3999999999996 52.8323856997742 84.4869721528596 83.3434711693423 24.6471912690778 0.14917892128117 -0.100212894338603
82.4999999999996 52.9020021868424 84.4524033395221 83.2832881533042 24.6417638390497 0.150216487634975 -0.0961554040258847
82.5999999999996 52.9716331832666 84.4179800766111 83.2229464246987 24.6370319871406 0.151215862859443 -0.0923875690940183
82.6999999999996 53.0412808046948 84.3837102866817 83.1624475483639 24.6329997878624 0.152177312281366 -0.0888973131662718
82.7999999999996 53.1109470736772 84.34960187292 83.1017934022618 24.6296711687468 0.153101402754907 -0.0856731796122845
82.8999999999996 53.1806339010877 84.3156627316009 83.0409861856389 24.6270499080503 0.153989004751318 -0.0827043143741163
82.9999999999996 53.2503430675417 84.281900764546 82.9800284271872 24.6251396324603 0.154841294856528 -0.0799804431933825
83.0999999999996 53.3200762049004 84.2483238915693 82.9189229931642 24.6239438148076 0.155659804110082 -0.0774980350768503
83.1999999999995 53.3898347789529 84.2149400625908 82.8576730944572 24.6234657719655 0.156446538001939 -0.0752535522124795
83.2999999999995 53.4596200750103 84.1817572689103 82.7962822909667 24.6237086632205 0.157203807288649 -0.0732375746383804
83.3999999999995 53.529433184823 84.1487835541488 82.7347544949327 24.624675488829 0.157934177192868 -0.0714412355743664
83.4999999999995 53.5992749938244 84.1160270251785 82.6730939742222 24.6263690885812 0.158640467003906 -0.0698561700373984
83.5999999999995 53.6691461687014 84.0834958630515 82.6113053556149 24.6287921403651 0.159325749935432 -0.0684744633778505
83.6999999999995 53.7390471453284 84.0511983339292 82.54939362809 24.6319471587306 0.159993353239509 -0.0672885997611946
83.7999999999995 53.8089781171054 84.019142800012 82.4873641461126 24.6358364934532 0.160646858575962 -0.0662914105937063
83.8999999999995 53.878939023737 83.987337730468 82.4252226329201 24.6404623280976 0.161290102635217 -0.0654760228819921
83.9999999999995 53.9489295404895 83.9557917123628 82.3629751838088 24.6458266785826 0.161927178009415 -0.064835807511823
84.0999999999995 54.0189490680535 83.9245134615087 82.3006282693629 24.6519313917504 0.162562370937868 -0.0643194390643802
84.1999999999995 54.0889967252226 83.8935118312438 82.2381887371896 24.6587781441025 0.163199913336123 -0.0638773825614014
84.2999999999995 54.1590713478678 83.8627958159526 82.175663809863 24.6663684409549 0.163844067488372 -0.0635059307215717
84.3999999999995 54.2291714906799 83.8323745525172 82.113061081374 24.6747036157582 0.164499169348745 -0.0632014749868787
84.4999999999995 54.2992954294996 83.8022573216871 82.0503885135227 24.6837848294242 0.165169623127553 -0.0629604898031036
84.5999999999995 54.3694411641595 83.7724535494503 81.9876544323112 24.6936130696524 0.165859896066712 -0.0627795186405991
84.6999999999995 54.4396064218497 83.742972808404 81.9248675243356 24.704189150257 0.166574513375878 -0.0626551617782891
84.7999999999995 54.5097886610188 83.7138248191248 81.8620368331789 24.7155137104933 0.167318053299255 -0.0625840659031815
84.8999999999995 54.5799850758229 83.6850194515398 81.7991717558034 24.7275872143842 0.168095142283429 -0.0625629155619182
84.9999999999994 54.6501926011346 83.6565667262969 81.736282038943 24.740409950047 0.16891045021598 -0.0625884265144131
85.0999999999994 54.7204079181374 83.6284768160944 81.6733777754972 24.7539820289943 0.169768517046342 -0.062633954484902
85.1999999999994 54.7906274607699 83.6007600459393 81.6104694009462 24.7683033847622 0.170673231536014 -0.062674544770374
85.2999999999994 54.8608474233467 83.5734268906855 81.5475676898248 24.7833737698321 0.171628315141256 -0.0627094949200513
85.3999999999994 54.9310637687996 83.5464879715015 81.4846837522181 24.7991927518805 0.172637485764884 -0.0627381430508919
85.4999999999994 55.0012722372519 83.5199540522967 81.4218290302584 24.8157597100027 0.17370445582055 -0.0627598733668905
85.5999999999994 55.0714683549216 83.4938360361472 81.3590152946219 24.833073830936 0.174832930492274 -0.062774121479327
85.6999999999994 55.1416474433631 83.4681449617224 81.2962546410254 24.8511341052841 0.176026606167593 -0.0627803794405587
85.7999999999994 55.2118046290571 83.4428919997107 81.2335594867233 24.86993932374 0.177289169020582 -0.0627782004066833
85.8999999999994 55.2819348533583 83.4180884492461 81.1709425670041 24.8894880733103 0.178624293720403 -0.062767202830898
85.9999999999994 55.3520328828139 83.3937457343341 81.1084169316874 24.9097787335386 0.180035642238055 -0.0627470741133265
86.0999999999994 55.4220933199411 83.3698754002048 81.0459959415609 24.9308094727233 0.181526646081995 -0.0626908991654031
86.1999999999994 55.4921106163635 83.3464891077619 80.9836932632713 24.9525782439798 0.183099788673373 -0.062573962560409
86.2999999999994 55.5620790912152 83.323598623199 80.9215228602876 24.9750827809087 0.184757137214213 -0.0623994201173124
86.3999999999994 55.6319929515926 83.3012158057124 80.8594989823179 24.9983205931087 0.186500541073596 -0.0621705656143642
86.4999999999994 55.7018463130981 83.2793525951398 80.7976361546671 25.0222889616831 0.18833163061544 -0.0618908091926412
86.5999999999994 55.7716332203803 83.2580209995996 80.735949167594 25.0469849347469 0.190251816405405 -0.061563654043031
86.6999999999993 55.841347667654 83.2372330831306 80.6744530656686 25.0724053229331 0.19226228868128 -0.0611926719315429
86.7999999999993 55.9109836191795 83.2170009533309 80.6131631371295 25.0985466948999 0.194364016971596 -0.0607814781495921
86.8999999999993 55.9805350296817 83.1973367489969 80.5520949032416 25.1254053728375 0.196557749750091 -0.0603337064159395
86.9999999999993 56.0499958646877 83.1782526277632 80.4912641076525 25.1529774279744 0.198844014016459 -0.0598529842606428
87.0999999999993 56.1193601208229 83.159760753692 80.430686705703 25.1812586761007 0.201222977403238 -0.059322645639106
87.1999999999993 56.1886218475684 83.1418732835871 80.3703788524858 25.2102446735018 0.203693977707556 -0.0587274040665456
87.2999999999993 56.2577751728272 83.1246023500656 80.3103568877327 25.2399307139387 0.206255832287728 -0.0580728725064778
87.3999999999993 56.3268143296927 83.1079600433547 80.2506373194525 25.2703118260392 0.2089069588697 -0.0573645447189386
87.4999999999993 56.395733682803 83.0919583930376 80.19123680752 25.3013827707052 0.211645373257851 -0.0566077576814351
87.5999999999993 56.4645277541559 83.0766093498001 80.1321721472653 25.33313803852 0.214468686800508 -0.0558076582948513
87.6999999999993 56.5331912483155 83.0619247671777 80.0734602530635 25.3655718471562 0.217374103588344 -0.0549691747099451
87.7999999999993 56.6017190769421 83.047916383302 80.0151181419237 25.3986781387821 0.220358417402417 -0.0540969924568835
87.8999999999993 56.6701063825678 83.0345958026472 79.9571629170786 25.4324505774699 0.223418008473939 -0.0531955354110006
87.9999999999993 56.7383485615393 83.021974477777 79.8996117515738 25.4668825466024 0.226548840159547 -0.0522689514816748
88.0999999999993 56.806441286062 83.0100636911127 79.8424818718585 25.5019671463248 0.229746636424838 -0.0513152254748495
88.1999999999993 56.8743805257201 82.9988745372602 79.7857905414153 25.5376971921401 0.233007406283096 -0.0503316278464743
88.2999999999993 56.9421625692521 82.988417906758 79.7295550444886 25.5740652164103 0.236326870428693 -0.0493208640874069
88.3999999999993 57.0097840459753 82.9787044703822 79.6737926698511 25.6110634710014 0.239700269055144 -0.0482854245795268
88.4999999999992 57.0772419463591 82.9697446634754 79.6185206945728 25.6486839299727 0.243122354479373 -0.0472275804742294
88.5999999999992 57.1445336416312 82.9615486702742 79.563756367789 25.6869182922659 0.24658738473135 -0.0461493819002102
88.6999999999992 57.2116569023119 82.9541264082366 79.5095168944694 25.7257579843948 0.250089118458191 -0.0450526582730787
88.7999999999992 57.2786099155651 82.9474875123705 79.4558194191862 25.7651941631341 0.253620811526871 -0.043939020458301
88.8999999999992 57.345391301254 82.9416413195609 79.4026810098824 25.8052177182089 0.257175215745696 -0.0428098645337415
88.9999999999992 57.4120001265824 82.9365968528982 79.3501186416407 25.8458192749839 0.260744580148636 -0.0416663768801204
89.0999999999992 57.4784359192176 82.9323628059914 79.2981491804423 25.8869891971675 0.264320618959403 -0.040499428524078
89.1999999999992 57.5446986792105 82.9289475269165 79.2467893666731 25.9287175899032 0.26789439223137 -0.0393000552689514
89.2999999999992 57.6107888902727 82.9263590012337 79.1960557979891 25.9709943038439 0.271456395003589 -0.0380693527509505
89.3999999999992 57.6767075295382 82.9246048346404 79.1459649119306 26.0138089396132 0.274996605544951 -0.0368081750400988
89.4999999999992 57.7424560752227 82.9236922356089 79.096532968525 26.0571508522818 0.278504506977966 -0.0355171400729873
89.5999999999992 57.8080365120179 82.9236279980241 79.0477760328908 26.1010091558439 0.281969114583631 -0.0341966352095833
89.6999999999992 57.8734513340822 82.9244184838223 78.9997099578412 26.1453727276933 0.285379009216106 -0.0328468226112459
89.7999999999992 57.9387035454885 82.9260696056283 78.9523503664877 26.1902302131 0.288722377185892 -0.0314676441333511
89.8999999999992 58.0037966579952 82.9285868093942 78.9057126348435 26.2355700296865 0.291987056891065 -0.030058825443936
89.9999999999992 58.0687346860136 82.931975057037 78.8598118744274 26.2813803719038 0.295160592367604 -0.0286198790526615
90.0999999999992 58.1335221387045 82.9362388091351 78.8146629148798 26.3276492155892 0.298230661940986 -0.0271436320538742
90.1999999999992 58.1981640104724 82.9413820091453 78.7702802868959 26.3743643246285 0.301186206048033 -0.0256222639401049
90.2999999999991 58.2626657722673 82.9474080714787 78.7266782059666 26.4215132629626 0.304016310832335 -0.0240540796664866
90.3999999999991 58.32703336192 82.9543198710966 78.6838705564364 26.4690834086996 0.306709889864402 -0.0224372720426784
90.4999999999991 58.3912731721845 82.9621197331657 78.641870875575 26.5170619683077 0.309255749491362 -0.0207699090950117
90.5999999999991 58.4553920363601 82.9708094227121 78.6006923376466 26.5654359908077 0.311642659301475 -0.0190499193414754
90.6999999999991 58.5193972114244 82.9803901342766 78.5603477379814 26.6141923819661 0.313859427174499 -0.0172750746198171
90.7999999999991 58.5832963586277 82.9908624815693 78.5208494770459 26.663317918488 0.31589497824911 -0.0154429700738829
90.8999999999991 58.6470975215079 83.0022264871237 78.4822095445134 26.7127992622097 0.317738437001294 -0.0135510008681916
90.9999999999991 58.7108091013065 83.0144815719522 78.4444395033349 26.7626229742919 0.319379211491354 -0.0115963351468556
91.0999999999991 58.7744398297521 83.0276265453352 78.4075504739175 26.8127755294204 0.320807914762411 -0.00960114124285463
91.1999999999991 58.8379987386203 83.0416595981204 78.3715531211184 26.8632433302196 0.322018989771559 -0.00758693923287798
91.2999999999991 58.9014951257765 83.0565783049303 78.3364576483831 26.9140127222042 0.323008319952179 -0.00554983260517272
91.3999999999991 58.9649385198539 83.0723796298793 78.3022737946988 26.9650700089439 0.323772438307178 -0.00348602626159423
91.4999999999991 59.0283386445679 83.0890599324258 78.2690108316562 27.0164014672354 0.324308557138603 -0.0013917927700073
91.5999999999991 59.0917053828002 83.1066149732241 78.2366775605106 27.0679933622752 0.32461459193742 0.000736561663155065
91.6999999999991 59.1550487405625 83.1250399199765 78.2052823092436 27.1198319628317 0.324689179019116 0.00290273182289795
91.7999999999991 59.2183788109491 83.1443293532853 78.1748329296246 27.1719035564179 0.324531686599032 0.00511044904002553
91.8999999999991 59.2817057381905 83.1644772725048 78.1453367942725 27.2241944644638 0.324142219110153 0.00736351796749816
91.999999999999 59.3450396819226 83.1854771015931 78.1168007937168 27.2766910574885 0.323521614688343 0.0096658548903848
92.099999999999 59.4083907817883 83.2073216949413 78.0892313334382 27.3293797702796 0.322671284085777 0.0120280903842251
92.199999999999 59.4717691226345 83.2300033425933 78.062634330347 27.3822471172414 0.321592735379042 0.0144612220253702
92.299999999999 59.5351847005342 83.2535137739228 78.0370152078402 27.4352797081742 0.320288003910259 0.0169700916535694
92.399999999999 59.5986473892966 83.277844160701 78.0123788902958 27.4884642642222 0.318759783026698 0.019559943485817
92.499999999999 59.6621669073655 83.302985120142 77.9887297975473 27.5417876338294 0.317011398757356 0.0222364857712092
92.599999999999 59.7257527851983 83.3289267179475 77.9660718393567 27.5952368086939 0.315046779182639 0.025005958369001
92.699999999999 59.7894143332221 83.3556584713515 77.944408409889 27.6487989397235 0.312870419002215 0.027875207070464
92.799999999999 59.8531606104611 83.3831693521656 77.9237423821857 27.7024613529904 0.310487339879541 0.0308517656080963
92.899999999999 59.917000393923 83.4114477898233 77.9040761026382 27.7562115656863 0.307903047199654 0.0339439464689702
92.999999999999 59.9809421488287 83.4404816744255 77.8854113854622 27.8100373020777 0.305123483924241 0.0371609418067932
93.099999999999 60.0449939997655 83.4702583598937 77.8677495072683 27.8639265094352 0.302155671969403 0.0404806475615263
93.199999999999 60.1091637029777 83.500764669957 77.85109120417 27.9178673733007 0.299009707098777 0.0438796656440508
93.299999999999 60.173458620595 83.5319869113276 77.8354366753292 27.9718483310726 0.295696582053903 0.0473663090962506
93.399999999999 60.2378856974877 83.5639108897104 77.8207855890376 28.0258580849291 0.292227411396544 0.0509493893355975
93.499999999999 60.3024514408398 83.59652192592 77.8071370888962 28.0798856147249 0.288613354360584 0.0546382816195493
93.599999999999 60.3671619024168 83.6298048719991 77.7944897999948 28.1339201908891 0.284865542394064 0.0584429939801685
93.699999999999 60.432022663492 83.6637441273359 77.7828418350906 28.1879513873226 0.280995012061604 0.062374240326349
93.7999999999989 60.4970388223806 83.6983236547815 77.7721908007884 28.241969094295 0.277012643834025 0.0664435184553465
93.8999999999989 60.5622149845224 83.7335269967685 77.7625338037191 28.2959635313425 0.272929107159263 0.0706631937703636
93.9999999999989 60.6275552550408 83.7693372914279 77.7538674567194 28.3499252601649 0.268754812080773 0.0750465895315855
94.0999999999989 60.6930632336558 83.8057372887409 77.7461878850637 28.4038451974519 0.264500175040917 0.0795765693059158
94.1999999999989 60.7587420107451 83.842709367565 77.7394907340719 28.4577146258502 0.260176525828364 0.0842340491886553
94.2999999999989 60.8245941629064 83.8802355548809 77.7337711802074 28.5115252002144 0.255795182598864 0.0890305294598593
94.3999999999989 60.8906217501192 83.9182975459143 77.7290239435509 28.5652689519986 0.251367110686722 0.0939779556566116
94.4999999999989 60.9568263156185 83.9568767242912 77.7252433003273 28.6189382935775 0.246902890484594 0.0990887348453303
94.5999999999989 61.0232088884067 83.9959541821935 77.7224230954317 28.6725260225668 0.242412692415092 0.104375746986207
94.6999999999989 61.0897699882783 84.0355107405139 77.7205567549563 28.7260253261435 0.237906258624604 0.10985235051238
94.7999999999989 61.1565096332276 84.0755269690119 77.7196372987169 28.7794297853672 0.233392890960324 0.115532381030719
94.8999999999989 61.2234273491091 84.1159832064686 77.7196573527796 28.8327333795001 0.22888144474769 0.121430141820305
94.9999999999989 61.2905221814225 84.1568595808427 77.720609161987 28.8859304903278 0.224380327847669 0.127560384569233
95.0999999999989 61.3577927090377 84.1981360294233 77.7224846025021 28.9390159064143 0.219897605342198 0.13391254143785
95.1999999999989 61.4252370584317 84.2397923189334 77.7252751947917 28.9919848256416 0.215441337617391 0.140473365334984
95.2999999999989 61.4928529163114 84.2818080655046 77.7289721177283 29.0448328533974 0.211019332523142 0.147253566765124
95.3999999999989 61.5606375427418 84.3241627546014 77.7335662231322 29.0975559990486 0.206639056093484 0.154263266352345
95.4999999999988 61.6285877860025 84.3668357609443 77.7390480503295 29.1501506723475 0.202307639589539 0.161511801946289
95.5999999999988 61.6967000991086 84.4098063684315 77.7454078407119 29.2026136798399 0.198031888776662 0.169007504070481
95.6999999999988 61.7649705578794 84.4530537900624 77.7526355522949 29.2549422212712 0.193818294831225 0.176757437339968
95.7999999999988 61.8333948804407 84.4965571878592 77.7607208742769 29.3071338859942 0.189673046270948 0.184767105954118
95.8999999999988 61.901968448054 84.5402956927902 77.7696532415979 29.3591866493757 0.185602041303849 0.193040122123704
95.9999999999988 61.9706863271642 84.5842484246917 77.7794218494984 29.4110988692038 0.181610899997003 0.201577837330988
96.0999999999988 62.0395432925453 84.628394512189 77.7900156680711 29.462869282069 0.177704963647893 0.210362704179858
96.1999999999988 62.1085338508929 84.6727131125639 77.8014234566237 29.5144969990654 0.173889277262481 0.219372742092747
96.2999999999988 62.177652263891 84.7171834314891 77.8136337775629 29.5659814997683 0.170168647201728 0.228597866329407
96.3999999999988 62.2468925715481 84.7617847427092 77.8266350100901 29.6173226255319 0.166547657964124 0.238023815382196
96.4999999999988 62.31624861627 84.8064964077208 77.8404153638899 29.6685205727613 0.163030671745976 0.24763168427204
96.5999999999988 62.3857140676071 84.8512978954511 77.8549628928177 29.7195758861842 0.159621824619431 0.257397474589302
96.6999999999988 62.4552824476008 84.8961688019378 77.8702655085887 29.7704894521228 0.156325018900725 0.267291682103948
96.7999999999988 62.5249471566511 84.9410888700085 77.8863109944654 29.8212624917655 0.153143911354682 0.277278946803829
96.8999999999988 62.5947014998323 84.9860380089597 77.9030870189465 29.8718965544387 0.150081896973513 0.287317793859885
96.9999999999988 62.6645387135894 85.030996314237 77.9205811494549 29.9223935108788 0.147142088187381 0.297360496867153
97.0999999999988 62.7344519926791 85.0759440870919 77.9387808660362 29.9727555464296 0.144327393088537 0.307316136187893
97.1999999999988 62.804434515687 85.1208618536742 77.9576735753278 30.0229851523153 0.141640822701275 0.31708031735975
97.2999999999987 62.8744794665461 85.1657303826882 77.9772466252146 30.0730851120268 0.139085186873928 0.326575413140269
97.3999999999987 62.9445800546586 85.2105307024837 77.997487319754 30.1230584857823 0.136662947957781 0.335717784753339
97.4999999999987 63.0147295351853 85.2552441181242 78.0183829341125 30.1729085949146 0.134376167531739 0.344418856205047
97.5999999999987 63.0849212294945 85.2998522284561 78.0399207295015 30.2226390062582 0.132226450736025 0.352586512637918
97.6999999999987 63.1551485457017 85.3443369431776 78.0620879681135 30.2722535165362 0.130214889471305 0.360126808960952
97.7999999999987 63.2254049992273 85.3886804999077 78.0848719280581 30.3217561367473 0.128342005964013 0.36694595145541
97.8999999999987 63.2956842333048 85.4328654812546 78.1082599182981 30.3711510765531 0.126607698402882 0.372952489822621
97.9999999999987 63.3659800393674 85.4768748318851 78.1322392935856 30.4204427286647 0.125011190479515 0.378059632634224
98.0999999999987 63.4362863771597 85.5206918754807 78.1567974693424 30.4696356532353 0.123550932002689 0.382314600095103
98.1999999999987 63.5065973923526 85.5643003287718 78.1819219350964 30.5187345623841 0.122224538580512 0.385783068811112
98.2999999999987 63.5769074281354 85.6076843081526 78.2076002642504 30.5677443050555 0.121029174313501 0.38841624057623
98.3999999999987 63.6472110341528 85.6508283333745 78.2338201224077 30.6166698520112 0.119961621192946 0.390173459757636
98.4999999999987 63.7175029749056 85.6937173311258 78.2605692756411 30.6655162808262 0.119018264626923 0.391023186816764
98.5999999999987 63.7877782376823 85.7363366386125 78.2878355987624 30.7142887608856 0.118195085303596 0.390943701068282
98.6999999999987 63.8580320400007 85.7786720071385 78.315607083592 30.7629925383809 0.117487657613882 0.389923495241313
98.7999999999987 63.9282598365364 85.820709605686 78.343871847228 30.8116329213073 0.116891154633092 0.387961341512893
98.8999999999987 63.9984573255165 85.8624360244959 78.3726181403155 30.8602152644591 0.116400359443529 0.385066027422729
98.9999999999987 64.0686204545538 85.9038382786482 78.4018343553168 30.9087449544274 0.116009682376032 0.381255778741019
99.0999999999986 64.1387454259141 85.9449038116567 78.4315090347784 30.9572273946079 0.115713139234015 0.376558699103213
99.1999999999986 64.2088287015989 85.985620499445 78.4616308795683 31.0056679905241 0.11550423647461 0.371012594411774
99.2999999999986 64.2788670088568 86.0259766552874 78.4921887570312 31.0540721359473 0.115376121172023 0.364661308026757
99.3999999999986 64.34885734542 86.0659610351313 78.5231717091121 31.1024451993305 0.115321660397343 0.357553462745769
99.4999999999986 64.4187969840251 86.1055628429331 78.554568960479 31.1507925102551 0.115333480479826 0.349740951442876
99.5999999999986 64.4886834761783 86.1447717359954 78.5863699266452 31.1991193458768 0.115404007175359 0.341277447909761
99.6999999999986 64.5585146551393 86.1835778303031 78.618564222092 31.2474309173722 0.115525505951834 0.332216989873169
99.7999999999986 64.6282886381007 86.2219717058599 78.651141668391 31.2957323563844 0.115690121722754 0.322612675034702
99.8999999999986 64.6980038275427 86.2599444120253 78.6840923023268 31.3440287014702 0.11588991749638 0.312515498934201
99.9999999999986 64.7676589117417 86.2974874728505 78.7174063840193 31.3923248845455 0.116116911550538 0.301973351456286
100.099999999999 64.83725286436 86.3345928923198 78.7510744050046 31.4406257173536 0.116363322226606 0.291149427668161
100.199999999999 64.9067849417105 86.3712531571103 78.7850870952377 31.4889358784927 0.116622306448611 0.280194692172091
100.299999999999 64.9762546755336 86.4074612330509 78.8194354273558 31.5372599018645 0.116887486374614 0.269132058611874
100.399999999999 65.0456618636309 86.4432105591013 78.8541106198633 31.5856021656829 0.117152765007442 0.257979542431882
100.499999999999 65.1150065597992 86.478495041234 78.8891041402755 31.633966881504 0.117412329561821 0.246750476169283
100.599999999999 65.1842890631429 86.5133090463174 78.924407708262 31.6823580832564 0.117660654078548 0.23545375221816
100.699999999999 65.2535099067895 86.5476473959982 78.96001329879 31.7307796162712 0.117892501576035 0.224094078002038
100.799999999999 65.3226698460344 86.5815053605843 78.9959131452681 31.7792351263118 0.118102925997439 0.212672231312258
100.899999999999 65.3917698459419 86.614878652927 79.0320997426894 31.8277280486046 0.11828727418136 0.201185306161057
100.999999999999 65.4608110684328 86.6477634223045 79.0685658507753 31.8762615968686 0.118441188053815 0.189626941892814
101.099999999999 65.5297948588838 86.6801562482436 79.10530449707 31.9248387524162 0.118560756660707 0.178138775506013
101.199999999999 65.5987227321723 86.712054132782 79.1423089787663 31.9734622550918 0.11864300973143 0.166857468615918
101.299999999999 65.6675963580927 86.7434544887674 79.1795728613105 32.0221345988728 0.118685536967915 0.155765587941596
101.399999999999 65.736417546449 86.7743551265961 79.2170899757383 32.07085802931 0.118686333126373 0.144844458445141
101.499999999999 65.8051882320025 86.8047542408912 79.2548544159617 32.1196345410363 0.118643782063435 0.134074472445286
101.599999999999 65.8739104593334 86.8346503971807 79.2928605360563 32.1684658752777 0.118556641904941 0.123435348915981
101.699999999999 65.9425863676673 86.8640425185765 79.3311029475484 32.2173535173624 0.118424031302265 0.112906351063279
101.799999999998 66.0112181757163 86.8929298724523 79.3695765167022 32.2662986942311 0.118245416732409 0.102466469844382
101.899999999998 66.0798081665852 86.9213120571218 79.4082763618064 32.3153023719469 0.118020600795343 0.0920945806003573
101.999999999998 66.1483586727876 86.9491889885178 79.4471978504623 32.3643652532052 0.117749711463345 0.0817695794719551
102.099999999998 66.2168720614346 86.9765608868562 79.4863365968438 32.4134877748925 0.117433224795645 0.0715570579797269
102.199999999998 66.2853507200169 87.00342826295 79.5256884582862 32.4626701069243 0.117072058207923 0.0615247739418401
102.299999999998 66.3537970434422 87.0297919036305 79.5652495301634 32.5119121543274 0.116667468283877 0.0516557639940293
102.399999999998 66.4222134217855 87.0556528568174 79.6050161400933 32.5612135606011 0.116221002791244 0.0419342304274661
102.499999999998 66.4906022284169 87.0810124165754 79.6449848421161 32.6105737111271 0.115734484425476 0.0323456576433505
102.599999999998 66.5589658085288 87.1058721081706 79.6851524108729 32.6599917365802 0.115209995292609 0.0228769253813324
102.699999999998 66.6273064680941 87.1302336731274 79.7255158357849 32.7094665163377 0.114649862066473 0.0135164222123714
102.799999999998 66.6956264632826 87.1540990542843 79.7660723152316 32.7589966818904 0.114056641762663 0.00425416203525819
102.899999999998 66.7639279903627 87.1774703808513 79.80681925073 32.8085806202521 0.113433108072214 -0.00491809430896979
102.999999999998 66.8322131761099 87.2003499534658 79.8477542411129 32.8582164773704 0.112782238201106 -0.0140067109151146
103.099999999998 66.9004840687533 87.2227402292476 79.888875076695 32.9079021615638 0.112107198704517 -0.0229687450975194
103.199999999998 66.9687426297728 87.2446438068071 79.9301797331087 32.9576353476782 0.111411323752944 -0.0317573785657209
103.299999999998 67.0369907270344 87.2660634111354 79.9716663642997 33.0074134830659 0.110698096659846 -0.0403698290689583
103.399999999998 67.1052301287991 87.2870018784479 80.0133332951929 33.0572337942828 0.109971134129438 -0.0488007759017137
103.499999999998 67.1734624983137 87.3074621410262 80.0551790143452 33.1070932938132 0.109234170366712 -0.0570422723988509
103.599999999998 67.2416893889756 87.3274472120597 80.0972021665985 33.1569887867948 0.108491041413818 -0.0650836722891299
103.699999999998 67.3099122400717 87.3469601704877 80.1394015457323 33.2069168777436 0.107745669655447 -0.0729115747240933
103.799999999998 67.378132373088 87.3660041458408 80.1817760871167 33.2568739772788 0.107002048441403 -0.0805097935662077
103.899999999998 67.4463509885865 87.3845823030832 80.2243248603652 33.3068563088477 0.106264226780467 -0.087859357182284
103.999999999998 67.5145691636428 87.4026978274541 80.2670470619878 33.3568599154506 0.105536294066895 -0.094938545499652
104.099999999998 67.5827878498552 87.4203539093195 80.309942008006 33.4068806664225 0.104822275119331 -0.101610552500255
104.199999999998 67.6510078724288 87.4375537292757 80.3530091255942 33.4569142656941 0.104125824098164 -0.10773362067604
104.299999999998 67.7192299311145 87.4543004438933 80.3962479422471 33.5069562638085 0.103450437325261 -0.113275543860215
104.399999999998 67.7874546021155 87.4705971717129 80.4396580739731 33.5570020714162 0.102799516653647 -0.118203081954686
104.499999999998 67.8556823404222 87.4864469792514 80.4832392134506 33.6070469728276 0.102176349474466 -0.122482450735968
104.599999999998 67.9239134825285 87.5018528670072 80.526991118183 33.657086139566 0.101584090189127 -0.12607986162268
104.699999999998 67.9921482495116 87.5168177554661 80.5709135986555 33.707114643919 0.101025743376824 -0.128962102088574
104.799999999998 68.0603867504515 87.5313444711071 80.6150065064904 33.7571274724919 0.100504148907805 -0.131097144939912
104.899999999998 68.1286289861664 87.5454357324082 80.6592697226029 33.8071195397596 0.100021969263785 -0.132454772303716
104.999999999998 68.1968748532449 87.5590941358519 80.7037031453575 33.8570857016192 0.0995816793337079 -0.133007198341859
105.099999999998 68.2651241483672 87.5723221420194 80.7483066787433 33.9070207689268 0.0991852434014678 -0.132829033294542
105.199999999998 68.3333765733553 87.5851220639851 80.7930802210676 33.9569195206362 0.0988331735026933 -0.132006947174511
105.299999999998 68.4016317415706 87.5974960615492 80.8380236549635 34.0067767159247 0.0985254919221336 -0.130535739524379
105.399999999998 68.4698891847485 87.6094461377706 80.8831368379151 34.0565871059199 0.0982620516204485 -0.128413310221785
105.499999999998 68.5381483597574 87.6209741355882 80.9284195928027 34.1063454454118 0.0980425408293794 -0.125640641082662
105.599999999998 68.6064086552504 87.6320817344423 80.9738716984479 34.1560465045647 0.0978664896071888 -0.122221717629823
105.699999999998 68.6746693982016 87.6427704468956 81.0194928801588 34.2056850806284 0.097733278313023 -0.118163393701957
105.799999999998 68.7429298603145 87.6530416152552 81.0652828002752 34.2552560096507 0.09764214793359 -0.113475203741631
105.899999999998 68.8111892642966 87.6628964081933 81.1112410487137 34.3047541781885 0.0975922121701429 -0.10816912958466
105.999999999998 68.8794467899904 87.6723358173686 81.1573671335127 34.3541745350203 0.0975824711742096 -0.102259330097177
106.099999999998 68.9477015803564 87.6813606540725 81.2036604713743 34.4035121028567 0.097611724985688 -0.0957770107425032
106.199999999998 69.0159527473112 87.6899715465176 81.2501203781134 34.4527619900422 0.0976782862439952 -0.0887563822145385
106.299999999998 69.0841993774019 87.6981689387564 81.2967460588728 34.5019194022294 0.0977803060689052 -0.0812180115342931
106.399999999998 69.1524405372487 87.7059530902432 81.3435365982458 34.5509796540432 0.0979158948514042 -0.0731827618782614
106.499999999998 69.2206752787303 87.7133240754201 81.3904909503955 34.5999381807448 0.0980831415342642 -0.0646714441538812
106.599999999998 69.288902643913 87.7202817833029 81.4376079291738 34.6487905498952 0.0982801334569215 -0.0557045016838284
106.699999999998 69.3571216697234 87.7268259170679 81.4848861982404 34.6975324730194 0.0985049766561208 -0.0463017349750025
106.799999999998 69.4253313923684 87.7329559936374 81.5323242611825 34.74615981727 0.0987558165320115 -0.0364820720565829
106.899999999998 69.4935308515076 87.7386713432665 81.5799204516332 34.794668617091 0.0990308588094473 -0.0262633885458545
106.999999999998 69.5617190941835 87.7439711091286 81.6276729233913 34.8430550858815 0.0993283907415992 -0.0156623803473232
107.099999999998 69.6298951785222 87.7488542469742 81.6755796405721 34.8913156276264 0.0996466091218436 -0.0048326916332762
107.199999999998 69.6980581773011 87.7533195266568 81.7236383685918 34.9394468476507 0.0999830599075005 0.00607554988447097
107.299999999998 69.7662071814767 87.7573655384027 81.7718466672665 34.9874455611539 0.100335231131809 0.0170539488228437
107.399999999998 69.8343413034484 87.7609907009491 81.8202018847447 35.0353088008688 0.100700754970167 0.0280967645087941
107.499999999998 69.9024596799582 87.7641932697539 81.8687011514711 35.0830338246862 0.101077415993452 0.0392007246653279
107.599999999998 69.9705614746357 87.7669713452054 81.9173413741511 35.1306181232807 0.10146315933838 0.0503648212745696
107.699999999998 70.0386458802038 87.7693228808325 81.966119229715 35.1780594277351 0.101856098911672 0.0615900926220699
107.799999999998 70.106712120359 87.7712456915146 82.0150311592823 35.2253557171662 0.102254525742328 0.0728793944388948
107.899999999998 70.1747594513443 87.7727374616912 82.0640733621256 35.2725052263496 0.102656916584728 0.0842371620687521
107.999999999998 70.2427871632309 87.7737957535719 82.1132417896352 35.3195064533449 0.103061942868983 0.0956691646574573
108.099999999998 70.310794580925 87.7744180153661 82.162532139345 35.3663581670505 0.103468563077258 0.107010109724218
108.199999999998 70.3787810648375 87.7746015900232 82.211939850563 35.4130594129368 0.103876258226584 0.118096823547785
108.299999999998 70.4467460111353 87.7743437252704 82.2614601040755 35.4596095141514 0.104284743586165 0.128939151005871
108.399999999998 70.5146888517618 87.7736415841607 82.311087823456 35.506008070803 0.104693872312313 0.139546890134333
108.499999999998 70.5826090543345 87.7724922556411 82.3608176764358 35.5522549591749 0.105103627634424 0.149929671193406
108.599999999998 70.6505061219351 87.7708927651204 82.4106440762745 35.5983503309378 0.105514115714533 0.160096855329999
108.699999999998 70.7183795928068 87.7688400850376 82.4605611831306 35.6442946123638 0.10592555915606 0.170057449872856
108.799999999998 70.786229039968 87.7663311454296 82.5105629054322 35.6900885035394 0.106338291135352 0.17982003760934
108.899999999998 70.8540540707576 87.7633628444992 82.5606429012473 35.735732977579 0.106752750124889 0.189392717716695
108.999999999998 70.9218543263193 87.7599320591834 82.6107945796547 35.7812292798383 0.107169475178351 0.198783056320953
109.099999999998 70.9896294810374 87.7560356557049 82.6610111021525 35.8265789270831 0.107589244232003 0.207906219567955
109.199999999998 71.0573792419299 87.7516704997077 82.7112853850619 35.8717837055036 0.108013472484427 0.216673671030652
109.299999999998 71.1251033480454 87.7468334653337 82.7616101044554 35.916845665798 0.108443732382592 0.225086422562062
109.399999999998 71.1928015699531 87.7415214438827 82.8119777020798 35.9617671171006 0.1088815917501 0.23314485706435
109.499999999998 71.2604737093505 87.7357313524567 82.8623803913173 36.0065506208662 0.109328600762525 0.240848903730018
109.599999999998 71.3281195987875 87.7294601426035 82.912810163147 36.0511989847545 0.109786279495861 0.248198214967211
109.699999999998 71.3957391015055 87.722704808961 82.9632587921063 36.0957152565137 0.110256106069576 0.255192342619261
109.799999999998 71.4633321113865 87.7154623979009 83.0137178422517 36.1401027178651 0.110739505415555 0.261830910985449
109.899999999998 71.5308985530069 87.707730016173 83.0641786731204 36.1843648783874 0.111237838708918 0.268113784191688
109.999999999998 71.5984383817902 87.6995048395488 83.1146324456912 36.2285054694002 0.111752393503185 0.274041225380268
110.099999999998 71.6659515842521 87.6907841214545 83.1650701283657 36.2725284378259 0.112284442404027 0.279564639862601
110.199999999998 71.7334381783513 87.6815652013024 83.2154825034521 36.3164379394454 0.112835418820035 0.28463445116439
110.299999999998 71.8008982139984 87.6718455120613 83.265860174928 36.3602383306222 0.113406670287747 0.289250784130608
110.399999999998 71.8683317737079 87.6616225875247 83.3161935767067 36.4039341594207 0.113999375154732 0.293415171664694
110.499999999998 71.9357389733594 87.6508940695696 83.3664729809232 36.4475301567023 0.114614532983682 0.297130712624497
110.599999999998 72.0031199630505 87.6396577154135 83.4166885062193 36.491031227221 0.115252956375399 0.300402194436223
110.699999999998 72.0704749280191 87.6279114048721 83.4668301260298 36.534442440719 0.115915264270402 0.303236178675623
110.799999999998 72.1378040896134 87.6156531476174 83.5168876768682 36.5777690230227 0.116601876775078 0.305641048812366
110.899999999998 72.2051077062859 87.602881090435 83.5668508666119 36.6210163471384 0.117313011539596 0.3076270202879
110.999999999998 72.2723860745898 87.589593524482 83.6167092827886 36.6641899243476 0.118048681698366 0.30920611407892
111.099999999998 72.3396395301572 87.5757888925113 83.6664524008832 36.707295395278 0.118808827787153 0.310332521138946
111.199999999998 72.4068684488124 87.5614657952295 83.7160695932188 36.7503385203101 0.119593686959504 0.310958423822868
111.299999999998 72.474073248122 87.5466229954551 83.7655501392896 36.7933251683028 0.120403345115393 0.311095987228516
111.399999999998 72.5412543891445 87.5312594214104 83.8148832366666 36.8362613046548 0.121237596817316 0.310759741256604
111.499999999998 72.608412378187 87.5153741699802 83.864058011926 36.8791529793415 0.122095946727879 0.309966436967122
111.599999999998 72.6755477685272 87.4989665099698 83.9130635315763 36.9220063149516 0.12297761307876 0.308734860946995
111.699999999998 72.7426611620594 87.4820358853641 83.9618888129869 36.9648274947234 0.123881533082141 0.307085614663461
111.799999999998 72.8097532108291 87.4645819185854 84.0105228353153 37.0076227505815 0.124806370169125 0.305040866462218
111.899999999998 72.8768246184143 87.4466044137528 84.0589545504354 37.0503983511732 0.125750522919541 0.302624084150196
111.999999999998 72.9438761411164 87.4281033599396 84.1071728938651 37.0931605899053 0.1267121355354 0.299859756118789
112.099999999998 73.0109085889307 87.4090789343879 84.1551667956487 37.1359157730294 0.127689375124207 0.29685426857608
112.199999999998 73.0779228265643 87.3895315045496 84.2029251900584 37.1786702090066 0.128681273445642 0.293701619622328
112.299999999998 73.14491977505 87.3694616271559 84.2504370222969 37.2214302011155 0.129686996075778 0.290408702843742
112.399999999998 73.2119004136084 87.3488700461146 84.2976912540193 37.2642020413404 0.130705588554085 0.286982865606312
112.499999999998 73.2788657814734 87.327757690362 84.3446768688093 37.306992004307 0.13173597971787 0.283431824109901
112.599999999998 73.3458169796577 87.3061256717156 84.3913828776555 37.3498063412194 0.132776985449539 0.279763580160919
112.699999999998 73.412755172634 87.2839752827265 84.4377983244279 37.3926512737959 0.133827312807592 0.275986340636858
112.799999999998 73.4796815899184 87.2613079945314 84.4839122913539 37.435532988206 0.13488556451423 0.27210844052015
112.899999999998 73.5465975275339 87.2381254547054 84.5297139044948 37.4784576290068 0.135950243770591 0.268138270237881
112.999999999998 73.6135043493378 87.2144294851138 84.5751923392219 37.5214312930788 0.137019759373765 0.264084207904839
113.099999999998 73.6804034881892 87.1902220797763 84.6203368256714 37.5644600235866 0.138092454148458 0.260003141115482
113.199999999998 73.747296446848 87.1655054030279 84.6651366536282 37.6075498045524 0.139166701908271 0.255949153254556
113.299999999998 73.8141847984478 87.1402817884334 84.7095811759646 37.6507065569882 0.140240881657874 0.251926115525298
113.399999999998 73.8810701866956 87.1145537380001 84.7536598115091 37.693936135641 0.141313363121436 0.247937569598847
113.499999999998 73.9479543258865 87.0883239214011 84.7973620478921 37.7372443257627 0.142382509643479 0.243986739173258
113.599999999998 74.0148390007299 87.061595175199 84.8406774443932 37.7806368398789 0.143446681128697 0.240076542735301
113.699999999998 74.0817260659818 87.0343705020693 84.8835956347874 37.8241193145587 0.144504237021292 0.23620960724682
113.799999999998 74.1486174458759 87.006653070024 84.9261063301915 37.8676973071836 0.145553539328228 0.232388282509907
113.899999999998 74.2155151333493 86.9784462116353 84.968199321911 37.911376292717 0.14659295568441 0.228614655987203
113.999999999998 74.2824211890555 86.9497534232591 85.0098644842865 37.9551616604736 0.147620862462946 0.224890567878152
114.099999999998 74.3493377401773 86.9205783642248 85.0510917775009 37.999058710928 0.148635904523402 0.221252195462681
114.199999999998 74.4162669794583 86.8909248551505 85.0918712493644 38.0430726535468 0.1496377738206 0.217728167088223
114.299999999998 74.4832111652362 86.8607968740376 85.1321930345051 38.0872086072195 0.150626448823156 0.214309157907853
114.399999999998 74.5501726219852 86.8301985514907 85.172047352537 38.1314716017122 0.151601934531649 0.210986282743696
114.499999999998 74.6171537409996 86.7991341659034 85.2114245061894 38.1758665791617 0.152564257464719 0.207751087177609
114.599999999998 74.6841569812077 86.7676081386448 85.2503148794355 38.2203983955683 0.153513460849692 0.204595538126427
114.699999999998 74.751184870122 86.7356250292453 85.2887089356213 38.2650718222897 0.154449600006521 0.201512014101592
114.799999999998 74.818240004928 86.7031895305831 85.3265972155949 38.3098915475348 0.155372737919985 0.198493295369587
114.899999999998 74.8853250537192 86.6703064640701 85.3639703358353 38.3548621778563 0.156282940991998 0.19553255411975
114.999999999998 74.9524427568768 86.6369807748379 85.4008189865811 38.399988239645 0.157180274972544 0.192623344748119
115.099999999998 75.0195959286035 86.6032175269238 85.4371339299472 38.4452741806375 0.158064859420937 0.189776477881954
115.199999999998 75.086787458689 86.5690218984459 85.472905997711 38.4907243717935 0.158937043364739 0.187001362249509
115.299999999998 75.1540203146598 86.5343991767509 85.5081260882623 38.5363431101143 0.159797233243934 0.184290056113239
115.399999999998 75.221297544238 86.4993547535514 85.5427851632226 38.5821346218303 0.160645830182311 0.181635043527936
115.499999999998 75.2886222780444 86.4638941200634 85.5768742440523 38.6281030656032 0.161483224611261 0.179029224150746
115.599999999998 75.355997732548 86.4280228621426 85.610384408658 38.6742525357286 0.162309791079648 0.176465903738828
115.699999999998 75.4234272132639 86.3917466554217 85.6433067879994 38.7205870653373 0.163125883251771 0.173938785301353
115.799999999998 75.4909141182 86.3550712604475 85.6756325626964 38.7671106295987 0.163931829098866 0.171441960828876
115.899999999998 75.5584619415539 86.3180025178176 85.7073529596362 38.8138271489217 0.164727926287344 0.168969903556798
115.999999999998 75.6260742776596 86.2805463433174 85.7384592485802 38.8607404921581 0.165514437773499 0.166517460647959
116.099999999998 75.6937548251766 86.2427087230679 85.76894273878 38.9078544797977 0.166291526848056 0.16408204635376
116.199999999998 75.7615073913541 86.2044957089563 85.7987947758128 38.9551728870101 0.167059075258577 0.161662261680726
116.299999999998 75.8293358960758 86.1659134147817 85.8280067389776 39.0026994462909 0.167816870016053 0.159255186417052
116.399999999998 75.8972443758981 86.126968012685 85.8565700389108 39.0504378499533 0.168564662979817 0.156858132390261
116.499999999998 75.9652369882278 86.0876657295886 85.8844761152109 39.0983917526136 0.169302168853086 0.154468639616909
116.599999999998 76.0333180156428 86.0480128436356 85.911716434063 39.1465647736765 0.170029063383136 0.152084472234523
116.699999999998 76.1014918703507 86.0080156806306 85.9382824858633 39.1949604998207 0.17074498177621 0.149703614228408
116.799999999998 76.1697630987789 85.9676806104786 85.9641657828438 39.2435824874842 0.171449517334661 0.147324264934897
116.899999999998 76.2381363862912 85.9270140436258 85.9893578566965 39.2924342653499 0.172142220325997 0.144944834302706
116.999999999998 76.306616562024 85.8860224274986 86.0138502561983 39.3415193368311 0.17282259709073 0.142563937931104
117.099999999998 76.375208603825 85.8447122429552 86.0376345448454 39.3908411825485 0.173490042900558 0.14018244626745
117.199999999998 76.4439176430523 85.8030900010318 86.0607022987547 39.4404032625937 0.174143648068542 0.137802133905775
117.299999999998 76.5127489688168 85.7611622404377 86.0830451052406 39.490209018249 0.174782408404973 0.135423177455927
117.399999999998 76.5817080319804 85.718935525345 86.104654561659 39.540261873494 0.175405294584276 0.133045822905967
117.499999999998 76.6508004491227 85.6764164431902 86.1255222742606 39.5905652365035 0.176011253785722 0.13067038283392
117.599999999998 76.7200320064772 85.6336116024756 86.1456398570445 39.6411225011452 0.176599211535896 0.128297233529778
117.699999999998 76.7894086638278 85.5905276305704 86.1649989306125 39.6919370484777 0.177168073753105 0.12592681202107
117.799999999998 76.858936558359 85.5471711715126 86.1835911210223 39.743012248249 0.177716728991735 0.123559613037348
117.899999999998 76.9286220084484 85.5035488838098 86.2014080586413 39.7943514603935 0.178244050884671 0.121196185897317
117.999999999998 76.9984715173958 85.4596674382408 86.2184413770006 39.8459580365309 0.178748900779031 0.118837131346434
118.099999999998 77.068491777065 85.4155335156689 86.234682711657 39.8978353214555 0.179230075074763 0.116486555851239
118.199999999998 77.1386896711394 85.3711538051641 86.2501236992801 39.9499866544127 0.17968614918186 0.114148932853745
118.299999999998 77.2090722774832 85.3265350029085 86.2647559773086 40.0024153698339 0.180115660479325 0.111825413865299
118.399999999998 77.2796468700265 85.2816838114118 86.278571183832 40.0551247978586 0.180517169688668 0.109517103005291
118.499999999998 77.3504209204477 85.2366069387376 86.2915609574796 40.1081182648478 0.180889265006031 0.107225058342505
118.599999999998 77.4214020996605 85.1913110977301 86.3037169373107 40.1613990938972 0.181230566274643 0.104950293223751
118.699999999998 77.4925982790982 85.1458030052407 86.3150307627043 40.2149706053513 0.181539729176639 0.102693777576675
118.799999999998 77.5640175317937 85.1000893813549 86.3254940732486 40.2688361173164 0.181815449425069 0.100456439173237
118.899999999998 77.6356681332475 85.0541769486189 86.3350985086313 40.3229989461747 0.182056466934279 0.0982391648452753
118.999999999998 77.7075585620821 85.008072431266 86.3438357085284 40.3774624070971 0.182261569945587 0.0960428016324297
119.099999999998 77.7796975004722 84.9617825544501 86.3516973124959 40.4322298145533 0.182429585508951 0.0938701029351866
119.199999999998 77.8520938341688 84.9153140436435 86.3586749598905 40.4873044827135 0.182559346427896 0.0917237357298809
119.299999999998 77.9247566518278 84.8686736244549 86.3647602898661 40.5426897255779 0.182649742256747 0.0896043472621672
119.399999999997 77.9976952439198 84.8218680226123 86.3699449414004 40.5983888569982 0.18269973734165 0.0875125323394851
119.499999999997 78.070919101399 84.7749039639522 86.3742205533238 40.6544051906964 0.182708374139486 0.0854488359147254
119.599999999997 78.1444379141394 84.727788174409 86.3775787643459 40.7107420402818 0.182674776300793 0.0834137555116469
119.699999999997 78.2182615691419 84.6805273800044 86.3800112130843 40.7674027192693 0.182598151492941 0.0814077434706578
119.799999999997 78.2924001485165 84.6331283068365 86.3815095380925 40.824390541097 0.182477793942363 0.0794312090360651
119.899999999997 78.3668639272417 84.5855976810691 86.3820653778871 40.8817088191443 0.182313086674408 0.0774845202806444
119.999999999997 78.4416633707087 84.5379422289213 86.3816703709764 40.9393608667498 0.182103503432825 0.0755680058811712
