#t s x y z curvature torsion
5 0 71.9289540358453 113.064248773038 4.5035908730686 0.0676779295124116 -0.998245639559152
5.1 0.0709592344964416 71.9070212715973 113.069393580542 4.57087904267149 0.0674875800513105 -1.02012374579253
5.2 0.141905298244175 71.8853267288339 113.074309846958 4.63824758948755 0.0676852419620989 -1.01741718164591
5.3 0.212839167961034 71.8638544007301 113.07897938866 4.70569199903426 0.0681739222394034 -0.996152352640382
5.4 0.283761853907516 71.8425881431369 113.083384292395 4.77320770456216 0.0688379340595996 -0.963445218609473
5.5 0.354674449723364 71.8215115280451 113.087507458675 4.84079003983878 0.0695491682414088 -0.926417974911158
5.6 0.425578168525292 71.8006076970494 113.091333145171 4.90843419193251 0.0701733017133839 -0.891544558043391
5.7 0.496474364053797 71.7798592148133 113.094847510109 4.97613515399655 0.0705751858773485 -0.864503330099461
5.8 0.567364536058082 71.7592479225328 113.098039155662 5.0438876780528 0.0706232613818949 -0.850463171301084
5.9 0.638250319668642 71.7387547914008 113.100899671342 5.11168622777575 0.0701933208506902 -0.854708294897632
6 0.709133459227781 71.7183597760715 113.103424177397 5.17952493127643 0.0691722905910737 -0.883585090788148
6.1 0.780015767159502 71.6980416726182 113.105611855769 5.24739753482993 0.0675149425719361 -0.939364371136267
6.2 0.850899052988594 71.6777780933311 113.107466157748 5.31529738113737 0.0654009415918503 -1.01455215672692
6.3 0.921785009423301 71.6575457381062 113.108994190926 5.38321744986762 0.0630713510408843 -1.1005957029999
6.4 0.992675104497286 71.6373207826747 113.110205782856 5.45115042273345 0.0607685611345219 -1.18496191014055
6.49999999999999 1.06357050083278 71.6170792713253 113.111112532263 5.51908874951126 0.0587247718376483 -1.25015679300795
6.59999999999999 1.13447199965887 71.5967975096267 113.111726860266 5.58702471406093 0.0571457833516246 -1.27504548784166
6.69999999999999 1.20538000550563 71.5764524571506 113.11206106159 5.65495050034554 0.0561923568460606 -1.23939189809615
6.79999999999999 1.27629450714265 71.5560221201939 113.112126355791 5.72285825845115 0.0559653825433015 -1.13047192946175
6.89999999999999 1.34721507050787 71.5354859445016 113.111931938468 5.79074017060661 0.0565032277823752 -0.948077604694329
6.99999999999999 1.41814084007653 71.5148252079893 113.111484032481 5.85858851720328 0.0577966273739944 -0.704480258344607
7.09999999999999 1.4890705474962 71.4940234059203 113.1107849538 5.92639574185022 0.0597862392138168 -0.459479658917652
7.19999999999999 1.56000255449371 71.4730664398958 113.109832557759 5.99415449134815 0.0623112510573353 -0.26745531833608
7.29999999999999 1.63093496928841 71.4519423088338 113.108620650941 6.06185759199613 0.0652341457266369 -0.130874046192526
7.39999999999999 1.70186578426272 71.4306406037612 113.107139783475 6.12949800081708 0.0684548943344804 -0.0456157670691333
7.49999999999999 1.7727930069579 71.4091519950601 113.105378055955 6.19706875581872 0.0718918704895603 -0.00492522285629893
7.59999999999999 1.84371478435339 71.3874677197146 113.10332192637 6.26456292625442 0.075469786294682 -0.0016138090388288
7.69999999999999 1.91462952031529 71.3655790685568 113.100957017022 6.33197356288407 0.0791140766130484 -0.0292019603248865
7.79999999999999 1.98553598528974 71.343476873514 113.098268921452 6.39929364823507 0.0827503290053557 -0.0824574640922012
7.89999999999999 2.05643341695176 71.3211509948544 113.095244011364 6.46651604686309 0.0863074133171406 -0.157573953255117
7.99999999999999 2.12732161060404 71.2985898084342 113.091870243546 6.53363345561308 0.0897233655395884 -0.252116502957396
8.09999999999999 2.19820099721712 71.2757797053957 113.088137955177 6.60063835595287 0.0929595542488143 -0.334236152687102
8.19999999999999 2.26907267383382 71.2527049156117 113.084040356913 6.6675230201993 0.0960141635915028 -0.377459637314706
8.29999999999999 2.33993833234856 71.229348152948 113.079573258861 6.73427965454818 0.0988798358546238 -0.387190369547567
8.39999999999999 2.41080014662973 71.2056915842721 113.074734494326 6.80090059599665 0.101528149696729 -0.367687502165736
8.49999999999999 2.48166065220574 71.1817178109131 113.069523331957 6.86737851133833 0.103908185266188 -0.322251842867471
8.59999999999999 2.55252261680341 71.1574108501224 113.063939887871 6.93370659615848 0.105949545026773 -0.253170602905535
8.69999999999999 2.62338889843296 71.1327571165345 113.057984537799 6.99987877382921 0.107568900288775 -0.161520174516017
8.79999999999999 2.6942622882312 71.1077464036264 113.051657329211 7.06588989450454 0.108679555203966 -0.0469005471865464
8.89999999999999 2.76514533645074 71.0823728651788 113.04495739346 7.13173593411568 0.109204084648863 0.0928495325210683
8.99999999999999 2.83604016181504 71.0566359967363 113.037882357909 7.19741419336607 0.10909085450978 0.261897480007468
9.09999999999999 2.90694824850181 71.0305416076384 113.03042776549 7.26292349550748 0.108340501848307 0.447904771257447
9.19999999999999 2.97787027591214 71.0041025479 113.022586687096 7.32826435241768 0.10703374350857 0.638442284779922
9.29999999999998 3.04880605441626 70.9773388127818 113.014349823511 7.39343905021351 0.105311860897021 0.83796061519487
9.39999999999998 3.11975451546648 70.9502774022103 113.005705800176 7.45845170316563 0.103373424511863 1.04851227400254
9.49999999999998 3.19071372451215 70.9229521707682 112.996641469386 7.52330830639413 0.101478573466697 1.26811206183454
9.59999999999998 3.26168092128583 70.8954036776847 112.987142212467 7.5880167885641 0.0999509312791176 1.48857062036565
9.69999999999998 3.33265259287703 70.8676790368263 112.977192241976 7.6525870645813 0.099171230312566 1.69375268161411
9.79999999999998 3.40362458438572 70.8398317666873 112.966774903878 7.71703108828772 0.0995554325117824 1.86036930644127
9.89999999999998 3.47459225140419 70.8119216403801 112.955872979744 7.78136290515721 0.101513175780065 1.96359607910959
9.99999999999998 3.54555065811185 70.7840145356261 112.944468988931 7.84559870499106 0.105392497394389 1.98690963860377
10.1 3.61649482518727 70.7561822667821 112.932545493721 7.90975686826733 0.111401802367922 1.9044283660191
10.2 3.68742004921334 70.7285019498112 112.920085480931 7.97385784748613 0.119430038142667 1.72538166740123
10.3 3.75832231083915 70.7010541816497 112.907072937704 8.03792362965865 0.129052786856298 1.50157161459675
10.4 3.82919870030146 70.6739207525168 112.893493503783 8.10197703379216 0.139659361436898 1.27376786918996
10.5 3.90004779596991 70.6471823402619 112.879335126725 8.16604100202872 0.15055948261643 1.06489448281498
10.6 3.97086995084481 70.6209162047114 112.864588717119 8.23013789078389 0.161049527246302 0.883585736734374
10.7 4.04166744436402 70.5951938820148 112.849248803801 8.29428876188544 0.170443721473515 0.730143604629923
10.8 4.11244446163471 70.5700788789922 112.833314189071 8.35851267371204 0.178084953661825 0.60101468552601
10.9 4.18320687028232 70.5456243674805 112.816788603908 8.42282597233198 0.183346687304893 0.491246202954665
11 4.25396177659108 70.5218708786803 112.79968136319 8.48724158264189 0.185632160876782 0.395473557849076
11.1 4.32471685884783 70.4988440364266 112.782007998727 8.55176830880651 0.184554253802297 0.313471721119276
11.2 4.39547954474527 70.4765533024777 112.763790315661 8.61641037652683 0.180479813205282 0.240898308453492
11.3 4.46625625918426 70.4549932907747 112.745054985092 8.68116758918008 0.173984256982002 0.167963335446478
11.4 4.53705188646487 70.4341460937196 112.725831560059 8.74603572578805 0.165661557984545 0.0859252854139808
11.5 4.60786946427672 70.4139836473773 112.706150469345 8.81100694828655 0.156120118656223 -0.0140508626250517
11.6 4.67871010820605 70.3944700966771 112.686041011286 8.87607020879476 0.145985006060036 -0.141110929276178
11.7 4.74957315235415 70.3755641606151 112.665529347573 8.94121165688471 0.13590729842336 -0.303488602218444
11.8 4.82045648295789 70.3572214974556 112.644636497058 9.00641504685065 0.126580631146154 -0.504661290930841
11.9 4.89135703833355 70.339397069933 112.623376329561 9.0716621449785 0.118761205020825 -0.73561964359803
12 4.9622714498937 70.3220475104541 112.601753559677 9.13693313681525 0.113278396611928 -0.964659324984187
12.1 5.03319679516061 70.3051334715888 112.579761773217 9.20220703066858 0.110879890147473 -1.11983190652519
12.2 5.10413119459434 70.2886215940862 112.557382302295 9.26746196309218 0.111739374316956 -1.14750511635937
12.3 5.17507379322184 70.2724855039903 112.534585254652 9.33267525556535 0.115728759967659 -1.05266739642437
12.4 5.24602447069438 70.2567064272811 112.511331391615 9.39782337315831 0.12253197846995 -0.872581169582754
12.5 5.31698352476681 70.2412737898041 112.487574038704 9.46288187942768 0.131708214538958 -0.653402092404168
12.6 5.38795133921564 70.2261858172004 112.463260996227 9.527825391312 0.142780027356414 -0.430635704249437
12.7 5.45892803289343 70.2114501348366 112.438336449888 9.59262753402722 0.155302012128139 -0.223628797021539
12.8 5.52991308405328 70.1970843677349 112.412742881385 9.65726089596222 0.168898293153833 -0.0391618872598325
12.9 5.60090492342976 70.1831167405028 112.386422979014 9.72169698357429 0.183277869152519 0.12306014226503
13 5.6719004908133 70.1695866772633 112.359321548271 9.78590617628465 0.198239949706874 0.266310389686304
13.1 5.7428947682084 70.1565453676016 112.331387405124 9.84985768378707 0.213661319294966 0.367835316608324
13.2 5.81388067145206 70.1440554489602 112.302574818772 9.91351956609793 0.22940470488046 0.414506811211023
13.3 5.88484990028994 70.1321884461684 112.272843810772 9.97685891287307 0.245266858711245 0.421370797367471
13.4 5.95579410787843 70.1210213274199 112.242160003653 10.0398420854659 0.2609611756873 0.399661394215182
13.5 6.02670596913918 70.110633026267 112.210494452196 10.1024349613989 0.276115595433311 0.357435058753159
13.6 6.09758008462982 70.1011009636151 112.177823474723 10.1646031788348 0.290282958977739 0.300047949692656
13.7 6.16841366705184 70.0924975697177 112.144128484378 10.226312381048 0.302957915882627 0.230530265376051
13.8 6.23920695840174 70.0848868061703 112.109395820408 10.2875284608961 0.313597621565929 0.149846474347057
13.9 6.3099633327818 70.0783206879051 112.073616579454 10.3482178052909 0.321645566743965 0.0569917808662308
14 6.38068905345168 70.0728358051857 112.036786446827 10.40834753967 0.32655932702904 -0.0511487014789112
14.1 6.45139267366116 70.0684498950802 111.998905531793 10.4678857793106 0.327956241914417 -0.15868692947447
14.2 6.52208413138254 70.0651596993886 111.959978306761 10.5268020585409 0.325969945104752 -0.250447852453118
14.3 6.59277375839959 70.0629420881827 111.920013810231 10.5850682115415 0.320890111857263 -0.330805271726953
14.4 6.66347141494391 70.0617564697997 111.879025953662 10.6426594310439 0.313023639720149 -0.402552778457278
14.5 6.7341858108333 70.0615472503146 111.837033832323 10.6995553338723 0.302673791926921 -0.467412552246989
14.6 6.80492403233385 70.0622462930131 111.794062036153 10.7557410264845 0.290122359952772 -0.526356278780265
14.7 6.87569127788816 70.0637753778638 111.750140960618 10.8112081705134 0.275614077112604 -0.579820817076688
14.8 6.94649079357812 70.0660486609914 111.705307117568 10.8659560483085 0.259343081713619 -0.627869638470457
14.9 7.01732399079434 70.0689751341483 111.659603446092 10.9199926284771 0.241441520813189 -0.670333069637318
15 7.08819072411252 70.0724610841882 111.613079623377 10.9733356314256 0.221970562350109 -0.706951055786461
15.1 7.15908969746459 70.0764125416961 111.565792356199 11.0260135657887 0.201023635676564 -0.756288131255696
15.2 7.23001875849905 70.0807374477298 111.517805168819 11.0780660079446 0.179093730174787 -0.841978800450108
15.3 7.3009747831618 70.0853471049966 111.469186912554 11.129541960132 0.156815798241744 -0.974537560923556
15.4 7.37195359494836 70.0901573471393 111.420009771757 11.1804974516527 0.134866442646731 -1.16910551277918
15.5 7.44295011395592 70.0950896971822 111.370347250424 11.2309931109628 0.113966861839432 -1.44406911141851
15.6 7.51395867534016 70.1000725259753 111.320272158814 11.2810917377631 0.0948832235786586 -1.8121428271419
15.7 7.58497344395309 70.1050422106399 111.269854600051 11.3308558750902 0.0784012127158935 -2.25137621902255
15.8 7.65598885430278 70.1099442930134 111.219159956744 11.3803453814068 0.0652174546540514 -2.64553089497485
15.9 7.72700001269711 70.1147346380939 111.168246877591 11.429615002693 0.0556698906409796 -2.74366061935095
16 7.79800301149309 70.1193805924862 111.117165263996 11.4787119445365 0.0493744351500863 -2.28202027314076
16.1 7.86899512211401 70.1238621244641 111.065954282988 11.5276734709195 0.0451509444726155 -1.34473490738428
16.2 7.93997481493324 70.1281724861115 111.014641064171 11.5765251970892 0.0416325323942191 -0.190454522755957
16.3 8.01094155218095 70.1323176622738 110.963241133061 11.6252811443378 0.0381916215709117 1.16740826323714
16.4 8.08189546787928 70.1363153415864 110.911759528459 11.6739444888656 0.035209157735204 2.73397533730472
16.5 8.1528370346969 70.140193869122 110.860191946123 11.7225083373408 0.0341402616641703 4.08523737196837
16.6 8.22376676438323 70.143991199037 110.80852588245 11.7709565024593 0.0369747358723821 4.28078975585893
16.7 8.29468497224272 70.1477538472193 110.756741778148 11.8192642785036 0.0446925154397513 3.35178373283931
16.8 8.36559162299499 70.1515358439343 110.704814161921 11.8673992169031 0.0566932962696907 2.27830786578617
16.9 8.43648626369175 70.1553976864729 110.652712794139 11.9153219017927 0.0718653283917887 1.50444952437336
17 8.50736803916029 70.1594052917978 110.600403810522 11.9629867255733 0.0892932790197946 1.01219157224803
17.1 8.57823578046377 70.1636289472463 110.547850866992 12.010342671541 0.108285097804448 0.706221159854187
17.2 8.64908823773561 70.1681422106843 110.495016315272 12.0573342803567 0.128202284066032 0.516256980083761
17.3 8.71992456730589 70.1730206823425 110.441862456476 12.10390308318 0.148465623953585 0.397418286605649
17.4 8.79074487061273 70.1783407261037 110.388352825447 12.1499892186435 0.168539206320129 0.323312141750594
17.5 8.8615506402686 70.1841781888458 110.334453476263 12.1955330568963 0.187908987694716 0.278591819543107
17.6 8.93234505908982 70.1906071197851 110.28013426775 12.2404768236479 0.206073000781608 0.254343804622464
17.7 9.00313310351836 70.1976984898191 110.225370148998 12.2847662242127 0.222538531880211 0.245503575081258
17.8 9.07392140784003 70.2055189108698 110.170142444868 12.3283520675538 0.236823972780074 0.249465116183775
17.9 9.14471785384848 70.2141293552268 110.114440141502 12.3711918903268 0.248464173761421 0.265385696944932
18 9.21553086216674 70.2235838748902 110.058261171844 12.4132515809244 0.257018656406532 0.293936286402746
18.1 9.28636838198841 70.2339283447243 110.001613680938 12.4545069797512 0.262235468750971 0.333528603369415
18.2 9.35723675465797 70.2451998246881 109.944516765939 12.4949448615194 0.264512778225041 0.381242491595754
18.3 9.42813987904703 70.257427493568 109.886999882665 12.5345623488234 0.264428072401639 0.436871449086987
18.4 9.49907868544146 70.2706342017868 109.82910172684 12.5733657077349 0.262581043025775 0.499840803896764
18.5 9.57005084869968 70.284838048024 109.770869095146 12.611369119629 0.259590259241234 0.568785486021471
18.6 9.64105075605086 70.3000539558352 109.712355746262 12.6485934530099 0.256087893657339 0.641087939301207
18.7 9.71206973671497 70.3162952502724 109.65362126191 12.6850650353378 0.25271100187958 0.712460302817463
18.8 9.78309655054332 70.3335752345039 109.594729907903 12.7208144248543 0.250087476779723 0.77676803917427
18.9 9.85411812612073 70.351908766434 109.535749495187 12.7558751824093 0.248815336625685 0.826377201421711
19 9.92512053502799 70.371313835323 109.476750240886 12.7902826432865 0.249436020110248 0.853248467113414
19.1 9.99609018646452 70.3918130968296 109.41780362525 12.8240727040691 0.252230883226494 0.848168187572227
19.2 10.0670151685428 70.4134343270333 109.358981142015 12.8572810005239 0.256669023211335 0.814291478990855
19.3 10.1378864783785 70.4362081323314 109.300352778227 12.8899430780698 0.261932291807578 0.763339338489589
19.4 10.2086989538791 70.4601645783158 109.241985387472 12.9220949532668 0.267126282228979 0.705858988964831
19.5 10.2794518596671 70.4853297770721 109.183941059012 12.9537736903422 0.27131711642202 0.650138765990909
19.6 10.3501490885648 70.5117224744796 109.126275486928 12.985017977718 0.273560892034643 0.602320549856768
19.7 10.4207989488942 70.5393506375101 109.069036339251 13.015868704538 0.272926002614157 0.567247580317625
19.8 10.4914135259954 70.5682080415277 109.012261627101 13.0463695371946 0.268510557340413 0.549771971583718
19.9 10.5620076333033 70.5982708575879 108.955978073821 13.0765674958565 0.259457276012116 0.556673296739394
20 10.6325974036844 70.6294942397372 108.900199484119 13.1065135309947 0.244968349570321 0.600092963330564
20.1 10.703198612965 70.661808989817 108.844925143832 13.1362630685547 0.22467143668865 0.687120059602381
20.2 10.773824877958 70.695120237396 108.790139016124 13.1658757398687 0.199653909368773 0.820504048642659
20.3 10.844486142379 70.7293112350245 108.735810959381 13.1954130420692 0.171374850705048 1.02370792495211
20.4 10.9151879334192 70.7642491686181 108.681898741537 13.224935183244 0.141306713013642 1.34409689112737
20.5 10.9859313968263 70.7997910453442 108.628350085025 13.2544978962353 0.11095759366271 1.88346453338464
20.6 11.0567139321518 70.8357895815105 108.57510471174 13.2841492524387 0.081962503052366 2.88214410005871
20.7 11.1275302145024 70.8720990904519 108.522096387987 13.3139264756023 0.0563846732979938 4.93398801989277
20.8 11.1983733828492 70.9085813704182 108.469254969442 13.3438527556262 0.0376427080085321 8.87336943596443
20.9 11.269236192993 70.945111592462 108.416508446106 13.3739340623613 0.0311083452988284 10.8723983152878
21 11.340111974632 70.9815841883257 108.363784987259 13.4041559594082 0.036135274537441 7.75045229311126
21.1 11.410995289753 71.0179186622288 108.311014977239 13.4344804777259 0.0450619896568093 5.78667055624637
21.2 11.4818821269146 71.054063424038 108.25813281258 13.4648445442756 0.0557372766665945 4.82095277964721
21.3 11.5527695196903 71.0899945997939 108.20507809337 13.4951623580634 0.0689902154221134 4.05364447209809
21.4 11.6236550621707 71.1257128636213 108.151796575975 13.5253293212193 0.0856021290850694 3.31225886762855
21.5 11.6945365942564 71.1612401935392 108.098241116583 13.5552260298845 0.105615862760057 2.64951778614142
21.6 11.7654120868188 71.1966166272699 108.044372614742 13.5847222650998 0.128471809433439 2.11229201631209
21.7 11.8362796901455 71.2318970180488 107.990160956907 13.6136809836929 0.153296002614885 1.70173992942176
21.8 11.9071378626712 71.2671477904337 107.935585959982 13.6419623091661 0.179091173092141 1.3967879824871
21.9 11.9779854639745 71.3024436961146 107.880638314859 13.6694275225844 0.204827968263777 1.17339432998621
22 12.0488216763957 71.3378645697235 107.825320529969 13.6959430534631 0.22948452052415 1.01183588966513
22.1 12.119645629492 71.3734920974428 107.769647846089 13.7213844345266 0.252243126955596 0.892772572663447
22.2 12.1904560183938 71.4094069184036 107.713648404284 13.7456393171138 0.273003509937901 0.795588126812988
22.3000000000001 12.2612514408612 71.445686570854 107.657361517908 13.7686081020714 0.291799618992278 0.709125347430541
22.4000000000001 12.3320309898213 71.4824037711158 107.600835197724 13.7902036312937 0.308605109050036 0.627015418602557
22.5000000000001 12.4027947370875 71.5196247053413 107.544123648303 13.8103508431331 0.323331724548755 0.545252464253417
22.6000000000001 12.4735440819871 71.5574073212697 107.487284764421 13.8289864278116 0.335834949951007 0.460939894749427
22.7000000000001 12.5442819495094 71.5957996199838 107.430377627448 13.8460584828311 0.345924990707748 0.371551576097963
22.8000000000001 12.6150128228225 71.6348379476662 107.373460001751 13.8615261683844 0.353382348478755 0.274415940758273
22.9000000000001 12.6857426000102 71.6745452873562 107.316585831085 13.8753593627663 0.357978047118318 0.166271620401988
23.0000000000001 12.7564782746984 71.7149295507061 107.259802734991 13.887538317784 0.359499413755589 0.0427977553277032
23.1000000000001 12.8272274514631 71.7559819150433 107.203149542581 13.8980533158788 0.357855566733601 -0.0754346655540905
23.2000000000001 12.8979976587908 71.7976763383793 107.146654798413 13.9069043717119 0.353321947743326 -0.167322243415698
23.3000000000001 12.9687954843484 71.8399720645897 107.090337736006 13.9141010466261 0.346298879498379 -0.235383946157685
23.4000000000001 13.0396258454134 71.8828173065417 107.034210223435 13.919662307572 0.337191322509834 -0.279759886328741
23.5000000000001 13.1104915282287 71.9261529745264 106.97827874633 13.9236163877443 0.326371355762598 -0.298565260916824
23.6000000000001 13.1813929947798 71.9699164046916 106.922546390862 13.9260006472192 0.314152025069347 -0.288011585318844
23.7000000000001 13.2523284317024 72.0140450874746 106.867014826738 13.9268614335905 0.30077366058654 -0.242272281175583
23.8000000000001 13.3232940053876 72.0584803960342 106.811686290191 13.9262539426067 0.286406174731117 -0.153003645890359
23.9000000000001 13.3942842859461 72.1031713146843 106.756565566974 13.9242420788074 0.271173684007544 -0.00839018257169142
24.0000000000001 13.4652928103385 72.1480781673256 106.701661975346 13.9208983161601 0.255212144497867 0.20833007012106
24.1000000000001 13.5363127610209 72.1931762938631 106.646991320647 13.9163035482128 0.238763282749597 0.477923601585014
24.2000000000001 13.6073375083169 72.2384583742059 106.592577110816 13.9105466656564 0.222239417547194 0.770708835269383
24.3000000000001 13.6783606200532 72.2839333192127 106.538449895893 13.9037234419272 0.206254349584743 1.08855678201011
24.4000000000001 13.7493757719122 72.32962380922 106.484645868475 13.8959351462209 0.191600506922389 1.42291379493359
24.5000000000001 13.8203768192579 72.3755637805552 106.431205435744 13.8872871460204 0.179185465292041 1.74722557288474
24.6000000000001 13.8913580179535 72.4217959120491 106.378171791504 13.8778875096251 0.169903590070038 2.01377428749462
24.7000000000001 13.9623143517534 72.4683691115489 106.325589488206 13.8678456086796 0.164426240718991 2.16599570922923
24.8000000000001 14.0332419092492 72.5153360024306 106.273503008987 13.8572707207021 0.16296291558083 2.16879698657419
24.9000000000001 14.1041382436065 72.562750410112 106.221955339693 13.8462706316139 0.16512369800948 2.03366360007181
25.0000000000001 14.1750026434576 72.6106648485654 106.17098654092 13.8349502382673 0.169983171104647 1.81081003746726
25.1000000000001 14.2458362448827 72.6591280284411 106.12063233575 13.8234101642229 0.176393822512618 1.57339319028628
25.2000000000001 14.316641963946 72.7081829270649 106.07092310609 13.8117457199745 0.183555979509341 1.3633670115278
25.3000000000001 14.3874243303046 72.7578662847334 106.02188392616 13.8000467375418 0.190920129577442 1.18599115278089
25.4000000000001 14.458189238116 72.8082086628844 105.973535004585 13.7883977495123 0.198089945594971 1.03999258369424
25.5000000000001 14.5289436109785 72.859234523876 105.92589214218 13.7768781813299 0.204791650478083 0.921428773394088
25.6000000000001 14.5996949979224 72.9109623107684 105.878967189754 13.7655625435845 0.2108457132084 0.825754689217717
25.7000000000001 14.6704511172697 72.9634045271029 105.832768505903 13.7545206243016 0.216144357190042 0.748732421514383
25.8000000000001 14.7412193638384 73.0165678166832 105.787301414804 13.7438176812306 0.220634884656664 0.686734117378687
25.9000000000001 14.8120062936091 73.0704530433555 105.742568664013 13.733514634135 0.224307719617619 0.636769107488043
26.0000000000001 14.8828170985864 73.1250553707885 105.698570882258 13.7236682570814 0.227187976270096 0.596404204633607
26.1000000000001 14.9536550905884 73.1803643444812 105.655307027885 13.7143313708373 0.229311200535304 0.566561844160686
26.2000000000001 15.0245213873421 73.2363640316776 105.612774594097 13.7055530381041 0.23066320189203 0.549103355303079
26.3000000000001 15.095415088577 73.293033308275 105.570969196846 13.6973787659434 0.231229582290234 0.543590220265225
26.4000000000001 15.1663336305723 73.3503462036403 105.52988391952 13.6898507110375 0.231010312269971 0.549916440624063
26.5000000000001 15.2372731355726 73.4082722476526 105.489508648284 13.6830078850594 0.230018051567737 0.568324189350777
26.6000000000001 15.3082287551284 73.4667768177465 105.449829407412 13.6768863600423 0.228278426417286 0.599411693963357
26.7000000000001 15.3791950141002 73.5258214859547 105.410827694627 13.6715194737494 0.225832298387311 0.644130749485938
26.8000000000001 15.4501661624685 73.5853643659514 105.372479816435 13.6669380350436 0.222740199735669 0.703759898786773
26.9000000000001 15.5211365427623 73.6453604600947 105.334756223463 13.6631705292567 0.219089235580467 0.779823099545148
27.0000000000001 15.5921009818314 73.7057620064702 105.297620845794 13.66024332356 0.215002825733474 0.873898974874198
27.1000000000001 15.6630552107922 73.7665188286247 105.261030444995 13.6581808642233 0.210660800508027 0.973007077294312
27.2000000000001 15.7339961735341 73.827578755275 105.224934400138 13.6570056630237 0.206300152988986 1.06123386361148
27.3000000000001 15.8049219960813 73.8888882176415 105.189275595474 13.6567377484127 0.202129991690089 1.13525858855835
27.4000000000001 15.8758318604467 73.9503929167569 105.153991742106 13.6573939058324 0.198298335612825 1.19187580242965
27.5000000000001 15.9467259167313 74.0120384934655 105.119016716349 13.6589869099216 0.194875884289883 1.22877418542747
27.6000000000001 16.0176052164406 74.0737711984229 105.084281898089 13.6615247567215 0.191844892368442 1.24523166432904
27.7000000000001 16.0884716428567 74.1355385620951 105.049717509146 13.6650098958823 0.189095429043118 1.24251227929825
27.8000000000001 16.1593278146642 74.1972900647584 105.015253951632 13.6694384628691 0.186429945900154 1.22384843867215
27.9000000000001 16.2301769408033 74.2589778064988 104.980823146315 13.6747995111676 0.183575270869843 1.19407114600099
28.0000000000001 16.3010226077332 74.3205571772114 104.946359870976 13.6810742444908 0.180199671950757 1.15911018440838
28.1000000000001 16.371868486977 74.381987521294 104.911803087055 13.6882352581613 0.175979598124005 1.13516079323057
28.2000000000001 16.4427180104852 74.4432326643868 104.877096961684 13.6962460190864 0.170784581261068 1.1356842489387
28.3000000000001 16.5135741307956 74.504261089921 104.842191116461 13.7050609513909 0.164584185947948 1.1639289686475
28.4000000000001 16.5844391360007 74.5650459777132 104.807040571618 13.7146257606421 0.157406604649304 1.22476828742263
28.5000000000001 16.6553144918563 74.6255652372548 104.771605678466 13.7248777672512 0.149343341044603 1.32534903163016
28.6000000000001 16.7262007232591 74.6858015409998 104.735852051846 13.7357462398751 0.140561698572887 1.47563203150702
28.7000000000001 16.7970973476558 74.7457423576543 104.699750502577 13.7471527288182 0.131328261807506 1.68828245719423
28.8000000000001 16.8680028714563 74.8053799854648 104.663276969902 13.7590113994336 0.122047076479507 1.97631205084263
28.9000000000001 16.938914859133 74.8647115855071 104.626412453938 13.771229365525 0.113313450440789 2.34478106042566
29.0000000000001 17.0098300834082 74.923739214975 104.589142948124 13.7837070227485 0.105970438034156 2.77103747064941
29.1000000000001 17.0807447638068 74.9824698554683 104.551459373771 13.7963384117173 0.101131857587855 3.12454191780123
29.2000000000001 17.1516549013592 75.0409153112624 104.51335756926 13.8090123533969 0.0998637419421354 3.21994240881027
29.3000000000002 17.222556711501 75.0990917775315 104.474838417958 13.8216155449284 0.102419333271466 3.0128109056489
29.4000000000002 17.2934471110621 75.1570192785531 104.435908030784 13.8340364277419 0.108043441640556 2.61097609016285
29.5000000000002 17.3643241767696 75.2147211009126 104.39657793088 13.8461690853729 0.115319420770672 2.16654865995381
29.6000000000002 17.4351874905698 75.2722232267065 104.35686523827 13.8579171412789 0.122645521540795 1.77541417891192
29.7000000000002 17.5060382971063 75.3295537667469 104.316792854533 13.8691976566567 0.128517308477031 1.47082015449377
29.8000000000002 17.5768794165048 75.3867423937656 104.276389647469 13.8799450282583 0.131608420318465 1.25507911330049
29.9000000000002 17.6477148813754 75.4438197756176 104.235690635766 13.890114886208 0.13075936014292 1.12524536714477
30.0000000000002 17.7185493007193 75.5008170084858 104.194737173664 13.8996879918193 0.124948864075449 1.09029258729571
30.1000000000002 17.7893869965664 75.5577650520209 104.153577117921 13.9086740533422 0.113615252000008 1.20263545037391
30.2000000000002 17.8602310636371 75.6146942148271 104.11226453442 13.917113407923 0.0977052954493074 1.55051147167077
30.3000000000002 17.9310826966094 75.6716337677462 104.070858236192 13.925073287023 0.0788090711780458 2.34340638274877
30.4000000000002 18.0019409902814 75.7286116074879 104.029419861094 13.9326419480492 0.0592216793994921 4.13865351130542
30.5000000000002 18.0728031944172 75.7856539221954 103.988011931774 13.9399227239153 0.0432876377839102 7.71022377911065
30.6000000000002 18.1436653343954 75.8427848570115 103.946695915638 13.947028072604 0.0390884551716835 9.25940700562813
30.7000000000002 18.2145230651691 75.9000261796446 103.90553028482 13.954073626728 0.0494108937423354 5.50532920139054
30.8000000000002 18.2853726012049 75.9573969459345 103.864568576145 13.9611722430921 0.065930201485642 2.80292210290356
30.9000000000002 18.3562115592184 76.0149131654187 103.823857451105 13.9684280522541 0.0822931261733215 1.51538403129793
31.0000000000002 18.4270395634902 76.0725874668984 103.783434755816 13.9759305080874 0.0954351143530336 0.833944376470862
31.1000000000002 18.4978584926999 76.1304287681852 103.743327605995 13.9837485086726 0.103732913193482 0.441839168127483
31.2000000000002 18.5686722450537 76.188442054554 103.703551121967 13.9919263718058 0.107077735132864 0.204710509210952
31.3000000000002 18.6394860304506 76.246628433142 103.664108813763 14.0004845183705 0.105850270317472 0.032582582677284
31.4000000000002 18.7103055255488 76.3049852960526 103.624993616272 14.0094220103257 0.100530265785065 -0.119696779960502
31.5000000000002 18.781136091197 76.3635064876411 103.58618894938 14.0187191600237 0.0916486571498492 -0.286324425514989
31.6000000000002 18.8519821279139 76.4221824718001 103.547669778117 14.0283401395291 0.0797722416472783 -0.512067405100028
31.7000000000002 18.9228466120188 76.4810004992451 103.509403672799 14.0382355899371 0.0655105856002769 -0.889645500803014
31.8000000000002 18.9937308289899 76.5399447747993 103.471351869178 14.0483452306916 0.049569135287096 -1.68486019729049
31.9000000000002 19.0646342986029 76.59899662468 103.433470328581 14.0586004689043 0.0329996336341581 -3.93877692667071
32.0000000000002 19.1355548685241 76.6581346637831 103.395710798057 14.0689270086728 0.0188020003367055 -12.2750382402292
32.1000000000002 19.206488940797 76.7173349659831 103.358021869461 14.0792474490678 0.0185587671529169 -12.7494669250511
32.2000000000002 19.2774318209027 76.7765713127957 103.320350010949 14.0894835875117 0.0330649374905383 -4.10323809896465
32.3000000000002 19.3483782005182 76.8358156409625 103.282640528438 14.0995579753012 0.050814029905872 -1.78783234704647
32.4000000000002 19.4193226794775 76.8950385683995 103.244838499479 14.1093951785225 0.0688799898339096 -1.0071561316244
32.5000000000002 19.4902602580513 76.954209923159 103.206889706071 14.1189230276335 0.0864163646212781 -0.665838254355219
32.6000000000002 19.5611867660269 77.0132992723921 103.168741567468 14.1280738670473 0.102940382423447 -0.490884240823707
32.7000000000002 19.6320991984549 77.072276451311 103.130344072996 14.1367858047151 0.118063223209634 -0.392714642194217
32.8000000000002 19.70299593111 77.1311120921507 103.091650714861 14.1450039617092 0.131427165511239 -0.335791178345256
32.9000000000002 19.7738767932283 77.1897781531315 103.052619420961 14.1526817218061 0.142687021211679 -0.304277477096866
33.0000000000002 19.8447429810208 77.2482484474215 103.013213487699 14.1597819810696 0.15150473949423 -0.290891513215005
33.1000000000002 19.9155968048131 77.3064991698119 102.973402503281 14.1662783805835 0.157624942869028 -0.289077496523239
33.2000000000002 19.9864413242695 77.3645093639481 102.933163023724 14.1721561010832 0.161101402491557 -0.293393092206383
33.3000000000002 20.0572800096374 77.4222612386615 102.892478621112 14.1774115454814 0.162065477110884 -0.302767484607711
33.4000000000002 20.1281164331596 77.4797404248561 102.851339684556 14.1820515832935 0.160649362392247 -0.316963215413968
33.5000000000002 20.1989539793708 77.5369362301088 102.809743211648 14.1860927782112 0.156985577525955 -0.336405769338325
33.6000000000002 20.2697955938642 77.5938418932698 102.76769259991 14.1895606156774 0.151206260398205 -0.362233827331387
33.7000000000002 20.3406435878558 77.6504548390631 102.725197438244 14.1924887304607 0.14344243501449 -0.396572210339015
33.8000000000002 20.4114995122067 77.7067769326868 102.682273298383 14.1949181342296 0.133823524276769 -0.443155412574119
33.9000000000002 20.4823641112428 77.762814734413 102.638941526343 14.1968964431273 0.122477568968328 -0.508657238950093
34.0000000000002 20.5532373637552 77.818579754189 102.595229033872 14.1984771053457 0.109533048898028 -0.605656161947311
34.1000000000002 20.6241186126621 77.8740886933191 102.551168078841 14.1997186225649 0.0951924671221402 -0.768104438361434
34.2000000000002 20.6950067058778 77.929363350283 102.506795758044 14.2006836118722 0.0799608092402958 -1.0576504124068
34.3000000000002 20.7659000389959 77.9844296739756 102.462152769967 14.2014374627457 0.0644999352863508 -1.5880432452436
34.4000000000002 20.836796645403 78.039316481082 102.417281889969 14.2020468345186 0.0496785765691973 -2.60547416918136
34.5000000000002 20.9076943881173 78.0940541605356 102.372226434403 14.2025781477076 0.0368783953597325 -4.53880802086465
34.6000000000002 20.978591215426 78.148673377975 102.327028724729 14.2030960753412 0.0285755549931216 -7.07490973349742
34.7000000000002 21.0494854377447 78.2032037802017 102.281728551643 14.2036620342886 0.0275734240962497 -6.82390626690614
34.8000000000002 21.1203759850084 78.2576726996378 102.236361639188 14.2043326765881 0.0326613757801137 -4.08150143959685
34.9000000000002 21.1912626088384 78.312103858783 102.190958108877 14.2051583807755 0.0397447885082564 -2.04189658013164
35.0000000000002 21.2621460017541 78.3665160746728 102.145540943812 14.2061817432128 0.0461634349489917 -0.824324348872422
35.1000000000002 21.3330278148291 78.4209219859404 102.100124483859 14.2074360993485 0.0507885715805515 -0.0856700016491326
35.2000000000002 21.4039105244661 78.4753273676119 102.054713728273 14.2089448232103 0.0536618395976524 0.363155225918748
35.3000000000002 21.4747971091098 78.5297319378358 102.00930568799 14.2107226024094 0.0552408191185102 0.653602612492071
35.4000000000002 21.5456906767836 78.5841307523456 101.963891545382 14.2127774913761 0.0560548770400251 0.820659436433074
35.5000000000002 21.6165941240186 78.6385156215262 101.918458845055 14.2151129945284 0.0565942028811976 0.859847594185009
35.6000000000002 21.6875098374169 78.6928765274821 101.87299368465 14.21773014944 0.0572442046943531 0.756520414509446
35.7000000000002 21.7584394360277 78.7472030411034 101.827482905649 14.2206296100082 0.0582628587411343 0.505080152377579
35.8000000000002 21.8293835472401 78.8014857391339 101.781916284176 14.2238137296223 0.0598187246434091 0.118288663742079
35.9000000000002 21.9003416089211 78.8557176212375 101.736288721795 14.2272886443316 0.0620955140968556 -0.37098394550595
36.0000000000002 21.9713116960422 78.909895527066 101.690602436321 14.2310663560133 0.0654422856714567 -0.906364152866934
36.1000000000002 22.0422903856748 78.9640215330235 101.644869118227 14.2351667800367 0.0703984004465227 -1.30170927671934
36.2000000000002 22.1132727969719 79.018103821172 101.599111193025 14.2396188698137 0.0772464609545944 -1.44642232514288
36.3000000000002 22.1842529943752 79.0721562081857 101.553360814143 14.2444593980632 0.0860142146040447 -1.4081083667355
36.4000000000002 22.2552245489532 79.1261971464463 101.50765796177 14.2497308149623 0.0964721255506149 -1.26963000772379
36.5000000000002 22.3261811254341 79.1802487048355 101.462048507307 14.2554790707934 0.108172799967432 -1.09703613544406
36.6000000000003 22.3971170640716 79.2343355495276 101.416582277819 14.2617514385911 0.120534865643396 -0.928943756718766
36.7000000000003 22.4680279199686 79.2884839247825 101.371311120494 14.2685943367892 0.132911735003968 -0.782217192076968
36.8000000000003 22.5389109156649 79.3427206337384 101.326286967094 14.2760511518677 0.144631707188955 -0.661307703700798
36.9000000000003 22.6097652605038 79.3970720192042 101.281559898408 14.2841600609998 0.15501714626593 -0.565140792524773
37.0000000000003 22.6805922926463 79.4515629444526 101.23717620871 14.2929518546987 0.163392841126627 -0.49094910216314
37.1000000000003 22.7513954059695 79.5062157840488 101.193176489216 14.3024477835525 0.169217183372705 -0.441156330434871
37.2000000000003 22.8221797280406 79.5610496756228 101.149594205796 14.3126580312383 0.172471492411511 -0.414247594684339
37.3000000000003 22.8929515998417 79.6160804340358 101.106455531289 14.3235817773237 0.173286051885014 -0.404718628215953
37.4000000000003 22.9637180133553 79.6713207264895 101.063779672069 14.3352078863479 0.171809322026826 -0.409946253681344
37.5000000000003 23.0344860755361 79.7267802576718 101.021579213614 14.3475156209901 0.168204879171538 -0.429266409802781
37.6000000000003 23.1052625227757 79.7824659549028 100.979860466078 14.3604753552384 0.162649831876479 -0.463645662118143
37.7000000000003 23.1760533039225 79.8383821532804 100.938623809864 14.3740492875583 0.155334434838422 -0.515751794693513
37.8000000000003 23.2468632452462 79.894530780826 100.897864041193 14.3881921540618 0.146463209355588 -0.590400308390776
37.9000000000003 23.3176958063111 79.9509115436304 100.85757071768 14.4028519416756 0.136258431919125 -0.695479779414974
38.0000000000003 23.3885529316115 80.0075221109992 100.8177285039 14.4179706013099 0.124967645820357 -0.843588734491276
38.1000000000003 23.4594349991236 80.0643583002907 100.778317519283 14.4334847681624 0.112900820446093 -1.04692646965387
38.2000000000003 23.5303408656316 80.1214142537298 100.739313746299 14.449326667526 0.100511514634602 -1.31907357390515
38.3000000000003 23.6012680137954 80.1786825948576 100.700689591708 14.4654254914953 0.0883360205205469 -1.68143371260121
38.4000000000003 23.6722127961028 80.2361545769593 100.662414508102 14.4817089611773 0.076991779516553 -2.14839866279209
38.5000000000003 23.7431707534573 80.2938202311817 100.624455617771 14.4981048960369 0.0671875457981331 -2.69811276829098
38.6000000000003 23.8141369817285 80.351668514652 100.586778336569 14.5145427832427 0.059668678803339 -3.22113391685961
38.7000000000003 23.8851065190668 80.4096874585967 100.549346997773 14.530955347013 0.0550118094820571 -3.50882679855895
38.8000000000003 23.9560747276113 80.4678643164593 100.512125475951 14.5472801179609 0.0532799995223453 -3.40029034460325
38.9000000000003 24.0270376453502 80.5261857120196 100.475077810824 14.5634610024404 0.0538309069820757 -2.96638422946794
39.0000000000003 24.0979922873277 80.5846377875115 100.43816883113 14.5794498518921 0.0555458942934116 -2.42411905027008
39.1000000000003 24.1689368773576 80.6432063503537 100.401364773997 14.5952080142105 0.057298533870937 -1.96544535634304
39.2000000000003 24.2398709319697 80.7018769837914 100.364633787517 14.6107074176817 0.0584063294271833 -1.64990010147187
39.3000000000003 24.3107950971078 80.7606350659265 100.327946136841 14.6259304683675 0.058522198826511 -1.45527900910916
39.4000000000003 24.3817108772135 80.8194657526603 100.291274293471 14.640869480059 0.0574879940969023 -1.3617757990145
39.5000000000003 24.4526203462448 80.8783539592467 100.254593020072 14.6555260862527 0.0552667224015562 -1.36180688731345
39.6000000000003 24.5235258578037 80.9372843418459 100.217879455266 14.6699106521262 0.0519084057739723 -1.46409195577633
39.7000000000003 24.5944297661681 80.9962412790791 100.181113198446 14.6840416865141 0.0475424928644792 -1.69992612382579
39.8000000000003 24.6653341676376 81.0552088535813 100.144276394574 14.6979452538834 0.0423989961764891 -2.13540014381122
39.9000000000003 24.7362406693296 81.1141708335556 100.107353818989 14.7116543863102 0.0368759979266702 -2.88503392693414
40.0000000000003 24.8071501904392 81.1731106543272 100.070332962209 14.7252084954544 0.0316912372744262 -4.06867439432199
40.1000000000003 24.8780628018582 81.232011404237 100.03320411292 14.7386527756059 0.0281280730420658 -5.40830080844444
40.2000000000003 24.9489776771679 81.290855923385 99.995960393746 14.7520373745357 0.0278555743308539 -5.7287963437733
40.3000000000003 25.0198932691228 81.3496271888349 99.9585976771537 14.7654159749318 0.0314905052116691 -4.60896040819361
40.4000000000003 25.0908075885367 81.4083088126679 99.9211144541419 14.7788441436423 0.0379876743531418 -3.2193673306747
40.5000000000003 25.161718496883 81.4668855443764 99.8835117011123 14.7923776719868 0.0458829053834476 -2.21678873040477
40.6000000000003 25.2326239901567 81.5253437732582 99.8457927467404 14.8060709160684 0.0540798039924736 -1.58477523290732
40.7000000000003 25.3035224543466 81.5836720308104 99.8079631388477 14.8199751370855 0.0618251630638075 -1.19191265704347
40.8000000000003 25.3744128742566 81.6418614931233 99.7700305112727 14.834136841644 0.0685561943865549 -0.944976621855481
40.9000000000003 25.4452949802601 81.6999064832745 99.7320044507426 14.8485961220687 0.0738073269681987 -0.790787740620025
41.0000000000003 25.5161693219087 81.7578049737224 99.6938963637444 14.8633849967156 0.0771647176745853 -0.70156276239073
41.1000000000003 25.5870372613791 81.8155590783951 99.65571934086 14.8785257748306 0.0783519383259412 -0.666097270272558
41.2000000000003 25.6579008488082 81.8731752768292 99.6174879551402 14.8940300596337 0.0775415121999611 -0.672456916093031
41.3000000000003 25.7287625534902 81.9306639581321 99.5792178930419 14.909899371512 0.0750305079656708 -0.712344901057972
41.4000000000003 25.7996249786398 81.9880386969942 99.5409255194055 14.9261264094385 0.0711281185956995 -0.783712325954511
41.5000000000003 25.8704906245905 82.0453155193965 99.5026274398949 14.9426963369371 0.0661522831068818 -0.888231554920345
41.6000000000003 25.9413617077184 82.1025121683178 99.4643400634379 14.9595880680485 0.0604275299084741 -1.02978863237324
41.7000000000003 26.0122400346694 82.1596473694413 99.426079164666 14.9767755532952 0.0542825089066314 -1.21261560031414
41.8000000000003 26.0831269268679 82.2167400968623 99.387859446355 14.9942290656471 0.0480450986735053 -1.43752423232276
41.9000000000003 26.1540231868666 82.2738088387953 99.3496941018652 15.0119164864871 0.0420311981186101 -1.69421871455533
42.0000000000003 26.2249290958768 82.3308708632808 99.3115943775815 15.0298045915762 0.0365206075110032 -1.94854148202248
42.1000000000003 26.2958444310665 82.3879414889273 99.2735691424168 15.0478603370348 0.0317294325777542 -2.17013744998524
42.2000000000003 26.3667684981107 82.4450334865497 99.235624640968 15.0660521457237 0.0278329946666094 -2.29651807571321
42.3000000000003 26.4377001820182 82.5021568130857 99.1977647128633 15.0843511946422 0.0249061915513021 -2.19214920567159
42.4000000000003 26.5086380011802 82.5593184764082 99.1599911957622 15.1027327027272 0.0228611122986703 -1.74397178742408
42.5000000000003 26.5795801542136 82.6165224051736 99.1223043354185 15.1211772186667 0.0214753948895996 -0.920144605160202
42.6000000000003 26.6505245575837 82.6737693186687 99.0847031957431 15.1396719087141 0.0205464509240652 0.248518557555838
42.7000000000003 26.7214688755204 82.7310565966583 99.0471860688674 15.1582118445023 0.0201403234202254 1.66109091204057
42.8000000000003 26.792410547908 82.7883781492332 99.0097508852063 15.1768012908578 0.0208458587645789 2.93089613718286
42.9000000000003 26.8633468269164 82.8457242866573 98.9723956235211 15.1954549936145 0.0237702411669742 3.34437724584179
43.0000000000003 26.9342748391407 82.9030815892151 98.9351187209829 15.2141994674278 0.0299711966865531 2.78423698901422
43.1000000000003 27.0051916968212 82.9604327824258 98.8979194704072 15.2330742415244 0.039751095071807 1.92762258404286
43.2000000000003 27.0760946826635 83.0177567517785 98.8607980839538 15.2521320117711 0.0523156027688851 1.29445801835822
43.3000000000003 27.1469815052571 83.0750289116384 98.8237549101615 15.2714360164799 0.0666744269972311 0.921935988647212
43.4000000000003 27.2178505951487 83.132221713675 98.7867893174481 15.291056318532 0.0819363243751984 0.720309723589455
43.5000000000003 27.28870140123 83.1893051606558 98.7498985647815 15.3110660454378 0.097285978981891 0.622796512836492
43.6000000000004 27.3595346353093 83.2462473202409 98.7130766723514 15.3315376293967 0.111958069836556 0.592771916194853
43.7000000000004 27.4303524073318 83.3030148387768 98.6763132922409 15.3525390473573 0.125229112441397 0.613075357380913
43.8000000000004 27.501158196124 83.3595734550906 98.6395925790977 15.3741300610764 0.136424753320018 0.678823346572999
43.9000000000004 27.5719566108535 83.4158885142843 98.602892060806 15.3963584571799 0.144942458667872 0.794446853048381
44.0000000000004 27.6427529166958 83.4719254815288 98.5661815091577 15.4192562872216 0.150295298550332 0.973803302820469
44.1000000000004 27.7135523293171 83.5276504585515 98.529421846732 15.4428361723294 0.152395864640898 1.18192507920066
44.2000000000004 27.7843592498335 83.5830307701501 98.4925649951893 15.46708928707 0.152143587600523 1.36687020164885
44.3000000000004 27.8551768257646 83.6380357284662 98.455556113306 15.4919876059519 0.15058433324246 1.51613186838801
44.4000000000004 27.9260068356684 83.6926374672852 98.4183367764243 15.5174878291469 0.148581687333353 1.60951905224854
44.5000000000004 27.9968497925325 83.7468117790296 98.3808481921088 15.5435353727988 0.14670910375549 1.62683718150399
44.6000000000004 28.0677052096965 83.8005389517525 98.3430344158046 15.5700683593308 0.14516114800133 1.55618310033578
44.7000000000004 28.1385719561189 83.8538046061305 98.3048455664942 15.5970216077534 0.143722367156261 1.39774676293407
44.8000000000004 28.2094486200331 83.9066005324575 98.2662410423548 15.6243306239722 0.141814479130688 1.15925051325462
44.9000000000004 28.2803338055602 83.9589255276376 98.2271927364159 15.6519355910961 0.138610033071273 0.844314131397395
45.0000000000004 28.3512263055947 84.0107862321787 98.1876882522165 15.6797853597448 0.133185158077629 0.436666088694563
45.1000000000004 28.4221251226881 84.0621979499923 98.1477340659056 15.7078413846405 0.124835611535804 -0.0251158158484781
45.2000000000004 28.4930292786058 84.1131850211708 98.1073572958667 15.7360802645805 0.113693874176943 -0.520122091702541
45.3000000000004 28.5639374076403 84.1637800600137 98.0666039375946 15.7644927371443 0.100434240343813 -1.13501536254975
45.4000000000004 28.634847433273 84.214022746031 98.0255357060961 15.7930812767815 0.0861694476420868 -1.98933391945048
45.5000000000004 28.7057564735972 84.2639585977529 97.9842268247338 15.8218576391836 0.0726274965721532 -3.20311378744799
45.6000000000004 28.7766609770999 84.3136377465404 97.9427608140705 15.8508404056558 0.0624264669592812 -4.62670351993313
45.7000000000004 28.8475570521289 84.3631137103948 97.9012272807124 15.880052527489 0.0587115644131486 -5.33388722336015
45.8000000000004 28.9184409277933 84.412442167768 97.8597187061536 15.9095188703308 0.0628761008603726 -4.59731255346102
45.9000000000004 28.989309467205 84.4616797313728 97.8183272356197 15.9392637585583 0.0728839446899756 -3.31563574293405
46.0000000000004 29.0601606457342 84.5108827219925 97.7771414669119 15.969308519649 0.0853999866199903 -2.31993447687498
46.1000000000004 29.1309939065525 84.5601059437957 97.736243266966 15.9996690617168 0.0979543046653147 -1.69108190181057
46.2000000000004 29.2018103060681 84.6094014987689 97.6957053090081 16.0303543133021 0.109554637207176 -1.28262436829406
46.3000000000004 29.2726124341794 84.6588177004469 97.6555904389159 16.0613668519643 0.119781245599633 -0.994180237044289
46.4000000000004 29.3434042067435 84.7083980267626 97.615951762177 16.0927043951289 0.128389681879274 -0.770415790210838
46.5000000000004 29.4141905745167 84.7581800743994 97.5768327585619 16.1243613240984 0.135216547526361 -0.579248456673064
46.6000000000004 29.4849771604851 84.8081945131455 97.5382673967974 16.1563302080631 0.140142816681026 -0.399914694335337
46.7000000000004 29.5557698367465 84.8584640402466 97.5002802492396 16.1886033281122 0.143084767509872 -0.216561281510909
46.8000000000004 29.6265742540007 84.9090023347596 97.4628866065471 16.2211742012446 0.144001895785358 -0.0144049830256308
46.9000000000004 29.6973953402009 84.959813011906 97.4260925923546 16.25403910438 0.142920308471622 0.223011262357427
47.0000000000004 29.7682367899683 85.0108885774251 97.3898952779456 16.2871985983693 0.139976344372154 0.515934237000942
47.1000000000004 29.83910057622 85.0622094102133 97.3542828101444 16.3206590296421 0.135529573161465 0.842155610687588
47.2000000000004 29.9099866050954 85.1137434803868 97.3192348828935 16.3544334503845 0.130309199884994 1.16443830196866
47.3000000000004 29.980892706309 85.1654479341925 97.2847240812617 16.388541062683 0.12519862358673 1.46915910624971
47.4000000000004 30.0518148711305 85.2172714143416 97.2507175691379 16.4230060812 0.121099854169788 1.72116708092453
47.5000000000004 30.1227476501626 85.2691564086302 97.2171787901438 16.4578565734846 0.118797418171846 1.87128846040365
47.6000000000004 30.193684678543 85.321041598559 97.1840691685459 16.4931233002839 0.118785629896126 1.87975982450747
47.7000000000004 30.2646192874274 85.3728642079534 97.151349810168 16.5288385558545 0.121131705587144 1.74242272454317
47.8000000000004 30.3355451533891 85.4245623515836 97.1189832033037 16.5650350082732 0.125461767611699 1.49367339991169
47.9000000000004 30.4064569347112 85.4760773837841 97.0869349196286 16.6017445397485 0.131080613984405 1.18285694319106
48.0000000000004 30.4773508453876 85.5273562470746 97.0551753151128 16.6389970869316 0.137147605729434 0.848687993291341
48.1000000000004 30.5482251191515 85.5783537898544 97.0236812042521 16.6768194915759 0.142879399660906 0.555308893526394
48.2000000000004 30.6190802139503 85.6290342800542 96.9924368405915 16.7152346202558 0.147843771560549 0.339422348953389
48.3000000000004 30.6899185800022 85.6793708777539 96.9614331362985 16.7542611670802 0.151859688977443 0.184976224015237
48.4000000000004 30.7607442377739 85.7293443037562 96.9306661880279 16.7939137254655 0.15487177408965 0.0801657360681095
48.5000000000004 30.8315623206148 85.7789414772359 96.900135776106 16.8342028702563 0.156891464443862 0.0173067532727861
48.6000000000004 30.9023786063882 85.8281541533886 96.8698438637149 16.875135239847 0.157961701289341 -0.00801010127006107
48.7000000000004 30.9731990506774 85.8769775610804 96.8397930960764 16.9167136183028 0.158137569545527 0.00231458270010001
48.8000000000004 31.0440293292675 85.9254090404964 96.8099852996365 16.9589370174807 0.15747889811648 0.0483812375487605
48.9000000000004 31.1148743946305 85.9734466807902 96.780419981249 17.0018007591506 0.156053294325 0.132015822791382
49.0000000000004 31.185738050087 86.0210879577328 96.7510928273599 17.0452965571165 0.153949800879905 0.256596812734061
49.1000000000004 31.2566225506569 86.0683283869254 96.72199421991 17.0894126008559 0.15129480600722 0.401766999328553
49.2000000000004 31.3275283484661 86.1151605816605 96.6931081869162 17.1341336786283 0.148235134404202 0.54538357224255
49.3000000000004 31.3984541646895 86.1615743379701 96.664412456468 17.1794414007763 0.14494350437841 0.688203246547355
49.4000000000004 31.4693972100564 86.2075571243221 96.635878945403 17.2253144624961 0.141617162321683 0.829461072813524
49.5000000000004 31.5403534440685 86.2530945868803 96.6074742647011 17.2717289081263 0.138469747926821 0.966578884538279
49.6000000000004 31.6113178688691 86.2981710547652 96.5791602248777 17.3186583954364 0.135721099055774 1.0950480981916
49.7000000000004 31.6822848562548 86.3427700453134 96.5508943413784 17.3660744599154 0.133583986771446 1.2087137648764
49.8000000000004 31.7532485046754 86.3868747693383 96.5226303399721 17.4139467790607 0.132247737767186 1.30066254125294
49.9000000000004 31.8242030216688 86.43046863639 96.4943186621454 17.4622434366665 0.131860257667569 1.36470543789921
50.0000000000004 31.895143126005 86.4735357600153 96.4659069704961 17.5109311871125 0.132511631028935 1.39707197173648
50.1000000000004 31.9660644606835 86.5160614642659 96.4373406631633 17.5599757207115 0.134210003786215 1.38749397751478
50.2000000000004 32.0369639543212 86.5580328226426 96.408563623191 17.6093419565873 0.136815563921568 1.33317268034279
50.3000000000004 32.1078400271205 86.5994392793789 96.3795195642624 17.6589944054385 0.140051933133066 1.24713666891371
50.4000000000004 32.1786927017788 86.6402733031626 96.3501536113683 17.7088975598328 0.143544308122632 1.14333422567555
50.5000000000004 32.2495236498854 86.6805310421031 96.3204138905119 17.7590162855595 0.146855118679843 1.03374040529966
50.6000000000004 32.3203361555929 86.7202129787005 96.2902531184124 17.809316212983 0.149515282111637 0.927079046357285
50.7000000000005 32.3911349798164 86.7593245848132 96.2596301922096 17.8597641283958 0.151047176913673 0.828901944336233
50.8000000000005 32.4619261134821 86.7978769766269 96.2285117791683 17.9103283653713 0.150979401846138 0.74238019618666
50.9000000000005 32.532716415286 86.8358875696223 96.1968739063826 17.9609791961169 0.148855183226553 0.669311597977369
51.0000000000005 32.6035131380118 86.8733807335434 96.1647035504799 18.0116892228274 0.144236484413336 0.611167310300056
51.1000000000005 32.6743233571978 86.9103884186513 96.1320001926236 18.0624337670569 0.136884797926147 0.572755179249788
51.2000000000005 32.7451533314239 86.946950035385 96.0987764712638 18.1131912075922 0.127300111918686 0.550117994279871
51.3000000000005 32.816007912848 86.9831104388284 96.0650565445587 18.1639431875988 0.116175111966958 0.531923502774439
51.4000000000005 32.8868901554236 87.0189171665856 96.0308735505434 18.214674770267 0.104200176734519 0.503419092650084
51.5000000000005 32.9578011364699 87.0544176479404 95.9962670325985 18.2653745924782 0.0920509652815315 0.441499250635716
51.6000000000005 33.028739956881 87.0896564130167 95.9612803649166 18.3160350184706 0.0803822907693695 0.308714134972813
51.7000000000005 33.0997038765833 87.1246723019381 95.925958177971 18.3666522935053 0.0698371100627869 0.0495862588756903
51.8000000000005 33.1706885414255 87.1594956739881 95.8903437839825 18.4172266975321 0.0610914257509559 -0.396170699851225
51.9000000000005 33.2416882645241 87.19414561677 95.8544766023877 18.4677626988553 0.0549611117351152 -1.02729304199209
52.0000000000005 33.3126963390674 87.2286271553668 95.818389585306 18.5182691078 0.0525384775226399 -1.6461167113157
52.1000000000005 33.3837053806976 87.2629285138286 95.782106681736 18.5687592227676 0.0548921831793844 -1.8524468315064
52.2000000000005 33.4547077196281 87.2970197371766 95.7456413086907 18.619250778427 0.0618768870833512 -1.60877967876205
52.3000000000005 33.525695838485 87.3308547670236 95.7089973784088 18.6697653916354 0.072649776697526 -1.21485566871558
52.4000000000005 33.596662827833 87.364374877712 95.6721713325058 18.720327809494 0.0861658487377837 -0.871937453144575
52.5000000000005 33.6676028519807 87.3975121647778 95.6351542148528 18.770965149794 0.10140154175563 -0.630313479513226
52.6000000000005 33.7385116019838 87.4301930334162 95.5979337444558 18.8217061414621 0.117410315258867 -0.476758938826333
52.7000000000005 33.8093866905438 87.4623416869457 95.5604963883346 18.8725803650069 0.133305623403158 -0.387617505410246
52.8000000000005 33.8802279291783 87.4938836152733 95.5228294344024 18.923617492964 0.148237355898638 -0.344602052635519
52.9000000000005 33.9510374220578 87.5247490833589 95.4849230643443 18.9748465303425 0.161378721176825 -0.336787293348859
53.0000000000005 34.0218194134799 87.5548766196808 95.446772426497 19.0262950550706 0.171924152459187 -0.359676783422765
53.1000000000005 34.0925798408596 87.5842164657953 95.4083796796105 19.0779884637359 0.179275922883354 -0.396601102974432
53.2000000000005 34.1633256678943 87.6127330143857 95.36975527956 19.1299493549914 0.183578412401132 -0.431852700676869
53.3000000000005 34.2340642719341 87.6404046796268 95.3309173443181 19.1821972624176 0.185157018422592 -0.466052547309567
53.4000000000005 34.3048029289082 87.6672227560369 95.291890261876 19.2347485250496 0.184332145280716 -0.499136383152433
53.5000000000005 34.375548371956 87.6931902384263 95.2527032690488 19.2876161631996 0.181414793719891 -0.530479370259027
53.6000000000005 34.4463064434238 87.7183206418449 95.2133890302795 19.3408097542783 0.176701165513304 -0.558884772530186
53.7000000000005 34.5170818525606 87.7426368215311 95.1739822164443 19.3943353086174 0.170466544062005 -0.582484574460768
53.8000000000005 34.5878780425906 87.7661697928588 95.1345180836567 19.4481951452916 0.16295876611508 -0.598557679778796
53.9000000000005 34.6586971639283 87.7889575512868 95.0950310520725 19.5023877679404 0.154391702741029 -0.603237752252046
54.0000000000005 34.7295401451931 87.8110438923056 95.0555532846944 19.5569077405901 0.144939374622029 -0.591032106860663
54.1000000000005 34.8004068480372 87.8324772392468 95.0161132826983 19.611745569262 0.134720335116187 -0.578177745515311
54.2000000000005 34.8712962332928 87.853309675455 94.9767349103286 19.6668877340096 0.123787180348031 -0.589366997716329
54.3000000000005 34.9422064274624 87.8735964952333 94.9374375102366 19.7223171028176 0.11220391856704 -0.633131666207194
54.4000000000005 35.0131347731876 87.8933959591516 94.8982364483868 19.7780134959298 0.100064543040671 -0.724640774988256
54.5000000000005 35.0840779226441 87.9127690572161 94.8591436754864 19.8339542559635 0.0875006291746446 -0.891726304625391
54.6000000000005 35.1550319767635 87.9317792720388 94.8201682884132 19.8901148180233 0.0747027287491804 -1.18758009574177
54.7000000000005 35.2259926689943 87.9504923420067 94.7813170916452 19.9464692798159 0.0619731904155048 -1.71753621742909
54.8000000000005 35.296955590786 87.9689760244508 94.7425951586884 20.0029909717635 0.0498568002436815 -2.6855017013023
54.9000000000005 35.3679164547967 87.9872998588158 94.7040063935063 20.0596530271184 0.0394570791277319 -4.36986935782311
55.0000000000005 35.4388713909526 88.0055349298289 94.6655540919481 20.1164289520769 0.0329759309702558 -6.36240328827653
55.1000000000005 35.5098172677555 88.0237536119941 94.6272414940665 20.1732931930291 0.0331424850443018 -6.25470981513196
55.2000000000005 35.5807519777079 88.0420288285182 94.5890720995489 20.2302216293258 0.0396237027271664 -4.19461937070162
55.3000000000005 35.6516745817162 88.0604320776451 94.5510493818196 20.2871918769763 0.0492476941570192 -2.52190576715987
55.4000000000005 35.7225853637842 88.079030973423 94.5131762652559 20.3441835178642 0.0594587982677752 -1.55891445466208
55.5000000000005 35.7934858128848 88.0978867677948 94.4754545932929 20.4011783260979 0.0687712347596603 -1.01831247883603
55.6000000000005 35.8643785022297 88.1170518726907 94.4378845965286 20.4581604943614 0.0762324170611703 -0.701023781256882
55.7000000000005 35.9352668423506 88.1365673821184 94.4004643608283 20.5151168602655 0.08111896209223 -0.505306325504581
55.8000000000005 36.0061546960592 88.1564605942551 94.3631892954297 20.5720371326984 0.082811678685356 -0.380127175761254
55.9000000000005 36.0770458582881 88.1767425335388 94.3260516010478 20.6289141181763 0.0807440265800738 -0.299606816515055
56.0000000000005 36.1479434219366 88.197405472759 94.2890397379794 20.6857439471949 0.0743790914607079 -0.252191967928448
56.1000000000005 36.2188490767156 88.2184205114139 94.2521379097426 20.7425262957088 0.0634303588325448 -0.236572364879645
56.2000000000005 36.2897625327336 88.2397366169528 94.2153259506032 20.7992644799712 0.0485509338934044 -0.260225938531322
56.3000000000005 36.3606813975548 88.2612833795031 94.1785802383559 20.8559652299007 0.0306308376402382 -0.40021259939656
56.4000000000005 36.4316014300172 88.2829752294828 94.1418750109925 20.9126383358074 0.0106087430836607 -2.21304283019933
56.5000000000005 36.5025170470672 88.3047157114793 94.1051836989053 20.9692962902486 0.0110603916474537 -2.13050343356813
56.6000000000005 36.57342202143 88.3264017581273 94.0684802570894 21.0259539298839 0.0328154267905441 -0.420235789536258
56.7000000000005 36.6443102889608 88.3479279639868 94.0317404973458 21.0826280773305 0.0542033765130112 -0.300623065532759
56.8000000000005 36.7151767708534 88.3691908594218 93.9949434204845 21.1393371830192 0.0743009584254199 -0.294801314743358
56.9000000000005 36.7860181116727 88.390093184478 93.9580725485266 21.196100967049 0.0922376573973715 -0.326329197164869
57.0000000000005 36.8568332394441 88.410548162761 93.9211172569077 21.2529400610433 0.107154029236236 -0.386406924531409
57.1000000000005 36.927623665307 88.4304837243644 93.8840740838279 21.3098756483819 0.118419100024268 -0.453668955194888
57.2000000000005 36.998393390146 88.4498454040845 93.8469474454263 21.3669290622429 0.126258019398138 -0.51074922508864
57.3000000000005 37.0691483592639 88.4685958769033 93.8097488426652 21.4241212765432 0.131102919826909 -0.562206595323798
57.4000000000005 37.1398957684217 88.4867131687587 93.7724954740395 21.4814723546882 0.133376457056646 -0.608773529915725
57.5000000000005 37.210643387247 88.5041888163645 93.7352088254326 21.5390008966989 0.133485737131435 -0.648992417993894
57.6000000000005 37.2813989398251 88.5210260270302 93.6979132599727 21.5967234863381 0.131814041731677 -0.679647962954099
57.7000000000006 37.3521695634002 88.5372378384808 93.6606346078891 21.6546541382379 0.128710857072902 -0.69577306022383
57.8000000000006 37.4229613538675 88.5528452786762 93.6233987563682 21.7128037450262 0.124481269792911 -0.690466459959986
57.9000000000006 37.4937789971507 88.5678755256316 93.5862302394098 21.7711795244535 0.119376573319438 -0.654557801820586
58.0000000000006 37.5646254787438 88.5823600672372 93.5491508276832 21.82978446652 0.113589046512725 -0.575998468191448
58.1000000000006 37.6355018623238 88.5963328653054 93.512178129588 21.8886167897707 0.107265348933085 -0.462081435410731
58.2000000000006 37.7064071901755 88.6098286295455 93.4753244836281 21.9476696359748 0.100566375506998 -0.321882931536955
58.3000000000006 37.7773386028938 88.6228813705813 93.4385965902751 22.0069313699312 0.093677831098673 -0.141081523595864
58.4000000000006 37.8482915730133 88.635523062895 93.4019954351451 22.0663861176589 0.0868181174892068 0.0974952158864101
58.5000000000006 37.9192601847319 88.6477823119998 93.3655162233797 22.1260143137547 0.0802647587104304 0.41168787879679
58.6000000000006 37.9902374542573 88.6596830216112 93.3291483140276 22.1857932487517 0.074397110388051 0.811603887837304
58.7000000000006 38.0612156895598 88.6712430608198 93.2928751544256 22.2456976164776 0.0697506602410871 1.27874169552754
58.8000000000006 38.1321868910018 88.6824729312631 93.2566742145798 22.305700061413 0.0670529465333471 1.7336123819476
58.9000000000006 38.2031431979803 88.6933744342974 93.2205169215471 22.3657717260493 0.0671702025727211 2.02894313938243
59.0000000000006 38.2740773913738 88.7039393381699 93.1843685938163 22.4258827982475 0.0709053220830467 2.0347552451981
59.1000000000006 38.344983463372 88.714148084504 93.1481883921731 22.4860030573417 0.0785822301163992 1.75655701479253
59.2000000000006 38.4158571739838 88.7239695169171 93.1119296991463 22.5461023876311 0.0894742078002784 1.37167595438014
59.3000000000006 38.486696407961 88.7333632042852 93.0755415863909 22.6061512090866 0.102486529648906 1.02545911876743
59.4000000000006 38.5575014132649 88.7422827861409 93.0389707106511 22.6661208754458 0.11653607500436 0.762075208130165
59.5000000000006 38.6282749641715 88.7506793573843 93.0021632262084 22.7259840710528 0.130620069800842 0.577030095405191
59.6000000000006 38.6990223989057 88.7585048529931 92.965066697329 22.785715207699 0.143809292057179 0.453597648017485
59.7000000000006 38.7697514733923 88.7657154327341 92.9276320107114 22.8452908214632 0.155227099481464 0.376626547280538
59.8000000000006 38.8404719759242 88.7722748658733 92.8898152879342 22.9046899695517 0.164034725763945 0.33593447604783
59.9000000000006 38.9111950588278 88.7781579158869 92.8515797979033 22.963894627139 0.169425499687956 0.326698830902795
60.0000000000006 38.9819322625426 88.7833537251719 92.8128978692997 23.0228900842079 0.170626269379022 0.349932959666548
60.1000000000006 39.0526942420396 88.7878691459963 92.7737527694438 23.0816653330325 0.167157851575805 0.406580852605046
60.2000000000006 39.1234894399771 88.791730673668 92.7341397099855 23.1402132123741 0.159596856246289 0.497223382475181
60.3000000000006 39.1943232462577 88.7949828314932 92.6940646360778 23.198529934101 0.148808781630226 0.632317392911495
60.4000000000006 39.265197616474 88.7976851579527 92.6535421423772 23.2566143665209 0.13570331319341 0.829206861079677
60.5000000000006 39.3361110293496 88.7999091401191 92.61259335546 23.3144673083562 0.121258208060023 1.11288501783899
60.6000000000006 39.4070587649578 88.8017351470725 92.5712438162387 23.3720907627191 0.106561662547293 1.51216897140605
60.7000000000006 39.478033466734 88.8032493633173 92.5295213623787 23.4294872110874 0.0928682929854097 2.03806939587913
60.8000000000006 39.5490259328296 88.8045407221983 92.4874540107146 23.4866588872789 0.0816199626331957 2.62049573430359
60.9000000000006 39.6200260723787 88.8056978393174 92.4450678396671 23.5436070514274 0.0742752233402736 3.0229242631374
61.0000000000006 39.6910239592871 88.8068059459498 92.4023848716588 23.6003312639576 0.0717581997382819 2.93078298596268
61.1000000000006 39.7620109122752 88.8079438514281 92.3594209854976 23.6568286723192 0.0737404238881236 2.38584015910641
61.2000000000006 39.8329803558297 88.8091816587003 92.3161846078749 23.7130936294564 0.0786910265621645 1.74044809422905
61.3000000000006 39.9039281006526 88.8105803917855 92.2726773826219 23.7691181543718 0.0851097221946151 1.18906663045737
61.4000000000006 39.9748523135686 88.8121923764029 92.228895619082 23.8248927244256 0.0919320219316372 0.778518038415681
61.5000000000006 40.0457533760225 88.8140616495694 92.1848317704491 23.8804070803939 0.0984659774495721 0.491352740523367
61.6000000000006 40.116633652985 88.8162243691959 92.1404759121063 23.9356510315267 0.104256130841466 0.298210304543459
61.7000000000006 40.1874971821378 88.8187092236854 92.0958172199638 23.9906152606061 0.10897889641403 0.174660128393713
61.8000000000006 40.2583492902116 88.8215378415292 92.0508454487979 24.045292129004 0.112379036159558 0.103855248821644
61.9000000000006 40.3291961418889 88.8247252009045 92.005552410589 24.0996764817408 0.114234954936821 0.0756557461391297
62.0000000000006 40.4000442267007 88.8282800392715 91.9599334528601 24.1537664525432 0.114341770904845 0.0856987359732163
62.1000000000006 40.4708997925722 88.8322052699416 91.9139889117641 24.2075642491769 0.112620303542536 0.111735062674633
62.2000000000006 40.5417682873737 88.836498579902 91.8677249086395 24.261076425921 0.109458057554265 0.131422381668949
62.3000000000006 40.6126539457999 88.8411534877494 91.8211524799864 24.314312854171 0.105358105980588 0.143088044115734
62.4000000000006 40.6835595203271 88.8461605828813 91.774286050911 24.3672851801827 0.100821459381786 0.143260009687284
62.5000000000006 40.754486121846 88.8515087716565 91.7271418833188 24.4200052630911 0.09634584313472 0.126912204957186
62.6000000000006 40.8254331594893 88.8571865235573 91.6797365241079 24.47248361293 0.0924259356242548 0.0884121961838818
62.7000000000006 40.896398367986 88.8631831173509 91.6320852533627 24.5247278286502 0.0895556683997698 0.0237810576353613
62.8000000000006 40.9673779114296 88.8694898872505 91.5842005325466 24.5767410361389 0.0882327773073296 -0.0656907183885533
62.9000000000006 41.0383665561606 88.8761014690776 91.5360904526956 24.6285203262384 0.0889645282045224 -0.170049646433855
63.0000000000006 41.1093579125003 88.8830170464228 91.4877571826117 24.6800551927653 0.0922717468998013 -0.270898459340681
63.1000000000006 41.1803447583635 88.8902415700076 91.4391954475312 24.731326007373 0.0984740592828892 -0.331480760085299
63.2000000000006 41.2513195323861 88.8977862802303 91.3903918001414 24.7823034523528 0.107032675494561 -0.341295772548187
63.3000000000006 41.3222750612407 88.9056674608771 91.3413259029463 24.8329503851236 0.117170704117949 -0.321637329251983
63.4000000000006 41.3932053068788 88.9139044960186 91.2919726029795 24.8832246606604 0.128088978290799 -0.289968741823713
63.5000000000006 41.4641060159182 88.9225179001057 91.242304036994 24.933081990766 0.13897301458844 -0.256983568854243
63.6000000000006 41.534975229481 88.9315273480649 91.1922917366496 24.9824788033428 0.148998162772405 -0.228130923405077
63.7000000000006 41.6058136074493 88.9409497053951 91.1419087337031 25.031375101665 0.157333187974294 -0.205892994378957
63.8000000000006 41.67662452158 88.9507970582627 91.0911316651961 25.0797373236504 0.16314373127524 -0.191552034245777
63.9000000000006 41.7474138808568 88.9610747435977 91.0399428786442 25.1275412011323 0.165596627114339 -0.186450570548313
64.0000000000006 41.8181896700816 88.9717793791901 90.9883325372255 25.1747746191315 0.163865263043686 -0.193193121678146
64.1000000000006 41.8889612070775 88.9828969235336 90.9363006973043 25.2214404341458 0.157365782800157 -0.21512187018887
64.2000000000006 41.9597381304181 88.9944015091412 90.8838586666557 25.2675582269052 0.146452145081581 -0.255752622268033
64.3000000000006 42.0305292635506 89.0062562392831 90.8310285367771 25.3131633503067 0.131724850569034 -0.325028835883073
64.4000000000006 42.1013416797481 89.0184147581955 90.7778419959021 25.3583049118141 0.113799805803331 -0.445835312499814
64.5000000000006 42.1721800846003 89.0308228510373 90.7243391143478 25.4030437148761 0.093315298606501 -0.674927640145889
64.6000000000006 42.243046519065 89.0434200438478 90.6705671298631 25.4474502003441 0.0709668595073134 -1.18045089771401
64.7000000000006 42.3139403592653 89.0561412035037 90.6165792329762 25.4916023878898 0.0476656649072604 -2.63138747491476
64.8000000000006 42.3848585697636 89.0689181376763 90.5624333523425 25.5355838174236 0.0255969203192956 -9.13228856931049
64.9000000000006 42.4557961522999 89.081681194789 90.5081909400926 25.5794814905115 0.0178588418913557 -18.721506478313
65.0000000000006 42.5267467217468 89.094360863974 90.4539157571798 25.6233838117941 0.035831141499507 -4.63995401258356
65.1000000000006 42.5977031374214 89.1068893614538 90.3996726544077 25.6673785328176 0.0588489923541096 -1.69764895131831
65.2000000000006 42.6686581747605 89.1192018639359 90.3455262411096 25.7115507586317 0.0818020048888458 -0.827904558177439
65.3000000000006 42.7396052708346 89.1312368459682 90.291539268644 25.755981113715 0.103611593767161 -0.443626254669669
65.4000000000006 42.8105392004671 89.1429360643077 90.2377709015412 25.8007439706664 0.123692787208337 -0.22080946025437
65.5000000000006 42.8814565793924 89.1542445287141 90.184274984331 25.8459056813099 0.141574757813143 -0.0612448129140787
65.6000000000005 42.9523561550977 89.1651104727422 90.1310983083694 25.8915228078002 0.156832723788079 0.0748321465496792
65.7000000000005 43.0232388592389 89.175485324535 90.0782788786651 25.9376403537277 0.169079266684561 0.208688845787678
65.8000000000005 43.0941076097079 89.1853236776167 90.025844180707 25.9842899952238 0.177976795305382 0.355979333073118
65.9000000000005 43.1649668680415 89.1945832616855 89.9738094472903 26.0314883120658 0.183265691885669 0.532491213572739
66.0000000000005 43.235821978904 89.2032249134066 89.9221759253443 26.0792350187827 0.184813088831291 0.758052096000775
66.1000000000005 43.3066783439796 89.211212553426 89.8709291763916 26.1275112323919 0.182808418477631 1.02100416452275
66.2000000000005 43.3775405530778 89.2185133251198 89.8200382514769 26.1762786925704 0.178129281868951 1.30090823997772
66.3000000000005 43.4484117074589 89.225098143907 89.7694570858961 26.2254813995421 0.171906592243821 1.60094723379543
66.4000000000005 43.5192930479493 89.2309424082968 89.7191267683946 26.2750482043984 0.165372523752713 1.90900228240508
66.5000000000005 43.590183888812 89.2360267171584 89.6689778439978 26.3248954360513 0.159796135134946 2.192744679502
66.6000000000005 43.6610818347309 89.2403375869894 89.6189326168422 26.3749295281863 0.156344653400941 2.40223301904021
66.7000000000005 43.7319832328744 89.2438681691848 89.5689074530064 26.4250496462155 0.155869570493664 2.48932236457184
66.8000000000005 43.8028837922828 89.2466189673061 89.5188150833419 26.4751503142301 0.15869318968652 2.43752494747125
66.9000000000005 43.8737792894821 89.2485985543499 89.4685669063037 26.5251240419539 0.164524352264932 2.2750757044788
67.0000000000005 43.9446662719754 89.2498242900173 89.4180752907823 26.5748639516957 0.172563848999464 2.05657250618196
67.1000000000005 44.0155426655163 89.2503230109634 89.3672558644305 26.6242663842679 0.181869652715324 1.83380597371791
67.2000000000005 44.086408103562 89.2501310185541 89.3160294249195 26.673232958003 0.192003538433119 1.62118655490443
67.3000000000005 44.1572638438244 89.2492922833708 89.2643228940082 26.7216712394809 0.202668402895192 1.41820323985166
67.4000000000004 44.228112544575 89.2478559472208 89.2120698945397 26.7694948673552 0.213555817047664 1.22407557896546
67.5000000000004 44.2989580186902 89.2458737981305 89.1592113129358 26.8166236551438 0.224344796556834 1.0376526466312
67.6000000000004 44.3698049492102 89.2433977453363 89.1056958616903 26.8629836940205 0.234709032455213 0.857249941006026
67.7000000000004 44.4406585444907 89.2404772942778 89.0514806418631 26.9085074556059 0.244329731730923 0.680532027194643
67.8000000000004 44.5115241135736 89.2371570215894 88.9965317055743 26.9531338947585 0.252912663751782 0.504443102240084
67.9000000000004 44.5824065482579 89.2334740500924 88.9408246184976 26.9968085523663 0.260209336632568 0.32516318263967
68.0000000000004 44.6533097074732 89.2294555237875 88.8843450223546 27.0394836581374 0.26604340283929 0.13809004903745
68.1000000000004 44.7242357197566 89.2251161203191 88.8270891810225 27.0811182282602 0.270362205696464 -0.0372201501376478
68.2000000000004 44.7951844276834 89.2204565377238 88.7690641006041 27.1216780296522 0.273313576356963 -0.182691152071094
68.3000000000004 44.8661533501997 89.2154644543611 88.7102865680169 27.1611352055496 0.275157490472734 -0.303483763866392
68.4000000000004 44.937137912503 89.2101164631274 88.6507817635451 27.1994677676857 0.276196552926913 -0.402331057335471
68.5000000000004 45.0081317799966 89.2043800431437 88.5905818570044 27.2366590833383 0.276735404025413 -0.480206533084279
68.6000000000004 45.079127301088 89.1982155314415 88.5297246039079 27.2726973623768 0.277048208899926 -0.536959058166734
68.7000000000004 45.1501160568673 89.1915780946504 88.4682519416313 27.3075751443096 0.277352417579917 -0.571904375576953
68.8000000000004 45.2210895041939 89.1844197006844 88.4062085855782 27.3412887853311 0.277788806646164 -0.584336396759236
68.9000000000004 45.2920396901224 89.1766910904296 88.343640625346 27.3738379453695 0.278408776424267 -0.573891826077604
69.0000000000004 45.3629600097818 89.16834374943 88.2805941208908 27.4052250751332 0.279170021025358 -0.540702092175464
69.1000000000004 45.433845970014 89.1593318718427 88.2171137097039 27.4354549083436 0.279927805303826 -0.492698127829196
69.2000000000003 45.5046957583526 89.149614123349 88.1532415002696 27.4645340887621 0.280427178004943 -0.438226545607752
69.3000000000003 45.5755103066396 89.1391548937251 88.0890166922376 27.4924711393944 0.280389767369805 -0.378042888157681
69.4000000000003 45.6462930822017 89.1279253483699 88.0244754828778 27.5192765664899 0.279540044087444 -0.312359103074004
69.5000000000003 45.7170497660577 89.1159044720998 87.9596509845446 27.544962968726 0.277612553431774 -0.240734372163649
69.6000000000003 45.7877878266639 89.1030801129447 87.8945731421422 27.5695451463927 0.274359059306738 -0.161939222136638
69.7000000000003 45.8585159959434 89.0894500259422 87.8292686505897 27.5930402105764 0.269556038033008 -0.0737479117861787
69.8000000000003 45.9292436597749 89.0750229169337 87.7637608722862 27.6154676923445 0.263013281215515 0.0274024023013515
69.9000000000003 45.9999801810565 89.059819486359 87.6980697545754 27.6368496519296 0.254584940902909 0.14697612300516
70.0000000000003 46.070734179763 89.0438734730519 87.6322117472111 27.657210787914 0.244185433313663 0.293264084726101
70.1000000000003 46.1415128028546 89.027232655612 87.5661997277978 27.6765785439701 0.231911047055757 0.452063922744912
70.2000000000003 46.2123210806995 89.0099587507739 87.5000431346005 27.6949831520764 0.218324024160724 0.601852086522429
70.3000000000003 46.2831615728098 88.9921245118474 87.4337486257544 27.7124575144734 0.204089664380837 0.739249966246758
70.4000000000003 46.3540343333013 88.9738097241534 87.367320945843 27.7290370220957 0.189823685269215 0.855285909396199
70.5000000000003 46.4249371257309 88.9550971580384 87.3007638004527 27.7447593705592 0.176037886459034 0.934712442941563
70.6000000000003 46.4958658221342 88.9360685218878 87.2340807307268 27.7596643761491 0.16308346910062 0.956306269242733
70.7000000000003 46.5668149164624 88.9168004151396 87.1672759879199 27.7737937918077 0.151103527739315 0.894455676801126
70.8000000000003 46.6377780851721 88.897360281298 87.1003554079524 27.787191123122 0.140017418611501 0.720810197239095
70.9000000000002 46.7087487386173 88.8778023609475 87.0333272859643 27.799901444312 0.129567722569101 0.402870074270029
71.0000000000002 46.7797205260135 88.8581636447659 86.9662032508698 27.811971214218 0.119464471415092 -0.103339492744558
71.1000000000002 46.8506877800051 88.8384599050324 86.8989991200274 27.8234480856269 0.109668023287709 -0.734237905427064
71.2000000000002 46.921645825048 88.8186837679733 86.8317352369246 27.8343805414015 0.100668532873989 -1.37082717948111
71.3000000000002 46.9925910440711 88.7988079666981 86.7644354965139 27.8448170909532 0.0933738550729736 -1.94233909774065
71.4000000000002 47.0635209093884 88.7787906349746 86.6971258535633 27.854805293518 0.0887436400398999 -2.31172482857091
71.5000000000002 47.134434076798 88.758580679497 86.6298328111234 27.8643907747703 0.0872749881123038 -2.35370760586828
71.6000000000002 47.2053305050187 88.7381231521545 86.562581908993 27.8736162434377 0.0885829878920926 -2.07721387972327
71.7000000000002 47.2762115345188 88.7173646223 86.4953962121863 27.8825205079144 0.0914302790624488 -1.614687093523
71.8000000000002 47.3470798515388 88.6962585490183 86.4282947993991 27.8911374928761 0.0941458645993228 -1.09201234283276
71.9000000000002 47.4179392707812 88.6747706533951 86.3612912514751 27.8994952558938 0.0950440633097496 -0.551252604899285
72.0000000000002 47.4887942939731 88.652884290785 86.2943921398731 27.9076150040482 0.0926638471758468 0.0562398842774121
72.1000000000002 47.5596494436216 88.6306057330595 86.2275955441337 27.9155101224769 0.0862401701734137 0.774159429280374
72.2000000000002 47.6305084962456 88.6079671103203 86.160890323374 27.9231855131926 0.0768114532594415 1.69235084402526
72.3000000000002 47.7013739200653 88.5850234112534 86.0942573018494 27.9306377215078 0.0664903366177872 2.97928140284437
72.4000000000002 47.7722466350093 88.5618471429492 86.0276712085426 27.9378553727302 0.0584764739734575 4.47003795201521
72.5000000000002 47.8431260719381 88.5385229007014 85.9611026457532 27.9448196207914 0.0566848723764 5.05882684913833
72.6000000000002 47.9140104804118 88.5151419378059 85.8945200576876 27.9515045968753 0.0630147867341871 4.0208471690858
72.7000000000001 47.9848973981762 88.49179673536 85.8278916990486 27.9578778580471 0.0754475946952738 2.50548368506836
72.8000000000001 48.0557841743278 88.4685755720614 85.7611876036253 27.9639008358812 0.0906309237465592 1.33200675426255
72.9000000000001 48.1266684334284 88.4455570940074 85.6943815528828 27.9695292850906 0.106020243174469 0.512251956816948
73.0000000000001 48.1975483795098 88.4228048844937 85.627453044552 27.9747137321551 0.120008214897504 -0.109443820124329
73.1000000000001 48.2684228677134 88.4003621054053 85.560389236906 27.9793999298605 0.131826073077259 -0.573116437882144
73.2000000000001 48.3392912436613 88.3782479999884 85.4931862608828 27.9835294655149 0.141797405578736 -0.891324510857698
73.3000000000001 48.410153087494 88.3564591206677 85.4258489275119 27.9870407592672 0.150618694991269 -1.11266073281631
73.4000000000001 48.4810079931923 88.3349724182455 85.3583898031879 27.9898702161025 0.159010169046852 -1.25455996467724
73.5000000000001 48.5518554381457 88.3137484026916 85.2908282606303 27.9919533837481 0.16758821461383 -1.32368677529653
73.6000000000001 48.6226947639662 88.292734303934 85.2231895298431 27.9932261105798 0.176776225169677 -1.32635594778567
73.7000000000001 48.6935252606238 88.2718672326491 85.1555037490746 27.9936257035279 0.186754187859145 -1.27279312479655
73.8000000000001 48.7643463226769 88.2510773410522 85.0878050157776 27.9930920859832 0.197451137566078 -1.17678373921275
73.9000000000001 48.8351576290769 88.2302909836877 85.0201304375687 27.991568955703 0.208574645856778 -1.05285492480979
74.0000000000001 48.905959286755 88.2094338782196 84.9525191831885 27.9890049427174 0.219662155074247 -0.913351504300755
74.1000000000001 48.9767518757416 88.1884342425142 84.8850115386014 27.9853547539605 0.230209128472124 -0.781614788359878
74.2000000000001 49.0475364109679 88.167225315328 84.8176480967407 27.9805799727606 0.239964840143704 -0.670577838796055
74.3000000000001 49.1183143507832 88.1457463122996 84.7504692865072 27.9746489822018 0.24878880161964 -0.575060828877978
74.4 49.1890876026317 88.1239427655469 84.683515035412 27.967536543345 0.256575682605268 -0.490926977136235
74.5 49.2598584764181 88.1017668395562 84.6168244373602 27.9592233601733 0.263245746784698 -0.414866105008313
74.6 49.3306295902333 88.079177647072 84.5504354204348 27.949695644538 0.268738841842499 -0.344179595349863
74.7 49.4014037356105 88.0561415649864 84.4843844146796 27.9389446811047 0.273010889786948 -0.276594293901878
74.8 49.4721837096189 88.0326325502284 84.4187060198833 27.9269663922985 0.276032189942188 -0.210107526051869
74.9 49.542972121429 88.0086324556533 84.3534326733627 27.9137609032508 0.277787121562809 -0.142857172423085
75 49.6137711814878 87.9841313459324 84.2885943177465 27.8993321067441 0.278275044363658 -0.0730093935629421
75.1 49.6845824841818 87.9591277954875 84.2242180715631 27.8836872359644 0.277514738651226 -0.0106431566343265
75.2 49.7554068456303 87.9336287195992 84.1603279727551 27.8668366401966 0.275551738345858 0.0337891770960266
75.3 49.8262442922604 87.9076480204957 84.0969449073105 27.848794075689 0.272441575045582 0.0609820090712993
75.4 49.8970941295603 87.8812047666151 84.03408661082 27.8295771994616 0.268235824736102 0.0708502663317599
75.5 49.9679550447893 87.8543213539127 83.9717676728394 27.8092080709204 0.262974826960955 0.0625348405643297
75.6 50.0388252427408 87.8270216671688 83.909999541251 27.7877136534719 0.2566848494438 0.0343245991280609
75.7 50.1097026138119 87.7993292412962 83.848790526626 27.765126316137 0.249380016684102 -0.0165313811773203
75.8 50.1805849335402 87.7712654226478 83.7881458065865 27.7414843351654 0.241069930451988 -0.0941520806504098
75.9 50.251470094464 87.7428475303238 83.7280674301672 27.7168323956499 0.231774769568383 -0.204519907371793
76 50.3223563746334 87.7140870174797 83.6685543221775 27.6912220931406 0.22155100763608 -0.356127818558649
76.1 50.3932427441577 87.6849876689656 83.609602291152 27.6647124092807 0.210575257694849 -0.52564756698262
76.1999999999999 50.4641290266308 87.6555447436019 83.5512041305873 27.6373695120031 0.199279045670443 -0.679650923521118
76.2999999999999 50.5350156430807 87.6257465143755 83.4933499569873 27.6092648411501 0.188141707643453 -0.809983862874562
76.3999999999999 50.6059033021437 87.5955767532723 83.4360276411956 27.5804725186545 0.177582381336247 -0.903539711885464
76.4999999999999 50.6767928144474 87.5650172524416 83.379223243316 27.5510667327415 0.167900163719289 -0.943550138040182
76.5999999999999 50.7476849925254 87.5340503453603 83.3229214476324 27.521119122131 0.159222856983168 -0.912302915061934
76.6999999999999 50.8185805862782 87.5026614279976 83.2671059975301 27.4906961602401 0.151481841853095 -0.794098437176425
76.7999999999999 50.8894802076669 87.4708414799791 83.2117601304154 27.4598565393848 0.144432926412166 -0.576107281625152
76.8999999999999 50.9603842086204 87.4385895857512 83.1568670126365 27.4286485549829 0.137737818715075 -0.245354231197096
76.9999999999999 51.0312924930275 87.4059154557457 83.102410174404 27.3971074897556 0.131115173548864 0.217081557285191
77.0999999999999 51.1022042706556 87.3728419015439 83.0483739401101 27.3652530457617 0.124576081541869 0.746979465890891
77.1999999999999 51.1731178741941 87.3394061150352 82.9947437390288 27.333088020045 0.11860664885442 1.24914296478685
77.2999999999999 51.2440308396192 87.3056579115634 82.941506112365 27.30060013715 0.114010318117555 1.67892965144153
77.3999999999999 51.3149401598433 87.2716567770659 82.8886486006836 27.2677651252513 0.111632962135886 1.96505382948245
77.4999999999999 51.3858426322668 87.2374688692146 82.8361596267385 27.2345498401149 0.112034374790977 2.04757427334011
77.5999999999999 51.4567352703915 87.2031640185552 82.7840283783006 27.200915389059 0.115212892700362 1.92730256404397
77.6999999999999 51.5276157295721 87.168812729648 82.732244690987 27.1668202549153 0.120549002952235 1.66869405171942
77.7999999999999 51.5984826825604 87.1344831822072 82.680798931089 27.1322234199898 0.12698249555916 1.35233532116428
77.8999999999998 51.6693360751979 87.1002382322415 82.6296818784008 27.097087490024 0.133263330621435 1.03333050076051
77.9999999999998 51.7401771965201 87.0661324131935 82.5788846090483 27.0613818181556 0.138134330450813 0.732651761648521
78.0999999999998 51.8110085123556 87.0322089733109 82.5283983774554 27.0250855931579 0.140584247886287 0.480965851726747
78.1999999999998 51.8818332844902 86.9984978550076 82.4782144758985 26.9881899989062 0.140396312789753 0.287483259453553
78.2999999999998 51.9526551375978 86.9650160654338 82.4283240371692 26.9506980161908 0.137669110871256 0.12856776020255
78.3999999999998 52.0234776602888 86.9317689890374 82.3787178148242 26.9126232957577 0.132597980008157 -0.0121949942481269
78.4999999999998 52.0943040661532 86.8987517363553 82.329385962574 26.8739889956273 0.125437694163585 -0.147603174509839
78.5999999999998 52.1651369441428 86.8659504928055 82.2803178136711 26.8348266184126 0.116481653712508 -0.289533513903307
78.6999999999998 52.2359781164338 86.833343867478 82.2315016602984 26.7951748486385 0.106050710580643 -0.451507650196405
78.7999999999998 52.306828611119 86.8009042419272 82.1829245329575 26.7550783900596 0.0944889186441363 -0.652068017905974
78.8999999999998 52.377688747905 86.768599118963 82.1345719798572 26.7145868029793 0.0821663303211171 -0.92046585498502
78.9999999999998 52.4485583274938 86.7363924714427 82.0864278463017 26.6737533415686 0.069492353546042 -1.30752684218632
79.0999999999998 52.5194369060469 86.704246086559 82.0384740565372 26.6326337977501 0.0569334886125107 -1.92764271421509
79.1999999999998 52.5903240490764 86.672120793046 81.990690459519 26.5912855158075 0.0450804999409549 -3.0141434746152
79.2999999999998 52.661219403177 86.6399773911731 81.9430548369358 26.5497668403687 0.0350193581784741 -4.87807859291833
79.3999999999998 52.7321227026551 86.607777465656 81.8955429751537 26.5081367351134 0.0288482500967934 -7.03761687097488
79.4999999999998 52.8030337843774 86.5754841940657 81.8481287396192 26.4664544080466 0.0290289547285194 -6.87028435536832
79.5999999999998 52.8739526034655 86.5430631552355 81.8007841492621 26.4247789367723 0.0351577108366265 -4.71019140731511
79.6999999999997 52.9448792395819 86.5104831376698 81.7534794508981 26.3831688937671 0.0444746692930408 -3.03273759994425
79.7999999999997 53.015813884478 86.4777169479517 81.7061831936312 26.3416819716538 0.0549891244743296 -2.105031087067
79.8999999999997 53.0867568027857 86.4447422191516 81.6588623032571 26.3003746084751 0.0657387744022099 -1.61264008327375
79.9999999999997 53.1577082597511 86.4115422192344 81.6114821566655 26.2593016129673 0.0762622298798269 -1.35149446032093
80.0999999999997 53.2286684116973 86.3781066499803 81.5640066570183 26.2185157967303 0.0863675842750783 -1.20872261689416
80.1999999999997 53.2996371591819 86.3444321992037 81.5163983290803 26.1780677857115 0.0961349859884495 -1.12088802500767
80.2999999999997 53.3706139792645 86.3105224667374 81.4686184657102 26.1380062868699 0.105723558595129 -1.06057156328655
80.3999999999997 53.4415977622147 86.2763876437153 81.4206272945032 26.0983785341535 0.115305022952233 -1.01291229244713
80.4999999999997 53.51258666607 86.2420441823681 81.3723841452103 26.0592307413731 0.125051551710426 -0.969444355369328
80.5999999999997 53.5835779976173 86.2075144658181 81.3238476171566 26.0206085550766 0.135127902982607 -0.925358952916892
80.6999999999997 53.6545681269376 86.1728264778749 81.2749757466599 25.9825575074232 0.145686059869001 -0.87815400680621
80.7999999999997 53.7255524414835 86.1380134728297 81.2257261744498 25.9451234690572 0.156861807140842 -0.826866855028786
80.8999999999997 53.7965253446774 86.1031136452512 81.1760563130856 25.9083531019822 0.168773023903002 -0.771560908731209
80.9999999999997 53.8674803032521 86.0681697997805 81.1259235143757 25.8722943124355 0.181519485912285 -0.712938080095156
81.0999999999997 53.938409955834 86.0332290072368 81.0752852460298 25.8369966863009 0.195102672359361 -0.643947303752761
81.1999999999997 54.0093064984772 85.998341904796 81.0240995084029 25.8025114705466 0.209163217434277 -0.564073244649963
81.2999999999997 54.080162632452 85.9635610926639 80.972325860698 25.7688904022616 0.223199308264731 -0.48092015945378
81.3999999999997 54.1509726165277 85.9289391748217 80.9199266872606 25.736184083716 0.236661623503822 -0.398541450286714
81.4999999999996 54.221733141226 85.8945267860822 80.8668684731065 25.7044403399607 0.24896919422109 -0.318391620505016
81.5999999999996 54.2924439691524 85.8603706191469 80.8131230794501 25.6737025764274 0.259522064020093 -0.240097683818251
81.6999999999996 54.3631083000269 85.8265114516615 80.7586690192322 25.6440081365281 0.267712543114932 -0.161919756737251
81.7999999999996 54.4337328288516 85.7929821732729 80.7034927326486 25.6153866592551 0.272936757000389 -0.0808664520526392
81.8999999999996 54.5043274802454 85.7598058126855 80.6475898626777 25.5878584367806 0.274607844830576 0.00757959897978735
81.9999999999996 54.5749048215624 85.7269935647172 80.5909665306091 25.5614327720569 0.272172108281571 0.110275285969937
82.0999999999996 54.6454791767465 85.6945428614739 80.5336405804098 25.536106364842 0.265334027590768 0.216134783112906
82.1999999999996 54.716065397149 85.6624365905773 80.475642012893 25.5118624368222 0.254677464934973 0.311393682618563
82.2999999999996 54.7866773844057 85.6306452251476 80.4170113632297 25.4886717328976 0.241024254048389 0.39890370910755
82.3999999999996 54.8573268878555 85.5991301008401 80.3577972682625 25.4664942615632 0.225197466804952 0.478152551010318
82.4999999999996 54.9280227604454 85.5678467369994 80.2980540026571 25.445281063717 0.207991359286746 0.544721725382626
82.5999999999996 54.9987706418583 85.5367481578142 80.2378390150549 25.4249759814676 0.190141517410037 0.588937801896431
82.6999999999996 55.0695730053336 85.5057882134711 80.1772104642249 25.4055174269424 0.172295562608365 0.593773925144542
82.7999999999996 55.1404294896807 85.474924901309 80.1162247552158 25.3868401510952 0.154988834713912 0.532121190923932
82.8999999999996 55.211337434026 85.4441236869734 80.0549340755081 25.368877012514 0.138638246511355 0.363717893110653
82.9999999999996 55.2822925394677 85.4133608255709 79.993383931166 25.3515607462291 0.123583548392369 0.032713098983847
83.0999999999996 55.3532895907493 85.3826266442128 79.9316107124668 25.3348257278999 0.110161665481482 -0.458143359037245
83.1999999999995 55.4243230052853 85.3519278206853 79.86964002593 25.3186096178602 0.0987413521268723 -1.05891190100068
83.2999999999995 55.495386867286 85.3212871138248 79.807486971824 25.3028547001882 0.090056311017527 -1.71486316093791
83.3999999999995 55.5664747552596 85.2907420900198 79.7451571880742 25.2875091016337 0.0852253399670552 -2.25627468271771
83.4999999999995 55.6375795844136 85.2603438111023 79.6826479236467 25.272528005926 0.0853986882229696 -2.44163108597206
83.5999999999995 55.7086934946113 85.2301555222388 79.6199491119324 25.2578748680806 0.091141324672365 -2.18716172457535
83.6999999999995 55.7798077978995 85.2002513398216 79.5570444441321 25.2435226287062 0.102121436682577 -1.67232464084802
83.7999999999995 55.8509129929207 85.1707149393606 79.4939124426399 25.229454928312 0.117450284550817 -1.12742515108249
83.8999999999995 55.9219988490174 85.1416382433736 79.4305275344278 25.2156673216146 0.136198039922356 -0.668130681876139
83.9999999999995 55.9930545605357 85.1131201092786 79.3668611244303 25.2021684918454 0.157648950716057 -0.314346164650414
84.0999999999995 56.0640689814532 85.0852650086116 79.3028826693067 25.1889814290537 0.18124661464361 -0.074834176392356
84.1999999999995 56.1350311781578 85.0581814807618 79.2385607610454 25.1761436723191 0.206284952408672 0.0639698516255549
84.2999999999995 56.2059316256324 85.0319800143209 79.1738642355507 25.1637051757313 0.23206380014189 0.138946872732647
84.3999999999995 56.2767635481916 85.0067707029487 79.1087632910706 25.1517252382783 0.257894257709078 0.174327760922387
84.4999999999995 56.3475240733478 84.9826608925669 79.0432306070031 25.1402693977312 0.283061841611816 0.185255903064974
84.5999999999995 56.4182150978458 84.9597528285511 78.9772424627026 25.129406324529 0.306814338594554 0.180945315447049
84.6999999999995 56.4888437670597 84.9381413029247 78.9107798562868 25.1192047156636 0.328363680652542 0.166842148565932
84.7999999999995 56.5594224699184 84.9179113015512 78.8438296234426 25.1097301885643 0.346896931628117 0.145974175460139
84.8999999999995 56.6299682623024 84.8991356513279 78.7763855562329 25.1010421749826 0.361593841307979 0.119736430264714
84.9999999999994 56.7005016531951 84.8818726673785 78.708449521903 25.0931908148773 0.371648896717065 0.0882837285651713
85.0999999999994 56.7710447256371 84.8661638458467 78.6400325609866 25.0862138918734 0.376549962612569 0.0566573492768558
85.1999999999994 56.8416187976783 84.852032742306 78.5711554472047 25.0801348496563 0.376856406388516 0.0284046359983271
85.2999999999994 56.9122423079093 84.8394868598075 78.5018478811452 25.0749635522767 0.373425536060033 0.00135145808388391
85.3999999999994 56.9829292412825 84.8285207225449 78.4321471457349 25.0706981253912 0.367142040322565 -0.0259839126526707
85.4999999999994 57.0536881082313 84.8191189951192 78.3620967410119 25.0673268390762 0.358902118890209 -0.0545843152694862
85.5999999999994 57.1245214980976 84.8112596018034 78.2917450188967 25.0648299906429 0.349598883022509 -0.084956193602147
85.6999999999994 57.1954261996368 84.8049168458076 78.2211438179651 25.0631817874511 0.340109661259722 -0.117036312757959
85.7999999999994 57.2663938590009 84.8000645285438 78.1503470982194 25.0623522297241 0.331284868460862 -0.150029921739133
85.8999999999994 57.3374121333033 84.7966790688906 78.0794095758603 25.0623089933632 0.323937528373333 -0.182255110355417
85.9999999999994 57.4084662949876 84.7947426224585 78.0083853580594 25.0630193127619 0.318832746509453 -0.211112880593882
86.0999999999994 57.4795412309158 84.7942461573973 77.9373265945479 25.0644518517179 0.316503493585234 -0.228972207153783
86.1999999999994 57.55062335978 84.7951914003195 77.8662825664615 25.0665782648828 0.31673927929753 -0.230330748171498
86.2999999999994 57.6217015554757 84.7975899140546 77.7952998851393 25.0693739736519 0.319138672253477 -0.216161369134125
86.3999999999994 57.6927674826937 84.8014610455192 77.7244231281781 25.072818632592 0.323291037810372 -0.188325436515977
86.4999999999994 57.7638157199129 84.8068298301295 77.6536954923039 25.0768965839664 0.328782519767568 -0.149048707321588
86.5999999999994 57.8348436902948 84.8137248962143 77.583159446244 25.08159731226 0.335204031073635 -0.100467084523259
86.6999999999993 57.905851399549 84.8221763694277 77.512857383598 25.0869158987043 0.342160662388364 -0.0443126876591467
86.7999999999993 57.9768409770271 84.8322137771617 77.4428322757102 25.0928534758028 0.3492822700603 0.0182538104839307
86.8999999999993 58.0478160163429 84.8438639529595 77.3731283245406 25.0994176818556 0.356235344224193 0.0866965544296173
86.9999999999993 58.1187807145705 84.8571489409274 77.3037916155371 25.1066231154852 0.362736509271928 0.161084963613424
87.0999999999993 58.189738826639 84.8720839212798 77.2348707611714 25.1144917788854 0.368616459199759 0.233469686616328
87.1999999999993 58.2606927634465 84.8886756852951 77.1664173017554 25.1230532279055 0.373955451324269 0.296336147151215
87.2999999999993 58.3316434188004 84.9069225049345 77.0984854901214 25.1323439779461 0.378895744423624 0.350549408150909
87.3999999999993 58.402590337543 84.9268145518742 77.0311318335824 25.142406616688 0.383577199580013 0.396691380838261
87.4999999999993 58.4735319410257 84.9483343376673 76.9644146265568 25.153288905547 0.388128071003539 0.435159528563313
87.5999999999993 58.5444657971442 84.9714571539069 76.8983934831932 25.1650428811283 0.392657276518525 0.46625329131609
87.6999999999993 58.6153889298569 84.9961515123887 76.8331288699958 25.1777239566799 0.397248078951188 0.49024604307582
87.7999999999993 58.6862981594752 85.0223795852738 76.7686816384482 25.1913900235476 0.401953196945692 0.507440222737801
87.8999999999993 58.7571904619464 85.0500976452513 76.7051125576391 25.206100552629 0.406791394160731 0.518203777193948
87.9999999999993 58.828063332824 85.0792565057008 76.6424818468869 25.2219156958274 0.411745581664354 0.522987418725049
88.0999999999993 58.8989151386087 85.1098019689018 76.5808487109397 25.2388953782181 0.416766372710958 0.517284548111354
88.1999999999993 58.9697454136037 85.1416754834479 76.5202709421404 25.2570981487122 0.421771820624758 0.496897773325972
88.2999999999993 59.040555047746 85.1748153327205 76.4608046925782 25.276579417679 0.426616422309636 0.462870333390025
88.3999999999993 59.1113463808378 85.209158032568 76.4025043132036 25.2973894530675 0.431092857651348 0.416222506509067
88.4999999999992 59.1821231907909 85.2446397370312 76.3454221955199 25.3195713672381 0.434945823048481 0.357787120314436
88.5999999999992 59.2528905409317 85.281197644069 76.2896086132746 25.3431591037957 0.43788981810304 0.288033097478191
88.6999999999992 59.3236544575288 85.3187714012836 76.2351115641501 25.3681754244218 0.439630164708795 0.206891033935885
88.7999999999992 59.3944214190509 85.3573045116461 76.1819766114554 25.3946298957073 0.439886927932341 0.113583386541464
88.8999999999992 59.4651976521369 85.3967457392218 76.1302467258168 25.4225168759844 0.438422011011219 0.00645484040764815
88.9999999999992 59.5359882457118 85.4370505148958 76.0799621268693 25.4518135021597 0.435070555238979 -0.117198211435523
89.0999999999992 59.6067961206381 85.4781823163435 76.0311601257059 25.482477727956 0.429866876052015 -0.240454102619769
89.1999999999992 59.6776210974336 85.5201133783659 75.9838749870312 25.5144476988078 0.42330698845864 -0.344553880691839
89.2999999999992 59.7484595565038 85.5628237033848 75.9381378413362 25.5476445197988 0.416000205187913 -0.428908899744442
89.3999999999992 59.8193046369245 85.606299402302 75.8939766167778 25.5819763602531 0.408515536146831 -0.491387696769157
89.4999999999992 59.8901468220024 85.6505310096052 75.8514159718164 25.6173426097356 0.401330217452646 -0.528858996678001
89.5999999999992 59.9609748528288 85.6955117984723 75.8104772278531 25.6536380340524 0.394788031391916 -0.537841181493941
89.6999999999992 60.0317768971923 85.7412360958763 75.7711783018671 25.690756931252 0.389071350202011 -0.515146025688076
89.7999999999992 60.1025418910779 85.7876975976904 75.7335336390533 25.728597287625 0.384192085311524 -0.458330845764115
89.8999999999992 60.1732609689891 85.834887683793 75.6975541454598 25.7670649337058 0.38000624994372 -0.365789381656499
89.9999999999992 60.2439289070889 85.8827937331722 75.6632471206251 25.806077700272 0.376255005408026 -0.236441720407675
90.0999999999992 60.314545499101 85.9313974587193 75.6306161934135 25.8455695161287 0.372620214567894 -0.0957681642590324
90.1999999999992 60.3851163153179 85.9806737539118 75.5996613409952 25.8854929922471 0.368803518059017 0.0295078088327158
90.2999999999991 60.4556520037958 86.0305908389119 75.5703791188864 25.9258181635736 0.364642660115714 0.138828378124949
90.3999999999991 60.5261669702667 86.0811109185549 75.5427629741337 25.9665297171948 0.360091330721593 0.231683981547414
90.4999999999991 60.5966779972907 86.1321908600257 75.5168035616969 26.0076241622849 0.355177461664465 0.307396663618904
90.5999999999991 60.6672028604958 86.1837828705354 75.4924890608318 26.0491070000536 0.349967560258566 0.36508490932018
90.6999999999991 60.7377589622759 86.2358351749984 75.4698054914725 26.0909898936931 0.34453773104424 0.403733943867233
90.7999999999991 60.8083619893523 86.2882926937084 75.4487370306141 26.1332878383264 0.338952281098549 0.422301993502556
90.8999999999991 60.8790245899183 86.3410977200155 75.4292663286954 26.1760163309542 0.333250981886676 0.419798881520328
90.9999999999991 60.9497550588198 86.3941905980028 75.4113748259813 26.2191885404029 0.327446029881867 0.395284543910881
91.0999999999991 61.0205560380796 86.4475104074041 75.3950430664219 26.2628125042216 0.321552055082026 0.355984344833805
91.1999999999991 61.091423786618 86.500995836794 75.3802509458867 26.3068890262707 0.315654804458731 0.309264616792603
91.2999999999991 61.1623489376172 86.5545865347002 75.3669777938172 26.3514113529881 0.30982603644835 0.254374403757199
91.3999999999991 61.2333178555813 86.6082246489874 75.3552023892544 26.396365550346 0.304097467309714 0.190534677122522
91.4999999999991 61.3043140207806 86.6618563734825 75.3449029743433 26.4417309077585 0.298463017408217 0.116888701922417
91.5999999999991 61.3753194090495 86.7154334946006 75.336057267837 26.4874803419882 0.292884324044199 0.0324280485563501
91.6999999999991 61.4463158611458 86.7689149379699 75.3286424786007 26.5335808010529 0.287299885917285 -0.0640974599390775
91.7999999999991 61.5172864398552 86.8222683150573 75.322635319116 26.5799936681334 0.281638432229459 -0.174266309084504
91.8999999999991 61.5882167773175 86.875471469794 75.3180120189851 26.6266751654796 0.275837422277841 -0.300029797088046
91.999999999999 61.6590964197092 86.9285140252007 75.3147483384345 26.6735767583178 0.269867965345893 -0.443641467263211
92.099999999999 61.7299201587439 86.9813988921898 75.3128195822494 26.7206455670343 0.263789256416868 -0.587211630383714
92.199999999999 61.8006888012922 87.0341427949633 75.3122006248737 26.7678249945436 0.257824282880582 -0.708618094093809
92.299999999999 61.8714085045384 87.0867743000777 75.312865963859 26.8150558998987 0.252239384602893 -0.802705050406375
92.399999999999 61.9420896110378 87.1393308621035 75.3147897844795 26.862277987085 0.247260703165764 -0.863628989919472
92.499999999999 62.0127455375022 87.1918558314628 75.3179460247772 26.9094312020923 0.243021825915705 -0.886208361175439
92.599999999999 62.0833917077524 87.2443954622658 75.3223084406066 26.9564571299856 0.239526110092 -0.86722647062664
92.699999999999 62.1540444902708 87.2969959201482 75.3278506706799 27.0033003919769 0.236631020084493 -0.806080778928246
92.799999999999 62.2247200985659 87.3497002901076 75.3345463016116 27.0499100424957 0.234058564803321 -0.704366877342438
92.899999999999 62.2954334154226 87.4025455843413 75.3423689329637 27.0962409662611 0.231430670174532 -0.564445978936113
92.999999999999 62.3661967100019 87.4555597500825 75.3512922422906 27.1422552753524 0.22832436317502 -0.387434926940246
93.099999999999 62.437018246521 87.5087587152202 75.3612900555606 27.187923687554 0.224410532206788 -0.19765138399393
93.199999999999 62.5079012180043 87.5621444162648 75.372336557372 27.2332264178031 0.219736857154419 -0.0174122057121684
93.299999999999 62.5788437676986 87.6157053199612 75.3844068560314 27.2781528336696 0.214544148270268 0.156490993356627
93.399999999999 62.6498395172829 87.6694179272486 75.3974776884273 27.3227006239393 0.209171302683414 0.325368016444972
93.499999999999 62.7208782145517 87.7232483150018 75.4115281302792 27.3668749484701 0.204029000685006 0.487785165735919
93.599999999999 62.791946498293 87.7771536777738 75.4265403063874 27.4106875880487 0.199573388957905 0.638900525762168
93.699999999999 62.8630287862071 87.8310838695374 75.442500100883 27.454156094247 0.196274767125321 0.770377120775753
93.7999999999989 62.9341082848952 87.8849829454269 75.4593978674768 27.4973029392782 0.194578382231987 0.871450828373744
93.8999999999989 63.0051681157893 87.9387907034804 75.4772291397101 27.5401546658536 0.194859178203071 0.931455313437941
93.9999999999989 63.0761925471418 87.9924442263819 75.4959953412034 27.5827410370388 0.19737874253358 0.943210350804154
94.0999999999989 63.1471683128209 88.045879424915 75.5157044660899 27.6250941864809 0.202143509074977 0.906006370300255
94.1999999999989 63.2180858216053 88.0990326259415 75.5363709842228 27.6672477782745 0.208567398999378 0.83291716790188
94.2999999999989 63.2889398704439 88.1518422734007 75.5580137784985 27.7092361912951 0.215851733912558 0.740858281003648
94.3999999999989 63.3597299885555 88.2042506738328 75.5806533069552 27.7510937131719 0.223143704671613 0.642875754320157
94.4999999999989 63.4304605190692 88.2562057436144 75.6043087350535 27.7928537346305 0.229571916823272 0.54720685561611
94.5999999999989 63.5011404048728 88.3076627561943 75.6289950679575 27.8345479438364 0.234270506345051 0.457956282000852
94.6999999999989 63.571782646134 88.3585860893289 75.6547202828169 27.876205520738 0.236394554127464 0.376229569082449
94.7999999999989 63.6424034112197 88.4089509723182 75.6814824610471 27.9178523314098 0.235130240463331 0.301048894719021
94.8999999999989 63.7130208040062 88.4587452332414 75.7092669206113 27.9595101223954 0.229701837538263 0.229750837603296
94.9999999999989 63.7836533183766 88.5079710461922 75.7380433483012 28.0011957150508 0.219376051096308 0.157617787569923
95.0999999999989 63.8543180483236 88.5566466308051 75.7677629920377 28.0429202198082 0.203770301093959 0.0928167531698647
95.1999999999989 63.9250288936044 88.604806711325 75.7983574136698 28.0846887683779 0.183769217008226 0.0449883657346013
95.2999999999989 63.9957953058686 88.652499826828 75.8297412030399 28.1265015607165 0.160583635096575 0.0132949950624417
95.3999999999989 64.0666217565951 88.6997844009853 75.8618162525472 28.1683554299329 0.135419914352465 0.00396446160590092
95.4999999999988 64.1375078246936 88.7467247641183 75.8944760917307 28.210245427115 0.10946576500918 0.0374920576216815
95.5999999999988 64.2084487837772 88.7933871752535 75.9276102218522 28.252166406157 0.0838880361568441 0.171703152340871
95.6999999999988 64.2794365422491 88.8398358441764 75.961108450479 28.2941146085859 0.0598545025839239 0.581106625858802
95.7999999999988 64.3504607793396 88.886128953487 75.994865226067 28.3360892483883 0.0386484575322996 1.87236086637065
95.8999999999988 64.4215101287366 88.932314680654 76.0287839725437 28.3780940968376 0.0222867211664974 6.18528020651994
95.9999999999988 64.4925732874922 88.9784272200694 76.0627814238905 28.4201390673205 0.0158561844961215 10.4085460732016
96.0999999999988 64.5636399635066 89.0244828566617 76.0967919047105 28.4622417747418 0.0213442666563953 2.94460242958708
96.1999999999988 64.6347014536283 89.0704773800167 76.130770206384 28.504428433949 0.0308526037680611 -0.550302001751092
96.2999999999988 64.7057505956407 89.1163869013285 76.16469089818 28.5467330802859 0.0420623126801236 -1.59001042210358
96.3999999999988 64.7767814860974 89.1621700108589 76.1985462339575 28.589196129166 0.0553614738075911 -1.75408258094003
96.4999999999988 64.8477892416109 89.2077699869548 76.2323440048494 28.6318629102241 0.071148681628322 -1.59561810016565
96.5999999999988 64.9187698648203 89.2531170050658 76.266105391948 28.6747822014672 0.0894254764580748 -1.34992998507793
96.6999999999988 64.989720232496 89.2981303467612 76.2998628189891 28.7180047634261 0.10987744395589 -1.11178154694452
96.7999999999988 65.0606381925034 89.342720608748 76.3336578050372 28.761581873307 0.132006862387921 -0.910425527422827
96.8999999999988 65.1315227311672 89.3867919118878 76.3675388171699 28.8055638591421 0.155221941007664 -0.748779744533374
96.9999999999988 65.2023741529651 89.4302441102147 76.4015591231629 28.8499986339417 0.178884732460316 -0.621341335975374
97.0999999999988 65.2731942039511 89.4729749928924 76.435774662921 28.8949302277962 0.202372489860489 -0.535067685282534
97.1999999999988 65.3439861501062 89.5148823026193 76.470242407319 28.9403972667145 0.225219852512372 -0.489473133257994
97.2999999999987 65.4147549044373 89.5558652880892 76.5050199543121 28.9864313162506 0.247038688378731 -0.472365845606678
97.3999999999987 65.485507045899 89.5958260728996 76.5401656124559 29.0330551718655 0.267480922232749 -0.476819835256404
97.4999999999987 65.5562506181679 89.6346710173999 76.5757385031728 29.080281147241 0.286242159769851 -0.499066274911174
97.5999999999987 65.6269946846766 89.6723120805397 76.611798663019 29.128109362593 0.303072317836964 -0.537343442428189
97.6999999999987 65.6977486321788 89.708668181717 76.6484071459501 29.1765260329847 0.317792130620603 -0.591246471192333
97.7999999999987 65.7685212301187 89.7436665626264 76.6856261255886 29.22550175664 0.330315331359022 -0.661323812446158
97.8999999999987 65.8393194703001 89.7772441491076 76.7235189974894 29.2749898032572 0.340676961025003 -0.748756198537438
97.9999999999987 65.9101472303778 89.8093489129933 76.762150481407 29.3249244023223 0.349068768453488 -0.854975369003818
98.0999999999987 65.9810038464278 89.8399412094927 76.8015867039592 29.3752190917413 0.355961683598185 -0.951972957650742
98.1999999999987 66.0518832289294 89.8689944784808 76.8418947716253 29.4257666347671 0.362220013172126 -1.01007993479489
98.2999999999987 66.1227745757334 89.8964943310888 76.8831410499764 29.4764429179814 0.368552406529562 -1.02815196529763
98.3999999999987 66.1936639537083 89.922437000201 76.9253889332404 29.5271124175714 0.375328926463635 -1.00662625987249
98.4999999999987 66.2645361314732 89.9468277664865 76.9686965942644 29.5776337259252 0.382550700608007 -0.948297086338055
98.5999999999987 66.3353764898618 89.9696793844308 77.0131147344766 29.6278650782267 0.389861622251697 -0.857779594898395
98.6999999999987 66.406172841608 89.9910105083675 77.0586843338487 29.677669879052 0.396597201436026 -0.740074328024329
98.7999999999987 66.4769169920978 90.0108441185099 77.1054344008582 29.7269222289639 0.401859474691516 -0.598847205674318
98.8999999999987 66.5476058900625 90.029205946983 77.1533797224504 29.775512451108 0.40460685569562 -0.434839750712409
98.9999999999987 66.6182422521041 90.0461229038548 77.2025186140007 29.8233526178079 0.403753406981789 -0.244397703555322
99.0999999999986 66.6888345817363 90.0616215215008 77.2528307129575 29.8703819974819 0.398466396235755 -0.0516686065291788
99.1999999999986 66.7593961889833 90.0757268756197 77.3042759081833 29.9165704299152 0.388866914903511 0.12107587780121
99.2999999999986 66.8299429008022 90.0884627162099 77.3567961522199 29.9619164427417 0.37552405551201 0.282161569860275
99.3999999999986 66.9004906873165 90.0998520751969 77.4103184092523 30.0064432962806 0.359192425414488 0.436998518611345
99.4999999999986 66.9710538387805 90.1099178923935 77.4647576467535 30.050194948695 0.340738484049923 0.588126468051677
99.5999999999986 67.041643756913 90.1186836414608 77.5200198271282 30.0932320211498 0.321076146826488 0.734803535285738
99.6999999999986 67.1122683421998 90.1261739558675 77.5760048993574 30.1356277629703 0.301103633103478 0.872246818952926
99.7999999999986 67.1829319089439 90.1324152548513 77.6326097906429 30.1774640168006 0.281635213978401 0.990873453556768
99.8999999999986 67.253635524163 90.1374363693784 77.6897313980514 30.2188271837613 0.26332476103573 1.07619333472702
99.9999999999986 67.3243776450852 90.1412691681043 77.7472695801591 30.2598041886084 0.246585401112132 1.11009199734644
100.099999999999 67.395154920353 90.1439491742329 77.8051301247633 30.3004784758128 0.231512845545731 1.10346239933486
100.199999999999 67.4659629732458 90.1455159457453 77.863227094352 30.3409268095995 0.217928606522461 1.0786663015983
100.299999999999 67.5367969743761 90.146012854953 77.921483592033 30.3812181148068 0.205583054661687 1.03414165351232
100.399999999999 67.6076520457734 90.1454866314201 77.9798319052215 30.4214131217052 0.194198568054615 0.968850689377429
100.499999999999 67.6785235551176 90.1439868957846 78.0382136253942 30.4615640417373 0.183481578991845 0.881893052475603
100.599999999999 67.7494073155054 90.1415656935803 78.0965797678439 30.5017142432578 0.173136520174292 0.771827893363839
100.699999999999 67.8202997051521 90.1382770290579 78.1548908914343 30.541897927274 0.1628810901709 0.635686094792935
100.799999999999 67.8911977226864 90.1341763990065 78.2131172183541 30.5821398031858 0.152463051538547 0.467578147256949
100.899999999999 67.9620989951591 90.1293203265751 78.2712387538718 30.6224547645259 0.141680360879151 0.256645549928726
100.999999999999 68.0330017575633 90.1237658950939 78.3292454060901 30.6628475646998 0.130409226639 -0.0161117986628673
101.099999999999 68.1039048222325 90.1175702766239 78.3871370847097 30.7033125179045 0.118694762289479 -0.336878397526757
101.199999999999 68.1748075060778 90.1107901234389 78.4449232540271 30.7438338546898 0.106929450868974 -0.677556981695816
101.299999999999 68.245709466643 90.1034806115657 78.5026211005287 30.7843877393033 0.0956852986297183 -1.03325964192861
101.399999999999 68.3166105685144 90.0956943472569 78.5602531547194 30.8249449416781 0.0855934137654901 -1.37159978025934
101.499999999999 68.3875108233614 90.0874802681918 78.6178448919595 30.865473534599 0.0772262413704033 -1.61914931569403
101.599999999999 68.4584103732861 90.0788825446772 78.6754223333028 30.9059415908687 0.0709240057069656 -1.67152295196498
101.699999999999 68.5293094796575 90.069939480848 78.7330096463341 30.9463198804738 0.0666236066413668 -1.44392861190286
101.799999999998 68.6002084815419 90.0606824158683 78.7906267460061 30.9865845677514 0.0638343073908899 -0.91930432719986
101.899999999998 68.6711076968153 90.0511346251324 78.8482868954774 31.0267199085547 0.0618648467345201 -0.126971381604173
101.999999999998 68.7420072550407 90.0413102214652 78.90599430695 31.0667209474194 0.0602540819890322 0.915241028299782
102.099999999998 68.8129068762689 90.0312130809557 78.9637417807898 31.1065961691613 0.0593017430500957 1.99265985949148
102.199999999998 68.8838056883694 90.0208364092391 79.0215093400111 31.1463689656805 0.0602337823370023 2.7403209973572
102.299999999998 68.9547022281445 90.0101639335314 79.0792653914539 31.1860760952178 0.0644624673588885 2.92682764933689
102.399999999998 69.0255945903553 89.9991717351121 79.1369688823247 31.2257649568172 0.0726527835777213 2.59572133005352
102.499999999998 69.0964806797807 89.9878301064402 79.1945714950208 31.2654908192205 0.0843898399697673 2.04885414272362
102.599999999998 69.1673585381238 89.9761054082701 79.2520198419542 31.3053140497617 0.0986003076851873 1.52858062038231
102.699999999998 69.2382266957108 89.9639619267664 79.3092576603762 31.3452973432608 0.114057173516299 1.11745306766244
102.799999999998 69.3090844818082 89.9513637306204 79.3662280072009 31.385502950919 0.129603656231398 0.81228684798484
102.899999999998 69.3799322190305 89.9382765281656 79.4228754538301 31.425989909212 0.144189577924467 0.587055532579446
102.999999999998 69.4507712267973 89.9246695244927 79.4791482809766 31.4668112687848 0.156851085681366 0.416340655377776
103.099999999998 69.5216035713735 89.9105172568994 79.5350006514828 31.5080113545732 0.166855012654445 0.290795265099016
103.199999999998 69.5924316542696 89.895800867001 79.5903942109709 31.5496238378244 0.174190551631183 0.20038482479441
103.299999999998 69.6632579377773 89.8805079428314 79.6452982360697 31.5916718690958 0.179054714768657 0.130544993119316
103.399999999998 69.7340847560522 89.8646317976071 79.6996892104751 31.6341690231534 0.181668147334625 0.0728344057101141
103.499999999998 69.8049141452211 89.8481707268228 79.7535503790027 31.6771202750969 0.182265451239179 0.0219758010732041
103.599999999998 69.8757477167669 89.8311272653487 79.806871301642 31.7205229764853 0.181089660060981 -0.0255827308391297
103.699999999998 69.9465865956033 89.8135074445267 79.8596474076094 31.764367831462 0.178388784047514 -0.0724057364394074
103.799999999998 70.0174314375741 89.7953200492674 79.9118795494016 31.8086398728802 0.174413551331571 -0.120454368949101
103.899999999998 70.088282535287 89.776575875146 79.9635735568497 31.8533194384285 0.169415983304994 -0.171267726686432
103.999999999998 70.1591400162378 89.7572869854993 80.0147397911717 31.8983831467558 0.16364866460788 -0.22600390318722
104.099999999998 70.2300041267618 89.73746597256 80.0653926952843 31.9438048696577 0.157357021789091 -0.283824086803281
104.199999999998 70.3008754395365 89.7171253235636 80.1155502468076 31.9895566018433 0.15075879767035 -0.343132484968402
104.299999999998 70.3717547209109 89.6962770533288 80.1652331640643 32.0356090707157 0.144069374189102 -0.402943525087068
104.399999999998 70.442642699163 89.6749324418105 80.2144640147726 32.0819322437325 0.137506790760915 -0.461118516346674
104.499999999998 70.5135398839613 89.6531017756904 80.2632663209967 32.1284958318275 0.131287621077393 -0.514074649451654
104.599999999998 70.5844464357719 89.6307940899681 80.3116636640979 32.1752697928327 0.125621707164456 -0.556624284818913
104.699999999998 70.6553620772652 89.6080169095515 80.3596787896849 32.2222248349001 0.120705774615083 -0.582148854564471
104.799999999998 70.7262860389601 89.584775990848 80.4073327125642 32.269332919923 0.116716583710564 -0.583325489764132
104.899999999998 70.7972170320823 89.5610750633549 80.4546438216914 32.3165677669581 0.113805167815872 -0.553493154201961
104.999999999998 70.8681532429164 89.5369155712502 80.5016269851211 32.363905355647 0.112094519463579 -0.48843769020216
105.099999999998 70.9390923473154 89.512296422392 80.5482926695869 32.4113244228645 0.111623577462115 -0.402041921742844
105.199999999998 71.0100316033482 89.4872139299337 80.5946464404283 32.4588067832455 0.112185053545445 -0.31480287717324
105.299999999998 71.0809680967245 89.461662242889 80.6406894270167 32.5063372026388 0.113523760274013 -0.233697285532587
105.399999999998 71.1518990098872 89.435633969314 80.6864191685296 32.5539030954399 0.115399002555337 -0.163240032791585
105.499999999998 71.22282184932 89.4091208068961 80.7318304743526 32.60149421515 0.117582695409854 -0.105690162592587
105.599999999998 71.2937346305493 89.3821141735446 80.7769162844827 32.6491023449348 0.119856221283077 -0.0616332349526758
105.699999999998 71.3646360211072 89.3546058379802 80.8216685299303 32.6967209881843 0.122007166572444 -0.0306354088568279
105.799999999998 71.4355254404608 89.3265885503248 80.8660789931221 32.744345059071 0.123826625686238 -0.0118101549477879
105.899999999998 71.5064031152755 89.2980566726914 80.9101401683039 32.7919705731096 0.125107366024865 -0.0042556133738514
105.999999999998 71.577270088361 89.2690068097738 80.9538461219427 32.839594337716 0.125642897406102 -0.00738921717036263
106.099999999998 71.6481281788219 89.2394384301738 80.9971933453799 32.8872136419097 0.125275364469571 -0.0209896054850303
106.199999999998 71.7189798606646 89.2093542468934 81.040181405981 32.93482592375 0.124040545140901 -0.0455111879258049
106.299999999998 71.7898280288704 89.1787599864786 81.0828130867806 32.9824283812496 0.122025582877893 -0.0822817890642982
106.399999999998 71.8606757431704 89.1476639173281 81.1250943246244 33.0300175610209 0.119322550277872 -0.133274048842799
106.499999999998 71.9315259941363 89.1160763687399 81.1670341405623 33.0775889460671 0.116030938548999 -0.201123699902472
106.599999999998 72.002381494935 89.0840092499571 81.2086445702397 33.1251365435718 0.112261606105218 -0.289121783834146
106.699999999998 72.0732445001285 89.0514755692141 81.2499405942906 33.1726524726898 0.108142698063683 -0.401087311779969
106.799999999998 72.1441166526726 89.0184889527833 81.2909400687297 33.2201265523375 0.103828112496629 -0.54094019044103
106.899999999998 72.2149988602363 88.9850631640204 81.3316636553446 33.2675458889831 0.0995089354085674 -0.71165186524867
106.999999999998 72.2858912021248 88.9512116224114 81.372134752088 33.314894464437 0.0954275403011481 -0.913093040363425
107.099999999998 72.3567928706755 88.9169469293625 81.4123794155486 33.3621527385961 0.0918676803579344 -1.10715724498107
107.199999999998 72.4277022034011 88.8822805693405 81.4524260774511 33.4092976409809 0.0890431547534822 -1.24667579755618
107.299999999998 72.4986168861751 88.8472230561317 81.4923047383103 33.456303549212 0.0870675708804937 -1.31595754280115
107.399999999998 72.569534222615 88.8117842544507 81.532045955115 33.5031436562788 0.0859283319585744 -1.30778673736287
107.499999999998 72.6404514006151 88.7759737082933 81.5716798210899 33.5497913527631 0.0854694221790597 -1.22676334175498
107.599999999998 72.711365740567 88.7398009692891 81.6112349454578 33.5962216090619 0.0854043329067715 -1.08668904072387
107.699999999998 72.7822749123695 88.7032759250553 81.6507374332017 33.6424123576105 0.0853522183913687 -0.903688148060122
107.799999999998 72.8531771101227 88.6664091275489 81.6902098648266 33.6883458751057 0.0848827019382159 -0.689102543782508
107.899999999998 72.9240711766676 88.6292121214201 81.7296702761214 33.7340101647287 0.0835575154742849 -0.444350435658914
107.999999999998 72.9949566749169 88.591697772365 81.7691311379216 33.779400338368 0.0809662326877624 -0.156522328611251
108.099999999998 73.0658339066822 88.5538805884615 81.8085983524412 33.8245199744745 0.0768502226322495 0.162124023012079
108.199999999998 73.1367038302048 88.5157768590635 81.8480706804433 33.8693818423375 0.0714038445316251 0.505989251177167
108.299999999998 73.2075678205245 88.477404330572 81.8875402620747 33.9140070180463 0.0650254691245399 0.913897058994666
108.399999999998 73.2784274214587 88.4387816997643 81.9269935685378 33.958423366874 0.058236865611864 1.42429672931781
108.499999999998 73.3492841633755 88.3999281001065 81.9664123703332 34.0026640012918 0.0517070186255327 2.05516804755709
108.599999999998 73.4201394449609 88.3608625880654 82.0057747055027 34.0467657389847 0.0462641540068528 2.74209440621586
108.699999999998 73.4909944681315 88.3216036294212 82.0450558478718 34.0907675608659 0.0428013669072325 3.25456351383263
108.799999999998 73.5618502106218 88.2821685855794 82.0842292752923 34.1347090690918 0.0419493013255385 3.28389057446582
108.899999999998 73.6327074179403 88.2425731998831 82.1232676378854 34.1786289450773 0.0436586100678283 2.79091076244518
108.999999999998 73.7035665953223 88.2028310839253 82.162143726284 34.2225634075104 0.047189764882684 2.05746915232488
109.099999999998 73.7744279830606 88.1629532095218 82.200831435633 34.2665446825098 0.051563843967546 1.38066267524185
109.199999999998 73.8452915503754 88.1229475478603 82.2393066192765 34.310599789492 0.0560130037288498 0.862768508057532
109.299999999998 73.916157081936 88.0828190822513 82.2775476624229 34.3547501284522 0.0600494740417974 0.471747539444797
109.399999999998 73.9870242781186 88.0425699680543 82.3155359454969 34.3990113829559 0.0633724215169809 0.164720543384038
109.499999999998 74.0578928229002 88.0021996982663 82.3532563032489 34.4433934352717 0.0657981836647612 -0.0940738842044011
109.599999999998 74.128762422591 87.9617052691085 82.3906974838645 34.4879002815049 0.0672212251153443 -0.332906047733531
109.699999999998 74.1996328214423 87.9210813456144 82.4278526080745 34.5325299467313 0.0675976359117857 -0.575988878952409
109.799999999998 74.2705038010895 87.880320427217 82.4647196282638 34.5772744001297 0.0669453917022202 -0.847029937622707
109.899999999998 74.3413751718454 87.8394130133365 82.5013017875813 34.6221194701162 0.0653604864340274 -1.17186701130321
109.999999999998 74.4122467650217 87.7983477689679 82.5376080790492 34.667044759477 0.0630525467026692 -1.57838919742638
110.099999999998 74.4831184360107 87.7571116962581 82.5736536880364 34.7120235781473 0.0604487501564771 -2.02279269297559
110.199999999998 74.5539900727284 87.7156904618187 82.6094600021921 34.7570233347595 0.0582869544662066 -2.39304872785913
110.299999999998 74.6248616000375 87.6740691193661 82.6450535233931 34.8020070927625 0.0572433657287361 -2.59119916615479
110.399999999998 74.6957330171358 87.632232988097 82.6804643471514 34.8469355853114 0.0576700228429579 -2.54968364979492
110.499999999998 74.7666044680525 87.5901685370533 82.7157246253857 34.8917692478014 0.0594567872634049 -2.2939751706969
110.599999999998 74.8374763188337 87.5478642694877 82.7508670291927 34.9364702504027 0.0620738110505838 -1.92015987710445
110.699999999998 74.9083492128328 87.5053116072288 82.7859232116185 34.9810045305947 0.0647521306236812 -1.51996600362208
110.799999999998 74.9792240777497 87.4625057750463 82.8209222704301 35.0253438257002 0.0666605895070057 -1.13971160241279
110.899999999998 75.0501020638996 87.4194466850161 82.8558892108866 35.0694677054203 0.0670055713008201 -0.782223786717807
110.999999999998 75.1209844026339 87.3761398208857 82.890843408511 35.1133656043685 0.065068961609755 -0.415932752650383
111.099999999998 75.1918721876321 87.3325971009981 82.9257970951285 35.1570388158211 0.0603967028602387 -0.037781074327037
111.199999999998 75.2627661220094 87.2888371837496 82.9607544498555 35.2005014770878 0.0533424333728346 0.386607377483207
111.299999999998 75.3336663375256 87.2448843579386 82.9957122257313 35.2437789951462 0.044575229380669 1.00545663274675
111.399999999998 75.4045723320979 87.2007668756481 83.030660981299 35.2869054638968 0.034959435078709 2.11994993896818
111.499999999998 75.4754830191497 87.156515263687 83.0655863354552 35.3299210426337 0.0258009149723434 4.364127835425
111.599999999998 75.5463968712518 87.1121606350315 83.1004702222981 35.3728693345151 0.0195228766278135 7.75611056404723
111.699999999998 75.6173121283183 87.0677330002662 83.1352921459769 35.4157947650344 0.0193439355742431 7.34850563667828
111.799999999998 75.6882270334611 87.0232595790256 83.1700304355406 35.4587399604906 0.0243808352803921 3.83793282886275
111.899999999998 75.7591400580081 86.9787631114356 83.2046634997864 35.5017431264595 0.0307588931854826 1.62423424350098
111.999999999998 75.8300500811098 86.9342601695543 83.2391710821093 35.5448354262639 0.036162419372544 0.375777216146159
112.099999999998 75.9009564975112 86.8897594932382 83.2735355010159 35.5880383938414 0.0396330617975935 -0.441459612206735
112.199999999998 75.9718592132613 86.8452609610367 83.3077425179428 35.6313622409191 0.0412987532920584 -1.06428402302153
112.299999999998 76.0427585079448 86.8007561730859 83.3417812589996 35.6748064343554 0.0417049000313457 -1.63503672067982
112.399999999998 76.1136548661998 86.7562296690317 83.3756437640157 35.7183611677902 0.0415672422248418 -2.17019038542773
112.499999999998 76.1845488386157 86.7116601703771 83.409324521252 35.7620088676904 0.041694332694299 -2.59101236492799
112.599999999998 76.2554409445543 86.6670218228288 83.4428200021139 35.8057256993962 0.0428398530995421 -2.76772769681154
112.699999999998 76.3263316181299 86.6222854386456 83.4761281958632 35.8494830731677 0.0454798210775876 -2.63402875251492
112.799999999998 76.3972211906634 86.5774197389847 83.5092481443301 35.8932491502305 0.0496578622401489 -2.26458713104463
112.899999999998 76.4681098969848 86.5323925962495 83.5421794766259 35.9369903488222 0.0550356319495402 -1.80323341259455
112.999999999998 76.538997889016 86.4871722764365 83.5749219438551 35.9806728502385 0.061076413919645 -1.35542733290085
113.099999999998 76.6098852395575 86.4417286729546 83.607474961723 36.0242640924446 0.0672287628800326 -0.999504881152252
113.199999999998 76.6807719548924 86.3960343187085 83.6398373584293 36.0677339403903 0.0731089878300575 -0.753372538048387
113.299999999998 76.7516580462667 86.3500648353143 83.6720076436705 36.1110550356475 0.0784682305556641 -0.585341053665368
113.399999999998 76.8225436050176 86.30379916058 83.7039844829278 36.1542028227509 0.0831297921487129 -0.472819100274152
113.499999999998 76.8934288473356 86.2572197674577 83.7357671796509 36.1971555631041 0.0869597496648471 -0.400989793179413
113.599999999998 76.9643141288678 86.2103128829957 83.7673561574414 36.2398943488861 0.0898504483140327 -0.360681772105127
113.699999999998 77.0351999313497 86.1630687072903 83.7987534422363 36.2824031169574 0.0917115969693027 -0.346799715152863
113.799999999998 77.1060868241465 86.1154816324381 83.8299631444919 36.3246686627663 0.0924660088283164 -0.357449535741427
113.899999999998 77.1769754044186 86.067550461488 83.8609919413669 36.3666806542547 0.0920485646642485 -0.393694775580675
113.999999999998 77.2478662206023 86.0192786273933 83.8918495589065 36.4084316457652 0.0904080409621451 -0.459958837876904
114.099999999998 77.3187596851787 85.9706744036352 83.9225492430551 36.4499170907513 0.0875536652852209 -0.546699772048978
114.199999999998 77.3896559900926 85.9217508983159 83.9531079402375 36.4911353234187 0.0836762218430546 -0.641048452914738
114.299999999998 77.4605550541715 85.8725254985922 83.9835457406895 36.532087461494 0.0790083236636755 -0.744950478256203
114.399999999998 77.531456516508 85.8230190985792 84.0138850313561 36.5727772779235 0.0737779754670861 -0.859246842417794
114.499999999998 77.6023597732086 85.7732553189246 84.0441496376192 36.6132110713762 0.0682043067656539 -0.983025173372451
114.599999999998 77.6732640527213 85.7232597263837 84.0743639650262 36.6533975367476 0.0624910304016626 -1.11254536534171
114.699999999998 77.7441685232545 85.6730590533943 84.1045521410174 36.6933476356628 0.0568166714136182 -1.23982137081943
114.799999999998 77.8150724246626 85.6226804176509 84.1347371566542 36.7330744669803 0.0513208953354037 -1.35121089577676
114.899999999998 77.8859752167051 85.5721505416802 84.1649400083466 36.7725931372951 0.0460874079874951 -1.42667521091999
114.999999999998 77.9568767357858 85.5214949724151 84.1951788395818 36.8119206314424 0.0411262651652514 -1.44015946750262
115.099999999998 78.0277773499874 85.4707373093914 84.2254680858457 36.8510756860243 0.0363406760630542 -1.39664786636157
115.199999999998 78.0986780280085 85.4198986570926 84.2558177025909 36.8900787415418 0.0314881631774172 -1.33345409039494
115.299999999998 78.1695801906395 85.3689976462894 84.2862326040134 36.9289520940654 0.0262976198807876 -1.27811784946551
115.399999999998 78.2404854692416 85.3180506795299 84.3167121848753 36.9677201255106 0.0205116636265487 -1.28976747870371
115.499999999998 78.3113954555158 85.2670721852487 84.3472498455213 37.0064095369367 0.0139032422214202 -1.59781105631843
115.599999999998 78.3823114539221 85.2160748718782 84.3778325168953 37.045049581846 0.00635325115874325 -4.72462305152844
115.699999999998 78.45323424641 85.1650699819585 84.4084401855571 37.0836722994826 0.00352492020043104 -15.6134983080328
115.799999999998 78.5241638806678 85.1140675462474 84.439045418699 37.1223127481318 0.0135036188814719 -1.76736600548988
115.899999999998 78.5950994947987 85.0630766378316 84.4696128891626 37.1610092384186 0.0254680618512986 -0.889381377348398
115.999999999998 78.6660391931855 85.0121056262359 84.5000989004551 37.1998035666071 0.0392303479344416 -0.621854967709022
116.099999999998 78.736979993575 84.9611624283744 84.5304509319707 37.2387412339027 0.0548091672911652 -0.476782776073699
116.199999999998 78.8079179422762 84.9102546773329 84.5606077095289 37.2778713018446 0.0718467413894106 -0.380997776997027
116.299999999998 78.8788485193915 84.8593896825754 84.5905006094096 37.3172453239271 0.0898818286881532 -0.316210576901215
116.399999999998 78.9497671678487 84.8085743079838 84.6200555877057 37.3569159133105 0.108448141869809 -0.271762250850863
116.499999999998 79.0206698254717 84.7578148467366 84.6491951298804 37.3969352965359 0.127074930942624 -0.241367727209393
116.599999999998 79.091553413898 84.7071168961883 84.6778402003234 37.4373538672393 0.145286700588388 -0.221272462553037
116.699999999998 79.1624162382074 84.6564852327485 84.7059121919088 37.4782187398668 0.162603144439666 -0.209261919903269
116.799999999998 79.2332582506488 84.6059236867611 84.7333348755514 37.5195723033885 0.178539956111567 -0.204137818223433
116.899999999998 79.3040811342833 84.5554350173835 84.760036349764 37.5614507750137 0.192610924023298 -0.205460811430116
116.999999999998 79.3748881678359 84.5050207874656 84.7859509902144 37.6038827539051 0.204331505891454 -0.213467663329145
117.099999999998 79.4456838449812 84.454681242421 84.8110213779568 37.6468877973954 0.213344961745006 -0.223958919283541
117.199999999998 79.5164733260725 84.4044152928842 84.8351996732058 37.6904755822576 0.219786139678767 -0.232224584834309
117.299999999998 79.5872619606431 84.3542207608269 84.8584475816389 37.7346465511104 0.223911525874686 -0.238023475407577
117.399999999998 79.6580548964329 84.3040947294604 84.8807357662426 37.7793931438774 0.225975784384284 -0.240844259755044
117.499999999998 79.7288567452418 84.2540338971298 84.9020432378313 37.8247010517481 0.226229853155958 -0.239929417528736
117.599999999998 79.7996713231778 84.2040349312083 84.9223567455672 37.8705504711392 0.224918706075401 -0.23427044072869
117.699999999998 79.8705014787597 84.154094821992 84.9416701674807 37.9169173576555 0.222279076675554 -0.222588656644385
117.799999999998 79.9413490163973 84.1042112365937 84.9599839009895 37.9637746800512 0.218537479909503 -0.203310244212261
117.899999999998 80.0122147178989 84.0543828728372 84.9773042534185 38.0110936741909 0.213908919329042 -0.174542926969928
117.999999999998 80.0830984608786 84.004609813152 84.99364283252 38.0588450970108 0.208596740397106 -0.134063916298916
118.099999999998 80.1539994263906 83.9548938733555 85.0090159355526 38.1070004699596 0.202782927835925 -0.0883574857118168
118.199999999998 80.224916292334 83.9052388185228 85.0234439009077 38.1555330489196 0.196602396058861 -0.0452084039953882
118.299999999998 80.2958472428284 83.8556502414642 85.0369503646637 38.2044180998058 0.190185878540992 -0.00429489624662882
118.399999999998 80.3667899341435 83.8061353082901 85.0495614796869 38.2536329006453 0.183670146745897 0.0344218216006071
118.499999999998 80.4377415094072 83.7567024988638 85.0613051332925 38.3031567331365 0.177195791933777 0.0706575999703448
118.599999999998 80.508698662727 83.7073613472548 85.0722101649051 38.3529708742079 0.170905204513185 0.103761476173266
118.699999999998 80.57965774874 83.6581221821913 85.0823055837194 38.4030585875776 0.16494064039734 0.132681947757291
118.799999999998 80.6506149331517 83.6089958675134 85.0916197863611 38.4534051153124 0.15944231384207 0.155965524711294
118.899999999998 80.7215663797179 83.5599935426264 85.1001797745473 38.5039976693866 0.154546537403367 0.171816521198941
118.999999999998 80.7925084693357 83.5111263629529 85.1080103727472 38.5548254232415 0.150384044771087 0.178247757817534
119.099999999998 80.8634380453179 83.4624052429807 85.1151334564004 38.6058795014032 0.147039611032442 0.178422548720364
119.199999999998 80.9343526257022 83.4138406667548 85.1215674546257 38.657152918628 0.14443714677894 0.177084465664034
119.299999999998 81.0052504721416 83.3654426695787 85.1273275497137 38.7086403909264 0.142462606577895 0.174692656470834
119.399999999997 81.0761305734218 83.3172208871604 85.1324261511108 38.7603380961141 0.14100414148526 0.171772645019186
119.499999999997 81.1469925939932 83.2691846073532 85.1368733799608 38.8122434324226 0.139952247614261 0.168878063189237
119.599999999997 81.2178367921901 83.221342821896 85.1406775536451 38.8643547771089 0.13919984431919 0.166561481137068
119.699999999997 81.2886639101086 83.173704278154 85.1438456703247 38.9166712450658 0.138642326543447 0.165357996626739
119.799999999997 81.3594750365916 83.126277530859 85.1463838934806 38.9691924474323 0.13817764001213 0.16578277338227
119.899999999997 81.4302714443927 83.07907099385 85.1482980364556 39.0219182502031 0.137706426378361 0.168342137977432
119.999999999997 81.5010544023601 83.0320929918137 85.1495940469948 39.0748485328396 0.13713228197886 0.1735573799472
