#t s x y z curvature torsion
5 0 63.7606011707816 85.6224847241523 2.35053993438523 0.4720159848192 -0.114939576302761
5.1 0.0531964400561462 63.7880569130193 85.5833206829652 2.37382558083802 0.455790987633578 -0.125037307947083
5.2 0.106259730091724 63.816292334903 85.5443028745542 2.39609853141155 0.438878620089647 -0.136904228620178
5.3 0.159220033280882 63.845267994422 85.5054226235441 2.41739479753302 0.42142075646013 -0.150836988427693
5.4 0.212103967708371 63.8749444869589 85.4666712400616 2.43775030267112 0.403553621531806 -0.167188431878623
5.5 0.264934717091236 63.9052824687787 85.4280400000263 2.45720080993425 0.385406350485066 -0.186380152955725
5.6 0.31773216481887 63.9362426805166 85.3895201254409 2.47578184966876 0.367100128359219 -0.208917802044675
5.7 0.370513047520511 63.9677859706673 85.3511027646818 2.49352864705708 0.348747886146318 -0.235409567183081
5.8 0.423291124499074 63.9998733190727 85.3127789727897 2.51047604971597 0.330454520556448 -0.266588141070714
5.9 0.476077359587854 64.0324658604108 85.2745396917602 2.52665845529473 0.312317603067464 -0.303336162819728
6 0.528880112268116 64.0655249076841 85.2363757308338 2.54210973907339 0.294428549941345 -0.34671439164986
6.1 0.581705335273127 64.0990119775617 85.1982777475179 2.5568631794788 0.27689414464167 -0.396822088717853
6.2 0.634556779104621 64.1328888639196 85.1602362476041 2.57095132946671 0.259897066822687 -0.453025516938875
6.3 0.687436212978695 64.1671178337277 85.1222416334102 2.58440575048631 0.243635521009357 -0.515067975576961
6.4 0.740343666007864 64.2016618711359 85.0842842710177 2.59725669231082 0.228303522615017 -0.581959952868663
6.49999999999999 0.793277683273988 64.2364849234129 85.046354558241 2.60953277078587 0.214090689819675 -0.651613305278031
6.59999999999999 0.846235591265403 64.2715521468854 85.0084429925965 2.62126064557794 0.201180853564408 -0.72044285362818
6.69999999999999 0.89921376795522 64.3068301528772 84.9705402392708 2.6324646979228 0.189748929056879 -0.783055274537579
6.79999999999999 0.952207913648427 64.3422872536486 84.9326371990901 2.64316670837395 0.179955709979742 -0.832236021609181
6.89999999999999 1.00521331963622 64.3778937083352 84.8947250764886 2.653385534551 0.171940824891659 -0.859497722649382
6.99999999999999 1.05822513266035 64.4136219688872 84.8567954474779 2.66313678888816 0.16581507600486 -0.856367824250814
7.09999999999999 1.11123861359648 64.4494469236196 84.8188403281692 2.67243252434278 0.161595732269405 -0.818575202300358
7.19999999999999 1.16424937288678 64.4853460786538 84.7808522576973 2.68128112706763 0.15903210416385 -0.750326246924592
7.29999999999999 1.21725354294497 64.5212995816962 84.7428244177005 2.68968773445248 0.157794580725992 -0.658847470548177
7.39999999999999 1.27024789607029 64.5572901837087 84.7047507662025 2.69765486012953 0.157546776036612 -0.552262535402597
7.49999999999999 1.32322992308975 64.5933031981896 84.6666261720462 2.70518302693876 0.15795708699595 -0.437899394298368
7.59999999999999 1.37619787610053 64.6293264604552 84.62844654933 2.71227139989348 0.158706981792201 -0.321257278102565
7.69999999999999 1.42915077725618 64.6653502869208 84.5902089918422 2.71891841914578 0.159495650965849 -0.205643269105898
7.79999999999999 1.4820883949582 64.701367434382 84.551911907496 2.72512243295194 0.160041748384579 -0.092246432250626
7.89999999999999 1.53501118853796 64.7373730592958 84.513555152765 2.73088233063801 0.160083399063953 0.0196252944534807
7.99999999999999 1.58792022253983 64.7733646770621 84.4751401671176 2.73619817556514 0.159377644749013 0.132361494642563
8.09999999999999 1.6408170522188 64.8093421197198 84.4366701049146 2.74107183168716 0.157748198826125 0.244200256249124
8.19999999999999 1.69370358848214 64.8453074524418 84.3981499013143 2.74550742349949 0.155228133568793 0.353070878497089
8.29999999999999 1.74658196525505 64.8812647854382 84.3595861706618 2.74951137305906 0.151912486463323 0.461743937014949
8.39999999999999 1.79945441994752 64.917220044659 84.3209870388861 2.75309227039573 0.147907664600528 0.572536473195869
8.49999999999999 1.85232318715149 64.9531807409107 84.2823619733603 2.75626073751569 0.14332957758608 0.687370096766923
8.59999999999999 1.90519040619199 64.9891557389735 84.2437216127604 2.75902929240488 0.138302134088218 0.80775468239856
8.69999999999999 1.95805804268854 65.0251550267188 84.2050775969255 2.7614122130324 0.132955852999117 0.934692402681434
8.79999999999999 2.01092782375702 65.0611894842259 84.1664423967167 2.76342540135393 0.127426329775221 1.06849555310797
8.89999999999999 2.06380118602063 65.0972706528997 84.1278291438767 2.7650862473151 0.121852253930866 1.20851953390744
8.99999999999999 2.11667923520343 65.1334105045872 84.0892514608895 2.76641349285498 0.116372614761681 1.35283637997575
9.09999999999999 2.16956271618969 65.169621212027 84.0507232914529 2.76742709425348 0.111137278395309 1.50051112921721
9.19999999999999 2.22245200295229 65.2059149539228 84.0122587468873 2.76814804142518 0.106348132926552 1.64575120748004
9.29999999999998 2.27534712647425 65.2423038079118 83.9738719930012 2.76859806792273 0.102210981272837 1.77500038266297
9.39999999999998 2.32824782425416 65.2787996781584 83.9355771528918 2.76879931788658 0.0989061044350731 1.87153105553025
9.49999999999998 2.3811535986051 65.3154142242785 83.8973882103604 2.76877401133879 0.0965687996005821 1.91849522053856
9.59999999999998 2.4340637806225 65.3521587902655 83.8593189133262 2.76854410947676 0.0952703851366517 1.90345992234198
9.69999999999998 2.48697759713283 65.3890443334144 83.8213826772411 2.76813097996709 0.0950059150856975 1.82245778328157
9.79999999999998 2.53989423803281 65.4260813532477 83.7835924885041 2.76755506223934 0.0956939425391593 1.68117980552466
9.89999999999998 2.59281292160484 65.46327982044 83.745960807876 2.7668355327798 0.0971893791768253 1.49251712227797
9.99999999999998 2.64573295565153 65.5006491057433 83.7084994738937 2.76598997042533 0.0993053966677968 1.27198822214201
10.1 2.69865379240141 65.5381979085411 83.6712196061645 2.76503402437802 0.101828954337751 1.04320261263762
10.2 2.75157506988839 65.5759341757675 83.6341315055329 2.76398115296329 0.104522736204565 0.825443472938915
10.3 2.80449662832069 65.6138649963651 83.5972445463102 2.7628425419675 0.107175315509944 0.622829249657665
10.4 2.85741850878743 65.6519964861075 83.5605670653755 2.76162709371886 0.109612106712614 0.435454831788575
10.5 2.91034094031965 65.6903336720514 83.5241062511578 2.76034141888934 0.111692293025074 0.260993188342808
10.6 2.96326431645535 65.7288803769881 83.4878680326173 2.75898982829658 0.113305163452051 0.0957627384546089
10.7 3.01618916242059 65.7676391038955 83.4518569682266 2.75757432470568 0.114367124482559 -0.0646838872763003
10.8 3.06911609423907 65.8066109203898 83.4160761349529 2.75609459463117 0.11482004216315 -0.225312170320091
10.9 3.12204577130182 65.8457953431775 83.380527017239 2.75454800013882 0.114631294783285 -0.391569812095181
11 3.17497884416239 65.885190222507 83.3452093959848 2.75292957064757 0.113795872282404 -0.569454430249643
11.1 3.22791589933454 65.9247916293761 83.3101212409461 2.75123199582819 0.112368783710284 -0.757142524452253
11.2 3.28085739812037 65.9645938143779 83.2752586919758 2.74944564701983 0.110550089178205 -0.948742458866602
11.3 3.3338036077314 66.0045893484003 83.2406162657893 2.74755867103785 0.108594854605632 -1.14160253954561
11.4 3.38675454221406 66.0447693349643 83.206187151573 2.74555711249943 0.106779928980364 -1.32838544337897
11.5 3.43970992094669 66.0851236253177 83.171963510009 2.74342503724607 0.105394705979689 -1.49669159875902
11.6 3.49266914476002 66.1256410335291 83.137936772301 2.74114465576602 0.10472516938099 -1.63009203263953
11.7 3.54563128892248 66.1663095515812 83.1040979391991 2.73869644661678 0.105031144004168 -1.71135071395342
11.8 3.59859511178887 66.2071165644647 83.0704378800254 2.73605927984757 0.106520214013905 -1.72747605593339
11.9 3.65155907757355 66.2480490652722 83.0369476316989 2.73321054042176 0.109325453707506 -1.67449607800462
12 3.70452139147512 66.2890938702916 83.0036186977611 2.73012625163939 0.113494902772266 -1.55916500595875
12.1 3.75748004614755 66.3302378338342 82.9704433452802 2.72678120209027 0.118967949204774 -1.39600504072179
12.2 3.81043289927033 66.3714680561438 82.9374148466102 2.72314916440419 0.125506062661129 -1.20731982135163
12.3 3.86337781000955 66.4127720737457 82.904527581167 2.71920334702463 0.132804852352285 -1.01335062698542
12.4 3.91631278803182 66.4541380428774 82.8717770820594 2.7149169377795 0.140549386434732 -0.826691242597299
12.5 3.9692361268594 66.4955549226528 82.8391600805984 2.71026365098253 0.148431399247451 -0.653334954788237
12.6 4.02214651627634 66.5370126582274 82.8066745508077 2.70521827453476 0.15615800297792 -0.494666251363941
12.7 4.07504312970145 66.5785023639621 82.7743197539334 2.6997572170259 0.16345504670774 -0.349261678589793
12.8 4.12792568294159 66.6200165065885 82.7420962829538 2.6938590548358 0.170067905669669 -0.214125733326134
12.9 4.18079446146551 66.6615490883728 82.7100061070893 2.68750507923583 0.17576162130061 -0.085379310001857
13 4.23365031430125 66.7030958302811 82.6780526163125 2.68067984349033 0.180321596984636 0.0414688351913281
13.1 4.28649461362161 66.7446543517868 82.6462406632885 2.67337170380123 0.183592050380843 0.15944818130758
13.2 4.33932917625999 66.7862242634078 82.6145765385066 2.66557320017506 0.185585734219688 0.262084444475822
13.3 4.39215615151983 66.8278070377101 82.5830677758238 2.65728103093957 0.186368282831913 0.353811706025222
13.4 4.44497790214749 66.8694057930394 82.5517228911983 2.64849586718269 0.18601552945865 0.437838644645965
13.5 4.49779689073964 66.9110250738973 82.5205511188546 2.63922216103473 0.18460910425686 0.516548734287691
13.6 4.55061557453076 66.9526706313167 82.4895621474483 2.62946795395057 0.182233105577983 0.59177293490481
13.7 4.60343631040494 66.9943492032374 82.4587658562311 2.61924468499186 0.178971438477804 0.664984802951879
13.8 4.65626127125506 67.036068294882 82.4281720512151 2.60856699910922 0.174905594205602 0.737451610584515
13.9 4.70909237418911 67.0778359591315 82.3977902013381 2.5974525554244 0.170112755739358 0.810365779761733
14 4.7619312205564 67.1196605769009 82.3676291746284 2.58592183551251 0.16466418956746 0.884976681008591
14.1 4.81477904757221 67.1615506372256 82.3376969750498 2.57399794794732 0.158648391382859 0.958241253895271
14.2 4.86763669736613 67.2035145098272 82.3080004970415 2.56170633568876 0.15223796697742 1.0238515458671
14.3 4.92050461794416 67.2455601985872 82.278545324973 2.54907423683865 0.145602824227621 1.07741563661641
14.4 4.97338289154535 67.2876950875006 82.2493355502941 2.53613004823863 0.138876972086751 1.11342922011109
14.5 5.02627128146852 67.3299256863397 82.2203735893649 2.52290268533118 0.132151042307175 1.12542193088908
14.6 5.07916929201286 67.3722573763185 82.1916600012854 2.50942094202065 0.125466184661739 1.10613333883253
14.7 5.13207623652204 67.4146941557562 82.1631933057263 2.49571285053436 0.118810860506106 1.04753358194726
14.8 5.18499130900505 67.4572383857416 82.1349698007583 2.48180504128354 0.112122266508586 0.940355334979452
14.9 5.23791365562191 67.4998905357969 82.106983380683 2.46772210272447 0.105294207117442 0.772633107306898
15 5.29084244346968 67.5426489295418 82.079225353862 2.45348594121947 0.098193566710463 0.52650590312625
15.1 5.34377692459835 67.5855094969675 82.0516842670671 2.4391151517329 0.0907075952608876 0.236205622720132
15.2 5.39671647182549 67.6284656985666 82.0243458993252 2.4246246702365 0.0828496952382065 -0.0518430166851681
15.3 5.44966055266857 67.6715088857154 81.9971936860263 2.41002614122279 0.074728856546523 -0.345209916135797
15.4 5.50260868719193 67.7146288329112 81.9702093125264 2.39532856692783 0.0665097083542656 -0.650053719740669
15.5 5.55556041620304 67.7578142766205 81.9433733142707 2.3805389673889 0.0583878796093542 -0.967763130544107
15.6 5.60851527967385 67.8010534541268 81.9166656769165 2.36566304050222 0.0505640145551624 -1.2891830658149
15.7 5.66147280258146 67.8443346423789 81.8900664364557 2.35070582208062 0.0432120541989768 -1.58535768470926
15.8 5.71443248439317 67.8876466968379 81.8635562793381 2.33567234591129 0.0364385551010181 -1.79499667518154
15.9 5.767393788168 67.930979590326 81.8371171425938 2.3205683038134 0.0302359129148736 -1.80895837529378
16 5.82035612571104 67.9743249518738 81.8107328139561 2.30540070569589 0.0244469769614191 -1.43466483787402
16.1 5.87331883669342 68.0176765993467 81.7843895253844 2.29017853228955 0.0187980299817932 -0.491077359911726
16.2 5.92628116870555 68.0610309103056 81.7580763749726 2.27491319741444 0.013105804622279 1.70607957976123
16.3 5.97924227243922 68.1043867822327 81.7317853132272 2.25961852676001 0.00765170805013239 9.72122291432382
16.4 6.0322012041485 68.1477454309916 81.7055109577303 2.24431054620044 0.0055382347062149 0
16.5 6.08515693126914 68.191110183066 81.6792504012036 2.22900726278445 0.0106186142346658 5.78832971225014
16.6 6.13810834314791 68.2344862677984 81.653003019572 2.21372844572511 0.0182719323500453 1.52418683981856
16.7 6.19105426823974 68.2778806096284 81.6267702800269 2.19849540738969 0.0269184328061539 0.375832752409064
16.8 6.24399349832825 68.3213016203315 81.6005555490897 2.18333078428937 0.0362564304532542 -0.0265688230749352
16.9 6.29692481960809 68.3647589912577 81.5743639006755 2.16825831806915 0.0461506762650064 -0.183936499304819
17 6.34984704983331 68.4082634855699 81.5482019241565 2.15330263649758 0.0564945127478708 -0.243739688784484
17.1 6.40275908060534 68.4518267297046 81.5220775313689 2.1384890325348 0.0671684220231037 -0.257718004831811
17.2 6.45565993321706 68.4954609846057 81.4959997361537 2.12384319343354 0.0779852314682641 -0.248829997279597
17.3 6.50854884045513 68.5391788656135 81.4699783641721 2.10939080300077 0.0887369539011588 -0.229638959161031
17.4 6.56142533145713 68.5829930421264 81.4440237352554 2.09515709389242 0.0992111439370728 -0.206024053561278
17.5 6.61428930371476 68.626915936485 81.4181463446977 2.08116639798625 0.109191507960165 -0.18069709661005
17.6 6.66714107669703 68.6709594228565 81.3923565445488 2.06744169675469 0.118458593452656 -0.154783172271462
17.7 6.71998142224873 68.7151345261181 81.366664224907 2.05400417163778 0.126790516237696 -0.128556392002814
17.8 6.77281156744358 68.7594511207418 81.3410784952122 2.04087275441599 0.133963747407294 -0.101777844890354
17.9 6.82563316636974 68.8039176296778 81.3156073655385 2.02806367758313 0.13975398384803 -0.0738259943516926
18 6.87844823840077 68.8485407232388 81.2902574278874 2.01559002471921 0.143937112501381 -0.0436959177240406
18.1 6.93125907215338 68.8933250222548 81.2650335414333 2.00346128713249 0.146350161211532 -0.01488870615005
18.2 6.98406810500879 68.9382729122618 81.2399386205482 1.99168308349984 0.1470719865313 0.00972714143927342
18.3 7.03687780763735 68.9833846395481 81.2149736837241 1.98025729327207 0.146243748555376 0.0318718357454392
18.4 7.08969058370241 69.0286585182347 81.1901380052743 1.96918235307754 0.144008537300216 0.0527678673510126
18.5 7.14250868507061 69.074091141626 81.1654292709879 1.95845355939503 0.140510875272207 0.0733566570472398
18.6 7.19533414531353 69.1196775935615 81.1408437337834 1.94806337122651 0.135896244430039 0.0944286383984268
18.7 7.24816873345581 69.1654116597662 81.1163763693636 1.93800171276993 0.130310647296374 0.116707351854613
18.8 7.30101392897178 69.2112860392018 81.092021031869 1.92825627609209 0.123900221269336 0.140908017748674
18.9 7.35387091818806 69.257292555418 81.0677706095326 1.91881282380139 0.11681092627721 0.167780542733755
19 7.40674061151808 69.3034223679032 81.0436171803339 1.90965549172068 0.109188323415276 0.19814003891002
19.1 7.45962367946334 69.3496661824268 81.019552166961 1.90076709338529 0.10118499052931 0.239827030793025
19.2 7.51252058401678 69.3960144351554 80.9955664737855 1.89212947199778 0.0929845113140098 0.303737687734996
19.3 7.56543156972932 69.4424574101924 80.971650578175 1.88372397284943 0.0847821817902992 0.396672317353842
19.4 7.61835664827707 69.4889853308925 80.9477946038187 1.87553196319846 0.0767802611252096 0.527046793744564
19.5 7.67129559557992 69.5355884501664 80.9239883933604 1.86753535397349 0.0691919195555265 0.703688834397292
19.6 7.72424795918879 69.5822571407858 80.9002215810317 1.85971712147692 0.0622466294658306 0.932133116084861
19.7 7.7772130729594 69.6289819856888 80.8764836652856 1.85206182908843 0.0561957552759808 1.20627288470188
19.8 7.83019007640367 69.6757538682846 80.8527640814293 1.84455614896837 0.0513141535395111 1.49451081263071
19.9 7.88317793667053 69.7225640627588 80.8290522742581 1.83718938376125 0.0478892107035998 1.72752446637081
20 7.9361754718554 69.7694043243786 80.805337770688 1.82995398829915 0.0461883002471836 1.80974646141228
20.1 7.98918137494331 69.8162669780187 80.781610251486 1.82284608505802 0.0463668374240332 1.69382848136795
20.2 8.04219423041876 69.8631449604464 80.7578595995026 1.81586581718873 0.0483188516055644 1.43150595246061
20.3 8.09521250879596 69.910031745222 80.7340758882616 1.80901728923777 0.0518484998469878 1.10769378508267
20.4 8.14823455105245 69.9569212213572 80.7102493470528 1.80230834544253 0.0567595962971555 0.796036770887553
20.5 8.20125855323821 70.0038075701948 80.6863703251208 1.79575034177968 0.0628843910017327 0.53603468269766
20.6 8.25428255388599 70.0506851422894 80.6624292558547 1.78935791801334 0.0700907383093108 0.338230754242367
20.7 8.30730442597849 70.0975483342866 80.6384166209767 1.78314876974335 0.0782763103485794 0.197445805535074
20.8 8.36032187471964 70.1443914658035 80.6143229147317 1.77714342045354 0.0873592935843016 0.102847505826256
20.9 8.41333244189758 70.1912086563083 80.5901386080763 1.77136499356 0.09727036973307 0.0432208427144929
21 8.46633351721225 70.2379937020003 80.5658541128679 1.76583898445929 0.10794721511604 0.00903057691943928
21.1 8.51932235814707 70.2847399548826 80.5414597475896 1.76059302908922 0.119302165729278 -0.0101420617931804
21.2 8.57229615659623 70.3314402588382 80.5169457430025 1.75565658181459 0.131132103775296 -0.0214169194944202
21.3 8.62525220803986 70.3780870304086 80.4923023491527 1.7510603631378 0.143202615781542 -0.0272100045525144
21.4 8.67818810970179 70.4246723965764 80.4675199823058 1.74683571673452 0.155276295296598 -0.0292558016620454
21.5 8.73110194120617 70.4711883347407 80.4425893734167 1.74301396300179 0.167112456613813 -0.0287434991499984
21.6 8.78399241982572 70.5176268126913 80.4175017166 1.73962575260611 0.178467005963949 -0.0264572586007588
21.7 8.83685902394953 70.5639799285846 80.3922488176002 1.73670042003163 0.189092523815092 -0.0228892897206123
21.8 8.88970207863379 70.610240050918 80.3668232422613 1.73426533712823 0.198738610518432 -0.0183208521946673
21.9 8.94252279765381 70.6563999585053 80.3412184649976 1.73234526665963 0.207152527381808 -0.0128748875488683
22 8.9953232773642 70.7024529804514 80.3154290172633 1.73096171585155 0.21408013416269 -0.00654505319780233
22.1 9.04810643903131 70.7483931356512 80.2894506348276 1.73013229327345 0.219292687915889 0.000711268273470593
22.2 9.10087592208579 70.7942152599008 80.2632803739719 1.72987015239508 0.222664981831177 0.00906052464980235
22.3000000000001 9.15363594309594 70.8399151015637 80.236916648799 1.73018365516362 0.22409969125424 0.0188597683904874
22.4000000000001 9.20639112970724 70.8854894048508 80.2103592374648 1.73107612225555 0.223502676507149 0.0306059102181178
22.5000000000001 9.25914633328169 70.9309359926228 80.183609287214 1.73254558666224 0.220783712055926 0.0450106585413901
22.6000000000001 9.31190642567569 70.9762538491932 80.1566693194168 1.73458454727548 0.215857009576242 0.0631256225048806
22.7000000000001 9.36467608666398 71.0214432031309 80.1295432346053 1.73717972247301 0.208641523601014 0.0865602773945007
22.8000000000001 9.41745958951002 71.0665056100636 80.1022363175092 1.74031180370412 0.199061084055426 0.117880932536239
22.9000000000001 9.47026059317156 71.1114440354802 80.0747552420928 1.74395520907514 0.187044504732971 0.161385077013966
23.0000000000001 9.52308195061409 71.1562629375341 80.0471080765909 1.74807783693501 0.172526034174036 0.224715183520984
23.1000000000001 9.575925543457 71.2009683458404 80.0193042848631 1.75264083356714 0.155554756294293 0.319309307277782
23.2000000000001 9.62879215242 71.2455678361453 79.9913546320189 1.75759872764437 0.136620752841783 0.464334693564686
23.3000000000001 9.68168139264425 71.2900702406663 79.9632708470381 1.76290049569825 0.116338419117215 0.699811890734964
23.4000000000001 9.73459175287436 71.3344852543035 79.9350651896606 1.76849099435146 0.0953604716324961 1.11040835666695
23.5000000000001 9.78752073357111 71.3788230368461 79.9067500135958 1.77431240665658 0.0744372389944798 1.89438821003949
23.6000000000001 9.84046506136015 71.4230938151785 79.8783373297311 1.78030568843472 0.054591486688306 3.56185509939012
23.7000000000001 9.89342095437429 71.4673074854872 79.8498383693403 1.78641201461431 0.0376952452542774 7.31482688117272
23.8000000000001 9.94638441218719 71.5114732154662 79.821263147293 1.7925742255698 0.0280010791827023 12.4572393687154
23.9000000000001 9.99935150473194 71.5555990465246 79.7926200252625 1.79873827346033 0.0302328640191745 9.47811692966947
24.0000000000001 10.0523186368092 71.5996914959918 79.7639152749353 1.80485466856852 0.0399471025780753 4.38875467466719
24.1000000000001 10.1052827676266 71.6437551646353 79.7351526479649 1.81087991119324 0.050838059148303 1.92547691435382
24.2000000000001 10.158241549513 71.687792482258 79.7063331213175 1.81677754794959 0.0605902143631975 0.782490724532929
24.3000000000001 10.2111933500969 71.7318038038076 79.6774550878387 1.82251827464069 0.0685876644119586 0.160366079402002
24.4000000000001 10.2641372068605 71.7757876435662 79.6485147222116 1.82807966353659 0.0747038771215127 -0.237609128852766
24.5000000000001 10.3170727499624 71.819740914651 79.6195063536602 1.83344587620735 0.0789801897681102 -0.533230623681773
24.6000000000001 10.370000105379 71.8636591685147 79.5904228386529 1.83860737635601 0.0815290571938025 -0.784407692586014
24.7000000000001 10.4229197875828 71.9075368344458 79.5612559336064 1.84356064265167 0.0825013722301161 -1.02362302315364
24.8000000000001 10.4758325892479 71.9513674590693 79.5319966675887 1.84830788156249 0.0820762455114542 -1.27288592783971
24.9000000000001 10.5287394739131 71.9951439458472 79.5026357150233 1.85285674018875 0.0804611157056866 -1.55019519460649
25.0000000000001 10.5816414761503 72.0388587945792 79.4731637683922 1.8572200190959 0.0778987474306097 -1.87220490369459
25.1000000000001 10.6345396128114 72.082504340976 79.4435719101283 1.86141538158709 0.0747017436761255 -2.24166915543881
25.2000000000001 10.6874348138262 72.1260729981463 79.4138519634058 1.86546497040411 0.0713183685949157 -2.64052270327823
25.3000000000001 10.7403278856913 72.1695575029355 79.3839967893666 1.86939478943865 0.0682402928667544 -3.03561091290541
25.4000000000001 10.7932195003438 72.212951164178 79.3540005632453 1.87323399287187 0.0659381840323071 -3.36902246902946
25.5000000000001 10.8461102007614 72.2562481110217 79.3238590496823 1.87701417075352 0.064789915779606 -3.57312660134108
25.6000000000001 10.8990004182922 72.2994435412533 79.2935698780375 1.88076863458107 0.0649954491301451 -3.60580875624351
25.7000000000001 10.951890496208 72.3425339696236 79.2631328177034 1.88453170287886 0.066524048208538 -3.48028453831569
25.8000000000001 11.0047807136743 72.3855174761723 79.2325500534186 1.88833798677717 0.0691328360220394 -3.25806571796023
25.9000000000001 11.0576713044631 72.4283939545531 79.2018264605811 1.89222167559143 0.0724466455725028 -3.01339390782169
26.0000000000001 11.1105624652922 72.4711653603592 79.1709698805618 1.89621582240125 0.0760521596739167 -2.80434007444293
26.1000000000001 11.1634543498726 72.5138359543457 79.1399913894618 1.90035163579914 0.0796423659537788 -2.65140922201883
26.2000000000001 11.2163470524208 72.5564124130015 79.1089053964131 1.90465793204573 0.0832537003627811 -2.52789937084665
26.3000000000001 11.269240597974 72.5989036023883 79.0777293091825 1.90916099441129 0.0870076800734062 -2.41054979928657
26.4000000000001 11.3221349434269 72.641320219329 79.0464830293192 1.91388459292393 0.0910027082648041 -2.28515117587608
26.5000000000001 11.3750299866044 72.6836744274923 79.0151884407452 1.91885001028728 0.0952924987058386 -2.14529369513755
26.6000000000001 11.4279255820854 72.7259794934795 78.9838688983475 1.92407606779813 0.0998755889049952 -1.99060036208138
26.7000000000001 11.4808215615951 72.7682494229093 78.9525487165688 1.92957915126413 0.10469422037615 -1.82451043993014
26.8000000000001 11.5337177559767 72.8104985965041 78.9212526579989 1.93537323692146 0.109640040802991 -1.65206093012673
26.9000000000001 11.5866140152102 72.8527414061753 78.8900054219659 1.94146991735249 0.114563623964886 -1.47813761475199
27.0000000000001 11.6395102226619 72.894991891109 78.8588311331276 1.94787842740346 0.119285129647167 -1.30640922986786
27.1000000000001 11.6924063000735 72.9372633756085 78.827752832247 1.95460567187021 0.123622635099497 -1.14540558255421
27.2000000000001 11.7453022088376 72.9795681526053 78.7967920237603 1.961656299153 0.127461839805204 -0.998579114932157
27.3000000000001 11.79819796249 73.021917283101 78.7659683675115 1.96903289160223 0.130714379879671 -0.861244517079596
27.4000000000001 11.8510936400721 73.0643204412772 78.7352994272781 1.97673620183324 0.133298909181819 -0.729188001082331
27.5000000000001 11.9039893926434 73.106785761363 78.7048004214831 1.98476539080918 0.135140060404422 -0.598398249131322
27.6000000000001 11.9568854429122 73.1493196845021 78.674483973905 1.99311826592392 0.136168876313889 -0.464767500858918
27.7000000000001 12.0097820785748 73.1919268056196 78.6443598643894 2.00179151908484 0.136324681283955 -0.323753347330493
27.8000000000001 12.0626796403425 73.2346097202894 78.6144347795597 2.01078096479578 0.135558603041258 -0.169975929548828
27.9000000000001 12.115578506114 73.2773688716011 78.5847120635279 2.02008177823982 0.133839264362126 0.00328105379732377
28.0000000000001 12.1684790733292 73.320202397027 78.555191468606 2.02968873336225 0.131161609739545 0.204686174399134
28.1000000000001 12.2213817417258 73.3631059798389 78.5258689127205 2.03959643853191 0.127577502818986 0.419497144860946
28.2000000000001 12.2742868884664 73.406072818811 78.4967364111391 2.04979950924602 0.123254246120531 0.629533422888507
28.3000000000001 12.3271948240953 73.449093898188 78.4677824506767 2.0602925810217 0.118409219909977 0.838030075485706
28.4000000000001 12.3801057554183 73.4921583759405 78.4389925382135 2.07107025933076 0.113279942421456 1.04489211939463
28.5000000000001 12.4330197683976 73.5352539765686 78.4103497559161 2.08212706711318 0.108111800378847 1.24594440540697
28.6000000000001 12.4859368300926 73.5783673839066 78.3818353164595 2.09345739229049 0.103143021609529 1.43229071437883
28.7000000000001 12.5388568069186 73.621484633927 78.3534291182489 2.10505543527917 0.098585407094812 1.59044725019368
28.8000000000001 12.5917794955442 73.664591507545 78.3251103006411 2.11691515650414 0.0946010161792849 1.70404367087668
28.9000000000001 12.6447046621075 73.7076739234228 78.2968577991662 2.12903022391208 0.091277780579277 1.75739238810572
29.0000000000001 12.6976320850988 73.7507183307734 78.2686509007495 2.14139396048493 0.088609966783841 1.73994368638867
29.1000000000001 12.7505615967306 73.793712098145 78.2404697950416 2.15399929466772 0.0865169821798459 1.67269477346368
29.2000000000001 12.8034931064312 73.8366437976692 78.2122960245665 2.16683878657217 0.0849550700512064 1.57807949765191
29.3000000000002 12.8564265870135 73.8795032239531 78.1841126780255 2.17990484653407 0.0838888701797411 1.45503183413456
29.4000000000002 12.9093620467392 73.9222813084349 78.1559044824183 2.19319002944641 0.0832734507914332 1.30421690263043
29.5000000000002 12.9622995005195 73.9649700297208 78.1276578912734 2.2066873320069 0.0830583190505848 1.12772015297659
29.6000000000002 13.0152389407809 74.0075623239205 78.0993611728777 2.22039048996553 0.0831934763977386 0.928537220827194
29.7000000000002 13.0681803081319 74.0500519949831 78.0710044985074 2.23429427537218 0.0836369386263648 0.710087067540978
29.8000000000002 13.1211234621643 74.0924336250335 78.0425800306573 2.24839479382412 0.0843631282601493 0.475952577905079
29.9000000000002 13.1740681529828 74.1347024847077 78.014082011271 2.26268978171358 0.0853716298162219 0.229972816247922
30.0000000000002 13.2270139943858 74.1768544434896 77.9855068499715 2.27717890347534 0.0866958285972077 -0.0232920122538217
30.1000000000002 13.2799604403737 74.2188858801673 77.9568532099588 2.29186404520374 0.0883946528117941 -0.261252133621702
30.2000000000002 13.3329067752166 74.2607935964359 77.9281220332888 2.30674951387663 0.0905058104871653 -0.462716540878694
30.3000000000002 13.3858521308122 74.3025747384844 77.8993164122669 2.32184199696591 0.0930817027499852 -0.62507772248665
30.4000000000002 13.4387955164134 74.3442267217287 77.8704414002222 2.33715042765496 0.0961899305981897 -0.746914588375461
30.5000000000002 13.4917358528559 74.3857471556648 77.84150381995 2.35268584642559 0.0998993808760558 -0.828369954563139
30.6000000000002 13.5446720119308 74.427133768723 77.8125120721535 2.36846126264491 0.104268858150755 -0.871496931767617
30.7000000000002 13.597602861493 74.4683843331207 77.7834759438867 2.38449151615229 0.109339032663654 -0.880270200152631
30.8000000000002 13.6505273165071 74.5094965897171 77.7544064169962 2.40079313884627 0.115128057969591 -0.860172789031986
30.9000000000002 13.7034443958963 74.5504681728659 77.7253154765638 2.41738421627149 0.121630624337173 -0.817483022794624
31.0000000000002 13.7563532847511 74.5912965352694 77.6962159193486 2.43428424920558 0.128819689040322 -0.758496789517099
31.1000000000002 13.8092534011104 74.6319788734078 77.667121161448 2.45151401232416 0.136628779322467 -0.686475586782269
31.2000000000002 13.8621444637385 74.6725120679417 77.6380450256465 2.4690953368949 0.144891224454719 -0.605842171733505
31.3000000000002 13.9150265512456 74.7128926621216 77.6090014772028 2.48705070062234 0.153405897473297 -0.522333461405022
31.4000000000002 13.9679001468937 74.7531168551704 77.5800043393241 2.50540274152186 0.161963638115078 -0.43944744415068
31.5000000000002 14.020766165809 74.7931804962421 77.55106700786 2.52417376887172 0.170351727768773 -0.358943737238667
31.6000000000002 14.0736259604368 74.8330790783796 77.5222021659953 2.54338527416496 0.178357175766264 -0.281326459062249
31.7000000000002 14.126481300203 74.8728077324737 77.493421498944 2.56305744206148 0.185769205436572 -0.206221796137243
31.8000000000002 14.1793343217561 74.912361221221 77.4647354086423 2.58320866134001 0.192381320564644 -0.132629059689533
31.9000000000002 14.2321874468023 74.9517339330825 77.4361527284423 2.60385503585009 0.197993272005512 -0.0590529756504431
32.0000000000002 14.28504326541 74.9909198762416 77.4076804378051 2.62500989546407 0.20241318979837 0.016469685785134
32.1000000000002 14.3379043841761 75.0299126725567 77.3793233822957 2.64668331502748 0.205520276290921 0.0873397009834258
32.2000000000002 14.3907732531123 75.0687055513432 77.3510841314054 2.66888184126708 0.207446160364579 0.147267817659454
32.3000000000002 14.4436520118386 75.1072913427277 77.3229631862471 2.69160874759137 0.208390638170067 0.198093648057326
32.4000000000002 14.4965423662139 75.1456624708322 77.2949593250776 2.71486449684883 0.208557728056276 0.240653433440347
32.5000000000002 14.5494454926485 75.1838109469526 77.2670699541226 2.73864721208447 0.208152605489205 0.275033143356786
32.6000000000002 14.6023619714698 75.2217283627366 77.2392914584004 2.76295314729648 0.207378878133891 0.300746136065019
32.7000000000002 14.6552917499601 75.2594058833615 77.2116195525462 2.78777715819273 0.206436102505856 0.316884592558344
32.8000000000002 14.708234134839 75.296834240713 77.1840496316362 2.81311317294742 0.205517558132407 0.322276666309091
32.9000000000002 14.761187813364 75.3340037265626 77.1565771220117 2.83895466295761 0.204808390375677 0.315667884231676
33.0000000000002 14.8141509018677 75.3709041857461 77.1291978321038 2.86529511359985 0.204484312894666 0.29593178014032
33.1000000000002 14.8671210210602 75.407525011579 77.1019082999121 2.89212848974479 0.204667679492433 0.267253661036719
33.2000000000002 14.9200954102633 75.4438551994511 77.0747060535242 2.91944956498128 0.205298975767405 0.235048095077132
33.3000000000002 14.9730710887902 75.4798835481038 77.0475896508872 2.94725390487217 0.206270368605165 0.200191645397842
33.4000000000002 15.026045021316 75.5155989190866 77.0205586326197 2.97553771391958 0.207470374229367 0.163416272476782
33.5000000000002 15.0790142679768 75.5509904984507 76.9936134714778 3.00429767728817 0.208784754923797 0.125270365792289
33.6000000000002 15.1319761182428 75.5860480584425 76.9667555218222 3.03353080252852 0.210097387236766 0.0860978297901357
33.7000000000002 15.1849282082451 75.6207622191981 76.9399869690851 3.06323426130035 0.211291089562462 0.0460296698736287
33.8000000000002 15.2378686212334 75.6551247104366 76.9133107792363 3.09340523109592 0.212248420729316 0.00498152193615129
33.9000000000002 15.2907959709038 75.6891286331537 76.8867306482503 3.12404073696327 0.212852480749972 -0.0373495032623078
34.0000000000002 15.3437094674617 75.7227687213162 76.8602509515731 3.1551374932296 0.212987760513671 -0.0814950532622507
34.1000000000002 15.3966089655535 75.7560416010618 76.8338766927207 3.1866917455863 0.212553001313339 -0.124616489295268
34.2000000000002 15.4494949719628 75.7889459850764 76.8076134293197 3.21869912258085 0.211497974807269 -0.16388554592127
34.3000000000002 15.5023685812477 75.8214827024186 76.7814671418816 3.25115451098719 0.209787919003358 -0.200004992778393
34.4000000000002 15.5552313820045 75.8536546635199 76.7554440800182 3.2840519405829 0.207390845558275 -0.233656203979685
34.5000000000002 15.6080853586305 75.8854668226931 76.7295506077898 3.31738446928815 0.2042768367059 -0.265524372927274
34.6000000000002 15.6609327903889 75.9169261406388 76.7037930490529 3.3511440683046 0.200417502225391 -0.296330629543856
34.7000000000002 15.7137761486831 75.9480415469539 76.678177532808 3.38532150725439 0.19578556699069 -0.326874306556939
34.8000000000002 15.7666179935072 75.9788239026385 76.6527098385477 3.41990623931906 0.190354571135708 -0.358091217274055
34.9000000000002 15.8194608701131 76.0092859626034 76.6273952416044 3.4548862863785 0.184098678154661 -0.391138045143968
35.0000000000002 15.8723072070342 76.0394423381782 76.6022383584985 3.49024812414987 0.176992603879494 -0.427520380455465
35.1000000000002 15.9251592165355 76.0693094560441 76.5772429949071 3.52597657188613 0.169057123842158 -0.470055400920761
35.2000000000002 15.9780187961941 76.0989054242409 76.5524120617905 3.56205480062221 0.160496032462463 -0.520298237461922
35.3000000000002 16.03088743882 76.1282496622835 76.5277476645314 3.59846464235023 0.151560295243869 -0.577871497254351
35.4000000000002 16.0837661718652 76.157362438351 76.5032512602309 3.63518701774244 0.142501450052476 -0.64155338863266
35.5000000000002 16.1366555300145 76.1862644029027 76.4789238176258 3.67220236843369 0.133569720826778 -0.708674631510529
35.6000000000002 16.1895555564597 76.2149761222932 76.454765977006 3.70949108930389 0.125011196712852 -0.774348267273014
35.7000000000002 16.2424658278032 76.2435176123881 76.4307782101322 3.7470339607605 0.117063623842254 -0.830665512268908
35.8000000000002 16.2953854975272 76.2719078721797 76.4069609801531 3.784812581021 0.109950537921567 -0.866212171851629
35.9000000000002 16.3483133532431 76.3001644174019 76.3833149015227 3.82280979839537 0.103874102783473 -0.866525236486368
36.0000000000002 16.4012478835049 76.3283028141463 76.3598408999179 3.86101014356855 0.099008280430082 -0.816194941221862
36.1000000000002 16.4541873511092 76.356336218055 76.3365403694759 3.89940025657485 0.0954437266509152 -0.718974672129684
36.2000000000002 16.5071298766139 76.3842750585323 76.3134152603455 3.93796917576258 0.0930439197003511 -0.593454497825491
36.3000000000002 16.5600735342465 76.4121270910785 76.2904679893457 3.97670827642618 0.0916231384453321 -0.449659849350908
36.4000000000002 16.6130164406549 76.4398975946435 76.267701280938 4.01561107142859 0.0910079471314312 -0.298045146231303
36.5000000000002 16.6659568302727 76.4675895745566 76.2451180055194 4.0546730065155 0.0910419103310024 -0.147728067174075
36.6000000000003 16.718893119443 76.495203965457 76.2227210177142 4.09389125562966 0.0915870161279112 -0.00551898336205659
36.7000000000003 16.771823961174 76.5227398342243 76.200512994667 4.13326451622516 0.092522381488951 0.124303981240321
36.8000000000003 16.8247482918725 76.5501945829085 76.1784962743352 4.17279280458171 0.0937412740283919 0.239736623791798
36.9000000000003 16.8776653709572 76.577564151661 76.1566726937812 4.21247725111893 0.0951474863909144 0.340578500031695
37.0000000000003 16.9305748138731 76.6048432216642 76.1350434274651 4.25231989571063 0.0966518507093788 0.427937894769509
37.1000000000003 16.9834766181905 76.6320254187246 76.1136088281721 4.29232348325163 0.0981819794589013 0.49542440346223
37.2000000000003 17.036371169649 76.6591035340838 76.0923683364525 4.33249126579062 0.0997149473152971 0.536786143456659
37.3000000000003 17.0892592086346 76.6860697889372 76.0713205639762 4.3728268213304 0.101231512202632 0.55411020077504
37.4000000000003 17.1421417806038 76.7129161161721 76.0504634454003 4.41333387919434 0.102700150099539 0.549531309292755
37.5000000000003 17.1950201836816 76.7396344427669 76.0297943928712 4.45401614564512 0.104076082603924 0.525139394164588
37.6000000000003 17.2478959131468 76.7662169721914 76.0093104505263 4.49487712950371 0.105301804808381 0.482824709806086
37.7000000000003 17.3007706019344 76.7926564668061 75.9890084489968 4.53591996776817 0.106308801161405 0.424083052314633
37.8000000000003 17.3536459563262 76.8189465302621 75.9688851599097 4.57714725123254 0.107020169603887 0.349799832687394
37.9000000000003 17.4065236861393 76.8450818899012 75.9489374503898 4.61856085010573 0.107353956849482 0.260018333715323
38.0000000000003 17.4594054289388 76.871058679155 75.929162437562 4.66016173963036 0.10722714055324 0.153679621806883
38.1000000000003 17.5122926685347 76.8968747153266 75.9095576424671 4.7019498288155 0.106589747827526 0.0427553391353288
38.2000000000003 17.5651866592858 76.9225296572858 75.8901211287264 4.7439238701298 0.105518364604218 -0.0613298702063518
38.3000000000003 17.6180883792301 76.9480248583319 75.870851602493 4.78608157470944 0.104129698803408 -0.160516153381768
38.4000000000003 17.6709985022224 76.9733630989712 75.8517484971533 4.82841980852647 0.102549241244405 -0.255514875631306
38.5000000000003 17.7239173802434 76.9985483150754 75.8328120574401 4.87093479167102 0.100909290184709 -0.345784878070016
38.6000000000003 17.7768450356001 77.0235853260401 75.8140434235472 4.91362229763353 0.0993469806635937 -0.429486290662241
38.7000000000003 17.8297811628852 77.048479562944 75.7954447152438 4.9564778525869 0.0980019940294309 -0.503503923536612
38.8000000000003 17.8827251403961 77.0732367967065 75.7770191159879 4.99949693466877 0.0970137284914872 -0.563652134072182
38.9000000000003 17.9356760506254 77.097862866247 75.7587709570412 5.04267517326366 0.0965178952940907 -0.605161774185022
39.0000000000003 17.9886327094346 77.1223634066437 75.7407058015827 5.08600854828521 0.0966427837597414 -0.623477728710926
39.1000000000003 18.0415937037356 77.1467435776343 75.7228305245262 5.12949358766626 0.0974755877375478 -0.607347620010897
39.2000000000003 18.0945574402714 77.1710078010375 75.7051532806241 5.17312751825367 0.0989659458271814 -0.551270414943814
39.3000000000003 18.147522205749 77.1951595208136 75.6876831889891 5.21690829842277 0.101011696209885 -0.461569780094382
39.4000000000003 18.2004862264115 77.219200972045 75.6704299059025 5.26083460409668 0.103494462981298 -0.345269813683953
39.5000000000003 18.2534477216157 77.2431329502591 75.6534031933256 5.30490581297332 0.106288401980347 -0.208719637167923
39.6000000000003 18.3064049504419 77.2669545807513 75.6366124874111 5.34912198875258 0.109269765264682 -0.0567418142506603
39.7000000000003 18.3593562507 77.2906630879085 75.6200664670146 5.39348386536341 0.112326432005629 0.107660516627035
39.8000000000003 18.4123000700278 77.3142535645321 75.6037726222058 5.43799283119091 0.115367255996694 0.283162437341298
39.9000000000003 18.4652349892722 77.337718741161 75.5877368227803 5.48265091330345 0.118331583571725 0.469687591496576
40.0000000000003 18.518159738992 77.3610487553949 75.5719628867707 5.52746076167978 0.121199519740355 0.667772697003952
40.1000000000003 18.5710732108532 77.3842309278567 75.5564521536439 5.57242563177 0.124000960275598 0.850881813878536
40.2000000000003 18.6239744694543 77.4072497107737 75.5412031793245 5.61754932373783 0.126796973272361 0.994885647487166
40.3000000000003 18.6768627719636 77.430087074746 75.5262117404701 5.66283601173973 0.129644428809674 1.10347217935607
40.4000000000003 18.7297375916246 77.4527230681337 75.5114709605734 5.70829002988536 0.13257878666983 1.180301995954
40.5000000000003 18.7825986412646 77.4751363830832 75.4969714407495 5.75391565653181 0.135604014666429 1.22949426691953
40.6000000000003 18.8354458947823 77.4973049215542 75.4827013905234 5.79971689857794 0.138687462965266 1.2558095051585
40.7000000000003 18.8882796039898 77.5192063613455 75.4686467586174 5.84569727575866 0.141759089744768 1.26456565593357
40.8000000000003 18.9411003077047 77.5408187221219 75.4547913637389 5.89185960493919 0.144714184224141 1.26139894867981
40.9000000000003 18.9939088297749 77.5621209314406 75.4411170253676 5.93820578440941 0.147418568757847 1.25200410514164
41.0000000000003 19.0467062627557 77.5830933907776 75.4276036945429 5.98473657817811 0.149715292572678 1.24196603954897
41.1000000000003 19.0994939344756 77.6037185370979 75.4142295893211 6.03145140381615 0.151479741211867 1.22788296950041
41.2000000000003 19.1522733621241 77.6239812885585 75.4009714516357 6.07834821256967 0.152757835621467 1.20073941382126
41.3000000000003 19.2050462131585 77.6438691960886 75.3878051123365 6.12542360369741 0.153604036238613 1.15819013478951
41.4000000000003 19.2578142766675 77.6633724791024 75.3747061776327 6.17267303107806 0.154029605212044 1.09858797517309
41.5000000000003 19.3105794395439 77.682484056756 75.3616507202047 6.22009101336649 0.154003630225259 1.02076824703038
41.6000000000003 19.363343663812 77.7011995792042 75.3486159703168 6.26767134415001 0.153456681401683 0.923694389575385
41.7000000000003 19.416108961758 77.7195174588569 75.335581006929 6.31540730210453 0.152287018991516 0.805951442696958
41.8000000000003 19.4688773659969 77.7374389016357 75.3225274488093 6.36329186115086 0.150369232171088 0.665069313673498
41.9000000000003 19.5216508924497 77.754967938231 75.3094401456461 6.41131790061088 0.147565407040595 0.496620777653974
42.0000000000003 19.5744314953874 77.7721114553586 75.2963078691601 6.45947841536379 0.143739510791639 0.29296609986397
42.1000000000003 19.6272210148277 77.7888792221019 75.2831239921926 6.50776672398275 0.138817348334012 0.0766762345801323
42.2000000000003 19.6800211099967 77.8052837884879 75.2698868551601 6.55617662436198 0.132934103115049 -0.127566266919634
42.3000000000003 19.7328331767382 77.8213400597321 75.2565993389047 6.60470241605061 0.126319206950889 -0.325757726598974
42.4000000000003 19.7856582804462 77.8370647427159 75.2432681249102 6.65333887007694 0.119240552608319 -0.520855297652209
42.5000000000003 19.8384971183116 77.8524757875504 75.2299029434953 6.7020811967532 0.111989602964896 -0.711720420312254
42.6000000000003 19.8913500100734 77.8675918291405 75.2165158220058 6.75092501348022 0.104866391606317 -0.891551820511993
42.7000000000003 19.9442169140186 77.8824316287479 75.2031203330074 6.79986631255214 0.0981616496495971 -1.04622629343307
42.8000000000003 19.9970974635689 77.8970135155556 75.1897308424782 6.84890142896117 0.0921343438267827 -1.15364755479498
42.9000000000003 20.049991018987 77.911354828231 75.1763617580016 6.89802700820225 0.0869856696809496 -1.18575410563666
43.0000000000003 20.1028967285067 77.9254713564899 75.1630267769584 6.94723997407779 0.0828354944669006 -1.11423458527405
43.1000000000003 20.1558135931269 77.9393767884447 75.14973814497 6.99653749717241 0.0796960528087536 -0.977975765871192
43.2000000000003 20.2087405196246 77.9530823083487 75.1365061808533 7.04591698074878 0.0774687907363004 -0.839442586369134
43.3000000000003 20.2616763398994 77.9665965761148 75.1233394781037 7.09537609086626 0.0760660051162468 -0.709800697091744
43.4000000000003 20.3146198122699 77.9799258572314 75.1102453728902 7.14491280392054 0.0754349297535924 -0.598633399603265
43.5000000000003 20.367569617715 77.9930741584617 75.0972304223013 7.19452545485346 0.0755531806922893 -0.513143686530328
43.6000000000004 20.4205243539596 78.0060433635436 75.0843008825898 7.24421278536268 0.076423207882841 -0.457619801990771
43.7000000000004 20.4734825294488 78.0188333688891 75.0714631874186 7.29397399211147 0.0780671394040703 -0.433171089584661
43.8000000000004 20.5264425589755 78.0314422192844 75.0587244261062 7.34380877493842 0.080523027078379 -0.437801708060196
43.9000000000004 20.5794027626236 78.0438662435892 75.0460928218719 7.3937173850672 0.0838429587805034 -0.466866487844123
44.0000000000004 20.6323613697421 78.0561001904367 75.0335782100813 7.4437006733163 0.0880929275610503 -0.513857386732753
44.1000000000004 20.6853165304469 78.0681373650426 75.0211925092706 7.49376013683925 0.0933163922927134 -0.54926567833473
44.2000000000004 20.7382663499792 78.0799697948564 75.0089500044181 7.54389792765755 0.0994137752279425 -0.554772021441266
44.3000000000004 20.7912089642271 78.0915884684273 74.9968671536123 7.59411676420586 0.106239107707236 -0.539790489656544
44.4000000000004 20.8441426277035 78.102983603113 74.9849622069678 7.6444198046698 0.11363616525751 -0.512470917128485
44.5000000000004 20.897065797331 78.1141449138977 74.9732548183196 7.69481051885437 0.121440435482665 -0.479045219911077
44.6000000000004 20.9499772092414 78.1250618822094 74.9617656569176 7.74529256005225 0.129481243039574 -0.443857288909195
44.7000000000004 21.0028759458761 78.135724024738 74.9505160191209 7.79586963691215 0.137583567362464 -0.409708071275029
44.8000000000004 21.0557614903374 78.1461211622531 74.9395274400925 7.8465453853072 0.145569439036875 -0.378274198078576
44.9000000000004 21.1086337647536 78.156243688422 74.9288213054931 7.89732324020325 0.153258977461235 -0.350482083395894
45.0000000000004 21.1614931494012 78.166082838627 74.918418463176 7.94820630752723 0.160471190482201 -0.326799951602042
45.1000000000004 21.2143404796549 78.1756309554633 74.9083388353107 7.99919723693541 0.167043588409423 -0.302063325542753
45.2000000000004 21.2671770233465 78.18488166791 74.8986010416622 8.0502981179784 0.172887558129813 -0.271405275571451
45.3000000000004 21.3200044492868 78.193829851363 74.8892220511921 8.1015104356581 0.177928907632239 -0.235206080851211
45.4000000000004 21.3728247846712 78.2024715013424 74.8802168448144 8.15283504938145 0.182089875758137 -0.193447535280884
45.5000000000004 21.4256403574796 78.2108036038789 74.8715980785816 8.20427217281409 0.185290825679104 -0.145720291736687
45.6000000000004 21.4784537235989 78.2188240059001 74.8633757468706 8.25582135373393 0.187452171546234 -0.0911899197428004
45.7000000000004 21.5312675790331 78.2265312856173 74.855556845568 8.30748145388485 0.188496619132562 -0.0285175765079167
45.8000000000004 21.5840846581172 78.2339246229118 74.8481450352563 8.35925062883027 0.188351867953349 0.0442767472265125
45.9000000000004 21.6369076192931 78.2410036697218 74.8411403043994 8.41112630780682 0.186954027652703 0.130030141937343
46.0000000000004 21.6897389207201 78.2477684204286 74.8345386325281 8.46310517357794 0.18425217475486 0.232766523240669
46.1000000000004 21.7425806891901 78.25421908407 74.8283316627459 8.51518314358197 0.180259000308779 0.341458162519986
46.2000000000004 21.7954345981956 78.2603560040567 74.8225066165445 8.56735538473563 0.17518333305802 0.442796036335716
46.3000000000004 21.8483017893417 78.2661796984693 74.8170468237151 8.61961641367044 0.169283795675791 0.537301084900663
46.4000000000004 21.901182838932 78.271690947859 74.8119324945699 8.67196023062461 0.162815954849418 0.623818650125489
46.5000000000004 21.9540777616035 78.2768908848743 74.8071415014834 8.72438045462934 0.156024937856412 0.699416579845595
46.6000000000004 22.0069860475108 78.2817810838884 74.8026501604336 8.77687045869506 0.149137514447411 0.759267793589521
46.7000000000004 22.0599067286915 78.2863636506258 74.7984340125435 8.82942350499782 0.14235366648319 0.796635086936791
46.8000000000004 22.1128384694725 78.2906413117899 74.7944686056218 8.88203288006548 0.135838280563558 0.803077306352195
46.9000000000004 22.1657796754333 78.2946175046893 74.7907302757047 8.9346920299641 0.129714412468357 0.768948202498563
47.0000000000004 22.2187286155304 78.2982964668658 74.7871969285967 8.98739469548419 0.124060460814557 0.684148479047479
47.1000000000004 22.2716835516334 78.3016833252213 74.7838488129571 9.04013504597428 0.118886003668108 0.565138067972822
47.2000000000004 22.3246428495915 78.3047841721668 74.7806690735589 9.09290777800323 0.114072715518013 0.436738295449779
47.3000000000004 22.3776050299268 78.307606108821 74.7776437465231 9.1457081247418 0.1094917571753 0.300990364689007
47.4000000000004 22.4305687859338 78.310157275231 74.7747615347264 9.19853183017298 0.105036862387826 0.159034602132875
47.5000000000004 22.4835329913958 78.3124468800926 74.7720135747532 9.25137512194951 0.100624024086217 0.0110144990492522
47.6000000000004 22.5364967010724 78.3144852304707 74.7693932038477 9.30423468425154 0.0961904828425596 -0.143972933570367
47.7000000000004 22.5894591459314 78.3162837615204 74.7668957268665 9.35710763064412 0.0916934723660883 -0.307930540437826
47.8000000000004 22.6424197247675 78.3178550662071 74.7645181832307 9.40999147693483 0.0871091441041867 -0.484057027103953
47.9000000000004 22.6953779935642 78.3192129250275 74.7622591138782 9.46288411403137 0.0824320713946258 -0.676907091239658
48.0000000000004 22.7483336537014 78.3203723357303 74.7601183282157 9.51578378079909 0.0776757515999481 -0.892607073683704
48.1000000000004 22.8012865396778 78.3213495428801 74.7580966694796 9.5686890366379 0.0728687468719755 -1.1313125225128
48.2000000000004 22.8542366013982 78.3221620633567 74.7561957387056 9.62159872676043 0.0680361055817925 -1.39402415800134
48.3000000000004 22.9071838719236 78.3228287015347 74.7544175136318 9.674511928943 0.0632118163960551 -1.69209305475136
48.4000000000004 22.9601284290508 78.3233695603982 74.7527639262112 9.72742789297775 0.0584478675517397 -2.04126669837651
48.5000000000004 23.0130703563067 78.3238060524989 74.7512364385327 9.78034597984426 0.0538245263791365 -2.46215767387238
48.6000000000004 23.0660097037834 78.3241609109139 74.7498356187416 9.83326560088103 0.0494697146685928 -2.97766760692173
48.7000000000004 23.1189464491581 78.3244582002044 74.7485607169604 9.88618615695698 0.0455902098078315 -3.60107004342392
48.8000000000004 23.1718804595002 78.3247233273736 74.7474092412094 9.93910697764303 0.0425120237346917 -4.30367562684461
48.9000000000004 23.2248114548453 78.3249830528248 74.7463765333275 9.99202726038356 0.0407080520782189 -4.9612568082479
49.0000000000004 23.2777389750131 78.3252655013194 74.7454553448932 10.044946009668 0.0407572213255529 -5.34156041828499
49.1000000000004 23.3306623526854 78.3256001673168 74.7446354221222 10.0978619772918 0.0432054376377418 -5.15526353721145
49.2000000000004 23.3835807186397 78.3260177742289 74.7439033241748 10.1507736309452 0.0482755807662589 -4.41462616923018
49.3000000000004 23.4364930795443 78.3265497628432 74.7432428339631 10.2036791947103 0.0555829394504246 -3.50259185446012
49.4000000000004 23.4893984308539 78.3272276336619 74.7426356023683 10.256576717886 0.0644298093821855 -2.6933548058483
49.5000000000004 23.5422958751256 78.3280822836217 74.7420618014341 10.3094641449024 0.0741053355026643 -2.06359459269167
49.6000000000004 23.5951847362841 78.3291433428138 74.7415007775609 10.3623393852352 0.0839889873311373 -1.59454847340135
49.7000000000004 23.648064660864 78.3304385112037 74.7409317046996 10.4152003833197 0.0935500969283969 -1.2461658900365
49.8000000000004 23.7009356974342 78.3319928953514 74.7403342375457 10.4680451884658 0.102322935253543 -0.982847954752198
49.9000000000004 23.7537983461469 78.3338283451312 74.7396891647334 10.5208720247717 0.109884651355203 -0.777896226817731
50.0000000000004 23.8066535716814 78.3359627904517 74.738979062029 10.5736793610389 0.115840483258237 -0.611931002486244
50.1000000000004 23.8595027745725 78.3384095863271 74.7381889396778 10.6264659800141 0.119884114064655 -0.48120760137577
50.2000000000004 23.9123477155996 78.3411770750818 74.7373067377034 10.6792310301688 0.122004687388864 -0.380415901195352
50.3000000000004 23.9651904008996 78.3442686997394 74.7363234352465 10.7319740331452 0.122280087708378 -0.296797755117389
50.4000000000004 24.0180329575725 78.3476833345456 74.7352330078562 10.7846948737395 0.120801541879188 -0.221516577939795
50.5000000000004 24.0708775143903 78.3514156238418 74.7340323789345 10.837393789213 0.117669483654396 -0.147432386005127
50.6000000000004 24.123726093285 78.3554563209392 74.7327213711807 10.8900713586028 0.112991500374247 -0.0675600941386093
50.7000000000005 24.1765805159789 78.359792626992 74.7313026580352 10.9427284920335 0.106881751363537 0.0264122269827431
50.8000000000005 24.229442329136 78.3644085298724 74.7297817151237 10.9953664200276 0.0994619130274624 0.146130681959117
50.9000000000005 24.2823127504915 78.3692851430433 74.7281667717017 11.0479866828171 0.0908644055259282 0.310027380757677
51.0000000000005 24.335192637581 78.3744010444327 74.7264687620981 11.1005911196543 0.0812399067339463 0.550140280491758
51.1000000000005 24.3880824796879 78.3797326178398 74.7247012735201 11.1531818575006 0.0707988009144153 0.909582458238827
51.2000000000005 24.4409824075446 78.3852544601837 74.7228803992215 11.205761283526 0.0599134958828675 1.46580716077186
51.3000000000005 24.4938922132157 78.3909399558886 74.7210243514416 11.2583319765154 0.0490940803529241 2.38357271868292
51.4000000000005 24.5468113895947 78.3967619171125 74.7191529797087 11.3108966220861 0.0390887198187979 3.93471577441598
51.5000000000005 24.5997391899454 78.4026932265073 74.7172872855039 11.3634579272826 0.0311324526799249 6.25424878777689
51.6000000000005 24.6526747004462 78.4087074799792 74.7154489369238 11.4160185351716 0.0270774249909645 8.03293799810936
51.7000000000005 24.7056169181164 78.4147796294493 74.7136597833447 11.4685809394367 0.0281553663167283 6.92134335855544
51.8000000000005 24.7585648266163 78.4208866256137 74.7119413700857 11.5211473989735 0.0331295908950032 4.41003519261591
51.9000000000005 24.8115174629501 78.4270080607045 74.7103144530722 11.5737198524844 0.0397340300617849 2.49167379855709
52.0000000000005 24.8644739690637 78.4331268112495 74.7087985134995 11.6262998330734 0.046421720987741 1.27462614916599
52.1000000000005 24.9174336234778 78.4392296748151 74.7074112747684 11.6788883833545 0.0523687255898791 0.499050522497632
52.2000000000005 24.970395844357 78.4453078502784 74.7061682784986 11.7314859839059 0.0572229115837896 -0.026531691699801
52.3000000000005 25.0233601560918 78.451357020908 74.705082610508 11.7840925156034 0.060853726988379 -0.434982475996439
52.4000000000005 25.0763261342822 78.4573772809735 74.7041646858704 11.8367072353002 0.0632386405462586 -0.800117633976838
52.5000000000005 25.129293339915 78.4633730563387 74.7034220362444 11.8893287520196 0.0644336142158372 -1.16962037458908
52.6000000000005 25.1822612475005 78.4693530250531 74.7028590972037 11.9419550031478 0.0645748574295512 -1.57965093921462
52.7000000000005 25.2352291718733 78.4753300379447 74.7024769955654 11.9945832306268 0.063901508110661 -2.05872098596807
52.8000000000005 25.2881961985731 78.481321039212 74.7022733367204 12.0472099571478 0.0627964644902961 -2.62056997226822
52.9000000000005 25.341161122978 78.4873469870166 74.7022419919624 12.0998309623432 0.0618381367877754 -3.24121789791849
53.0000000000005 25.394122403642 78.4934327740751 74.7023728858175 12.1524412589803 0.0618333709791414 -3.82353150546633
53.1000000000005 25.4470781365402 78.4996071408695 74.7026517894557 12.2050350709189 0.063757498654695 -4.13254892537934
53.2000000000005 25.5000260793904 78.5059023969185 74.7030602722396 12.2576058569618 0.0684117963154767 -3.99740741787021
53.3000000000005 25.5529637673179 78.5123536548207 74.7035760546976 12.3101464512013 0.076001226778518 -3.52569208199307
53.4000000000005 25.6058886801181 78.5189978723587 74.7041735196338 12.3626492492588 0.086157862704289 -2.93621275817291
53.5000000000005 25.6587984290022 78.525872887222 74.7048242293204 12.4151063962887 0.0982156221699803 -2.38842415057448
53.6000000000005 25.7116909501183 78.5330164517287 74.7054974426898 12.4675099749825 0.111449217970564 -1.94380058814753
53.7000000000005 25.7645646914734 78.5404652675479 74.7061606325275 12.5198521935733 0.125182349437227 -1.60606463219118
53.8000000000005 25.8174187790658 78.5482540204222 74.7067800026634 12.5721255738402 0.138810214757175 -1.35881387875998
53.9000000000005 25.8702531480112 78.5564144148895 74.7073210051648 12.6243231391118 0.151790528965979 -1.18343136343803
54.0000000000005 25.9230686252247 78.5649742090056 74.7077488575285 12.6764386022715 0.163629574398245 -1.06497741937925
54.1000000000005 25.9758669513008 78.5739562609571 74.7080290573044 12.7284665511764 0.173959805059654 -0.987792085548765
54.2000000000005 26.0286507222995 78.5833778848336 74.7081278299343 12.7804025668914 0.182791806847201 -0.934846561290124
54.3000000000005 26.0814232513665 78.5932509911886 74.7080124070607 12.8322431713689 0.190233591300364 -0.896726880391195
54.4000000000005 26.1341884043376 78.6035825367598 74.70765123805 12.8839857079429 0.196394238769591 -0.867357793345411
54.5000000000005 26.1869504338101 78.6143749860801 74.7070141989481 12.9356282192385 0.2013791825183 -0.842564636297504
54.6000000000005 26.2397138162983 78.6256267730885 74.7060728014351 12.9871693250807 0.205286872292248 -0.819303204381133
54.7000000000005 26.2924830952532 78.6373327627408 74.7048004017805 13.0386081004043 0.20820624857485 -0.795226947006336
54.8000000000005 26.3452627316888 78.6494847126211 74.7031724097986 13.0899439531633 0.210214806278516 -0.768430942301654
54.9000000000005 26.3980569632762 78.6620717345521 74.7011664978029 13.1411765022398 0.211377194713284 -0.737289295737644
55.0000000000005 26.4508696720509 78.6750807562067 74.6987628095618 13.192305455354 0.21174438386955 -0.700339414973076
55.1000000000005 26.5037042603295 78.6884969824619 74.6959441651227 13.2433304868108 0.21137398222728 -0.661870599357875
55.2000000000005 26.5565635350075 78.7023043500852 74.692696158236 13.2942511110219 0.210397843305501 -0.625278393525526
55.3000000000005 26.6094496069403 78.7164859654936 74.6890069811491 13.3450665453044 0.20896944254225 -0.588030173038108
55.4000000000005 26.6623638141513 78.7310245358436 74.684867141999 13.3957755684536 0.207242478406214 -0.547808663833189
55.5000000000005 26.715306670668 78.7459027998661 74.6802691780757 13.4463763791545 0.205369174802054 -0.502485426504229
55.6000000000005 26.7682778405405 78.7611039586994 74.675207369084 13.4968664543924 0.203499390470501 -0.450148253346149
55.7000000000005 26.8212761362102 78.7766121067241 74.6696774504066 13.5472424078638 0.201780587625877 -0.389178264788232
55.8000000000005 26.8742995402629 78.7924126623966 74.6636763263665 13.5974998483879 0.200358727909701 -0.318371648984246
55.9000000000005 26.9273452496756 78.8084927990835 74.6572017834896 13.6476332383168 0.199380138215475 -0.237097456824608
56.0000000000005 26.9804097419492 78.8248418758953 74.6502522037674 13.697635751947 0.198994314861798 -0.145476588068272
56.1000000000005 27.033488862805 78.8414518639243 74.6428262804879 13.7474991356263 0.199323985195213 -0.0503392696055737
56.2000000000005 27.0865779293639 78.8583176529731 74.6349228008523 13.7972136119637 0.20036894159798 0.0407579557694034
56.3000000000005 27.1396718302469 78.8754370549139 74.626540598122 13.846767895992 0.202108626987548 0.126174921578308
56.4000000000005 27.192765118933 78.8928106875405 74.6176785705509 13.8961492554325 0.204533806521404 0.20459442825134
56.5000000000005 27.2458521046054 78.9104418538215 74.6083357028869 13.9453435726568 0.207643984548322 0.275018431921037
56.6000000000005 27.2989269423166 78.9283364211552 74.5985110878724 13.994335406648 0.211444672845201 0.336762493086507
56.7000000000005 27.3519837238895 78.9465027006244 74.5882039477453 14.0431080549616 0.215944689439979 0.389447817601307
56.8000000000005 27.40501657073 78.9649513262501 74.5774136557406 14.0916436156876 0.221153634377438 0.432987907744682
56.9000000000005 27.4580197294881 78.9836951342459 74.5661397575906 14.139923049411 0.227079652268416 0.467566606175198
57.0000000000005 27.5109876712838 79.0027490422733 74.5543819930265 14.1879262411738 0.233727552232112 0.493605727970884
57.1000000000005 27.5639151973827 79.0221299239747 74.5421403181507 14.2356320672296 0.241059266586793 0.505637363848714
57.2000000000005 27.6167976093328 79.0418563607854 74.5294149504731 14.2830185864295 0.248869650570472 0.500548875839073
57.3000000000005 27.6696310229541 79.0619480822172 74.5162064714757 14.3300635479807 0.256885542717524 0.482272672022008
57.4000000000005 27.7224127080813 79.0824252834182 74.5025159518421 14.3767450238357 0.264804700442418 0.454248537660973
57.5000000000005 27.7751413833034 79.1033079380138 74.4883450775566 14.423042045875 0.27230021001678 0.419236983787839
57.6000000000005 27.8278174552518 79.1246151109466 74.4736962760055 14.4689352430904 0.279025420235983 0.379257422932981
57.7000000000006 27.8804431946587 79.1463642713171 74.4585728420765 14.5144074787677 0.284619073737418 0.335599462048754
57.8000000000006 27.933022842271 79.1685706052236 74.4429790642592 14.5594444876698 0.288710567513213 0.288858173366056
57.9000000000006 27.9855626392831 79.191246328603 74.4269203507454 14.6040355132196 0.290925413383572 0.238951066084517
58.0000000000006 28.0380707792755 79.2144000000708 74.4104033555288 14.6481739446827 0.290891024635306 0.185077389249307
58.1000000000006 28.0905572776955 79.2380358438766 74.3934361006961 14.6918579425243 0.288351974650927 0.131702232034134
58.2000000000006 28.143033668441 79.2621533358528 74.3760279996607 14.7350907562749 0.283506590019242 0.0823434171131451
58.3000000000006 28.1955124265214 79.2867474569602 74.3581896289471 14.7778802618446 0.276686115204968 0.034657378420658
58.4000000000006 28.2480063502056 79.3118092098271 74.3399324009191 14.8202381913471 0.268241451068929 -0.0132228557727178
58.5000000000006 28.3005280224726 79.3373261454033 74.3212682326982 14.8621793510968 0.258537884345814 -0.0628082741665477
58.6000000000006 28.3530893579781 79.363282889614 74.302209215082 14.9037208396065 0.247950220591238 -0.115273482154017
58.7000000000006 28.4057012340611 79.3896616700141 74.2827672814622 14.9448812655847 0.236858461928494 -0.17137798819448
58.8000000000006 28.4583732014939 79.4164428424419 74.2629538767434 14.9856799659326 0.225644175413251 -0.231280230168642
58.9000000000006 28.5111132685367 79.4436054176735 74.242779626261 15.0261362237419 0.214687648484967 -0.294237162741016
59.0000000000006 28.563927750467 79.4711275880765 74.2222540046998 15.0662684862922 0.204365847912876 -0.358207066414594
59.1000000000006 28.6168211751309 79.498987249368 74.2013850049382 15.1060935850911 0.195023485597968 -0.42697385614744
59.2000000000006 28.6697962097838 79.5271623950688 74.1801788049587 15.1456260090447 0.186895519523957 -0.504889402991578
59.3000000000006 28.7228535529323 79.5556311878039 74.1586394298539 15.1848773124916 0.180203478045181 -0.587976683857516
59.4000000000006 28.7759918179427 79.5843719032996 74.136768411898 15.2238555763664 0.17519092129232 -0.669931690965202
59.5000000000006 28.8292074316532 79.6133628694835 74.114564450545 15.2625648714069 0.172128583622343 -0.742266316988799
59.6000000000006 28.8824945509411 79.6425824055862 74.0920230724269 15.301004721361 0.171315497047664 -0.795314375104138
59.7000000000006 28.9358450011377 79.6720087612409 74.069136291351 15.3391695661928 0.173073921152548 -0.82023775777108
59.8000000000006 28.9892482423826 79.7016200555852 74.0458922682985 15.3770482252906 0.177737808620941 -0.811585707350718
59.9000000000006 29.0426913725364 79.7313942163608 74.022274971422 15.4146233606728 0.185637684140073 -0.769298627223553
60.0000000000006 29.0961591781518 79.7613089190148 73.9982638360434 15.4518709401953 0.19708742241677 -0.698975827495512
60.1000000000006 29.1496342522264 79.7913415220641 73.9738334325736 15.4887597147436 0.212269034208293 -0.617769103616227
60.2000000000006 29.2030972900967 79.8214689053192 73.9489533403838 15.5252510590481 0.230906052424086 -0.544377395114895
60.3000000000006 29.2565276989119 79.8516670615209 73.92358854448 15.5612997355417 0.25259995610696 -0.485450114362881
60.4000000000006 29.3099043249777 79.881910590836 73.8977000381314 15.5968550218402 0.276952979468487 -0.442971696018557
60.5000000000006 29.3632061895307 79.9121721916171 73.8712454334177 15.6318618522084 0.303575766104721 -0.416297023148339
60.6000000000006 29.4164132216583 79.9424221511626 73.8441795717785 15.6662619590259 0.332088838888663 -0.403702054375407
60.7000000000006 29.4695069770274 79.9726278364758 73.8164551345617 15.6999950142531 0.362120260654347 -0.403289701878306
60.8000000000006 29.5224713277077 80.0027531850254 73.7880232535718 15.7329997708971 0.393301816251681 -0.413414986016348
60.9000000000006 29.5752931057807 80.0327581955045 73.7588341216191 15.7652152044777 0.425265521117029 -0.43282976772958
61.0000000000006 29.6279626816822 80.062598418591 73.7288376030676 15.7965816544932 0.457641791520391 -0.460689485320971
61.1000000000006 29.6804744600511 80.0922244576078 73.6979838490784 15.8270419654637 0.490024940288468 -0.488560268933405
61.2000000000006 29.7328273346487 80.1215817266054 73.6662240349051 15.8565426169704 0.521850859502544 -0.510987251475946
61.3000000000006 29.7850251572229 80.1506108619003 73.6335114070163 15.8850348257673 0.552473423204262 -0.531210045968292
61.4000000000006 29.8370770526747 80.1792483910355 73.5998024522694 15.9124756368891 0.581204173569672 -0.551823902042317
61.5000000000006 29.8889974694754 80.2074274116418 73.5650580717804 15.9388290143362 0.607328236940731 -0.575036156607751
61.6000000000006 29.9408059256769 80.2350782702985 73.529244754793 15.9640669317598 0.630127145197519 -0.60288849774224
61.7000000000006 29.9925264217055 80.2621292413956 73.492335752547 15.9881704631474 0.648908175728767 -0.637461441129709
61.8000000000006 30.0441865034209 80.2885072059939 73.454312252148 16.0111308735074 0.663039139849863 -0.681080673683248
61.9000000000006 30.0958159751155 80.3141383306871 73.4151645504362 16.0329507095544 0.671986995067754 -0.73654762783745
62.0000000000006 30.1474452814636 80.3389487464628 73.3748932278556 16.0536448903942 0.675358578741949 -0.807419530230931
62.1000000000006 30.199103608054 80.3628652323358 73.3335102996292 16.0732417692531 0.673152250546091 -0.883619997367216
62.2000000000006 30.2508170273668 80.3858160230644 73.2910397769014 16.0917834423487 0.66633571921487 -0.951150207246877
62.3000000000006 30.3026073639943 80.4077319318444 73.2475167301031 16.1093241466598 0.656048592290564 -1.00773181938894
62.4000000000006 30.3544916949623 80.4285475970856 73.202985762284 16.1259279048387 0.643315534428081 -1.05033292900279
62.5000000000006 30.4064822730171 80.44820273396 73.1574994597503 16.1416661411669 0.628992524173545 -1.07546578151612
62.6000000000006 30.4585868033901 80.4666433859515 73.1111168427034 16.1566152975113 0.613722296505153 -1.07952770084061
62.7000000000006 30.5108089960017 80.4838231764039 73.0639018158784 16.1708544492797 0.597902918130121 -1.05913127025363
62.8000000000006 30.5631493068051 80.4997045600703 73.0159216191822 16.1844629213774 0.581672980210583 -1.01131400688262
62.9000000000006 30.6156057815163 80.5142600746611 72.9672452783316 16.1975179041625 0.564915996760782 -0.933488817169109
63.0000000000006 30.6681749213673 80.5274735923938 72.9179420554924 16.2100920694021 0.547285241141758 -0.823002893820218
63.1000000000006 30.7208524928062 80.5393415481195 72.8680799112793 16.2222512113976 0.528331785372773 -0.70155363110757
63.2000000000006 30.7736339862933 80.5498735584988 72.8177242621805 16.2340525425061 0.507900341738966 -0.5916238141842
63.3000000000006 30.8265143733235 80.5590914953734 72.766937487902 16.2455446498251 0.486047857773537 -0.491031649873101
63.4000000000006 30.879487681475 80.5670279501866 72.715778734136 16.2567681062723 0.462949053703365 -0.397545940829877
63.5000000000006 30.9325466926876 80.5737246749815 72.6643037266908 16.2677561068361 0.438865084603965 -0.309002284409774
63.6000000000006 30.9856827951903 80.5792310233996 72.6125645856212 16.2785351048251 0.414118821810651 -0.223379878208502
63.7000000000006 31.038885996906 80.5836023916797 72.5606096393591 16.2891254481185 0.389075840427062 -0.138885645595354
63.8000000000006 31.0921450983582 80.5868986596561 72.5084832388438 16.299542015415 0.364130071444884 -0.0540904572836161
63.9000000000006 31.1454480155095 80.5891826317576 72.4562255716521 16.3097948524839 0.339692966318263 0.031834914074355
64.0000000000006 31.1987822374621 80.5905184780056 72.4038724761289 16.3198898084138 0.316184936776391 0.118735634148726
64.1000000000006 31.2521353953998 80.5909701835123 72.3514552607047 16.3298291721376 0.293967553649672 0.205530784697604
64.2000000000006 31.3054957937891 80.5906002189548 72.2990006580766 16.3396123160913 0.273165616882562 0.290121980155414
64.3000000000006 31.3588526546256 80.5894687719902 72.2465311217364 16.3492363579832 0.253857940690397 0.368648106323393
64.4000000000006 31.4121962275786 80.5876331996472 72.1940652573626 16.3586968296982 0.23613051402122 0.43545322531131
64.5000000000006 31.4655178801765 80.5851474892173 72.141618259399 16.3679883464764 0.220065532565088 0.482845043656512
64.6000000000006 31.5188101703198 80.5820617191451 72.0892023476339 16.3771052760917 0.205730164416664 0.501177420323416
64.7000000000006 31.5720668982658 80.5784215199197 72.0368272037789 16.3860424080299 0.193167172292215 0.479452308999657
64.8000000000006 31.6252831355341 80.5742675349652 71.9845004080476 16.3947956226678 0.182390874707575 0.406550985238692
64.9000000000006 31.6784552291096 80.5696348815314 71.932227875735 16.4033625604515 0.173392933339028 0.273029945372479
65.0000000000006 31.7315807808951 80.5645526115849 71.8800142937957 16.4117432910745 0.166162297907165 0.0732756363059823
65.1000000000006 31.7846586046595 80.5590431830052 71.8278635550065 16.4199409746514 0.1606747293488 -0.163287474063348
65.2000000000006 31.8376886655177 80.5531221987119 71.7757791292854 16.4279623147463 0.156791813378003 -0.396977830978846
65.3000000000006 31.8906719999515 80.546798825929 71.7237642754883 16.4358174830355 0.154406136484674 -0.614048409763296
65.4000000000006 31.9436106090666 80.5400764833792 71.671822190363 16.4435198358258 0.153467693881134 -0.802077027501856
65.5000000000006 31.9965073299862 80.5329535387849 71.6199561550862 16.4510856225679 0.153955577593885 -0.951349123032916
65.6000000000005 32.0493656921186 80.5254240063685 71.5681696818007 16.4585336943688 0.155847860565268 -1.05627091311833
65.7000000000005 32.1021897623944 80.5174782443526 71.5164666601522 16.4658852125053 0.159095600370031 -1.11624883362833
65.8000000000005 32.1549839811899 80.5091036524606 71.4648515038266 16.4731633569361 0.163605709260453 -1.13551541394538
65.9000000000005 32.2077529886225 80.5002853694168 71.4133292970869 16.4803930348158 0.169234758740685 -1.12185614479067
66.0000000000005 32.2605014392555 80.4910069704471 71.3619059413102 16.4876005890068 0.175792661259081 -1.08473540695832
66.1000000000005 32.3132338052999 80.4812511631306 71.3105882981408 16.4948135046295 0.183058052253332 -1.0279679557237
66.2000000000005 32.3659542476504 80.4710004403818 71.2593842446496 16.5020600645601 0.190797658029796 -0.954879155539916
66.3000000000005 32.4186666848051 80.4602376246127 71.2083025051284 16.5093688753383 0.198748448555484 -0.873096156482446
66.4000000000005 32.4713749222365 80.448946369025 71.1573523948913 16.5167683420231 0.206622173691857 -0.788342924046711
66.5000000000005 32.5240827521879 80.4371116572543 71.1065435606916 16.5242861410858 0.21411539604094 -0.704484006457344
66.6000000000005 32.5767940135521 80.4247203030134 71.0558857211383 16.5319486933023 0.220917304321267 -0.623806669462456
66.7000000000005 32.6295126055145 80.4117614497368 71.0053884071135 16.5397806366461 0.226715474757786 -0.547371445083795
66.8000000000005 32.6822424497414 80.3982270702238 70.9550607021895 16.5478042991809 0.231200010667845 -0.475326664607514
66.9000000000005 32.7349873974071 80.384112466283 70.9049109830449 16.5560391719531 0.234066509420894 -0.407136633220968
67.0000000000005 32.787751079263 80.3694167683755 70.8549466598826 16.5645013818848 0.235018213107458 -0.341702621989078
67.1000000000005 32.8405367003166 80.3541434258215 70.8051739200439 16.5732031728611 0.233856018555298 -0.283770016104906
67.2000000000005 32.8933468136355 80.3383004516251 70.7555975547758 16.5821525998915 0.230746169754356 -0.236511639504445
67.3000000000005 32.9461831574817 80.3219000444102 70.7062209970734 16.5913537641483 0.225954975563164 -0.196946244554256
67.4000000000004 32.9990465612701 80.3049579649748 70.657046442675 16.6008072610785 0.219755995745981 -0.16293979327643
67.5000000000004 33.051936906263 80.287492903408 70.6080749742542 16.6105106367107 0.212426312202364 -0.132926438344493
67.6000000000004 33.1048531414746 80.2695258462068 70.5593066856132 16.620458843962 0.204243762261067 -0.105740150536811
67.7000000000004 33.1577933539154 80.2510794433933 70.5107408058746 16.6306446989449 0.195484876323039 -0.0805191439652275
67.8000000000004 33.2107548905283 80.2321773756312 70.4623758236748 16.6410593372744 0.186423334972106 -0.0566632767950278
67.9000000000004 33.2637345278437 80.2128437213429 70.4142096113562 16.6516926703746 0.177328798751225 -0.0338342590287276
68.0000000000004 33.3167286845081 80.1931023238264 70.3662395491601 16.662533841786 0.1684660030525 -0.0119919120373033
68.1000000000004 33.3697336693644 80.1729761644836 70.3184626482256 16.6735716797451 0.160044501968361 0.00985752682147097
68.2000000000004 33.422745907375 80.1524868949487 70.2708756425573 16.6847950528719 0.152071847618401 0.0327785061201233
68.3000000000004 33.4757620442323 80.1316547725772 70.2234750022203 16.6961929798948 0.144506291699014 0.0566517182509434
68.4000000000004 33.5287789928586 80.1104987548355 70.1762569155039 16.7077546424828 0.137306995414375 0.0813555143669572
68.5000000000004 33.5817939696988 80.0890365998011 70.1292172698918 16.7194693943508 0.130434065920619 0.10677433182836
68.6000000000004 33.6348045236329 80.0672849666632 70.0823516330319 16.7313267703653 0.123848568613201 0.132809140914074
68.7000000000004 33.6878085582851 80.0452595162237 70.0356552337064 16.7433164956489 0.117512520403499 0.159390338215256
68.8000000000004 33.7408043484278 80.0229750113974 69.9891229428018 16.7554284946863 0.111388869042697 0.186493824141115
68.9000000000004 33.7937905511084 80.0004454177133 69.9427492542796 16.7676529004295 0.105441463869026 0.214161523975263
69.0000000000004 33.8467662120649 79.9776840038141 69.8965282661452 16.7799800634028 0.0996350241260496 0.242528483486
69.1000000000004 33.8997307675529 79.9547034407793 69.8504536626063 16.7924005613551 0.0939474560671815 0.271474959249217
69.2000000000003 33.9526840324948 79.931515870795 69.8045187270983 16.8049052231297 0.0884070004170676 0.300251813224851
69.3000000000003 34.0056261615704 79.9081328980195 69.7587164336689 16.8174851886243 0.0830551923604334 0.327844525607058
69.4000000000003 34.0585576012006 79.8845655487974 69.7130395692322 16.8301319829691 0.077934021555818 0.352747181114549
69.5000000000003 34.1114790422858 79.8608242306949 69.6674808570085 16.842837591251 0.0730853111774592 0.372838921348242
69.6000000000003 34.1643913736419 79.8369186915349 69.6220330799657 16.8555945332385 0.0685500366780571 0.385280648489856
69.7000000000003 34.2172956357166 79.8128579784327 69.5766892042592 16.8683959381065 0.0643676232493672 0.38647802036319
69.8000000000003 34.2701929742222 79.7886503968309 69.5314425026732 16.8812356191604 0.0605753107343326 0.372179168413822
69.9000000000003 34.3230845933912 79.7643034695351 69.4862866780611 16.8941081485609 0.0572077420870037 0.337790930104133
70.0000000000003 34.3759717086405 79.7398238957488 69.4412159867858 16.9070089320489 0.0542970029816962 0.278989417497376
70.1000000000003 34.4288554990104 79.7152175109375 69.3962253610822 16.919934283464 0.0518641544338622 0.193728658601532
70.2000000000003 34.4817370713124 79.6904892682342 69.3513105033672 16.9328814939115 0.0498933803828186 0.0828289708351876
70.3000000000003 34.5346174545793 79.6656432745271 69.3064679093441 16.9458488873443 0.0483624135808733 -0.0514172237596863
70.4000000000003 34.5874976049291 79.640682848089 69.2616948630558 16.9588358707936 0.0472546445619536 -0.204582381193888
70.5000000000003 34.6403784090819 79.6156105770356 69.2169894308589 16.9718429843921 0.0465618573374198 -0.370243967488988
70.6000000000003 34.6932606865543 79.5904283777834 69.1723504553979 16.9848719513996 0.0462863756134581 -0.540312895540267
70.7000000000003 34.7461451910438 79.5651375535077 69.1277775495793 16.9979257282263 0.0464421643321435 -0.705570974417596
70.8000000000003 34.7990326115297 79.5397388526006 69.083271090546 17.0110085544577 0.0470545525649961 -0.856468274073034
70.9000000000002 34.8519235736292 79.5142325271288 69.0388322136514 17.0241260028787 0.0481584674678743 -0.984192033415043
71.0000000000002 34.904818641765 79.4886183912923 68.9944628064334 17.0372850294982 0.0497953787733567 -1.08188112276203
71.1000000000002 34.9577183226187 79.4628958817926 68.9501655011214 17.0504940219486 0.0519890364555369 -1.14223583416646
71.2000000000002 35.0106230675833 79.4370641678913 68.9059436289812 17.0637628056571 0.0546788743109349 -1.16937448900282
71.3000000000002 35.0635332686576 79.4111223876012 68.8618010777911 17.0771025428184 0.0577778455959555 -1.17612517027435
71.4000000000002 35.1164492499365 79.3850699335658 68.8177421111561 17.0905255891379 0.0611952928715939 -1.17402955627693
71.5000000000002 35.1693712565714 79.3589067408511 68.7737711863552 17.104045348951 0.0648409862138015 -1.17220446814152
71.6000000000002 35.2222994408295 79.3326335747361 68.7298927721882 17.1176761303423 0.0686293899691295 -1.17723920692898
71.7000000000002 35.2752338447541 79.3062523185041 68.6861111668224 17.131433000265 0.0724838469922669 -1.19361362737233
71.8000000000002 35.3281743790053 79.2797662612338 68.6424303156397 17.1453316396596 0.076340738958375 -1.22424023653125
71.9000000000002 35.3811207976135 79.2531803855907 68.5988536290835 17.1593881985739 0.0801538579011021 -1.27090747205045
72.0000000000002 35.4340726686337 79.2265016556173 68.5553838005056 17.1736191512812 0.0838992604349067 -1.33452720287297
72.1000000000002 35.487029341469 79.1997392997209 68.5120226267877 17.1880411524761 0.087606172886163 -1.39486560958159
72.2000000000002 35.5399899233579 79.1729049687432 68.468770901099 17.2026709214401 0.0914194617371388 -1.42918652128515
72.3000000000002 35.5929532879344 79.1460125769361 68.4256284887706 17.2175251972097 0.0954888241430712 -1.43505196026234
72.4000000000002 35.6459181030382 79.1190780180218 68.3825944753051 17.2326207217162 0.0999320878382627 -1.41200271539306
72.5000000000002 35.6988828672979 79.0921188764474 68.3396673171618 17.2479742240007 0.104830456724514 -1.36185360602997
72.6000000000002 35.7518459543907 79.0651541386399 68.2968449925417 17.2636024044291 0.110226975927947 -1.288403534693
72.7000000000001 35.8048056639395 79.0382039042617 68.2541251521718 17.2795219189074 0.116128304023086 -1.19671213837115
72.8000000000001 35.8577602776991 79.0112890974655 68.2115052700903 17.2957493630965 0.122509149757503 -1.09222320040983
72.9000000000001 35.9107081194458 78.9844311781492 68.1689827944313 17.3123012566275 0.129318306331289 -0.9800027514687
73.0000000000001 35.9636476168116 78.9576518532111 68.1265552982096 17.329194027317 0.136485187799486 -0.864244030303588
73.1000000000001 36.0165773636087 78.9309727871979 68.0842206290044 17.3464439929967 0.143907164828101 -0.749350882817017
73.2000000000001 36.0694961903585 78.9044152971562 68.0419770300158 17.364067281332 0.15139906528782 -0.63958455864233
73.3000000000001 36.1224032526069 78.8780000073896 67.9998231884517 17.3820795922246 0.158755533247893 -0.536648010432819
73.4000000000001 36.1752981123416 78.85174648842 67.9577582552871 17.4004958982039 0.165773264269462 -0.440782962785257
73.5000000000001 36.2281807980116 78.8256728953413 67.915781863923 17.419330142433 0.172252870939034 -0.351273050847567
73.6000000000001 36.2810518398769 78.799795606173 67.8738941488445 17.4385949367149 0.178000004230863 -0.266781432294872
73.7000000000001 36.3339122783727 78.7741288602142 67.8320957642799 17.4583012594983 0.182826202274755 -0.18553748920844
73.8000000000001 36.3867636438665 78.7486843963975 67.7903879028582 17.4784581538838 0.186549799181845 -0.105396838393664
73.9000000000001 36.4396079070362 78.7234710916426 67.7487723142686 17.4990724256301 0.188997141723871 -0.0237902889282594
74.0000000000001 36.4924474001196 78.6984945992099 67.7072513239184 17.5201483411596 0.190004342140827 0.0624404046896722
74.1000000000001 36.545284710509 78.6737569938853 67.6658278487948 17.5416873281525 0.189454174981625 0.144015171626426
74.2000000000001 36.5981225521759 78.6492565947558 67.6245053406059 17.5636877434094 0.187379154452783 0.211335084098129
74.3000000000001 36.6509636321953 78.6249882387961 67.5832875443233 17.5861448114782 0.183851924301893 0.266769210489249
74.4 36.7038105276378 78.6009437320468 67.5421781840052 17.6090506305494 0.178945245657678 0.311693450559303
74.5 36.7566655772742 78.5771123076228 67.501180645821 17.6323941809399 0.172727849836446 0.346656427231067
74.6 36.8095307901179 78.5534810837223 67.4602976610775 17.6561613335763 0.16526115623194 0.371413102957088
74.7 36.8624077720679 78.5300355216354 67.419530989244 17.6803348584783 0.156596662622968 0.384810444307208
74.8 36.9152976713636 78.5067598837526 67.3788811009776 17.7048944332421 0.146773954359189 0.384454662811431
74.9 36.9682011432132 78.4836376915734 67.3383468611489 17.7298166515238 0.135819408531791 0.365981968376649
75 37.0211183338253 78.4606521837155 67.2979252118676 17.7550750315227 0.123745856081326 0.321503092737436
75.1 37.0740488836858 78.4377867716869 67.2576108600483 17.7806400286612 0.110585447149474 0.254400003598942
75.2 37.1269919398418 78.4150254375262 67.2173960830374 17.8064791573681 0.0964918120476271 0.167295680233277
75.3 37.1799461651513 78.3923529838754 67.177270833931 17.8325573898183 0.0816548231811673 0.0371255585197743
75.4 37.2329097684426 78.369755225919 67.1372229649537 17.8588376637763 0.0662734307235843 -0.188615021898654
75.5 37.2858805644011 78.3472191810878 67.0972384553771 17.8852813946359 0.0505684452824369 -0.6543641959975
75.6 37.3388560583438 78.3247332587631 67.0573016394396 17.9118489874597 0.0348333575683748 -1.8823101421148
75.7 37.3918335499443 78.3022874499803 67.0173954342655 17.938500349019 0.0197251147153012 -6.81261676573555
75.8 37.4448102496014 78.2798735171324 66.9775015677838 17.9651953998337 0.00948985935414796 -30.6185602220772
75.9 37.497783400985 78.2574851836741 66.9376008066481 17.9918945862118 0.0173244471948356 -8.60144759906689
76 37.5507504033598 78.2351183238253 66.897673184155 18.0185593922889 0.0313481738970041 -2.1307779476779
76.1 37.6037089274974 78.2127711481475 66.8576982288534 18.0451528495046 0.0456470547989415 -0.641915455150766
76.1999999999999 37.6566570179693 78.1904442817928 66.8176552110752 18.07163997941 0.0594881763520084 -0.118892397229226
76.2999999999999 37.7095931751042 78.1681405703112 66.7775234349644 18.0979880672447 0.0726467141595805 0.113323613458154
76.3999999999999 37.7625164168774 78.145864778131 66.7372825484276 18.1241668688456 0.0849825632598313 0.230876308092425
76.4999999999999 37.8154263203126 78.1236232829116 66.696912853775 18.1501488149926 0.0963729978015517 0.295281171518992
76.5999999999999 37.8683230403536 78.1014237698961 66.6563956183605 18.1759092157529 0.106696411367927 0.332516480075834
76.6999999999999 37.9212073042476 78.0792749262641 66.6157133852225 18.2014264648267 0.115827755421835 0.355171336104064
76.7999999999999 37.9740803797996 78.0571861354844 66.5748502837248 18.226682243892 0.123637533078743 0.370080085135907
76.8999999999999 38.0269440163393 78.0351671716675 66.5337923401961 18.2516617269497 0.129992095611343 0.381394847756534
76.9999999999999 38.0798003579013 78.0132278939187 66.4925277885717 18.2763537846689 0.134754476649863 0.392002303113096
77.0999999999999 38.1326518293145 77.9913779423512 66.4510473775151 18.3007511850554 0.137823451961162 0.405782981482235
77.1999999999999 38.1855010071442 77.96962647728 66.4093445860674 18.3248506985361 0.139249192523691 0.424777848489635
77.2999999999999 38.2383505022342 77.9479820280266 66.3674156070953 18.3486529604062 0.139120791013208 0.44905228228988
77.3999999999999 38.2912028531763 77.9264523849034 66.3252592392654 18.3721622376917 0.137528349519396 0.479146720073636
77.4999999999999 38.3440604273331 77.90504449286 66.2828767755015 18.3953861923356 0.134562855771181 0.516098597329177
77.5999999999999 38.3969253323522 77.8837643451285 66.2402718914403 18.4183356443843 0.130316099635815 0.561564696263431
77.6999999999999 38.4497993407693 77.8626168768688 66.1974505338887 18.4410243351738 0.124880720960767 0.618069146107735
77.7999999999999 38.5026838296702 77.841605858815 66.1544208092798 18.463468690516 0.118350535069632 0.689446444285116
77.8999999999998 38.5555797367993 77.8207337909203 66.1111928721296 18.4856875838851 0.110821381499182 0.781623550045049
77.9999999999998 38.6084875339829 77.8000017960031 66.0677788134936 18.5077020996037 0.102392937710226 0.904033173797273
78.0999999999998 38.6614072181405 77.7794095155069 66.0241925484467 18.5295352957639 0.0931856574110793 1.07843148131569
78.1999999999998 38.7143383169718 77.7589550602407 65.9804496781706 18.5512119602505 0.0833927877802876 1.338483196307
78.2999999999998 38.767279905908 77.7386351006839 65.9365672875844 18.572758349255 0.0732659165228136 1.73093639258118
78.3999999999998 38.820230642653 77.7184450122713 65.8925637175819 18.5942019188919 0.0631391944785532 2.33224483895788
78.4999999999998 38.8731888208374 77.6983790227924 65.8484583362932 18.6155710565493 0.0534996514547028 3.25314024305658
78.5999999999998 38.9261524401849 77.6784303597906 65.8042713103458 18.6368948122398 0.0451100809778622 4.57884612806958
78.6999999999998 38.9791192900514 77.6585913979635 65.7600233761256 18.6582026299518 0.0391407665339406 6.0726076328365
78.7999999999998 39.0320870428851 77.6388538065618 65.7157356110386 18.679524079 0.0369788202510818 6.76846187501001
78.8999999999998 39.0850533539422 77.6192086967886 65.6714292047717 18.7008885853763 0.0392627698054632 5.94349997757611
78.9999999999998 39.1380159634609 77.5996467691996 65.6271252305539 18.7223251631011 0.0451786678112523 4.41564841040034
79.0999999999998 39.190972797112 77.5801584612363 65.5828444175633 18.7438621471972 0.0532993580207604 3.10344891416295
79.1999999999998 39.2439220524137 77.5607340982498 65.5386069531112 18.7655269688774 0.0625360349497335 2.19252332529199
79.2999999999998 39.2968622550016 77.5413640533844 65.4944323604186 18.7873460378859 0.0722311632220157 1.58427524704994
79.3999999999998 39.3497922977919 77.5220389109502 65.4503394061695 18.8093446670537 0.0819938514809846 1.1705542724494
79.4999999999998 39.4027114706764 77.5027496299313 65.4063460092109 18.8315469984763 0.0915779100405602 0.87836982548392
79.5999999999998 39.4556194800075 77.4834877074926 65.3624691492517 18.8539759296918 0.100814851917404 0.662888468722925
79.6999999999997 39.5085164569154 77.4642453424879 65.3187247755625 18.8766530398596 0.109579520205261 0.49671678217146
79.7999999999997 39.5614029536726 77.4450155989669 65.2751277156744 18.8995985159382 0.117772424375541 0.362698760986508
79.8999999999997 39.6142799275168 77.4257925696829 65.2316915840788 18.9228310788635 0.125310560571813 0.249678680203073
79.9999999999997 39.6671487115812 77.4065715396002 65.1884286909265 18.9463679097271 0.132122704098444 0.150060380872072
80.0999999999997 39.7200109726735 77.3873491480791 65.1453499524601 18.9702245776449 0.13816398629652 0.062576099633785
80.1999999999997 39.7728686524415 77.3681235166694 65.1024648464975 18.9944150115792 0.143465701471142 -0.0135102391254891
80.2999999999997 39.8257238899087 77.348894289605 65.0597814822782 19.0189515837349 0.148084389660991 -0.0819558886454185
80.3999999999997 39.8785789383252 77.3296626399067 65.0173067153614 19.043845236909 0.152083789112819 -0.145287848938149
80.4999999999997 39.9314360833768 77.3104312741635 64.9750462642564 19.0691056135306 0.155534036430238 -0.205202215666558
80.5999999999997 39.9842975646901 77.2912044373122 64.9330048270533 19.0947411847009 0.158511227635273 -0.262797992317129
80.6999999999997 40.0371655021849 77.271987917419 64.8911861980536 19.1207593792333 0.161097161092683 -0.318713697776386
80.7999999999997 40.090041828651 77.2527890504592 64.849593384401 19.1471667126934 0.16337914206744 -0.373206046261955
80.8999999999997 40.1429282297574 77.2336167250986 64.8082287227121 19.173968916439 0.165449756405337 -0.426195180482754
80.9999999999997 40.1958260925544 77.2144813874733 64.7670939957067 19.20117106666 0.167406533070842 -0.477293549697624
81.0999999999997 40.2487364631167 77.1953950464838 64.726190548796 19.2287777131694 0.169350227293104 -0.52695573011787
81.1999999999997 40.3016600070562 77.1763712924221 64.6855194055532 19.2567930017069 0.171381470292531 -0.575369046433808
81.2999999999997 40.3545969620451 77.1574253494483 64.6450813803503 19.2852207797773 0.173605349421926 -0.621363986482329
81.3999999999997 40.4075470940533 77.1385741414007 64.6048771898774 19.3140646960032 0.17613207320961 -0.6635863572975
81.4999999999996 40.4605096651686 77.1198363581186 64.5649075646203 19.3433282992267 0.179075807393728 -0.700569574620844
81.5999999999996 40.5134834142376 77.1012325217663 64.5251733603363 19.3730151376121 0.182553085247971 -0.730840333989498
81.6999999999996 40.5664665513427 77.0827850531554 64.485675669532 19.4031288577489 0.18668084469573 -0.753050845987368
81.7999999999996 40.6194567672237 77.0645183380687 64.4464159329394 19.4336733037537 0.191574214287553 -0.766121615610078
81.8999999999996 40.6724512588666 77.0464587935829 64.4073960509933 19.4646526163728 0.197344233443309 -0.769371290459237
81.9999999999996 40.7254467726243 77.0286349343918 64.3686184953075 19.4960713320852 0.204095729500351 -0.762607938658085
82.0999999999996 40.7784396673862 77.0110774347624 64.33008641864 19.5279344796025 0.211891369185841 -0.74238153780949
82.1999999999996 40.8314260224131 76.9938190769368 64.2918037255403 19.560247608718 0.220642225157333 -0.708327037792001
82.2999999999996 40.8844018177008 76.976894411284 64.2537750431918 19.5930166474243 0.230202122757872 -0.664970993943691
82.3999999999996 40.9373631312813 76.9603393028978 64.2160056529379 19.6262476913794 0.240404992913926 -0.616174529127793
82.4999999999996 40.9903063220262 76.9441904738272 64.1785014202946 19.65994679077 0.251069641035206 -0.564976183333653
82.5999999999996 41.0432281922939 76.9284850453073 64.1412687249643 19.6941197371763 0.262003935457261 -0.513593577996733
82.6999999999996 41.0961261254492 76.9132600799901 64.1043143908492 19.728771850435 0.273008212977327 -0.463520240085948
82.7999999999996 41.1489981930865 76.8985521241744 64.0676456160643 19.7639077655041 0.283877946649586 -0.415662516374557
82.8999999999996 41.2018432267575 76.8843967500371 64.0312699029507 19.7995312193261 0.294405848540836 -0.370479200358235
82.9999999999996 41.2546608491534 76.8708280978636 63.9951949880895 19.8356448376923 0.304383617003517 -0.328103538700968
83.0999999999996 41.3074514611688 76.8578784210794 63.9594287710928 19.8722499235395 0.313621003266393 -0.290972516110726
83.1999999999995 41.3602162103067 76.8455777041109 63.9239792116389 19.9093462825007 0.321999958048726 -0.260825537067633
83.2999999999995 41.4129569923176 76.8339534651204 63.8888541458907 19.946932143023 0.329422966489608 -0.236741335898432
83.3999999999995 41.4656764507411 76.8230306315696 63.8540610711572 19.9850041137399 0.335795261520551 -0.218005496209543
83.4999999999995 41.5183779482875 76.8128314185848 63.8196069293334 20.0235571422761 0.34102477040241 -0.204082866579775
83.5999999999995 41.5710655094196 76.8033752073211 63.7854978903404 20.0625844740521 0.345022373764042 -0.194597891306853
83.6999999999995 41.6237437349863 76.7946784233284 63.7517391355651 20.1020776110897 0.347702387253397 -0.189323033178848
83.7999999999995 41.6764176902235 76.7867544149154 63.7183346413005 20.142026270816 0.348983188026963 -0.188175698053074
83.8999999999995 41.7290927679487 76.7796133315149 63.6852869621851 20.182418344869 0.348787919864587 -0.191224674292505
83.9999999999995 41.7817745293334 76.7732620020485 63.6525970146434 20.2232398579023 0.347045224127522 -0.198708094145471
84.0999999999995 41.8344685241412 76.7677038173648 63.6202638653442 20.2644749294825 0.343737036510463 -0.207781718500535
84.1999999999995 41.8871800704732 76.7629387185752 63.588284650151 20.3061058164039 0.339039625979652 -0.215107296753141
84.2999999999995 41.9399139822617 76.7589634542082 63.5566548243178 20.3481131591369 0.333180132971286 -0.220225691107924
84.3999999999995 41.9926743231444 76.7557719432621 63.5253685431767 20.3904763086928 0.326387080847781 -0.222534650888118
84.4999999999995 42.0454642207409 76.7533556423297 63.4944190478441 20.4331736565814 0.318888154908929 -0.221279065217147
84.5999999999995 42.0982857410965 76.7517039127247 63.4637990509272 20.4761829647691 0.310908231125568 -0.215545713203033
84.6999999999995 42.1511398206321 76.7508043876062 63.4335011222296 20.5194816956369 0.302667766894969 -0.204268411239791
84.7999999999995 42.2040262520478 76.7506433391047 63.4035180744583 20.5630473419377 0.294381654306633 -0.186251251143124
84.8999999999995 42.2569437200529 76.7512060454473 63.3738433489293 20.6068577567545 0.286258631210309 -0.160219389071807
84.9999999999994 42.309889882556 76.7524771580831 63.3444714012741 20.6508914834582 0.278501345598705 -0.124907898412236
85.0999999999994 42.3628614922511 76.7544410673538 63.3153980852127 20.6951280835452 0.271288995387696 -0.081929800787144
85.1999999999994 42.4158545344619 76.7570822303422 63.2866209860553 20.7395484093535 0.264726019107952 -0.033605392958983
85.2999999999994 42.4688643390675 76.7603854027096 63.2581396265948 20.7841347368532 0.258901042528197 0.0199909740863702
85.3999999999994 42.5218856856423 76.7643358327102 63.2299556227281 20.8288708433161 0.253906623582306 0.0784616915944154
85.4999999999994 42.5749129187621 76.7689194537523 63.2020728371445 20.8737420828642 0.249840304499516 0.141009446138374
85.5999999999994 42.6279400746364 76.7741230769575 63.1744975330138 20.9187354620189 0.24680545715121 0.206378777576878
85.6999999999994 42.6809610199554 76.7799345837217 63.1472385276741 20.9638397152499 0.244911752636653 0.272835298706672
85.7999999999994 42.7339696043275 76.7863431182752 63.1203073463201 21.0090453805243 0.244275080485851 0.338204060398034
85.8999999999994 42.7869598282184 76.7933392802424 63.0937183756913 21.0543448748552 0.245016768916303 0.399984330379739
85.9999999999994 42.8399260288613 76.8009153172029 63.06748901776 21.099732569851 0.247262022761246 0.455545392173704
86.0999999999994 42.8928630873126 76.8090653126418 63.0416398368436 21.1452048644684 0.25108161333597 0.497249702407136
86.1999999999994 42.9457666596037 76.8177852540611 63.0161945357555 21.1907601850725 0.256315865895797 0.520303000785654
86.2999999999994 42.9986334150154 76.8270727968816 62.991179497973 21.2363988009679 0.262731156223029 0.527196387258708
86.3999999999994 43.0514612496225 76.8369269085049 62.9666231588433 21.2821225672382 0.270074108198404 0.521035669662183
86.4999999999994 43.1042494644086 76.8473475077661 62.9425553702146 21.3279346647876 0.278072918481658 0.505046390178457
86.5999999999994 43.1569989035104 76.8583351043871 62.9190067650664 21.3738393403841 0.286439837273685 0.482219339945942
86.6999999999993 43.2097120471071 76.8698904384284 62.8960081221399 21.4198416467021 0.294874259703792 0.455108930022162
86.7999999999993 43.2623930526787 76.882014119743 62.8735897305686 21.4659471823651 0.303066086616922 0.425759211455558
86.8999999999993 43.3150477380296 76.8947062674284 62.8517807545093 21.5121618319882 0.310699194204994 0.395717415234721
86.9999999999993 43.367683499657 76.9079661492798 62.8306085977722 21.5584915062205 0.317454963315184 0.366096384089977
87.0999999999993 43.4203091585296 76.9217918274525 62.8100982758184 21.6049418806883 0.323083753629403 0.336055184568869
87.1999999999993 43.4729346784582 76.936179965582 62.7902719792975 21.6515181063318 0.327612363627373 0.303563631266084
87.2999999999993 43.5255707040079 76.9511260457555 62.7711491238011 21.6982244471301 0.331142774853063 0.267769005608276
87.3999999999993 43.5782280518488 76.9666247469419 62.7527465911559 21.7450638892213 0.33378511628728 0.227924426032314
87.4999999999993 43.6309172231326 76.9826703296301 62.7350789780846 21.7920377489215 0.335658884956601 0.183375007416862
87.5999999999993 43.6836479426002 76.9992570204684 62.7181588448655 21.8391452807445 0.336894820000499 0.13355798003348
87.6999999999993 43.7364287274937 77.0163793969035 62.7019969639935 21.8863832854216 0.337637519870273 0.0780173966508283
87.7999999999993 43.7892664891829 77.0340327718196 62.6866025688402 21.9337457179209 0.338048879177656 0.016436052492279
87.8999999999993 43.8421661703895 77.0522135781773 62.6719836023139 21.9812232954671 0.338312376498029 -0.0513115001052043
87.9999999999993 43.8951304210423 77.0709197536529 62.6581469655205 22.0288031055606 0.338638159288253 -0.125081031736731
88.0999999999993 43.9481593197516 77.0901511175493 62.6450987690462 22.0764682218384 0.339257465847544 -0.191882995822621
88.1999999999993 44.0012502338975 77.1099095467834 62.6328446524383 22.1241975237944 0.340380715209035 -0.238862146340932
88.2999999999993 44.0543979588333 77.1301986418357 62.6213902768006 22.1719660339926 0.342204040410345 -0.265858043177815
88.3999999999993 44.1075949849072 77.151023191776 62.6107418855858 22.2197454591402 0.344906637425785 -0.272923210173368
88.4999999999992 44.1608317992444 77.1723886315609 62.6009068680119 22.2675047390017 0.34864294666852 -0.260487849908152
88.5999999999992 44.214097216286 77.1943004993318 62.591894322477 22.315210595313 0.353538696390446 -0.229461558860801
88.6999999999992 44.2673787344313 77.2167638937127 62.5837156199755 22.3628280806954 0.359690867024584 -0.181252625051424
88.7999999999992 44.3206629164137 77.2397829311079 62.5763849675134 22.4103211275698 0.36717137319444 -0.117708501146067
88.8999999999992 44.3739357918744 77.2633602029998 62.5699199715241 22.4576530970707 0.376033954905402 -0.0410021905646056
88.9999999999992 44.4271832819418 77.2874962332466 62.564342201284 22.5047873279603 0.38632350894778 0.0464989147864992
89.0999999999992 44.4803916488253 77.3121889390318 62.5596777386029 22.5516876837725 0.398021131265092 0.131605012611274
89.1999999999992 44.5335480018222 77.3374331867576 62.5559573706596 22.5983190539332 0.410849354667336 0.203332618828506
89.2999999999992 44.5866408720745 77.3632205889493 62.5532158769756 22.6446477380524 0.424457852634649 0.263087046264365
89.3999999999992 44.6396607478809 77.3895393961034 62.5514909595332 22.6906417841923 0.438483079515456 0.312716156841832
89.4999999999992 44.6926005187198 77.4163743921876 62.5508221591694 22.7362713253659 0.452545413588815 0.35425439425041
89.5999999999992 44.7454558159013 77.4437067901411 62.5512497719692 22.781508916035 0.466248446779969 0.389763083998842
89.6999999999992 44.7982252376324 77.4715141273741 62.5528137656588 22.8263298686085 0.479180487094889 0.421250390278387
89.7999999999992 44.8509104456481 77.4997701612676 62.5555526959994 22.8707125899407 0.490918311871536 0.450652828264815
89.8999999999992 44.9035161210745 77.5284447646743 62.5595026231804 22.9146389178296 0.501033165730302 0.479863629888009
89.9999999999992 44.9560497689964 77.5575038214172 62.5646960282128 22.958094457515 0.509098923279277 0.510798953094927
90.0999999999992 45.0085213649449 77.5869091291583 62.5711607369938 23.0010689126997 0.514778373035427 0.540854298763228
90.1999999999992 45.0609428639389 77.6166184938179 62.5789190438149 23.0435562741566 0.518052328914721 0.566396674901176
90.2999999999991 45.113327664645 77.6465863102463 62.5879873411524 23.0855546468266 0.518978014030789 0.587754442734791
90.3999999999991 45.1656900874323 77.6767643344472 62.598375948901 23.1270659345028 0.517609132307053 0.60514584736029
90.4999999999991 45.2180448702714 77.707102463169 62.6100889512792 23.1680955190373 0.513993936141147 0.618724760205764
90.5999999999991 45.2704066835794 77.7375495134965 62.6231240337341 23.2086519395482 0.508173176752616 0.628612063587427
90.6999999999991 45.3227896644189 77.7680540024416 62.6374723198466 23.2487465716261 0.500178024639528 0.634916031192351
90.7999999999991 45.3752069697866 77.7985649265351 62.6531182082363 23.2883933065416 0.490028037137835 0.637743499111194
90.8999999999991 45.4276703484096 77.8290325414179 62.6700392094666 23.3276082304515 0.477729226599025 0.637202545705622
90.9999999999991 45.4801897305318 77.8594091414322 62.6882057829499 23.3664093036061 0.463272254555773 0.633396435339186
91.0999999999991 45.5327728362845 77.8896498350297 62.7075811853135 23.4048160379712 0.446716506245458 0.629262764570888
91.1999999999991 45.585424828558 77.9197132114241 62.7281216167595 23.4428491336399 0.428448531868654 0.626280848264979
91.2999999999991 45.6381481024535 77.9495617311678 62.7497771238673 23.4805300106371 0.408923641152334 0.622120147657876
91.3999999999991 45.6909422538912 77.9791620079735 62.77249280039 23.5178802995138 0.388571040768076 0.61397522824615
91.4999999999991 45.7438042102081 78.0084850863522 62.7962099995117 23.5549213303561 0.367785555063569 0.598351289480088
91.5999999999991 45.7967285024201 78.0375067192511 62.8208675461049 23.5916736217952 0.346921518946012 0.570836149047174
91.6999999999991 45.849707657724 78.0662076456916 62.8464029489879 23.6281563700165 0.326289160770684 0.525865940964372
91.7999999999991 45.9027326908153 78.0945738684079 62.8727536131819 23.664386937769 0.3061542733821 0.456503391805175
91.8999999999991 45.9557936738829 78.1225969314846 62.8998580521686 23.7003803433751 0.286742756710299 0.354268759488444
91.999999999999 46.0088803675437 78.1502741979946 62.9276571001475 23.7361487497394 0.268252719720763 0.209112897629639
92.099999999999 46.0619828927355 78.1776091201436 62.956095111459 23.7717009609998 0.250811754446303 0.030371786484693
92.199999999999 46.1150922892014 78.2046113145553 62.9851208263123 23.8070421178452 0.234324398465356 -0.165852421395054
92.299999999999 46.1682007031963 78.2312961429218 63.0146873894442 23.8421738971436 0.218710334962479 -0.380681282681943
92.399999999999 46.2213014022046 78.2576840977946 63.0447520350813 23.8770949102377 0.203972581249343 -0.6149402778008
92.499999999999 46.2743887617759 78.2838001808829 63.0752757590695 23.911801108881 0.190192795868069 -0.868090720672449
92.599999999999 46.327458238813 78.3096732813506 63.1062229910031 23.9462861911751 0.177523347684904 -1.13659638212604
92.699999999999 46.3805063367788 78.3353355541142 63.137561266353 23.9805420075058 0.166173474865329 -1.41182847851629
92.799999999999 46.433530565361 78.3608217981403 63.1692608985962 24.0145589664797 0.156385599542738 -1.67816444771548
92.899999999999 46.4865293946477 78.3861688347427 63.2012946513446 24.048326440861 0.148398026867825 -1.91280264868767
92.999999999999 46.5395022018114 78.4114148858806 63.2336374104735 24.0818331735079 0.14239391182493 -2.08929223346353
93.099999999999 46.5924492070725 78.4365989516428 63.2662658604741 24.1150676804001 0.138480617450114 -2.18195002813056
93.199999999999 46.645371405027 78.4617601665924 63.2991582706033 24.148018578028 0.136744450529992 -2.16915850375986
93.299999999999 46.6982705098062 78.4869371024496 63.3322945597536 24.1806747187772 0.137102368258521 -2.0488520976672
93.399999999999 46.7511489012258 78.5121670496352 63.3656564711207 24.2130252506749 0.139271784606313 -1.84002493436732
93.499999999999 46.804009556081 78.5374852980006 63.3992277510946 24.2450596742274 0.142822430267449 -1.57305468357733
93.599999999999 46.856855956757 78.562924417558 63.4329943281501 24.2767678992568 0.14724968871018 -1.27736638254895
93.699999999999 46.9096919709146 78.58851353921 63.4669444917382 24.3081403017386 0.152042429781598 -0.973708764458305
93.7999999999989 46.9625216976356 78.6142776354806 63.501069071177 24.3391677806387 0.156731567637426 -0.672414602125559
93.8999999999989 47.0153492774242 78.6402368012448 63.5353616145421 24.3698418147507 0.160919888553795 -0.37513460921212
93.9999999999989 47.0681786658399 78.6664055344586 63.5698185675579 24.4001545195332 0.164300778458785 -0.0774104231815276
94.0999999999989 47.121013375379 78.69279202624 63.6044394486539 24.4300987038715 0.166696614603794 0.20632224649794
94.1999999999989 47.1738562448549 78.7193976940529 63.6392269243247 24.4596679248814 0.168134706282026 0.463801802544556
94.2999999999989 47.2267093357798 78.7462173320036 63.674186631414 24.4888565377422 0.168762528238099 0.703280433906863
94.3999999999989 47.2795738883064 78.7732395042412 63.7093268997025 24.5176597435708 0.168802536667628 0.92939452605637
94.4999999999989 47.3324502936191 78.8004469477084 63.7446584706606 24.5460736372218 0.168534871819627 1.14313364085255
94.5999999999989 47.3853380867943 78.8278169748916 63.7801942162021 24.5740952550862 0.168281758102792 1.34184045070481
94.6999999999989 47.4382359642384 78.8553218765721 63.8159488574371 24.6017226228907 0.168390069957525 1.51949943128125
94.7999999999989 47.4911418280019 78.8829293245765 63.8519386834249 24.6289548034977 0.169209696045897 1.66768462474901
94.8999999999989 47.5440528576338 78.9106027745272 63.8881812699278 24.6557919447037 0.171067287965263 1.77740659348993
94.9999999999989 47.5969656088064 78.9383018685935 63.9246951981636 24.6822353270394 0.17423776554157 1.84164565173228
95.0999999999989 47.6498761379306 78.9659828431617 63.961499771934 24.7082874111928 0.178908966489809 1.84696022910726
95.1999999999989 47.70278018071 78.9935990644276 63.9986146925008 24.7339518756663 0.185107592170307 1.78950527879858
95.2999999999989 47.7556734268561 79.021101888713 64.036059626206 24.7592336296406 0.192681554949662 1.68445665310864
95.3999999999989 47.8085518266657 79.0484416507029 64.0738537298413 24.7841388160715 0.201329950906937 1.54965437931295
95.4999999999988 47.8614118826038 79.0755686566037 64.1120151743906 24.8086748144116 0.210643209762458 1.40142979557105
95.5999999999988 47.9142509089298 79.1024341773008 64.1505606687747 24.8328502433312 0.220143219343188 1.25222472565499
95.6999999999988 47.967067243786 79.1289914415165 64.189504983594 24.8566749634402 0.229315717286042 1.11009776568628
95.7999999999988 48.0198603990561 79.1551966289678 64.2288604748724 24.8801600800092 0.237632837528307 0.979384826447846
95.8999999999988 48.0726311349988 79.1810098635242 64.2686366078008 24.9033179456908 0.244567201319279 0.861745437287131
95.9999999999988 48.1253814492164 79.2063962063653 64.3088394804808 24.9261621632411 0.249600117161173 0.757131088298471
96.0999999999988 48.1781144725848 79.2313266369274 64.3494713554385 24.9487075867896 0.25232448709511 0.672352601135737
96.1999999999988 48.2308342650306 79.2557787163412 64.3905303931725 24.9709702853733 0.252751743403824 0.610040736774967
96.2999999999988 48.2835455409196 79.2797364448903 64.4320108985563 24.9929674106791 0.251028338998271 0.56479120554515
96.3999999999988 48.3362533997946 79.3031898019621 64.4739037692739 25.0147170270502 0.247329168672297 0.532874842312837
96.4999999999988 48.3889630933115 79.3261342737863 64.516196952027 25.0362379400411 0.241849546802091 0.511674076844461
96.5999999999988 48.4416798369479 79.3485703811735 64.5588758987412 25.0575495249728 0.23479937745148 0.499310155598271
96.6999999999988 48.4944086717122 79.3705032072547 64.6019240227725 25.0786715554881 0.226398718908537 0.49438350832528
96.7999999999988 48.5471543785745 79.3919419252194 64.6453231551141 25.0996240321061 0.216874316388297 0.495776437783714
96.8999999999988 48.5999214461314 79.412899326055 64.6890540006028 25.1204270107777 0.206456874387262 0.502482230745353
96.9999999999988 48.6527140901194 79.4333913462851 64.7330965941258 25.1411004314404 0.195378944175988 0.513432151557925
97.0999999999988 48.7055363183543 79.4534365919211 64.7774307531259 25.1616639493506 0.183878467025753 0.538076679806652
97.1999999999988 48.7583919506113 79.4730557639323 64.8220364338839 25.1821368386191 0.172221223093608 0.588865252409355
97.2999999999987 48.8112844521457 79.4922708337264 64.8668938435398 25.2025380790309 0.160699225811701 0.669353344444321
97.3999999999987 48.8642167170577 79.5111041201502 64.911983455891 25.2228865150694 0.14962882589553 0.782622127002386
97.4999999999987 48.9171908837723 79.5295773627011 64.9572860234889 25.2432010177165 0.139354511595916 0.929326123374266
97.5999999999987 48.9702081811058 79.54771079474 65.0027825897361 25.2635006462538 0.130254324533785 1.1043360565301
97.6999999999987 49.023268800187 79.5655222167032 65.048454500983 25.2838048100627 0.122743810163345 1.29216292575789
97.7999999999987 49.0763717883737 79.5830260693148 65.0942834186252 25.3041334304255 0.117272499957826 1.46320119885164
97.8999999999987 49.1295149627622 79.6002325067992 65.1402513312001 25.3245071023257 0.114305156563579 1.57569031642101
97.9999999999987 49.1826948429401 79.617146470093 65.1863405664837 25.3449472562488 0.114284392027003 1.58856713611244
98.0999999999987 49.2359066065986 79.6337667717544 65.2325338015913 25.3654763184442 0.117503226310208 1.48938082293206
98.1999999999987 49.2891441044118 79.6500854849884 65.2788140211631 25.3861178311839 0.12383717804212 1.31186936483022
98.2999999999987 49.3423999785872 79.66608810466 65.3251643437679 25.4068964714731 0.133017357706092 1.10151262723246
98.3999999999987 49.3956658207838 79.6817540124236 65.3715677963923 25.4278380297579 0.144756917023955 0.895202571783026
98.4999999999987 49.4489323391224 79.697056953549 65.4180070869335 25.4489693870936 0.158785637941304 0.71425546421654
98.5999999999987 49.502189538003 79.7119655137479 65.464464376692 25.4703184923137 0.174866787624853 0.566633835151248
98.6999999999987 49.5554269142467 79.7264435960001 65.5109210528639 25.4919143391985 0.192799873879094 0.452115621468822
98.7999999999987 49.6086336716727 79.7404508973794 65.5573575010338 25.5137869436438 0.21241602139829 0.366677477140416
98.8999999999987 49.6617989549976 79.7539433858799 65.6037528776673 25.53596732083 0.233570947006711 0.305182055768392
98.9999999999987 49.7149121028813 79.7668737772424 65.6500848826038 25.55848746239 0.256138054188145 0.262706073255477
99.0999999999986 49.767962922654 79.779192017945 65.6963295364245 25.5813803088176 0.279942831090537 0.231538604355818
99.1999999999986 49.8209420718222 79.7908459284697 65.7424610845887 25.6046795980782 0.304571430896828 0.206862339463487
99.2999999999986 49.8738416582418 79.8017822534251 65.7884522233649 25.6284193999708 0.329533400254572 0.188277139956365
99.3999999999986 49.9266558648383 79.811947871944 65.8342744525299 25.6526335266926 0.354317547554877 0.175210935610868
99.4999999999986 49.9793814763163 79.8212910142467 65.8798984329433 25.6773549386441 0.378390887677323 0.167124284397415
99.5999999999986 50.0320182765878 79.8297624782036 65.9252943441221 25.7026151502325 0.401199250480532 0.163611621074944
99.6999999999986 50.0845692893256 79.837316845898 65.9704322418157 25.728443635676 0.422170250906216 0.164451718738552
99.7999999999986 50.1370408355608 79.8439137001887 66.0152824155799 25.7548672348082 0.440719050892468 0.169640506907794
99.8999999999986 50.18944238561 79.8495188412733 66.0598157463523 25.7819095588818 0.456257007166838 0.179427890765405
99.9999999999986 50.241786188024 79.8541055032504 66.1040040640263 25.8095903963729 0.468202911338822 0.19437586886484
100.099999999999 50.2940866679333 79.857655555689 66.1478205044805 25.8379251254584 0.476110233675541 0.211640167903448
100.199999999999 50.3463596602 79.8601603153635 66.1912398524238 25.8669242999927 0.480016821049652 0.228127798313255
100.299999999999 50.3986216661193 79.8616203684088 66.2342388482333 25.8965936759077 0.48009858482095 0.244223959416877
100.399999999999 50.4508891761089 79.8620450026415 66.2767964806098 25.9269344111127 0.476552955891081 0.260236872487903
100.499999999999 50.5031780483255 79.8614516248873 66.3188942786861 25.9579432720667 0.469595528032067 0.276438551562981
100.599999999999 50.5555029596387 79.8598651783085 66.3605166041358 25.9896128403515 0.459455213226696 0.293095655221709
100.699999999999 50.6078769431645 79.8573175597312 66.4016509432828 26.0219317192442 0.44636841775481 0.310497097445242
100.799999999999 50.6603110226697 79.8538470369731 66.4422881992097 26.0548847402904 0.430572760339431 0.328983904693576
100.899999999999 50.7128139504998 79.8494976661703 66.482422983867 26.0884531698764 0.412300818901516 0.348987396588687
100.999999999999 50.7653920524204 79.8443187091056 66.5220539101819 26.1226149158025 0.391774324364249 0.371084340348944
101.099999999999 50.8180491771199 79.8383640460466 66.5611838769348 26.15734473687 0.369258498857879 0.397673659368223
101.199999999999 50.8707866819398 79.8316914718799 66.5998201655912 26.1926145308512 0.345240462134564 0.430895844230245
101.299999999999 50.9236033733484 79.8243616959954 66.6379740597898 26.22839382143 0.320254254311099 0.471079248684447
101.399999999999 50.9764955478996 79.8164372254654 66.675660276786 26.2646503235239 0.29481796578354 0.518355187380452
101.499999999999 51.0294571914221 79.8079812437354 66.7128963916631 26.3013505116222 0.269430621288942 0.572305777075734
101.599999999999 51.0824803126909 79.7990564893145 66.7497022615434 26.3384601881227 0.244569902971102 0.631358332878924
101.699999999999 51.1355553836286 79.7897241344663 66.786099449799 26.3759450516693 0.220689475017051 0.691790669423275
101.799999999998 51.188671858316 79.7800426638995 66.8221106502635 26.4137712654898 0.19821437099082 0.746218488322033
101.899999999998 51.2418187445117 79.7700667534587 66.8577591114423 26.4519060257324 0.177532964280939 0.781575435621548
101.999999999998 51.2949852038436 79.7598461488148 66.8930680607243 26.4903181298039 0.158985120909507 0.777030346062713
102.099999999998 51.3481611561286 79.7494245560721 66.9280601341777 26.5289785372197 0.142757421922568 0.722483330399711
102.199999999998 51.401337766028 79.7388388421927 66.9627569515562 26.5678607357925 0.128623327020815 0.619937194527699
102.299999999998 51.4545076160096 79.7281190218819 66.9971790599151 26.60694061368 0.116264849135206 0.460418929779971
102.399999999998 51.5076647081922 79.7172885542921 67.0313460224368 26.6461961367707 0.105386859325055 0.235164071843382
102.499999999998 51.5608044055333 79.7063646516415 67.0652765128428 26.6856070185827 0.0957395238258251 -0.0650404104868462
102.599999999998 51.613923329055 79.6953585878346 67.0989884098037 26.7251543901626 0.0871454440970763 -0.450310363134921
102.699999999998 51.6670192220989 79.6842760070805 67.132498891351 26.7648204699844 0.0795312193052548 -0.929985431413511
102.799999999998 51.7200907911022 79.6731172325135 67.1658245292876 26.8045882338485 0.0729626790783377 -1.50492399208446
102.899999999998 51.7731375310632 79.6618775748117 67.1989813835992 26.8444410847805 0.0676779849405534 -2.14836771770485
102.999999999998 51.8261595426958 79.650547640817 67.231985096865 26.8843625229297 0.0640974526452334 -2.77639355951466
103.099999999998 51.8791573483111 79.6391136439814 67.2648509875949 26.9243358183021 0.0627661586445322 -3.21646925050776
103.199999999998 51.9321317384105 79.6275577623188 67.2975941156368 26.9643437571572 0.0641594988592717 -3.30358178365514
103.299999999998 51.9850836960224 79.6158586169457 67.3302292766868 27.0043685754043 0.0684235274772041 -3.04124182854292
103.399999999998 52.0380143571445 79.6039917981278 67.362770968871 27.0443919656625 0.0753178876574621 -2.58067091538094
103.499999999998 52.0909249793621 79.591930393152 67.3952333582514 27.0843950871554 0.0843637495990885 -2.08684817383809
103.599999999998 52.1438169153047 79.5796455142009 67.4276302443336 27.1243585756054 0.0950284875811284 -1.65306636011521
103.699999999998 52.1966915878019 79.5671068262248 67.4599750255734 27.1642625531273 0.106829862911492 -1.30697786545106
103.799999999998 52.2495504629056 79.5542830748151 67.4922806648837 27.2040866381232 0.119363181354831 -1.0435413334745
103.899999999998 52.3023950164391 79.5411426140778 67.5245596551415 27.2438099551764 0.132293008868625 -0.847613214113066
103.999999999998 52.3552266894128 79.527653934506 67.5568239846944 27.2834111449453 0.145336656768723 -0.703818539309517
104.099999999998 52.4080468299274 79.5137861901129 67.5890851030769 27.322868376857 0.158247062936053 -0.595619473962572
104.199999999998 52.4608566770579 79.4995097063085 67.6213538921483 27.3621594345675 0.170790571097835 -0.511203787219625
104.299999999998 52.5136574779464 79.4847964388984 67.6536406509981 27.401261986141 0.182741807624957 -0.445401936613679
104.399999999998 52.5664506359104 79.4696204138258 67.6859550862747 27.440153926997 0.193881804900174 -0.394340942623586
104.499999999998 52.6192378241236 79.4539581661745 67.7183063027226 27.4788137256556 0.20399587104671 -0.355178530191525
104.599999999998 52.6720210580635 79.4377891791704 67.7507027937184 27.5172207694831 0.212872479595434 -0.325882556541869
104.699999999998 52.7248027232022 79.4210963231845 67.7831524318091 27.555355710438 0.220302920762436 -0.305070521745965
104.799999999998 52.7775855555167 79.4038662947344 67.8156624592482 27.5932008108164 0.226081519345567 -0.29190837093857
104.899999999998 52.8303725737069 79.386090055487 67.8482394785333 27.6307402889978 0.230006263833575 -0.286066985817589
104.999999999998 52.8831669635598 79.3677632712604 67.8808894429426 27.6679606651905 0.23187971944257 -0.287741101626598
105.099999999998 52.9359719166421 79.3488867411921 67.9136176468251 27.704851102342 0.231587450466847 -0.29419048125061
105.199999999998 52.9887904311783 79.3294665712123 67.9464287094642 27.7414036213286 0.229328957126487 -0.301590183216653
105.299999999998 53.041625111508 79.3095136984474 67.9793265426278 27.7776129970082 0.22538167958085 -0.308921217982593
105.399999999998 53.0944780087787 79.2890431599299 68.0123143116928 27.8134765285523 0.220021424658087 -0.315022146325823
105.499999999998 53.1473505139328 79.2680733514727 68.0453943965224 27.848993804943 0.213520442457016 -0.318467160767224
105.599999999998 53.2002433039343 79.2466252865448 68.0785683523425 27.8841664704694 0.206145535919939 -0.317446747982974
105.699999999998 53.2531563399824 79.2247218551455 68.1118368706193 27.9189979902244 0.198156332037212 -0.309651444617321
105.799999999998 53.3060889148496 79.2023870826803 68.145199739936 27.9534934156016 0.1898038722831 -0.292171576201344
105.899999999998 53.3590397453097 79.1796453888352 68.1786558068701 27.9876591497918 0.181329750116451 -0.26144265456362
105.999999999998 53.4120071048935 79.1565208464516 68.2122029368702 28.0215027132802 0.172966145886071 -0.213289455208299
106.099999999998 53.46498899028 79.1330364459272 68.2458379756371 28.0550325101521 0.164905419553539 -0.150655797040962
106.199999999998 53.5179832747232 79.1092135032728 68.2795567236058 28.0882576154545 0.157210616967432 -0.0787620270973745
106.299999999998 53.5709877706272 79.085071432837 68.3133539436841 28.1211876160025 0.149918884540209 0.00341820215315829
106.399999999998 53.6240002535637 79.0606276636879 68.3472233820926 28.15383247224 0.143075685246243 0.0966601508568466
106.499999999998 53.677018485907 79.0358975615206 68.3811577897088 28.1862023809105 0.136736505944836 0.201236836450251
106.599999999998 53.7300402418516 79.0108943505633 68.41514894341 28.2183076377283 0.13096863055277 0.316564566904147
106.699999999998 53.783063334072 78.9856290354852 68.449187667418 28.2501585000484 0.125852692614569 0.440751106438655
106.799999999998 53.8360856423754 78.9601103233029 68.4832638546421 28.2817650495379 0.121483538403746 0.570104681337819
106.899999999998 53.8891051448001 78.9343445452875 68.5173664880235 28.3131370548466 0.117969746524658 0.698750396021387
106.999999999998 53.9421199517391 78.9083355788718 68.5514836618784 28.3442838342774 0.115431063490954 0.818605460601589
107.099999999998 53.9951283436925 78.8820847730329 68.5856026036517 28.3752141207709 0.113963603627539 0.918398303418992
107.199999999998 54.048128810043 78.8555909640489 68.6197097063095 28.4059359870419 0.113542143868727 0.990879771373116
107.299999999998 54.1011200796282 78.8288507206661 68.6537905877426 28.4364569234107 0.1140995524954 1.03499865501623
107.399999999998 54.1541011415201 78.8018586796396 68.6878301608101 28.4667839757863 0.115552211915516 1.05275755258811
107.499999999998 54.2070712579545 78.7746078847493 68.721812703791 28.4969238859634 0.117799304072548 1.04857560334381
107.599999999998 54.2600299696613 78.7470901258176 68.7557219308375 28.5268832319197 0.120724777223893 1.02826533573228
107.699999999998 54.3129770933359 78.7192962777249 68.7895410624271 28.5566685681127 0.124201085320342 0.997979675063355
107.799999999998 54.3659127106741 78.691216639427 68.8232528958155 28.5862865657768 0.128093660637596 0.963406437147089
107.899999999998 54.4188371481587 78.6628412729711 68.8568398754888 28.6157441532201 0.132265298460488 0.929321398699746
107.999999999998 54.4717509466484 78.6341603425128 68.8902841636161 28.6450486561218 0.136580001419611 0.899466499833697
108.099999999998 54.5246548205294 78.6051644530221 68.9235677118244 28.6742079373703 0.14090482402951 0.873210799789432
108.199999999998 54.5775496241868 78.575844980915 68.956672367355 28.7032305249791 0.145104965182845 0.849859758795777
108.299999999998 54.6304363545741 78.5461943841892 68.9895800664949 28.7321257097367 0.149044235788618 0.831913719059039
108.399999999998 54.6833161584524 78.5162065044857 69.0222730623908 28.7609036309344 0.152588116967948 0.821467338006732
108.499999999998 54.7361903243577 78.4858768688398 69.0547341541841 28.7895753616347 0.155606185917273 0.820416596571144
108.599999999998 54.7890602577484 78.4552029914313 69.0869469161466 28.8181529939407 0.157974556346277 0.830678499580904
108.699999999998 54.841927439017 78.4241846753362 69.1188959268164 28.8466497242641 0.159578598857123 0.854423577040096
108.799999999998 54.894793364631 78.392824314277 69.1505669981334 28.875079938595 0.160316277837062 0.894332695878616
108.899999999998 54.9476594723537 78.3611271943739 69.1819474045747 28.9034592977699 0.160102560712233 0.953897037153787
108.999999999998 55.0005270522763 78.3291017958955 69.2130261122904 28.9318048227411 0.158875560317803 1.03778192783742
109.099999999998 55.0533971470405 78.2967600875058 69.2437940059965 28.9601349751532 0.15665360210141 1.13597510684116
109.199999999998 55.1062704658308 78.2641176254063 69.2742440575589 28.988469615928 0.153669307880195 1.23258833877169
109.299999999998 55.1591473598191 78.2311931572141 69.3043713465614 29.0168296541766 0.150188642079478 1.32359728168822
109.399999999998 55.2120278440527 78.1980080307341 69.3341730225655 29.0452365741194 0.146448069275217 1.40373270179056
109.499999999998 55.2649116465564 78.1645855952285 69.3636482651264 29.0737119573144 0.142642844282797 1.46684539703627
109.599999999998 55.3177982793036 78.1309506026857 69.3927982438102 29.1022770048849 0.138914635486787 1.50658228744616
109.699999999998 55.370687125561 78.0971286090891 69.4216260782102 29.1309520597482 0.13534022279861 1.5172833198828
109.799999999998 55.4235775376389 78.0631453756863 69.4501367979635 29.1597561288427 0.131923473417916 1.49484264012911
109.899999999998 55.4764689389883 78.0290262702579 69.4783373027678 29.188706405357 0.128592647749228 1.43717762486806
109.999999999998 55.5293609248873 77.9947956683867 69.5062363223977 29.2178177909573 0.125204196657916 1.34400159854537
110.099999999998 55.5822533554279 77.9604763590299 69.5338443752514 29.2471024222745 0.121571724630026 1.23418799549736
110.199999999998 55.6351464072549 77.926089061979 69.5611736886652 29.2765693081201 0.117557216716035 1.12595309220443
110.299999999998 55.688040537715 77.8916522293436 69.5882380221813 29.3062242477846 0.113057033832703 1.01793409075015
110.399999999998 55.7409364146154 77.8571819589216 69.6150524525828 29.3360698600641 0.107986229143967 0.907490940783017
110.499999999998 55.7938348445036 77.8226919118736 69.6416331574605 29.3661056165466 0.102276129269162 0.79036077646849
110.599999999998 55.8467367026753 77.7881932303975 69.6679971987775 29.3963278748979 0.0958726501405337 0.659856174699331
110.699999999998 55.8996428668139 77.7536944554021 69.6941623064355 29.4267299121475 0.0887358345189036 0.505200705427773
110.799999999998 55.9525541561089 77.7192014441819 69.7201466618397 29.4573019579746 0.0808415031518538 0.308076077525384
110.899999999998 56.0054712776742 77.6847172880912 69.7459686814651 29.4880312279941 0.0721870068836178 0.0351219462856754
110.999999999998 56.0583947820978 77.6502422302182 69.7716468004215 29.5189019570426 0.0628060526015426 -0.379533750396425
111.099999999998 56.1113250296857 77.6157735858534 69.797199255688 29.5498954353118 0.052822243890397 -1.05094732323332
111.199999999998 56.1642621617449 77.581305735603 69.8226438607317 29.5809901185219 0.0425835883930244 -2.23545267749569
111.299999999998 56.2172060675611 77.5468303029085 69.847997758255 29.6121619260408 0.032833332948404 -4.5228801783868
111.399999999998 56.2701563612553 77.5123364042126 69.8732771643286 29.6433846130426 0.0253095102780098 -8.44110321434132
111.499999999998 56.3231123748744 77.4778109019172 69.8984971121917 29.6746301455146 0.0233925241326765 -10.3249323545171
111.599999999998 56.3760731653236 77.443238657343 69.9236711960532 29.7058690752633 0.0288455639976455 -6.73022105725952
111.699999999998 56.4290375318077 77.4086027836888 69.9488113148925 29.7370709149208 0.0389349852686193 -3.46110920418876
111.799999999998 56.48200404002 77.37388489899 69.9739274162601 29.7682045129516 0.0510461920894775 -1.75509343746936
111.899999999998 56.5349710490609 77.3390653790782 69.9990272400788 29.7992384286588 0.0639884768214544 -0.868396224821155
111.999999999998 56.5879367369902 77.3041236105399 70.0241160624442 29.8301413071906 0.0772169034849547 -0.362868776516949
112.099999999998 56.640899122012 77.2690382437194 70.0491964445941 29.860882252093 0.0904437675741934 -0.0668387767898189
112.199999999998 56.6938561006748 77.2337874468571 70.0742681162497 29.8914311340702 0.103533047419583 0.100381004605927
112.299999999998 56.7468055416904 77.1983491631095 70.0993282000562 29.9217587378084 0.116403892276257 0.194781440752325
112.399999999998 56.7997453960211 77.1627013687057 70.1243715703967 29.9518368450076 0.128987726053568 0.245298823934712
112.499999999998 56.8526737974922 77.1268223311465 70.1493912173733 29.9816383149593 0.141215117207671 0.267953610847601
112.599999999998 56.9055891512461 77.0906908674041 70.1743786107882 30.0111371651242 0.153010467389068 0.272107248695513
112.699999999998 56.958490207971 77.0542866021216 70.1993240641258 30.0403086517102 0.164290168011865 0.263442894164194
112.799999999998 57.011376121602 77.0175902258129 70.2242170985338 30.0691293502506 0.174962429074659 0.245479937087704
112.899999999998 57.0642464880865 76.9805837530617 70.2490468068044 30.0975772361811 0.1849279844148 0.220385375410223
112.999999999998 57.1171013628483 76.9432507807214 70.2738022173564 30.1256317654184 0.194081306559868 0.189425284268233
113.099999999998 57.169941255428 76.9055767450184 70.2984726571696 30.1532739556556 0.202314407347736 0.156196948734344
113.199999999998 57.2227671162693 76.8675491501457 70.3230480875129 30.1804864863219 0.209525507506181 0.123272159957154
113.299999999998 57.2755803418861 76.8291577244901 70.3475193706077 30.2072538459204 0.215613945678456 0.0898714532324152
113.399999999998 57.3283827720167 76.7903945483486 70.3718785090836 30.23356249803 0.220478905415663 0.0551703069888823
113.499999999998 57.3811766623088 76.7512541805501 70.3961188843888 30.2594010480251 0.224020448735482 0.018234606387936
113.599999999998 57.4339646325743 76.7117337850763 70.4202354951991 30.2847604097948 0.226140718200372 -0.0220573622160254
113.699999999998 57.4867495920079 76.6718332576822 70.4442251958281 30.309633972463 0.226745338962422 -0.0671190042686704
113.799999999998 57.5395346435348 76.6315553525177 70.4680869346365 30.3340177671081 0.225745090430268 -0.1188039714781
113.899999999998 57.5923229702871 76.5909058087479 70.4918219924422 30.3579106334822 0.223057985879345 -0.179628352734566
113.999999999998 57.6451177081059 76.5498934771747 70.5154342209297 30.3813143867312 0.218612021246678 -0.253115246535024
114.099999999998 57.697921808349 76.5085304408677 70.5389302741815 30.4042339790388 0.212411593181589 -0.333191493424337
114.199999999998 57.7507378855911 76.466831980065 70.5623196613701 30.4266775293122 0.204724316811289 -0.411710020351661
114.299999999998 57.8035680562953 76.4248161417571 70.5856143454741 30.4486560178956 0.195883812216283 -0.489316272320413
114.399999999998 57.8564138203121 76.3825031535404 70.6088281631546 30.470182849325 0.186221243920572 -0.565437861857282
114.499999999998 57.9092760022897 76.3399148314803 70.6319762377538 30.491273410007 0.176059955578335 -0.63798464167755
114.599999999998 57.9621547483202 76.2970739879757 70.6550743922931 30.5119446258989 0.165709280182201 -0.702897590894284
114.699999999998 58.0150495707484 76.2540038396217 70.6781385624714 30.5322145201876 0.155457240521412 -0.753615247085712
114.799999999998 58.0679594329648 76.2107274150743 70.7011842096634 30.5521017709691 0.145562209696486 -0.780600286959705
114.899999999998 58.1208828655312 76.1672669629128 70.724225733918 30.571625268928 0.136244371304917 -0.771162266710236
114.999999999998 58.1738181051122 76.1236433595047 70.7472758869564 30.5908036750163 0.127679130981995 -0.709874417699153
115.099999999998 58.2267632475242 76.0798755226377 70.7703451910605 30.6096549818457 0.119959794124581 -0.605459108738962
115.199999999998 58.2797163853417 76.0359799751604 70.7934415110987 30.6281961715883 0.113010793135534 -0.477743246965557
115.299999999998 58.3326756831242 75.9919707894076 70.816570015287 30.6464431188675 0.106732421894578 -0.326843507245197
115.399999999998 58.3856394170069 75.9478596816332 70.8397332890874 30.6644105901576 0.10104678586192 -0.153221617841609
115.499999999998 58.4386060017788 75.9036561122123 70.8629314549965 30.6821122468968 0.0959026641496 0.0421764906937849
115.599999999998 58.4915740091869 75.859367385843 70.8861622923336 30.6995606485992 0.0912796335355218 0.257488932664085
115.699999999998 58.5445421799982 75.8149987517484 70.9094213570299 30.7167672559676 0.0871910913579824 0.489127918215467
115.799999999998 58.5975094320202 75.7705535038792 70.9327021014167 30.7337424340053 0.0836855208189164 0.730611851094691
115.899999999998 58.6504748659575 75.7260330811152 70.9559959940136 30.7504954551287 0.0808448874254112 0.971308617919914
115.999999999998 58.7034377706848 75.6814371674678 70.9792926393178 30.7670345022801 0.0787786442390759 1.19577471385893
116.099999999998 58.7563976287961 75.6367637932446 71.0025798968653 30.7833666742913 0.077595138526989 1.38954460119029
116.199999999998 58.8093541122259 75.5920094612545 71.0258439814063 30.7994980498011 0.077337899637228 1.54297985722234
116.299999999998 58.8623070490066 75.5471693365733 71.0490695151345 30.8154338998039 0.0780268404745071 1.64836143505933
116.399999999998 58.9152563768514 75.5022374613493 71.0722395610298 30.8311789587521 0.0796652644017844 1.70432987611451
116.499999999998 58.9682020947367 75.4572069705722 71.0953356554744 30.8467376979096 0.0822343044476232 1.71601796800184
116.599999999998 59.0211442134467 75.4120703078408 71.1183378408683 30.8621145987053 0.0856933008527145 1.69327734445614
116.699999999998 59.0740827054059 75.3668194411324 71.1412246982459 30.877314426087 0.0899851438058753 1.64789645337538
116.799999999998 59.1270174539995 75.3214460785707 71.1639733798914 30.8923425018753 0.0950443480890797 1.59103171581028
116.899999999998 59.1799482025287 75.2759418841946 71.1865596419552 30.9072049781169 0.100805565853242 1.53161633994322
116.999999999998 59.2328745029821 75.2302986937267 71.2089578770698 30.9219091104387 0.107211015446159 1.47582971722272
117.099999999998 59.2857956662827 75.1845087287211 71.2311411497489 30.9364635270579 0.114220214366956 1.40922129722864
117.199999999998 59.3387107489555 75.1385647685756 71.2530813041488 30.9508783848555 0.121803239633235 1.32099635973758
117.299999999998 59.3916186322807 75.0924602155837 71.274749255521 30.9651652387677 0.129894657081698 1.2200720137789
117.399999999998 59.4445181384089 75.0461891178503 71.2961153540249 30.9793367982396 0.138392900905486 1.1137612321557
117.499999999998 59.497408146129 74.999746190588 71.3171497513266 30.9934066793372 0.147169503808831 1.00746028973794
117.599999999998 59.5502877012828 74.9531268374118 71.3378227671949 31.0073891568573 0.156077087504914 0.904740363905342
117.699999999998 59.603156117985 74.9063271716351 71.3581052560996 31.0212989164393 0.164955659624697 0.80765879453464
117.799999999998 59.6560130667369 74.8593440375652 71.3779689738083 31.0351508066755 0.173637267724453 0.71713289348208
117.899999999998 59.7088586455625 74.8121750317986 71.3973869439838 31.0489595912225 0.181949311070567 0.633281303787511
117.999999999998 59.761693430477 74.7648185245167 71.4163338247819 31.0627397009118 0.189716878450742 0.555692312953864
118.099999999998 59.8145185017452 74.7172736802896 71.4347862719336 31.0765049882688 0.196789270612387 0.488724279292966
118.199999999998 59.8673354401687 74.6695404661 71.4527232104598 31.0902685446361 0.203119329608096 0.434888397390077
118.299999999998 59.9201462936164 74.6216196269248 71.4701258744472 31.1040426762149 0.208694364044701 0.391414168910066
118.399999999998 59.9729535301703 74.5735126485364 71.4869777554562 31.1178389427122 0.213509793731709 0.356243104341291
118.499999999998 60.0257599852868 74.5252217198125 71.5032645474129 31.1316681983942 0.217567335035245 0.32783428989768
118.599999999998 60.0785688046854 74.4767496950462 71.5189740915029 31.1455406331409 0.220873751540192 0.305027356048356
118.699999999998 60.1313833843906 74.4281000562552 71.5340963210642 31.1594658135002 0.223439973935112 0.286945538612983
118.799999999998 60.1842073092522 74.3792768754926 71.5486232064799 31.1734527237423 0.225280461727781 0.272926736733886
118.899999999998 60.2370442911728 74.3302847771558 71.5625487000713 31.1875098069136 0.226412723582742 0.262474237921613
118.999999999998 60.289898108174 74.2811289002969 71.575868680991 31.2016450058907 0.226856942015743 0.255221398900172
119.099999999998 60.3427725451359 74.2318148608374 71.5885808988808 31.2158658044811 0.226644362201849 0.25076592575743
119.199999999998 60.3956713326953 74.1823487113163 71.6006848854156 31.2301792697072 0.225843122979164 0.24863621726079
119.299999999998 60.4485980807367 74.1327368943754 71.6121817843272 31.2445920971006 0.224531843858387 0.248487115195609
119.399999999997 60.5015562190328 74.0829861937779 71.6230741493153 31.2591106571808 0.222790494688043 0.250012636092511
119.499999999997 60.554548951194 74.033103685332 71.633365740722 31.2737410419803 0.22069997076245 0.252925665403003
119.599999999997 60.607579222338 73.9830966878147 71.6430613222072 31.2884891115683 0.218341690354172 0.256941107925172
119.699999999997 60.6606497004737 73.9329727138949 71.6521664574235 31.3033605405762 0.215797212544094 0.261761756126737
119.799999999997 60.7137627714261 73.8827394210576 71.6606873066916 31.3183608647215 0.213147872558988 0.267066691539741
119.899999999997 60.7669205469915 73.832404562527 71.6686304236753 31.3334955273326 0.21047443091494 0.272502509812187
119.999999999997 60.8201248859135 73.7819759381905 71.6760025520564 31.3487699258736 0.207856732110681 0.277678069074618
