#t s x y z curvature torsion
5 0 75.1970113827589 112.401735329539 4.26349253484825 0.0231289642908678 -4.92502240836611
5.1 0.0718298617896815 75.1757008160981 112.399221888259 4.33204230805177 0.0154715072146595 -11.2762296860702
5.2 0.143673803078466 75.1544466530308 112.396660849322 4.40062257876997 0.017244286074701 -9.07823700479722
5.3 0.215527452630494 75.1331981333205 112.394011416645 4.46921141073663 0.0265537978684694 -3.79169396056164
5.4 0.287386588752556 75.1119047982535 112.391233244067 4.53778699737694 0.0378867141413229 -1.85212110815795
5.5 0.359247352085559 75.0905170660097 112.388287552992 4.60632791304313 0.0493842654633854 -1.10373758931138
5.6 0.431106430759337 75.0689868070327 112.385138250025 4.67481336425029 0.0603802285955818 -0.770894730489881
5.7 0.502961202935959 75.047267919401 112.381753044606 4.74322344091206 0.0704986235287971 -0.614048187892373
5.8 0.574809823631293 75.025316904198 112.378104566652 4.81153936757634 0.0794565089525849 -0.546950711873384
5.9 0.646651245366713 75.003093440883 112.37417148419 4.87974375466107 0.0870124691832355 -0.535116760722315
6 0.71848516568606 74.9805609626615 112.369939620998 4.94782084968991 0.0929531769588391 -0.565283583999435
6.1 0.790311899727493 74.9576872270261 112.365403059497 5.01575678679902 0.0971445638086174 -0.62071420934492
6.2 0.86213220401781 74.9344447607276 112.360564860363 5.0835397912902 0.0996793820375012 -0.688460788154055
6.3 0.933947114502597 74.9108109859897 112.355436809172 5.15116027007108 0.100712509647542 -0.770566531485317
6.4 1.00575780283363 74.8867682211544 112.350038779765 5.21861085714172 0.100411334367488 -0.869895692095839
6.49999999999999 1.077565447207 74.8623036764969 112.34439808287 5.28588645735225 0.0989601458545437 -0.990052923556648
6.59999999999999 1.1493711267616 74.8374094500415 112.338548814716 5.35298429016043 0.0965660431879178 -1.13517961428275
6.69999999999999 1.22117574696748 74.8120825233766 112.332531205661 5.41990393338933 0.0934667116616154 -1.30936889631478
6.79999999999999 1.29298000130698 74.78632475747 112.326390968807 5.48664736698489 0.0899400285976023 -1.51527624764389
6.89999999999999 1.36478437263113 74.7601428884843 112.320178648622 5.55321901677359 0.0863142874934604 -1.75134165288428
6.99999999999999 1.43658917586385 74.7335485235924 112.31394896956 5.61962579822001 0.0829752238694349 -2.00724903475443
7.09999999999999 1.50839464144394 74.7065581306482 112.307760169602 5.68587715542105 0.080375314020138 -2.22459842483517
7.19999999999999 1.58020101938155 74.6791928680963 112.301672941734 5.75198497625085 0.0789598520596383 -2.32544804253734
7.29999999999999 1.65200867166788 74.6514780093364 112.295748380175 5.81796319311914 0.0788991250219149 -2.28401564000528
7.39999999999999 1.72381816917998 74.6234422073265 112.290045534544 5.88382725988033 0.0799982014550013 -2.11875889110808
7.49999999999999 1.7956303815007 74.5951167530417 112.284618948954 5.94959362397915 0.0817450632437551 -1.87997814278283
7.59999999999999 1.86744652765541 74.5665348339327 112.27951620109 6.01527919859638 0.0834319648002525 -1.62036892118669
7.69999999999999 1.93926815914734 74.5377307923847 112.274775441303 6.08090083479445 0.0842774675680267 -1.37599557879848
7.79999999999999 2.01109705424873 74.5087393841762 112.270422931697 6.14647479366312 0.0835055827635251 -1.1644731118125
7.89999999999999 2.08293501346088 74.4795950369377 112.266470585214 6.21201621846514 0.0803809490120309 -0.991575075304511
7.99999999999999 2.15478356037411 74.4503311086099 112.262913504721 6.27753860678193 0.0742166870577688 -0.858972800404821
8.09999999999999 2.2266435705219 74.420979148214 112.259727571087 6.34305328686385 0.0645550703484737 -0.801671904709239
8.19999999999999 2.29851489579227 74.3915682166957 112.2568683049 6.40856900330056 0.0517326627559634 -0.880267102531444
8.29999999999999 2.37039612270029 74.3621243602702 112.254272961286 6.47409178019628 0.0363431117113526 -1.29469735667901
8.39999999999999 2.44228453213049 74.3326701438423 112.251863898377 6.53962489366511 0.0191230000297598 -3.71790288120496
8.49999999999999 2.51417625145661 74.303224186737 112.249551994755 6.60516884853099 0.00474168336808443 -57.0582098722978
8.59999999999999 2.58606656918085 74.2738006984301 112.24724006691 6.6707213550276 0.0206664942283747 -3.46727678169334
8.69999999999999 2.65795036481176 74.2444090142794 112.244826286687 6.7362773054984 0.0403205629312046 -1.21626432600704
8.79999999999999 2.72982259459988 74.2150531312549 112.242207598739 6.8018287510965 0.0597432060734627 -0.789729578921958
8.89999999999999 2.80167876730159 74.1857312436699 112.239283137977 6.86736487848465 0.0782026876883145 -0.666244483911263
8.99999999999999 2.87351534326671 74.1564352789113 112.235957647018 6.93287198653515 0.0950855010496061 -0.645599840973405
9.09999999999999 2.94532999659601 74.1271504498037 112.232144866017 6.99833347076808 0.109921830566489 -0.652741345151023
9.19999999999999 3.01712173865407 74.0978552394245 112.227770204201 7.06373000898357 0.12266402519103 -0.654303083632607
9.29999999999998 3.08889098902659 74.0685224836837 112.222771588086 7.12904025761746 0.133336161499394 -0.65230886795813
9.39999999999998 3.16063957778172 74.0391208863548 112.217099591402 7.19424174929119 0.141926536798015 -0.647964210955395
9.49999999999998 3.23237065671836 74.0096165507394 112.210717537395 7.25931179809982 0.148389579589201 -0.642238745229398
9.59999999999998 3.30408852679048 73.9799745113315 112.203601601127 7.32422840490003 0.152648377921358 -0.636115111424203
9.69999999999998 3.37579838920118 73.9501602654812 112.195740911783 7.38897116259826 0.15459765576683 -0.630756784681976
9.79999999999998 3.44750602801283 73.9201413050594 112.187137654966 7.45352216143864 0.154107022370168 -0.627704660934231
9.89999999999998 3.51921743403671 73.8898886481219 112.177807175007 7.51786689429116 0.151024329199697 -0.629205947178976
9.99999999999998 3.59093838320327 73.8593783705736 112.167778077256 7.58199516193961 0.145179029617162 -0.638862726183657
10.1 3.66267398721883 73.8285931194434 112.157092305706 7.6459019650415 0.136513238670373 -0.67066628148913
10.2 3.73442824329848 73.7975231480403 112.145804578657 7.70958804955467 0.125477326546708 -0.736750389392498
10.3 3.80620367358212 73.766166137422 112.133980194862 7.77305957250288 0.112662116015111 -0.843827471948242
10.4 3.87800116444704 73.7345265397442 112.121692197731 7.8363274212081 0.0986701355712939 -1.00543028767812
10.5 3.94982001563825 73.702614903221 112.109018514839 7.89940651919468 0.0841158173575377 -1.24504082429272
10.6 4.02165816825068 73.6704471970854 112.096039097445 7.96231513209352 0.0696299916546584 -1.60130790556406
10.7 4.09351256993299 73.6380441365493 112.082833060002 8.02507417354617 0.0558681791163121 -2.13367092231338
10.8 4.1653796302628 73.605430507764 112.069475819669 8.08770651110902 0.0435167908260596 -2.91572553215742
10.9 4.23725571828528 73.5726344927803 112.056036235827 8.15023627215743 0.0332665565225896 -3.96670307341024
11 4.30913765758698 73.5396869945089 112.042573749593 8.21268814978989 0.02564795278179 -5.05009512790681
11.1 4.3810231766827 73.5066209499914 112.029135567642 8.27508670603508 0.0207099620481668 -5.8641205758098
11.2 4.4529111600198 73.4734703397434 112.015754998207 8.33745560493544 0.0182835781344461 -5.98585454548154
11.3 4.52480149363181 73.4402684255907 112.002452711798 8.39981666762479 0.017876218506761 -5.09638582065978
11.4 4.59669473858698 73.4070456845779 111.989239154098 8.46218885728236 0.018530114346667 -3.73199983772178
11.5 4.66859177682759 73.3738277311875 111.976117003162 8.52458726138982 0.0192191878585163 -2.37581173264332
11.6 4.74049343885662 73.3406332395589 111.963083626629 8.5870220739883 0.0191516041722476 -1.00740032489344
11.7 4.81240011504728 73.307471865708 111.950133538921 8.64949757793536 0.0178692293705681 0.801442173891782
11.8 4.88431135543446 73.2743421697457 111.937260858448 8.71201112716204 0.0155791906979645 4.02784840395685
11.9 4.95622547139598 73.2412295380974 111.924461764819 8.77455212892983 0.0145178828187035 8.25833629293338
12 5.02813916664367 73.2081041057222 111.911736956039 8.83710102608771 0.0197455051552204 6.29953192787658
12.1 5.10004725267106 73.1749187415665 111.899094061735 8.89962831345568 0.0325783755380483 2.77564519057073
12.2 5.17194272014669 73.141608678116 111.886548912724 8.96209444149924 0.0501307733896018 1.26895629770492
12.3 5.2438175276622 73.1080953144282 111.874123907493 9.02445197235741 0.0701814567376795 0.671822820013353
12.4 5.3156637245051 73.0742916632636 111.86184523503 9.08664862316166 0.0911305262371216 0.413423807339197
12.5 5.38747459677358 73.040107861451 111.849740053668 9.14863034348138 0.111558202855745 0.29682459172074
12.6 5.4592456927075 73.0054566802529 111.837833669935 9.21034439276939 0.130093667974638 0.249822534283158
12.7 5.53097557851623 72.9702590357314 111.826146717393 9.27174241780739 0.145377641012898 0.244992975810647
12.8 5.60266618580729 72.9344494991131 111.814692335492 9.33278353015145 0.156056039464521 0.274717291049066
12.9 5.67432264513499 72.8979818071552 111.803473348407 9.3934373835775 0.16078970624577 0.344869282957037
13 5.74595255805642 72.8608343725105 111.792479443889 9.45368725152681 0.158279249897616 0.479302179807921
13.1 5.81756474133766 72.8230156955984 111.781684403476 9.51353304982041 0.147788687598987 0.709015467264707
13.2 5.8891675882674 72.7845672156108 111.771044668187 9.57299293636639 0.130633601929105 1.09273444901419
13.3 5.96076752226362 72.7455596608616 111.760501294313 9.63210129861836 0.10887751969248 1.79805583325726
13.4 6.03236812135111 72.7060868382715 111.749983244689 9.69090531802666 0.0852493742476184 3.20807702827227
13.5 6.10397002761032 72.6662593243582 111.739410731333 9.74946147975863 0.0643125814979697 5.91815279905459
13.6 6.17557152970836 72.6261981562261 111.728698558086 9.80783208241885 0.0544319512953636 8.3152789810091
13.7 6.24716962171094 72.5860285225567 111.71775946325 9.86608174776934 0.0621973213360173 6.10566424915394
13.8 6.3187612911625 72.5458734545984 111.706507462228 9.9242739304498 0.0811538472072797 3.22698781135546
13.9 6.39034477000435 72.5058475171563 111.694861190162 9.98246742769786 0.102464633103185 1.65340748264178
14 6.46192049253506 72.466050499583 111.682747244575 10.0407128890693 0.12136099598655 0.798691229081131
14.1 6.53349154309935 72.4265611910654 111.670103485817 10.099049371275 0.135498826691121 0.302694510871242
14.2 6.60506341904204 72.3874333476594 111.656881240557 10.1575020660515 0.144751701367632 0.00120129103557554
14.3 6.6766431866481 72.3486972229836 111.643044720703 10.216083005733 0.149736566020362 -0.21056663511401
14.4 6.74823846203949 72.3103632906607 111.628569345357 10.2747929418566 0.151235021261623 -0.375092369566988
14.5 6.81985646253568 72.2724260510555 111.613440020588 10.3336232688849 0.150093559912319 -0.508643757468511
14.6 6.89150322696393 72.2348678380134 111.597649419199 10.3925579479279 0.147170155224568 -0.613280655981561
14.7 6.96318305332511 72.1976626255986 111.581196260497 10.4515754304653 0.143292222656569 -0.681238287344841
14.8 7.0348981652689 72.1607798348327 111.564083590062 10.510650582069 0.139216173984481 -0.697526437958564
14.9 7.10664859235039 72.1241881404327 111.546317059517 10.5697566061249 0.135591270643688 -0.643551946021191
15 7.17843223322512 72.0878592775499 111.527903206297 10.6288669675556 0.132941215916046 -0.502850691350897
15.1 7.25024506754864 72.051771802184 111.508847748832 10.6879572953267 0.131572641028301 -0.323359090846351
15.2 7.32208152089 72.0159136471794 111.489154282484 10.7470067333557 0.131333359489422 -0.168047397393322
15.3 7.39393497372536 71.98028162085 111.468823992783 10.8059978912074 0.132026054126852 -0.0452781863436543
15.4 7.46579827804443 71.9448797011864 111.447855769415 10.8649162431921 0.133501690674531 0.0407043273151149
15.5 7.53766423710068 71.9097172837381 111.426246335629 10.9237495062471 0.135631721915973 0.0889010295491426
15.6 7.60952605488333 71.874807429497 111.403990377635 10.9824870178191 0.138287606522707 0.10065553567072
15.7 7.68137775841511 71.8401651127795 111.381080674012 11.0411191137462 0.141329665573891 0.0787297003319274
15.8 7.75321459209309 71.80580546911 111.357508225111 11.09963650614 0.144605202142519 0.0263986724951551
15.9 7.82503338102244 71.7717420431031 111.333262382454 11.158029661268 0.147954672723701 -0.0533350024774826
16 7.89683285965644 71.7379850363468 111.308330978142 11.2162881774351 0.151224477734129 -0.158302470075285
16.1 7.96861395528706 71.7045395840202 111.282700454146 11.2744001697284 0.154324202982029 -0.259384324685483
16.2 8.04037983494101 71.6714047786162 111.256355988749 11.3323518331756 0.157349575577974 -0.329694942980982
16.3 8.11213543307829 71.638574590163 111.229281615743 11.3901274588016 0.160440744510514 -0.370556350806916
16.4 8.1838868056846 71.606039533551 111.201460340771 11.4477096280996 0.163723682959083 -0.382974332434861
16.5 8.25564051240607 71.5737883645938 111.172874257564 11.5050794143646 0.167299480063787 -0.368202444427367
16.6 8.32740303253564 71.5418097760902 111.143504664178 11.5622165840264 0.171241068427125 -0.328051116416959
16.7 8.39918021119447 71.5100940938858 111.11333217922 11.6190997979829 0.17559712837645 -0.264942377382743
16.8 8.47097673175391 71.4786349729339 111.082336858093 11.6757068129332 0.180402415807361 -0.181783923999115
16.9 8.54279561154009 71.4474310933579 111.050498309221 11.732014682711 0.185693244598377 -0.0817815941741039
17 8.61463772017448 71.4164878565119 111.017795810292 11.7879999596177 0.19152654251214 0.0316911239616847
17.1 8.68650133505701 71.3858190510281 110.984208428609 11.8436388965762 0.197951438971896 0.134998100737045
17.2 8.75838202420857 71.3554477384709 110.94971524868 11.8989076706246 0.20486112133283 0.208916293828256
17.3 8.83027328521654 71.3254051579989 110.914295871984 11.9537826605782 0.212103378981161 0.257148218838954
17.4 8.90216743282801 71.2957288506346 110.877931023974 12.0082407460307 0.219506418200842 0.283675132368797
17.5 8.97405642996745 71.2664607535187 110.84060316519 12.0622596071771 0.226867269605632 0.292333565065595
17.6 9.04593263761516 71.2376452941654 110.802297102388 12.1158180246357 0.233947312741674 0.286533851025428
17.7 9.11778946720324 71.2093274847172 110.763000599654 12.1688961792702 0.240472758045406 0.269078216734632
17.8 9.1896219173928 71.1815510161991 110.72270498953 12.2214759520123 0.246138345262727 0.242050129050903
17.9 9.26142697710082 71.1543563527741 110.68140578413 12.2735412236837 0.250613040677322 0.20674389514727
18 9.33320387859044 71.1277788259973 110.639103286265 12.3250781748187 0.253547007858801 0.163595711667566
18.1 9.40495418446112 71.1018467393198 110.595803192508 12.3760755782198 0.25463528599157 0.113431086798317
18.2 9.47668161048881 71.0765797390578 110.551516986834 12.4265249025897 0.253797082916058 0.0557106774196673
18.3 9.54839148805146 71.0519878617735 110.506261802664 12.4764199365847 0.251021664173051 -0.0123383385620815
18.4 9.62009010999299 71.028070848123 110.460060075468 12.5257562239454 0.24632008423873 -0.0943568551363296
18.5 9.69178409158298 71.0048174669512 110.412939187334 12.5745304913592 0.239734440587824 -0.195277092055837
18.6 9.76347977033232 70.9822048393882 110.364931111518 12.622740076324 0.231351785502614 -0.321900768987407
18.7 9.83518266664583 70.960197762945 110.316072057009 12.670382355012 0.221325841678996 -0.483639843780505
18.8 9.90689702999941 70.9387480356088 110.266402113082 12.7174541701324 0.209911736051309 -0.693277687388748
18.9 9.97862549831785 70.9177937799393 110.215964893863 12.7639512587951 0.197521880028217 -0.967109439031009
19 10.0503689015895 70.897258767164 110.164807182883 12.8098676803742 0.184813809864 -1.32242357293553
19.1 10.1221262440387 70.8770517890779 110.112978570445 12.8551952565806 0.172851524426352 -1.71980101789574
19.2 10.1938948936807 70.8570672728343 110.060530903939 12.8999233289735 0.163137736803477 -2.06846897955895
19.3 10.2656710085593 70.8371890507701 110.007517263343 12.9440393222797 0.157040525668705 -2.28314322863721
19.4 10.337450201362 70.8172953731222 109.953990749678 12.9875296251521 0.155312334557264 -2.2915194093249
19.5 10.4092283426343 70.7972639685483 109.900003266265 13.0303804831368 0.157762110796154 -2.09201052142948
19.6 10.4810023634191 70.7769771046464 109.845604299985 13.0725788916409 0.163277809599324 -1.75466360107324
19.7 10.5527709167224 70.7563266484761 109.790839702536 13.1141134889001 0.17018572209231 -1.36370952185948
19.8 10.6245347696917 70.7352191270781 109.735750471695 13.1549754489459 0.176666526956423 -0.971143665318535
19.9 10.696296824395 70.7135807879951 109.680371532574 13.1951593745734 0.181026436354521 -0.589165965943596
20 10.7680617050258 70.6913626597917 109.624730518881 13.2346641903087 0.181825855754555 -0.199111014992225
20.1 10.8398349053174 70.6685455284357 109.568846575258 13.2734940195892 0.178192132155143 0.185368551600966
20.2 10.9116216248792 70.6451427260502 109.512729707752 13.3116586514779 0.170590853021023 0.557760844312012
20.3 10.9834256750448 70.6211973664573 109.456381525675 13.3491729654236 0.160082550607585 0.956990605264818
20.4 11.0552487275888 70.5967773930934 109.399796531603 13.3860559455564 0.148024771790093 1.40737267704114
20.5 11.1270899743378 70.5719705427845 109.342963432442 13.4223296791941 0.136042305109323 1.90432434942312
20.6 11.1989461984126 70.5468793095219 109.285866450509 13.4580183553503 0.125946004981952 2.38382850759789
20.7 11.2708122048957 70.5216159082385 109.2284866346 13.4931472632413 0.119457132142376 2.70516881419004
20.8 11.3426815191751 70.4962972385835 109.170803171065 13.5277417907936 0.117656921631161 2.72034916346056
20.9 11.4145472357262 70.4710398486991 109.112794694886 13.5618264231514 0.12044028115961 2.41350366585416
21 11.4864028881398 70.4459548989952 109.054440600744 13.5954237411839 0.1265118595745 1.91651196722231
21.1 11.5582432112988 70.4211431791179 108.995722343669 13.6285534389547 0.134033463349171 1.43655285673341
21.2 11.6300646606329 70.396691507908 108.936624468557 13.6612318342148 0.141604171027507 1.07818523780547
21.3 11.7018656175071 70.3726726440307 108.877134951441 13.693472630412 0.148400782840176 0.825825665048294
21.4 11.7736463834816 70.3491465795964 108.817245269633 13.7252881717252 0.153965870917098 0.656984550788045
21.5 11.8454090467794 70.3261618869734 108.756950461439 13.7566907170585 0.158067426865366 0.553543459482196
21.6 11.9171572641632 70.3037570656009 108.696249185873 13.7876937140377 0.160612997592774 0.503530990743159
21.7 11.9888959929784 70.2819618888018 108.635143782374 13.8183130730048 0.161602638904577 0.50034527083435
21.8 12.0606312026189 70.2607987505955 108.573640330519 13.8485684410141 0.161107740366531 0.541682867468799
21.9 12.1323695908109 70.2402840125106 108.511748709739 13.8784844758269 0.159268576473435 0.628634112018257
22 12.2041183278466 70.2204293503979 108.449482659032 13.9080921199074 0.156307962827156 0.764736262685967
22.1 12.2758848442703 70.2012430983698 108.386859838097 13.9374298585859 0.152566907231664 0.938760987084548
22.2 12.3476765124135 70.1827315180327 108.323901925284 13.9665445665943 0.14853561010784 1.13430164768855
22.3000000000001 12.4194999718082 70.1648998780787 108.260634809025 13.9954913096975 0.144812183658627 1.34229346788643
22.4000000000001 12.4913603969126 70.1477534591699 108.197088816085 14.0243327346976 0.142086819507603 1.54320104277521
22.5000000000001 12.5632608895412 70.13129855595 108.133298941225 14.0531384436053 0.141109284551429 1.70636844312799
22.6000000000001 12.6352020075881 70.1155434790547 108.069305076875 14.0819843678117 0.142616464435085 1.79657105448045
22.7000000000001 12.7071814328726 70.1004995571236 108.005152242793 14.1109521422603 0.147228259664604 1.78864619133078
22.8000000000001 12.7791937799781 70.0861821388113 107.94089081574 14.1401284796182 0.155351861478927 1.68155427019909
22.9000000000001 12.8512305479433 70.072611594798 107.876576759141 14.1696045444486 0.167145740757428 1.49928328761544
23.0000000000001 12.9232802176549 70.0598143198013 107.812271852756 14.1994753273818 0.18256118380616 1.27760456729423
23.1000000000001 12.9953285118652 70.047823715087 107.748043904639 14.2298390026835 0.201322805995649 1.04292190885945
23.2000000000001 13.0673591141862 70.0366806639753 107.683966502761 14.2607958541259 0.222664867783303 0.819886703110408
23.3000000000001 13.1393552346248 70.0264327203354 107.620117598085 14.2924461050108 0.245683806791933 0.62483233141862
23.4000000000001 13.2113013866623 70.0171327900755 107.556577627299 14.3248873164965 0.269494545667781 0.460308856295104
23.5000000000001 13.2831849718854 70.0088377931326 107.493427617844 14.3582117693205 0.293246396331446 0.322487602831279
23.6000000000001 13.3549975702419 70.0016073254619 107.430747292942 14.3925038455225 0.31612036018751 0.205433160825626
23.7000000000001 13.4267358464929 69.9955023210268 107.368613176631 14.4278374101667 0.337323753194178 0.102995580457872
23.8000000000001 13.4984019892611 69.9905837137886 107.307096698784 14.4642731930648 0.35608990653686 0.00939056642405579
23.9000000000001 13.5700036117616 69.9869110996961 107.246262300146 14.501856170499 0.371686010553964 -0.0808510345129611
24.0000000000001 13.6415530638956 69.9845413986752 107.18616553736 14.5406129469442 0.383429892198019 -0.173242425251349
24.1000000000001 13.7130661394623 69.983527527282 107.126851208877 14.5805491770922 0.390869881555016 -0.263746383207789
24.2000000000001 13.7845603545902 69.9839173485899 107.068352023775 14.6216480356953 0.394257895093055 -0.3476902868231
24.3000000000001 13.8560533169959 69.9857533258283 107.010688648732 14.6638713472628 0.394060452659373 -0.42867967234524
24.4000000000001 13.9275613706818 69.9890724532556 106.953870297908 14.7071617635777 0.390787863185835 -0.509075691289092
24.5000000000001 13.9990985216848 69.9939061976956 106.897895343709 14.7514449815139 0.384980639591264 -0.590342608091829
24.6000000000001 14.0706756857345 70.0002804400738 106.842751927551 14.7966319608542 0.377195354042128 -0.673184991175738
24.7000000000001 14.1423002787583 70.0082154169532 106.78841857062 14.8426211421077 0.367989859665078 -0.757558656271659
24.8000000000001 14.2139761502198 70.0177256620712 106.734864784639 14.889300664327 0.357907681301936 -0.842613701013889
24.9000000000001 14.2857038417284 70.028819947875 106.682051682628 14.9365505829262 0.347461148253629 -0.926628241165085
25.0000000000001 14.3574811393848 70.0415012270584 106.62993258967 14.9842450874982 0.337112780340253 -1.0070043702662
25.1000000000001 14.4293038671715 70.0557665795305 106.578453662892 15.0322547119853 0.327283937154791 -1.08119154846506
25.2000000000001 14.501166611506 70.0716073006327 106.527554751163 15.0804483460367 0.318436013782563 -1.14460995116007
25.3000000000001 14.5730629403353 70.0890093479081 106.477170863293 15.1286947416828 0.310981841905721 -1.1905719989536
25.4000000000001 14.6449855382026 70.1079539291202 106.427233875945 15.1768638211973 0.305225377228058 -1.21266838328274
25.5000000000001 14.7169264780989 70.128418095703 106.377674250769 15.2248279773106 0.301330127462296 -1.20606213372521
25.6000000000001 14.7888775833751 70.1503753362117 106.328422751536 15.2724633734253 0.299298958244767 -1.16859102347906
25.7000000000001 14.8608308217763 70.1737961697734 106.279412161268 15.3196512438298 0.298971392340307 -1.10117356376474
25.8000000000001 14.9327786754859 70.1986487395373 106.230578999375 15.3662791939134 0.300040307781984 -1.00729719936061
25.9000000000001 15.0047144350834 70.2248994061262 106.181865238781 15.4122425003802 0.302084691832825 -0.891809447273429
26.0000000000001 15.0766323715553 70.2525133410858 106.133220023066 15.4574454114642 0.304611627447881 -0.759509365242072
26.1000000000001 15.1485277527239 70.2814551158189 106.084601360532 15.501802430774 0.307123231571826 -0.628506782378902
26.2000000000001 15.2203967737273 70.3116891730584 106.035977218724 15.5452391755442 0.309256695431757 -0.513939793918599
26.3000000000001 15.2922365716474 70.3431800001767 105.987325097004 15.5876921545303 0.310777959188084 -0.414684860825368
26.4000000000001 15.3640452367538 70.3758921850359 105.938630999572 15.6291081203091 0.311543952177215 -0.329216573430738
26.5000000000001 15.4358217731982 70.4097904673191 105.889888385423 15.6694434052103 0.311480598565407 -0.256007053388264
26.6000000000001 15.5075660381362 70.4448397898639 105.841097118306 15.708663257248 0.310564906709474 -0.193725718844474
26.7000000000001 15.5792786850118 70.4810053499936 105.79226241669 15.7467411760522 0.308810644748273 -0.141324152972438
26.8000000000001 15.6509611306692 70.5182526508503 105.743393803716 15.7836582487999 0.306256956303103 -0.0980603080116668
26.9000000000001 15.72261556062 70.5565475527268 105.69450405716 15.8194024861472 0.302959345382298 -0.0634935360186303
27.0000000000001 15.7942449821617 70.5958563243987 105.645608159394 15.8539681581602 0.298982610220143 -0.0374674600622279
27.1000000000001 15.8658533273379 70.6361456912297 105.596722252762 15.8873551339444 0.294376864028133 -0.0179168216563803
27.2000000000001 15.9374455103699 70.6773827993614 105.547862735825 15.9195683174089 0.28912113916645 -0.00280326983315039
27.3000000000001 16.0090272645859 70.7195349668892 105.499045717188 15.9506173270674 0.283182570265914 0.00772267267701731
27.4000000000001 16.0806048843256 70.7625693511238 105.450286610197 15.9805162719742 0.27653440886143 0.0134025080745531
27.5000000000001 16.152184964369 70.8064526126249 105.401599733047 16.0092835313584 0.269154928191037 0.0138371040232574
27.6000000000001 16.2237741440938 70.8511505792349 105.352997908902 16.036941534257 0.261026599548486 0.00844061936295347
27.7000000000001 16.295378859752 70.8966279101128 105.304492065999 16.0635165391495 0.252135586350315 -0.00362665972023968
27.8000000000001 16.3670051082322 70.942847759768 105.256090837769 16.0890384135911 0.242471643308461 -0.0235583084030238
27.9000000000001 16.4386582257828 70.9897714420943 105.207800162944 16.1135404138467 0.232028572769811 -0.0530531896433923
28.0000000000001 16.5103426853923 71.0373580944032 105.159622885669 16.1370589645245 0.220805496686857 -0.094548583597055
28.1000000000001 16.5820619150333 71.0855643556301 105.111558368782 16.1596334300815 0.208870530389984 -0.140680636997126
28.2000000000001 16.6538181023382 71.134344413013 105.063602449239 16.1813056749832 0.196543908153353 -0.181005669473251
28.3000000000001 16.7256119691704 71.1836509841251 105.015748262122 16.2021190873717 0.184206353180356 -0.213016099018957
28.4000000000001 16.7974426431356 71.2334366673812 104.967987406797 16.2221173913898 0.172231052557958 -0.232517137582389
28.5000000000001 16.8693076613796 71.2836553067145 104.920311126235 16.2413434513746 0.160978313358226 -0.233429351907784
28.6000000000001 16.9412030822251 71.3342633562555 104.872711486339 16.2598380760526 0.150791959757421 -0.207990362897039
28.7000000000001 17.0131236794002 71.3852212450089 104.825182555261 16.2776388227343 0.141999119382645 -0.147793249441799
28.8000000000001 17.085063197274 71.4364947415319 104.777721582728 16.2947788015086 0.134916053014571 -0.046122151463687
28.9000000000001 17.1570146514666 71.4880563186117 104.730330179359 16.3112854794373 0.129862827271431 0.0982982785868379
29.0000000000001 17.2289706674037 71.5398865179438 104.683015495995 16.3271794847499 0.127187354845392 0.276975095070296
29.1000000000001 17.3009238587055 71.5919752904531 104.635791384653 16.3424734320792 0.127171149319471 0.445343675723769
29.2000000000001 17.3728672243161 71.6443227033651 104.588679082126 16.357171294763 0.129660690458054 0.561651804993711
29.3000000000002 17.4447944791493 71.6969380397901 104.54170668181 16.3712691658536 0.134383476074184 0.622375604573462
29.4000000000002 17.5167003094077 71.7498382650569 104.494908128158 16.3847565661934 0.141034456081306 0.635006489689022
29.5000000000002 17.5885805776534 71.8030464686903 104.448322192781 16.3976177735314 0.149261632029634 0.612818740821692
29.6000000000002 17.6604324787682 71.8565903063881 104.401991450546 16.4098331516399 0.158668054627322 0.569705592187191
29.7000000000002 17.7322546364946 71.910500441999 104.355961255676 16.421380479431 0.168822573928121 0.517043990125201
29.8000000000002 17.8040471221856 71.9648089894999 104.310278717847 16.4322362800738 0.179272469900489 0.462725374208731
29.9000000000002 17.8758113719067 72.019547954973 104.26499167829 16.4423771501101 0.189554391344951 0.411524289713866
30.0000000000002 17.9475499751842 72.0747476785838 104.220147685884 16.451781088572 0.199202816830396 0.365955018964208
30.1000000000002 18.0192663144571 72.130435289749 104.175792977549 16.4604288125473 0.207827381852489 0.325843524899962
30.2000000000002 18.0909641881957 72.186633505267 104.131971570152 16.4683047204294 0.215325870093387 0.288926620608354
30.3000000000002 18.1626477026838 72.243360298044 104.0887246355 16.4753969608259 0.221666183365932 0.253743330139275
30.4000000000002 18.2343212641532 72.3006289087822 104.046089986858 16.4816971491511 0.226814666826456 0.219119592212534
30.5000000000002 18.3059895395084 72.3584478708593 104.004101569746 16.4872000706669 0.230736578298974 0.184030732147082
30.6000000000002 18.377657383 72.4168210352074 103.962788952753 16.4919033835254 0.233396904211993 0.147498276460548
30.7000000000002 18.4493297323983 72.4757475951921 103.922176818328 16.4958073218099 0.234761473917443 0.108501404877879
30.8000000000002 18.5210114788833 72.5352221114916 103.882284453594 16.4989143985767 0.234798378047834 0.0658886715768676
30.9000000000002 18.5927073156934 72.5952345369759 103.843125241147 16.5012291088967 0.233479755919942 0.0182771523809446
31.0000000000002 18.6644215715552 72.6557702415859 103.804706149857 16.5027576328975 0.23078409662771 -0.0360750639807826
31.1000000000002 18.7361580339077 72.7168100411906 103.767027236119 16.5035075359857 0.226738469705962 -0.0957156245625382
31.2000000000002 18.8079197221808 72.778330329863 103.730081416601 16.503487395792 0.221539887032587 -0.159013238366698
31.3000000000002 18.8797085736549 72.8403034746853 103.693854930196 16.5027062430973 0.215439831011176 -0.227601492169769
31.4000000000002 18.9515251783562 72.9026983139728 103.658328071477 16.5011729294817 0.208705264043903 -0.302773222953985
31.5000000000002 19.0233686267193 72.9654806594763 103.623475934598 16.4988954921538 0.201619199554991 -0.385292038016688
31.6000000000002 19.0952364702823 73.0286137985834 103.589269157193 16.4958805187799 0.19448151790617 -0.475055216171561
31.7000000000002 19.16712479095 73.0920589965214 103.555674664273 16.4921325123142 0.187609248657941 -0.570601464433086
31.8000000000002 19.2390283726562 73.1557759985587 103.522656412125 16.4876532558281 0.181335036031991 -0.66851992541926
31.9000000000002 19.3109409682499 73.2197235322069 103.490176132213 16.4824411773399 0.176002020223885 -0.762944816660683
32.0000000000002 19.3828556540959 73.2838598094231 103.458194075073 16.4764907146443 0.171953272348502 -0.845492452060222
32.1000000000002 19.4547652652896 73.3481430292493 103.426669750549 16.4697917002316 0.169440557057576 -0.899815433157206
32.2000000000002 19.526662901049 73.4125318918325 103.395562572661 16.4623292685317 0.168366659626059 -0.916437116535561
32.3000000000002 19.5985424443236 73.4769861413316 103.364832262417 16.4540850890612 0.168472451742437 -0.899131410449934
32.4000000000002 19.6703990175871 73.5414671202053 103.334439155259 16.4450391218951 0.169414128230804 -0.854987258120684
32.5000000000002 19.7422293465771 73.605938323937 103.304344504851 16.4351713932282 0.170780993845345 -0.7924482337568
32.6000000000002 19.8140320181625 73.6703659557601 103.274510786858 16.4244637709369 0.17211772344302 -0.719493823601796
32.7000000000002 19.8858076192676 73.7347194813832 103.244902002727 16.4129017401399 0.172945464899109 -0.64250238742818
32.8000000000002 19.957558746014 73.798972183715 103.215483983472 16.4004761787604 0.172778659794415 -0.565849075882516
32.9000000000002 20.0292898763705 73.8631017175896 103.186224693458 16.3871851330869 0.17113686479076 -0.491991331295484
33.0000000000002 20.101007105685 73.9270906644916 103.157094534177 16.3730355933348 0.167552266818886 -0.421731417048224
33.1000000000002 20.1727177500889 73.9909270795198 103.128066651325 16.3580452412937 0.161687116065016 -0.354561501197753
33.2000000000002 20.2444297853882 74.0546048365476 103.099117327324 16.3422434721987 0.153675413082525 -0.284810474772154
33.3000000000002 20.316151129989 74.1181234611148 103.07022659078 16.3256705742507 0.143782139574224 -0.203353601444417
33.4000000000002 20.3878889802621 74.1814877615171 103.041378911402 16.3083761823607 0.132287382779404 -0.0978269130651273
33.5000000000002 20.4596492841428 74.2447074521331 103.012563898202 16.2904177039805 0.119488953463134 0.0508449035013364
33.6000000000002 20.5314363545832 74.3077967767518 102.983776997698 16.2718587449324 0.105715439259566 0.274830394884882
33.7000000000002 20.6032526160859 74.3707741319 102.955020192117 16.25276753524 0.0913607962007234 0.631656040609315
33.8000000000002 20.6750984735196 74.4336616901698 102.926302697597 16.2332153549583 0.0769673174452113 1.22596401346361
33.9000000000002 20.7469722900767 74.496485023546 102.897641662391 16.2132749600039 0.0634194821173278 2.22831520217479
34.0000000000002 20.8188704605688 74.5592727267332 102.869062865069 16.1930190079851 0.052351041441245 3.74999218536152
34.1000000000002 20.8907875705852 74.6220560338145 102.840601388776 16.1725184852538 0.046516683695111 5.06176738199574
34.2000000000002 20.9627167121455 74.6848682615143 102.812301672996 16.1518411657042 0.0482877626197113 4.66023304140873
34.3000000000002 21.0346500637812 74.7477438123039 102.784215985123 16.1310501501641 0.056842748559528 3.12309796198125
34.4000000000002 21.1065795624812 74.810717004111 102.756402269534 16.110202437533 0.0692316529974581 1.80926362964536
34.5000000000002 21.1784975441721 74.8738208933614 102.728921972715 16.0893474971424 0.0830226759403044 0.961366849214792
34.6000000000002 21.2503973090319 74.9370860980195 102.701837868396 16.0685258411152 0.0967227456544603 0.421822345207556
34.7000000000002 21.3222735732441 75.0005396206292 102.675211882679 16.0477675967256 0.109391646499778 0.0498897511064834
34.8000000000002 21.3941227745318 75.0642036713552 102.649102919168 16.0270910787589 0.120378590749176 -0.240161114400519
34.9000000000002 21.4659432084616 75.128094491024 102.6235646841 16.0065013618712 0.129213473603989 -0.501191901764726
35.0000000000002 21.5377349862498 75.1922211741645 102.598643511473 15.9859888529492 0.135585744576742 -0.770918559603308
35.1000000000002 21.6094998226549 75.2565845121584 102.574376205501 15.9655279065534 0.139472517951793 -1.02949149106462
35.2000000000002 21.6812406894488 75.3211763592351 102.550788333509 15.9450765605234 0.141384537971861 -1.2463405260804
35.3000000000002 21.7529614347764 75.3859803256846 102.527893662233 15.9245791150748 0.14191930848622 -1.42855284218745
35.4000000000002 21.8246664729168 75.450972993916 102.505694044568 15.9039698320585 0.141582990198735 -1.57611819430319
35.5000000000002 21.8963605629554 75.5161251546236 102.484179323634 15.8831766773026 0.140732445914096 -1.6877210799024
35.6000000000002 21.9680486560757 75.581403042955 102.463327236842 15.8621250629554 0.139532359870483 -1.76538876506191
35.7000000000002 22.0397357763023 75.6467695746774 102.443103319961 15.8407415898279 0.137937462463213 -1.81775289958944
35.8000000000002 22.1114268926029 75.7121855823449 102.423460811191 15.8189577897358 0.135707524705889 -1.86162375688636
35.9000000000002 22.1831267409933 75.7776110514659 102.404340555222 15.7967138678425 0.132456281495304 -1.92277507463556
36.0000000000002 22.2548395636766 75.8430063566694 102.385670907308 15.7739624450013 0.127732104896259 -2.03830731621699
36.1000000000002 22.3265687503042 75.9083334932964 102.367367673476 15.7506722525227 0.121363930888728 -2.24252308587003
36.2000000000002 22.3983164550642 75.9735571899978 102.349334990516 15.7268305899929 0.11423845875409 -2.51527755809649
36.3000000000002 22.4700834168744 76.0386457192777 102.331468591548 15.702442643143 0.10753477366856 -2.80465837434296
36.4000000000002 22.5418690391611 76.1035715890444 102.313660011367 15.6775295647691 0.102317493808796 -3.02922586497787
36.5000000000002 22.6136716593068 76.1683122295846 102.295800827933 15.6521265080769 0.0992725339428282 -3.10461664628692
36.6000000000003 22.685488934202 76.2328506805385 102.277786903862 15.6262806600273 0.0984483920448126 -3.0004210260346
36.7000000000003 22.7573182584764 76.2971762778736 102.259522627911 15.6000492746812 0.0991886173766124 -2.76771536577229
36.8000000000003 22.829157131459 76.3612853408596 102.240925156471 15.5734977065441 0.100324545200554 -2.5013915597883
36.9000000000003 22.9010033991355 76.4251818590426 102.221928655058 15.5466974439119 0.100481273891675 -2.28993160586791
37.0000000000003 22.9728553183164 76.4888781792201 102.202488539795 15.5197241422153 0.0983261099567409 -2.20617366598715
37.1000000000003 23.0447114209163 76.5523956699467 102.182585646457 15.492655660739 0.0930271887018139 -2.34546343122146
37.2000000000003 23.1165701889153 76.6157648018718 102.162228515679 15.4655701870704 0.0853258182391927 -2.75482637393737
37.3000000000003 23.1884296809111 76.6790237451856 102.141450896166 15.4385445842444 0.0768175519469115 -3.43526789600949
37.4000000000003 23.2602873533715 76.7422163828956 102.12030736409 15.4116528256176 0.0696983794910735 -4.25313527588773
37.5000000000003 23.3321401426785 76.8053903016357 102.098868870022 15.3849644331166 0.0664691190969268 -4.7525412912972
37.6000000000003 23.4039847721665 76.8685947824744 102.077218285866 15.3585429154862 0.0687622562841563 -4.46316274126117
37.7000000000003 23.475818211219 76.9318787917244 102.055445951802 15.3324442065383 0.0760840950040801 -3.60206505829166
37.8000000000003 23.5476381906549 76.9952889717504 102.033645223215 15.3067151033994 0.0863026330300631 -2.70782059097671
37.9000000000003 23.6194436684122 77.0588676317784 102.011908017637 15.2813917047598 0.09703282864458 -2.02110069263558
38.0000000000003 23.691235141913 77.1226507387042 101.990320361679 15.2564978491214 0.106268672608295 -1.54648831130109
38.1000000000003 23.763014717903 77.1866659320183 101.968957981278 15.2320435804176 0.112590205639832 -1.25946961471438
38.2000000000003 23.8347858748063 77.2509311657485 101.947883017928 15.2080243252951 0.11569482411956 -1.11284020683096
38.3000000000003 23.9065529745256 77.3154549420622 101.927143603205 15.1844218769203 0.115722645772447 -1.05605911859971
38.4000000000003 23.9783207109617 77.3802371718871 101.906774559277 15.1612060904474 0.112946046683542 -1.0669153159774
38.5000000000003 24.0500935960515 77.4452700596476 101.886798142725 15.1383366058584 0.107715991376736 -1.13942689254911
38.6000000000003 24.121875529545 77.5105389880012 101.86722478836 15.1157645708026 0.100441875885106 -1.27966296751632
38.7000000000003 24.1936694810579 77.5760234025747 101.848053853047 15.0934343634365 0.0915910901078517 -1.5059078840655
38.8000000000003 24.2654772983281 77.6416976967009 101.829274359519 15.0712853152632 0.081707041063752 -1.85138989075166
38.9000000000003 24.3372996431089 77.7075320961552 101.810865740204 15.0492534339727 0.0714520294312246 -2.36571080927486
39.0000000000003 24.4091360458171 77.7734935438914 101.792798581036 15.0272731262811 0.0616841137863114 -3.09856456518603
39.1000000000003 24.480985061296 77.8395465860622 101.775035382057 15.0052789132404 0.0536218225289911 -4.01970318304121
39.2000000000003 24.5528444884352 77.9056542914092 101.757531754134 14.9832069497554 0.0490227689751113 -4.71398948952242
39.3000000000003 24.6247116157472 77.9717792553618 101.740238722786 14.9609960470914 0.0492456218060549 -4.51705721470574
39.4000000000003 24.6965835028008 78.0378846375071 101.723105468133 14.9385884995896 0.0539850234774982 -3.53383311892258
39.5000000000003 24.7684572753737 78.1039352003426 101.706082081619 14.9159309038523 0.0615118526897143 -2.44165125317668
39.6000000000003 24.8403303914107 78.1698983480291 101.689122322745 14.8929749779275 0.0699592461796627 -1.56535159979899
39.7000000000003 24.9122008378785 78.2357451651439 101.672186375786 14.8696783804946 0.0779218510523857 -0.900480186959387
39.8000000000003 24.9840672268382 78.3014514554334 101.655243606524 14.8460055300489 0.0844361406467945 -0.360440403508429
39.9000000000003 25.0559287718127 78.3669987805661 101.638275318968 14.821928424087 0.0888717329210352 0.140167989449981
40.0000000000003 25.1277851428734 78.4323754988857 101.621277512084 14.7974274582915 0.0909071391262882 0.680674925082093
40.1000000000003 25.1996362217871 78.49757778553 101.604263577208 14.7724922346624 0.0906848517033686 1.23282457938611
40.2000000000003 25.2714818314365 78.5626101680653 101.587265453378 14.7471220822401 0.0890280427630363 1.73536450091381
40.3000000000003 25.3433215691921 78.6274848322763 101.570330868157 14.7213258482572 0.0870062882731419 2.17778272883034
40.4000000000003 25.4151547791625 78.692220443472 101.553519036373 14.6951214018819 0.0856530043401914 2.50592960512596
40.5000000000003 25.4869806460325 78.7568409491564 101.536896299543 14.6685351269077 0.0857170745798694 2.65949362506023
40.6000000000003 25.5587983789671 78.8213743817007 101.520531765305 14.6416014144436 0.087428669706006 2.62726286213579
40.7000000000003 25.630607434576 78.8858516610145 101.504492946846 14.6143621556031 0.0904233412097806 2.46776775629744
40.8000000000003 25.7024077176561 78.9503053972173 101.488841402329 14.5868662341945 0.0938805590452803 2.27292657842274
40.9000000000003 25.7741996982047 79.0147686933101 101.473628374322 14.5591690194104 0.0967678385197136 2.12449399265751
41.0000000000003 25.8459843930571 79.0792739478467 101.458890429227 14.5313318585173 0.098059124107917 2.08485106333437
41.1000000000003 25.9177631813138 79.1438516654417 101.444645160206 14.5034215531742 0.0971492064649776 2.18313912688886
41.2000000000003 25.9895374861494 79.2085294710231 101.430888541122 14.4755094100967 0.0946711655987198 2.37697099283859
41.3000000000003 26.0613084904579 79.2733316412834 101.417596471486 14.4476692112147 0.0916383553878886 2.61227228677045
41.4000000000003 26.133077004461 79.3382788398754 101.404727972422 14.4199747581758 0.0890535315359022 2.81721551025243
41.5000000000003 26.2048434862136 79.4033878604443 101.392228446126 14.3924974004773 0.0877164193803603 2.91211078049537
41.6000000000003 26.2766081838256 79.4686713696601 101.380032935328 14.3653035635987 0.0880019271137283 2.84901775765611
41.7000000000003 26.3483713503487 79.53413765025 101.368069382749 14.3384522771335 0.089726254048506 2.64521751060645
41.8000000000003 26.4201334722494 79.5997903440299 101.356261890567 14.3119927029212 0.0921993459452657 2.36834116437468
41.9000000000003 26.4918954505623 79.6656281949376 101.344533979874 14.2859616631799 0.0944184736093281 2.09205718540223
42.0000000000003 26.563658680163 79.731644792064 101.332811850137 14.2603811686382 0.0952707063227596 1.87019267731291
42.1000000000003 26.6354249861724 79.7978283239315 101.321027608028 14.2352559935004 0.0938766421881694 1.76913257663288
42.2000000000003 26.7071963866588 79.8641616251504 101.309121699828 14.2105724680813 0.0903507377143213 1.80484176508749
42.3000000000003 26.7789747402933 79.9306229652704 101.297043322128 14.1863003624444 0.0852468261245978 1.95473681525569
42.4000000000003 26.8507614524353 79.9971871300107 101.28475003611 14.1623959877095 0.0792868287267799 2.20052474209573
42.5000000000003 26.9225573079541 80.0638265137361 101.272207351195 14.1388053441934 0.0733028111063195 2.50668853842093
42.6000000000003 26.9943624325816 80.1305122119323 101.259388308686 14.1154672695511 0.0681507821114939 2.79626668357326
42.7000000000003 27.0661763644773 80.1972151136825 101.246273065419 14.0923165869157 0.0645426255084551 2.94933572944721
42.8000000000003 27.1379982044796 80.2639069941423 101.232848477407 14.0692872530402 0.0628016864591725 2.86190377305923
42.9000000000003 27.2098268058647 80.3305616070165 101.219107683487 14.0463155064374 0.0626813939582086 2.52895952220767
43.0000000000003 27.2816609622883 80.3971557770339 101.205049688968 14.0233430155213 0.0634179816352577 2.0389395752219
43.1000000000003 27.3534995552886 80.4636704789876 101.190678942853 14.0003199939045 0.0640545181959796 1.55915246665931
43.2000000000003 27.425341619045 80.5300915674264 101.176004748025 13.9772074617729 0.0640000551900215 1.17541482990715
43.3000000000003 27.4971863049331 80.5964096195439 101.161040247429 13.9539773396119 0.0630093560394039 0.856853047555202
43.4000000000003 27.5690328062769 80.6626194287185 101.14580124321 13.9306116880089 0.0610334779344587 0.569166287415142
43.5000000000003 27.6408802842858 80.7287194846185 101.130305009438 13.9071019146131 0.0581501059410769 0.278513701377594
43.6000000000004 27.7127278117056 80.7947114533065 101.114569104819 13.8834479810957 0.0545306698803466 -0.050401463715249
43.7000000000004 27.7845743446161 80.8605996573442 101.098610185423 13.8596576101094 0.0504368172320206 -0.456004047417902
43.8000000000004 27.8564187285431 80.9263905558964 101.082442817396 13.835745492248 0.0462445060529132 -0.973876579181484
43.9000000000004 27.9282597419082 80.9920922248363 101.066078289683 13.8117324930069 0.0424932254409728 -1.60641607024524
44.0000000000004 28.0000961778333 81.0577138368493 101.049523426743 13.7876448597421 0.0399316375452394 -2.248551245102
44.1000000000004 28.0719269634467 81.1232651449954 101.032779422592 13.7635134261507 0.0393759938912427 -2.6193113092566
44.2000000000004 28.1437512906491 81.1887560561612 101.015841229141 13.7393727522715 0.041164159952238 -2.54188395394594
44.3000000000004 28.215568705609 81.2541964326956 100.998698351611 13.715260100809 0.0451075549972264 -2.14624428055373
44.4000000000004 28.2873791773568 81.3195959839355 100.981336198255 13.6912143489786 0.0506530768673789 -1.66869345271448
44.5000000000004 28.3591831591955 81.3849641611888 100.963737451392 13.6672748978712 0.0571346573561962 -1.25268966013172
44.6000000000004 28.4309816326776 81.4503100527181 100.945883438448 13.6434805818189 0.0639320353472558 -0.93623119830636
44.7000000000004 28.5027761208669 81.5156422787233 100.927755502992 13.6198685777594 0.0705082712101683 -0.709581323800158
44.8000000000004 28.5745686570137 81.5809688863252 100.909336375777 13.5964733146016 0.0763959152441443 -0.552354408922796
44.9000000000004 28.6463616956961 81.6462972445486 100.890611545772 13.5733253825903 0.0811754770217231 -0.446803580144008
45.0000000000004 28.7181579559435 81.7116339393052 100.871570631206 13.5504504426715 0.0844590990810905 -0.380722141279599
45.1000000000004 28.7899601908036 81.7769846727613 100.852208736818 13.5278681572833 0.0859771689090071 -0.359870099782594
45.2000000000004 28.8617709113265 81.8423542766919 100.832527452705 13.5055916782165 0.0858678928640676 -0.390032735248898
45.3000000000004 28.933592145937 81.9077470151863 100.812534943366 13.4836285485777 0.0843933460019017 -0.469819685815969
45.4000000000004 29.0054252505825 81.9731670013414 100.79224567835 13.4619821618219 0.0818484532211607 -0.603889363109443
45.5000000000004 29.0772707652117 82.0386186183381 100.771680149106 13.4406532422106 0.078575582754241 -0.8000334704439
45.6000000000004 29.1491283234045 82.1041069405185 100.750864585844 13.4196413252709 0.0749899971177644 -1.06426576932832
45.7000000000004 29.2209966200231 82.1696381544629 100.729830674386 13.3989462382539 0.0716143579170553 -1.39027052448768
45.8000000000004 29.2928734402201 82.2352199800662 100.708615273029 13.3785695805929 0.0691098137288089 -1.7410002787652
45.9000000000004 29.3647557528322 82.3008620916155 100.687260129397 13.3585162043624 0.0682687604406837 -2.0323050596215
46.0000000000004 29.4366398721262 82.3665765388667 100.665811597297 13.3387956947362 0.0699182226606229 -2.15244777570421
46.1000000000004 29.5085216937342 82.4323781571615 100.644320343476 13.3194238255274 0.0746263376487372 -2.01960187835827
46.2000000000004 29.5803970023579 82.4982846925929 100.62284079165 13.3004233668348 0.0821929912109046 -1.70496319361533
46.3000000000004 29.6522618142733 82.5643162038307 100.601429899653 13.2818232480388 0.0919782442645787 -1.34537919278032
46.4000000000004 29.7241127195093 82.6304941789945 100.580145673864 13.2636570729043 0.103219827582632 -1.02102122386471
46.5000000000004 29.7959471995723 82.6968406415678 100.559045673528 13.2459616097646 0.115176886153451 -0.756872284633663
46.6000000000004 29.8677638911158 82.7633772563116 100.538185515078 13.2287752817055 0.127176128728116 -0.549970987717386
46.7000000000004 29.9395627633431 82.830124435178 100.517617376465 13.2121366567492 0.138609774825416 -0.388448842786471
46.8000000000004 30.0113451770789 82.8971004432242 100.497388501471 13.196082938038 0.148920822497884 -0.25972456535271
46.9000000000004 30.0831137962495 82.9643205045258 100.477539704044 13.1806484540187 0.157589841487458 -0.15285471481173
47.0000000000004 30.1548723280445 83.0317959080909 100.45810387261 13.1658631486262 0.164126773400424 -0.0585300257516261
47.1000000000004 30.2266250799841 83.0995331266936 100.439104493636 13.1517510890495 0.168176216524818 0.025047012249793
47.2000000000004 30.2983764311067 83.1675332716252 100.420554675244 13.1383294306263 0.169841205688749 0.0992759586346048
47.3000000000004 30.3701304522373 83.2357924001596 100.402457440198 13.125608542142 0.169351756617656 0.170128582314586
47.4000000000004 30.4418906446563 83.3043021589366 100.38480651896 13.1135925882566 0.166951804017142 0.241999267376148
47.5000000000004 30.5136597477829 83.3730504402644 100.367587161966 13.102280129515 0.162896880974081 0.318510163860535
47.6000000000004 30.5854396292521 83.4420220384233 100.350776951915 13.0916647223556 0.157453161899251 0.402939113521255
47.7000000000004 30.6572312677528 83.5111993059679 100.334346616045 13.0817355191204 0.150897580612098 0.498407202638313
47.8000000000004 30.7290348334068 83.5805628100304 100.318260838422 13.0724778680639 0.143518867877844 0.607841752890526
47.9000000000004 30.8008498656553 83.6500919886238 100.302479072219 13.0638739133632 0.135619249604493 0.733640348909624
48.0000000000004 30.8726755445704 83.7197658069443 100.286956351999 13.0559031951265 0.127516183594052 0.876880991484873
48.1000000000004 30.9445110417523 83.7895634074414 100.271644105346 13.0485432547286 0.119557825294053 1.04023453125818
48.2000000000004 31.0163557802965 83.8594645978114 100.256490947579 13.0417703786007 0.11217462557442 1.22017633864827
48.3000000000004 31.0882093414502 83.9294499275713 100.241443433512 13.0355606934835 0.105839276431705 1.39788000707623
48.4000000000004 31.1600712729641 83.9995006025567 100.22644679229 13.0298914001369 0.101023043206985 1.54131206714805
48.5000000000004 31.2319409492402 84.0695983931868 100.211445661583 13.024742012374 0.0981387937803942 1.61034693423385
48.6000000000004 31.303817476583 84.1397255427286 100.196384821773 13.0200955960951 0.0974681585163176 1.57238148369247
48.7000000000004 31.375699631533 84.2098646755618 100.181209930146 13.0159400083223 0.0991066489174993 1.42045794331966
48.8000000000004 31.4475858224416 84.2799987054436 100.165868255074 13.0122691362331 0.10296555952332 1.17781561984968
48.9000000000004 31.5194740676373 84.3501107437728 100.150309410214 13.0090841361955 0.108837287939334 0.884295356232729
49.0000000000004 31.591361987739 84.4201840078551 100.134486088689 13.0063946728014 0.116489929412226 0.578044503889188
49.1000000000004 31.6632468179575 84.4902017301459 100.118354791459 13.004220131374 0.125674945273674 0.309751851024975
49.2000000000004 31.7351255205836 84.5601470929468 100.101876404266 13.0025901407629 0.135959759762791 0.109266490471301
49.3000000000004 31.8069950928552 84.6300032277096 100.085016390214 13.0015433453348 0.146951233947425 -0.0324842803780194
49.4000000000004 31.8788529076783 84.6997532397932 100.06774483093 13.0011254872517 0.158322924848349 -0.127987703471945
49.5000000000004 31.9506969980031 84.7693802341996 100.050036461902 13.0013874622229 0.169777471332584 -0.18890157428582
49.6000000000004 32.0225262714136 84.8388673413092 100.031870707817 13.0023833752557 0.181023922594004 -0.224742068953458
49.7000000000004 32.0943406397886 84.9081977426167 100.013231717902 13.0041685964077 0.19176604052244 -0.242788273471113
49.8000000000004 32.1661410458038 84.9773546964668 99.9941084012535 13.0067978165376 0.201697724819056 -0.248396852972111
49.9000000000004 32.2379293668538 85.0463215637897 99.9744944621845 13.0103231030572 0.210502774441582 -0.245396668085307
50.0000000000004 32.3097081777072 85.115081833837 99.9543884355564 13.0147919556821 0.217857181070632 -0.236443041960348
50.1000000000004 32.38148036095 85.1836191514762 99.933793714108 13.0202453790771 0.223502421022585 -0.224091194383922
50.2000000000004 32.4532486895085 85.2519173850228 99.9127183674909 13.0267163947205 0.22745529158303 -0.209116325282296
50.3000000000004 32.5250156478733 85.3199607969735 99.8911744325674 13.0342296677137 0.229795716566484 -0.190758788869608
50.4000000000004 32.5967833735472 85.3877342552758 99.8691769954179 13.042801572811 0.23059641671813 -0.168155531082386
50.5000000000004 32.6685536163803 85.4552234461581 99.8467432653372 13.0524402773423 0.229923059463762 -0.140272290810571
50.6000000000004 32.7403277182734 85.5224150869585 99.8238916488308 13.0631458241358 0.227834863278883 -0.105820222033016
50.7000000000005 32.8121066192947 85.5892971389542 99.8006408236105 13.074910214441 0.224385871305711 -0.0631446261116018
50.8000000000005 32.8838908954813 85.6558590201907 99.777008812591 13.0877174908515 0.21962721098744 -0.0100703226174385
50.9000000000005 32.955680833267 85.7220918183113 99.753012057886 13.101543820228 0.213610817771845 0.0563168792458353
51.0000000000005 33.0274765456066 85.7879885033862 99.7286644948043 13.1163575766207 0.206395364442929 0.139978851996354
51.1000000000005 33.0992781305531 85.8535441376188 99.7039766386557 13.1321194350131 0.198080621912255 0.23384113964954
51.2000000000005 33.1710857597734 85.9187560038503 99.6789550046088 13.1487827464031 0.18889008594181 0.328709533082666
51.3000000000005 33.2428995298672 85.983623527938 99.653602372989 13.1662946270493 0.179090365249369 0.425755421446386
51.4000000000005 33.314719297179 86.0481481199323 99.6279183876286 13.1845973290543 0.168958496542154 0.52506337366633
51.5000000000005 33.3865446155271 86.1123330121305 99.6019001670261 13.2036296217694 0.158774132220364 0.625190113376414
51.6000000000005 33.4583747692968 86.1761830971302 99.5755429155061 13.2233281731988 0.148810014393931 0.722576893726155
51.7000000000005 33.5302088861409 86.2397047658834 99.548840534379 13.2436289314045 0.139319595560462 0.81094271414136
51.8000000000005 33.6020461114445 86.3029057457499 99.5217862331006 13.2644685059101 0.130521151241692 0.880935964249431
51.9000000000005 33.6738858257501 86.3657949385515 99.4943731404315 13.2857855491054 0.122579042584299 0.920447344324217
52.0000000000005 33.7457278864844 86.4283822586252 99.4665949155973 13.3075221376511 0.115585114329055 0.915903064973366
52.1000000000005 33.8175728717811 86.4906784656497 99.4384463566313 13.3296251494544 0.109553671881969 0.862277051796901
52.2000000000005 33.8894221919966 86.552694861548 99.4099239354904 13.3520475254988 0.104455634956574 0.758201600209118
52.3000000000005 33.9612778696506 86.6144426423565 99.3810261472861 13.3747492393822 0.100227250634119 0.598137816339242
52.4000000000005 34.0331421781725 86.67593211417 99.3517537862873 13.397698151709 0.0967888389331911 0.380112458620142
52.5000000000005 34.1050172595878 86.7371719038601 99.3221102191073 13.4208708600532 0.0940827050525434 0.105828194719582
52.6000000000005 34.1769047295864 86.798168169793 99.2921016578904 13.4442535489221 0.0921232002870512 -0.218519577185632
52.7000000000005 34.2488052781912 86.858923812547 99.2617374334989 13.4678428397195 0.0910535801462364 -0.579134593240819
52.8000000000005 34.3207182794302 86.919437685631 99.2310302686997 13.4916466407094 0.0911990861993756 -0.948792211781684
52.9000000000005 34.3926414292031 86.9797038062018 99.1999965513513 13.515684996979 0.0930955206494662 -1.28197538914464
53.0000000000005 34.4645704369539 87.0397105657824 99.1686566075903 13.5399909404025 0.0974624069031909 -1.52071357635246
53.1000000000005 34.5364988128174 87.0994399605737 99.1370349635085 13.5646113034745 0.104982816539756 -1.57769027850134
53.2000000000005 34.6084180078082 87.1588673312088 99.1051603075729 13.5896065937609 0.115700314934897 -1.45464883006801
53.3000000000005 34.6803182502606 87.217962395708 99.0730646933944 13.6150484837664 0.129149313570444 -1.24332083425289
53.4000000000005 34.7521896552929 87.2766907918762 99.0407824432393 13.6410163614185 0.144574914916713 -1.01504444784552
53.5000000000005 34.8240233247859 87.3350156392941 99.0083490400311 13.6675938444228 0.161086827047739 -0.806677534512579
53.6000000000005 34.8958123623737 87.3928991013097 98.9758000193525 13.6948652946177 0.177756816984737 -0.629941206424859
53.7000000000005 34.9675527264753 87.4503039470298 98.9431698614473 13.7229123323288 0.193660934834612 -0.483850271391656
53.8000000000005 35.0392438408887 87.5071951133109 98.910490883222 13.7518103507239 0.207891974455521 -0.36258788500534
53.9000000000005 35.1108888865229 87.5635412667512 98.8777921302477 13.7816250301676 0.219561720264955 -0.25909418305658
54.0000000000005 35.1824947100404 87.6193163656814 98.845098268762 13.8124088525763 0.227802749442237 -0.166150206533541
54.1000000000005 35.2540713046368 87.6745012011147 98.8124284914489 13.8441976632262 0.231976355774774 -0.0855637132628493
54.2000000000005 35.3256308402609 87.7290843906042 98.7797957814473 13.8770084663532 0.232291795993803 -0.0178028521219058
54.3000000000005 35.397186414044 87.7830619833333 98.7472070857102 13.9108403526849 0.229200521504611 0.0439183116072242
54.4000000000005 35.468750872652 87.8364365181126 98.7146638465917 13.9456766607647 0.223184530706149 0.104297744642728
54.5000000000005 35.5403358447961 87.8892160603365 98.6821625472131 13.9814871857288 0.214748366104174 0.166951180379436
54.6000000000005 35.6119510199917 87.9414132389392 98.6496952568281 14.0182303880834 0.204412599477577 0.234891874447954
54.7000000000005 35.6836036875154 87.9930442833508 98.617250176189 14.0558556024821 0.192708687069576 0.310663179359136
54.8000000000005 35.7552985326316 88.0441280604532 98.5848121829117 14.0943052465031 0.180175129964728 0.396128380278977
54.9000000000005 35.827037673619 88.0946851115364 98.5523633768418 14.1335170294261 0.167354455562493 0.491804093188463
55.0000000000005 35.8988209130857 88.1447366892546 98.5198836254197 14.1734261610104 0.154789720338056 0.595556587637034
55.1000000000005 35.9706461667911 88.1943037992121 98.4873511140722 14.2139675520291 0.142980270009929 0.697424033223776
55.2000000000005 36.042509937368 88.2434063619344 98.4547430272657 14.2550778005136 0.132253146630023 0.782776908618106
55.3000000000005 36.1144076254555 88.2920626804295 98.4220365612389 14.2966966340253 0.122852021816199 0.835617442029258
55.4000000000005 36.1863337731824 88.3402890281343 98.3892100673996 14.3387681376364 0.114950580109235 0.836457568674383
55.5000000000005 36.258282307655 88.3880992414905 98.3562442007452 14.381241973669 0.108633244266118 0.766228744676605
55.6000000000005 36.3302467723313 88.4355043125213 98.3231230682839 14.4240746014332 0.103892947811206 0.611711420636543
55.7000000000005 36.4022205357038 88.4825119814073 98.2898353774558 14.467230496966 0.100658674229379 0.37002509207833
55.8000000000005 36.4741969732652 88.5291263290628 98.2563755845542 14.5106833727702 0.0988576799287347 0.0503439642312572
55.9000000000005 36.5461696266674 88.5753473697125 98.2227450431466 14.5544173975525 0.0985041792673228 -0.326085100159655
56.0000000000005 36.6181323533588 88.6211706434669 98.1889531524958 14.5984284159629 0.0997938215743357 -0.724899643419225
56.1000000000005 36.6900794900272 88.6665868190599 98.1550184796826 14.6427251365002 0.103093540833555 -1.04074256841471
56.2000000000005 36.7620060419705 88.7115815607568 98.1209691979696 14.6873294917686 0.108613854744966 -1.19347779569535
56.3000000000005 36.8339078740529 88.756136065853 98.0868417894687 14.7322748977791 0.116377974792503 -1.2015386032855
56.4000000000005 36.9057819144569 88.8002278663452 98.0526790640501 14.7776036856001 0.126176388198516 -1.10780322110376
56.5000000000005 36.9776263727172 88.8438316407616 98.018528151952 14.8233645011767 0.13757064076828 -0.959373549334908
56.6000000000005 37.0494409426078 88.8869200259934 97.9844384963918 14.8696097051492 0.149960159503804 -0.792233897245707
56.7000000000005 37.1212269462245 88.9294644291259 97.9504598461753 14.916392772672 0.162656791643306 -0.62712388294757
56.8000000000005 37.1929873675702 88.971435839269 97.9166402483078 14.963765693232 0.17494006313582 -0.472514349621437
56.9000000000005 37.2647267215609 89.012805639389 97.8830240406039 15.0117763704679 0.186091151586184 -0.329099694880323
57.0000000000005 37.3364507077679 89.0535464181388 97.8496498442981 15.0604660219886 0.195413313092073 -0.19309436688001
57.1000000000005 37.4081656140824 89.0936327738273 97.8165485766951 15.1098666086086 0.202369226560217 -0.0713050644618571
57.2000000000005 37.4798776236018 89.1330419139686 97.7837419848763 15.1599990284172 0.206959922478544 0.0328869852645469
57.3000000000005 37.5515923933589 89.1717537359211 97.7512425020832 15.2108732523484 0.209353636217651 0.127738789223738
57.4000000000005 37.6233147880702 89.2097507031077 97.7190536251563 15.2624892245851 0.209752406291339 0.218998502071223
57.5000000000005 37.6950486591566 89.2470177133728 97.6871703120141 15.3148377923784 0.208385647358088 0.310948788334158
57.6000000000005 37.7667966880787 89.2835419673404 97.655579379133 15.3679016358692 0.205507093544698 0.406950765333841
57.7000000000006 37.8385603130844 89.3193128367719 97.6242598990265 15.4216561979076 0.201393911498777 0.509670281409071
57.8000000000006 37.9103397528794 89.3543217329229 97.5931835977241 15.4760706138738 0.196347266942648 0.621051774945419
57.9000000000006 37.9821341357222 89.3885619749015 97.5623152522511 15.5311086414981 0.190693649235057 0.742042529645212
58.0000000000006 38.0539417380391 89.4220286580259 97.531613088108 15.5867295906818 0.184785915484134 0.872049998216178
58.1000000000006 38.1257603281283 89.4547185225747 97.5010291914267 15.6428892550501 0.179008774838355 0.995403736233845
58.2000000000006 38.1975874947548 89.4866298327664 97.4705103027396 15.6995408885723 0.17376257381546 1.0909800791552
58.3000000000006 38.2694207685725 89.5177622817009 97.4399995794542 15.7566362965779 0.169366286580237 1.14773706938307
58.4000000000006 38.3412577082498 89.5481169065282 97.4094387399405 15.8141269718393 0.166003621705132 1.15611207529216
58.5000000000006 38.4130960362221 89.5776960040119 97.3787702222945 15.871965232388 0.163693991146549 1.11082641225353
58.6000000000006 38.484933791935 89.6065030460914 97.3479393431033 15.9301053593297 0.162286822870429 1.01217188843442
58.7000000000006 38.5567694668726 89.634542595445 97.3168964562087 15.9885047346606 0.161483935682486 0.864871832209619
58.8000000000006 38.6286020897017 89.6618202210522 97.2855991114719 16.0471249790832 0.160885876421637 0.675010593800201
58.9000000000006 38.7004312367943 89.688342413757 97.2540142135371 16.1059330898216 0.160052797324238 0.446439119772294
59.0000000000006 38.7722569532256 89.7141165018299 97.2221201805967 16.164902578438 0.158572230330773 0.177827084769871
59.1000000000006 38.8440795830011 89.7391505679903 97.1899090679803 16.2240145899362 0.156169340155183 -0.0987179677166835
59.2000000000006 38.915899547349 89.7634534043592 97.1573877772079 16.283258535364 0.152880941628433 -0.351924217598051
59.3000000000006 38.9877171605048 89.7870345637017 97.1245769435274 16.3426314894479 0.148935451911305 -0.586753378991049
59.4000000000006 39.059532510124 89.8099044486 97.0915089089146 16.4021371017254 0.144661063438715 -0.803457937363153
59.5000000000006 39.1313454080412 89.8320744020865 97.0582256598997 16.4617844889665 0.140433135456149 -0.996928965683249
59.6000000000006 39.2031554176262 89.8535567982757 97.0247767653927 16.521587127594 0.136620931184428 -1.15717523506113
59.7000000000006 39.2749619521687 89.8743651329972 96.9912173145098 16.5815617461052 0.133530623694308 -1.27159868404381
59.8000000000006 39.3467644288021 89.894514114428 96.9576058543991 16.6417272174922 0.131348846243293 -1.32912108841153
59.9000000000006 39.4185624552305 89.9140197537253 96.9240023280669 16.7021034516631 0.130098347972359 -1.32469748585364
60.0000000000006 39.4903560219407 89.9328994556584 96.8904660122033 16.7627102878632 0.12961916103153 -1.26164874831301
60.1000000000006 39.5621456691118 89.9511721012693 96.8570534659611 16.8235663936945 0.129630142830596 -1.16010180648788
60.2000000000006 39.6339325649777 89.9688579232449 96.8238167645006 16.884688335705 0.129932839678939 -1.03619808879988
60.3000000000006 39.7057184378908 89.9859778550976 96.7908024554037 16.9460900855018 0.130333905228093 -0.893127617443762
60.4000000000006 39.777505441579 90.0025526730594 96.7580507998542 17.0077826974324 0.130620993781688 -0.733265259081205
60.5000000000006 39.8492959918904 90.0186021300024 96.725595024771 17.0697739928665 0.130581769845465 -0.557219827482156
60.6000000000006 39.9210925736345 90.0341440893597 96.6934605749412 17.1320682444761 0.130023515859692 -0.363166892743673
60.7000000000006 39.9928975180234 90.0491936590465 96.6616643651528 17.1946658605172 0.128794402013659 -0.146391351574821
60.8000000000006 40.0647127554201 90.0637623253807 96.6302140323281 17.2575630691103 0.12680922240969 0.100993202398607
60.9000000000006 40.1365395529632 90.0778570870039 96.5991071876566 17.3207516025216 0.124084238779137 0.389901903455152
61.0000000000006 40.2083782521396 90.0914795888024 96.5683306687278 17.3842183814436 0.120787541979749 0.732753804907508
61.1000000000006 40.2802280302319 90.104625274697 96.5378598165959 17.447945210367 0.117312465355545 1.09213266033097
61.2000000000006 40.3520867815698 90.1172830310288 96.5076584010587 17.5119087613006 0.114276543691442 1.40969578890357
61.3000000000006 40.4239512575573 90.1294360753031 96.477680191404 17.576081289455 0.112344587350769 1.65369664539215
61.4000000000006 40.4958173683595 90.1410633355291 96.4478711753713 17.6404316372756 0.112069731763306 1.78831889073063
61.5000000000006 40.5676805649422 90.1521408484292 96.4181718030439 17.7049262495653 0.113745750652737 1.79453686750025
61.6000000000006 40.6395362709287 90.1626431576473 96.3885192307421 17.7695301886076 0.117315266054603 1.68454981976638
61.7000000000006 40.7113803273709 90.1725447119579 96.3588495649153 17.8342081492899 0.122380263593449 1.49556438496387
61.8000000000006 40.7832094082412 90.181821263475 96.3291001060348 17.8989254742265 0.128298278973849 1.26975063358346
61.9000000000006 40.8550213629081 90.1904512658607 96.2992115924864 17.9636491688813 0.134302151772304 1.03832394761809
62.0000000000006 40.9268154441084 90.1984172725343 96.2691304444631 18.0283489166912 0.139593315128695 0.817109881860547
62.1000000000006 40.9985923854029 90.2057073207873 96.238810984589 18.0929980841337 0.143483819066836 0.629142934842568
62.2000000000006 41.0703542936159 90.2123159494596 96.2082170535618 18.1575744643493 0.145706982414596 0.482979502863302
62.3000000000006 41.1421043759269 90.2182442864254 96.1773220900729 18.2220603570971 0.146178202683569 0.36586188264683
62.4000000000006 41.213846605585 90.2234997696408 96.1461086057453 18.2864423872656 0.144879814150055 0.268466639538474
62.5000000000006 41.2855853787228 90.2280958540964 96.1145676368035 18.3507113133278 0.141839052770954 0.183738323859274
62.6000000000006 41.3573251840737 90.2320517187717 96.0826981957434 18.4148618357964 0.13711433763357 0.105914324573327
62.7000000000006 41.4290703030641 90.2353919735878 96.0505067230019 18.4788924056786 0.13078655649182 0.0296714556742583
62.8000000000006 41.5008245544113 90.2381463663612 96.0180065386266 18.5428050329318 0.122953581283559 -0.0507787552898904
62.9000000000006 41.57259109417 90.2403494897567 95.9852172939456 18.6066050949185 0.113727228592033 -0.142935523555413
63.0000000000006 41.6443722791438 90.2420404882415 95.9521644232371 18.6703011448611 0.10323268353715 -0.258162725780939
63.1000000000006 41.7161695977861 90.2432627563394 95.9188785892047 18.7339047161263 0.0916543469429851 -0.410819485476623
63.2000000000006 41.7879836490725 90.2440634107204 95.8853949673877 18.7974300180519 0.0793708377399238 -0.623322526202785
63.3000000000006 41.8598141456392 90.244492188177 95.8517521217163 18.8608933564611 0.0668368272119057 -0.93961785844431
63.4000000000006 41.9316599864685 90.2446001174359 95.8179907190025 18.9243124457209 0.0545667712957885 -1.43763539705813
63.5000000000006 42.003519403858 90.2444381822699 95.7841522372363 18.9877057166281 0.0431917778402136 -2.24710474327844
63.6000000000006 42.0753901587478 90.2440559846114 95.7502776738813 19.0510916242961 0.0335640080448321 -3.50239455387959
63.7000000000006 42.1472697568104 90.2435004076637 95.716406254171 19.114487956041 0.0268373305955607 -4.93343647793035
63.8000000000006 42.2191556589943 90.2428142790148 95.682574139405 19.1779111392687 0.0240199278713077 -5.24340813469433
63.9000000000006 42.2910454633719 90.2420350337489 95.6488131352447 19.2413755493608 0.0246344652940444 -3.90512471103207
64.0000000000006 42.362937040172 90.2411933775595 95.6151494000095 19.3048928175615 0.0266832959710401 -2.23862010099288
64.1000000000006 42.4348286080121 90.2403119672683 95.5816021664735 19.3684711453509 0.0283524170920331 -0.98630629614831
64.2000000000006 42.5067187302492 90.2394045439092 95.5481828146848 19.4321147874853 0.0288129319030873 -0.0732730069072208
64.3000000000006 42.5786062145555 90.2384762146329 95.5148948358386 19.49582396319 0.0278751230460495 0.77428127738052
64.4000000000006 42.6504899721406 90.2375241871764 95.4817341471734 19.5595949360188 0.0257107088417741 1.81213725193771
64.5000000000006 42.7223688778694 90.2365385217391 95.4486894203679 19.6234201002001 0.0228746570836625 3.31629110054753
64.6000000000006 42.7942416489673 90.2355028828592 95.4157424099373 19.6872880669838 0.0205729304655704 5.2568912022255
64.7000000000006 42.8661067552803 90.2343952912891 95.3828682816297 19.7511837509875 0.0208320875137671 6.18069372205497
64.8000000000006 42.9379623704619 90.2331888758722 95.3500359408235 19.8150884565432 0.0252398397982267 4.90773553971146
64.9000000000006 43.0098063701979 90.2318526254184 95.3172083609231 19.8789799640435 0.0334451342069425 3.20126516906917
65.0000000000006 43.0816363806559 90.2303521405805 95.2843429117562 19.9428326162884 0.0443343928861278 2.07211731535959
65.1000000000006 43.1534498806605 90.2286503931452 95.2513917052206 20.0066174171929 0.0570484691967723 1.38833277107405
65.2000000000006 43.2252444258576 90.2267086781105 95.2183023894397 20.0703024518867 0.070740418008585 0.960521013395294
65.3000000000006 43.2970180843241 90.224488055146 95.1850200814419 20.1338541226565 0.0846108953336963 0.688767847593415
65.4000000000006 43.3687699164575 90.2219509828395 95.1514897483473 20.1972387062804 0.0979234269964121 0.509800919443799
65.5000000000006 43.4405003743032 90.2190629603584 95.1176586058059 20.2604239237229 0.109974833349553 0.38704907100228
65.6000000000005 43.5122115675711 90.2157941691118 95.0834785164356 20.3233805098305 0.12007914546536 0.299280451373816
65.7000000000005 43.5839073524021 90.2121211144116 95.0489083882598 20.3860837830275 0.127560282112176 0.233685101081314
65.8000000000005 43.6555932103055 90.2080282671344 95.0139165731452 20.4485152150109 0.131749845929845 0.182002439848122
65.9000000000005 43.727275901665 90.2035097053829 94.97848326524 20.5106640004467 0.13198774476688 0.13821084065743
66.0000000000005 43.7989629008251 90.1985707561478 94.9426028994115 20.5725286266643 0.127624020774068 0.0967257367371577
66.1000000000005 43.870661647079 90.1932296019616 94.9062864957844 20.6341184075855 0.118302980395961 0.0662603335438244
66.2000000000005 43.9423786786667 90.1875179773497 94.86956260289 20.6954540876969 0.104810540093323 0.0599750493407422
66.3000000000005 44.0141188527362 90.1814795547693 94.832474683444 20.7565660853686 0.0882223262898071 0.0881567298432657
66.4000000000005 44.0858849021193 90.1751674203444 94.7950770987348 20.8174918062176 0.0696163444082356 0.188181137523902
66.5000000000005 44.1576773608399 90.1686415145948 94.7574310391119 20.8782729207038 0.0500800564438241 0.489033728408219
66.6000000000005 44.2294947904481 90.1619660731633 94.7196004544757 20.9389526417257 0.0307702451317627 1.5920609962555
66.7000000000005 44.3013342101294 90.1552070675446 94.6816479847656 20.999573002217 0.0134648920857539 8.93557742834026
66.8000000000005 44.3731916212014 90.1484296458127 94.6436308904494 21.0601721327421 0.00926705372150505 16.5030590061036
66.9000000000005 44.445062519241 90.1416955733493 94.6055969830118 21.1207815390921 0.0207156481376985 1.72088854255566
67.0000000000005 44.516942304399 90.1350606735721 94.5675805554436 21.181423379881 0.0305641290310207 -0.632093889289625
67.1000000000005 44.5888265323646 90.1285722964521 94.529598375733 21.2421077865848 0.0370709581806573 -1.73992277571806
67.2000000000005 44.6607109994227 90.1222675095638 94.4916473184205 21.3028312871045 0.0411928570432626 -2.50879516511218
67.3000000000005 44.7325917362108 90.116173123255 94.453706154316 21.363578030582 0.0444818446490638 -3.05870355213807
67.4000000000004 44.8044650158743 90.1103064383486 94.4157389782798 21.4243221157397 0.0484672627565691 -3.26369978372483
67.5000000000004 44.876327432479 90.1046760216342 94.3776987000053 21.4850299616633 0.0541832343235156 -3.07171259999907
67.6000000000004 44.9481760613658 90.0992824813597 94.3395305348028 21.5456626785848 0.0618361634953684 -2.62819287072814
67.7000000000004 45.0200086819294 90.094119242723 94.301175494382 21.6061784386655 0.0709031522746344 -2.13451508994099
67.8000000000004 45.0918240210569 90.0891733233633 94.262573877636 21.6665348467783 0.0804776527967422 -1.7073998526684
67.9000000000004 45.1636219620845 90.0844261088533 94.2236687614239 21.7266913112914 0.0895401465347903 -1.37890246909965
68.0000000000004 45.2354036596412 90.0798541281901 94.184409491354 21.7866114148504 0.0970781690556591 -1.14311481379344
68.1000000000004 45.3071715051084 90.0754298328013 94.144755134696 21.8462652600856 0.10229467924692 -0.995487666382829
68.2000000000004 45.3789289079922 90.071122466923 94.1046769486262 21.9056311633397 0.105147693844164 -0.912702936140691
68.3000000000004 45.4506799488641 90.0668991699195 94.0641583489393 21.9646956933728 0.105821826005109 -0.868452378062415
68.4000000000004 45.5224290143464 90.0627261699764 94.0231938940946 22.0234530580887 0.104523850325165 -0.848175642923969
68.5000000000004 45.5941804597441 90.0585699813067 93.98178823139 22.0819044661845 0.10146360124248 -0.842940430585249
68.6000000000004 45.6659383170814 90.0543986013574 93.9399550431361 22.1400574888013 0.0968417238220489 -0.846500273921334
68.7000000000004 45.737706058612 90.0501827080164 93.8977159928311 22.1979254211738 0.0908403113535092 -0.85366019312494
68.8000000000004 45.8094864200055 90.0458968568182 93.8550996713342 22.2555266442804 0.0836148645988797 -0.859087438382833
68.9000000000004 45.8812812829775 90.0415206781514 93.812140543041 22.3128839864932 0.0752870631890239 -0.855935920080873
69.0000000000004 45.9530916141497 90.0370400744647 93.7688778920566 22.3700240852284 0.0659384482694551 -0.833244367948752
69.1000000000004 46.0249174553471 90.0324484000723 93.7253547682991 22.4269767470484 0.0556350369314617 -0.817327119187099
69.2000000000003 46.0967579597309 90.0277471885329 93.6816169317353 22.4837742675304 0.0445407270464332 -0.863743223826645
69.3000000000003 46.1686114739899 90.0229457315594 93.6377117918812 22.5404506490018 0.032874324534452 -1.04706817443093
69.4000000000003 46.2404756719921 90.0180602055017 93.5936873454349 22.5970407780415 0.0208923280253579 -1.7193033085917
69.5000000000003 46.3123477333673 90.0131127804293 93.5495911138393 22.6535796014334 0.00901029699433046 -6.7215960412031
69.6000000000003 46.3842245535428 90.008130729213 93.5054690808434 22.7101013021202 0.00465057045638867 -23.2032393705076
69.7000000000003 46.4561029693492 90.0031455366067 93.4613646300647 22.7666384751573 0.0155181732435547 -2.54301380970227
69.8000000000003 46.5279799832588 89.9981920083298 93.417317482551 22.8232213036663 0.0264408990034291 -1.25849506794555
69.9000000000003 46.599852969486 89.9933073801489 93.3733626343422 22.8798767347889 0.0365699469993118 -0.9837056938922
70.0000000000003 46.6717198465714 89.9885304269599 93.3295292940323 22.9366276556405 0.0456259113723802 -0.931844986237602
70.1000000000003 46.7435792028656 89.9839005607949 93.2858398408743 22.9934920830893 0.0534333169605532 -0.903035640459857
70.2000000000003 46.8154303464177 89.9794566408697 93.2423093169972 23.0504827129895 0.0599776540168331 -0.824981978414079
70.3000000000003 46.887273251252 89.9752350526602 93.1989462754469 23.1076073818772 0.0651993496226693 -0.710185798905139
70.4000000000003 46.9591084427519 89.9712674990197 93.1557541623396 23.1648698881206 0.0689540527814453 -0.560644895751386
70.5000000000003 47.0309368421323 89.9675787802209 93.1127327195579 23.2222708268947 0.0710344608306978 -0.369540031223059
70.6000000000003 47.1027595678027 89.9641845739977 93.0698793874471 23.2798084251574 0.0712003183574842 -0.117575799534528
70.7000000000003 47.1745776942159 89.9610892155873 93.027190707511 23.3374793766245 0.0692234543338756 0.237209570456478
70.8000000000003 47.2463919761588 89.9582834777723 92.9846637251083 23.3952796767449 0.0649698609194858 0.783419939592631
70.9000000000002 47.3182025574864 89.9557423509229 92.9422973921488 23.4532054576763 0.0585844406490768 1.70887190095875
71.0000000000002 47.3900086979999 89.9534228230382 92.9000939697892 23.5112538232602 0.0509747948800489 3.36336080699465
71.1000000000002 47.4618085728786 89.9512617203685 92.8580604070674 23.5694236717452 0.0450199883049707 5.59339994140203
71.2000000000002 47.533599276628 89.9491751231051 92.8162090939196 23.6277161999499 0.0459515022928974 6.24102225075382
71.3000000000002 47.6053772000947 89.9470617793201 92.7745570260942 23.6861345987735 0.0564643372941293 4.50050605686217
71.4000000000002 47.6771386929804 89.9448080939761 92.7331243444489 23.7446834301472 0.0738932943598619 2.7350063776494
71.5000000000002 47.748880882575 89.9422931785141 92.6919328501854 23.8033679917319 0.0946435553760294 1.67684569914208
71.6000000000002 47.8206025376639 89.9393939004419 92.6510045200845 23.8621936816174 0.116252148204909 1.08742459730859
71.7000000000002 47.892304848979 89.9359899329225 92.6103600217413 23.9211653630203 0.137004367796798 0.748632745059341
71.8000000000002 47.9639919909958 89.9319688043625 92.5700172287994 23.9802867289829 0.155522193048352 0.545006556277456
71.9000000000002 48.0356713369569 89.9272309480005 92.5299897361867 24.0395596670714 0.170578265816401 0.418784281833007
72.0000000000002 48.1073532203526 89.9216947514954 92.4902853753497 24.0989836240748 0.181022211547442 0.34072263774954
72.1000000000002 48.179050172266 89.9153015470633 92.4509047385175 24.15855497032 0.185981474189541 0.308735501430978
72.2000000000002 48.250775639745 89.9080190558771 92.4118399377103 24.2182663540344 0.185542708262467 0.325400323010535
72.3000000000002 48.3225424149268 89.8998409086703 92.3730739596403 24.2781060304417 0.180079695617938 0.391169591050567
72.4000000000002 48.3943610898292 89.8907846206038 92.3345802553578 24.3380571809044 0.170031211334115 0.519986055981599
72.5000000000002 48.4662386881949 89.8808895066807 92.2963223389255 24.3980972316833 0.155926827045466 0.744948402557668
72.6000000000002 48.538177563449 89.8702145971619 92.2582533860933 24.458197172697 0.138460612539477 1.13465980256928
72.7000000000001 48.6101746297706 89.8588365529808 92.220315832973 24.518320876282 0.118682462174631 1.82856573871879
72.8000000000001 48.6822209746772 89.8468475811585 92.1824409747127 24.5784244159515 0.0984946839749871 3.08153113470692
72.9000000000001 48.7543018864847 89.8343533502189 92.1445485641717 24.638455385156 0.0818370393577926 5.0634195303299
73.0000000000001 48.8263973191134 89.8214709056041 92.106546410595 24.6983522160421 0.0760491917818633 6.48684512493438
73.1000000000001 48.8984828194151 89.8083265702458 92.0683300203184 24.7580435329646 0.0875944514204065 5.20223504746722
73.2000000000001 48.9705311514776 89.7950534592109 92.0297833302713 24.8174484095562 0.113440219208008 3.16117232068223
73.3000000000001 49.0425149001224 89.7817880146884 91.990782215503 24.8764789194423 0.146706153343597 1.85853667607973
73.4000000000001 49.1144094601517 89.7686661550498 91.9511990895064 24.9350435905143 0.182733592682382 1.13861326937557
73.5000000000001 49.1861959112887 89.7558194090657 91.910907546572 24.9930508939547 0.218653889958494 0.728756796338518
73.6000000000001 49.2578634859564 89.7433710501235 91.8697870041427 25.050412733262 0.25236452823515 0.479540085942913
73.7000000000001 49.3294113455269 89.7314322304442 91.8277273451674 25.1070479332764 0.282054523047396 0.316511061682761
73.8000000000001 49.400849401918 89.7200981152994 91.784633560456 25.1628857292041 0.306024146496681 0.200951171578074
73.9000000000001 49.4721979700354 89.7094440172286 91.7404303910332 25.2178692556432 0.32263245382804 0.110743357679035
74.0000000000001 49.5434861174901 89.6995215302561 91.6950669704931 25.2719590356085 0.33030323074794 0.0310307391333394
74.1000000000001 49.6147486932383 89.6903547337306 91.648521387736 25.3251364111506 0.328026791769505 -0.0423288889092703
74.2000000000001 49.6860222388478 89.6819382063451 91.6008031796598 25.3774054554168 0.316798893262745 -0.112196925974889
74.3000000000001 49.757340699433 89.674239635231 91.5519505691174 25.4287910299124 0.298192595809984 -0.187735581175785
74.4 49.8287320273426 89.6672042352327 91.502025632829 25.4793353232022 0.273846082324719 -0.277974021096592
74.5 49.9002160163631 89.6607592378045 91.4511093896768 25.5290943312078 0.245424037941921 -0.394075163622346
74.6 49.9718033842188 89.6548183799076 91.3992968889995 25.5781343375039 0.214592481794757 -0.551582404146823
74.7 50.0434959950509 89.6492863929072 91.346692298887 25.6265283936145 0.183013558897151 -0.772631669143478
74.8 50.1152880271064 89.6440634914691 91.2934039944749 25.6743527993099 0.152361866193289 -1.08581120327693
74.9 50.1871678404213 89.639049862457 91.2395396462399 25.7216835829029 0.124351973982769 -1.51360908406713
75 50.2591202816336 89.6341501538297 91.1852013082933 25.7685929815452 0.100727538828985 -2.01868225193697
75.1 50.3311291587801 89.6292779163026 91.1304805524815 25.8151459467866 0.0828881473203061 -2.49389225257779
75.2 50.4031792803444 89.6243588169155 91.0754547934053 25.8613973069475 0.0711002601411652 -2.76616021338126
75.3 50.4752572484045 89.6193307351236 91.0201866365478 25.9073905967924 0.0649319151474563 -2.59070912918342
75.4 50.5473515453093 89.6141426307942 90.9647244173219 25.9531575440162 0.063277080429857 -1.96569706934732
75.5 50.6194523569212 89.6087533649683 90.9091027859228 25.9987175809945 0.0647300337064273 -1.13868657221559
75.6 50.6915512248574 89.6031305206218 90.8533432921815 26.0440773565324 0.0682220381309289 -0.34219182842113
75.7 50.7636405981339 89.5972492234276 90.7974549704167 26.089230247614 0.0733282907220306 0.311004381170829
75.8 50.8357133488516 89.5910909625169 90.7414349242878 26.1341558711521 0.0802012434681083 0.778562920810532
75.9 50.9077623119481 89.5846424112409 90.6852689116474 26.178819595737 0.0893477867718901 1.0491245531568
76 50.9797799054721 89.5778942479327 90.6289319293944 26.2231720533867 0.101388268198005 1.1393259172548
76.1 51.0517578944995 89.5708399893204 90.5723888142001 26.2671486888197 0.116711835302774 1.08268501356209
76.1999999999999 51.123687570925 89.5634751528923 90.5155952559646 26.3106702843557 0.134887948141556 0.949449064121431
76.2999999999999 51.1955606764877 89.5557972542905 90.4584998589675 26.3536459614072 0.155134635426867 0.802434746460637
76.3999999999999 51.2673705876165 89.5478061336574 90.4010466157485 26.3959771575983 0.176555223928457 0.670096131780333
76.4999999999999 51.339113436176 89.5395042946322 90.3431773968613 26.4375616414068 0.198195731262892 0.561150683186333
76.5999999999999 51.4107890542983 89.5308972433488 90.2848344406281 26.4782975268076 0.219073053879967 0.475654108242576
76.6999999999999 51.4824016294769 89.5219938274331 90.2259628428939 26.5180872879148 0.238188068526694 0.410855968370554
76.7999999999999 51.553959955532 89.5128065750002 90.1665130467805 26.5568417736245 0.254534591247151 0.363777570473575
76.8999999999999 51.6254771763394 89.5033520336521 90.1064433324413 26.5944842222577 0.267109768824363 0.332244129632752
76.9999999999999 51.6969699432306 89.4936511094752 90.0457223068148 26.6309542762027 0.274927564535717 0.315368238403149
77.0999999999999 51.7684569486977 89.4837293967519 89.9843313558703 26.6662119379148 0.277308492644344 0.314214461586833
77.1999999999999 51.8399570016909 89.4736172662556 89.9222661216048 26.7002400011926 0.274712450517427 0.327394391721256
77.2999999999999 51.9114872192878 89.4633493407159 89.859535503415 26.7330426120048 0.26791105120912 0.353157807580057
77.3999999999999 51.9830616278693 89.4529637288655 89.7961596842204 26.7646423045934 0.257701860197485 0.39107689898504
77.4999999999999 52.0546902064624 89.4425012502032 89.7321681190787 26.7950769789343 0.244896861524072 0.441366638304467
77.5999999999999 52.126378397111 89.4320046597559 89.6675975238 26.8243968781973 0.230312256724429 0.50425867939054
77.6999999999999 52.1981270745193 89.4215178728405 89.6024898635612 26.8526615662066 0.214759830651517 0.579140275901175
77.7999999999999 52.2699329396534 89.4110851898268 89.5368903415212 26.8799369049014 0.19903865663969 0.663196905353397
77.8999999999998 52.3417892828371 89.4007505208991 89.4708453874349 26.9062920317959 0.183924105141883 0.749401161422486
77.9999999999998 52.4136870507983 89.390556610819 89.4044006462681 26.9317963374395 0.17014962620912 0.824122955451071
78.0999999999998 52.4856161395118 89.380544255866 89.3375989876832 26.9565164701609 0.158245242591017 0.866584207527204
78.1999999999998 52.5575666115505 89.3707513174263 89.270479058177 26.9805140501719 0.148112594286071 0.86272517147053
78.2999999999998 52.6295293376339 89.3612112193784 89.2030752107187 27.0038451843578 0.139417731209911 0.80564212836907
78.3999999999998 52.7014962929933 89.3519512421274 89.1354179770406 27.0265606904285 0.131736762209541 0.692027343309283
78.4999999999998 52.7734607128868 89.3429908088164 89.0675345607994 27.0487063483529 0.124587713013086 0.519956689909115
78.5999999999998 52.84541712462 89.3343397715393 88.9994493307375 27.0703231517929 0.117477673009221 0.284266962449757
78.6999999999998 52.9173612697432 89.325996697553 88.9311843138445 27.0914475595379 0.109962090098713 -0.0301773207526129
78.7999999999998 52.9892899366245 89.3179471554895 88.8627596885189 27.1121117469387 0.101722383658515 -0.457835074842119
78.8999999999998 53.0612007318482 89.3101620015687 88.7941942777292 27.1323438573422 0.0926884953607943 -1.06514602324949
78.9999999999998 53.1330918288234 89.3025956658098 88.7255060421757 27.1521682535254 0.0832713752439099 -1.95759776734974
79.0999999999998 53.2049617435033 89.2951844949599 88.6567125660041 27.1716057641416 0.0748860787000883 -3.0889967438874
79.1999999999998 53.2768092015215 89.2878465700278 88.5878313488875 27.1906738004826 0.0703402575310948 -3.99545669082272
79.2999999999998 53.3486331762816 89.2804852670476 88.5188796065794 27.2093861440411 0.0722975551971887 -4.00894937360954
79.3999999999998 53.4204331217259 89.2729942924493 88.449873877834 27.2277526043884 0.08116403606724 -3.17217363590055
79.4999999999998 53.4922093328255 89.2652627751446 88.3808296238797 27.2457786720646 0.0949389180177766 -2.17289959629684
79.5999999999998 53.5639633313019 89.2571803586119 88.311760827892 27.2634651714687 0.111002290224176 -1.37826488668843
79.6999999999997 53.6356981630504 89.2486422929829 88.2426795944672 27.2808079137486 0.127178976509879 -0.805414287480185
79.7999999999997 53.7074184956858 89.2395545271276 88.1735957490947 27.2977973496911 0.141819907598109 -0.379683739166986
79.8999999999997 53.7791304195769 89.2298388007402 88.1045164376312 27.3144182226122 0.153653144314418 -0.0299462077237364
79.9999999999997 53.8508408838912 89.2194377364251 88.0354457257729 27.3306492212468 0.161691052432543 0.301563671543264
80.0999999999997 53.9225567486163 89.2083198579972 87.9663842065109 27.3464626519229 0.165434118590652 0.614364388551665
80.1999999999997 53.9942836992147 89.1964826903711 87.8973288150948 27.3618246121205 0.165480519375833 0.897537781931052
80.2999999999997 54.0660255747618 89.1839509896371 87.828273170755 27.3766964367751 0.162792819855048 1.17252349191695
80.3999999999997 54.1377840584712 89.1707730547249 87.7592081259345 27.3910366459665 0.158417889300351 1.44421259498491
80.4999999999997 54.2095586234095 89.1570169652832 87.6901223235013 27.4048029118915 0.153423972169883 1.702511764961
80.5999999999997 54.2813467376374 89.1427668195584 87.6210027539624 27.4179540258358 0.148811559289441 1.92326337470939
80.6999999999997 54.3531443027188 89.1281189722741 87.5518353126761 27.4304518651473 0.145385134968858 2.07451384179842
80.7999999999997 54.4249462712075 89.1131782725102 87.4826053570655 27.442263360208 0.14360425627025 2.13078936999796
80.8999999999997 54.4967473695045 89.0980543015818 87.4132982638312 27.453362461407 0.143470692721951 2.0886473091106
80.9999999999997 54.5685428420744 89.0828576109185 87.3438999861646 27.4637321061127 0.144513933776764 1.97071992928897
81.0999999999997 54.640329126669 89.0676959834888 87.2743976071741 27.4733661615547 0.145995899086001 1.83376279173616
81.1999999999997 54.7121042771335 89.0526713074007 87.2047797948603 27.4822707413474 0.147458619710473 1.71303326933229
81.2999999999997 54.783867963273 89.0378780034876 87.1350370071747 27.4904639320267 0.148591595882147 1.6108112786197
81.3999999999997 54.8556212910764 89.0234020650705 87.0651615986275 27.4979748932282 0.149133558833019 1.52792027010492
81.4999999999996 54.927366575813 89.0093201212658 86.9951479231086 27.5048429337749 0.148860548767613 1.46487361729451
81.5999999999996 54.9991070773754 88.9956985002924 86.9249924367082 27.5111165877654 0.147577024616748 1.42272561286718
81.6999999999996 55.0708467024035 88.9825922927794 86.8546938005381 27.5168526906607 0.145110693365088 1.40382037671445
81.7999999999996 55.1425896785401 88.9700444150735 86.7842529835524 27.5221154553727 0.141311523785232 1.41268272259905
81.8999999999996 55.2143402077928 88.9580846725465 86.7136733653687 27.5269755483512 0.136055912025913 1.45738036294607
81.9999999999996 55.2861021084092 88.9467288229026 86.6429608390885 27.5315091656723 0.129258400042462 1.55188538742382
82.0999999999996 55.3578784588093 88.9359776611454 86.5721239089234 27.535797093192 0.12099595682203 1.70566754725707
82.1999999999996 55.4296712903198 88.9258166676856 86.5011736527377 27.539923352442 0.111810218880168 1.91192905997975
82.2999999999996 55.50148143343 88.9162170859609 86.4301233416922 27.5439727949398 0.102352630918816 2.16320325115593
82.3999999999996 55.573308533098 88.9071375631973 86.358987924804 27.5480282822407 0.0932353602764168 2.44245773231741
82.4999999999996 55.645151188909 88.8985258128285 86.2877835083127 27.5521678500557 0.084963701060271 2.71983761704983
82.5999999999996 55.7170071763589 88.8903202769175 86.216526835045 27.5564618723697 0.0778440733859969 2.95897260432557
82.6999999999996 55.7888737039112 88.8824517885754 86.1452347637807 27.5609702255596 0.0718946029427452 3.1387050451135
82.7999999999996 55.8607476635628 88.8748452343831 86.0739237486176 27.5657394525127 0.066817444294557 3.2826311737849
82.8999999999996 55.9326258410761 88.8674212168105 86.0026093183369 27.5707999267445 0.0620924307451993 3.47822535573696
82.9999999999996 56.0045050657733 88.8600977166372 85.9313055557688 27.576163016517 0.057216694135111 3.88307533124441
83.0999999999996 56.0763822971136 88.8527917550077 85.8600245833139 27.5818183039285 0.0523332101346657 4.66151219491855
83.1999999999995 56.1482546340763 88.8454210459911 85.7887762085328 27.5877322332593 0.0493429739849227 5.51819794272247
83.2999999999995 56.2201192688715 88.8379056250392 85.7175679760614 27.5938503874298 0.0508391688002836 5.60709889792375
83.3999999999995 56.2919735369555 88.8301694679482 85.6464053795929 27.6001011937153 0.0580960672750198 4.66838505490423
83.4999999999995 56.3638151046314 88.8221421094569 85.5752920800176 27.6063996844319 0.0701366673310543 3.47442937317506
83.5999999999995 56.4356422526477 88.8137602618431 85.5042301235615 27.6126512576226 0.0850301148494923 2.54535248327291
83.6999999999995 56.5074541918578 88.8049694335218 85.4332201599254 27.6187554377428 0.101039451702057 1.92407210823712
83.7999999999995 56.57925133469 88.7957255476419 85.3622616604246 27.624609636347 0.116804035341506 1.52488381419537
83.8999999999995 56.6510354419612 88.7859965606837 85.291353136127 27.6301129127742 0.131220620550822 1.273383108599
83.9999999999995 56.7228095685658 88.7757640810561 85.2204923559932 27.635169734834 0.143339329844937 1.12391218942709
84.0999999999995 56.7945777470491 88.7650249613763 85.1496765634862 27.6396937024417 0.152486366936651 1.05562455037303
84.1999999999995 56.8663444588658 88.7537922064798 85.0789026534354 27.6436103079282 0.158777870768787 1.04581962341999
84.2999999999995 56.9381141242972 88.7420941444408 85.0081672480046 27.6468572509852 0.162583181105653 1.07554014057112
84.3999999999995 57.009890655829 88.7299729133242 84.9374667329138 27.6493837902863 0.164327118707883 1.1341704138192
84.4999999999995 57.0816770713621 88.7174829216189 84.8667972921316 27.6511500580556 0.164476503216218 1.21439165237962
84.5999999999995 57.1534752000156 88.7046893086712 84.7961549425683 27.6521263746381 0.163529844612594 1.30939577491322
84.6999999999995 57.2252855028376 88.6916664051187 84.7255355687687 27.6522925630685 0.16200462246566 1.41112037912848
84.7999999999995 57.2971070190623 88.6784961933235 84.6549349576046 27.6516372636409 0.160417970170618 1.50928770836159
84.8999999999995 57.3689374383542 88.6652667678059 84.5843488329678 27.6501572484781 0.1592578832441 1.59155055567645
84.9999999999994 57.4407732908099 88.6520707956784 84.5137728904629 27.6478567361013 0.158944991778582 1.64512899853818
85.0999999999994 57.5126102400459 88.6390039729718 84.4432028320828 27.6447467071442 0.159781311877153 1.65625759416428
85.1999999999994 57.5844434753604 88.6261633741957 84.3726344004315 27.6408442498279 0.161874585684342 1.61870543287427
85.2999999999994 57.6562681990563 88.6136455308718 84.3020634118005 27.6361719809833 0.165127584317221 1.53835055968738
85.3999999999994 57.728080139544 88.6015444033007 84.2314857887921 27.6307574968347 0.169261739424947 1.42678852130317
85.4999999999994 57.7998760329084 88.5899493482212 84.1608975929253 27.6246328249277 0.17385770830975 1.29741864275596
85.5999999999994 57.8716540347493 88.5789430864709 84.0902950572427 27.6178338760571 0.178403484189684 1.16204974931859
85.6999999999994 57.9434140278997 88.5685996706456 84.0196746189164 27.6103998961949 0.182337597361448 1.02916244332437
85.7999999999994 58.01515779681 88.5589824527594 83.9490329518539 27.6023729184188 0.185081393054066 0.903688711841115
85.8999999999994 58.0868890468257 88.5501420519043 83.8783669993049 27.5937972148397 0.186060100698177 0.787591349254442
85.9999999999994 58.1586132563768 88.5421143219106 83.8076740064672 27.5847187485298 0.18471524414681 0.680585212408033
86.0999999999994 58.2303373570563 88.5349183593998 83.7369515557592 27.5751846147109 0.180670463762493 0.586744742500158
86.1999999999994 58.3020691414831 88.5285555620688 83.6661976714086 27.5652422027064 0.174220872262241 0.502201840234898
86.2999999999994 58.3738163419333 88.5230113529443 83.5954110999998 27.5549376490614 0.16586076394519 0.414270238823895
86.3999999999994 58.4455857609349 88.5182579548676 83.5245916603381 27.544314011428 0.156109308472998 0.309787706236827
86.4999999999994 58.5173826214243 88.5142572053726 83.4537405959794 27.5334094317092 0.145503370389372 0.173540224912049
86.5999999999994 58.5892101327273 88.5109633715648 83.3828609277601 27.522255299204 0.134604243241681 -0.0124439297732793
86.6999999999993 58.66106925251 88.5083259649993 83.3119578063276 27.5108744137513 0.124023707987554 -0.267345947097072
86.7999999999993 58.7329586203143 88.5062925565591 83.2410388646697 27.4992791488754 0.114476028393025 -0.604210079530367
86.8999999999993 58.8048746396205 88.5048115913338 83.1701145706455 27.4874696149295 0.106854437928346 -1.01093360067161
86.9999999999993 58.8768116925497 88.5038352034978 83.0991985795142 27.4754318222414 0.102298117499427 -1.41942174153901
87.0999999999993 58.948762486712 88.5033220046768 83.0283080751205 27.4631358963166 0.101951959814832 -1.65442181421628
87.1999999999993 59.0207185996601 88.5032391830085 82.9574638160864 27.4505356465929 0.106021844518051 -1.61314548164403
87.2999999999993 59.0926712597242 88.5035628524254 82.8866894331802 27.4375715711285 0.113978367954288 -1.37028523245279
87.3999999999993 59.1646121704652 88.504277712632 82.8160104316925 27.424175214839 0.124823845106382 -1.04595969963472
87.4999999999993 59.2365342714491 88.50537668257 82.745453182468 27.4102735797955 0.137360073267567 -0.724634549586921
87.5999999999993 59.3084323850053 88.5068605338834 82.6750439129358 27.3957935355217 0.150395181505791 -0.439448467109084
87.6999999999993 59.3803036891251 88.5087375243837 82.6048076981407 27.380666229291 0.162831445813178 -0.191411091844651
87.7999999999993 59.4521479541635 88.5110230315154 82.5347674517741 27.3648314964242 0.173685475491729 0.0325215997480427
87.8999999999993 59.5239674886642 88.5137391858207 82.464942917205 27.3482422705867 0.182093038296516 0.250940369140891
87.9999999999993 59.5957667577425 88.5169145044048 82.3953496585107 27.3308689940858 0.187327365933891 0.486353719988441
88.0999999999993 59.6675516674862 88.5205835116426 82.3259980629481 27.3127039770005 0.188991816892788 0.733050243853638
88.1999999999993 59.7393285934546 88.5247860281503 82.2568926408563 27.2937644259498 0.187471956095003 0.981701732780129
88.2999999999993 59.81110339273 88.5295656176635 82.1880320805824 27.274092095791 0.183447357478531 1.24848046311006
88.3999999999993 59.8828805657487 88.5349677021815 82.1194096008391 27.2537516109568 0.177743525730847 1.54339617845348
88.4999999999992 59.9546626187816 88.5410376643522 82.0510133145021 27.2328287356245 0.171348385074554 1.86744017616836
88.5999999999992 60.0264496568145 88.547818949857 81.9828265924076 27.2114286438852 0.165421671527284 2.20579457550765
88.6999999999992 60.0982392179161 88.555351169796 81.9148284271504 27.1896741899136 0.161263362014559 2.52027371977596
88.7999999999992 60.1700263443651 88.5636682030727 81.8469937968808 27.167704178137 0.160195144628151 2.75134940108785
88.8999999999992 60.2418038736891 88.5727962987794 81.7792940291024 27.1456716334044 0.163337384928237 2.84230227916145
88.9999999999992 60.313562924346 88.5827521785818 81.7116971644699 27.1237420711565 0.171359882872605 2.7765942047784
89.0999999999992 60.3852935494161 88.5935411735045 81.6441683296903 27.1020917447198 0.184440278682763 2.55803635377098
89.1999999999992 60.4569856222003 88.6051562551118 81.5766703471351 27.0809052978653 0.202372874613675 2.22411367741135
89.2999999999992 60.5286301080479 88.6175793370821 81.5091649453289 27.0603719076503 0.224252593119738 1.85600853351826
89.3999999999992 60.6002205400934 88.6307834711772 81.4416142061499 27.040680832524 0.248726260897484 1.50946477514801
89.4999999999992 60.6717544533634 88.6447350776133 81.3739820211322 27.022016937558 0.274292023583017 1.20765236210336
89.5999999999992 60.7432345842466 88.6593961754304 81.3062355477703 27.0045562196777 0.299455164667983 0.952701411844097
89.6999999999992 60.814669645559 88.6747266128629 81.2383466658218 26.9884613328928 0.322786744101129 0.737262378583115
89.7999999999992 60.8860745012002 88.6906862977094 81.1702934336114 26.9738771135284 0.342942286923385 0.550969596948003
89.8999999999992 60.9574695936679 88.7072374277029 81.1020615443344 26.9609261054558 0.35867429575601 0.382919775724302
89.9999999999992 61.0288795238983 88.724346720881 81.0336457823595 26.9497040853234 0.36885252528939 0.221911623421356
90.0999999999992 61.1003307497376 88.7419876211859 80.9650514580495 26.9402756717338 0.372792017511747 0.0768257375551642
90.1999999999992 61.1718485929903 88.7601418600464 80.8962952839947 26.9326721170207 0.371176103155507 -0.0451526640580616
90.2999999999991 61.2434542953568 88.7787993831438 80.8274048333035 26.9268946394714 0.36514608774534 -0.153637434381567
90.3999999999991 61.3151627141429 88.797957633159 80.7584174393062 26.9229199381491 0.355945972056848 -0.253520681223131
90.4999999999991 61.3869808093196 88.8176208077509 80.6893790737757 26.9207057916616 0.344873959059704 -0.345958763507928
90.5999999999991 61.4589069645034 88.8377991175332 80.6203432251485 26.9201966569298 0.333241924846711 -0.428499976398988
90.6999999999991 61.5309311203819 88.8585080440524 80.5513697767448 26.9213292679562 0.322336687674181 -0.494987836825241
90.7999999999991 61.6030356551621 88.8797675977656 80.4825238849898 26.9240382345934 0.313377567637487 -0.535980623095722
90.8999999999991 61.6751969240507 88.9016015760177 80.4138748576334 26.9282616413127 0.307468252887836 -0.540494355334326
90.9999999999991 61.747387367004 88.9240368210189 80.3454950319716 26.9339466459727 0.305549600510555 -0.499397507500886
91.0999999999991 61.8195780968131 88.9471024768613 80.2774586577054 26.9410550049706 0.308127847977704 -0.427876273117654
91.1999999999991 61.8917415792704 88.9708292215258 80.2098409004064 26.9495666843491 0.314605802334683 -0.351169140222035
91.2999999999991 61.9638535896156 88.9952484354101 80.1427171511362 26.9594786121739 0.324132670174468 -0.277476538083214
91.3999999999991 62.0358945600485 89.0203913448475 80.0761624566718 26.9708015168672 0.335879424428183 -0.212128448021906
91.4999999999991 62.1078505598191 89.0462881646647 80.0102509543704 26.9835566919235 0.349045105303906 -0.157750845600356
91.5999999999991 62.1797139172503 89.072967240739 79.9450553070329 26.9977727606257 0.362854928564011 -0.115010031515123
91.6999999999991 62.2514834627097 89.1004541925561 79.8806461377688 27.0134824407612 0.376555891076941 -0.0834259014998065
91.7999999999991 62.3231643585534 89.1287710557674 79.8170914648602 27.0307193093376 0.38941438249973 -0.0620157146688494
91.8999999999991 62.3947674763825 89.1579354247477 79.7544561366262 27.0495145672992 0.400718362875654 -0.0497263178945335
91.999999999999 62.4663082839222 89.1879595951523 79.6928012662869 27.0698938042426 0.409784882959641 -0.0457017790639706
92.099999999999 62.5378052235452 89.2188497231344 79.6321836749438 27.0918737948811 0.416108551847591 -0.0482360730047719
92.199999999999 62.6092778553857 89.2506054177042 79.5726555455705 27.1154601209602 0.419772314778624 -0.0558683531489438
92.299999999999 62.6807454249991 89.2832204326051 79.5142646126457 27.1406468885501 0.42102403897473 -0.0685572747724447
92.399999999999 62.7522257687737 89.3166837913318 79.4570545627976 27.1674172707896 0.420135342648935 -0.0864608374804513
92.499999999999 62.8237343931939 89.3509809288084 79.4010654435635 27.1957440823781 0.417398162570202 -0.109885291457856
92.599999999999 62.895283741359 89.3860948330662 79.3463340721496 27.2255903540678 0.413121074149251 -0.139243205335077
92.699999999999 62.9668826617518 89.4220071869214 79.2928944441907 27.2569099071554 0.407625933514687 -0.175009248278812
92.799999999999 63.0385360877374 89.4586995096534 79.2407781425103 27.2896479279746 0.401245316511308 -0.217663279041
92.899999999999 63.1102449310022 89.4961542986821 79.1900147458801 27.3237415423879 0.394321073169574 -0.267610249397704
92.999999999999 63.1820061883193 89.5343561712461 79.14063223778 27.3591203902785 0.387204106315332 -0.325066619015168
93.099999999999 63.2538132619193 89.5732929871058 79.0926574025747 27.3957072099918 0.380214289866523 -0.380410761865633
93.199999999999 63.3256565605126 89.6129564779051 79.0461158945373 27.433418681456 0.373494888242453 -0.423469817539362
93.299999999999 63.3975244340825 89.6533416242053 79.0010314764039 27.4721669259496 0.367088022773354 -0.453450034606835
93.399999999999 63.4694042168075 89.6944455391772 78.9574249307749 27.5118612645495 0.360959936338515 -0.469712533598927
93.499999999999 63.541283253035 89.7362663333189 78.9153129589338 27.5524099865269 0.354995469687686 -0.471842239468445
93.599999999999 63.6131498710518 89.7788019791734 78.8747070796649 27.5937221177441 0.348997835979215 -0.459633112284673
93.699999999999 63.6849942734677 89.8220491760462 78.8356125280723 27.6357091890508 0.342693717572935 -0.432968833953223
93.7999999999989 63.7568093158126 89.866002214723 78.7980271543977 27.678287004681 0.335743365631401 -0.391589363554232
93.8999999999989 63.8285911500823 89.9106518421872 78.7619403228393 27.721377410649 0.32775520462294 -0.334733636943185
93.9999999999989 63.9003397176996 89.9559841263379 78.7273318103697 27.7649100631465 0.31830459061102 -0.260625999239006
94.0999999999989 63.9720590700678 90.0019793369682 78.6941707355334 27.8088241749886 0.307069196738518 -0.178386545131628
94.1999999999989 64.0437571229649 90.0486112495322 78.6624152666956 27.8530696913576 0.294213664815853 -0.0969457511813517
94.2999999999989 64.1154443397211 90.0958475221433 78.6320143088994 27.8976070168401 0.280095217251822 -0.0132866562230347
94.3999999999989 64.1871322122148 90.1436504953602 78.6029099701742 27.9424061717614 0.265140738914822 0.0752353448218751
94.4999999999989 64.2588320032062 90.1919780082343 78.5750400578234 27.9874459265695 0.249832655990883 0.170628770659769
94.5999999999989 64.3305537594395 90.240784214357 78.5483405747116 28.0327129362195 0.234698221198738 0.273695245374838
94.6999999999989 64.4023055758078 90.290020397907 78.5227482155525 28.0782008745577 0.220300909247629 0.3830413731829
94.7999999999989 64.4740930826985 90.3396357896978 78.4982028631965 28.123909568706 0.207231724587061 0.493681928056861
94.8999999999989 64.5459191242899 90.3895783832247 78.4746500849177 28.1698441334459 0.196097036957834 0.595612416812252
94.9999999999989 64.6177835952683 90.4397957507124 78.452043628702 28.216014105603 0.187499046343675 0.673407461271776
95.0999999999989 64.6896834125277 90.490235851986 78.430347892026 28.2624325816176 0.18190512033487 0.717299688360103
95.1999999999989 64.7616127232355 90.5408476567644 78.4095396754208 28.309115437975 0.179320779710625 0.726863140985889
95.2999999999989 64.8335634731908 90.5915812933323 78.3896081204888 28.3560807619675 0.179596943684888 0.701953345924373
95.3999999999989 64.9055260393026 90.642388010634 78.3705539327045 28.4033483653159 0.18253458613829 0.647901232500493
95.4999999999988 64.9774897940642 90.6932201331917 78.3523885767073 28.4509393009777 0.187895607984742 0.573579784992002
95.5999999999988 65.0494436135196 90.7440310160231 78.3351334715946 28.4988753799545 0.195419696321091 0.48870982674932
95.6999999999988 65.1213763414706 90.7947749995594 78.3188191862143 28.5471786881007 0.204841231385551 0.401683160072479
95.7999999999988 65.193277218555 90.8454073645634 78.3034846344577 28.5958711029312 0.215901915698177 0.318506215194978
95.8999999999988 65.2651362810646 90.8958842870472 78.2891762705523 28.6449738104296 0.22835768068876 0.24273404012516
95.9999999999988 65.3369447309627 90.9461627931903 78.2759472843545 28.694506821856 0.241980643401184 0.175948228110441
96.0999999999988 65.4086952823656 90.996200718325 78.2638567812052 28.7444884925806 0.256502277986765 0.121199550789734
96.1999999999988 65.4803826435238 91.0459567716769 78.2529685604133 28.7949350935827 0.27143871366238 0.0802047143584941
96.2999999999988 65.5520043378405 91.0953908695615 78.2433488748722 28.8458605166366 0.286244431034074 0.0510485419869099
96.3999999999988 65.6235614924795 91.1444645743355 78.2350637893053 28.8972760321638 0.300363618428919 0.0317488100295068
96.4999999999988 65.6950593688558 91.193141537416 78.228176523073 28.9491900491094 0.313230102482549 0.0205834359367066
96.5999999999988 65.7665075859655 91.2413879422994 78.2227447929805 29.0016078748197 0.324270456541917 0.0162305468173967
96.6999999999988 65.8379199984335 91.2891729475806 78.2188181560853 29.0545314749189 0.332910159129836 0.0178200374897082
96.7999999999988 65.9093141997051 91.3364691299719 78.2164353525048 29.1079592331866 0.338582279987069 0.0249643552735663
96.8999999999988 65.9807106342476 91.3832529273224 78.2156216482236 29.1618857114343 0.340737765818674 0.0378188130891822
96.9999999999988 66.0521313207998 91.4295050816364 78.2163861779016 29.2163014093832 0.338856043747501 0.0572232597605603
97.0999999999988 66.1235982090219 91.4752110703882 78.2187193457696 29.2711925291756 0.332680270323886 0.078081850287313
97.1999999999988 66.1951312112765 91.5203612335082 78.2225917368325 29.3265408603994 0.322895740316584 0.0944445005647517
97.2999999999987 66.2667462201546 91.5649501278449 78.2279568619265 29.3823239710259 0.310436912999335 0.105851853374071
97.3999999999987 66.3384536154876 91.6089755772992 78.2347554130836 29.4385155188596 0.296244717263262 0.110937188992831
97.4999999999987 66.4102573833364 91.6524377112542 78.2429195769838 29.4950855676237 0.281253615338636 0.107391293484459
97.5999999999987 66.482154809428 91.6953380030041 78.252377348408 29.5520009030445 0.266383670352137 0.091994786459153
97.6999999999987 66.5541366840209 91.737678308184 78.2630568436912 29.6092253489368 0.252537808079647 0.0609327838392091
97.7999999999987 66.6261879455226 91.7794599031989 78.2748906141743 29.6667200832882 0.240603284628796 0.0106873040592532
97.8999999999987 66.6982886924091 91.8206825236537 78.2878199596579 29.7244439543452 0.231455388514545 -0.060251248258168
97.9999999999987 66.7704155061706 91.861343402782 78.3017992418539 29.7823537966968 0.225960901069128 -0.149048468890892
98.0999999999987 66.8425430507235 91.9014363238089 78.3168001293728 29.840404754832 0.224727317724202 -0.229033762997551
98.1999999999987 66.9146459015852 91.9409510345718 78.3328140625759 29.8985508009492 0.227333193522422 -0.275206335551397
98.2999999999987 66.9867003688798 91.9798735817208 78.3498501996312 29.9567457458738 0.233056622550216 -0.28795948790462
98.3999999999987 67.0586860859666 92.018187007177 78.3679315824351 30.0149444442288 0.241122521737601 -0.272613882858465
98.4999999999987 67.1305873383654 92.0558720585246 78.3870912340683 30.0731040070773 0.250711088008148 -0.236265125166035
98.5999999999987 67.2023941247361 92.0929078994028 78.4073682562512 30.1311850145645 0.260970445386982 -0.185302060684024
98.6999999999987 67.2741029197359 92.129272819897 78.4288039267997 30.1891527285605 0.27102941622619 -0.124121831236191
98.7999999999987 67.345717094705 92.1649449469308 78.4514377970805 30.2469783053021 0.280010012456229 -0.0547541616830605
98.8999999999987 67.4172469476265 92.1999029546581 78.4753037894674 30.3046400080353 0.287041423667852 0.0231306333444267
98.9999999999987 67.4887092994097 92.2341267748543 78.5004262947961 30.3621244196578 0.291277868772382 0.112275145096798
99.0999999999986 67.5601266196513 92.2675982926425 78.5268163249327 30.4194276258231 0.29214980513983 0.203139596881534
99.1999999999986 67.6315254644409 92.3003016609127 78.5544690982694 30.476555630058 0.29006542903016 0.285320161879414
99.2999999999986 67.7029341355884 92.3322226468068 78.5833652626496 30.5335228193753 0.285717917172316 0.360301493703474
99.3999999999986 67.7743803502541 92.3633475968968 78.6134735512213 30.5903496618992 0.279835388164325 0.427259113471871
99.4999999999986 67.8458892748666 92.3936623876974 78.6447534934023 30.6470603749533 0.273157809312714 0.483251697986244
99.5999999999986 67.9174819403698 92.4231513761783 78.6771581258454 30.7036805931483 0.266414370919751 0.523402346854804
99.6999999999986 67.9891740233067 92.4517963502768 78.7106367034045 30.7602350364694 0.260303110277269 0.541353398410735
99.7999999999986 68.0609749628189 92.47957547941 78.7451374100995 30.8167451783643 0.255475670678966 0.530233321235782
99.8999999999986 68.1328873768116 92.5064622649878 78.7806100700818 30.8732269138309 0.252531089682024 0.484214433134648
99.9999999999986 68.2049067417284 92.5324244909247 78.8170088586003 30.9296882275051 0.25202272208812 0.400441307818543
100.099999999999 68.2770213236108 92.5574231902409 78.8542949795496 30.986126894544 0.254346722456307 0.300578966741171
100.199999999999 68.3492126802447 92.5814120299503 78.8924384741981 31.0425290342022 0.259373586176523 0.210581382966327
100.299999999999 68.4214571525553 92.6043377577585 78.9314178244426 31.0988698279349 0.266858997980023 0.135371158041858
100.399999999999 68.4937276340949 92.6261410670474 78.9712186872421 31.1551150901926 0.276560328440304 0.0772882265265446
100.499999999999 68.5659952557115 92.6467574779491 79.0118325956341 31.2112228720127 0.288221034567353 0.0365587333567249
100.599999999999 68.6382309818963 92.6661182184188 79.0532556597523 31.2671450646107 0.301560724833553 0.0119792578004211
100.699999999999 68.7104071186925 92.6841511053088 79.095487267843 31.3228290029709 0.316270095874928 0.00160190396771704
100.799999999999 68.7824987229653 92.7007814254415 79.1385287872825 31.3782190694382 0.33200925707433 0.00328581314747064
100.899999999999 68.854484894006 92.7159328166825 79.1823822655937 31.4332582973086 0.348408184080887 0.0150678766845313
100.999999999999 68.9263499210492 92.7295281490145 79.2270491314632 31.487889974421 0.365068680504458 0.0353684024774811
101.099999999999 68.9980842559901 92.7414904173047 79.2725288989347 31.5420592433609 0.381536678427461 0.0590059121870147
101.199999999999 69.0696853040391 92.751743938116 79.3188179541841 31.5957146136123 0.397210755079931 0.0821007617554597
101.299999999999 69.1411579985112 92.760216318324 79.3659085519263 31.648809250187 0.411437293716273 0.105487910194435
101.399999999999 69.2125149975258 92.766840727778 79.4137878944041 31.7013021742021 0.423550984761396 0.130157930987686
101.499999999999 69.2837764088309 92.7715581836557 79.4624372135536 31.7531594600694 0.432888900695336 0.157302998420463
101.599999999999 69.354969006506 92.7743198348185 79.5118308531687 31.8043554326859 0.43880840274754 0.188419315405859
101.699999999999 69.4261249245236 92.775089246166 79.5619353510672 31.8548738646238 0.440707907668972 0.225485768257383
101.799999999998 69.4972798382068 92.7738446829914 79.6127085212549 31.9047091733201 0.438048956634285 0.271262796210113
101.899999999998 69.5684706759658 92.7705813953363 79.6640985360913 31.9538676182672 0.430377960681869 0.329799705443779
101.999999999998 69.6397329383917 92.7653139023455 79.7160430084549 32.0023684982026 0.417346895049455 0.407325918599264
102.099999999998 69.7110977396732 92.7580782188189 79.7684680987227 32.050245315727 0.399002524202278 0.505746669687576
102.199999999998 69.7825888343961 92.7489325788795 79.8212882669377 32.0975460950495 0.376583113478129 0.624012969096291
102.299999999998 69.8542203263013 92.7379543446275 79.8744076627585 32.1443315499785 0.351662670179994 0.765788230289531
102.399999999998 69.9259955433122 92.7252354119115 79.9277221605962 32.1906724050401 0.325857862741904 0.932304625720959
102.499999999998 69.9979070385483 92.7108775582958 79.981121419566 32.2366466840243 0.3008111124898 1.11879105029322
102.599999999998 70.0699375572331 92.6949877910277 80.0344909434394 32.2823369985309 0.278157532457134 1.30891373579854
102.699999999998 70.1420617763079 92.6776736950054 80.0877141405951 32.327827836516 0.25944137624493 1.46945332703015
102.799999999998 70.2142486125922 92.6590387807452 80.1406743839718 32.373202850838 0.245948835643287 1.55204669598745
102.899999999998 70.2864639025084 92.6391778323487 80.1932570710191 32.4185421478041 0.238473135840071 1.50980898630959
102.999999999998 70.358673277862 92.618172255471 80.2453516836494 32.4639195757158 0.237126480048106 1.32344134700984
103.099999999998 70.4308450841012 92.5960854926076 80.296853839649 32.5094000379983 0.241179136499808 1.04841664570609
103.199999999998 70.5029529360144 92.5729601887085 80.3476671220235 32.5550374454777 0.248910800703029 0.76664984337805
103.299999999998 70.5749772266063 92.5488197999254 80.3977043446392 32.6008742911106 0.258647945418257 0.511129682012756
103.399999999998 70.6469058442931 92.5236719526856 80.4468885957998 32.6469418638632 0.269040813699547 0.293962183809093
103.499999999998 70.7187343930024 92.4975118700855 80.4951542732814 32.6932604871727 0.279018174821712 0.114824002370275
103.599999999998 70.7904659675934 92.4703257982846 80.5424481193685 32.7398397574078 0.28771321168189 -0.0321217197198156
103.699999999998 70.8621105096615 92.4420944328988 80.5887302558887 32.7866787823305 0.294398356556419 -0.154470905602969
103.799999999998 70.9336837603943 92.4127963453945 80.633975219249 32.8337664195572 0.298440533863523 -0.26009480926754
103.899999999998 71.0052058270027 92.3824114094821 80.6781729954702 32.8810815150196 0.299276145684165 -0.356936362397764
103.999999999998 71.0766993867049 92.3509242275097 80.7213300552232 32.9285931414263 0.296401669660871 -0.453563795074325
104.099999999998 71.1481875731404 92.3183275145594 80.7634703514769 32.9762608510034 0.289600332059491 -0.55563230331709
104.199999999998 71.2196918088085 92.2846243828018 80.8046353450861 33.0240352995022 0.279610114596939 -0.663300538415144
104.299999999998 71.2912302033694 92.2498278342016 80.8448815628397 33.0718598126559 0.267420835832325 -0.776127638212245
104.399999999998 71.3628166085836 92.2139591534806 80.8842771834482 33.1196723239024 0.254020447199217 -0.890415080513155
104.499999999998 71.4344602056688 92.1770462587849 80.9228985861446 33.1674073263875 0.240359535305642 -0.998017887063265
104.599999999998 71.5061655606045 92.1391220523503 80.9608268992847 33.2149978249677 0.227304205328201 -1.0853834448728
104.699999999998 71.5779330643244 92.1002227711692 80.9981445489475 33.2623772882131 0.215576011298248 -1.1338743677079
104.799999999998 71.6497596614671 92.060386337656 81.0349318075362 33.3094816004103 0.205685556257555 -1.12248326370155
104.899999999998 71.7216397683522 92.0196507103141 81.0712633423786 33.3562510135654 0.19787952301084 -1.03287623271542
104.999999999998 71.7935662873404 91.9780522344016 81.1072047643275 33.4026320994066 0.192131660021276 -0.854481459652435
105.099999999998 71.8655316314177 91.9356240063118 81.1428092141062 33.4485796713261 0.188173108987053 -0.628314911700859
105.199999999998 71.937528486571 91.8923945945232 81.1781149300199 33.4940579247247 0.185595424044246 -0.405789434534677
105.299999999998 72.0095499249978 91.8483876656859 81.213145306826 33.5390395933043 0.184139854045461 -0.196581079503833
105.399999999998 72.081589216001 91.8036219672787 81.2479099359706 33.5835043237634 0.183726784664997 -0.00793067899565522
105.499999999998 72.1536395948516 91.758111323979 81.2824056835695 33.6274370204316 0.184417170687562 0.15403770295752
105.599999999998 72.2256940402808 91.7118646340335 81.3166177683896 33.6708261899036 0.186369161443488 0.283761826660618
105.699999999998 72.2977450918674 91.664885865629 81.3505208398299 33.7136622856739 0.189794137814244 0.376591259108018
105.799999999998 72.3697847296182 91.6171740532626 81.3840800559028 33.7559360527707 0.194915915239526 0.429755294140624
105.899999999998 72.4418043310477 91.5687232941124 81.4172521612154 33.7976368723904 0.201937465271051 0.443355836846419
105.999999999998 72.5137947160179 91.5195227444079 81.4499865649503 33.838751106532 0.211019403191551 0.420760342979327
106.099999999998 72.5857462978442 91.4695566324672 81.4822264332201 33.879260471854 0.222139566373563 0.374195764849101
106.199999999998 72.6576496129176 91.4188047050652 81.5139101551218 33.9191411733271 0.234695795505455 0.318443696144823
106.299999999998 72.7294965542526 91.3672437737961 81.5449737574137 33.9583649665973 0.247911692095641 0.260456889473861
106.399999999998 72.8012816804081 91.3148496947671 81.5753536928928 33.9969009801449 0.260981871399405 0.204080601346907
106.499999999998 72.8730032349659 91.2615993649582 81.6049896431452 34.0347175666656 0.27308191827378 0.150759996013931
106.599999999998 72.9446638061267 91.2074727185832 81.6338273212962 34.0717841544523 0.283376546957388 0.100290323813624
106.699999999998 73.0162705704672 91.1524547234491 81.6618212747608 34.1080730987764 0.291028065926585 0.051324421556274
106.799999999998 73.0878350759702 91.0965373773166 81.6889376879938 34.1435615332695 0.295206556015481 0.00155318686930098
106.899999999998 73.1593725395252 91.0397217042606 81.7151571852403 34.1782332213047 0.295102120158568 -0.0524902920172274
106.999999999998 73.2309006633715 90.9820197510298 81.7404776332859 34.2120804073782 0.289938723729168 -0.116157455182597
107.099999999998 73.3024380118715 90.9234565468696 81.7649168928313 34.2451056392742 0.279254292580264 -0.189451783640596
107.199999999998 73.3740020506401 90.8640711133584 81.7885142340989 34.2773228305959 0.263702799849869 -0.272035141309634
107.299999999998 73.4456072446708 90.8039150627431 81.8113283616443 34.3087563949957 0.244244232358221 -0.371895757829508
107.399999999998 73.517263717125 90.7430502462886 81.8334341033991 34.3394396207714 0.221866835879195 -0.499443399509824
107.499999999998 73.5889765791159 90.6815463660892 81.8549190483388 34.3694130162461 0.197583256847361 -0.669379553857317
107.599999999998 73.6607458856673 90.6194785868811 81.8758801841498 34.398722655148 0.172438751861351 -0.902929477599048
107.699999999998 73.7325671326409 90.5569251478533 81.8964205348977 34.4274185219897 0.147535154422087 -1.22935059992056
107.799999999998 73.8044321836813 90.4939649744601 81.9166457986942 34.4555528574482 0.124070566889239 -1.68145139065897
107.899999999998 73.8763305018845 90.430675290232 81.9366609853649 34.4831785037448 0.103375895761863 -2.26816839334966
107.999999999998 73.9482505567927 90.3671292285882 81.9565670541169 34.5103472500242 0.0868629893434386 -2.89407407110618
108.099999999998 74.0201812750046 90.3033934692515 81.9764575765096 34.5371081977503 0.0755856696429913 -3.33943126797176
108.199999999998 74.0921132357722 90.2395265143611 81.9964160573204 34.5635066465044 0.0694680712362961 -3.40344577506108
108.299999999998 74.1640392101122 90.1755785884304 82.0165149254473 34.5895843008072 0.0674667647207012 -3.06554019447104
108.399999999998 74.2359542928423 90.1115921780024 82.0368151827068 34.6153799973439 0.0679405636053301 -2.54252720209912
108.499999999998 74.3078558342359 90.0476025959087 82.0573660779346 34.6409304522047 0.0692558267321416 -2.04958302364092
108.599999999998 74.3797432118801 89.9836385455281 82.0782047810867 34.6662710081261 0.0701642393413916 -1.68277910518362
108.699999999998 74.4516174752644 89.9197226850456 82.09935605734 34.6914363817309 0.0698388813775457 -1.46240804655998
108.799999999998 74.5234808954773 89.8558721917113 82.1208319411936 34.7164614107693 0.0677779510042864 -1.39286819111085
108.899999999998 74.5953364528173 89.7920993260989 82.1426314105694 34.7413818013592 0.0637214015738566 -1.50006647400154
108.999999999998 74.6671872960226 89.7284119963655 82.1647400609134 34.7662348752274 0.0576340058298168 -1.86806363136611
109.099999999998 74.7390362105591 89.6648143208006 82.187129799925 34.7910603011015 0.0498788362514665 -2.64117959324555
109.199999999998 74.8108851960983 89.6013071459532 82.2097590786348 34.8159004140435 0.0416726086452591 -4.02859076953449
109.299999999998 74.8827352997071 89.5378884519877 82.2325744839811 34.8407994887893 0.0352880855043845 -5.97470842332489
109.399999999998 74.9545866334132 89.4745537136167 82.2555128677337 34.8658026010284 0.0340708504203623 -6.78206857461489
109.499999999998 75.0264385030423 89.4112962593246 82.2785034960472 34.8909544728362 0.039815086614658 -5.21987295245301
109.599999999998 75.0982896181303 89.3481076305916 82.3014701990141 34.9162983181061 0.0506489882886387 -3.36662624423635
109.699999999998 75.1701383470374 89.2849779411172 82.3243335202174 34.9418746879811 0.0639315590833097 -2.19183952474668
109.799999999998 75.2419829763106 89.2218962360442 82.3470128662839 34.967720316286 0.077945023212369 -1.52282520747728
109.899999999998 75.3138219311849 89.1588508511823 82.3694286564373 34.9938669649593 0.0916284400361741 -1.13592769169579
109.999999999998 75.3856539148661 89.0958297722321 82.3915044720508 35.0203402694853 0.10422781510425 -0.906263114255815
110.099999999998 75.4574779308934 89.0328209867143 82.413169188378 35.0471585895729 0.11519890582593 -0.782926340504256
110.199999999998 75.5292932355476 88.9698126462468 82.4343586429029 35.0743319962614 0.124354501616658 -0.736595227302703
110.299999999998 75.6010993543226 88.9067927473957 82.455016127415 35.1018616053386 0.131650668636475 -0.74366574351828
110.399999999998 75.6728960867851 88.8437486228738 82.4750924167043 35.1297390471857 0.137106196643509 -0.793751546244918
110.499999999998 75.7446834523977 88.7806664254448 82.4945457794333 35.1579459418688 0.140804663671381 -0.883490174523175
110.599999999998 75.8164615977864 88.7175306118277 82.5133419890094 35.1864533742314 0.142909502570109 -1.0134437953885
110.699999999998 75.8882306917205 88.6543234266007 82.5314543344575 35.2152213689853 0.14369061170753 -1.18581581057517
110.799999999998 75.9599908372643 88.5910243861054 82.5488636312918 35.2441983658034 0.143562491725472 -1.40150088025079
110.899999999998 76.0317420340148 88.5276097623516 82.5655582323883 35.2733206944108 0.143131382942833 -1.65515382163467
110.999999999998 76.1034842270614 88.4640520669206 82.5815340388574 35.3025120496772 0.143239904916871 -1.92775108541132
111.099999999998 76.1752174779307 88.4003195530665 82.5967944876238 35.3316830054649 0.145021132014327 -2.12621714032397
111.199999999998 76.2469421717161 88.3363761909281 82.6113499334215 35.3607315361453 0.149721535570424 -2.14688652569542
111.299999999998 76.3186591044842 88.2721828437146 82.6252154935293 35.3895460960425 0.157974435291885 -1.98390414925835
111.399999999998 76.3903696596664 88.2076989170026 82.6384082869217 35.4180097065452 0.169599223423949 -1.68932532379275
111.499999999998 76.4620761135179 88.1428840262299 82.650944650127 35.4460040819746 0.183776673513129 -1.33488642840087
111.599999999998 76.5337819545527 88.077699664189 82.6628373530853 35.4734137554526 0.199361925436001 -0.973651988202689
111.699999999998 76.6054920947315 88.0121108685205 82.6740928150074 35.5001302047702 0.215155440407419 -0.629537988821124
111.799999999998 76.6772128621524 87.946087889207 82.6847083202326 35.5260559782555 0.230073190004258 -0.304780546750645
111.899999999998 76.7489516907103 87.8796078560663 82.6946692340876 35.5511088206422 0.243248179607186 0.0102216579815741
111.999999999998 76.8207164617572 87.8126564462453 82.7039462187441 35.5752257989372 0.254113774687821 0.330405052275938
112.099999999998 76.8925145084339 87.7452295314774 82.7124924962327 35.5983673592249 0.262623835703884 0.622596518354546
112.199999999998 76.9643514337348 87.6773342991959 82.7202423374841 35.6205195877972 0.26960431890928 0.852007199751587
112.299999999998 77.0362301058127 87.6089890380543 82.7271126635952 35.6416919140342 0.27616426579634 1.02298013484819
112.399999999998 77.1081500184154 87.5402223973021 82.7330058731245 35.6619130176115 0.283386646704526 1.13259989311016
112.499999999998 77.1801070449245 87.4710726259252 82.7378127165408 35.6812266666434 0.29217618614268 1.1773052058519
112.599999999998 77.2520935747188 87.4015868117855 82.7414151706735 35.6996875558252 0.303141150327043 1.15804881374543
112.699999999998 77.3240989722052 87.3318201207611 82.7436893131614 35.7173571445762 0.316530549310872 1.08239484662085
112.799999999998 77.3961102624281 87.2618350358865 82.7445081969029 35.734299495183 0.332239162666604 0.963004756145289
112.899999999998 77.4681129238651 87.1917005964924 82.7437447245052 35.7505771109414 0.349870944981357 0.81399495812262
112.999999999998 77.5400916581624 87.1214916373455 82.7412745227337 35.7662467743 0.368835009256957 0.647481069712403
113.099999999998 77.6120310246968 87.0512880218567 82.7369788052967 35.7813554354375 0.388438497579872 0.491816367823855
113.199999999998 77.6839162489342 86.9811737210449 82.730746932329 35.7959374121428 0.407970257994341 0.366563057551934
113.299999999998 77.7557347893366 86.9112355009608 82.722478199961 35.8100149183862 0.426787852373907 0.267187537096397
113.399999999998 77.827477926928 86.8415614558678 82.7120833265875 35.8235999041935 0.444297957103868 0.189180786547183
113.499999999998 77.8991419305784 86.7722395354896 82.6994859274713 35.8366959459542 0.459929323244161 0.12859422309332
113.599999999998 77.9707287613269 86.7033560722589 82.6846239893464 35.8493001367304 0.473118225098924 0.0821849938390922
113.699999999998 78.0422462948128 86.6349943085647 82.6674513450215 35.8614049765653 0.483304259840043 0.0473962626215261
113.799999999998 78.1137080449583 86.5672329240014 82.647939147984 35.8730002627916 0.489934100917002 0.0222853978408784
113.899999999998 78.1851323821575 86.5001445626157 82.6260773470024 35.8840749803404 0.492470671524241 0.00545415046529388
113.999999999998 78.2565412554435 86.4337943601559 82.6018761607309 35.8946191920495 0.490405032911344 -0.00399090062721919
114.099999999998 78.3279584474228 86.3682384873388 82.5753675157571 35.9046259193393 0.483428927962855 -0.00654113370217336
114.199999999998 78.3994074012352 86.3035231096364 82.5466055342187 35.9140927724438 0.471925284071897 -0.00207207822618177
114.299999999998 78.4709089336395 86.2396844043745 82.5156646087857 35.9230229448936 0.456478698035604 0.0103146902863451
114.399999999998 78.5424793928337 86.1767489943501 82.4826365272102 35.9314259575545 0.437695096854596 0.0322256214459259
114.499999999998 78.6141294348903 86.1147343974687 82.447627560322 35.9393183930326 0.416183055755618 0.0661277221686012
114.599999999998 78.685863423173 86.0536494763811 82.4107555500234 35.9467246300803 0.392539966511305 0.115606948762147
114.699999999998 78.757679426391 85.9934948881205 82.3721469972844 35.9536775780014 0.367345735548694 0.185746888872219
114.799999999998 78.8295697734287 85.9342635337393 82.3319341501376 35.9602194110569 0.341166709623994 0.283629830488312
114.899999999998 78.9015221129583 85.8759410079466 82.2902520916739 35.9664023028706 0.314573157598553 0.418893359943158
114.999999999998 78.9735209224798 85.8185060487447 82.2472358280369 35.9722891608341 0.288175066148735 0.604048449338679
115.099999999998 79.0455493946007 85.7619309931489 82.2030173953032 35.9779543251729 0.262654034075478 0.8317491921471
115.199999999998 79.1175911710641 85.7061823910517 82.1577234573659 35.9834833491684 0.238714998342108 1.08326712055087
115.299999999998 79.1896310834866 85.6512220205309 82.1114741502124 35.9889704469328 0.217117339449863 1.34766087943132
115.399999999998 79.2616555724419 85.5970080613024 82.0643824172055 35.9945150223403 0.198622170563154 1.59813045545161
115.499999999998 79.3336531804874 85.5434962742552 82.0165533632502 36.0002181626194 0.183855637827913 1.79035611668314
115.599999999998 79.4056150531747 85.4906411809875 81.9680836089593 36.0061791319435 0.173114688108951 1.87350192873155
115.699999999998 79.4775353606878 85.4383972433409 81.9190606448197 36.0124918650234 0.166181481463351 1.81447124906024
115.799999999998 79.5494115568332 85.3867200429369 81.8695621853591 36.0192414606979 0.162261677908343 1.61692419900973
115.899999999998 79.6212444029763 85.3355674607111 81.8196555233116 36.0265006755262 0.160111135672806 1.3142358804298
115.999999999998 79.6930377025951 85.2849008564491 81.769396883784 36.0343264173788 0.158288123569861 0.942708275325158
116.099999999998 79.7647977205144 85.2346862384216 81.7188307924535 36.0427562878214 0.155517565018277 0.563209777480791
116.199999999998 79.8365323703178 85.1848951756161 81.6679898085757 36.0518063930944 0.151248567525639 0.210559344112585
116.299999999998 79.9082503996348 85.1355050565594 81.6168951840515 36.0614723753737 0.145427817148073 -0.134861017699875
116.399999999998 79.979960627108 85.0864990907377 81.5655578873048 36.0717317126272 0.13832074772292 -0.493021834589943
116.499999999998 80.0516712543681 85.0378663001155 81.5139796411914 36.0825460672637 0.130460295486151 -0.879200358042499
116.599999999998 80.1233893021182 84.9896015106548 81.4621539609078 36.0938636347817 0.122623484656893 -1.29524641365939
116.699999999998 80.1951201986545 84.9417053438345 81.4100671919002 36.105621492418 0.115804824357033 -1.71433617005168
116.799999999998 80.2668675289622 84.8941842081701 81.3576995477735 36.1177479477965 0.111130549562019 -2.06627460267705
116.899999999998 80.3386329355953 84.8470502907322 81.3050261481997 36.1301648875769 0.109649056026626 -2.25058112092501
116.999999999998 80.4104161490496 84.8003215486665 81.2520180568274 36.1427901261037 0.11201423843629 -2.19932392734695
117.099999999998 80.4822151189093 84.7540216948509 81.1986433173401 36.1555397454795 0.118233432392255 -1.9504219951158
117.199999999998 80.554026296592 84.7081800311415 81.1448679414033 36.1683302126867 0.127702956672324 -1.60931861912049
117.299999999998 80.6258451666938 84.6628308947299 81.0906567744847 36.1810799307526 0.139563448395059 -1.26082324637167
117.399999999998 80.697666838118 84.6180129520886 81.0359743135626 36.1937105669625 0.152946541640264 -0.949762071368009
117.499999999998 80.7694865728583 84.5737684870546 80.9807855229843 36.206148372498 0.167083407527918 -0.688569345568208
117.599999999998 80.8413002205593 84.5301426889136 80.9250566503242 36.2183255020743 0.181327186705288 -0.473346642510101
117.699999999998 80.9131045323815 84.4871829404834 80.8687560422423 36.2301813335788 0.19513884347873 -0.294624932419433
117.799999999998 80.9848973307534 84.4449381061977 80.8118549603422 36.2416637877089 0.20806625547718 -0.142291430940902
117.899999999998 81.0566775160546 84.4034578201901 80.7543283970298 36.2527306476097 0.21972818877724 -0.00721295509179108
117.999999999998 81.1284448972322 84.3627917743775 80.6961558913709 36.2633508785123 0.229806088393979 0.118582266407696
118.099999999998 81.2001998467167 84.3229890047863 80.6373223347675 36.2735059228642 0.238096763629083 0.227354641589062
118.199999999998 81.2719429368553 84.2840971321751 80.5778185118793 36.2831903582694 0.244659614991588 0.311715052108052
118.299999999998 81.3436748607161 84.2461614866412 80.5176409694807 36.292410937945 0.249619859953161 0.377201065068725
118.399999999998 81.4153964855091 84.2092241865243 80.4567916205638 36.3011849939867 0.253092984005299 0.42727402803372
118.499999999998 81.4871089181029 84.1733232155524 80.3952773382593 36.3095388161272 0.255171235700709 0.464113270340037
118.599999999998 81.5588135821168 84.1384914999869 80.3331095497565 36.3175060304949 0.255914393622891 0.489100276379544
118.699999999998 81.6305123054748 84.104755985769 80.2703038302242 36.3251259783723 0.255343697991652 0.503110156384181
118.799999999998 81.7022074128604 84.0721367156648 80.206879496731 36.3324420949542 0.253438418492084 0.506671784594841
118.899999999998 81.7739018148331 84.0406459064113 80.1428592021659 36.3395002881063 0.25013477948727 0.500025770021514
118.999999999998 81.845599084475 84.010287025862 80.0782685291585 36.3463473171237 0.245327048755327 0.48308801378944
119.099999999998 81.9173035070171 83.9810538868179 80.0131355848664 36.353029185243 0.238922783021984 0.466078534758619
119.199999999998 81.9890199463213 83.9529301746699 79.9474906182819 36.3595898897483 0.231023456002448 0.458942343271978
119.299999999998 82.0607533295153 83.9258900762574 79.8813656947084 36.366071079816 0.221801990768536 0.461244641479988
119.399999999997 82.1325080705607 83.8998993425389 79.8147943927567 36.3725120719542 0.211450406273351 0.473008863445129
119.499999999997 82.2042876080887 83.8749163679468 79.7478115022084 36.378949879195 0.200175413739041 0.494677808501433
119.599999999997 82.2760940643988 83.8508932697434 79.6804527218781 36.3854192402868 0.18819514475203 0.527084416269592
119.699999999997 82.3479280215897 83.8277769673763 79.6127543574767 36.3919526488877 0.17573692585513 0.57140848506171
119.799999999997 82.419788407075 83.8055102618336 79.5447530194742 36.3985803827573 0.16303600064087 0.629078224000041
119.899999999997 82.4916724777355 83.7840329149996 79.4764853209626 36.4053305329499 0.150335003166939 0.701544020213451
119.999999999997 82.5635758897029 83.76328272901 79.4079875755185 36.4122290330065 0.137883771074492 0.789802226784763
120.099999999997 82.6354928387665 83.7431966162655 79.3392954984684 36.419299689834 0.125904089082357 0.899840635154872
120.199999999997 82.7074162416607 83.7237114265481 79.2704439966052 36.4265642584197 0.11449425616515 1.04301726021145
120.299999999997 82.7793379067143 83.7047641575532 79.201467182437 36.4340426278229 0.10375606776308 1.22855971095875
120.399999999997 82.8512486860085 83.6862919225251 79.1323984768885 36.4417530510029 0.093848198040033 1.4654990249328
120.499999999997 82.9231386183529 83.66823190855 79.063270715403 36.4497123763324 0.0850071012993283 1.75775198010379
120.599999999997 82.9949970661745 83.6505213348498 78.9941162540457 36.4579362791117 0.0775661972986947 2.09325160657442
120.699999999997 83.0668128488853 83.6330974110743 78.9249670756066 36.4664394930823 0.0719558341461202 2.42750749843523
120.799999999997 83.1385743751744 83.6158972955955 78.855854895703 36.4752360419407 0.0686516060377203 2.67571685625379
120.899999999997 83.2102697765851 83.5988580537998 78.7868112688825 36.4843394708522 0.0680473724940284 2.74375737263279
120.999999999997 83.2818870446865 83.581916616382 78.7178676947258 36.493763077965 0.0702989774829547 2.59723114563278
