#t s x y z curvature torsion
5 0 121.364816942312 82.4701810454734 3.15915238866744 0.201359534990328 -0.134077852389655
5.1 0.0672349963571954 121.415432960474 82.4631508271446 3.20284608925262 0.197554745536176 -0.135757936513593
5.2 0.134755189782848 121.465989236348 82.4553051472933 3.24690837241654 0.193904141960288 -0.137423987925014
5.3 0.202554974240653 121.516470045009 82.4466530716288 3.29133404423069 0.190406603297878 -0.139070611065389
5.4 0.270628459715766 121.566859661603 82.437203665909 3.33611791069861 0.187060943670428 -0.140691976849722
5.5 0.338969490922227 121.617142361346 82.4269659959612 3.38125477774685 0.183865929818295 -0.142281843091419
5.6 0.407571665403039 121.667302419527 82.4159491277028 3.42673945121593 0.180820295778814 -0.143833582602134
5.7 0.476428351052707 121.717324111503 82.4041621271628 3.47256673685136 0.177922754925391 -0.145340219564138
5.8 0.545532703090353 121.767191712705 82.3916140605019 3.51873144029459 0.175172009581552 -0.146794474627327
5.9 0.614877680514129 121.816889498631 82.3783139940338 3.56522836707402 0.172566758418662 -0.148188819003653
6 0.684456062065918 121.866401744849 82.3642709942461 3.61205232259597 0.170105701843553 -0.149515537617822
6.1 0.754260461735424 121.915712727008 82.3494941278256 3.6591981121282 0.167787508458885 -0.150759078358503
6.2 0.824283343829922 121.964806721058 82.3339924617997 3.70666054058928 0.165610703348779 -0.151904224122535
6.3 0.894517037611758 122.013668004046 82.3177750639738 3.75443441184527 0.16357377627506 -0.152943798515088
6.4 0.964953751503742 122.062280855115 82.300851003484 3.80251452781214 0.161675218320103 -0.153870879225197
6.49999999999999 1.03558558688381 122.110629556522 82.2832293513549 3.85089568755087 0.159913521094325 -0.154678894937693
6.59999999999999 1.10640455149611 122.158698394651 82.2649191810576 3.89957268636244 0.158287175209157 -0.155361722749341
6.69999999999999 1.17740257250428 122.206471661031 82.2459295690667 3.94854031488288 0.156794668199884 -0.155913783910966
6.79999999999999 1.24857150921238 122.253933653346 82.2262695954188 3.99779335817828 0.155434482075553 -0.156330135546093
6.89999999999999 1.31990316547826 122.301068676451 82.2059483442691 4.04732659483986 0.154205090659184 -0.156606555971518
6.99999999999999 1.39138930184294 122.347861043391 82.1849749044504 4.09713479607895 0.153104956869072 -0.156739621249423
7.09999999999999 1.4630216474008 122.394295076422 82.1633583700322 4.14721272481387 0.152132488155232 -0.156716627502856
7.19999999999999 1.53479191145951 122.440355108352 82.1411078409542 4.19755513454381 0.151285903998006 -0.156526461892939
7.29999999999999 1.6066917950327 122.486025484675 82.1182324238423 4.24815676768208 0.15056335262471 -0.156169537857159
7.39999999999999 1.67871300210235 122.531290566017 82.0947412328966 4.29901235367646 0.149962951401296 -0.155647354729845
7.49999999999999 1.75084725063199 122.57613473059 82.0706433907825 4.35011660712132 0.14948278693815 -0.154962485914254
7.59999999999999 1.82308628334713 122.620542376651 82.0459480295223 4.40146422586977 0.149120915716678 -0.154118548142526
7.69999999999999 1.89542187829913 122.664497924962 82.0206642913854 4.45304988914574 0.148875365231662 -0.153120152693187
7.79999999999999 1.96784585922829 122.707985821241 81.9948013297803 4.50486825565618 0.1487441356252 -0.151972840011639
7.89999999999999 2.04035010574145 122.750990538628 81.968368310145 4.55691396170315 0.148725201766287 -0.150682999650896
7.99999999999999 2.11292656331842 122.793496580133 81.9413744108385 4.60918161929594 0.148816515714512 -0.149257777882227
8.09999999999999 2.18556725316387 122.835488481129 81.9138288240354 4.66166581424651 0.14901590801617 -0.147684152738505
8.19999999999999 2.25826428199042 122.876950812594 81.8857407567226 4.71436110382991 0.149320777552202 -0.145951693901235
8.29999999999999 2.33100985180609 122.917868186278 81.8571194319529 4.76726201334061 0.14972838546686 -0.144072307004606
8.39999999999999 2.40379626950217 122.958225260624 81.8279740901998 4.82036303221389 0.150235961065566 -0.142058252630748
8.49999999999999 2.47661595614715 122.998006746723 81.7983139907169 4.87365861013045 0.150840708513531 -0.139921986128347
8.59999999999999 2.54946145598635 123.037197414269 81.7681484128966 4.92714315312108 0.151539813329608 -0.137676005417849
8.69999999999999 2.62232544514916 123.075782097507 81.7374866576288 4.9808110196713 0.152330448566645 -0.135332709678543
8.79999999999999 2.69520074006506 123.11374570119 81.7063380486605 5.034656516826 0.153209780584273 -0.132904271191154
8.89999999999999 2.76808030558859 123.151073206529 81.6747119339544 5.08867389629409 0.154174974336296 -0.130402521953628
8.99999999999999 2.84095726283283 123.187749677151 81.6426176870476 5.14285735055312 0.155223198114187 -0.127838856051684
9.09999999999999 2.9138248967239 123.223760265057 81.6100647083998 5.19720100895647 0.156351607569073 -0.12521333498583
9.19999999999999 2.98667666362317 123.259090216975 81.5770624264482 5.2516989339061 0.15755727547443 -0.122526091288597
9.29999999999998 3.05950619956186 123.293724881646 81.54362029792 5.30634511719187 0.158837232254598 -0.119787791329878
9.39999999999998 3.13230732850297 123.327649717495 81.5097478078529 5.36113347639641 0.160188486361862 -0.117008452012456
9.49999999999998 3.20507407026654 123.360850300318 81.4754544696034 5.41605785130256 0.161608027303335 -0.114197400541928
9.59999999999998 3.27780064809243 123.393312330958 81.4407498248557 5.47111200030076 0.163092828063578 -0.111363248442231
9.69999999999998 3.35048149582831 123.425021642995 81.4056434436307 5.52628959679652 0.164639846960389 -0.10851387845698
9.79999999999998 3.42311126472965 123.455964210424 81.3701449242948 5.58158422561779 0.166246028988107 -0.105656442842549
9.89999999999998 3.49568482985788 123.486126155344 81.3342638935683 5.63698937942238 0.167908306705593 -0.10279737150876
9.99999999999998 3.56819729606197 123.515493755634 81.2980100065349 5.69249845510544 0.169623600742253 -0.0999423884597689
10.1 3.64064400354146 123.544053452652 81.2613929466382 5.74810475021103 0.171388801845728 -0.0970887418735816
10.2 3.71302053330238 123.571791859201 81.2244224253832 5.80380145945398 0.173200705388346 -0.0942334874472316
10.3 3.78532271300497 123.598695768186 81.1871081812826 5.85958167152117 0.175056046716147 -0.0913810715615182
10.4 3.8575466226435 123.624752161549 81.149459978508 5.91543836598307 0.176951517023909 -0.0885353321748627
10.5 3.92968859970424 123.649948219211 81.1114876055279 5.97136441020939 0.178883763862199 -0.0856995290156878
10.6 4.00174524376417 123.674271328013 81.0732008737476 6.02735255628483 0.180849391725911 -0.0828763761350174
10.7 4.0737134205068 123.697709090662 81.0346096161472 6.08339543792475 0.182844962815002 -0.0800680759262272
10.8 4.14559026513039 123.720249334671 80.9957236859214 6.13948556739094 0.184866998061988 -0.077276353856537
10.9 4.21737318512423 123.741880121304 80.9565529551178 6.19561533240726 0.186911978515556 -0.0745024932544901
11 4.28905986238831 123.762589754517 80.917107313276 6.25177699307541 0.18897634716555 -0.0717473696260296
11.1 4.36064825469476 123.782366789947 80.8773966660465 6.30796267879043 0.19105637276494 -0.0689911779173648
11.2 4.43213659702091 123.801200044982 80.8374309332823 6.36416438515192 0.193147717287259 -0.0662152296786538
11.3 4.50352340353102 123.819078611622 80.7972200457931 6.4203739708642 0.195245821911935 -0.0634213989149472
11.4 4.57480746913903 123.835991870419 80.756773941573 6.47658315463215 0.197346048384042 -0.0606110595499818
11.5 4.64598787001999 123.851929504471 80.7161025620075 6.53278351205687 0.199443687978622 -0.0577851113385247
11.6 4.71706396300784 123.8668815134 80.6752158480808 6.5889664725313 0.201533971542226 -0.0549440051917654
11.7 4.78803538384247 123.88083822735 80.6341237365828 6.64512331613594 0.20361208069055 -0.0520877674715453
11.8 4.85890204423007 123.893790320969 80.5928361563166 6.70124517053446 0.20567316023073 -0.0492160229024974
11.9 4.92966412768411 123.905728827399 80.5513630243053 6.7573230078694 0.207712331855594 -0.0463280158072277
12 5.0003220841163 123.916645152261 80.5097142419996 6.81334764165778 0.209724709148416 -0.0434226294213156
12.1 5.07087662318119 123.926531087564 80.4678996914795 6.8693097237371 0.211705732409787 -0.0405305099384892
12.2 5.14132870716716 123.935378823441 80.4259292315296 6.92519974251868 0.213652127305668 -0.0376802568253758
12.3 5.21167954495045 123.943180954401 80.3838126933895 6.98100802455991 0.215560937684691 -0.0348675449108628
12.4 5.28193058609502 123.949930483409 80.3415598763773 7.03672473744397 0.217429212244602 -0.0320882025989985
12.5 5.35208351438199 123.955620825888 80.2991805435077 7.09233989270973 0.219254013451675 -0.0293382006809448
12.6 5.42214024073406 123.96024581372 80.2566844171103 7.14784334878178 0.221032427122994 -0.0266136412511106
12.7 5.49210289553168 123.963799699246 80.2140811744483 7.20322481390035 0.222761572623148 -0.02391074673115
12.8 5.5619738203199 123.966277159267 80.1713804433364 7.25847384905132 0.224438613623276 -0.0212258489898093
12.9 5.63175555890644 123.967673299043 80.1285917977593 7.31357987089613 0.226060769358823 -0.0185553785545084
13 5.70145084785393 123.967983656295 80.0857247534899 7.3685321547018 0.227625326321362 -0.0158958538903657
13.1 5.77106260637588 123.967204205233 80.0427887637032 7.42331983727365 0.229129534721712 -0.0132391956899898
13.2 5.84059392575142 123.965331361316 79.9997932144633 7.47793191995986 0.230570269772624 -0.0105775444045624
13.3 5.91004805835729 123.962361987873 79.9567474198922 7.53235727183868 0.23194438512181 -0.00790777257621273
13.4 5.97942840601023 123.958293403452 79.9136606172121 7.58658463297733 0.2332488436006 -0.00522669868253436
13.5 6.04873850748336 123.953123389199 79.870541961783 7.64060261769377 0.234480733843851 -0.00253107747727693
13.6 6.11798202520307 123.946850196237 79.8274005221404 7.69439971781851 0.235637287004093 0.000182410408669338
13.7 6.18716273114275 123.939472553049 79.7842452750328 7.74796430595628 0.236715893441806 0.00291716962327369
13.8 6.25628449193277 123.930989672848 79.7410851004593 7.80128463874785 0.237714119271543 0.00567670202753736
13.9 6.32535125320948 123.921401260968 79.6979287767074 7.85434886013177 0.238629722640798 0.00846461941664455
14 6.39436702323044 123.910707522231 79.6547849753905 7.90714500460609 0.239460669623004 0.0112846570467552
14.1 6.46333585583304 123.89890916827 79.6116622564935 7.95966100054366 0.240205357936074 0.0141042103468986
14.2 6.53226183397414 123.886007423132 79.5685690636206 8.01188467489844 0.240863221485523 0.0168907444305278
14.3 6.60114905597112 123.872004024554 79.5255137197581 8.06380376144294 0.241434052810009 0.0196481110515406
14.4 6.67000162282384 123.856901223537 79.48250442324 8.1154059103968 0.241917788816338 0.0223800616108835
14.5 6.73882362550848 123.840701783849 79.4395492437206 8.16667869810882 0.242314512529793 0.0250902694242133
14.6 6.80761913221596 123.82340898153 79.3966561181483 8.21760963673898 0.242624454278335 0.0277823510741324
14.7 6.87639217555417 123.805026604401 79.3538328467384 8.26818618394049 0.242847992307176 0.0304598869672303
14.8 6.94514673973245 123.785558951564 79.3110870889462 8.31839575254183 0.242985652827416 0.0331264412110636
14.9 7.01388674774684 123.765010832911 79.2684263594404 8.3682257202288 0.243038109507039 0.0357855809257148
15 7.08261604858437 123.743387568629 79.2258580240759 8.41766343922652 0.243006182424103 0.0384408950862006
15.1 7.15133840447414 123.720694988589 79.1833892959146 8.46669624598419 0.24289129697446 0.0410530212218305
15.2 7.22005747851942 123.696939428783 79.1410272324665 8.51531147092848 0.242696847905924 0.043581114329229
15.3 7.28877682357092 123.67212772025 79.0987787360338 8.56349644839173 0.242426780235378 0.0460262880159449
15.4 7.35749987243321 123.646267175041 79.0566505552763 8.61123852660887 0.242085104597432 0.0483893073371085
15.5 7.4262299292444 123.619365572079 79.0146492868233 8.65852507771694 0.241675875984171 0.0506706163830468
15.6 7.49497016201255 123.591431143012 78.9727813768863 8.70534350775477 0.241203172654713 0.0528703639548917
15.7 7.56372359629628 123.562472558066 78.9310531228713 8.75168126666244 0.240671075351567 0.0549884276404918
15.8 7.63249311001191 123.532498911903 78.889470674991 8.79752585828094 0.240083646953481 0.0570244365716301
15.9 7.70128142934552 123.501519709475 78.8480400378771 8.84286485035171 0.239444912680732 0.0589777931080248
16 7.77009112574285 123.469544851878 78.8067670721929 8.88768588451621 0.238758840956572 0.0608476936503663
16.1 7.83892461395303 123.436584622261 78.7656574962263 8.93197668634519 0.238029058225352 0.0626392306806914
16.2 7.90778415118394 123.402649673122 78.7247168869854 8.97572507613932 0.237258030538983 0.06435855423351
16.3 7.97667183728863 123.367751017119 78.6839506800311 9.01891898168804 0.236447850495892 0.0660063079971659
16.4 8.04558961545924 123.331900019268 78.6433641688117 9.06154645179974 0.235600496694268 0.0675831486580547
16.5 8.11453927320962 123.295108389201 78.602962503979 9.10359566986175 0.234717827780002 0.0690897560915595
16.6 8.18352244360306 123.257388173412 78.5627506927036 9.14505496740017 0.233801577298457 0.0705268428764791
16.7 8.25254060668863 123.218751747517 78.5227335979912 9.18591283763982 0.232853349340973 0.0718951631468342
16.8 8.3215950911084 123.179211808499 78.4829159379975 9.22615794906409 0.231874614970324 0.0731955207852817
16.9 8.3906870758379 123.138781366966 78.4433022853447 9.26577915897492 0.230866709406314 0.0744287769640519
17 8.45981759202358 123.097473739401 78.4038970664369 9.30476552705262 0.229830829947644 0.0755958570361349
17.1 8.52898752490774 123.055302540325 78.3647045608036 9.34310632889467 0.228768406272876 0.0766727890039957
17.2 8.59819761655396 123.012281672078 78.3257289011698 9.38079106900367 0.227682184064441 0.0776332542681173
17.3 8.66744847079122 122.968425308566 78.2869740753679 9.41780949237745 0.226575051189521 0.0784746486221176
17.4 8.73674055958148 122.923747876621 78.2484439289771 9.4541515955484 0.225449648649422 0.0791943012453746
17.5 8.8060742301202 122.878264037286 78.2101421679892 9.48980763760166 0.224308361615511 0.0797894929656229
17.6 8.87544971257902 122.831988667079 78.1720723614755 9.52476815119329 0.223153311784282 0.0802574729452672
17.7 8.94486712842473 122.784936839274 78.1342379442532 9.55902395356844 0.221986351038545 0.0805954735314463
17.8 9.014326499251 122.737123805174 78.0966422195519 9.59256615757952 0.220809056399229 0.0808007229829627
17.9 9.0838277560566 122.688564975385 78.0592883616802 9.62538618270442 0.219622726245949 0.0808704557807787
18 9.15337074890727 122.639275901092 78.0221794186921 9.6574757660646 0.218428377788626 0.0808019201942541
18.1 9.22295525686384 122.589272255377 77.9853183150399 9.68882697338383 0.217226780092054 0.080637167454476
18.2 9.29258099678728 122.538569815763 77.9487078538749 9.71943220839872 0.216018606644034 0.0804189563981995
18.3 9.36224762886837 122.487184449831 77.912350718453 9.74928421833982 0.214804418700084 0.0801456255287576
18.4 9.43195476101038 122.435132102069 77.8762494731885 9.7783760978646 0.213584641688454 0.079815533816336
18.5 9.50170195337314 122.382428780755 77.8404065646932 9.80670129293097 0.212359563854858 0.0794270599075523
18.6 9.57148872310016 122.329090544847 77.8048243228171 9.83425360467076 0.211129335394313 0.0789786005053332
18.7 9.64131454919967 122.275133490871 77.7695049616878 9.86102719326319 0.209893968058154 0.0784685678285031
18.8 9.71117887754975 122.220573739809 77.73445058075 9.88701658180836 0.208653335222923 0.077895386053936
18.9 9.78108112599778 122.165427423988 77.6996631658061 9.91221666020073 0.207407172408087 0.077257486636198
19 9.85102068952712 122.109710673967 77.6651445900553 9.93662268900264 0.206155078229728 0.0765533024148136
19.1 9.92099694548296 122.053439605427 77.6308966151029 9.960230303339 0.204896405933511 0.0757951675970834
19.2 9.99100925933153 121.996630306128 77.5969208911568 9.98303551734487 0.203629924704722 0.0749964134617761
19.3 10.0610569916528 121.939298823017 77.5632189551653 10.0050347300162 0.202354133854701 0.0741569882766714
19.4 10.1311395054132 121.881461149414 77.5297922281429 10.0262247316134 0.201067375896831 0.0732768625168902
19.5 10.2012561729598 121.823133212182 77.4966420124649 10.046602710086 0.199767843005538 0.0723560174399267
19.6 10.2714063826917 121.764330858914 77.4637694891622 10.0661662574978 0.198453583757901 0.071394432546809
19.7 10.3415895453892 121.70506984511 77.4311757152157 10.0849133764514 0.197122510135435 0.0703920718967774
19.8 10.4118051001807 121.645365821356 77.3988616208513 10.1028424865128 0.195772404760851 0.0693488692070068
19.9 10.4820525201311 121.585234320503 77.3668280068344 10.1199524306369 0.194400928346948 0.0682647116711535
20 10.5523313174376 121.524690744851 77.3350755417647 10.1362424815916 0.193005627332544 0.0671394223954019
20.1 10.6226410481427 121.463750353375 77.3036047593857 10.1517123482683 0.191584280408304 0.0660215425161355
20.2 10.6929813144871 121.402428250284 77.2724160562829 10.1663621790064 0.190135978183034 0.0649592912772211
20.3 10.7633517621195 121.340739376948 77.2415096905681 10.1801925573417 0.188660205941723 0.0639520131855815
20.4 10.8337520755344 121.278698505153 77.2108857809523 10.1932044947693 0.187156513638975 0.0629991410525143
20.5 10.9041819737143 121.2163202304 77.1805443058338 10.205399423391 0.18562451019175 0.0621002004686746
20.6 10.9746412060636 121.153618965214 77.1504851023854 10.2167791885643 0.184063857940753 0.0612548144630779
20.7 11.0451295486412 121.090608932447 77.1207078656426 10.2273460415498 0.182474267285092 0.0604627084193455
20.8 11.1156468006992 121.027304158582 77.0912121475916 10.2371026321597 0.180855491495796 0.059723715345616
20.9 11.1861927815343 120.963718467036 77.0619973562568 10.2460520014055 0.179207321713255 0.0590377815744563
21 11.2567673276575 120.899865471468 77.0330627547884 10.2541975741467 0.177529582136356 0.0584049730035051
21.1 11.327370290265 120.8357585691 77.0044074605553 10.2615431517438 0.175822086132757 0.0578271775096309
21.2 11.3980015324675 120.771410934642 76.976030444348 10.2680929048573 0.174084527233041 0.0573066966822888
21.3 11.4686609253828 120.706835515701 76.9479305298655 10.2738513666135 0.17231661554343 0.056844419757992
21.4 11.5393483439425 120.64204502879 76.9201063933138 10.278823425916 0.17051811549479 0.0564413920130812
21.5 11.6100636629575 120.57705195536 76.8925565630086 10.2830143207619 0.168688841074768 0.0560988291301506
21.6 11.6808067534766 120.511868537822 76.8652794189775 10.2864296315586 0.166828651175658 0.0558181330225335
21.7 11.7515774794463 120.446506775584 76.8382731925629 10.2890752744405 0.164937445068095 0.0556009093537619
21.8 11.8223756946812 120.380978421074 76.8115359660244 10.2909574945856 0.163015158011125 0.055448987020333
21.9 11.8932012401529 120.315294975771 76.7850656721415 10.2920828595319 0.16106175701009 0.0553644398993304
22 11.9640539416035 120.249467686236 76.7588600938163 10.2924582524943 0.159077236733393 0.055349611219982
22.1 12.0349336074833 120.183507540137 76.7329168637005 10.2920908656632 0.157061713184764 0.0553917271020375
22.2 12.1058400269692 120.117425262325 76.7072334644605 10.2909881930397 0.155015715741333 0.0554767708309422
22.3000000000001 12.1767729677268 120.051231310987 76.6818072306623 10.2891580220942 0.15293989516756 0.0556055389289957
22.4000000000001 12.2477321739033 119.984935873854 76.6566353512947 10.2866084249607 0.150834921453914 0.0557789686026236
22.5000000000001 12.3187173646218 119.918548864393 76.6317148723163 10.2833477496141 0.148701478689546 0.0559981489965891
22.6000000000001 12.3897282329857 119.852079918017 76.607042699203 10.279384611047 0.146540260259458 0.0562643339503456
22.7000000000001 12.4607644455908 119.785538388279 76.5826155994957 10.2747278824464 0.144351964375898 0.0565789564850242
22.8000000000001 12.5318256425421 119.718933343075 76.5584302053476 10.2693866863709 0.142137289953866 0.0569436452793329
22.9000000000001 12.6029114379718 119.652273560848 76.5344830160716 10.2633703859274 0.139896932840041 0.0573602434223851
23.0000000000001 12.6740214210522 119.585567526782 76.5107704006876 10.2566885759484 0.137631582405015 0.0578308298181917
23.1000000000001 12.7451551574267 119.518823429076 76.4872886005177 10.2493510741408 0.135342072495506 0.0583449905525163
23.2000000000001 12.8163121892029 119.45204915691 76.4640337330162 10.2413679115256 0.133029872428193 0.0588903339643361
23.3000000000001 12.8874920306214 119.385252302746 76.4410017987344 10.232749321072 0.130696674938729 0.0594660624216935
23.4000000000001 12.9586941624773 119.318440166333 76.4181886895215 10.2235057256217 0.128344241413578 0.0600712233304724
23.5000000000001 13.0299180271664 119.251619758778 76.3955901967717 10.2136477257851 0.125974393377702 0.0607046807917724
23.6000000000001 13.1011630244208 119.184797806611 76.3732020196725 10.2031860878384 0.123589004542133 0.0613650830470129
23.7000000000001 13.1724285077196 119.11798075586 76.3510197734521 10.1921317316195 0.121189993406996 0.0620508251329462
23.8000000000001 13.2437137813598 119.05117477612 76.3290389976274 10.1804957184256 0.118779316414302 0.0627600061054167
23.9000000000001 13.3150180981707 118.98438576462 76.3072551642518 10.1682892389088 0.116358961640713 0.0634903800645846
24.0000000000001 13.3863406578534 118.917619350295 76.2856636861626 10.1555236009732 0.113930943018131 0.0642393001597738
24.1000000000001 13.457680605946 118.850880897827 76.2642599252332 10.1422102177037 0.111497173462719 0.0649689043292681
24.2000000000001 13.5290370339396 118.784175510866 76.2430392007259 10.1283605961282 0.109059083363043 0.065637928529103
24.3000000000001 13.600408981344 118.717508033201 76.2219967979026 10.1139863280975 0.106617961034552 0.0662374634276337
24.4000000000001 13.6717954387323 118.650883049109 76.2011279767376 10.0990990819985 0.104175069140979 0.0667573889417523
24.5000000000001 13.7431953511815 118.584304883683 76.1804279806332 10.0837105944998 0.101731642888632 0.0671862118016681
24.6000000000001 13.8146076220667 118.517777603149 76.1598920451365 10.0678326622973 0.0992888885119995 0.0675108787197815
24.7000000000001 13.886031117192 118.451305015192 76.1395154066552 10.0514771338595 0.0968479820444669 0.0677165609702647
24.8000000000001 13.9574646692381 118.384890669278 76.1192933111736 10.0346559011734 0.0944100683697498 0.0677864053901294
24.9000000000001 14.0289070825084 118.318537856975 76.0992210229696 10.0173808914895 0.0919762605546834 0.0677012457912726
25.0000000000001 14.1003571379547 118.252249612276 76.07929383333 9.99966405906805 0.0895476394678696 0.0674392675308378
25.1000000000001 14.1718135984321 118.186028711951 76.0595070692932 9.98151737691784 0.0871253247507939 0.0669521354687805
25.2000000000001 14.2432752133476 118.119877676658 76.0398561030642 9.96295282838273 0.0847106982497557 0.0661835146321619
25.3000000000001 14.3147407214054 118.05379877398 76.020336363139 9.94398239833719 0.0823052082504072 0.0650935478224691
25.4000000000001 14.3862088527654 117.987794022221 76.000943346102 9.92461806422845 0.0799103004779834 0.0636366684389422
25.5000000000001 14.4576783314194 117.92186519423 75.9816726284494 9.90487178711271 0.0775274182768929 0.061760741618666
25.6000000000001 14.5291478777949 117.856013821228 75.9625198784122 9.88475550269128 0.0751580036232897 0.0594060642379779
25.7000000000001 14.6006162115646 117.790241196634 75.9434808677801 9.86428111234684 0.0728034991114205 0.0565041991280606
25.8000000000001 14.6720820546398 117.724548379888 75.9245514837245 9.84346047417958 0.0704653510939488 0.0529766146038235
25.9000000000001 14.7435441343264 117.658936200278 75.9057277406219 9.82230539404343 0.0681450142051652 0.0487330958100976
26.0000000000001 14.8150011866233 117.593405260765 75.8870057918773 9.80082761658223 0.0658439575567232 0.0436698893559012
26.1000000000001 14.8864519596196 117.527955941834 75.8683819416821 9.77903881631305 0.0635634544655204 0.0378234045695977
26.2000000000001 14.9578952164235 117.462588406038 75.8498526550752 9.7569505899349 0.0613039500844532 0.0312449267669105
26.3000000000001 15.0293297366769 117.397302604289 75.8314145636958 9.73457445174789 0.0590657495257548 0.0238302748842322
26.4000000000001 15.1007543174457 117.332098282846 75.8130644698385 9.71192183029782 0.05684924982818 0.0154579033904818
26.5000000000001 15.1721677740136 117.266974990321 75.7947993504441 9.68900406506786 0.0546549524485032 0.00598557474759949
26.6000000000001 15.2435689405982 117.201932084692 75.7766163610895 9.66583240317028 0.0524834787414342 -0.00475366933074082
26.7000000000001 15.314956670992 117.136968740313 75.7585128399781 9.64241799603807 0.0503355891756485 -0.0169563856979143
26.8000000000001 15.3863298391262 117.072083954928 75.7404863119303 9.6187718961167 0.0482122072376574 -0.0308546276617856
26.9000000000001 15.4576873395573 117.007276556673 75.7225344923733 9.59490505355577 0.0461144492364805 -0.0467230527459741
27.0000000000001 15.5290280878762 116.942545211096 75.7046552913317 9.5708283129007 0.0440436615585434 -0.0648874358888214
27.1000000000001 15.6003510210635 116.877888428133 75.6868468174248 9.54655240977774 0.042001461620259 -0.0857923734173373
27.2000000000001 15.6716550984459 116.81330456836 75.669107382047 9.522087967404 0.0399897711243884 -0.109971377049618
27.3000000000001 15.7429393042942 116.748791847379 75.6514355040133 9.49744549265353 0.0380108940959466 -0.137998831764973
27.4000000000001 15.8142026510218 116.684348339472 75.6338299143883 9.47263537194855 0.0360676168783469 -0.170556601763122
27.5000000000001 15.8854441823285 116.619971981226 75.6162895613215 9.44766786714392 0.0341633297425983 -0.208449935475939
27.6000000000001 15.956662976265 116.555660575158 75.5988136148836 9.4225531114116 0.03230218006632 -0.252620771557824
27.7000000000001 16.0278581482178 116.491411793343 75.5814014719016 9.39730110512511 0.0304892644880011 -0.304153162724618
27.8000000000001 16.0990288538151 116.427223181037 75.5640527607953 9.37192171174402 0.0287308678483817 -0.364261133436416
27.9000000000001 16.1701742917561 116.363092160303 75.5467673464126 9.34642465369841 0.0270347555961102 -0.4342421587105
28.0000000000001 16.2412937065644 116.299016033636 75.529545334865 9.32081950827335 0.0254105218202487 -0.515368737467753
28.1000000000001 16.3123863912491 116.234991987621 75.5123870782619 9.2951157035366 0.0238696924145777 -0.608119485526782
28.2000000000001 16.383451689383 116.171017097419 75.4952931767825 9.26932251539092 0.0224251656088753 -0.712340170404726
28.3000000000001 16.4544889957844 116.10708833335 75.4782644739947 9.24344906748089 0.0210922400464289 -0.827372883297999
28.4000000000001 16.5254977565603 116.043202568307 75.4613020495126 9.21750433222437 0.0198889892483035 -0.950857670958237
28.5000000000001 16.5964774689986 115.979356585202 75.4444072115526 9.19149713188713 0.0188360132775807 -1.07795069112597
28.6000000000001 16.6674276813365 115.915547084406 75.4275814894881 9.16543613965754 0.0179556050139779 -1.20072652063726
28.7000000000001 16.7383479924111 115.8517706912 75.4108266264058 9.13932988072125 0.0172701117949738 -1.30829703499639
28.8000000000001 16.8092380511956 115.788023963215 75.3941445716602 9.11318673333584 0.0167994461912623 -1.38825511779136
28.9000000000001 16.8800975562251 115.72430339788 75.3775374734301 9.08701492990546 0.0165580757021286 -1.42959682172848
29.0000000000001 16.9509262549139 115.660605439864 75.3610076712732 9.06082255805557 0.0165522767326889 -1.42621617896202
29.1000000000001 17.0217239427825 115.596926488503 75.3445576886495 9.03461756172258 0.0167784949696017 -1.37932225403408
29.2000000000001 17.0924904630348 115.533262904782 75.3281902245903 9.00840774263482 0.0172233595125805 -1.29699928046888
29.3000000000002 17.1632257071797 115.469611017165 75.3119081432021 8.98220076278654 0.0178663588722522 -1.19105712775594
29.4000000000002 17.2339296159841 115.405967126988 75.2957144623175 8.95600414730307 0.0186830211647334 -1.07362458079766
29.5000000000002 17.304602180312 115.342327513824 75.2796123421126 8.92982528732119 0.0196478025022155 -0.95467947743637
29.6000000000002 17.3752434418338 115.278688440854 75.2636050737252 8.90367144286924 0.0207362284432226 -0.841095535111315
29.7000000000002 17.4458534935986 115.215046160234 75.2476960678726 8.8775497457475 0.021926141616083 -0.736826215543552
29.8000000000002 17.5164324804694 115.151396918468 75.231888843469 8.85146720240841 0.0231982094470237 -0.643604371672752
29.9000000000002 17.5869805994145 115.087736961776 75.2161870162439 8.82543069683679 0.0245359434346747 -0.561705521864909
30.0000000000002 17.6574980996491 115.02406254146 75.2005942873595 8.79944699343018 0.0259254543706095 -0.49056603756902
30.1000000000002 17.7279852826296 114.960369919279 75.1851144320065 8.77352273987247 0.0273550076389444 -0.42924785359508
30.2000000000002 17.7984425020504 114.896655372844 75.1697512874112 8.74766446983737 0.0288143838859179 -0.376677260295895
30.3000000000002 17.8688701640862 114.83291520108 75.1545087393533 8.72187860525958 0.0302948218682357 -0.331744569717964
30.4000000000002 17.9392687275985 114.769145729719 75.1393907080954 8.69617145843573 0.0317888149180931 -0.293413902822322
30.5000000000002 18.0096387041326 114.70534331679 75.1244011342907 8.67054923411868 0.0332898634513885 -0.260759012702936
30.6000000000002 18.0799806576843 114.641504358109 75.1095439648895 8.64501803161193 0.0347922735161002 -0.232972746223969
30.7000000000002 18.1502952042258 114.577625292774 75.094823139047 8.61958384686394 0.036290995341477 -0.209362796342135
30.8000000000002 18.2205830109771 114.513702608653 75.0802425740306 8.5942525745625 0.0377814952173868 -0.18934114215043
30.9000000000002 18.2908447954109 114.449732847875 75.0658061511267 8.56903001022909 0.0392596544934096 -0.172411289441091
31.0000000000002 18.3610813239792 114.385712612324 75.0515177015483 8.54392185231323 0.0407216903523366 -0.158155465633011
31.1000000000002 18.4312934105606 114.321638569104 75.037380992366 8.51893370430104 0.0421642274397161 -0.146215887433469
31.2000000000002 18.5014819149142 114.257507455394 75.0233997130592 8.49407107719278 0.0435846522752331 -0.136285512393823
31.3000000000002 18.571647741621 114.193316081742 75.0095774636419 8.46933939291712 0.0449806779059591 -0.128110859479895
31.4000000000002 18.6417918390678 114.129061334739 74.9959177434084 8.44474398811437 0.046350180146373 -0.121480206895825
31.5000000000002 18.7119151981802 114.064740179682 74.9824239397027 8.42029011793399 0.0476911740770634 -0.116216465714334
31.6000000000002 18.7820188508925 114.00034966322 74.9690993166887 8.39598295983201 0.0490017964763008 -0.112171363842819
31.7000000000002 18.8521038683512 113.935886916019 74.9559470041193 8.37182761736848 0.0502802930298532 -0.109220702576559
31.8000000000002 18.9221713588498 113.871349155409 74.9429699861064 8.34782912400495 0.051525009429962 -0.107260485964437
31.9000000000002 18.9922224654971 113.806733688044 74.9301710898903 8.32399244690189 0.0527343856787991 -0.106203758321121
32.0000000000002 19.0622583636154 113.742037912554 74.9175529746096 8.30032249071618 0.0539069530670792 -0.105978015528053
32.1000000000002 19.1322802578826 113.677259322192 74.9051181201184 8.27682410138352 0.0550414436906229 -0.106387983557647
32.2000000000002 19.2022893794376 113.612395507131 74.8928688170413 8.2535020695099 0.056137112201287 -0.107258928587196
32.3000000000002 19.2722869833267 113.547444155907 74.8808071599717 8.2303611327708 0.0571933888529551 -0.108563000579771
32.4000000000002 19.3422743459764 113.482403056523 74.8689350419075 8.20740597791938 0.0582097683723069 -0.110277431512131
32.5000000000002 19.4122527624922 113.417270097533 74.8572541487346 8.1846412427797 0.0591858122413985 -0.112383815863257
32.6000000000002 19.482223543778 113.352043269134 74.8457659537108 8.16207151823991 0.0601211515839646 -0.114867516644433
32.7000000000002 19.552188013488 113.286720664251 74.8344717119487 8.13970135024546 0.0610154906016347 -0.117717171741851
32.8000000000002 19.6221475048181 113.221300479627 74.8233724548999 8.11753524179225 0.0618686105210277 -0.1209242803598
32.9000000000002 19.6921033571465 113.155781016913 74.8124689848381 8.09557765491989 0.062680374023966 -0.12448285322192
33.0000000000002 19.7620569125342 113.090160683753 74.8017618693429 8.07383301270486 0.0634507301431251 -0.128389113116546
33.1000000000002 19.8320095120988 113.024437994867 74.7912514358184 8.05230570124817 0.0641798027397312 -0.132559373729475
33.2000000000002 19.9019624923357 112.958611572968 74.7809377669316 8.03100007151894 0.0648681361578084 -0.136913453084785
33.3000000000002 19.9719171815156 112.892680149259 74.770820698383 8.00992044083231 0.0655164339679153 -0.141454510994546
33.4000000000002 20.0418748961013 112.826642563758 74.760899817597 7.98907109418327 0.06612547691115 -0.14618588558967
33.5000000000002 20.1118369371417 112.760497765627 74.7511744624473 7.96845628557495 0.0666961263227393 -0.151111012950188
33.6000000000002 20.1818045866553 112.694244813492 74.7416437199822 7.94808023934686 0.0672293276750357 -0.15623334284234
33.7000000000002 20.2517791040127 112.627882875767 74.7323064251505 7.92794715150325 0.0677261142361239 -0.161556248702706
33.8000000000002 20.3217617223363 112.561411230981 74.7231611595265 7.90806119104133 0.0681876108395023 -0.167082930081695
33.9000000000002 20.3917536449255 112.494829268095 74.7142062500359 7.88842650127962 0.0686150377593471 -0.172816305844867
34.0000000000002 20.4617560417247 112.428136486832 74.7054397676809 7.86904720118616 0.0690097146831619 -0.178758896490998
34.1000000000002 20.5317700458579 112.361332497971 74.6968595263522 7.84992738670445 0.0693732796742495 -0.18473203768434
34.2000000000002 20.6017967505842 112.294417023021 74.6884630838849 7.83107113201619 0.0697083045894524 -0.190552290963003
34.3000000000002 20.6718372072736 112.227389892284 74.6802477488106 7.81248249064394 0.0700175911189102 -0.196212912833692
34.4000000000002 20.7418924239551 112.160251042299 74.6722105893545 7.79416549649069 0.0703039411209064 -0.201705008759759
34.5000000000002 20.8119633641263 112.093000513251 74.6643484425176 7.77612416487706 0.0705701493527175 -0.207017719893615
34.6000000000002 20.8820509458167 112.025638446389 74.6566579231597 7.7583624935784 0.0708189958741773 -0.212138410801002
34.7000000000002 20.9521560409063 111.958165081438 74.6491354330822 7.74088446386198 0.0710532381314825 -0.2170528630978
34.8000000000002 21.0222794747037 111.890580754014 74.6417771701112 7.72369404152412 0.0712756027379653 -0.221745478860502
34.9000000000002 21.0924220257825 111.822885893035 74.6345791371799 7.70679517792738 0.0714887769775895 -0.226199496753682
35.0000000000002 21.1625844260767 111.755081018141 74.6275371514113 7.69019181103767 0.0716954000676499 -0.230397222765159
35.1000000000002 21.2327673612222 111.687166737115 74.620646853195 7.67388786645799 0.0718980151380018 -0.234330992183571
35.2000000000002 21.3029714708659 111.619143743648 74.6139037150883 7.65788725837327 0.0720989476257114 -0.237994479389687
35.3000000000002 21.3731973484892 111.551012815946 74.6073030502765 7.64219389026935 0.0723004223176868 -0.241371343010509
35.4000000000002 21.4434455411687 111.482774815675 74.6008400208583 7.62681165556305 0.0725045958151294 -0.244445297498211
35.5000000000002 21.5137165495423 111.41443068692 74.5945096461245 7.6117444382289 0.0727135488567914 -0.247200359001559
35.6000000000002 21.5840108279863 111.345981455135 74.588306810837 7.59699611342574 0.0729292787768072 -0.24962109438595
35.7000000000002 21.6543287849992 111.277428226109 74.5822262735076 7.58257054812341 0.0731536921771315 -0.251692869490165
35.8000000000002 21.7246707837843 111.208772184913 74.5762626746772 7.56847160172942 0.073388597896676 -0.253402092186562
35.9000000000002 21.7950371430261 111.140014594865 74.5704105451939 7.55470312671558 0.0736357003624209 -0.254736445348756
36.0000000000002 21.8654281378519 111.07115679648 74.5646643144928 7.54126896924472 0.073896593406218 -0.255685104701279
36.1000000000002 21.9358440009701 111.002200206432 74.5590183189172 7.52817296979987 0.0741728105728413 -0.256144141357765
36.2000000000002 22.00628492391 110.933146316466 74.553466811169 7.51541896388018 0.0744659644181545 -0.25601110472094
36.3000000000002 22.0767510582685 110.863996692242 74.5480039726179 7.50301078286602 0.0747775328378618 -0.255280995912898
36.4000000000002 22.1472425170746 110.794752972126 74.54262392674 7.4909522549508 0.0751087933721415 -0.253952100853411
36.5000000000002 22.2177593763285 110.725416865992 74.5373207525976 7.47924720607534 0.0754608209407984 -0.252026086742614
36.6000000000003 22.2883016767014 110.655990154017 74.5320884983209 7.46789946086216 0.0758344873076184 -0.249508020299723
36.7000000000003 22.3588694253799 110.586474685481 74.5269211945881 7.45691284354992 0.0762304622962676 -0.24640630838959
36.8000000000003 22.4294625980385 110.516872377566 74.5218128681066 7.44629117892772 0.0766492167490608 -0.242732564233498
36.9000000000003 22.5000811409239 110.447185214147 74.5167575550938 7.43603829326948 0.0770910271872941 -0.238501404993438
37.0000000000003 22.5707249730343 110.3774152446 74.5117493147577 7.4261580152683 0.0775559821029125 -0.233730188688077
37.1000000000003 22.6413939883791 110.307564582593 74.5067822427372 7.41665417696747 0.0780439608611857 -0.228525870144302
37.2000000000003 22.7120880583485 110.237635404925 74.501850483483 7.40753061460513 0.0785545762970661 -0.222995164981846
37.3000000000003 22.782807034245 110.167629950459 74.4969482399503 7.3987911692396 0.0790873055664984 -0.217157495541669
37.4000000000003 22.8535507498757 110.097550519092 74.4920697822323 7.39043968728825 0.0796415319006774 -0.211032809758492
37.5000000000003 22.924319024148 110.027399470722 74.4872094561534 7.38248002106313 0.0802165525958715 -0.204641326450063
37.6000000000003 22.9951116636572 109.95717922422 74.4823616918613 7.3749160293066 0.0808115872657085 -0.198003293705735
37.7000000000003 23.0659284652563 109.886892256404 74.4775210124208 7.36775157772684 0.0814257862716522 -0.191138764476383
37.8000000000003 23.1367692186007 109.816541101003 74.4726820424058 7.36099053953352 0.0820582392543135 -0.184067392569646
37.9000000000003 23.207633708659 109.746128347636 74.4678395164927 7.35463679597337 0.0827079836953136 -0.176808251391017
38.0000000000003 23.2785217181821 109.675656640774 74.4629882880533 7.34869423686578 0.0833740134475664 -0.169379676950295
38.1000000000003 23.3494330301028 109.605128678738 74.4581233377593 7.34316676113713 0.0840552698831648 -0.161778155237998
38.2000000000003 23.4203674293235 109.534547213225 74.4532397825027 7.33805827732216 0.0847506013952073 -0.154000661450225
38.3000000000003 23.4913247030279 109.46391505021 74.448332885116 7.33337270398178 0.0854588297076857 -0.146064722639528
38.4000000000003 23.5623046403586 109.393235051387 74.4433980644075 7.32911397008785 0.0861787777589915 -0.137986599157943
38.5000000000003 23.6333070319909 109.322510135622 74.4384309052084 7.32528601540675 0.0869092794145086 -0.129781236434806
38.6000000000003 23.7043316696163 109.251743280419 74.4334271684208 7.32189279088298 0.0876491889634068 -0.121462241258568
38.7000000000003 23.7753783453369 109.180937523376 74.4283828010645 7.31893825902265 0.0883973903918439 -0.113041880386043
38.8000000000003 23.8464468509635 109.110095963647 74.4232939463245 7.3164263942771 0.0891528064322035 -0.104531099157645
38.9000000000003 23.9175369772196 109.039221763397 74.418156953599 7.31436118342642 0.0899144073946278 -0.0959395578455298
39.0000000000003 23.9886485128491 108.968318149269 74.4129683885461 7.31274662596302 0.0906812197915799 -0.0872756834528269
39.1000000000003 24.0597812436303 108.897388413837 74.4077250430742 7.31158673446258 0.0914523131505259 -0.0786525186133074
39.2000000000003 24.1309349513654 108.826435917122 74.4024239438449 7.31088553462656 0.0922267523244591 -0.0701770690698638
39.3000000000003 24.2021094129426 108.755464088208 74.3970623569998 7.31064706449116 0.0930036822578333 -0.0618471788813426
39.4000000000003 24.2733043993632 108.684476426924 74.391637791399 7.31087537330795 0.0937823518323956 -0.0536599632630091
39.5000000000003 24.344519674672 108.61347650551 74.3861480018042 7.31157452041172 0.094562113408609 -0.0456119533109471
39.6000000000003 24.4157549947954 108.542467970293 74.3805909920597 7.31274857408851 0.0953424223633127 -0.0376992272241665
39.7000000000003 24.487010106296 108.47145454336 74.3749650182749 7.3144016104435 0.0961228366455698 -0.0299175288875678
39.8000000000003 24.5582847450532 108.400440024233 74.3692685920066 7.31653771226898 0.0969030163681527 -0.0222623747534074
39.9000000000003 24.6295786348773 108.329428291543 74.3635004834401 7.31916096791227 0.0976827234463765 -0.0147291500477057
40.0000000000003 24.7008914860678 108.2584233047 74.3576597245722 7.32227547014369 0.0984618212925985 -0.00731319529408215
40.1000000000003 24.7722229939311 108.187429105567 74.3517456123412 7.32588531501539 0.0992402684371737 -9.60500999230284e-005
40.2000000000003 24.8435728374215 108.11644982007 74.3457577104191 7.32999460048377 0.100018097311909 0.00684454291274892
40.3000000000003 24.9149406781569 108.045489659658 74.3396958476074 7.33460742443166 0.100795425113294 0.0135186113166355
40.4000000000003 24.9863261595714 107.974552922698 74.3335601148938 7.33972788245412 0.101572453462761 0.0199357380665556
40.5000000000003 25.0577289060632 107.903643995874 74.3273508624582 7.34536006563508 0.102349462634497 0.0261050380227337
40.6000000000003 25.1291485221396 107.832767355579 74.3210686966777 7.35150805832401 0.103126806123317 0.0320351446267488
40.7000000000003 25.2005845915701 107.761927569314 74.3147144771329 7.3581759359126 0.103904905527427 0.0377342049402722
40.8000000000003 25.2720366765548 107.691129297081 74.3082893136134 7.3653677626114 0.104684245721634 0.0432098815432682
40.9000000000003 25.3435043169197 107.620377292781 74.301794563123 7.37308758922652 0.105465370297725 0.0484693600353801
41.0000000000003 25.414987029344 107.549676405609 74.2952318268859 7.3813394509363 0.106248877249677 0.0535193610390783
41.1000000000003 25.4864843066147 107.479031581462 74.2886029473489 7.39012736505107 0.107035357739518 0.0583569144599418
41.2000000000003 25.5579956165016 107.408447864736 74.2819100051112 7.39945532833445 0.10782522662748 0.062979526543203
41.3000000000003 25.6295203995828 107.337930401084 74.2751553156655 7.40932731321138 0.10861890068828 0.0673940444411691
41.4000000000003 25.7010580666521 107.267484440565 74.2683414260661 7.41974726353763 0.109416854278431 0.0716069875285574
41.5000000000003 25.7726079961147 107.197115340802 74.2614711115946 7.43071909035247 0.110219616684175 0.0756245539933193
41.6000000000003 25.8441695313969 107.126828570141 74.2545473724246 7.44224666763126 0.111027769714983 0.0794526298565879
41.7000000000003 25.9157419783764 107.056629710812 74.2475734302869 7.45433382803816 0.111841945527538 0.0830967998560501
41.8000000000003 25.9873246028369 106.986524462091 74.2405527251351 7.46698435867869 0.112662824665907 0.086562359759343
41.9000000000003 26.0589166279569 106.916518643453 74.2334889118101 7.48020199685245 0.11349113430529 0.0898543297270387
42.0000000000003 26.1305172318365 106.846618197738 74.226385856706 7.49399042580573 0.114327646686394 0.0929774684111103
42.1000000000003 26.2021255451025 106.776829194282 74.2192476343673 7.50835327048353 0.115173167050643 0.0958444997364632
42.2000000000003 26.2737406494415 106.707157831322 74.2120785223262 7.52329409326562 0.116028471393857 0.0983718186458272
42.3000000000003 26.3453615784065 106.637610436575 74.2048829914735 7.53881638966205 0.1168942849149 0.100569365611704
42.4000000000003 26.4169873191436 106.568193467081 74.1976656946687 7.55492358399269 0.117771281066533 0.102446927330415
42.5000000000003 26.4886168141842 106.498913509029 74.1904314552828 7.57161902506612 0.118660077679712 0.104014167380646
42.6000000000003 26.5602489632657 106.429777277579 74.1831852557411 7.58890598185856 0.119561233784697 0.105280649879424
42.7000000000003 26.6318826251704 106.360791616682 74.1759322260661 7.60678763919279 0.120475247101296 0.106255856365455
42.8000000000003 26.7035166195754 106.291963498903 74.1686776324198 7.62526709341707 0.12140255217237 0.106949196234743
42.9000000000003 26.7751497289043 106.223300025242 74.1614268656472 7.64434734808402 0.122343519113002 0.107370011160122
43.0000000000003 26.8467807001708 106.154808424957 74.1541854298183 7.66403130962959 0.123298452949513 0.107527573993353
43.1000000000003 26.918408246811 106.086496055378 74.1469589307828 7.68432178305505 0.124267597564253 0.107447271873227
43.2000000000003 26.9900310506756 106.018370401515 74.1397530650263 7.70522146769044 0.125251147742325 0.10715368979735
43.3000000000003 27.0616477644591 105.950439075154 74.1325736092908 7.72673295316445 0.126249236889462 0.106654783125182
43.4000000000003 27.133257014272 105.882709813743 74.1254264104978 7.74885871545568 0.127261933848451 0.105958416115399
43.5000000000003 27.2048574021651 105.815190479277 74.1183173756828 7.77160111294707 0.128289244239052 0.105072345566478
43.6000000000004 27.2764475085886 105.747889057173 74.1112524619292 7.79496238248023 0.129331112144247 0.10400420291651
43.7000000000004 27.348025894773 105.680813655158 74.1042376663027 7.81894463540992 0.130387422122413 0.1027614752989
43.8000000000004 27.419591105024 105.613972502144 74.0972790157858 7.84354985365838 0.13145800152599 0.101351486015546
43.9000000000004 27.4911416689161 105.547373947114 74.0903825572119 7.86877988576973 0.132542623107827 0.0997813748481135
44.0000000000004 27.5626761033776 105.481026458 74.0835543471998 7.8946364429644 0.133641007897874 0.0980580785959367
44.1000000000004 27.6341929146674 105.414938620545 74.0768004420744 7.92112109518333 0.134752756617334 0.0961763089751913
44.2000000000004 27.7056906006098 105.34911913667 74.0701268874429 7.94823526686837 0.135877127954281 0.094131805054335
44.3000000000004 27.7771676536372 105.283576821577 74.0635397068952 7.97598023207275 0.137013240278854 0.0919326067324993
44.4000000000004 27.8486225639762 105.218320600356 74.0570448903587 8.00435710930773 0.138160145518793 0.0895863662614485
44.5000000000004 27.9200538225703 105.15335950457 74.0506483824403 8.03336685637899 0.139316834129628 0.0871003231289741
44.6000000000004 27.9914599237073 105.088702668849 74.0443560707683 8.0630102652232 0.140482240336005 0.0844812817922947
44.7000000000004 28.0628393673361 105.024359327471 74.0381737743343 8.09328795674441 0.141655247630642 0.0817355923174129
44.8000000000004 28.1341906610567 104.960338810954 74.032107231835 8.12420037565053 0.142834694520001 0.0788691339077211
44.9000000000004 28.2055123217682 104.896650542643 74.0261620900141 8.15574778528982 0.144019380509956 0.0758873012504018
45.0000000000004 28.2768028769599 104.833304035298 74.0203438920043 8.18793026248733 0.145208072326154 0.0727949935622393
45.1000000000004 28.3480608656792 104.770308887643 74.0146580657236 8.22074769242727 0.146399636351213 0.0696564285124473
45.2000000000004 28.4192848403712 104.707674780013 74.0091099136864 8.25419976472894 0.147593405276271 0.0665322622561378
45.3000000000004 28.4904733715759 104.645411467666 74.0037046064074 8.28828597255242 0.148788772694016 0.0634216310831862
45.4000000000004 28.561625053656 104.583528773191 73.9984471772199 8.32300561289774 0.149985063626349 0.0603236078934486
45.5000000000004 28.6327385103675 104.522036578883 73.9933425171492 8.35835778695007 0.151181535385747 0.0572371963084699
45.6000000000004 28.7038124002139 104.46094481911 73.9883953697855 8.39434140042482 0.15237737860998 0.0541613252469554
45.7000000000004 28.7748454215716 104.400263472685 73.9836103261568 8.43095516391275 0.153571718471264 0.0510948438925222
45.8000000000004 28.8458363175753 104.340002555238 73.9789918196022 8.46819759322514 0.154763616063007 0.0480365170249089
45.9000000000004 28.9167838807518 104.280172111587 73.9745441206447 8.50606700973887 0.155952069967468 0.0449850206525757
46.0000000000004 28.9876869573887 104.220782208106 73.9702713318645 8.54456154074161 0.157136018008605 0.0419389378988414
46.1000000000004 29.0585444516281 104.161842925091 73.9661773827854 8.58367911976373 0.158314289729148 0.0389144633718103
46.2000000000004 29.129355329253 104.103364348887 73.9622660251093 8.62341748656879 0.159485461715416 0.0359273695492332
46.3000000000004 29.2001186211028 104.04535656342 73.9585408288353 8.66377418627687 0.160648011092825 0.032975456893041
46.4000000000004 29.2708334260869 103.987829641495 73.9550051787269 8.70474656814632 0.161800367894809 0.0300564241172447
46.5000000000004 29.3414989137907 103.930793636087 73.9516622707921 8.74633178434248 0.162940917803787 0.0271678695783033
46.6000000000004 29.4121143266623 103.874258571632 73.9485151087643 8.78852678870621 0.16406800513824 0.0243072920571158
46.7000000000004 29.4826789817684 103.818234435314 73.945566500583 8.83132833552266 0.165179936092999 0.0214720908995698
46.8000000000004 29.5531922721083 103.762731168357 73.9428190548737 8.87473297828981 0.166274982235657 0.0186595654663845
46.9000000000004 29.6236536674745 103.707758657314 73.940275177429 8.91873706848718 0.167351384265297 0.0158669138666176
47.0000000000004 29.6940627148505 103.653326725356 73.9379370676889 8.96333675434445 0.168407356034711 0.0130912309284086
47.1000000000004 29.7644190383836 103.599445123525 73.9358067152682 9.00852797964109 0.169441119964338 0.0103771202644161
47.2000000000004 29.8347223401186 103.546123520995 73.9338858977006 9.05430648331227 0.170450978291502 0.00776813984988228
47.3000000000004 29.9049724034212 103.49337149282 73.932176181272 9.10066780110123 0.171435176128938 0.0052598366239874
47.4000000000004 29.9751690972058 103.44119850669 73.9306789230705 9.14760726801787 0.172391865300449 0.00284788217367782
47.5000000000004 30.0453123797673 103.389613909652 73.9293952730837 9.19512002082842 0.173319106278684 0.000528062747759867
47.6000000000004 30.1154023021491 103.338626914829 73.928326176295 9.24320100054499 0.174214870620637 -0.00170373043990754
47.7000000000004 30.1854390110315 103.28824658814 73.9274723747809 9.29184495491524 0.175077043895497 -0.00385151066258082
47.8000000000004 30.2554227511206 103.238481835019 73.9268344098079 9.34104644091198 0.175903429096549 -0.00591920494637994
47.9000000000004 30.3253538670223 103.189341387132 73.9264126239293 9.39079982722278 0.176691750528197 -0.007910663221165
48.0000000000004 30.3952328045829 103.1408337891 73.926207163082 9.44109929673956 0.17743965815616 -0.00982966742405322
48.1000000000004 30.4650601116698 103.092967385276 73.9262179787319 9.49193884908791 0.178145057948634 -0.0116507029626202
48.2000000000004 30.5348364381469 103.045750308007 73.9264448312742 9.54331230418626 0.178807100118624 -0.0133480375697333
48.3000000000004 30.6045625348438 102.999190469686 73.9268872966194 9.59521330842 0.179425216261643 -0.014924808765502
48.4000000000004 30.6742392521969 102.953295556285 73.9275447740352 9.64763534184553 0.179998794923657 -0.0163838128291405
48.5000000000004 30.7438675388696 102.908073020953 73.928416494036 9.70057172543393 0.180527181046325 -0.0177275296965359
48.6000000000004 30.8134484403567 102.86353007761 73.9295015262727 9.7540156283147 0.181009675677858 -0.0189581450050657
48.7000000000004 30.8829830975639 102.819673694538 73.9307987874223 9.80796007501945 0.181445535951499 -0.0200775694649648
48.8000000000004 30.9524727453552 102.77651058798 73.9323070490778 9.86239795272558 0.181833975328943 -0.0210874557075649
48.9000000000004 31.02191871106 102.734047215729 73.9340249456381 9.91732201849999 0.18217416411026 -0.0219892127319705
49.0000000000004 31.0913224129301 102.692289770729 73.9359509821971 9.97272490654277 0.182465230208184 -0.0227840180574411
49.1000000000004 31.1606853585603 102.651244174611 73.9380835424198 10.0285991354213 0.182706049786133 -0.0234765164960449
49.2000000000004 31.2300091438002 102.610916069907 73.9404208960387 10.0849371150531 0.182894604417208 -0.024071592641818
49.3000000000004 31.2992954528846 102.571310808859 73.9429612053922 10.1417311530526 0.183028593141354 -0.0245705058605842
49.4000000000004 31.3685460587121 102.532433440905 73.9457025315841 10.1989734608253 0.183105645662144 -0.0249743626257229
49.5000000000004 31.437762822666 102.494288700104 73.9486428406293 10.2566561596542 0.183123328993024 -0.0252841079260148
49.6000000000004 31.5069476939446 102.456880992566 73.9517800095988 10.3147712867849 0.183079154469679 -0.0255005148450678
49.7000000000004 31.5761027083873 102.420214383879 73.9551118327653 10.3733108015112 0.182970585088251 -0.0256241721659764
49.8000000000004 31.6452299867887 102.384292586542 73.9586360277484 10.4322665912604 0.182795043126846 -0.025655469817766
49.9000000000004 31.7143317326935 102.349118947387 73.9623502416599 10.4916304776793 0.182549918002849 -0.0255945819590975
50.0000000000004 31.7834102296668 102.314696435015 73.9662520572492 10.5513942227191 0.182232574316282 -0.0254414474223781
50.1000000000004 31.8524678380325 102.281027627287 73.9703389990702 10.6115495347531 0.181840690319033 -0.0251904712490836
50.2000000000004 31.9215069909878 102.248114700622 73.9746085402067 10.6720880755152 0.18137325932196 -0.0248349497011428
50.3000000000004 31.9905301901357 102.215959423845 73.9790581104163 10.7330014691243 0.180829608121039 -0.0243727211243963
50.4000000000004 32.0595400009027 102.184563153837 73.9836851048326 10.7942813119305 0.180209069407409 -0.023801277503656
50.5000000000004 32.1285390480235 102.153926831248 73.9884868926893 10.8559191823932 0.17951098366541 -0.0231177405596309
50.6000000000004 32.1975300110994 102.124050976214 73.9934608260443 10.9179066509584 0.178734701162506 -0.0223188330668471
50.7000000000005 32.2665156202354 102.094935684074 73.9986042485031 10.9802352899364 0.177879584035225 -0.0214008449097658
50.8000000000005 32.3354986517605 102.066580621083 74.0039145039436 11.0428966833801 0.176945008476764 -0.0203595932799989
50.9000000000005 32.4044819240354 102.03898502013 74.0093889452389 11.1058824369623 0.175930367037224 -0.0191903763272465
51.0000000000005 32.4734682933557 102.012147676455 74.0150249429823 11.1691841878535 0.174835071044059 -0.0178879194315611
51.1000000000005 32.5424606499055 101.986066943413 74.0208198941725 11.2327936145684 0.17365867680474 -0.01648870763627
51.2000000000005 32.6114619124843 101.960740729606 74.0267712299069 11.2967024459975 0.172401284961106 -0.0150299249203976
51.3000000000005 32.680475020029 101.936166499453 74.0328764205558 11.3609024683692 0.171063214361027 -0.0135066098660563
51.4000000000005 32.7495029221192 101.912341275129 74.0391329799441 11.4253855313975 0.169644881177222 -0.0119134054493369
51.5000000000005 32.818548569803 101.889261638549 74.0455384694941 11.4901435543988 0.168146794681778 -0.0102445085965287
51.6000000000005 32.8876149068156 101.866923733354 74.0520905023696 11.5551685324073 0.166569552828202 -0.00849361325343133
51.7000000000005 32.9567048612096 101.845323266897 74.0587867476189 11.6204525422918 0.164913837689143 -0.00665384598761676
51.8000000000005 33.0258213374182 101.824455512234 74.0656249343182 11.6859877488716 0.163180410800905 -0.00471769293950748
51.9000000000005 33.0949672087675 101.804315310102 74.072602855715 11.7517664110328 0.161370108472465 -0.00267691675109654
52.0000000000005 33.1641453104577 101.784897070914 74.0797183733718 11.8177808878449 0.159483837120499 -0.000522461836351153
52.1000000000005 33.2333584330385 101.766194776713 74.0869694212949 11.8840236446794 0.157522455749762 0.00174364936706865
52.2000000000005 33.3026093166069 101.74820198243 74.0943540096995 11.9504872594093 0.155486430042012 0.0041197542319689
52.3000000000005 33.3719006460221 101.73091181535 74.1018702278482 12.0171644288097 0.153376163263303 0.00661700542357617
52.4000000000005 33.4412350467264 101.714316973884 74.1095162465247 12.0840479750382 0.15119210647842 0.00924786585778852
52.5000000000005 33.5106150809528 101.698409726298 74.1172903204942 12.1511308521189 0.148934756847095 0.0120263031950812
52.6000000000005 33.5800432443347 101.683181909462 74.1251907909628 12.2184061524257 0.146604656275112 0.0149680175894721
52.7000000000005 33.6495219629371 101.668624927579 74.1332160880374 12.2858671131656 0.144202390522351 0.0180907093075407
52.8000000000005 33.7190535907313 101.654729750931 74.1413647331861 12.353507122863 0.141728588887081 0.0214143943752962
52.9000000000005 33.7886404075362 101.641486914611 74.1496353416974 12.4213197278426 0.139183924603565 0.0249617782401364
53.0000000000005 33.8582846174476 101.628886517268 74.1580266251408 12.4892986387132 0.136569116115545 0.0287586998368538
53.1000000000005 33.9279883476971 101.61691821995 74.1665373937685 12.5574377367946 0.133885264576462 0.0327495728154582
53.2000000000005 33.9977536459583 101.605571247814 74.1751665574235 12.6257310790721 0.131134877156096 0.0368732178150664
53.3000000000005 34.067582473065 101.594834399097 74.1839131226536 12.6941728994118 0.128320883014206 0.0411513361411427
53.4000000000005 34.137476694633 101.584696056943 74.1927761883302 12.7627576083037 0.125446290220176 0.0456080484153586
53.5000000000005 34.2074380736646 101.575144201345 74.2017549412099 12.8314797925484 0.122514174593197 0.0502703178258775
53.6000000000005 34.2774682642153 101.56616642108 74.2108486514962 12.9003342149431 0.119527669916401 0.0551684522846627
53.7000000000005 34.3475688061153 101.557749925651 74.2200566684015 12.9693158139681 0.116489959682026 0.0603367031634602
53.8000000000005 34.4177411207361 101.549881557226 74.229378415708 13.0384197034731 0.113404270536949 0.0658139826931291
53.9000000000005 34.4879865077887 101.542547802577 74.2388133873302 13.1076411723639 0.110273867622071 0.0716447277637268
54.0000000000005 34.5583061431368 101.535734805017 74.2483611428758 13.1769756842882 0.10710205202966 0.0778799451256596
54.1000000000005 34.6287010775826 101.529428376336 74.2580213031829 13.2464188773006 0.103892088617416 0.0845468168026436
54.2000000000005 34.6991722359961 101.523614008503 74.2677935452093 13.3159665629603 0.100646993267315 0.0916780039020516
54.3000000000005 34.7697204157728 101.518276884823 74.2776775952793 13.3856147239901 0.0973697534710477 0.0993465409621989
54.4000000000005 34.8403462855363 101.513401890855 74.2876732216834 13.4553595113685 0.0940634040872985 0.107638194831642
54.5000000000005 34.9110503846613 101.508973625336 74.2977802272524 13.5251972414003 0.0907310340990298 0.11665429555107
54.6000000000005 34.9818331236162 101.504976411097 74.3079984419322 13.595124392787 0.0873757975267296 0.126515304031372
54.7000000000005 35.0526947851018 101.501394305985 74.3183277153587 13.6651376036971 0.084000929376204 0.137365337161046
54.8000000000005 35.1236355259564 101.498211113774 74.3287679094321 13.7352336688367 0.0806097677814273 0.14937794473924
54.9000000000005 35.1946553798001 101.49541039509 74.3393188908912 13.8054095365199 0.0772057838998851 0.162763532965282
55.0000000000005 35.2657542603876 101.492975478329 74.3499805238889 13.8756623057392 0.0737926216574308 0.177778965841206
55.1000000000005 35.3369319655968 101.490889470596 74.3607526625124 13.9459892232037 0.0703741519106074 0.194617147844451
55.2000000000005 35.4081881810126 101.489135269301 74.3716351419199 14.0163876795443 0.0669545183011397 0.213514364795849
55.3000000000005 35.4795224814601 101.487695575402 74.3826277659589 14.0868552034014 0.0635381600308461 0.234901621320122
55.4000000000005 35.5509343320833 101.486552907294 74.3937302934 14.1573894546801 0.0601298910444412 0.259320728944018
55.5000000000005 35.622423089937 101.485689614729 74.4049424241169 14.2279882177727 0.0567350179434902 0.287458547892246
55.6000000000005 35.6939880060892 101.485087892731 74.4162637852661 14.2986493947813 0.0533595009878513 0.320193019717315
55.7000000000005 35.7656282281876 101.484729795514 74.4276939174676 14.3693709987404 0.0500101752844345 0.35865504311426
55.8000000000005 35.8373428034446 101.484597250395 74.4392322609848 14.4401511468397 0.0466950570496571 0.404311151434425
55.9000000000005 35.9091306819938 101.484672071718 74.4508781419043 14.5109880536466 0.0434237713230506 0.459072185426402
56.0000000000005 35.9809907205729 101.484935974766 74.4626307583164 14.581880024329 0.0402081542288025 0.525431002704223
56.1000000000005 36.0529216864592 101.485370589679 74.4744891665154 14.6528254478474 0.0370631205038031 0.606709494651291
56.2000000000005 36.1249222609493 101.485957475398 74.4864522677246 14.7238227893576 0.0340079280783358 0.707151786899956
56.3000000000005 36.196991041281 101.486678133682 74.4985187961551 14.7948705806095 0.0310678643771931 0.831873681112956
56.4000000000005 36.2691265420274 101.487514023138 74.5106873075893 14.8659674095559 0.0282765924210775 0.986621702660759
56.5000000000005 36.3413271965864 101.488446573269 74.5229561679843 14.9371119099308 0.0256792196231611 1.17654455243805
56.6000000000005 36.413591358749 101.489457198506 74.5353235420763 15.0083027508288 0.0233357882450886 1.40303365317061
56.7000000000005 36.4859173043036 101.490527312252 74.5477873819835 15.079538626283 0.021323934659692 1.65740775545179
56.8000000000005 36.5583032326355 101.49163834092 74.5603454158103 15.1508182448437 0.0197375613190956 1.91195505192542
56.9000000000005 36.6307472682804 101.492771737973 74.572995136251 15.2221403191575 0.0186762575270238 2.1153200764435
57.0000000000005 36.7032474623962 101.493908997962 74.5857337891936 15.2935035555453 0.0182217629623096 2.20696962681366
57.1000000000005 36.7758017941096 101.495031670551 74.5985583623121 15.3649066435806 0.018408201587243 2.15410204186856
57.2000000000005 36.8484081716309 101.496121374159 74.6114655733752 15.4363482456439 0.019205941232605 1.9777869683225
57.3000000000005 36.9210644329792 101.497159808628 74.6244518578307 15.5078269864205 0.0205333702943018 1.73566987024699
57.4000000000005 36.9937683464152 101.498128767505 74.6375133561055 15.5793414423747 0.0222862931253124 1.48365383762783
57.5000000000005 37.0665176106333 101.499010150313 74.6506459008956 15.6508901312234 0.0243641320461042 1.2551592964415
57.6000000000005 37.1393098546995 101.499785974818 74.6638450044544 15.7224715014098 0.0266830425215101 1.06257294160887
57.7000000000006 37.2121426377183 101.500438389302 74.6771058458825 15.7940839215771 0.0291784128779561 0.90616977723267
57.8000000000006 37.2850134482177 101.50094968483 74.6904232584164 15.8657256700422 0.0318023710196486 0.781274196425495
57.9000000000006 37.3579197032411 101.501302307517 74.7037917167182 15.9373949242689 0.0345200444066712 0.682086911268087
58.0000000000006 37.4308587471405 101.501478870803 74.7172053241643 16.0090897503419 0.0373061647504866 0.603267206517903
58.1000000000006 37.5038278500582 101.50146216773 74.730657800177 16.0808080924223 0.0401423945330731 0.540228635250758
58.2000000000006 37.5768242058465 101.501235183618 74.744142468648 16.1525477617329 0.0430152525637891 0.489385226888692
58.3000000000006 37.6498449290189 101.500781109708 74.7576522491358 16.2243064243506 0.0459148087506111 0.448127454745963
58.4000000000006 37.7228870511304 101.500083357196 74.7711796491557 16.296081588528 0.048833787752498 0.414451481986755
58.5000000000006 37.7959475168325 101.499125571281 74.7847167565114 16.3678705919978 0.0517669228889902 0.386818869410307
58.6000000000006 37.8690231796158 101.49789164521 74.7982552316269 16.4396705892765 0.0547105007373038 0.364043880280712
58.7000000000006 37.9421107972469 101.496365734328 74.8117862998786 16.5114785389682 0.0576620382348035 0.345206935685536
58.8000000000006 38.0152070269081 101.494532270124 74.8253007439272 16.5832911910691 0.0606200523705676 0.329589508272446
58.9000000000006 38.0883084200545 101.492375974279 74.8387888960489 16.6551050742708 0.0635838951447449 0.316625547771832
59.0000000000006 38.1614114170055 101.489881872712 74.8522406304684 16.7269164832647 0.0665536350214104 0.305865294463098
59.1000000000006 38.2345123414082 101.487035309542 74.8656453558421 16.7987214661302 0.0695301915499273 0.296631693870668
59.2000000000006 38.3076073974642 101.483821958808 74.8789920117041 16.8705158139174 0.0725157804786063 0.288371437339751
59.3000000000006 38.3806926745905 101.480227830485 74.8922690749675 16.9422950558006 0.0755129483554058 0.280920412227738
59.4000000000006 38.4537641550608 101.476239274273 74.9054645703866 17.014054456426 0.0785242916894068 0.274146884304868
59.5000000000006 38.5268177218154 101.471842983283 74.9185660811716 17.0857890133441 0.0815524399526468 0.267944322192003
59.6000000000006 38.5998491663476 101.467025997731 74.9315607596038 17.1574934544415 0.0846000424077495 0.26222599410067
59.7000000000006 38.6728541966931 101.461775708634 74.9444353376502 17.2291622353736 0.0876697578149727 0.256920855865374
59.8000000000006 38.7458284455421 101.456079861503 74.9571761375784 17.3007895369961 0.090764246318407 0.251970390452409
59.9000000000006 38.8187674784975 101.449926560032 74.9697690825712 17.3723692627981 0.0938861629832626 0.247326156079011
60.0000000000006 38.8916668024997 101.443304269797 74.9821997073416 17.4438950363334 0.0970381525811234 0.242947867338145
60.1000000000006 38.9645218743952 101.436201822021 74.9944531687322 17.5153601986186 0.100222612618751 0.238853929123239
60.2000000000006 39.0373281085413 101.428608419377 75.0065142559108 17.586757804621 0.103441032535517 0.235068715075625
60.3000000000006 39.1100808815734 101.420513646917 75.0183673995412 17.6580806174425 0.106694762890268 0.231568384556497
60.4000000000006 39.1827755359923 101.41190748504 75.0299966805513 17.7293211015932 0.109985261405376 0.228331807055518
60.5000000000006 39.2554073836636 101.402780322529 75.0413858388844 17.8004714162312 0.113314096953762 0.225340156362905
60.6000000000006 39.3279717092833 101.393122969588 75.0525182822521 17.8715234084024 0.116682954028128 0.222576571710496
60.7000000000006 39.4004637738204 101.382926670885 75.0633770948852 17.9424686062795 0.120093637632585 0.220025873427042
60.8000000000006 39.472878817949 101.372183118592 75.0739450462864 18.0132982124019 0.12354807854363 0.217674323164002
60.9000000000006 39.5452120654881 101.360884465421 75.0842045999823 18.084003096915 0.127048338891794 0.215509420719723
61.0000000000006 39.6174587268658 101.349023337664 75.0941379222749 18.1545737908099 0.130596618016828 0.213519731059097
61.1000000000006 39.6896140027719 101.33659284816 75.1037268911523 18.2250004792713 0.134195090876629 0.21151916543931
61.2000000000006 39.7616730915252 101.323586607255 75.1129531093139 18.2952729978537 0.137845259811307 0.209346907782311
61.3000000000006 39.8336312057388 101.3099987287 75.1217979276418 18.3653808358342 0.141548195755268 0.207028405444722
61.4000000000006 39.905483592588 101.29582383355 75.1302424727877 18.4353131423934 0.145304667952759 0.204586932966029
61.5000000000006 39.9772255541151 101.281057053984 75.1382676749173 18.5050587329048 0.149115143552486 0.20204374717806
61.6000000000006 40.0488524673791 101.265694037126 75.1458542954557 18.574606095224 0.152979787132606 0.199418224111255
61.7000000000006 40.1203598043951 101.249730948869 75.1529829548318 18.6439433959784 0.156898460083436 0.196727982567522
61.8000000000006 40.1917431518052 101.233164477693 75.1596341602234 18.7130584868566 0.16087071981533 0.193988997875262
61.9000000000006 40.2629982302175 101.21599183849 75.1657883333021 18.7819389108976 0.164895818786427 0.191215708298224
62.0000000000006 40.3341209131464 101.198210776383 75.171425837978 18.8505719087803 0.168972703385843 0.188421115787207
62.1000000000006 40.4051072455348 101.179819570503 75.1765270081148 18.9189444251554 0.173100157762191 0.185622434781696
62.2000000000006 40.4759534630511 101.160817036624 75.1810721744626 18.9870431160783 0.177277210297324 0.182832428480007
62.3000000000006 40.5466560142164 101.141202526894 75.1850416896066 19.054854359238 0.181502645226492 0.18005609731004
62.4000000000006 40.6172115834383 101.120975928417 75.1884159521346 19.1223642652863 0.185774840800982 0.177298028959651
62.5000000000006 40.6876171136515 101.100137661797 75.1911754307735 19.1895586892108 0.190091758883094 0.174562396498831
62.6000000000006 40.7578698284373 101.078688679682 75.1933006885267 19.2564232417066 0.194450934706964 0.171852961652584
62.7000000000006 40.8279672535311 101.0566304653 75.1947724068107 19.3229433005488 0.198849467004308 0.1691730825552
62.8000000000006 40.8979072376273 101.033965031006 75.1955714095925 19.3891040219643 0.203284008731855 0.166525725322447
62.9000000000006 40.9676879723817 101.010694916823 75.1956786875262 19.4548903520047 0.207750758675534 0.163913478832306
63.0000000000006 41.0373080115072 100.98682318898 75.1950754220902 19.5202870379179 0.212245454241436 0.161338572141229
63.1000000000006 41.1067662888616 100.962353438504 75.1937430097814 19.5852786395456 0.216763045884864 0.158801784278281
63.2000000000006 41.1760621355297 100.937289780991 75.1916630877951 19.6498495413671 0.221296723293634 0.156307289351323
63.3000000000006 41.2451952957512 100.911636859389 75.1888175634772 19.7139839661859 0.225838859696618 0.153861465440585
63.4000000000006 41.3141659409881 100.885399847968 75.185188645262 19.7776659894634 0.230381340011202 0.151469853756779
63.5000000000006 41.3829746817507 100.858584456336 75.1807588736679 19.8408795536769 0.234915576598515 0.149137250999713
63.6000000000006 41.4516225770067 100.831196933451 75.1755111522916 19.9036084826781 0.239432530048417 0.146867797106227
63.7000000000006 41.5201111410103 100.803244071636 75.1694287788043 19.9658364960515 0.243922735523482 0.144665058206954
63.8000000000006 41.5884423473847 100.774733210597 75.162495475946 20.0275472234729 0.248376335149391 0.142532104714673
63.9000000000006 41.656618630299 100.745672241435 75.1546954225213 20.0887242190673 0.252783116883767 0.140471584550281
64.0000000000006 41.7246428825862 100.716069610661 75.146013284394 20.1493509757678 0.257132560220236 0.138485791582652
64.1000000000006 41.7925184507585 100.685934324075 75.1364342453579 20.2094109397057 0.26141448750879 0.136563779804175
64.2000000000006 41.8602491295364 100.65527594709 75.1259440347622 20.2688875254351 0.265620841280192 0.134689869219949
64.3000000000006 41.9278391606639 100.62410459604 75.1145289469005 20.327764133274 0.269743801009325 0.132859443895157
64.4000000000006 41.9952932323733 100.592430925931 75.1021758571549 20.3860241674806 0.273775200590208 0.131068403923793
64.5000000000006 42.0626164768766 100.560266118061 75.0888722380159 20.44365105446 0.277706567418727 0.129313120106607
64.6000000000006 42.1298144656783 100.527621867633 75.0746061751015 20.5006282609724 0.281529166981623 0.127590395251945
64.7000000000006 42.1968932026108 100.494510371376 75.0593663831766 20.5569393123403 0.285234052912187 0.125897431117759
64.8000000000006 42.2638591145006 100.460944315158 75.0431422221728 20.6125678106564 0.288812122383781 0.124231800162272
64.9000000000006 42.3307190393826 100.426936861603 75.0259237132074 20.6674974529907 0.292254176601177 0.122591421366277
65.0000000000006 42.3974802121854 100.392501637712 75.0077015546033 20.7217120495985 0.295550986044496 0.120974539472522
65.1000000000006 42.4641502478084 100.357652722485 74.9884671378566 20.7751955420975 0.298693600147412 0.11939832730278
65.2000000000006 42.5307371211762 100.322404634872 74.9682125622612 20.8279320208576 0.3016741637413 0.117878161371449
65.3000000000006 42.5972491438509 100.286772322518 74.9469306461247 20.8799057403906 0.304485307079074 0.116410204101285
65.4000000000006 42.6636949381149 100.25077115082 74.9246149366412 20.931101133953 0.307119977287782 0.114991096267364
65.5000000000006 42.7300834089979 100.214416892009 74.9012597197116 20.9815028281179 0.309571503792928 0.113617926617447
65.6000000000005 42.7964237143029 100.177725714221 74.8768600297652 21.0310956573475 0.311833663004512 0.112288204631069
65.7000000000005 42.8627252326793 100.140714170569 74.8514116595806 21.0798646785646 0.313900741402965 0.110999835902077
65.8000000000005 42.9289975298077 100.103399188222 74.8249111701061 21.1277951857254 0.315767596152846 0.109751099711464
65.9000000000005 42.9952503227707 100.065798057475 74.7973559002816 21.1748727243913 0.317429712378551 0.108540628416414
66.0000000000005 43.0614934427008 100.027928420827 74.7687439768586 21.2210831063011 0.318883256271811 0.107367388337502
66.1000000000005 43.1277367958516 99.9898082620163 74.7390743241826 21.2664124239555 0.320125246850242 0.106226741828233
66.2000000000005 43.1939903244049 99.9514558941077 74.7083466729551 21.3108470655273 0.321153923721277 0.105113783711715
66.3000000000005 43.2602639691564 99.9128899451583 74.6765615664069 21.354373730596 0.321968328690567 0.104027589425455
66.4000000000005 43.3265676324625 99.8741293429338 74.643720365452 21.3969794462083 0.322568192237316 0.102967577179215
66.5000000000005 43.3929111404039 99.8351932995867 74.6098252538027 21.4386515829512 0.322953948681308 0.101933486349993
66.6000000000005 43.4593042042255 99.7961012963347 74.5748792430838 21.4793778710242 0.323126745389662 0.100925357180498
66.7000000000005 43.5257563811618 99.7568730681396 74.5388861779476 21.5191464163125 0.323088445974812 0.0999435116636611
66.8000000000005 43.5922770347587 99.7175285883856 74.5018507411883 21.5579457164596 0.322841627545877 0.0989885355279579
66.9000000000005 43.6588752948055 99.6780880535577 74.463778458857 21.5957646769401 0.322389572188226 0.0980612612717272
67.0000000000005 43.7255600169875 99.6385718679206 74.424675705376 21.6325926271327 0.321736252953245 0.0971627522285509
67.1000000000005 43.7923397424432 99.5990006281828 74.3845497084398 21.6684193362675 0.320887386297434 0.0963129342816567
67.2000000000005 43.859222659232 99.5593951078005 74.3434085483534 21.7032350261237 0.319853538603105 0.095526700415328
67.3000000000005 43.9262165697892 99.5197762403629 74.3012611432503 21.7370303754753 0.318646708912303 0.0947981091517094
67.4000000000004 43.9933288630252 99.4801651026168 74.2581172287486 21.7697965212865 0.317279150034476 0.0941216814362117
67.5000000000004 44.0605664896183 99.4405828974774 74.2139873373926 21.8015250597824 0.315763280910027 0.0934923501336695
67.6000000000004 44.1279359404256 99.4010509370383 74.1688827780947 21.8322080475191 0.31411160179836 0.0929054155682956
67.7000000000004 44.1954432279732 99.3615906255826 74.1228156155773 21.8618380024542 0.312336613218917 0.0923565064415455
67.8000000000004 44.2630938709746 99.322223442593 74.0757986498149 21.8904079050174 0.31045073942452 0.0918415455995189
67.9000000000004 44.3308928818015 99.2829709257627 74.0278453954754 21.9179111991806 0.308466257028557 0.0913567201749321
68.0000000000004 44.3988447568193 99.2438546540055 73.9789700613623 21.9443417935285 0.306395229256841 0.0908984557219459
68.1000000000004 44.4669534694322 99.2048962304917 73.9291875299331 21.9696940623738 0.30424910719736 0.0904697306878193
68.2000000000004 44.5352224643382 99.1661172663261 73.8785133388073 21.9939628480354 0.302037723224543 0.0900752842816355
68.3000000000004 44.603654650381 99.1275393658608 73.826963667326 22.0171434660695 0.299770378399163 0.0897144454818215
68.4000000000004 44.6722523936177 99.0891841126499 73.7745553251003 22.039231711664 0.297456168105973 0.0893866648640368
68.5000000000004 44.7410175117722 99.0510730554299 73.7213057406374 22.0602238660773 0.295103957871759 0.0890915056270441
68.6000000000004 44.8099512700412 99.0132276941005 73.6672329499659 22.0801167030777 0.292722363483905 0.0888286356453397
68.7000000000004 44.8790543781667 98.9756694657039 73.6123555852614 22.0989074953817 0.290319735287682 0.0885978204742205
68.8000000000004 44.948326988689 98.9384197304055 73.556692863472 22.1165940210936 0.287904146502982 0.0883989172184269
68.9000000000004 45.0177686962882 98.9014997574739 73.500264574944 22.1331745701445 0.285483385370226 0.0882318692009619
69.0000000000004 45.0873785381293 98.8649307112613 73.4430910720473 22.148647950731 0.283064950910992 0.0880967013464383
69.1000000000004 45.1571549952094 98.8287336371832 73.3851932576737 22.1630134956769 0.28065657196485 0.0879975480436333
69.2000000000003 45.2270959969363 98.7929294476922 73.3265925704272 22.1762710667853 0.278267668153903 0.0879361344312889
69.3000000000003 45.2971989329753 98.7575389082362 73.267310961417 22.1884210540886 0.275907610350381 0.0879090411560624
69.4000000000003 45.3674606692704 98.7225826232094 73.2073708677419 22.1994643730883 0.273585166591472 0.0879129942673627
69.5000000000003 45.4378775659581 98.6880810219041 73.146795185848 22.2094024619179 0.271308495816181 0.0879448650710699
69.6000000000003 45.5084454969252 98.6540543444625 73.0856072448864 22.218237278506 0.269085144770797 0.0880016732048385
69.7000000000003 45.5791598708471 98.620522627827 73.0238307800704 22.2259712977387 0.266922047619141 0.0880805927015673
69.8000000000003 45.6500156535489 98.5875056916931 72.9614899060333 22.2326075086226 0.264825527829344 0.0881789607853118
69.9000000000003 45.7210073915377 98.5550231244592 72.8986090901858 22.2381494114476 0.262801301946363 0.0882942891163333
70.0000000000003 45.7921292365571 98.5230942691796 72.8352131260733 22.2426010149499 0.260854484903516 0.0884242771640131
70.1000000000003 45.8633749709667 98.4917382095917 72.7713271067515 22.245966833408 0.258989924790618 0.0885763446002163
70.2000000000003 45.9347380325354 98.4609737581533 72.7069763986199 22.2482518820131 0.257213246568112 0.0887563723785722
70.3000000000003 46.0062115367819 98.4308194491754 72.6421866164198 22.2494616678571 0.255529958806392 0.0889599677680985
70.4000000000003 46.0777882993071 98.4012935339625 72.5769835986905 22.2496021791943 0.25394513234439 0.0891828382140638
70.5000000000003 46.1494608594283 98.3724139760309 72.5113933832442 22.2486798746366 0.252463393961233 0.089420809241015
70.6000000000003 46.221221505064 98.3441984463263 72.445442182639 22.246701672349 0.251088920353261 0.0896698454051853
70.7000000000003 46.2930622987705 98.316664318442 72.3791563596544 22.2436749392452 0.249825432295261 0.0899260737876355
70.8000000000003 46.3649751048319 98.2898286638366 72.3125624027642 22.239607480182 0.248676188896795 0.0901858094469164
70.9000000000002 46.4369516173086 98.2637082470521 72.2456869016114 22.2345075271559 0.247643981895046 0.0904455821649541
71.0000000000002 46.5089833889519 98.2383195209314 72.1785565224822 22.2283837284974 0.246731129952023 0.0907021637623059
71.1000000000002 46.5810618609049 98.2136786217881 72.1111979837803 22.2212451381301 0.245939169285238 0.0909551511190814
71.2000000000002 46.6531783933078 98.1898013633138 72.0436380315098 22.2131012064762 0.245267930236731 0.0912062683586435
71.3000000000002 46.725324296793 98.1667032272828 71.9759034147782 22.2039617755419 0.244716436700215 0.0914559539504305
71.4000000000002 46.7974908639951 98.144399352994 71.9080208613086 22.1938370756498 0.244283214933398 0.0917050224780363
71.5000000000002 46.8696694006677 98.1229045266658 71.8400170529515 22.1827377222347 0.24396630108734 0.0919546687370597
71.6000000000002 46.9418512563108 98.1022331708293 71.7719186011962 22.170674712639 0.24376324880835 0.0922064684940987
71.7000000000002 47.0140278542302 98.082399333723 71.7037520226837 22.1576594229087 0.243671136946423 0.0924623761325959
71.8000000000002 47.086190720947 98.0634166786862 71.6355437147179 22.1437036045889 0.243686577403272 0.0927247195297489
71.9000000000002 47.1583315148761 98.0452984735537 71.5673199307777 22.1288193815196 0.243805723152609 0.0929961926170826
72.0000000000002 47.230442054193 98.0280575800491 71.4991067560293 22.1130192466313 0.24402427646816 0.0932798461828791
72.1000000000002 47.3025143437905 98.011706443261 71.4309300828538 22.0963160586636 0.24433793173493 0.0935781361095113
72.2000000000002 47.3745406009094 97.9962570832324 71.362815586791 22.078723036883 0.244743701452583 0.0938911871101588
72.3000000000002 47.4465132791964 97.9817210919207 71.2947887035385 22.0602537507206 0.245238638992454 0.0942190212720417
72.4000000000002 47.5184250922843 97.9681096322715 71.2268746063668 22.0409221074086 0.245819399989242 0.0945619345558722
72.5000000000002 47.5902690373191 97.9554334373739 71.1590981835498 22.0207423395402 0.246482234143797 0.0949204938197016
72.6000000000002 47.6620384183741 97.9437028096166 71.091484015796 21.9997289926292 0.247222977646492 0.0952955327412323
72.7000000000001 47.7337268696655 97.9329276198427 71.0240563536794 21.9778969126693 0.248037046310984 0.0956881468521441
72.8000000000001 47.805328378486 97.9231173065058 70.9568390950701 21.9552612336945 0.248919429524568 0.0960996879739965
72.9000000000001 47.8768373077681 97.9142808748251 70.8898557625653 21.9318373653379 0.249864685144065 0.0965317583431743
73.0000000000001 47.9482484181844 97.9064268959411 70.8231294809205 21.9076409803922 0.250866935485197 0.0969862047601549
73.1000000000001 48.0195568896132 97.8995635060928 70.7566829545527 21.8826880023945 0.251919942825645 0.0974701168435407
73.2000000000001 48.0907583399044 97.8936984063566 70.6905384469375 21.8569945938818 0.253017419832241 0.0979904045017911
73.3000000000001 48.1618488377481 97.8888388638129 70.6247177648109 21.8305771463458 0.254152927961087 0.0985488976255767
73.4000000000001 48.2328249127898 97.884991713274 70.5592422442645 21.803452270858 0.255319816296898 0.0991475245903759
73.5000000000001 48.3036835649205 97.8821633590342 70.4941327369135 21.7756367887199 0.256511220708839 0.0997883153004207
73.6000000000001 48.3744222727613 97.8803597766197 70.4294095960643 21.7471477221138 0.257720064695548 0.100473405400658
73.7000000000001 48.4450390012826 97.8795865145383 70.3650926628828 21.7180022847534 0.258939062097815 0.101205041746009
73.8000000000001 48.5155322084956 97.8798486960295 70.301201252562 21.688217872534 0.260160721857247 0.101985589213783
73.9000000000001 48.5859008511547 97.8811510208145 70.23775414049 21.6578120541834 0.26137735499989 0.102817538959091
74.0000000000001 48.656144389408 97.8834977668457 70.1747695484178 21.6268025619123 0.262581084014651 0.103703518204579
74.1000000000001 48.7262627903743 97.8868927920305 70.1122651305759 21.5952072820703 0.263763675707063 0.104651105534798
74.2000000000001 48.7962565316174 97.8913395352736 70.0502579584496 21.5630442459474 0.264915981503088 0.105669166492023
74.3000000000001 48.8661266059691 97.8968410157876 69.988764502152 21.5303316209435 0.266028431091701 0.106762585712486
74.4 48.9358745257354 97.9033998317228 69.9278006104557 21.4970877018831 0.267091231106385 0.107936560075773
74.5 49.0055023251108 97.9110181587702 69.8673814907734 21.4633309023358 0.268094398140127 0.109196628888528
74.6 49.0750125606809 97.919697748765 69.8075216891382 21.4290797459361 0.269027795576683 0.110548708742032
74.7 49.1444083099394 97.9294399282893 69.7482350701838 21.3943528577047 0.269881174267479 0.111999133492491
74.8 49.2136931677585 97.9402455972756 69.6895347971256 21.3591689553678 0.270644217014996 0.113554699885559
74.9 49.282871240753 97.95211522761 69.6314333117403 21.323546840678 0.271306586756736 0.115222719416744
75 49.351947139495 97.9650488617355 69.5739423143467 21.2875053907346 0.271857978266546 0.117011077119678
75.1 49.4209259684087 97.9790461113341 69.5170727439679 21.2510635493034 0.272288826513394 0.118908819617086
75.2 49.4898133100703 97.9941061580743 69.4608347632153 21.2142403181271 0.272592427609424 0.120900888849162
75.3 49.5586151992172 98.0102277595986 69.4052377551611 21.1770547482123 0.272763201572809 0.122989612619665
75.4 49.6273380926 98.0274092575746 69.350290324932 21.1395259311056 0.272796088745057 0.125177510413599
75.5 49.6959888382498 98.0456485858273 69.296000301486 21.101672990171 0.272686570746571 0.127467315970887
75.6 49.76457464439 98.0649432784696 69.2423747393875 21.0635150718661 0.27243068965804 0.129862000637001
75.7 49.8331030480894 98.0852904780339 69.1894199205843 21.025071337019 0.272025064992266 0.132364797577981
75.8 49.9015818837614 98.1066869436033 69.1371413561826 20.9863609521044 0.271466908063303 0.134979226918295
75.9 49.9700192516133 98.1291290589428 69.0855437882237 20.947403080521 0.270754033413443 0.137709121855332
76 50.038423486157 98.1526128406306 69.0346311914598 20.9082168738673 0.269884867013532 0.140558655771254
76.1 50.1068031248828 98.1771339461415 68.9844067751061 20.8688214632371 0.268858216408946 0.143535335468598
76.1999999999999 50.1751668769201 98.2026876806896 68.934872983981 20.8292359509879 0.267672577482544 0.146649204372389
76.2999999999999 50.2435235911509 98.2292690009197 68.8860314980892 20.789479403714 0.266326857079441 0.149909021521207
76.3999999999999 50.3118822240342 98.2568725173579 68.8378832315934 20.7495708456924 0.264820613704523 0.153324275575049
76.4999999999999 50.3802518074743 98.285492496815 68.7904283317612 20.7095292523479 0.26315405769124 0.156905252515748
76.5999999999999 50.4486414168778 98.3151228647885 68.7436661779126 20.6693735437181 0.261328047295831 0.16066310800687
76.6999999999999 50.5170601395353 98.345757207866 68.6975953803677 20.6291225779176 0.259344080835477 0.164609944666005
76.7999999999999 50.585517043463 98.3773887761282 68.6522137793938 20.5887951446036 0.257204285075666 0.16875889446809
76.8999999999999 50.6540211468399 98.4100104855511 68.6075184441527 20.5484099584399 0.254911400155274 0.173124206427466
76.9999999999999 50.7225813881708 98.4436149204096 68.5635056716487 20.5079856525622 0.252468761417706 0.177721339622101
77.0999999999999 50.7912065972558 98.4781943356642 68.5201709857482 20.4675407720393 0.249880402974207 0.182534816261433
77.1999999999999 50.8599054658065 98.5137406589421 68.477509138099 20.4270937672461 0.247151417858085 0.187547723093083
77.2999999999999 50.9286865158821 98.5502454914856 68.4355141138672 20.3866629870133 0.244287570747137 0.192775122234935
77.3999999999999 50.9975580684906 98.5877001086951 68.3941791393724 20.3462666716873 0.241295135520663 0.198233184006244
77.4999999999999 51.0665282137912 98.6260954606552 68.3534966897963 20.3059229461885 0.238180853281653 0.203939254185544
77.5999999999999 51.1356047830438 98.6654221726619 68.3134584968908 20.2656498130681 0.234951890456954 0.209911918900882
77.6999999999999 51.204795322391 98.7056705457491 68.2740555566867 20.2254651455662 0.231615797715896 0.216171065274589
77.7999999999999 51.2741070685413 98.7468305572157 68.2352781372016 20.1853866806684 0.228180470430291 0.222737935337384
77.8999999999998 51.3435469264183 98.7888918611519 68.1971157861489 20.145432012164 0.224654111379176 0.229635169939231
77.9999999999998 51.4131214488214 98.8318437889658 68.1595573386454 20.1056185837031 0.221045196358831 0.236886838410626
78.0999999999998 51.4828368180484 98.8756753499373 68.1225909250702 20.0659636819046 0.217362906243351 0.244485171182951
78.1999999999998 51.5526988272649 98.9203752324508 68.0862039828248 20.0264844307836 0.213618497669382 0.252412704602802
78.2999999999998 51.6227128584049 98.9659318069572 68.0503832779971 19.9871977895252 0.209823890765077 0.260679314662734
78.3999999999998 51.6928838607859 99.0123331296169 68.0151149309277 19.9481205515781 0.205991156479627 0.269293598684498
78.4999999999998 51.7632163327984 99.0595669459686 67.9803844419261 19.9092693437983 0.202132468318927 0.278262437045573
78.5999999999998 51.8337143067004 99.1076206945973 67.9461767169861 19.8706606255931 0.198260059618552 0.287590476201359
78.6999999999998 51.9043813364385 99.156481510804 67.9124760935025 19.8323106880646 0.194386186210619 0.297279525558422
78.7999999999998 51.9752204884008 99.2061362302741 67.8792663659873 19.794235653154 0.190523094156948 0.30732786201416
78.8999999999998 52.0462343349987 99.2565713927459 67.8465308117848 19.7564514727853 0.18668299203525 0.317729438190123
78.9999999999998 52.1174249509622 99.3077732456802 67.8142522167889 19.7189739280092 0.182878027084948 0.328472993864975
79.0999999999998 52.1887939122061 99.3597277478546 67.7824129010973 19.6818186281297 0.179119898877325 0.339564304846134
79.1999999999998 52.2603422966683 99.4124205710542 67.7509947430898 19.6450010093879 0.175418783094212 0.351015125442585
79.2999999999998 52.3320706860209 99.4658370969218 67.7199791994988 19.6085363325196 0.17178448785378 0.362814101004284
79.3999999999998 52.4039791685309 99.5199624119033 67.6893473239022 19.5724396798702 0.168226831630806 0.37494288112656
79.4999999999998 52.4760673433554 99.5747813021196 67.6590797851566 19.5367259524918 0.164755646892696 0.387374924429874
79.5999999999998 52.5483343262047 99.6302782482383 67.6291568858288 19.5014098672408 0.161380782435573 0.40007424118434
79.6999999999997 52.6207787562921 99.6864374203455 67.5995585806286 19.4665059538757 0.15811210307642 0.412994114283615
79.7999999999997 52.6933988044881 99.7432426728173 67.5702644948408 19.4320285521542 0.154959485244874 0.426075856248985
79.8999999999997 52.7661921825997 99.8006775391922 67.5412539427583 19.3979918089308 0.15193280694577 0.439247679551754
79.9999999999997 52.8391561536957 99.8587252270423 67.5125059461133 19.3644096752545 0.149041930537754 0.452423778382647
80.0999999999997 52.9122875433633 99.9173686128765 67.4839992526358 19.3312959035033 0.14629698000884 0.465410961128494
80.1999999999997 52.9855827508318 99.9765902378528 67.4557123578639 19.2986640454933 0.14370913582957 0.477978893849915
80.2999999999997 53.0590377584818 100.036372305545 67.4276235352135 19.2665274530575 0.141289522753726 0.489964657930197
80.3999999999997 53.1326481415189 100.096696680521 67.3997108693004 19.2348992795994 0.139048791029163 0.501193611993012
80.4999999999997 53.2064090787453 100.157544886947 67.3719522893889 19.2037924816836 0.136997008350512 0.511483179647003
80.5999999999997 53.2803153643308 100.218898107198 67.3443256028392 19.173219820626 0.135143543912001 0.520647781170871
80.6999999999997 53.3543614204438 100.280737180465 67.3168085285551 19.1431938640844 0.133496947952726 0.528504804909494
80.7999999999997 53.4285413106094 100.343042601361 67.2893787304323 19.1137269876494 0.132064831306493 0.534881386310946
80.8999999999997 53.5028487536622 100.405794518532 67.2620138508058 19.0848313764343 0.130853750420138 0.539621630924135
80.9999999999997 53.5772771381693 100.46897273326 67.2346915438982 19.0565190266663 0.129869103946974 0.542593802731143
81.0999999999997 53.6518195372625 100.532556698122 67.2073895092 19.0288017472859 0.129115168222611 0.543750097209936
81.1999999999997 53.7264687253301 100.596525516909 67.180085523116 19.0016911617869 0.128595410547521 0.543071595511835
81.2999999999997 53.8012171990103 100.66085794774 67.1527574662039 18.9751987106669 0.128312105415423 0.540520885463071
81.3999999999997 53.8760571999612 100.725532407443 67.1253833486786 18.9493356541174 0.128266195762017 0.536100615724439
81.4999999999996 53.950980737782 100.790526975987 67.0979413358489 18.9241130747237 0.128457303008634 0.5298537479811
81.5999999999996 54.0259796129458 100.855819400903 67.0704097735544 18.8995418801644 0.128883769369482 0.521861634181613
81.6999999999996 54.1010454396738 100.921387101717 67.042767213603 18.8756328059113 0.129542730967255 0.512240085368974
81.7999999999996 54.1761696686826 100.987207174377 67.0149924392073 18.8523964179288 0.130430218370653 0.501133790977292
81.8999999999996 54.2513436097405 101.05325639568 66.9870644904221 18.8298431153739 0.131541279585397 0.48870958688617
81.9999999999996 54.3265584539735 101.1195112277 66.958962689581 18.8079831332958 0.132870119452395 0.475149139523406
82.0999999999996 54.4018052958334 101.185947822202 66.9306666668098 18.7868265452857 0.13440999856561 0.460587956330694
82.1999999999996 54.4770751539461 101.25254202465 66.9021563875197 18.76638326484 0.136152608293885 0.445179286210397
82.2999999999996 54.552358989478 101.319269377198 66.8734121849263 18.7466630434532 0.138088941249584 0.429131853967315
82.3999999999996 54.6276477228889 101.386105121277 66.8444147945499 18.7276754674252 0.14020970982385 0.412641675472803
82.4999999999996 54.7029322496531 101.453024200163 66.8151453887903 18.7094299546167 0.142505508724057 0.39588783523248
82.5999999999996 54.7782034548947 101.520001261552 66.785585611503 18.6919357512068 0.144966960350866 0.379029740369644
82.6999999999996 54.853452226857 101.58701066013 66.7557176125744 18.6752019284493 0.147584841484194 0.362205710335727
82.7999999999996 54.9286694691314 101.654026460143 66.7255240824978 18.659237379429 0.150350191037785 0.345532693297053
82.8999999999996 55.0038461115765 101.721022437972 66.6949882869489 18.6440508158192 0.153254399667774 0.329106869778418
82.9999999999996 55.0789731198629 101.787972084699 66.6640941013612 18.6296507646371 0.156289282766035 0.313004903759417
83.0999999999996 55.1540415037415 101.8548486088 66.63282604538 18.6160455649885 0.159447234612394 0.297327874464188
83.1999999999995 55.2290423279287 101.921624941868 66.6011693141437 18.6032433644643 0.162721471462762 0.282153794722041
83.2999999999995 55.3039667319668 101.988273752049 66.5691098015138 18.591252114662 0.16610561221751 0.26750241549422
83.3999999999995 55.3788059528539 102.05476746052 66.5366341201319 18.5800795663599 0.169593566856249 0.253383343696971
83.4999999999995 55.4535513464958 102.121078258076 66.5037296213562 18.5697332646789 0.173179536023553 0.239797695926965
83.5999999999995 55.5281944077816 102.187178121723 66.4703844151962 18.5602205442441 0.17685800609955 0.226739613328448
83.6999999999995 55.6027267892435 102.25303883127 66.4365873902489 18.5515485243464 0.180623741119403 0.21419761749013
83.7999999999995 55.6771403182595 102.318631985917 66.4023282336344 18.5437241041041 0.184471772744309 0.202155800397425
83.8999999999995 55.7514270127616 102.383929020849 66.3675974509311 18.5367539576243 0.188397389326606 0.190594850876748
83.9999999999995 55.8255790954128 102.448901223826 66.3323863861118 18.5306445291645 0.192396124964034 0.179492926319707
84.0999999999995 55.8995890062694 102.51351975179 66.2966872414019 18.5254020282595 0.196463752457104 0.168876237239654
84.1999999999995 55.9734494152416 102.577755647887 66.2604930951333 18.5210324239321 0.20059626611218 0.158765672001588
84.2999999999995 56.0471532364959 102.641579859545 66.2237979145091 18.5175414365825 0.204789827010912 0.149130046673512
84.3999999999995 56.1206936426644 102.704963256964 66.1865965663637 18.5149345289626 0.209040735870014 0.139938576593336
84.4999999999995 56.1940640775043 102.767876651621 66.1488848278455 18.5132168971143 0.213345415502907 0.131161151286699
84.5999999999995 56.2672582669301 102.830290814786 66.1106593971002 18.512393461309 0.217700396272714 0.122768533610004
84.6999999999995 56.3402702283986 102.892176496019 66.0719179039531 18.512468856986 0.222102304705801 0.114732497669388
84.7999999999995 56.4130942786222 102.953504441686 66.0326589205925 18.5134474256916 0.226547855408039 0.107025917834434
84.8999999999995 56.4857250395917 103.014245413463 65.9928819722527 18.5153332060181 0.231033846402886 0.0996228192156007
84.9999999999994 56.5581574428902 103.074370206842 65.9525875478963 18.5181299245424 0.235557157995187 0.0924983981932804
85.0999999999994 56.6303867323557 103.133849669731 65.9117771108887 18.521840986696 0.240114386447125 0.0856393119101948
85.1999999999994 56.7024084669053 103.192654723363 65.8704531094391 18.5264694658305 0.24470067680279 0.0790346351419564
85.2999999999994 56.7742185261528 103.250756389073 65.8286189864518 18.5320180877068 0.249310721910918 0.0726645028007193
85.3999999999994 56.8458131153827 103.308125817396 65.7862791891445 18.5384892131799 0.253939128498202 0.0665096458160334
85.4999999999994 56.9171887678569 103.364734317246 65.7434391786571 18.5458848208152 0.258580436289458 0.0605514009669513
85.5999999999994 56.9883423443038 103.4205533851 65.700105439662 18.5542064895037 0.263229142605689 0.0547717075008289
85.6999999999994 57.0592710295227 103.475554734181 65.6562854899729 18.5634553810787 0.267879732733726 0.0491530932444745
85.7999999999994 57.1299723260408 103.52971032364 65.6119878901544 18.5736322229308 0.27252671633394 0.0436786524857769
85.8999999999994 57.200444044771 103.582992387735 65.5672222531312 18.5847372906244 0.277164670118744 0.0383320175413752
85.9999999999994 57.2706842926284 103.635373465019 65.521999253798 18.5967703905133 0.281788286998901 0.0330973256382353
86.0999999999994 57.3406914572436 103.68682642746 65.4763306383292 18.609730842461 0.286393252071603 0.0280421956898859
86.1999999999994 57.4104641931706 103.737324508021 65.4302292257127 18.6236174652713 0.290978623167094 0.0232310714003634
86.2999999999994 57.4800014175086 103.786841324332 65.3837088895422 18.6384285690007 0.295544150727902 0.0186452725936352
86.3999999999994 57.5493023093827 103.835350900807 65.3367845320326 18.6541619499814 0.300089412661837 0.0142680423961486
86.4999999999994 57.6183663092695 103.882827690715 65.2894720577363 18.6708148859485 0.304613802669164 0.0100843284348731
86.5999999999994 57.6871931179901 103.929246598246 65.2417883472601 18.688384131167 0.309116520355848 0.00608058991709912
86.6999999999993 57.7557826953523 103.974583000571 65.1937512309809 18.7068659115595 0.313596563172232 0.00224462719376995
86.7999999999993 57.824135258418 104.018812769915 65.1453794627625 18.726255919833 0.31805272024716 -0.00143456910731719
86.8999999999993 57.8922512793617 104.061912295616 65.0966926936718 18.7465493106062 0.322483568214213 -0.00496695189431846
86.9999999999993 57.9601314828854 104.103858506194 65.0477114456954 18.7677406955369 0.326887469148964 -0.00836153654794174
87.0999999999993 58.0277768431255 104.144628891438 64.9984570854928 18.789824138431 0.331262414789828 -0.0116378078018865
87.1999999999993 58.0951885795157 104.184201525121 64.9489517991112 18.8127931498775 0.335605579482962 -0.0148144840512737
87.2999999999993 58.1623681506111 104.222555089281 64.8992185691402 18.8366406806807 0.339913831788108 -0.0178984215799312
87.3999999999993 58.2293172463189 104.259668899137 64.8492811528288 18.8613591148184 0.344183917270779 -0.0208960281217104
87.4999999999993 58.296037778895 104.295522928015 64.7991640602379 18.8869402623824 0.348412485103407 -0.0238133161396451
87.5999999999993 58.362531872674 104.330097832285 64.7488925323942 18.913375352518 0.352596118376549 -0.026655951041764
87.6999999999993 58.4288018524828 104.363374976291 64.6984925194432 18.9406550263646 0.356731368177928 -0.0294292948533495
87.7999999999993 58.4948502306934 104.395336457288 64.6479906588028 18.9687693299953 0.360814791470198 -0.0321384458203699
87.8999999999993 58.560679692873 104.425965130366 64.5974142533162 18.9977077073574 0.36484299276706 -0.034788274323728
87.9999999999993 58.6262930819981 104.455244633394 64.5467912494058 19.0274589932122 0.368812669573733 -0.0373834554400536
88.0999999999993 58.6916933813826 104.483159411895 64.4961502150313 19.0580114061824 0.372721089691531 -0.0398897038055767
88.1999999999993 58.7568837008902 104.509694742688 64.4455203125937 19.0893525445849 0.37656719537727 -0.0422717995845084
88.2999999999993 58.8218672742798 104.534836754356 64.3949312590052 19.1214693893364 0.380349932665285 -0.0445326656117129
88.3999999999993 58.8866474611603 104.558572446469 64.3444132807039 19.1543483096435 0.384067752292052 -0.0466749825010586
88.4999999999992 58.9512277490436 104.580889708756 64.2939970684738 19.1879750688013 0.387718598034459 -0.0487012496542077
88.5999999999992 59.0156117551325 104.601777340281 64.243713732265 19.2223348299912 0.391299900416586 -0.0506138392883068
88.6999999999992 59.0798032276522 104.621225068617 64.1935947560141 19.2574121620787 0.394808576292501 -0.0524150440469533
88.7999999999992 59.1438060465239 104.639223569018 64.1436719524643 19.2931910454121 0.398241034783175 -0.0541071186816496
88.8999999999992 59.207624223177 104.655764483593 64.0939774179853 19.3296548776195 0.40159319000468 -0.0556923162544199
88.9999999999992 59.2712618992915 104.670840440484 64.0445434873939 19.3667864794077 0.404860480977666 -0.0571729192557998
89.0999999999992 59.334723344268 104.684445072768 63.9954026888058 19.4045681005091 0.408039411041786 -0.0585548511596171
89.1999999999992 59.3980129516316 104.696573030446 63.946587699323 19.4429814295056 0.411132128785304 -0.0598405803851535
89.2999999999992 59.4611352363044 104.70721997485 63.8981313028376 19.4820076134956 0.414141894870161 -0.0610271723069062
89.3999999999992 59.5240948344737 104.716382566132 63.8500663486716 19.5216272816374 0.41707149869623 -0.0621116418932978
89.4999999999992 59.5868965061576 104.724058450483 63.802425710248 19.5618205688421 0.419923180064627 -0.0630910095571285
89.5999999999992 59.6495451402796 104.730246247354 63.7552422437621 19.602567139466 0.42269855350041 -0.0639623536813691
89.6999999999992 59.7120457620432 104.734945536678 63.7085487468526 19.643846211004 0.425398536347593 -0.0647228595524314
89.7999999999992 59.7744035423729 104.738156846089 63.6623779172726 19.6856365777817 0.428023281754265 -0.0653698644108067
89.8999999999992 59.836623809173 104.739881638143 63.6167623115616 19.7279166346485 0.430572117656939 -0.0659008982767058
89.9999999999992 59.8987120601337 104.740122297537 63.571734303716 19.7706644006706 0.433043492864871 -0.0663137202250376
90.0999999999992 59.9606739768088 104.738882118445 63.5273260438305 19.8138575428093 0.435434339639815 -0.0666197547664301
90.1999999999992 60.0225154398161 104.736165294721 63.4835694159524 19.8574733992434 0.437738247941225 -0.0668322060017433
90.2999999999991 60.0842425445198 104.731976917418 63.4404959939406 19.9014890017821 0.439947212932899 -0.0669519261162071
90.3999999999991 60.145861615623 104.726322975175 63.3981369965373 19.9458810979222 0.442052258923152 -0.0669800730979869
90.4999999999991 60.2073792199013 104.719210354721 63.3565232424099 19.9906261728899 0.444043491495298 -0.0669181022882074
90.5999999999991 60.2688021767157 104.710646841379 63.3156851051935 20.0357004716837 0.445910163597291 -0.0667677545564203
90.6999999999991 60.3301375659608 104.700641119566 63.2756524685319 20.0810800211169 0.447640755585899 -0.0665310414519979
90.7999999999991 60.3913927331166 104.689202773294 63.2364546811201 20.1267406518601 0.449223069007522 -0.0662102276995783
90.8999999999991 60.4525752910803 104.676342286675 63.1981205117463 20.1726580204839 0.450644333658632 -0.0658078114001522
90.9999999999991 60.5136931184744 104.662071044422 63.1606781043331 20.2188076315012 0.451891327212304 -0.0653265022756156
91.0999999999991 60.5747543542043 104.646401332087 63.1241549331171 20.2651648595082 0.452952135698917 -0.0647773088515844
91.1999999999991 60.6357673897828 104.629346329422 63.0885777613847 20.3117049738844 0.453821080489666 -0.064167715844281
91.2999999999991 60.6967408636026 104.610920086303 63.0539726092405 20.3584031699873 0.454493732211776 -0.0634955608636381
91.3999999999991 60.7576836568056 104.59113749177 63.0203647249325 20.4052346029065 0.454965268425239 -0.0627590368909123
91.4999999999991 60.8186048894283 104.570014242807 62.9877785563147 20.452174421316 0.455230488038414 -0.0619566861041808
91.5999999999991 60.8795139164833 104.547566813122 62.9562377223096 20.4991978013261 0.455283835537732 -0.061087390535626
91.6999999999991 60.9404203236903 104.523812421927 62.9257649843706 20.5462799803361 0.455119435033664 -0.0601503593487882
91.7999999999991 61.0013339225688 104.49876900272 62.8963822179443 20.5933962908864 0.454731133921276 -0.0591451125467543
91.8999999999991 61.0622647446109 104.47245517206 62.8681103839332 20.6405221945106 0.454112555746439 -0.0580714609858915
91.999999999999 61.1232230342586 104.444890198353 62.8409695001581 20.6876333155881 0.45325716165307 -0.0569294826113651
92.099999999999 61.1842192402815 104.416093970637 62.8149786129909 20.7347054751178 0.452158932157745 -0.0557513995300298
92.199999999999 61.2452640019308 104.386086967711 62.7901557734225 20.7817147224633 0.450814483123773 -0.0545684951943015
92.299999999999 61.3063681248568 104.354890228088 62.7665180243871 20.8286373619454 0.449221627913404 -0.0533797770362276
92.399999999999 61.367542553118 104.32252532028 62.7440813925215 20.8754499774052 0.447378822460381 -0.0521844455694434
92.499999999999 61.4287983408947 104.289014313099 62.7228608800951 20.9221294566895 0.445285165672283 -0.0509818793314243
92.599999999999 61.4901466240222 104.254379745956 62.7028704569391 20.9686530161354 0.442940396639277 -0.0497716187990649
92.699999999999 61.5515985913188 104.218644599155 62.6841230523766 21.0149982250562 0.44034488844603 -0.0485533492733225
92.799999999999 61.6131654556872 104.181832264198 62.6666305471525 21.0611430302258 0.437499638421859 -0.0473268827605212
92.899999999999 61.674858424976 104.143966514078 62.6504037653628 21.1070657803644 0.434406254702674 -0.0460921388623416
92.999999999999 61.7366886725856 104.105071473581 62.6354524663847 21.1527452506231 0.431066939020516 -0.0448491247049214
93.099999999999 61.7986673078415 104.065171589569 62.6217853368326 21.1981606671004 0.427484593043364 -0.0436128766379311
93.199999999999 61.8608053468247 104.024291600846 62.6094099832015 21.2432917321573 0.423663137642892 -0.0423983473509889
93.299999999999 61.9231136848751 103.982456506982 62.5983329262551 21.2881186517638 0.419607033869475 -0.0412055488783339
93.399999999999 61.9856030698413 103.939691536721 62.5885595961012 21.3326221636445 0.415321111018855 -0.0400345843732845
93.499999999999 62.0482840754133 103.896022116371 62.5800943272932 21.376783565455 0.410810529881041 -0.0388856339335142
93.599999999999 62.1111670744961 103.8514738382 62.5729403539318 21.4205847429589 0.406080744727238 -0.0377589413338864
93.699999999999 62.1742622126087 103.806072428822 62.5670998047667 21.4640081982042 0.40113746417171 -0.0366548017435813
93.7999999999989 62.2375793813073 103.759843717596 62.5625736982987 21.5070370776997 0.395986611048303 -0.0355735504816143
93.8999999999989 62.3011281916299 103.712813605013 62.5593619378805 21.5496552005919 0.390634281443757 -0.0345155528816604
93.9999999999989 62.364917947573 103.665008031091 62.5574633068196 21.5918470868415 0.385086703032317 -0.0334811953143961
94.0999999999989 62.4289576194222 103.61645294383 62.5568754638041 21.6335979851825 0.379351682479802 -0.0325112636900766
94.1999999999989 62.4932558123251 103.567174269423 62.5575949467845 21.6748938954342 0.373443181179062 -0.0316450703832716
94.2999999999989 62.5578207242544 103.517197886882 62.5596171983157 21.7157215764759 0.36737699481022 -0.0308810785019644
94.3999999999989 62.6226601034737 103.466549604415 62.562936599353 21.7560685485742 0.361169116618868 -0.0302181217677362
94.4999999999989 62.6877812108658 103.415255135875 62.5675465033743 21.7959230954928 0.354835558663822 -0.0296554104536812
94.5999999999989 62.7531907873018 103.363340077199 62.5734392705012 21.835274266603 0.348392188397154 -0.0291925407826889
94.6999999999989 62.81889502599 103.310829882852 62.5806063016208 21.8741118789929 0.341854581565126 -0.0288295079543279
94.7999999999989 62.8848995497079 103.257749842274 62.5890380725073 21.912426519578 0.335237892013285 -0.0285667230383948
94.8999999999989 62.9512093927961 103.204125056321 62.5987241679433 21.9502095472111 0.328556738597178 -0.0284050339954279
94.9999999999989 63.0178289877626 103.149980413711 62.6096533158415 21.9874530947917 0.321825109055429 -0.0283457511673355
95.0999999999989 63.084762156252 103.09534056755 62.6218134213144 22.0241500713762 0.315055963322781 -0.0284025004078856
95.1999999999989 63.1520121022011 103.040229914035 62.6351915993883 22.0602941642636 0.308260308670977 -0.0285903186973733
95.2999999999989 63.2195814035961 102.984672576671 62.6497742042777 22.0958798410274 0.301448255332086 -0.0289135585782844
95.3999999999989 63.2874720054881 102.928692392675 62.6655468573047 22.1309023515234 0.294629310369115 -0.0293773881035861
95.4999999999988 63.3556852160378 102.872312899444 62.682494474766 22.1653577298979 0.287812342273628 -0.0299878851489192
95.5999999999988 63.4242217055352 102.815557321043 62.7006012957999 22.1992427965953 0.281005555571468 -0.0307521454678446
95.6999999999988 63.4930815082657 102.758448554681 62.7198509102536 22.2325551603659 0.274216474618706 -0.0316784069249009
95.7999999999988 63.562264027086 102.701009157186 62.74022628655 22.2652932202736 0.26745193573361 -0.0327761928282604
95.8999999999988 63.6317680405747 102.64326133149 62.7617097995552 22.2974561677036 0.260718086801039 -0.0340564778941813
95.9999999999988 63.701591712621 102.585226913105 62.7842832584454 22.3290439883703 0.254020393498303 -0.0355318810853803
96.0999999999988 63.7717326042411 102.526927356689 62.8079279346884 22.3600574642219 0.247364177763535 -0.0372414606767161
96.1999999999988 63.8421876855762 102.468383724897 62.832624593005 22.3904981726649 0.240756254373742 -0.0392267160247154
96.2999999999988 63.9129533453591 102.409616683016 62.8583535298927 22.4203684789851 0.234203431270817 -0.0415071178018063
96.3999999999988 63.9840254016062 102.350646495887 62.8850946151291 22.449671526088 0.22771199542519 -0.0441047779252066
96.4999999999988 64.0553991154956 102.291493024912 62.9128273333896 22.4784112241373 0.221287721543102 -0.0470447348309836
96.5999999999988 64.1270692083328 102.232175725066 62.9415308258654 22.5065922401916 0.214935887885816 -0.0503552732089877
96.6999999999988 64.1990298814229 102.172713641896 62.9711839318815 22.534219987843 0.208661298409768 -0.0540682815684389
96.7999999999988 64.2712748386758 102.113125408537 63.0017652305142 22.5613006168541 0.202468310523049 -0.0582196508943365
96.8999999999988 64.3437973117712 102.053429242718 63.0332530822093 22.587841002796 0.196360867851577 -0.0628497174289658
96.9999999999988 64.4165900877227 101.993642943765 63.0656256703999 22.6138487366859 0.190342537515628 -0.0680037520303526
97.0999999999988 64.4896455384721 101.933783889759 63.0988610430316 22.6393321144795 0.184416516066906 -0.0736807742510884
97.1999999999988 64.5629556471151 101.87386903843 63.1329371516844 22.6643001227808 0.178585694560806 -0.0798791119572621
97.2999999999987 64.6365120223255 101.81391493756 63.1678318845918 22.6887624149508 0.172853019053375 -0.0866506651567709
97.3999999999987 64.7103059094556 101.753937739131 63.2035230972569 22.7127292834346 0.167221578833635 -0.0940524526224192
97.4999999999987 64.7843282035074 101.69395321362 63.2399886429748 22.7362116319421 0.161694632732176 -0.102146883811276
97.5999999999987 64.8585694640744 101.633976764289 63.2772064033564 22.7592209476293 0.156275642267377 -0.111001941457567
97.6999999999987 64.9330199321467 101.574023441477 63.3151543188513 22.7817692732798 0.150968311516857 -0.120691222143593
97.7999999999987 65.0076695486669 101.514107956896 63.3538104192709 22.8038691794854 0.145776633580818 -0.131293763000868
97.8999999999987 65.0825079747286 101.454244697916 63.3931528543117 22.8255337368275 0.140704943442487 -0.142893558121623
97.9999999999987 65.1575246133088 101.394447741868 63.4331599240783 22.8467764880585 0.135757976903651 -0.155578637598708
98.0999999999987 65.2327086324467 101.334730870295 63.4738101095608 22.8676114203481 0.130940663853706 -0.169456229154031
98.1999999999987 65.3080489901692 101.27510758245 63.5150821019281 22.8880529392353 0.126257379617217 -0.184643235768145
98.2999999999987 65.3835344615679 101.215591106822 63.5569548288133 22.9081158469085 0.121712827084323 -0.201244857562265
98.3999999999987 65.4591536670559 101.156194411887 63.5994074794142 22.92781532219 0.117312388948703 -0.219363844737628
98.4999999999987 65.5348951012805 101.096930216835 63.6424195295489 22.9471669005871 0.113062211482655 -0.239095326920872
98.5999999999987 65.6107471626314 101.037811002296 63.6859707667109 22.9661864543421 0.108969286840471 -0.260519706170946
98.6999999999987 65.6866981833025 100.97884902106 63.7300413151244 22.9848901724834 0.105041529675177 -0.283693199307952
98.7999999999987 65.7627364598702 100.920056308809 63.7746116607995 23.0032945408757 0.101287842119828 -0.308635658436092
98.8999999999987 65.8388502843516 100.861444694834 63.8196626765875 23.0214163222703 0.0977181590797246 -0.335315445064111
98.9999999999987 65.9150279757116 100.803025812765 63.8651756472362 23.0392725363565 0.0943434633862886 -0.36363143898111
99.0999999999986 65.9912579116441 100.74481111134 63.9111322943011 23.0568804397199 0.0911755638302395 -0.393256290745167
99.1999999999986 66.0675285570076 100.686811866388 63.9575147973162 23.0742575034321 0.0882264655513394 -0.423741647065752
99.2999999999986 66.1438284830767 100.629039195889 64.0043058054694 23.0914213846212 0.085508855563904 -0.454646020411967
99.3999999999986 66.2201463832326 100.571504076238 64.0514884455369 23.1083898956727 0.0830360507926516 -0.485393465036998
99.4999999999986 66.2964710886294 100.514217358571 64.099046329674 23.1251809733386 0.080821645505186 -0.515272248664523
99.5999999999986 66.3727915839475 100.457189785071 64.1469635632056 23.1418126478469 0.0788790586691885 -0.543448260729029
99.6999999999986 66.4490970232029 100.400432005291 64.1952247524173 23.158303012011 0.0772209892843279 -0.568997215286636
99.7999999999986 66.5253767455774 100.343954592467 64.2438150123458 23.1746701903389 0.0758588034045138 -0.590957389431171
99.8999999999986 66.6016202912349 100.287768059838 64.2927199745694 23.1909323081427 0.0748018940427232 -0.608400647200738
99.9999999999986 66.6778174170886 100.231882876958 64.3419257949995 23.2071074606479 0.074057070708362 -0.620514452119055
100.099999999999 66.753958112456 100.17630948594 64.3914191615145 23.2232136822036 0.0736274657973398 -0.626859748832898
100.199999999999 66.8300326138681 100.121058315806 64.4411872975416 23.2392689181192 0.0735106125052824 -0.627339486758339
100.299999999999 66.9060314177072 100.066139792017 64.4912179553481 23.2552910031664 0.0737003663996773 -0.621997916749742
100.399999999999 66.9819452914767 100.011564344111 64.5414994052797 23.271297642708 0.0741876664187729 -0.611143721825539
100.499999999999 67.0577652843383 99.9573424132688 64.5920204248422 23.2873063939268 0.0749608553609873 -0.59531102793682
100.599999999999 67.1334827369567 99.9034844598721 64.6427702877836 23.3033346470555 0.0760061342297444 -0.575199351556288
100.699999999999 67.2090892906673 99.8500009710729 64.6937387531766 23.3193996066056 0.0773080963718961 -0.551603941145391
100.799999999999 67.2845768959745 99.7969024683549 64.7449160545003 23.3355182725972 0.078850285044089 -0.525347885936536
100.899999999999 67.3599378203868 99.7441995150973 64.7962928887224 23.351707421788 0.0806157250983498 -0.497224696151081
100.999999999999 67.4351646555911 99.691902724139 64.8478604053813 23.3679835889029 0.0825873924913574 -0.467956162551477
101.099999999999 67.5102503239865 99.6400227653065 64.8996101956647 23.3843630478544 0.0847484735347278 -0.438161476492842
101.199999999999 67.5851880850753 99.588570372013 64.9515342813975 23.4008617927215 0.0870822673375498 -0.408360790138578
101.299999999999 67.6599715424718 99.5375563455006 65.0036251037998 23.4174955181192 0.089572756681321 -0.378972602750062
101.399999999999 67.7345946506535 99.4869915581531 65.0558755121544 23.4342795993266 0.0922048688478845 -0.350310938311617
101.499999999999 67.8090517209203 99.436886956773 65.1082787524702 23.4512290724059 0.0949645456602664 -0.322598104447765
101.599999999999 67.8833374265189 99.3872535658595 65.1608284561464 23.4683586143218 0.097838760972517 -0.295979398187907
101.699999999999 67.957446806911 99.3381024908852 65.2135186286362 23.4856825230602 0.100815499848275 -0.27053784890876
101.799999999998 68.0313752711622 99.2894449215737 65.2663436381106 23.5032146977475 0.103883711765527 -0.246307827090474
101.899999999998 68.1051186004262 99.2412921351768 65.3192982041222 23.5209686187699 0.107033247898445 -0.22328691944517
101.999999999998 68.1786729495014 99.1936554997519 65.3723773862693 23.5389573278919 0.11025479026669 -0.201445868291744
102.099999999998 68.2520348474445 99.1465464773635 65.4255765727553 23.5571934085193 0.113539682841947 -0.180977835430218
102.199999999998 68.3252011974325 99.0999766253175 65.478891466247 23.575688969688 0.116879643276824 -0.162039737647375
102.299999999998 68.3981692761654 99.0539575924001 65.5323180628728 23.5944556395127 0.120267079473812 -0.144530019910966
102.399999999998 68.4709367323976 99.0085011131498 65.5858526285192 23.6135045623621 0.123695089771958 -0.128346602494541
102.499999999998 68.5435015843692 98.9636190020537 65.6394916750231 23.6328463961782 0.127157360110758 -0.113389799649659
102.599999999998 68.6158622161323 98.9193231477429 65.6932319363646 23.6524913097941 0.130648074329328 -0.09956421088401
102.699999999998 68.6880173727698 98.875625507189 65.7470703448593 23.6724489802537 0.134161836963327 -0.0867798614300226
102.799999999998 68.7599661545058 98.8325380999004 65.8010040073506 23.6927285901293 0.13769360769505 -0.0749528055457971
102.899999999998 68.8317080097039 98.7900730021176 65.8550301814024 23.7133388248413 0.141238646533445 -0.0640053542911508
102.999999999998 68.9032427267485 98.7482423410098 65.9091462514915 23.734287869976 0.144792468792104 -0.0538660479465193
103.099999999998 68.9745704248853 98.7070582888445 65.9633497052616 23.7555834086666 0.148350856853802 -0.0444924336170378
103.199999999998 69.0456915460397 98.666533056466 66.0176381113807 23.7772326205687 0.151909954156858 -0.0358456679438304
103.299999999998 69.1166068509179 98.6266788850222 66.0720091014661 23.7992421848904 0.155466057193704 -0.0278687237151643
103.399999999998 69.1873174162678 98.5875080370005 66.1264603536141 23.821618285017 0.159015535581922 -0.0205101157387082
103.499999999998 69.2578246313049 98.5490327872369 66.1809895759894 23.8443666131987 0.162554810323589 -0.0137234184662051
103.599999999998 69.3281301932202 98.5112654139256 66.2355944904161 23.8674923752367 0.166080337080174 -0.00746680422689093
103.699999999998 69.3982361017651 98.4742181896284 66.2902728159678 23.891000295171 0.169588594013484 -0.00170260912188188
103.799999999998 69.4681446529095 98.4379033722837 66.3450222525577 23.9148946199666 0.173076073801756 0.00360306978335691
103.899999999998 69.5378584315701 98.4023331962164 66.3998404645293 23.9391791242009 0.176539279488928 0.0084807446730935
103.999999999998 69.6073803034027 98.3675198631467 66.4547250642465 23.9638571147506 0.179974723869994 0.0129578747957836
104.099999999998 69.6767134057073 98.3334755331538 66.5096735957067 23.9889314354966 0.183378800674713 0.0170428240246053
104.199999999998 69.7458611386096 98.3002123144376 66.5646835187377 24.0144044725024 0.186747371589205 0.0207424983209353
104.299999999998 69.8148271583401 98.2677422500327 66.6197521946788 24.0402781603937 0.190076124542013 0.0240784177911187
104.399999999998 69.8836153706396 98.2360773033203 66.6748768726465 24.0665539892108 0.193360705927987 0.0270700673471935
104.499999999998 69.9522299230843 98.205229343495 66.730054675822 24.0932330112792 0.196596730194775 0.0297350859268376
104.599999999998 70.0206751962663 98.175210131031 66.7852825877396 24.1203158480809 0.199779792301307 0.0320894375109314
104.699999999998 70.0889557938161 98.1460313031482 66.8405574385742 24.1478026971247 0.202905482890421 0.0341475651738164
104.799999999998 70.1570765312557 98.1177043592788 66.8958758914295 24.1756933388171 0.205969406008561 0.0359225294350514
104.899999999998 70.2250424236746 98.0902406465332 66.951234428626 24.2039871433331 0.208967199198664 0.0374261321310937
104.999999999998 70.2928586722245 98.0636513451669 67.0066293379883 24.2326830774873 0.211894555777727 0.0386690269908362
105.099999999998 70.3605306495475 98.0379474540731 67.0620566992471 24.2617797116796 0.214747501486258 0.0396725156603379
105.199999999998 70.4280638870446 98.0131397769738 67.1175123733758 24.2912752288086 0.217523123809362 0.0404556847539427
105.299999999998 70.4954640688452 97.9892389103816 67.1729919993841 24.3211674381763 0.22021873814888 0.0410245030063973
105.399999999998 70.5627370281808 97.9662552322593 67.2284909940475 24.3514537913588 0.222831629836869 0.0413842594272655
105.499999999998 70.6298887433495 97.9441988907064 67.2840045517498 24.3821313981533 0.225359062148831 0.0415396401887712
105.599999999998 70.6969253331523 97.9230797926454 67.3395276443262 24.4131970425248 0.227798285503649 0.0414947953501634
105.699999999998 70.7638530517924 97.9029075925081 67.3950550209057 24.444647198553 0.230146547777451 0.0412533964774806
105.799999999998 70.8306782832342 97.8836916809222 67.4505812077536 24.4764780463787 0.232401105656157 0.0408186860616959
105.899999999998 70.8974075350131 97.8654411733977 67.5061005081146 24.5086854881506 0.234559236942438 0.0401935195099961
105.999999999998 70.964047431493 97.8481648990133 67.5616070020554 24.5412651639724 0.236618253729763 0.0393804003700607
106.099999999998 71.0306047065711 97.8318713891029 67.6170945463423 24.5742124678019 0.238575441065359 0.0384293610870747
106.199999999998 71.0970861959698 97.8165688659546 67.6725567752369 24.6075225621279 0.240427846480272 0.0373892701931468
106.299999999998 71.1634988292926 97.8022652315368 67.7279871036201 24.6411903895399 0.242172522751023 0.0362605565386344
106.399999999998 71.229849621531 97.7889680562371 67.7833787310332 24.6752106830754 0.243806619791245 0.0350435382620608
106.499999999998 71.2961456638574 97.7766845676015 67.838724645755 24.7095779765198 0.245327401298164 0.0337384210086331
106.599999999998 71.3623941136993 97.7654216390721 67.894017628878 24.7442866147061 0.246732261426759 0.0323452942213241
106.699999999998 71.4286021840993 97.7551857787271 67.9492502583857 24.7793307638148 0.248018741338014 0.0308641255170817
106.799999999998 71.4947771323681 97.7459831180191 68.0044149132287 24.8147044216738 0.249184545463156 0.0292947531468937
106.899999999998 71.5609262480399 97.7378194005139 68.0595037774014 24.8504014280583 0.250227557326958 0.0276368765242329
106.999999999998 71.6270568401434 97.7306999706294 68.1145088440193 24.8864154749905 0.251145854773707 0.0258900448033668
107.099999999998 71.6931762238558 97.7246297623799 68.1694219194494 24.9227401170552 0.251937742347952 0.0240695687834659
107.199999999998 71.7592917078983 97.7196132882568 68.2242346288622 24.9593687821192 0.252601783541425 0.0221903405599455
107.299999999998 71.8254105848415 97.7156546284585 68.2789384253866 24.9962947830759 0.253136696888764 0.0202510744391785
107.399999999998 71.8915401222184 97.7127574202561 68.3335246006854 25.0335113299949 0.253541338218305 0.0182503524335764
107.499999999998 71.9576875531124 97.7109248473655 68.3879842955853 25.0710115422859 0.253814709015554 0.0161866011487371
107.599999999998 72.0238600661709 97.7101596293185 68.442308510707 25.1087884608636 0.253955964306812 0.0140580667329514
107.699999999998 72.0900647950508 97.7104640108349 68.496488117095 25.1468350603122 0.253964419964282 0.0118627876898779
107.799999999998 72.156308807301 97.7118397511939 68.5505138668476 25.1851442610496 0.2538395593333 0.0095985653460413
107.899999999998 72.2225990926928 97.7142881136054 68.6043764037465 25.2237089414923 0.253581039094865 0.00726293170895365
107.999999999998 72.288942551012 97.717809854582 68.6580662738877 25.2625219502196 0.253188694280902 0.00485311443640106
108.099999999998 72.355345979314 97.7224052134549 68.7115739363097 25.3015761181049 0.252663141156242 0.00241852913897247
108.199999999998 72.4218160584779 97.7280739056432 68.7648897736062 25.3408642695797 0.252007574556758 8.02909458492283e-006
108.299999999998 72.4883593391953 97.7348151254518 68.818004102493 25.3803792316958 0.251225959115199 -0.00238211772960218
108.399999999998 72.5549822284354 97.7426275526226 68.8709071843589 25.4201138423203 0.25032240850873 -0.00475548789366496
108.499999999998 72.6216909767788 97.7515093590306 68.9235892358144 25.4600609582977 0.249301162460114 -0.00711553084104992
108.599999999998 72.6884916666448 97.7614582153786 68.9760404392417 25.5002134636114 0.248166563621275 -0.00946559539755197
108.699999999998 72.7553902014155 97.7724712978939 69.0282509533442 25.5405642775454 0.246923034560633 -0.0118089547002293
108.799999999998 72.8223922954584 97.7845452950235 69.0802109236955 25.5811063628462 0.245575055060348 -0.0141488298233072
108.899999999998 72.8895034650438 97.7976764141294 69.1319104932895 25.6218327338846 0.244127139916807 -0.0164884123435896
108.999999999998 72.9567290201496 97.8118603881851 69.1833398130893 25.662736464817 0.242583817418058 -0.0188308860813152
109.099999999998 73.0240740571112 97.827092482399 69.2344890525608 25.703810697746 0.240949327599256 -0.0212014762795183
109.199999999998 73.0915434513299 97.8433674989797 69.2853484097826 25.7450486508295 0.239226787690212 -0.0236260335400057
109.299999999998 73.159141848602 97.8606797771819 69.335908120482 25.7864436262638 0.237419069718083 -0.026108936478439
109.399999999998 73.2268736559811 97.8790231914925 69.3861584666474 25.8279890182167 0.235529078073099 -0.028654924236264
109.499999999998 73.2947430328618 97.8983911497459 69.4360897851248 25.8696783207581 0.233559739709452 -0.0312691332063529
109.599999999998 73.3627538823196 97.918776591239 69.4856924762143 25.9115051357909 0.231513994770611 -0.0339571370641156
109.699999999998 73.4309098427071 97.9401719848462 69.5349570122665 25.9534631809822 0.229394787709237 -0.0367249905443901
109.799999999998 73.49921427951 97.9625693271345 69.583873946279 25.9955462976943 0.227205058963197 -0.0395792774455246
109.899999999998 73.5676702774662 97.9859601404782 69.6324339204923 26.0377484589152 0.22494773725103 -0.0425271634036413
109.999999999998 73.6362806329493 98.0103354711746 69.6806276749868 26.0800637771897 0.222625732544445 -0.0455764540446293
110.099999999998 73.7050478466077 98.0356858876753 69.728446056233 26.1224865125161 0.22024244440358 -0.0487048430114538
110.199999999998 73.7739741160696 98.0620014818645 69.7758800244443 26.1650110793467 0.217803289304285 -0.0518881468845972
110.299999999998 73.8430613287473 98.0892718780667 69.8229206578908 26.2076320513149 0.215314126095079 -0.0551319304902462
110.399999999998 73.912311055646 98.1174862450996 69.8695591560158 26.2503441650663 0.212780721381225 -0.0584418422140037
110.499999999998 73.9817245465016 98.1466333084457 69.9157868425055 26.2931423240556 0.210208733560151 -0.0618236219653692
110.599999999998 74.0513027262276 98.1767013624216 69.9615951683601 26.3360216023434 0.207603698893807 -0.0652831071221363
110.699999999998 74.1210461926293 98.2076782823494 70.0069757149633 26.3789772483926 0.204971019594496 -0.0688262363357242
110.799999999998 74.1909552153487 98.2395515367268 70.051920197153 26.4220046888658 0.202315953877737 -0.0724590510168301
110.899999999998 74.2610297359952 98.2723081993977 70.0964204662915 26.4650995324216 0.199643607918714 -0.0761876942962998
110.999999999998 74.3312693694195 98.3059349617225 70.1404685133357 26.5082575735116 0.196958929630366 -0.0800184072141899
111.099999999998 74.4016734060307 98.3404181447492 70.1840564718562 26.5514747961378 0.194266797531426 -0.0839535099866547
111.199999999998 74.4722408137337 98.3757437113907 70.2271766197239 26.5947473765929 0.191572330732462 -0.087994419989428
111.299999999998 74.5429702373216 98.4118972786191 70.2698213774163 26.6380716836166 0.188880662543591 -0.0921459175025118
111.399999999998 74.6138599976285 98.4488641296675 70.3119833049904 26.6814442775346 0.186196850662101 -0.0964124983008969
111.499999999998 74.6849080918183 98.4866292262306 70.3536550990049 26.7248619093585 0.1835258738324 -0.100798303374467
111.599999999998 74.7561121948252 98.5251772206669 70.3948295894426 26.7683215198854 0.180872629936498 -0.105307038176199
111.699999999998 74.8274696619051 98.5644924681997 70.4354997366329 26.8118202387978 0.178241935363315 -0.109941880731543
111.799999999998 74.8989775322563 98.6045590391188 70.4756586281735 26.8553553837634 0.175638525490367 -0.114705378047414
111.899999999998 74.970632533667 98.6453607309818 70.5152994758528 26.8989244595346 0.173067056100177 -0.119599330433005
111.999999999998 75.0424310881505 98.6868810808156 70.5544156125725 26.9425251570487 0.170532105538773 -0.124624663575998
112.099999999998 75.1143693185056 98.7291033772896 70.59300048926 26.9861553525342 0.16803811433077 -0.129801253398555
112.199999999998 75.1864430553201 98.7720106721464 70.6310476715395 27.0298131067947 0.165589217648479 -0.135149572392407
112.299999999998 75.2586478436331 98.8155857897507 70.6685508357871 27.0734966649431 0.163189471574529 -0.14066982011653
112.399999999998 75.330978949885 98.8598113358962 70.7055037649448 27.1172044563129 0.160842926434519 -0.146360862211963
112.499999999998 75.4034313695592 98.9046697065835 70.7419003443243 27.160935094376 0.158553632358989 -0.152220020678004
112.599999999998 75.4759998355096 98.9501430967989 70.7777345574108 27.2046873766613 0.156325644483501 -0.15824285072166
112.699999999998 75.5486788269497 98.9962135092922 70.8130004816675 27.2484602846726 0.154163027546708 -0.164422907154625
112.799999999998 75.6214625790841 99.0428627633557 70.8476922843396 27.2922529838067 0.152069859633547 -0.170751504530206
112.899999999998 75.6943450933591 99.0900725036016 70.881804218258 27.3360648232716 0.150050234804986 -0.177217476613826
112.999999999998 75.7673201483159 99.137824208741 70.915330617644 27.3798953360048 0.148108264348164 -0.183806942335322
113.099999999998 75.840381310997 99.186099200371 70.9482658938934 27.423744238543 0.146248149350864 -0.190465782059771
113.199999999998 75.9135219481073 99.2348786519967 70.9806045308641 27.4676114296415 0.14447440408255 -0.197133143406712
113.299999999998 75.9867352357108 99.284143598648 71.0123410788966 27.5114969857179 0.142791642202428 -0.203780200899776
113.399999999998 76.0600141687738 99.3338749467317 71.0434701483384 27.5554011550451 0.141204493777892 -0.210374551405644
113.499999999998 76.1333515713364 99.3840534838922 71.0739864030478 27.5993243518958 0.139717590686829 -0.216880276057272
113.599999999998 76.2067401073272 99.4346598888719 71.1038845538978 27.6432671506876 0.138335549252202 -0.223258104943707
113.699999999998 76.2801722920025 99.4856747413724 71.1331593522808 27.6872302801277 0.137062950059462 -0.229465698511696
113.799999999998 76.3536405039939 99.5370785319151 71.1618055836127 27.7312146173575 0.13590431500474 -0.235458056636262
113.899999999998 76.4271369979499 99.5888516717016 71.1898180608366 27.7752211820978 0.134864081732275 -0.241188061815822
113.999999999998 76.5006539177559 99.6409745024749 71.2171916179279 27.819251130793 0.133946575741936 -0.246607156998464
114.099999999998 76.5741833103062 99.6934273063358 71.2439211034243 27.863305750767 0.133155822722034 -0.25169654337582
114.199999999998 76.6477171394119 99.7461903144109 71.2700013746523 27.9073864546462 0.132495071029382 -0.256443293614487
114.299999999998 76.7212472991132 99.7992437126046 71.2954272937157 27.9514947754664 0.131967284862485 -0.260807936101921
114.399999999998 76.7947656269071 99.8525676462037 71.3201937241806 27.995632362047 0.131575285069592 -0.264752832651829
114.499999999998 76.8682639172611 99.9061422244363 71.3442955277854 28.039800974377 0.131321726156535 -0.268243000216585
114.599999999998 76.9417339354371 99.959947525032 71.3677275611522 28.0840024789994 0.131209074316502 -0.271246913807223
114.699999999998 77.0151674316335 100.013963598781 71.3904846724973 28.1282388443969 0.131239587068696 -0.273737257079075
114.799999999998 77.088556155455 100.068170474094 71.4125616983421 28.172512136377 0.131415295058111 -0.275691587164064
114.899999999998 77.1618918707194 100.122548161563 71.4339534602238 28.2168245134573 0.131737986500877 -0.277092882804209
114.999999999998 77.235166370612 100.177076658518 71.4546547614067 28.2611782222504 0.132209194666256 -0.277929949577812
115.099999999998 77.3083714931904 100.23173595357 71.4746603836093 28.3055755928525 0.132830115600321 -0.278213017894492
115.199999999998 77.3814991370553 100.286506030662 71.4939650841774 28.3500190343102 0.133601397528844 -0.277960643117521
115.299999999998 77.4545412768498 100.341366871868 71.5125635943846 28.3945110302865 0.134523384198282 -0.27718274536835
115.399999999998 77.5274899788493 100.396298459712 71.5304506181769 28.4390541348059 0.135596194997655 -0.275894417738593
115.499999999998 77.6003374168397 100.451280779456 71.5476208309359 28.4836509680026 0.136819731024597 -0.274115464929659
115.599999999998 77.6730758883064 100.506293821396 71.5640688782401 28.5283042118677 0.13819368315802 -0.271869837581209
115.699999999998 77.7456978309542 100.561317583157 71.5797893746278 28.573016605998 0.13971754162569 -0.269184989361721
115.799999999998 77.8181958395705 100.616332071987 71.5947769023588 28.6177909433432 0.141390606504374 -0.266091185623344
115.899999999998 77.8905626832532 100.671317307045 71.6090260101771 28.6626300659543 0.143211998561319 -0.262620792177582
115.999999999998 77.9627913230158 100.726253321704 71.6225312120728 28.7075368607313 0.145180669846388 -0.258807570880211
116.099999999998 78.0348749297823 100.781120165813 71.6352869860679 28.7525142551835 0.147295339598239 -0.254715728380273
116.199999999998 78.1068069026391 100.835897907377 71.6472877736086 28.7975652135164 0.149554300671448 -0.250410088441983
116.299999999998 78.1785808870852 100.8905666327 71.6585279804985 28.8426927335442 0.151955682135094 -0.245925014891242
116.399999999998 78.2501907934622 100.945106445947 71.6690019784382 28.8878998439298 0.154497532384606 -0.241293276894834
116.499999999998 78.3216308157082 100.999497468671 71.6787041065892 28.933189601436 0.15717782048407 -0.236545731243675
116.599999999998 78.3928954504578 101.053719839339 71.6876286731364 28.9785650881776 0.159994434281551 -0.231711088398089
116.699999999998 78.463979516504 101.107753712871 71.6957699568521 29.0240294088727 0.162945175184373 -0.226815755969652
116.799999999998 78.5348781746325 101.161579260162 71.7031222086586 29.0695856880949 0.166027749537197 -0.221883751518801
116.899999999998 78.6055869478416 101.215176667619 71.7096796531923 29.1152370675248 0.169239756602022 -0.216936675472816
116.999999999998 78.6761017419525 101.268526136685 71.715436490366 29.1609867032018 0.172578673179965 -0.211993734583103
117.099999999998 78.7464188666247 101.321607883373 71.7203868969313 29.2068377627921 0.17604185344408 -0.207084019897293
117.199999999998 78.8165350569926 101.374402137716 71.7245250279922 29.2527934232863 0.179626563860513 -0.202233209751133
117.299999999998 78.8864474962813 101.426889143037 71.7278450184006 29.2988568697852 0.183329904491429 -0.197452121407274
117.399999999998 78.9561538390782 101.479049155152 71.7303409841035 29.3450312947148 0.18714876173329 -0.19274967767493
117.499999999998 79.0256522350457 101.530862441555 71.7320070234896 29.391319897058 0.191079776410834 -0.188133061159456
117.599999999998 79.0949413530527 101.582309280623 71.7328372187345 29.4377258815859 0.195119309357052 -0.183607870580186
117.699999999998 79.1640204057066 101.633369960801 71.7328256371474 29.4842524580895 0.199263404742177 -0.17917827545906
117.799999999998 79.23288917426 101.684024779804 71.7319663325166 29.5309028406114 0.203507751452401 -0.174847166352888
117.899999999998 79.3015480338599 101.734254043805 71.7302533464557 29.5776802466768 0.207847642865018 -0.170616298566229
117.999999999998 79.3699979790982 101.784038066635 71.7276807097493 29.6245878965253 0.212277935418314 -0.16648642791935
118.099999999998 79.4382406498192 101.833357168977 71.7242424436948 29.6716290123481 0.216793022481868 -0.162457771499046
118.199999999998 79.5062783572591 101.88219167761 71.719932561325 29.7188068176624 0.221386837744015 -0.15852955363324
118.299999999998 79.5741141106766 101.930521924777 71.7147450683307 29.7661245370374 0.226052760584212 -0.154699935995738
118.399999999998 79.641751644203 101.978328247608 71.7086739638647 29.8135853959586 0.230783557669974 -0.150966577535512
118.499999999998 79.7091954436978 102.025590987531 71.7017132413415 29.8611926206965 0.235571342880938 -0.147326719962235
118.599999999998 79.776450773499 102.072290489696 71.6938568892361 29.9089494381761 0.240407539821514 -0.143777265379694
118.699999999998 79.8435237029569 102.118407102394 71.6850988918841 29.9568590758463 0.245282847869888 -0.14031484665614
118.799999999998 79.9104211326218 102.163921176475 71.6754332302809 30.0049247615489 0.250187212805639 -0.136935891155454
118.899999999998 79.9771508199449 102.208813064767 71.6648538828809 30.0531497233883 0.255109803138557 -0.133636678458489
118.999999999998 80.0437214043412 102.253063121496 71.6533548263976 30.1015371896 0.260038993336368 -0.130413392691681
119.099999999998 80.1101424314511 102.296651701708 71.6409300365956 30.1500903884218 0.264962367336464 -0.127258115586815
119.199999999998 80.1764243765539 102.339559160815 71.6275734889135 30.1988125479961 0.269866751508452 -0.124163073098142
119.299999999998 80.2425786671654 102.381765854448 71.613279158651 30.2477068963527 0.274738182078409 -0.121124672802065
119.399999999997 80.3086177044238 102.423252138426 71.5980410209861 30.296776661425 0.279561914855211 -0.118139415546879
119.499999999997 80.3745548829287 102.463998368734 71.581853050986 30.3460250710657 0.284322461323398 -0.115203926969116
119.599999999997 80.4404046088053 102.503984901501 71.564709223617 30.3954553530639 0.289003639047244 -0.112314986564994
119.699999999997 80.5061823157712 102.543192092977 71.546603513755 30.4450707351614 0.29358863732198 -0.109469554414141
119.799999999997 80.571904478975 102.581600299506 71.527529896196 30.4948744450693 0.298060098780118 -0.106664795581676
119.899999999997 80.6375886263824 102.619189877509 71.5074823456664 30.5448697104845 0.302400217371063 -0.10389810216536
119.999999999997 80.703253347483 102.655941183457 71.4864548368337 30.5950597591062 0.306590852788331 -0.101167112892153
