#t s x y z curvature torsion
5 0 62.1020482201949 82.4496612205208 0.284559983701661 0.0787930307997915 -0.00202511723405379
5.1 0.0580833373058669 62.1557095709502 82.4274321180324 0.284582572629076 0.0665888910337773 -0.00294611635198441
5.2 0.11617678695468 62.2093187701486 82.4050519918109 0.284763137628224 0.0543896978769396 -0.00483653776782295
5.3 0.174280076789614 62.2628862402492 82.3825481576162 0.285072787764926 0.0422319786150058 -0.00894329954155941
5.4 0.23239253118662 62.316422363244 82.3599478731953 0.285482708270231 0.0301527070204467 -0.0194000233299043
5.5 0.2905131445234 62.3699374342282 82.3372782681381 0.285964246168483 0.0181937077278391 -0.0574481832259536
5.6 0.348640654438966 62.4234416149696 82.3145662737323 0.286488995905396 0.00645221287220619 -0.473917123519314
5.7 0.406773613655983 62.4769448874786 82.2918385528181 0.287028884976126 0.00553061535880746 -0.635031229196885
5.8 0.464910459173885 62.5304570075776 82.2691214296434 0.287556259553336 0.016866900750182 -0.0623665880060399
5.9 0.523049577683287 62.5839874584716 82.246440819719 0.288043970115275 0.0280565131222271 -0.0182006319445152
6 0.581189366096478 62.6375454043173 82.2238221596733 0.288465457073842 0.0389845298191978 -0.00580024746501418
6.1 0.639328286591564 62.6911396433599 82.201290334948 0.288794838808324 0.0495899151236032 0.000842634049469835
6.2 0.697464926160954 62.7447785498004 82.1788695513421 0.289007062246345 0.0597410693996414 0.0065533839789709
6.3 0.755598075174898 62.7984699870576 82.1565830640187 0.289078212218522 0.0692879605340792 0.0121102479837878
6.4 0.813726801492405 62.8522212097614 82.1344528503613 0.288985883360344 0.0780802666698773 0.0179278882918613
6.49999999999999 0.871850504620957 62.9060387653122 82.1124992806692 0.288709554419703 0.0859671434491927 0.0243302769517565
6.59999999999999 0.929968946200466 62.9599283954409 82.0907407888543 0.288230962564436 0.0927972490483357 0.031653773972663
6.69999999999999 0.988082254314515 63.0138949377682 82.0691935431365 0.287534477689858 0.0984189244066155 0.0403124848818745
6.79999999999999 1.04619090006448 63.0679422273644 82.0478711167408 0.286607476726301 0.102680486506928 0.0508679939038734
6.89999999999999 1.10429564593885 63.1220729983096 82.0267841585921 0.285440717946652 0.10543060525251 0.0641307720158434
6.99999999999999 1.16239746677271 63.1762887852524 82.0059400640128 0.284028715273886 0.106518739674088 0.0813301576655041
7.09999999999999 1.2204974458299 63.2305898264711 81.9853426491907 0.282370103908962 0.105848288847934 0.0940341088837961
7.19999999999999 1.27859665931965 63.2849750059495 81.9649919237476 0.280467780287908 0.103533973746969 0.0924918640010414
7.29999999999999 1.33669607997045 63.3394418944948 81.9448841123263 0.278328469182257 0.0997418706242597 0.0746267053802074
7.39999999999999 1.39479650735945 63.3939868298702 81.9250117742773 0.27596206512869 0.094636355963863 0.0356031572704136
7.49999999999999 1.45289852377656 63.4486049984294 81.9053639271174 0.273380965179019 0.0883809807804152 -0.0333368638357364
7.59999999999999 1.51100247727286 63.5032905167507 81.8859261699895 0.270599401650178 0.0811412726648162 -0.147357778088462
7.69999999999999 1.56910849246339 63.5580365132707 81.8666808071214 0.267632774874216 0.0730913957025293 -0.33300001350554
7.79999999999999 1.62721650860562 63.6128352099185 81.8476069712852 0.264496985948283 0.0644290018819031 -0.638155418731273
7.89999999999999 1.68532634371218 63.6676780037494 81.8286807472563 0.261207769484621 0.0554084989667691 -1.15182141203217
7.99999999999999 1.74343778298003 63.7225555485793 81.809875295273 0.257780026360554 0.0464176857285208 -2.03752013602925
8.09999999999999 1.80155068822268 63.7774578389252 81.7911609836464 0.254227166827985 0.0381270670273564 -3.43039668793366
8.19999999999999 1.85966509112838 63.832374353919 81.7725057592989 0.250560722970105 0.0316000242651725 -5.21434894400164
8.29999999999999 1.91778120949635 63.8872943534612 81.7538761222739 0.24679064488564 0.0282124416732537 -6.46973994067879
8.39999999999999 1.9758994338114 63.9422072343474 81.7352383381735 0.242925866220301 0.0287335833716346 -5.94722977288369
8.49999999999999 2.0340203094624 63.9971028887022 81.7165596597473 0.238974880057753 0.0322612985822757 -4.40099248938842
8.59999999999999 2.09214450609362 64.0519720624119 81.6978095484813 0.234946314810573 0.0370373344946411 -3.09740779760868
8.69999999999999 2.15027276487067 64.1068067135586 81.6789608961865 0.23084951011122 0.0416305910273437 -2.3079856252801
8.79999999999999 2.20840581630973 64.1616003708532 81.659991246588 0.226695092702992 0.0451026221634383 -1.92439881747423
8.89999999999999 2.26654426436128 64.2163484920691 81.6408840169135 0.222495552330996 0.0468345861005865 -1.85565095164217
8.99999999999999 2.32468843665513 64.2710488224755 81.6216297194826 0.218265817633104 0.0464254840496003 -2.10661636619587
9.09999999999999 2.38283820757359 64.3257017469317 81.6022271628222 0.214023825024267 0.0438416362619216 -2.75588101861143
9.19999999999999 2.44099284221673 64.3803104771713 81.5826841204894 0.209790905407696 0.0399283830557148 -3.89708759616713
9.29999999999998 2.4991509465288 64.4348808207197 81.5630166486879 0.205591708446609 0.0362553253430349 -5.48247294826004
9.39999999999998 2.55731049725717 64.4894207850015 81.5432478715905 0.201453944662855 0.0351449381832834 -6.63040388360166
9.49999999999998 2.61546892611989 64.5439401751089 81.5234067461895 0.197408120528883 0.0387626935944476 -6.03593221494825
9.59999999999998 2.6736232562822 64.5984501915693 81.5035268271465 0.193487273559708 0.0473600558905937 -4.34494305303826
9.69999999999998 2.73177028542764 64.6529630281143 81.4836450316427 0.189726707404882 0.0596057869203471 -2.84623819761849
9.79999999999998 2.78990680562978 64.7074914694474 81.4638004042285 0.186163726940455 0.0741027375802346 -1.83122458390175
9.89999999999998 2.8480298471874 64.7620484890125 81.444032881674 0.182837373360951 0.0898621079517337 -1.17081471278333
9.99999999999998 2.90613693155519 64.8166468467624 81.4243820578189 0.17978815927133 0.106198900692823 -0.72528846873039
10.1 2.96422631812803 64.871298688608 81.4048859528676 0.177057791710593 0.12255192639539 -0.429569288291088
10.2 3.02229724357404 64.9260151895936 81.3855798982591 0.174688581397945 0.138273007565932 -0.242747730142332
10.3 3.08035014997191 64.980806308064 81.3664957149189 0.172722055466969 0.152737501152586 -0.121260718929036
10.4 3.13838683959292 65.0356805835568 81.3476610070852 0.171197256422364 0.165356130379529 -0.039461404567333
10.5 3.19641051574532 65.0906449363758 81.3290984605801 0.170149029028318 0.175556101875993 0.0181850264238083
10.6 3.25442569206357 65.1457044671653 81.3108251410818 0.169606307196875 0.182773687844622 0.0616126952305878
10.7 3.31243796006343 65.2008622564836 81.2928517923956 0.169590400876311 0.186452585385049 0.097815349525078
10.8 3.37045361379353 65.2561191643767 81.2751821347256 0.170113282939501 0.18604505824892 0.132647082658091
10.9 3.42847914164921 65.3114736299521 81.257812162946 0.171175876072293 0.181014099132302 0.172523865690663
11 3.48652060874681 65.366921470953 81.2407294448732 0.172766339661879 0.170835587997417 0.227048177250605
11.1 3.54458296973055 65.4224556895323 81.2239124401913 0.174858392080648 0.155245760857267 0.310027283311707
11.2 3.60266940974652 65.4780664392515 81.2073303564036 0.177410553252618 0.134977072706823 0.445022626426814
11.3 3.66078091354978 65.5337414013392 81.1909443679988 0.180367723321772 0.111022480876642 0.692372598925011
11.4 3.71891614569942 65.5894663221724 81.1747093726423 0.183663681602978 0.0844175631689355 1.22985775310755
11.5 3.77707161517766 65.6452255569609 81.1585757680221 0.187223620928389 0.0563756166149316 2.77614131424262
11.6 3.83524207967426 65.7010026134289 81.1424912286946 0.190966681993836 0.0292291518407947 10.2375853644116
11.7 3.89342112788586 65.756780695499 81.1264024829307 0.194808487705232 0.0178539509034896 26.9187286649729
11.8 3.9516018666463 65.8125432469751 81.1102570895617 0.198663677524969 0.0389827938834944 5.51667967649485
11.9 4.00977763397861 65.868274495225 81.0940052148248 0.202448441818317 0.0647832870701716 1.95939818792324
12 4.06794265895387 65.9239599948637 81.0776014092098 0.206083056199822 0.0889055010926199 1.03500314464631
12.1 4.12609259357424 65.9795871663864 81.0610063670844 0.20949439927785 0.109903873028634 0.683038264886231
12.2 4.18422483604485 66.0351457034948 81.0441882386072 0.212618038750879 0.127393429127454 0.511085861005349
12.3 4.24233860434279 66.0906276471085 81.0271228051353 0.215399221781309 0.141223861899955 0.412214731298827
12.4 4.30043483378808 66.1460273280698 81.0097932069191 0.217793433721019 0.151267959052062 0.347874870232497
12.5 4.35851594810062 66.2013413047985 80.9921896535765 0.219766940235071 0.157406186065233 0.301165594418902
12.6 4.41658552838707 66.2565683009467 80.9743091345678 0.221297329425417 0.159523267569782 0.263294530447619
12.7 4.47464790603206 66.3117091430534 80.9561551296699 0.222374053954593 0.157507969605721 0.228605301338073
12.8 4.53270770827042 66.3667666981996 80.937737319451 0.22299897316943 0.151253440124374 0.192095837035397
12.9 4.59076938817082 66.4217458116626 80.9190712957453 0.223186895224753 0.140657216474965 0.147186426430511
13 4.64883677378495 66.4766532445709 80.9001782721273 0.222966119207087 0.125620845066128 0.0815802355961698
13.1 4.70691267415004 66.5314976077756 80.8810847848461 0.2223789468945 0.106236562648161 -0.016076420796116
13.2 4.76499858583203 66.586289197347 80.8618221457015 0.221481405056197 0.0833493562041616 -0.184498521787173
13.3 4.82309457551697 66.6410395803534 80.8424252652378 0.220340963737615 0.0580060210795578 -0.608827686716536
13.4 4.88119939301699 66.6957610822647 80.8229312278788 0.219033465085261 0.0313372692688188 -2.54586850204385
13.5 4.93931078264347 66.7504662705737 80.8033778575238 0.217640021807698 0.00667047448246875 -59.278270559613
13.6 4.99742592686678 66.8051674384158 80.7838022831423 0.216243915636527 0.0241129849121154 -4.20447175841105
13.7 5.05554194561132 66.8598760881905 80.7642395043694 0.214927495787372 0.0490678351931475 -0.78382769739919
13.8 5.11365637141521 66.9146024151815 80.7447209571008 0.213769077420862 0.071726259584775 -0.177593727106284
13.9 5.17176752454758 66.9693547911773 80.725273079088 0.212839840103614 0.0908955800986688 0.0659507094150493
14 5.22987472302895 67.0241392480919 80.7059158755339 0.212200726269221 0.105544614288014 0.231094598241868
14.1 5.2879782805933 67.0789589698339 80.6866615071579 0.211899382272487 0.114965654647 0.372714639811089
14.2 5.34607928348072 67.1338139986402 80.6675134624964 0.211968206868396 0.119613319048825 0.504108981997351
14.3 5.40417923796788 67.1887014858183 80.6484672132581 0.212425210846132 0.1202457186473 0.645056841872927
14.4 5.46227971759845 67.2436161569535 80.6295114539142 0.213275984087819 0.117640009320313 0.807163970654503
14.5 5.52038207241956 67.2985507853643 80.6106293637588 0.214515705220526 0.112593116346691 0.997987556185982
14.6 5.57848722959344 67.3534966655579 80.5917998689695 0.216131151268266 0.105920422249076 1.21993868166456
14.7 5.63659559715342 67.4084440866859 80.5729989046678 0.218102707303997 0.0984476309281733 1.46502409528058
14.8 5.69470706877436 67.4633828059994 80.5542006769797 0.220406376101622 0.090986592748209 1.70550611073831
14.9 5.75282111709674 67.518302522305 80.5353789250959 0.223015787787993 0.0842816179581333 1.88425988904109
15 5.81093695638386 67.5731933494202 80.5165081833326 0.22590420949491 0.0789183621725417 1.91697208517554
15.1 5.86905375076969 67.6280462861102 80.4975650332602 0.229046532123316 0.0751199659237949 1.80030129334605
15.2 5.92717081071304 67.6828535945449 80.4785290976117 0.232420662024546 0.0724937604661393 1.61545460939223
15.3 5.98528769146477 67.7376089465356 80.4593833787059 0.236007402086404 0.0705212023378214 1.40265283902288
15.4 6.04340422391376 67.7923074782919 80.4401143386514 0.239789737736289 0.0687258831532896 1.19683799454736
15.5 6.10152051242955 67.8469458416601 80.4207119696171 0.243752100056518 0.0666975218610904 1.02251903941988
15.6 6.1596369069723 67.9015222553608 80.4011698641046 0.247879628899652 0.0640952736382201 0.896147409553622
15.7 6.21775395506093 67.9560365562278 80.3814852852191 0.252157436003814 0.0606399982286278 0.832446385021448
15.8 6.27587233908339 68.0104902504458 80.3616592369411 0.256569868108017 0.0561046551803243 0.853965356334983
15.9 6.33399280465866 68.0648865647887 80.3416965343977 0.261099770067481 0.0503103801706792 1.00914230430535
16 6.39211608631678 68.119230497858 80.3216058741344 0.265727747968961 0.0431392824658318 1.41997597370231
16.1 6.45024283708278 68.1735288665147 80.301399895102 0.270431440897803 0.034676311095842 2.40640717761135
16.2 6.50837355709014 68.2277902273577 80.2810949982517 0.275185017650098 0.0256763870977652 4.87389859352101
16.3 6.5665085130466 68.2820244810095 80.2607105533667 0.279959244459327 0.0182420660610811 10.5751830231516
16.4 6.62464767992675 68.336242351448 80.2402678645008 0.284721777668097 0.0175065985180503 12.1379245958716
16.5 6.68279071539841 68.3904548605324 80.2197891261333 0.289437465051616 0.0253303953705259 5.79155190239241
16.6 6.74093695993512 68.4446728025294 80.1992963793241 0.29406864714117 0.0370828074090741 2.47125460050962
16.7 6.79908545381137 68.4989062186383 80.178810467868 0.298575458547595 0.0502012867883272 1.05116772224946
16.8 6.85723496189926 68.5531638715172 80.1583499944501 0.302916129284749 0.0637906690630517 0.329667642044342
16.9 6.91538399778406 68.6074527198091 80.1379302768001 0.307047286092993 0.0774586649431514 -0.11017050156436
17 6.97353084018882 68.661777392667 80.1175623038474 0.310924253762658 0.0910082523195285 -0.423144374991544
17.1 7.0316735400366 68.7161396732514 80.0972517089393 0.314501365689976 0.104330625619957 -0.617263512077878
17.2 7.08980999056317 68.7705382154645 80.0769981867163 0.317732514476736 0.117253752343455 -0.700695240372503
17.3 7.14793817314936 68.8249688527534 80.0567960361911 0.320572311871721 0.129546927783335 -0.722410136377671
17.4 7.2060564452026 68.8794251401513 80.0366351474841 0.322977488755884 0.140924179209791 -0.70955538467792
17.5 7.26416378155825 68.9338989052889 80.0165020056234 0.324908304359966 0.151043979859667 -0.677859098676664
17.6 7.32225995222571 68.9883807994068 79.9963806943431 0.326329955482121 0.159516613665006 -0.636615144297037
17.7 7.38034562257026 69.0428608483673 79.976253899884 0.327213985705539 0.165913591834482 -0.591294517635195
17.8 7.43842236427619 69.0973290036661 79.9561039147916 0.32753969461607 0.169776936369242 -0.54500770258984
17.9 7.49649256974109 69.1517756934446 79.9359136417164 0.32729554701984 0.170627526240649 -0.499344195069734
18 7.55455926892549 69.2061923735015 79.9156675972128 0.326480582160883 0.167972209946168 -0.454821513547345
18.1 7.61262585493052 69.2605720720977 79.8953529041304 0.32510579642009 0.161477320081233 -0.42678482435727
18.2 7.67069571459766 69.3149097733806 79.8749599873861 0.323194836528839 0.151485289997994 -0.428854791107334
18.3 7.72877180588283 69.3692023911488 79.8544825167835 0.320782942550626 0.138525165337979 -0.463347374311954
18.4 7.78685632507904 69.4234485812357 79.833917053213 0.317915201377372 0.123142089304163 -0.540987850923549
18.5 7.84495051627739 69.4776485476867 79.8132626834438 0.314644773707057 0.105897080052808 -0.687386133328845
18.6 7.90305462014727 69.5318038489354 79.792520654916 0.31103112102136 0.0873757724651888 -0.961693596659298
18.7 7.96116794814655 69.5859172039815 79.7716940105328 0.307138232563295 0.0682190644444723 -1.51397545026811
18.8 8.01928906089746 69.6399922985666 79.7507872234524 0.303032852314848 0.0492263019182329 -2.79242742109384
18.9 8.07741602419448 69.6940335913519 79.72980583188 0.298782705974614 0.0317801157575482 -6.39346518793491
19 8.13554671288615 69.7480461200944 79.70875607386 0.294454727935439 0.0199285363629479 -15.2974983166786
19.1 8.19367912979818 69.8020353069288 79.6876445218069 0.290113302950133 0.0221613061165079 -11.5300126588646
19.2 8.25181166392681 69.8560067403664 79.6664777102465 0.285818889687431 0.0340898593836073 -4.4996180832552
19.3 8.30994319266175 69.9099658981938 79.6452617463223 0.281627613701588 0.0477859128876166 -2.05543790179302
19.4 8.36807309524946 69.963917847089 79.6240019135122 0.277591242292211 0.0611227506504749 -1.06565781433797
19.5 8.42620122481861 70.0178669413425 79.6027022750843 0.273757174052177 0.0735435591271799 -0.559036167818994
19.6 8.4843278432178 70.071816521578 79.5813652775519 0.270168428415545 0.0848545983676133 -0.244209468366747
19.7 8.54245352154058 70.1257686134733 79.5599913541301 0.266863635205472 0.0949816923275465 -0.0143804046231406
19.8 8.60057900982934 70.1797236264811 79.5385785281901 0.26387702418213 0.103909467438703 0.177049047171688
19.9 8.65870508022232 70.2336800525498 79.5171220167159 0.26123841459062 0.11166640332212 0.353552791673197
20 8.71683234872365 70.2876341648447 79.4956138337595 0.258973204708889 0.11832546723371 0.528376563354748
20.1 8.77496108439688 70.3415797240475 79.4740424056169 0.257102365015853 0.124018221656805 0.675005381179547
20.2 8.83309107781203 70.3955078817099 79.4523924907411 0.255642525485018 0.128934325897172 0.769429243502279
20.3 8.89122168094752 70.4494075838209 79.4306458732169 0.254606301812039 0.13324486239101 0.819812441472274
20.4 8.94935192215445 70.5032661714277 79.4087823609724 0.254002715767761 0.137070956242518 0.831014052317211
20.5 9.00748063191547 70.5570699888353 79.3867807957107 0.253837619171488 0.140472984680417 0.806496809388827
20.6 9.06560657343151 70.6108049918065 79.3646200628421 0.254114117864233 0.143447439307292 0.749110998324071
20.7 9.12372857287972 70.664457355762 79.3422801014158 0.254832995681986 0.145930634488659 0.661150682190144
20.8 9.18184564337405 70.7180140839799 79.3197429140525 0.255993138428968 0.147808399158851 0.543949482530244
20.9 9.23995709677902 70.7714636157956 79.2969935768758 0.25759195785089 0.148930912211947 0.397203807189841
21 9.29806263858137 70.8247964348018 79.2740212494445 0.259625815608218 0.149132328605699 0.218123862963318
21.1 9.35616244154344 70.8780056695552 79.2508201704466 0.262090440228793 0.148270529732116 0.0362930488872575
21.2 9.4142571620543 70.9310874994581 79.2273902832126 0.264981161523945 0.146300889208647 -0.119822679091837
21.3 9.4723478489365 70.9840410660842 79.2037369215378 0.268292681642704 0.143237982586132 -0.25598690627232
21.4 9.53043581576709 71.0368681896806 79.1798701253226 0.27201866358949 0.139123252308151 -0.376612818750809
21.5 9.58852252027798 71.0895730781752 79.1558039419764 0.27615131272118 0.134009913326216 -0.485079339125551
21.6 9.6466094558393 71.1421620361853 79.1315557278202 0.280680958244165 0.127951546412659 -0.584086186111844
21.7 9.70469805680239 71.1946431740248 79.1071454494903 0.285595634711413 0.120993238149562 -0.676051748245598
21.8 9.76278961818722 71.2470261167131 79.0825949853413 0.29088066351953 0.113164618153393 -0.763621518242828
21.9 9.82088522935239 71.2993217129826 79.0579274268489 0.296518234405822 0.104474495512138 -0.850446134376725
22 9.87898572088785 71.3515417442868 79.0331663800139 0.302486986945354 0.094907071199332 -0.942602636828988
22.1 9.93709162390455 71.4036986326641 79.0083352674228 0.308761603083627 0.0844839641861898 -1.06070215808353
22.2 9.9952031402355 71.4558051188434 78.983456647422 0.315312686595163 0.0734638105410369 -1.22864089215262
22.3000000000001 10.0533201307617 71.5078738648141 78.9585515767301 0.322107370892503 0.0621630533293515 -1.46919690952897
22.4000000000001 10.1114421358043 71.5599170266366 78.9336389901636 0.32911021376111 0.0508921717187797 -1.82563133045827
22.5000000000001 10.1695684237818 71.6119458261106 78.9087350810191 0.336284103129894 0.039956460976809 -2.38888870283421
22.6000000000001 10.2276980576898 71.6639701224413 78.8838526814576 0.343591162841731 0.0296675436032307 -3.38026969999191
22.7000000000001 10.2858299691559 71.7159979839075 78.8590006428871 0.350993658423984 0.0204015845949871 -5.4423666870558
22.8000000000001 10.3439630310282 71.768035259528 78.8341832163458 0.358454902859024 0.0128840908838129 -10.5348446083872
22.9000000000001 10.4020961214879 71.8200851507294 78.8093994328857 0.365940162354751 0.00929144018542778 -17.4016950729482
23.0000000000001 10.4602281755357 71.872147783013 78.7846424839555 0.373417562115114 0.0118970717401685 -11.4046850486264
23.1000000000001 10.5183582233174 71.924219786525 78.759899118817 0.38085898583532 0.0178560203704881 -6.57139366631592
23.2000000000001 10.5764854175424 71.9762941080981 78.7351494848183 0.388240812038918 0.0252180627313635 -4.44644593034311
23.3000000000001 10.6346090558317 72.0283604108775 78.7103680918441 0.395544236244248 0.0334528384392441 -3.33863815594405
23.4000000000001 10.6927286076108 72.0804057054179 78.6855252196227 0.402755429972773 0.0422656959335059 -2.67079047157465
23.5000000000001 10.7508437464243 72.1324149896841 78.6605883420662 0.409865693482093 0.0513594904766189 -2.23985175742849
23.6000000000001 10.8089543819189 72.1843718890507 78.6355235516108 0.416871608498959 0.0604094953010405 -1.95919832577408
23.7000000000001 10.8670606829356 72.2362592963031 78.6102969835569 0.42377519095229 0.0690757088761622 -1.78626031161887
23.8000000000001 10.9251630819146 72.288060011637 78.5848762404093 0.430584043706188 0.0770205597279527 -1.69951237631631
23.9000000000001 10.9832622510649 72.3397573826592 78.5592318162174 0.437311509292951 0.0839284898602651 -1.6901292226983
24.0000000000001 11.0413590424879 72.3913359443875 78.5333385209155 0.44397682264609 0.0895304065665484 -1.75888306857732
24.1000000000001 11.0994543884947 72.4427820528662 78.5071768869436 0.450605250662476 0.0937510577973773 -1.87103170774386
24.2000000000001 11.1575491860028 72.494084352768 78.4807341151624 0.457227889321897 0.0970239708623043 -1.97114483787857
24.3000000000001 11.2156442272539 72.545233823581 78.4540038512865 0.463880591529278 0.0998410046509809 -2.03778710410377
24.4000000000001 11.2737401769777 72.5962236597807 78.4269855016117 0.47060255251431 0.102583744358365 -2.05444237806101
24.5000000000001 11.3318375799677 72.6470491446194 78.3996835310224 0.477434882060218 0.105484482745757 -2.01294524901882
24.6000000000001 11.3899368915786 72.6977075239137 78.372106761 0.484419176732518 0.108603032146716 -1.91528463191688
24.7000000000001 11.4480385204267 72.7481978798333 78.3442676676309 0.49159609210778 0.111827162079759 -1.77188689527047
24.8000000000001 11.5061428701618 72.7985210046886 78.3161816796138 0.499003915002397 0.114895447612956 -1.59713229825968
24.9000000000001 11.5642503663123 72.8486792747193 78.2878664762682 0.506677135701336 0.117433473477422 -1.404487257617
25.0000000000001 11.6223614548674 72.8986765238829 78.259341285542 0.514645020186913 0.118992432350465 -1.20308324312247
25.1000000000001 11.6804765614634 72.9485179160991 78.23062618529 0.522930202993404 0.11917884702721 -1.02903387199291
25.2000000000001 11.7385960072907 72.9982097773759 78.201741489577 0.531547816333995 0.118001631235022 -0.902499937474761
25.3000000000001 11.7967199068273 73.047759326092 78.1727073508171 0.540505980534383 0.115634260392857 -0.808377292877759
25.4000000000001 11.8548480840949 73.09717436316 78.1435434469374 0.549806830738714 0.112298955589171 -0.735305715549361
25.5000000000001 11.912980020612 73.1464629606459 78.1142686718125 0.559447564241359 0.108247402126944 -0.673932109439538
25.6000000000001 11.9711148388911 73.1956331503898 78.0849008256986 0.569421487818713 0.103748410004096 -0.615656096871606
25.7000000000001 12.0292513222011 73.2446926126249 78.0554563056685 0.579719065060976 0.0990797546099459 -0.551821308653296
25.8000000000001 12.0873879690824 73.293648364598 78.0259497960455 0.590328963703942 0.0945229151440738 -0.473453746141968
25.9000000000001 12.1455230796574 73.3425064491892 77.9963939588378 0.601239102960791 0.090360437615152 -0.371819649383387
26.0000000000001 12.2036548701191 73.3912716235319 77.9667991241732 0.612437700853869 0.0868763775869136 -0.240163981820719
26.1000000000001 12.2617816114357 73.4399470532613 77.9371729864744 0.62391431018795 0.0842834839196166 -0.0945530805546204
26.2000000000001 12.3199017762781 73.4885341530998 77.9075204499101 0.635660559201661 0.0825004963376727 0.0396697099499558
26.3000000000001 12.3780141601223 73.5370327989176 77.8778438527743 0.647670142555794 0.081386837247481 0.153928107609845
26.4000000000001 12.4361179789625 73.5854416861287 77.8481433411407 0.659938516999795 0.0808137097232981 0.242519610253487
26.5000000000001 12.4942129539316 73.6337586937171 77.8184172482582 0.672462585679716 0.0806568129496241 0.302705752582938
26.6000000000001 12.5522993848031 73.6819812482625 77.7886624739472 0.685240382446167 0.0807901650419109 0.334300214640568
26.7000000000001 12.6103782130668 73.7301066879657 77.7588748639948 0.698270756162274 0.0810819838230084 0.338918020888325
26.8000000000001 12.6684510746047 73.7781326266742 77.7290495895511 0.711553055011629 0.0813929089180074 0.319069301273848
26.9000000000001 12.7265203415598 73.8260573179079 77.6991815265245 0.725086810806242 0.0815763620669072 0.277254445849894
27.0000000000001 12.7845891527857 73.8738800188844 77.6692656349776 0.738871423294498 0.0814806366290962 0.21514422134405
27.1000000000001 12.8426614278709 73.9216013416429 77.6392973307228 0.752905853380695 0.0810377951534345 0.165789945729546
27.2000000000001 12.9007417559486 73.9692232687033 77.609272654109 0.767188548045848 0.080524389895802 0.159975317549059
27.3000000000001 12.9588349985747 74.0167483171659 77.5791879239866 0.781717953433225 0.0803045969544708 0.195375121023328
27.4000000000001 13.0169458027595 74.0641783673469 77.5490391888645 0.79649325963515 0.0807428646130998 0.267359708109689
27.5000000000001 13.0750781388676 74.1115134785127 77.5188216702661 0.811515154391392 0.0822095163492305 0.366001819538734
27.6000000000001 13.1332348689832 74.1587507046125 77.4885292060855 0.826786576787549 0.0850933007175019 0.47503538164675
27.7000000000001 13.191417348873 74.2058829100122 77.4581536939441 0.84231347095344 0.0898159618078856 0.57405299952904
27.8000000000001 13.2496250699871 74.2528975852282 77.4276845345466 0.858105539761489 0.0968410963849079 0.643910108034532
27.9000000000001 13.307855352544 74.2997756626603 77.3971080750372 0.874176998525118 0.10667120323859 0.672977599195977
28.0000000000001 13.3661031067116 74.3464903323258 77.366407052356 0.890547328697126 0.119833646419394 0.660524513242639
28.1000000000001 13.4243606957886 74.3930058882017 77.3355600549926 0.907242013488832 0.136646703458636 0.58889924279652
28.2000000000001 13.4826181635342 74.4392773704042 77.3045414630624 0.924292803428584 0.15652380988878 0.474217751499249
28.3000000000001 13.5408641708 74.4852522275703 77.2733226025902 0.941736788689479 0.17858190029534 0.353123842783493
28.4000000000001 13.5990871779605 74.5308727750752 77.2418733781164 0.959615001356465 0.201888477683196 0.240648690678467
28.5000000000001 13.6572765787168 74.5760786838594 77.2101639237007 0.977970999614183 0.225486427659798 0.139880095963096
28.6000000000001 13.7154237196201 74.6208094692559 77.178166253926 0.996849451934815 0.24840454671047 0.0485672047080399
28.7000000000001 13.7735227423924 74.6650069798177 77.1458559149015 1.01629472126593 0.269662084445778 -0.0376557428185054
28.8000000000001 13.831571184952 74.708617886144 77.113213635267 1.03634944921833 0.288274007816838 -0.1241310966436
28.9000000000001 13.8895702822837 74.7515961697079 77.0802269771959 1.05705314025389 0.303261298109639 -0.217173244687285
29.0000000000001 13.947524920572 74.7939056116832 77.0468919873993 1.07844074587342 0.3136691772855 -0.3248039078577
29.1000000000001 14.0054432154718 74.8355222492627 77.0132148216155 1.10054126318522 0.318831097920591 -0.438260455899608
29.2000000000001 14.0633356767989 74.8764359867456 76.979212679735 1.12337670737241 0.319090339933264 -0.54720242529817
29.3000000000002 14.1212140666963 74.9166500610389 76.9449129910003 1.14696203328806 0.315072889902373 -0.657302506401656
29.4000000000002 14.17909030264 74.9561796619282 76.9103519098414 1.17130543094895 0.30743918159498 -0.772403083623665
29.5000000000002 14.2369755510199 74.9950505198392 76.8755727851968 1.19640863541017 0.296872841806406 -0.89506870470808
29.6000000000002 14.2948795389879 75.0332974936001 76.8406246298352 1.2222672366397 0.284067480357512 -1.02665429312304
29.7000000000002 14.3528100910546 75.0709631582025 76.8055605896763 1.24887098939294 0.269710974799091 -1.16702711720049
29.8000000000002 14.410772881455 75.1080963925641 76.7704364131125 1.27620412308728 0.25446616171508 -1.31402158886493
29.9000000000002 14.4687713807731 75.1447509672899 76.7353089203299 1.30424565167668 0.238946234603537 -1.4627576926146
30.0000000000002 14.5268069659219 75.1809841324343 76.7002344726295 1.33296968352625 0.223683044069107 -1.60510709528099
30.1000000000002 14.5848791551582 75.2168552028063 76.665267446445 1.3623457375988 0.209132950220095 -1.73350537635709
30.2000000000002 14.642985901854 75.2524240794097 76.6304588294522 1.39233922375483 0.195780184575883 -1.83270597334999
30.3000000000002 14.7011238816084 75.2877496087624 76.5958551266087 1.4229123396477 0.183966751105392 -1.8779694988277
30.4000000000002 14.7592888023393 75.3228878783509 76.5614973882857 1.45402513173218 0.173788762773104 -1.84538523317998
30.5000000000002 14.8174757302628 75.357890509628 76.527420243096 1.48563656258501 0.165059161405423 -1.71765417026033
30.6000000000002 14.8756793966908 75.3928029510106 76.4936509307219 1.51770557822551 0.157319630902949 -1.48637769581753
30.7000000000002 14.9338944571583 75.4276627708773 76.4602083347435 1.5501921754361 0.149912092238081 -1.14723091450755
30.8000000000002 14.9921156850579 75.4624979505665 76.4271020154663 1.58305846908293 0.142102709797797 -0.687905107766205
30.9000000000002 15.050338095507 75.4973251773742 76.3943312427497 1.6162697594364 0.133251307866743 -0.070653106485086
31.0000000000002 15.108557011658 75.5321481375514 76.3618840288343 1.64979559949178 0.123052806022325 0.789197705289939
31.1000000000002 15.1667681028705 75.5669558485416 76.329736189463 1.68361084486321 0.111972814028479 1.89095697102906
31.2000000000002 15.2249673924428 75.6017220114396 76.2978511406045 1.71769625058713 0.101727526420188 3.13008189024896
31.3000000000002 15.2831512172721 75.6364069532445 76.2661815624786 1.75203791777277 0.0950614335095713 4.24488444599614
31.4000000000002 15.3413162776338 75.6709605893344 76.2346717991846 1.78662628716198 0.094871019392059 4.66189423820298
31.5000000000002 15.3994598269839 75.7053254251805 76.2032602866227 1.82145511526261 0.102417133212187 4.14948031547824
31.6000000000002 15.4575799603007 75.7394395580616 76.1718819804144 1.85652045048179 0.116387410914217 3.202377956733
31.7000000000002 15.5156759329841 75.7732396787774 76.1404707838241 1.89181960925927 0.134077403395632 2.32730146577624
31.8000000000002 15.5737484275561 75.8066640733633 76.10896197568 1.92735015220076 0.152796202563323 1.67933391296057
31.9000000000002 15.6317996801019 75.8396556248043 76.0772946382947 1.96310886021122 0.170310066744826 1.23401019038587
32.0000000000002 15.6898333827582 75.8721648147489 76.0454140853869 1.99909071062822 0.184778003094441 0.934282808158123
32.1000000000002 15.7478542978911 75.904152691965 76.0132742647528 2.03528786844051 0.19487603390411 0.738618401813463
32.2000000000002 15.8058676807839 75.9355929760737 75.9808395044647 2.07168906972386 0.200486747944414 0.609027178114905
32.3000000000002 15.8638788220558 75.9664719662216 75.9480845926342 2.10828000070532 0.201853622047994 0.517184584265743
32.4000000000002 15.9218926781835 75.9967875850308 75.9149942007028 2.14504406904463 0.199273785366584 0.446769992179907
32.5000000000002 15.9799135382247 76.0265483892911 75.8815622814827 2.18196319020094 0.193072978773298 0.386982019077437
32.6000000000002 16.0379447600956 76.0557725806518 75.8477914671973 2.2190185737996 0.183591271518528 0.329096448749986
32.7000000000002 16.0959886036958 76.084487016314 75.8136924675227 2.25619150999884 0.17117427593207 0.263985216970636
32.8000000000002 16.1540461786717 76.1127262197218 75.779283467628 2.29346415585653 0.156168247905819 0.179266834033854
32.9000000000002 16.2121175163601 76.1405313912549 75.7445895262169 2.3308203216969 0.138919591543264 0.0543224329653993
33.0000000000002 16.2702017684963 76.1679494189202 75.7096419735682 2.36824625747725 0.119782037902229 -0.150968068117154
33.1000000000002 16.3282975247325 76.1950318857871 75.6744778044812 2.40573142912519 0.0991646354802191 -0.493786245628101
33.2000000000002 16.3864031196205 76.2218339927453 75.6391389387366 2.44326903410712 0.0776575219519189 -1.11770713494939
33.3000000000002 16.4445167261724 76.2484132663139 75.6036711452506 2.48085585504577 0.0560970464777357 -2.51714423760531
33.4000000000002 16.502636417493 76.2748281817727 75.5681228337446 2.51849185256906 0.036116827880011 -6.50161338146788
33.5000000000002 16.5607602910247 76.3011367830375 75.5325438413186 2.5561797481294 0.0230916693772733 -15.9143272069338
33.6000000000002 16.6188866270659 76.3273953025347 75.496984219026 2.59392460682304 0.0277516615589198 -10.3687504397431
33.7000000000002 16.677014046959 76.3536567810763 75.4614930184468 2.63173342020935 0.0431774804069381 -3.76135830951523
33.8000000000002 16.7351416371017 76.3799696877348 75.4261170782624 2.66961468913015 0.0599011093872826 -1.55577305748568
33.9000000000002 16.7932690078069 76.4063765397179 75.3908998108285 2.70757800652904 0.0751997894676974 -0.653565957268088
34.0000000000002 16.8513962610232 76.4329125222438 75.3558799887505 2.74563364027069 0.0879931933054531 -0.172748569734339
34.1000000000002 16.9095238497998 76.4596041301728 75.3210905496028 2.78379211989102 0.0977519221040286 0.130654004407261
34.2000000000002 16.9676523674648 76.4864683753244 75.2865578724693 2.82206392554956 0.104726021533341 0.342407817551091
34.3000000000002 17.0257823747442 76.5135134297636 75.2523022521738 2.86045943641813 0.10938847194279 0.510995441775048
34.4000000000002 17.0839142589446 76.5407398347716 75.2183388453306 2.89898898127168 0.112241592882219 0.655204314252069
34.5000000000002 17.1420481147257 76.5681417315746 75.1846786345405 2.93766289301003 0.113799987658675 0.779972283990114
34.6000000000002 17.2001836614849 76.5957080920716 75.151329392588 2.97649156317958 0.114576364940835 0.881916716915121
34.7000000000002 17.2583202067634 76.6234239495628 75.1182966466374 3.01548549649502 0.115064989461209 0.95201254064781
34.8000000000002 17.3164566593806 76.651271629478 75.08558464243 3.05465536536108 0.115721673547828 0.978183643598928
34.9000000000002 17.3745915917905 76.6792319801044 75.0531973084803 3.0940120643942 0.116942806972507 0.948813407159846
35.0000000000002 17.4327233484334 76.7072856033152 75.0211392202725 3.13356676494426 0.119049484207886 0.856801251320338
35.1000000000002 17.4908501960928 76.7354140737057 74.9894165447288 3.17333096276903 0.122155925876896 0.728012649222204
35.2000000000002 17.5489705190818 76.7636008563394 74.9580374717227 3.2133163476788 0.125816959823586 0.60117742922909
35.3000000000002 17.607083038729 76.7918314594255 74.9270113434789 3.2535342212594 0.129465293870614 0.488065654651675
35.4000000000002 17.6651869926193 76.8200932856065 74.8963472710198 3.29399473656548 0.13255232114657 0.394051313218133
35.5000000000002 17.7232822492569 76.8483754716536 74.8660527308828 3.33470613096639 0.134548432263208 0.320582250420063
35.6000000000002 17.7813693541001 76.8766687281625 74.8361321618369 3.37567395899221 0.134940367945043 0.267404385142055
35.7000000000002 17.8394495056031 76.9049651792484 74.8065855616005 3.41690032517968 0.133228109329178 0.234286442556687
35.8000000000002 17.8975244635572 76.9332582022417 74.7774070835584 3.45838311691813 0.128922507397248 0.222599625895334
35.9000000000002 17.9555963972828 76.9615422673836 74.7485836334788 3.50011523729546 0.121544137173357 0.237642735324062
36.0000000000002 18.0136676880698 76.9898127775212 74.7200934662305 3.5420838379441 0.110623881713584 0.294015387387742
36.1000000000002 18.0717407073008 77.0180659063535 74.6919048143959 3.58426957228088 0.0959312764318601 0.424127331188993
36.2000000000002 18.1298175751792 77.0462983989776 74.6639753461597 3.62664637898959 0.0781586778247014 0.705919861328406
36.3000000000002 18.187899930146 77.0745072767383 74.6362537282872 3.66918261150389 0.0582855350032634 1.39376932567701
36.4000000000002 18.2459888283888 77.102689504378 74.6086820183791 3.71184269773294 0.0375316332168865 3.60005195017796
36.5000000000002 18.3040847919617 77.1308416557375 74.5811980890211 3.75458882018093 0.0187262469281263 14.8622337126656
36.6000000000003 18.3621879633518 77.1589595794561 74.5537380519345 3.79738259606658 0.0167977527248817 17.856464401803
36.7000000000003 18.4202983144351 77.1870380646721 74.5262386821258 3.8401867574427 0.0333569767816218 3.97543534355523
36.8000000000003 18.4784158548353 77.2150705067234 74.4986398420372 3.88296683131568 0.0511612200960597 1.23386722780895
36.9000000000003 18.5365407870808 77.2430485728472 74.4708869056965 3.92569281976507 0.0668394160876197 0.293431047282809
37.0000000000003 18.594673563609 77.2709618678814 74.4429331828669 3.96834088006309 0.0792153977086597 -0.237070392558342
37.1000000000003 18.6528148142875 77.2987976047866 74.4147423179139 4.01089498579461 0.087653453212644 -0.638823165860651
37.2000000000003 18.7109651515735 77.3265404005629 74.3862900313003 4.05334809398988 0.0923563930241901 -1.00151607894159
37.3000000000003 18.7691249227254 77.3541723904703 74.3575641923686 4.09570205828925 0.0938306984867291 -1.40079850844855
37.4000000000003 18.8272939535989 77.3816734676415 74.3285642347523 4.13796704812061 0.0927482545768065 -1.8865894284074
37.5000000000003 18.8854713125113 77.4090215275183 74.2993005465035 4.18016094887732 0.0900214205060821 -2.49128031485171
37.6000000000003 18.9436551244896 77.4361927122878 74.2697938602202 4.2223087620961 0.0869093250828414 -3.20131807186387
37.7000000000003 19.0018424595471 77.4631616553182 74.2400746431742 4.26444200563494 0.0850891750361819 -3.89199573130226
37.8000000000003 19.0600293119525 77.4899017255949 74.2101824874388 4.306598113851 0.0865072073008439 -4.29859140248757
37.9000000000003 19.1182106813404 77.5163852721565 74.1801655000157 4.34881983777855 0.0928245956397266 -4.19453744280856
38.0000000000003 19.17638076099 77.5425838685313 74.1500796929636 4.39115464530687 0.104754710351403 -3.65405239654877
38.1000000000003 19.2345332372242 77.5684685686093 74.1199883579668 4.43365410826989 0.1218701433875 -2.9307219485174
38.2000000000003 19.2926617811898 77.5940104598685 74.0899610363995 4.47637294924158 0.142678187368369 -2.26090351724108
38.3000000000003 19.3507608287149 77.6191819714192 74.0600714625659 4.51936722450725 0.165388571976493 -1.74640859261439
38.4000000000003 19.4088264150633 77.6439584794015 74.0303951024342 4.56269216674063 0.188329253535159 -1.38085653676388
38.5000000000003 19.4668568854947 77.6683199238201 74.0010066768132 4.6064000145926 0.209994422622879 -1.13141666050552
38.6000000000003 19.5248533927762 77.6922524253777 73.9719776845283 4.65053784227998 0.229007535718692 -0.968821148453184
38.7000000000003 19.5828201046639 77.7157499023102 73.9433739255979 4.69514538917435 0.244084560805211 -0.873754027830724
38.8000000000003 19.6407640611471 77.7388156872202 73.9152530244097 4.74025288939078 0.254016505681511 -0.836972332266924
38.9000000000003 19.698694647088 77.7614641439114 73.8876619528968 4.78587890137665 0.257672032724796 -0.859563359269244
39.0000000000003 19.756622680988 77.7837222842232 73.8606345537143 4.83202813750043 0.25402047983844 -0.956269396187936
39.1000000000003 19.8145591657063 77.8056313414346 73.8341891002862 4.87868933622699 0.242586809383182 -1.13505787082639
39.2000000000003 19.8725138535221 77.8272472144886 73.8083268154955 4.92583424154394 0.224685542662367 -1.3994874078621
39.3000000000003 19.9304940253722 77.8486380458372 73.7830328238529 4.97341939310171 0.202172940300465 -1.78564891413355
39.4000000000003 19.9885037896841 77.8698806701058 73.7582780623084 5.02138902360458 0.177090721968678 -2.3488993338216
39.5000000000003 20.0465439215291 77.8910570193285 73.7340212279337 5.06967799878832 0.151775602399851 -3.1551353654552
39.6000000000003 20.1046121725363 77.9122505281825 73.7102107256044 5.11821475739779 0.12899588926611 -4.21630660698866
39.7000000000003 20.1627039399635 77.9335425392234 73.6867866156826 5.16692425116457 0.111890069261125 -5.29867271358347
39.8000000000003 20.2208131578454 77.9550087081197 73.6636825616994 5.21573088478453 0.103062043661619 -5.79601937543421
39.9000000000003 20.2789332633984 77.9767154088877 73.6408277780374 5.26456145589547 0.102640903169262 -5.34492221969612
40.0000000000003 20.3370580969913 77.9987161391266 73.6181489776127 5.31334809505474 0.107548095205772 -4.42303120214014
40.1000000000003 20.3951826100589 78.0210479765347 73.5955723111279 5.36203117412492 0.11375949621679 -3.66970394463672
40.2000000000003 20.4533032177005 78.0437293687548 73.5730250871443 5.41056139326949 0.119367117380532 -3.20892201769319
40.3000000000003 20.5114177142541 78.0667613078203 73.5504369357756 5.45889978288176 0.123888468938151 -2.94268836355809
40.4000000000003 20.5695250316493 78.0901298379302 73.5277407532013 5.50701688412362 0.127419042921449 -2.78492487386604
40.5000000000003 20.6276250004156 78.1138086145059 73.50487363775 5.55489189787253 0.130275598792052 -2.6720698651721
40.6000000000003 20.6857181477671 78.1377614632476 73.4817778259835 5.60251183366844 0.132779722507776 -2.55984317629942
40.7000000000003 20.7438055423467 78.1619449391909 73.4584016287799 5.64987065866071 0.135120709928306 -2.42116757390597
40.8000000000003 20.8018886790309 78.1863108857633 73.4347003674175 5.69696844655507 0.137277301868446 -2.24459425532266
40.9000000000003 20.8599693858739 78.2108089938414 73.410637309658 5.74381052656052 0.138992927885318 -2.03063155314282
41.0000000000003 20.9180497288317 78.2353893608067 73.3861846058304 5.79040663233626 0.139795853444822 -1.78560080927794
41.1000000000003 20.9761318883281 78.2600050294964 73.3613242037342 5.83677005018209 0.139163112207885 -1.56151625986088
41.2000000000003 21.034217988548 78.2846140043878 73.3360482128572 5.88291674755821 0.137007649833836 -1.38883487580538
41.3000000000003 21.0923099021296 78.3091799407636 73.3103578706986 5.92886445167202 0.133471955797126 -1.24443062970345
41.4000000000003 21.1504090813958 78.3336723111098 73.2842619584069 5.97463170839443 0.128774230554983 -1.10745870976888
41.5000000000003 21.2085164369635 78.35806655141 73.2577751952375 6.02023694041953 0.123166452732002 -0.957292829869861
41.6000000000003 21.2666322688655 78.3823442074368 73.2309166330096 6.06569750542434 0.116911027522461 -0.77157958652005
41.7000000000003 21.3247562499179 78.4064930810454 73.2037080505646 6.11102875422847 0.110274910663807 -0.524690989133106
41.8000000000003 21.3828874579966 78.4305073764662 73.1761723482225 6.15624308895387 0.103545575476329 -0.187275167739723
41.9000000000003 21.4410244529424 78.4543878465973 73.1483319422403 6.20134902118449 0.0970781207123999 0.27066630918471
42.0000000000003 21.4991653950006 78.4781419392978 73.1202071592689 6.24635023012606 0.0913847329970053 0.866472308510219
42.1000000000003 21.5573082042022 78.5017839306701 73.0918146527828 6.2912446404824 0.0871312680050204 1.49030607087817
42.2000000000003 21.6154507428297 78.5253347200868 73.0631663907783 6.33602401296593 0.0847434872932426 1.97878798744463
42.3000000000003 21.6735909731039 78.5488207665663 73.0342700936163 6.38067483610989 0.0845349066510819 2.24920481245697
42.4000000000003 21.7317270986785 78.5722726868921 73.0051302431349 6.4251797307146 0.086580173027845 2.27415980102754
42.5000000000003 21.7898577017128 78.5957238407224 72.9757491137327 6.46951887401046 0.0905768750947397 2.10585496151399
42.6000000000003 21.8479818655701 78.6192089156991 72.946127803453 6.51367142382088 0.0958803017467974 1.83872589542104
42.7000000000003 21.90609926666 78.6427625125579 72.9162672650675 6.5576169427253 0.101644806378093 1.55528470272768
42.8000000000003 21.964210216153 78.6664177302373 72.8861693371604 6.60133682222213 0.106960073265292 1.30356612698064
42.9000000000003 22.0223156325831 78.690204750988 72.8558377752122 6.64481570689173 0.1109304369486 1.10344883403498
43.0000000000003 22.0804169297359 78.7141494254826 72.8252792826836 6.68804291855938 0.112705138124248 0.960858722838851
43.1000000000003 22.1385158114278 78.7382718800351 72.7945045268253 6.73101385806592 0.111688034715568 0.893492546275496
43.2000000000003 22.1966139983313 78.7625856986863 72.763528757362 6.7737308248382 0.108160125832585 0.904184669112454
43.3000000000003 22.2547129795925 78.7870985645619 72.7323714170885 6.81620235856653 0.102672936266182 0.984649484036336
43.4000000000003 22.3128138382159 78.8118134760976 72.7010553553392 6.85844199868193 0.095833538053641 1.13551308920958
43.5000000000003 22.3709171537553 78.8367299853728 72.6696060261842 6.90046702144108 0.0883031520355386 1.35921859985722
43.6000000000004 22.429022981796 78.8618454364456 72.6380506866252 6.94229717701118 0.0808006842408293 1.64842839312578
43.7000000000004 22.4871309034879 78.887156203687 72.6064175947916 6.98395342655496 0.074097330115479 1.96541575466275
43.8000000000004 22.545240133987 78.9126589301154 72.5747352081359 7.02545667931556 0.068975797563414 2.21830203759223
43.9000000000004 22.6033496765597 78.9383517657308 72.5430313816302 7.06682652970145 0.0661239013950195 2.26838301583907
44.0000000000004 22.6614585092908 78.9642356058498 72.5113325659616 7.10807999437136 0.0659812154650033 2.00954973791984
44.1000000000004 22.7195657927127 78.990315303891 72.4796630118788 7.14923026874413 0.0684866998000305 1.53291513812426
44.2000000000004 22.7776710622548 79.0166002198968 72.4480441344493 7.1902859885554 0.0727279765262751 1.05470830214587
44.3000000000004 22.8357743357279 79.0431030828478 72.4164942832436 7.23125177345674 0.0777277631723581 0.669958570800977
44.4000000000004 22.8938761492613 79.0698381887117 72.385028672431 7.27212927566163 0.0826691462400412 0.396033902509962
44.5000000000004 22.951977541839 79.0968195729447 72.353659317025 7.31291824801637 0.0868537917563886 0.21770125627224
44.6000000000004 23.0100799861884 79.124059182993 72.3223949691295 7.35361761207098 0.0896516402521767 0.11420688567565
44.7000000000004 23.0681852620467 79.1515650507935 72.2912410541839 7.39422652615012 0.0904662547287666 0.0700404538429602
44.8000000000004 23.1262952697688 79.179339465275 72.2601996072099 7.43474545342395 0.0887162740666562 0.0792684147601251
44.9000000000004 23.184411786886 79.2073771448597 72.2292692090562 7.47517722997906 0.083828408537297 0.151102721816347
45.0000000000004 23.2425361775664 79.2356634099638 72.1984449226453 7.51552813288937 0.0752399541745065 0.327727157800311
45.1000000000004 23.3006690763842 79.2641723892839 72.1677182376166 7.55580893290917 0.0626372570730658 0.707361735381966
45.2000000000004 23.3588101199316 79.2928661044927 72.1370772333309 7.59603554734129 0.046671577450855 1.65208747270829
45.3000000000004 23.4169578565236 79.3216957847426 72.1065072961691 7.6362286779655 0.0285827304807086 5.23034431581325
45.4000000000004 23.4751098296014 79.3506040595795 72.0759920551911 7.67641304914208 0.0132190705660188 27.0707956901122
45.5000000000004 23.5332627929229 79.3795271856411 72.0455143261931 7.71661663053746 0.0222510569485254 9.86977626777296
45.6000000000004 23.5914130272876 79.4083972733553 72.0150570557644 7.75686985984989 0.043659422465686 2.43454577355337
45.7000000000004 23.6495567195671 79.4371445136387 71.9846042653447 7.79720486553519 0.0663867850142684 0.879060565407769
45.8000000000004 23.7076903583347 79.4656994045949 71.9541419952809 7.83765468953235 0.0886909904044118 0.311670344333937
45.9000000000004 23.7658110976631 79.493994978213 71.9236592488847 7.87825250998925 0.109666389443753 0.0182416831982535
46.0000000000004 23.8239170416499 79.5219690270661 71.893148936489 7.91903086398834 0.128560175850616 -0.181112889540424
46.1000000000004 23.8820074081373 79.5495663147556 71.8626088054997 7.9600208724049 0.14477584127552 -0.322584719974136
46.2000000000004 23.9400825703963 79.576740363756 71.8320420062947 8.00125152021308 0.1581326137787 -0.418202497999616
46.3000000000004 23.998144034664 79.6034541705041 71.8014567337355 8.04274907754384 0.168553462662505 -0.492230842404748
46.4000000000004 24.0561943455645 79.6296804978889 71.7708655045285 8.0845365761906 0.175960335749709 -0.557918261158834
46.5000000000004 24.1142369103373 79.6554021514872 71.7402844205784 8.12663328824757 0.180273387360157 -0.624340976824203
46.6000000000004 24.1722757550992 79.6806122557994 71.709732432343 8.16905420474797 0.181413853784647 -0.699663722738763
46.7000000000004 24.230315228844 79.7053145304848 71.6792306021872 8.21180951430235 0.179309734020368 -0.793446024494392
46.8000000000004 24.2883596728596 79.7295235665976 71.6488013677376 8.25490408173689 0.173905292232738 -0.919317168782932
46.9000000000004 24.3464130756942 79.7532651028226 71.6184678052363 8.29833692673163 0.165177793568812 -1.09941496692965
47.0000000000004 24.404478736693 79.7765763017106 71.5882528928959 8.34210070245876 0.15316992993899 -1.3731906244322
47.1000000000004 24.4625589638173 79.7995059972426 71.5581787804616 8.38618119255255 0.138258271503408 -1.79521003733627
47.2000000000004 24.5206548286332 79.8221141969281 71.5282662202009 8.43055728470065 0.121853709626014 -2.41708541823113
47.3000000000004 24.57876604255 79.8444696915682 71.498534407664 8.47520215412095 0.105899792963868 -3.27409202101122
47.4000000000004 24.6368910420206 79.8666469195529 71.4690009838719 8.52008492365981 0.0927443122833657 -4.25536234602977
47.5000000000004 24.6950272628476 79.8887228024873 71.4396820437117 8.56517234222195 0.084837595354484 -4.91310236819451
47.6000000000004 24.75317153673 79.9107735808168 71.4105921443326 8.61043046320031 0.0835815479832219 -4.69958316090877
47.7000000000004 24.8113205354937 79.9328716494535 71.3817443135419 8.65582632290598 0.088084295519971 -3.71966472145644
47.8000000000004 24.8694711893204 79.9550823934015 71.3531500582009 8.70132961899803 0.0956673982441551 -2.54765185104366
47.9000000000004 24.9276210136842 79.9774610233828 71.3248193726202 8.74691438891338 0.103455474620685 -1.50268889804985
48.0000000000004 24.9857682956294 80.0000494114633 71.2967607469563 8.79256068829675 0.109217775119072 -0.592027861164087
48.1000000000004 25.0439121125748 80.0228729723818 71.2689811737963 8.83825624421879 0.111632751858117 0.182239748711406
48.2000000000004 25.1020521689346 80.045938733171 71.2414861076587 8.88399745289135 0.110701510068641 0.845318818734122
48.3000000000004 25.1601884900027 80.0692364192111 71.2142793049743 8.92978871341345 0.107128582241506 1.49749218066026
48.4000000000004 25.2183211190359 80.0927407285749 71.187362616983 8.97564110601423 0.102003838229089 2.18786660407823
48.5000000000004 25.2764498986048 80.1164136520762 71.1607357808193 9.02157104508429 0.096727358956869 2.90041886868088
48.6000000000004 25.3345743592267 80.1402067933188 71.1343962105985 9.06759893220701 0.0928922822294088 3.52027559047928
48.7000000000004 25.3926937153177 80.1640636887448 71.1083387885023 9.1137478091898 0.091970732036521 3.85226074403496
48.8000000000004 25.45080695105 80.1879221276834 71.0825556558648 9.16004201109551 0.0947946762471674 3.77172068831262
48.9000000000004 25.5089129656184 80.2117164723996 71.0570360042581 9.20650581927367 0.101185402990863 3.36569187509735
49.0000000000004 25.5670107386957 80.2353799781425 71.0317658665785 9.25316211439181 0.110104104783461 2.84362330838594
49.1000000000004 25.6250994740806 80.2588471019182 71.0067279145093 9.30003104052099 0.120231732756829 2.36940823120455
49.2000000000004 25.6831787218604 80.2820555180769 70.9819014217986 9.34712895662938 0.130652812157945 1.98779194206865
49.3000000000004 25.7412485341826 80.3049473896636 70.9572626484482 9.39446811765049 0.14068389360126 1.69098613677102
49.4000000000004 25.7993096009618 80.3274703465837 70.9327853907174 9.4420566429596 0.149754244559655 1.46406754370108
49.5000000000004 25.8573633211641 80.3495784524919 70.9084415375036 9.48989849590425 0.157373527598304 1.29307434555902
49.6000000000004 25.9154118011616 80.3712331716824 70.8842016267231 9.53799346333486 0.163107226532817 1.1674565284286
49.7000000000004 25.9734577763276 80.3924043359773 70.8600354016923 9.58633713513518 0.16656067917763 1.08050513436144
49.8000000000004 26.0315044560202 80.4130711116168 70.8359123675081 9.63492088375295 0.167370037528317 1.0294484883889
49.9000000000004 26.0895552968683 80.4332229661478 70.8118023474291 9.68373184373037 0.165198641367131 1.01605664614134
50.0000000000004 26.1476137148175 80.452860635314 70.7876760392561 9.73275289123466 0.159738438063425 1.04856802419168
50.1000000000004 26.2056827524931 80.4719970624457 70.7635055685797 9.78196263255173 0.150890679103368 1.14398866421039
50.2000000000004 26.2637647293672 80.490657622879 70.739264960555 9.83133562561992 0.139298909444638 1.3148987633724
50.3000000000004 26.3218609549174 80.5088785334474 70.7149304048626 9.8808431931272 0.125842225041184 1.5774830760037
50.4000000000004 26.3799715928347 80.5267045470015 70.6904804391965 9.93045446864855 0.11147414341793 1.95507708991781
50.5000000000004 26.4380956837374 80.5441866194299 70.6658961296196 9.98013745174637 0.0972399169807299 2.46711448804449
50.6000000000004 26.4962313017384 80.5613795766803 70.6411612509175 10.0298600630709 0.0842782625494444 3.09456855278816
50.7000000000005 26.5543758107355 80.5783397817808 70.6162624669542 10.0795911994607 0.0737402066363998 3.7101511835572
50.8000000000005 26.6125261813152 80.5951228018603 70.5911895110266 10.129301789043 0.0665045343711815 4.03765710718113
50.9000000000005 26.6706793281454 80.6117810751699 70.565935366219 10.1789658463343 0.062681953287844 3.81830038152293
51.0000000000005 26.7288324306096 80.628361578104 70.5404964457584 10.2285615273405 0.0613145410163141 3.08627060078481
51.1000000000005 26.7869832042017 80.6449035208132 70.514872767485 10.2780721697571 0.0607839886879546 2.23624749534168
51.2000000000005 26.8451300549282 80.661436786219 70.4890679753433 10.3274869457553 0.0598304545321543 1.54379259489065
51.3000000000005 26.9032720439179 80.677982256122 70.4630889725372 10.3768005313333 0.0578387908319937 0.994690958315392
51.4000000000005 26.9614087685993 80.6945528807117 70.4369454017063 10.4260123882542 0.0546183812595558 0.537570136973347
51.5000000000005 27.0195402345538 80.7111547766684 70.4106491192172 10.475126031083 0.0502333446329888 0.117554833591079
51.6000000000005 27.0776667364825 80.7277883252647 70.3842136694548 10.5241482942235 0.0449027342722611 -0.32101186193746
51.7000000000005 27.1357887577796 80.7444492704675 70.3576537591147 10.5730885989563 0.0389492886595134 -0.842188893265491
51.8000000000005 27.1939068924328 80.7611298170402 70.3309847314942 10.621958220475 0.0327792624675436 -1.52652455091194
51.9000000000005 27.2520217884069 80.777819728644 70.3042220407842 10.670769554924 0.0268821762502587 -2.45851286454296
52.0000000000005 27.3101341083055 80.7945074259399 70.2773807263609 10.7195353864354 0.0218294119956383 -3.61907750475453
52.1000000000005 27.3682445013195 80.8111810778703 70.2504748929229 10.7682681601565 0.0181673760052039 -4.76764420874538
52.2000000000005 27.4263535880371 80.8278295156025 70.2235173426137 10.8169794110289 0.0161682544907372 -5.36825717969585
52.3000000000005 27.4844619651498 80.8444426963103 70.1965195929528 10.865679587935 0.0157392823254489 -4.97365357828439
52.4000000000005 27.5425702119324 80.8610119896172 70.1694920467516 10.9143780335961 0.0163670535870982 -4.01729201277193
52.5000000000005 27.6006788894137 80.8775304572204 70.1424441678758 10.9630829704607 0.017407293726094 -3.13436146692691
52.6000000000005 27.6587885325071 80.8939931325136 70.1153846570066 11.0118014865931 0.0183624065885318 -2.5658362908237
52.7000000000005 27.7168996359365 80.9103973002103 70.0883216274028 11.060539521562 0.0189262801113137 -2.32420431237637
52.8000000000005 27.7750126350535 80.9267427759672 70.0612627806626 11.1093018523282 0.0189407453269377 -2.39758874942409
52.9000000000005 27.8331278829703 80.9430321860072 70.0342155824856 11.1580920791338 0.0183724393532029 -2.82662673353247
53.0000000000005 27.8912456258225 80.9592712467431 70.0071874384341 11.2069126113901 0.0173436929311781 -3.71882183113653
53.1000000000005 27.9493659786582 80.9754690337783 69.980185865603 11.2557646550889 0.0162664201417942 -4.92533188555992
53.2000000000005 28.0074889103761 80.9916379747308 69.9532185578885 11.304648239804 0.0159129738880806 -5.71515326386197
53.3000000000005 28.0656142500515 81.0077931409922 69.9262931811617 11.3535623461903 0.0169058473368241 -5.3896301468084
53.4000000000005 28.1237417066497 81.0239512633097 69.8994170620426 11.4025050730743 0.0192509544127577 -4.25235053580098
53.5000000000005 28.181870893607 81.0401297367456 69.8725968725806 11.4514738060661 0.022427557026954 -3.08188973100042
53.6000000000005 28.2400013536178 81.056345625637 69.8458383149357 11.5004653861723 0.0257977707543646 -2.1980529917808
53.7000000000005 28.298132578836 81.0726146685555 69.8191458060595 11.5494762784083 0.0288059152375825 -1.58707784861445
53.8000000000005 28.3562640220273 81.0889502832669 69.7925221623759 11.5985027404111 0.0309887239083824 -1.16485271361703
53.9000000000005 28.4143950952105 81.1053625716908 69.7659682844624 11.6475409910515 0.0319437704447828 -0.859865155390912
54.0000000000005 28.4725251539942 81.1218573248603 69.7394828417309 11.696587379047 0.0313046344875913 -0.618490815488371
54.1000000000005 28.5306534686723 81.1384350415461 69.7130619613224 11.7456385498306 0.0288064735806165 -0.444139590730122
54.2000000000005 28.5887791991041 81.155090302154 69.6866990265512 11.794691567093 0.0245233479803446 -0.349649436176805
54.3000000000005 28.6469014056087 81.171812044471 69.6603847534394 11.8437439192634 0.018632041416855 -0.339518760957899
54.4000000000005 28.7050190881092 81.1885841946852 69.6341073768004 11.8927934806621 0.0113427837079335 -0.593126854063576
54.5000000000005 28.7631312459722 81.2053863120696 69.6078528405371 11.9418384709107 0.00324939190739274 0
54.6000000000005 28.8212369596956 81.2221942336661 69.581604987939 11.9908774143424 0.00743598842051882 -1.40572315128181
54.7000000000005 28.8793354941237 81.2389807189697 69.55534575198 12.0399090994113 0.0178489923935932 -0.259246991336912
54.8000000000005 28.9374264211761 81.2557160946128 69.5290553456163 12.0889325381027 0.0290803866954352 -0.0733833500585745
54.9000000000005 28.9955097586474 81.2723688990486 69.5027124520834 12.1379469253429 0.0408441468733278 0.00425331400567011
55.0000000000005 29.0535861204607 81.2889065272357 69.476294415194 12.1869515984092 0.0529355243770198 0.0534386008451337
55.1000000000005 29.1116568697413 81.3052958686197 69.4497774350647 12.2359459978425 0.065174635379041 0.0578339921768983
55.2000000000005 29.1697241912278 81.3215037708638 69.4231369049914 12.2849296674363 0.0774389351190954 0.0161221662444392
55.3000000000005 29.2277909547609 81.3374970612452 69.3963481066278 12.3339023534176 0.0896161800697386 -0.0482993169442737
55.4000000000005 29.2858604913588 81.353242393801 69.3693870463134 12.3828641427039 0.101594822942544 -0.125778963517104
55.5000000000005 29.3439363560125 81.3687060897716 69.3422312968297 12.4318156026636 0.113271252463334 -0.212275739830238
55.6000000000005 29.4020220770136 81.383853978043 69.314860839157 12.4807579208752 0.12455789913128 -0.306293460382489
55.7000000000005 29.4601208894346 81.398651235591 69.2872589042312 12.5296930448879 0.135392173991158 -0.407535038742579
55.8000000000005 29.5182354517159 81.4130622279239 69.2594128146998 12.578623821981 0.145746448592832 -0.516199561543509
55.9000000000005 29.5763675460609 81.427050349526 69.2313148266792 12.6275541389243 0.155639303949964 -0.632512384668666
56.0000000000005 29.6345177654775 81.4405778643005 69.202962971511 12.6764890617377 0.165148154779692 -0.7563065497368
56.1000000000005 29.6926851981384 81.4536057496738 69.174361880714 12.7254349709669 0.174442303152178 -0.857894483852162
56.2000000000005 29.7508672510367 81.4660936358873 69.1455231740287 12.7743995803711 0.183806308114841 -0.912817085809298
56.3000000000005 29.8090598425699 81.4779999869164 69.1164647383848 12.8233916596538 0.193493409092657 -0.927008890658705
56.4000000000005 29.8672577649491 81.4892823765782 69.0872095699606 12.8724206406064 0.203676960083236 -0.90607534079659
56.5000000000005 29.9254550827857 81.4998977682988 69.0577845994381 12.9214962187665 0.214442229503927 -0.855900872665652
56.6000000000005 29.9836455557928 81.5098027948812 69.0282195172581 12.970627955077 0.225788095068021 -0.782508830528699
56.7000000000005 30.0418230760915 81.5189540382737 68.9985455988754 13.0198248775446 0.237636349124137 -0.691588724248614
56.8000000000005 30.099982108744 81.5273083093375 68.9687945300138 13.069095082899 0.249845830231314 -0.588012623082529
56.9000000000005 30.1581181230962 81.5348229276142 68.9389972319215 13.1184453382511 0.262228811482281 -0.475519082149208
57.0000000000005 30.2162280022989 81.5414560010943 68.9091826866256 13.1678806827523 0.274567854646381 -0.356606595006521
57.1000000000005 30.27431041577 81.5471667100295 68.8793767700863 13.2174040297448 0.286610350949991 -0.240339317432764
57.2000000000005 30.3323660612445 81.5519156958976 68.849601290702 13.2670157817006 0.29802579381561 -0.133441324705816
57.3000000000005 30.3903976238752 81.5556657172974 68.8198735490959 13.3167134776217 0.308492348102043 -0.0336161210244556
57.4000000000005 30.4484095590525 81.5583824109952 68.7902061032546 13.3664914532296 0.317721404384754 0.0617321505360155
57.5000000000005 30.5064077738449 81.5600350570169 68.7606065415646 13.4163405016456 0.32545940607438 0.155380529545098
57.6000000000005 30.5643992108572 81.5605973437396 68.7310772558497 13.4662475340716 0.331491820795537 0.250285948000018
57.7000000000006 30.6223913387102 81.5600481329831 68.7016152144076 13.5161952404707 0.335649458807588 0.349659555227304
57.8000000000006 30.6803915573741 81.5583722251019 68.6722117350468 13.5661617502478 0.337817476421093 0.457089961195227
57.9000000000006 30.7384065309686 81.5555611240764 68.6428522581235 13.6161202929306 0.337947736777154 0.576692204705098
58.0000000000006 30.7964414652321 81.5516138026053 68.6135161195787 13.66603885885 0.336075742790634 0.713246172580534
58.1000000000006 30.8544993603348 81.5465374515998 68.5841763377578 13.7158798765656 0.33242218299863 0.852114749117223
58.2000000000006 30.9125804927988 81.5403478241699 68.5547997585966 13.7656003256521 0.327589795652879 0.973972632426084
58.3000000000006 30.9706825619837 81.5330685502388 68.5253481105023 13.8151529546352 0.322208369313442 1.07542912321755
58.4000000000006 31.0288012205707 81.5247300456484 68.4957794176008 13.864487934287 0.316799902597185 1.15161398885738
58.5000000000006 31.086930759053 81.5153684056675 68.4660494267664 13.913554527668 0.31173736072585 1.19733586169681
58.6000000000006 31.1450648996056 81.5050242985008 68.4361130346515 13.9623027601679 0.307210475018182 1.20833499936493
58.7000000000006 31.203197657381 81.4937418587974 68.4059257147175 14.0106850895466 0.303204874028164 1.18227147548822
58.8000000000006 31.2613242247179 81.4815675811596 68.375444944264 14.0586580759758 0.299499927005616 1.11904064493325
58.9000000000006 31.3194418342971 81.4685492136514 68.3446316314593 14.1061840520796 0.295687390090198 1.02020021987549
59.0000000000006 31.3775505609078 81.4547346513069 68.3134515423702 14.1532327929761 0.291208919292037 0.887598620104836
59.1000000000006 31.4356540109227 81.4401708554612 68.2818767017862 14.1997831549113 0.285462733864039 0.769094449884833
59.2000000000006 31.4937594460469 81.4249034444407 68.2498861126897 14.2458238973136 0.27812292083278 0.71385639166683
59.3000000000006 31.5518766778011 81.4089779884781 68.2174647461353 14.2913524319913 0.269144198581511 0.726455249535527
59.4000000000006 31.6100165025133 81.3924419759875 68.1846018497754 14.3363727557497 0.258690733281802 0.814753523402323
59.5000000000006 31.6681891672955 81.3753468056613 68.1512892301798 14.3808933516022 0.247133116246313 0.990235796542464
59.6000000000006 31.7264029255424 81.3577497785672 68.1175195351551 14.4249250899805 0.23509836200392 1.26606990925031
59.7000000000006 31.7846627184917 81.339716090245 68.0832845360645 14.4684791299454 0.223582817621167 1.64959139385048
59.8000000000006 31.842969020453 81.3213208228037 68.0485734101472 14.5115648203974 0.214124352992477 2.12315444198712
59.9000000000006 31.9013168923789 81.302650937018 68.013371022838 14.5541876012869 0.208971133904132 2.61121864811322
60.0000000000006 31.9596953020993 81.2838072644257 67.9776562100867 14.5963469048255 0.211057533598268 2.96144012932789
60.1000000000006 32.018086811386 81.2649064344705 67.9414000945729 14.6380340859683 0.223230212619963 2.93980342971322
60.2000000000006 32.0764682397796 81.2460811128548 67.904565283179 14.679231113979 0.246052932006939 2.54297477382661
60.3000000000006 32.1348130890515 81.2274759529594 67.8671073015084 14.7199111959725 0.277809596484346 2.00304616033367
60.4000000000006 32.193094671575 81.2092418584732 67.8289769096626 14.7600401615385 0.315689799052865 1.48931837459846
60.5000000000006 32.2512892015483 81.1915301810686 67.7901224519131 14.7995778766384 0.356687358219402 1.06291630986648
60.6000000000006 32.3093785958409 81.174486918077 67.7504922063736 14.838479657502 0.397963128763076 0.723337206200618
60.7000000000006 32.3673527334979 81.1582469101649 67.7100367346713 14.8766976845237 0.436886985163336 0.449544148483769
60.8000000000006 32.4252109232534 81.1429280390089 67.6687112316195 14.9141824161594 0.47099535181453 0.217693348265265
60.9000000000006 32.4829623531285 81.1286254249719 67.6264778748889 14.9508840028227 0.497971770785993 0.0055038671520518
61.0000000000006 32.5406253513592 81.1154056247784 67.5833081746801 14.9867537007818 0.51568196641687 -0.208828885662872
61.1000000000006 32.598225379356 81.1033009241887 67.5391852925332 15.0217452814822 0.522753932692822 -0.414239663530487
61.2000000000006 32.6557919011653 81.0923061006363 67.4941055577328 15.0558163219506 0.520097264223631 -0.596330493728953
61.3000000000006 32.7133549256806 81.0823814557701 67.448077946837 15.0889291933279 0.509342345195333 -0.76675505495334
61.4000000000006 32.7709420954881 81.073458317961 67.4011227608009 15.1210519304838 0.492243068587973 -0.930834115822085
61.5000000000006 32.8285765956345 81.0654446398049 67.3532702712386 15.1521590970573 0.47057304521888 -1.08899248578979
61.6000000000006 32.8862759307461 81.058230595628 67.3045593666848 15.1822326504969 0.44601806307665 -1.23698427900302
61.7000000000006 32.9440515214974 81.0516941789907 67.2550361988569 15.2112628071016 0.420063143241404 -1.36575040017671
61.8000000000006 33.0019089997382 81.0457068001914 67.2047528289166 15.2392489070612 0.393875075585051 -1.46164817288476
61.9000000000006 33.0598490357102 81.0401388837713 67.1537658737317 15.2662002794967 0.368187723589057 -1.50763558531818
62.0000000000006 33.1178685099751 81.0348654660187 67.1021351521384 15.2921371075011 0.343208355319506 -1.48530488008679
62.1000000000006 33.1759618323803 81.0297717373346 67.0499223343817 15.3170912594218 0.318715878593799 -1.43303527562966
62.2000000000006 33.2341219470048 81.0247571510179 66.9971896742169 15.3411062424355 0.294751665171062 -1.39961978398857
62.3000000000006 33.2923405195249 81.0197358929546 66.9439989508403 15.3642349280967 0.271616841529912 -1.37986051187228
62.4000000000006 33.3506079046266 81.0146359177269 66.8904104934796 15.3865364001772 0.249739830394516 -1.36429315445347
62.5000000000006 33.4089132349173 81.0093979295821 66.836482209164 15.4080727687495 0.229624038825285 -1.33767944154873
62.6000000000006 33.4672446348635 81.0039743634035 66.7822686104943 15.4289059842688 0.211798062387773 -1.27794775433338
62.7000000000006 33.5255895388216 80.9983283656804 66.7278198434124 15.4490946516554 0.196770931137691 -1.15732135391898
62.8000000000006 33.5839350880075 80.992432775478 66.6731807149716 15.4686908443775 0.185003904772103 -0.947899971590659
62.9000000000006 33.6422685842016 80.9862691054078 66.6183897211063 15.4877369185331 0.176921143995701 -0.632841841408885
63.0000000000006 33.700577988018 80.9798265225975 66.5634780744021 15.506262326933 0.172982960549913 -0.220852097925019
63.1000000000006 33.7588524648458 80.9731008327075 66.5084687508342 15.5242804862639 0.173525716830568 0.199244898046587
63.2000000000006 33.8170829457413 80.9660935431509 66.4533760296939 15.5417870243494 0.177993913608049 0.528006174051017
63.3000000000006 33.8752625652543 80.9588111273674 66.3982062854506 15.558761530739 0.185764336760984 0.741478624066464
63.4000000000006 33.9333869697766 80.9512643683019 66.3429592728025 15.5751706873942 0.196275296224677 0.845856102713269
63.5000000000006 33.9914545473385 80.9434677049284 66.2876294306953 15.5909714524561 0.208898157628541 0.864766782180699
63.6000000000006 34.0494665820574 80.935438578774 66.2322071863408 15.6061142440128 0.222879032246079 0.826657600188345
63.7000000000006 34.1074273103962 80.9271967804434 66.1766802592358 15.6205461238667 0.237336688239852 0.756390312158492
63.8000000000006 34.1653438391379 80.9187637961429 66.1210349651813 15.6342139813015 0.2512895849593 0.671858277665677
63.9000000000006 34.2232258753754 80.9101621542045 66.0652575203006 15.6470677168504 0.263691034856445 0.584062467249823
64.0000000000006 34.2810852171061 80.9014147716104 66.009335345059 15.6590634260624 0.273462170593883 0.49863170939677
64.1000000000006 34.338934963733 80.8925443017169 65.9532583559392 15.6701665445398 0.279758009748122 0.424050512487901
64.2000000000006 34.3967885444839 80.8835725131782 65.8970199362145 15.6803539859745 0.282707404531083 0.36118318583381
64.3000000000006 34.4546588833958 80.8745197480699 65.8406170921178 15.6896137239554 0.282707951196008 0.303209598741933
64.4000000000006 34.5125577230339 80.8654044112114 65.7840502881079 15.6979433667748 0.280180200794482 0.244900279182387
64.5000000000006 34.570495058219 80.8562424606887 65.7273232697922 15.7053486935057 0.275561005228918 0.181793379708877
64.6000000000006 34.6284786923543 80.8470468983776 65.6704428868506 15.7118421900774 0.269299551469393 0.109755497185224
64.7000000000006 34.6865139248173 80.8378272604661 65.6134189159579 15.7174415853524 0.261856394145082 0.0248077489548027
64.8000000000006 34.7446033716098 80.8285891079774 65.5562638837077 15.7221683872029 0.253706064819563 -0.0767878935553016
64.9000000000006 34.8027469169078 80.8193335172924 65.4989928895354 15.7260464185864 0.245343764021897 -0.198106654274616
65.0000000000006 34.8609417904025 80.8100565706729 65.4416234286414 15.7291003536233 0.237296138425245 -0.340674764768954
65.1000000000006 34.919182763434 80.8007488557773 65.3841752146933 15.731354260732 0.230090583641965 -0.491713621590274
65.2000000000006 34.9774624319344 80.7913951990006 65.3266699967827 15.7328303293199 0.224123534703795 -0.634266732924839
65.3000000000006 35.0357715217052 80.7819749923676 65.2691313617964 15.7335480624192 0.219769957853969 -0.75967933823418
65.4000000000006 35.0940992252405 80.772462754249 65.2115845310422 15.7335236528766 0.217402282667884 -0.857562829441018
65.5000000000006 35.1524335875557 80.7628286990721 65.1540561566537 15.7327693666037 0.217360525543052 -0.917817116133237
65.6000000000005 35.2107619412292 80.7530393070307 65.096574117995 15.731292925826 0.219921203548662 -0.933385319511177
65.7000000000005 35.269071390304 80.7430578937948 65.0391673180657 15.7290968923337 0.225273162416192 -0.902608633936838
65.8000000000005 35.3273493433516 80.732845180221 64.9818654799052 15.7261780507307 0.233508103154751 -0.829931890731918
65.9000000000005 35.3855840969913 80.7223598620623 64.924698942998 15.722526791685 0.244628779168249 -0.724560129921369
66.0000000000005 35.4437654724309 80.711559179678 64.8676984596778 15.7181264951782 0.258571130993807 -0.597857006298721
66.1000000000005 35.5018855115485 80.7003994917508 64.810894984605 15.7129529536404 0.275006822151328 -0.4769198545042
66.2000000000005 35.5599392807809 80.6888369531696 64.7543192841105 15.7069748320946 0.292705426867524 -0.386052441867774
66.3000000000005 35.6179257382585 80.6768284573373 64.6980010882833 15.7001567607099 0.310241021572884 -0.327053126591663
66.4000000000005 35.6758483687633 80.6643326826458 64.6419680629251 15.6924634643644 0.326212821778856 -0.298388688971497
66.5000000000005 35.7337154346597 80.651311142957 64.5862447745772 15.6838639320926 0.339241410644869 -0.298502116041888
66.6000000000005 35.7915397819963 80.6377292380835 64.5308516555477 15.6743355865338 0.347976547167468 -0.327861258881016
66.7000000000005 35.8493381590114 80.6235573042705 64.4758039689378 15.663868453379 0.351118395534221 -0.39069493193804
66.8000000000005 35.9071300333713 80.6087716646763 64.4211107736691 15.6524693308196 0.347453006226728 -0.497541918200725
66.9000000000005 35.9649359372774 80.5933556798536 64.3667738895104 15.6401659589944 0.335906363394115 -0.670403706882912
67.0000000000005 36.0227754247765 80.5773007982309 64.3127868621042 15.627011189438 0.315634425017701 -0.954525146862906
67.1000000000005 36.0806647932413 80.5606075770877 64.2591339580718 15.6130870651203 0.286744603097761 -1.39983296487226
67.2000000000005 36.1386148919348 80.5432859363936 64.2057899421369 15.5985065758904 0.252143378628406 -2.07249080672784
67.3000000000005 36.1966297034708 80.5253534652968 64.1527218393764 15.5834095130196 0.216173832300937 -3.09020459411397
67.4000000000004 36.2547060934965 80.5068329614758 64.0998914794908 15.5679559991478 0.184684753674635 -4.4668290652712
67.5000000000004 36.3128346066346 80.4877499409858 64.0472580711515 15.5523199288226 0.165246649498407 -5.67137784356978
67.6000000000004 36.3710010468511 80.4681301481047 63.9947807763494 15.5366824090378 0.164361684067435 -5.59276932859193
67.7000000000004 36.429188525811 80.4479970651798 63.9424212847422 15.5212251997725 0.181709588187917 -4.24089197122387
67.8000000000004 36.4873796423169 80.4273694224736 63.8901463880023 15.5061241545296 0.210414064646039 -2.7221008980879
67.9000000000004 36.5455584660044 80.4062587080103 63.8379305541651 15.4915426608752 0.243017683913126 -1.54464910210902
68.0000000000004 36.6037120372167 80.384666677422 63.7857585019763 15.4776250809769 0.274212870594675 -0.673676481095931
68.1000000000004 36.6618311655102 80.3625829076482 63.7336277347149 15.4644902688003 0.30087931779114 -0.056062845086803
68.2000000000004 36.7199104885368 80.3399834908199 63.6815500203604 15.4522270803953 0.32228196545929 0.36123915162916
68.3000000000004 36.7779480767923 80.3168326224577 63.6295501970963 15.4408949435672 0.33876166302234 0.6637459935802
68.4000000000004 36.8359448473002 80.2930853298547 63.5776639251583 15.430526420637 0.351004741566729 0.893078036461875
68.5000000000004 36.8939039387722 80.2686902443124 63.5259353981573 15.4211298478603 0.359791242611385 1.06911287041509
68.6000000000004 36.9518301560416 80.2435923733766 63.4744150544025 15.412691974845 0.365847684674054 1.20087403834979
68.7000000000004 37.0097295333605 80.2177358730737 63.4231572882242 15.4051806039702 0.36974541625643 1.29237915248319
68.8000000000004 37.0676090175408 80.1910668201466 63.3722181612968 15.3985472298043 0.371827430540897 1.34610133877316
68.9000000000004 37.125476234839 80.1635359842906 63.3216531139618 15.3927296785231 0.372162028116348 1.36501289782199
69.0000000000004 37.1833392802177 80.1351016003892 63.2715146765508 15.3876547473284 0.370525394601308 1.35353461238132
69.1000000000004 37.2412064545398 80.1057321161135 63.221850194972 15.3832408457767 0.366568242118208 1.32693224796789
69.2000000000003 37.2990858942019 80.0754082989547 63.1726999271453 15.3794006867841 0.360353617782498 1.29336553309309
69.3000000000003 37.3569851652015 80.0441237172055 63.1240960808236 15.3760441037295 0.351971905166476 1.2484039878566
69.4000000000003 37.4149109279155 80.0118845803754 63.0760622222628 15.3730809172347 0.341385681340725 1.18811291958543
69.5000000000003 37.4728686694636 79.9787095549689 63.0286126991554 15.3704238038541 0.328426703547079 1.10845389702526
69.6000000000003 37.5308624758305 79.9446295802638 62.9817520635635 15.367991164765 0.312802453814545 1.00420446323198
69.7000000000003 37.5888948220868 79.909687684089 62.935474494853 15.3657099944574 0.294112296386948 0.866900279118757
69.8000000000003 37.6469663708592 79.8739387986033 62.8897632226266 15.3635187494245 0.271874449574751 0.680627019855579
69.9000000000003 37.7050757861363 79.8374495760729 62.8445899496573 15.3613702168521 0.245569675441705 0.412464547312076
70.0000000000003 37.7632195915286 79.8002982046501 62.799914274822 15.3592343833095 0.214722847017338 -0.0122346979211419
70.1000000000003 37.8213921245004 79.762574199309 62.755683146107 15.3571012480654 0.179315473346561 -0.680737112560364
70.2000000000003 37.879585568973 79.7243775468781 62.7118310954824 15.3549821967018 0.14083579447729 -1.83477044554711
70.3000000000003 37.9377900689907 79.6858162114744 62.6682824585234 15.3529077200925 0.102382593933903 -4.31706539419509
70.4000000000003 37.9959942351022 79.6470029940338 62.6249543758998 15.3509236936798 0.0713412964999731 -9.72560216750797
70.5000000000003 38.0541860886051 79.6080523669994 62.5817598249381 15.3490876013764 0.0646903969193926 -11.9519710728207
70.6000000000003 38.1123542926071 79.5690773090099 62.5386106511839 15.3474647594677 0.0880747541095725 -6.12997091710566
70.7000000000003 38.1704894779105 79.5301861395883 62.4954205999633 15.3461245405149 0.123408775008996 -2.80496110384198
70.8000000000003 38.2285854542816 79.4914793538295 62.4521083479455 15.3451365972567 0.159627509871212 -1.41377089323028
70.9000000000002 38.2866400984314 79.4530464570895 62.4086005347042 15.3445670865121 0.192149309195083 -0.754897591973593
71.0000000000002 38.3446557299176 79.4149627996727 62.36483479428 15.344474893083 0.218258339452513 -0.389956595881145
71.1000000000002 38.4026388280994 79.3772864577338 62.3207627460228 15.3449079003313 0.23626312842902 -0.163645009339934
71.2000000000002 38.4605990692097 79.3400563157005 62.2763519267256 15.3459004743121 0.24652643113739 -0.00697769233618387
71.3000000000002 38.5185479899402 79.3032931987165 62.2315850352681 15.3474740284677 0.249997457036624 0.119603172715745
71.4000000000002 38.5764976315662 79.2670022066073 62.186458118551 15.3496388018779 0.247706421762385 0.235885608156216
71.5000000000002 38.6344593291372 79.231175094058 62.140978716712 15.3523956841846 0.240739543699832 0.353367098387893
71.6000000000002 38.6924427417703 79.1957926507911 62.0951640083401 15.3557380405165 0.23022309056261 0.479242191819625
71.7000000000002 38.7504551767186 79.1608270817452 62.0490389556919 15.3596535364143 0.21731073571705 0.617199088086056
71.8000000000002 38.8085012232076 79.1262443872521 62.0026344499061 15.364125962755 0.203171382121262 0.766079018852813
71.9000000000002 38.8665826831028 79.0920067432155 61.9559854562193 15.3691370606774 0.188973170615525 0.916552517267325
72.0000000000002 38.9246987647748 79.0580748812887 61.9091291591807 15.3746683465063 0.175856286576954 1.04648897433761
72.1000000000002 38.9828464931124 79.024410451295 61.8621031194467 15.3807029178219 0.164728208995222 1.13724315992596
72.2000000000002 39.0410212515183 78.9909779219535 61.8149437316258 15.3872267692747 0.155757658180675 1.1830080062769
72.3000000000002 39.0992173113646 78.9577453096099 61.7676854463294 15.3942288639105 0.148859760775094 1.17180870535032
72.4000000000002 39.157428301821 78.9246844452722 61.7203602932732 15.4017007142413 0.143850345679545 1.09815596559787
72.5000000000002 39.2156476299516 78.8917712238895 61.6729974159582 15.4096359444607 0.140454300043537 0.964445068382109
72.6000000000002 39.2738688527417 78.85898585363 61.6256226063513 15.4180298526589 0.138332336731936 0.779288819347388
72.7000000000001 39.3320860027644 78.82631310516 61.5782578395652 15.4268789730376 0.137119824033013 0.553763908514728
72.8000000000001 39.3902938702027 78.7937425609213 61.5309208085398 15.4361806381258 0.136468555203305 0.297616595062813
72.9000000000001 39.4484882451944 78.7612688644111 61.4836244587223 15.4459325409946 0.13608488390139 0.0169659069124929
73.0000000000001 39.5066661259809 78.7288919694588 61.4363765227476 15.4561322974721 0.135762711538389 -0.286091205325337
73.1000000000001 39.5648258962835 78.696617378362 61.3891790686011 15.466777013216 0.135433582547924 -0.572776113337352
73.2000000000001 39.6229673853852 78.6644560902826 61.3420283983038 15.4778629770695 0.135223451917719 -0.802189033882386
73.3000000000001 39.6810916726611 78.6324238141554 61.2949158363884 15.4893856749829 0.13532007348001 -0.969874163763616
73.4000000000001 39.7392008047033 78.6005398918585 61.2478288688984 15.5013399302191 0.135884614968922 -1.0712861302759
73.5000000000001 39.7972975228254 78.5688262102403 61.2007522958689 15.5137200484164 0.137000559209188 -1.10465845689031
73.6000000000001 39.8553849993877 78.5373061131464 61.1536693838078 15.526519962651 0.138642188599609 -1.07287621281837
73.7000000000001 39.9134665740089 78.506003313446 61.1065630181762 15.5397333784994 0.140666105346697 -0.983257947909071
73.8000000000001 39.9715454787317 78.474940805059 61.0594168558698 15.5533539191011 0.142824577745808 -0.845353368841569
73.9000000000001 40.0296245407113 78.4441397749827 61.0122164776993 15.5673752702211 0.144794816416532 -0.667855772709722
74.0000000000001 40.0877058519918 78.4136185153187 60.9649505408716 15.5817913253126 0.146216835890549 -0.455784017505813
74.1000000000001 40.1457904049403 78.3833913469575 60.9176119157828 15.5965963298305 0.146787955583762 -0.24195394808204
74.2000000000001 40.2038778548523 78.3534678463678 60.8701984149244 15.6117850060761 0.14646642234307 -0.0529011039006501
74.3000000000001 40.2619666900607 78.3238528418071 60.8227124863867 15.6273526286192 0.145326353856799 0.118341582873604
74.4 40.3200545754607 78.2945467126359 60.7751604994755 15.6432950802517 0.143485702517044 0.276753878876959
74.5 40.3781387169687 78.2655457002908 60.7275520146407 15.6596089071911 0.14108985395724 0.425421047463156
74.6 40.4362162448633 78.2368422192569 60.679899053405 15.6762913742855 0.138299538608907 0.565605126196595
74.7 40.4942846183785 78.2084251680407 60.632215368293 15.6933405202176 0.135281292450713 0.696774928374744
74.8 40.5523420521742 78.1802802401429 60.5845157127596 15.7107552127087 0.132199380736065 0.816645680437961
74.9 40.6103879638522 78.1523902350307 60.5368151111188 15.7285352037235 0.129208691418439 0.921315804419629
75 40.6684234404812 78.1247353691111 60.489128128473 15.746681184674 0.126448676852805 1.00559395029776
75.1 40.7264517096642 78.0972935960777 60.4414681503065 15.7651948444509 0.124084665874893 1.06137439645091
75.2 40.7844783263621 78.070041170997 60.3938469133887 15.7840790009593 0.122435370978179 1.07422784798445
75.3 40.8425106252077 78.0429538331156 60.3462746746104 15.8033379192423 0.121807422249493 1.03080001742778
75.4 40.9005569070504 78.0160082324069 60.2987606311295 15.8229777031084 0.122424720024029 0.923972999679353
75.5 40.9586256443689 77.9891833654913 60.2513133501812 15.8430066895865 0.12442471872943 0.755871539626744
75.6 41.0167247131987 77.9624620115574 60.2039411988887 15.8634358433807 0.127882057469491 0.537695484292675
75.7 41.0748606501083 77.9358321682827 60.1566527740739 15.884279151325 0.132856081658781 0.286781059553889
75.8 41.1330379362664 77.9092884877543 60.1094573320681 15.9055540168382 0.139450102652699 0.0229595370781773
75.9 41.1912583152661 77.8828337123899 60.0623652185225 15.9272816543786 0.147867255072516 -0.234060942742361
76 41.2495201571492 77.8564801108582 60.0153882982187 15.9494874838991 0.158450153787132 -0.466142720285885
76.1 41.307817900508 77.8302508870464 59.9685403794975 15.9722015150351 0.171588816060434 -0.626105868826686
76.1999999999999 41.3661419058657 77.8041808882274 59.9218374987483 15.9954584643677 0.187326952360601 -0.693322705760434
76.2999999999999 41.4244792057226 77.7783155342759 59.8752978496696 16.0192971951057 0.205536386857706 -0.693871785637032
76.3999999999999 41.4828146160302 77.752709046085 59.8289415725914 16.0437598898416 0.22597801649494 -0.652121641350887
76.4999999999999 41.5411318805291 77.7274226470289 59.7827905384145 16.0688912130421 0.248306224832367 -0.587147554229757
76.5999999999999 41.5994148171026 77.7025227644253 59.7368681325504 16.0947374735377 0.272088832884807 -0.511963038115706
76.6999999999999 41.657648439614 77.6780792309984 59.691199038861 16.1213457870129 0.296827590104456 -0.434398914734754
76.7999999999999 41.7158200217987 77.654163486342 59.6458090235981 16.1487632384961 0.321973412639242 -0.358516676170772
76.8999999999999 41.773920064306 77.6308467783813 59.6007247193434 16.1770360448497 0.346936228554557 -0.285907437573496
76.9999999999999 41.8319431220825 77.6081983648367 59.5559734089482 16.2062087172599 0.371091665983048 -0.216647294901396
77.0999999999999 41.8898884425053 77.5862837266286 59.5115828102962 16.2363232244355 0.393835026984547 -0.155970767225177
77.1999999999999 41.947760255764 77.565163091803 59.4675808824807 16.2674181742335 0.414741642778303 -0.106956029043937
77.2999999999999 42.0055675292697 77.5448907476959 59.4239956863385 16.2995280420595 0.43344538276008 -0.0665005469465291
77.3999999999999 42.0633234042161 77.5255146636177 59.3808552663962 16.3326824176955 0.449597066553208 -0.0322924165184087
77.4999999999999 42.1210444363628 77.5070761254804 59.3381875336418 16.3669052528359 0.462871057500068 -0.00255504229898027
77.5999999999999 42.1787496459735 77.4896093704245 59.296020148295 16.4022141086236 0.472973739129855 0.0241359292344654
77.6999999999999 42.2364593836818 77.4731412214461 59.254380402578 16.4386194031866 0.479652564608963 0.0489901114055497
77.7999999999999 42.2941940262372 77.4576907220242 59.2132951034862 16.4761236591738 0.482704540661607 0.0731143715259167
77.8999999999998 42.3519725231216 77.4432687707479 59.1727904555592 16.514720751291 0.481983279457426 0.0976157797074032
77.9999999999998 42.4098108213975 77.429877755943 59.1328919436509 16.5543951538379 0.477404195360185 0.123711439697903
78.0999999999998 42.4677202166335 77.4175112041122 59.0936242103242 16.5951212090336 0.469066166643931 0.148823620147049
78.1999999999998 42.5257060652146 77.4061537875039 59.0550107934515 16.6368629358913 0.457574407547135 0.169554475746988
78.2999999999998 42.5837676269421 77.3957822433165 59.0170735089547 16.6795752112512 0.443618665591728 0.185654625472498
78.3999999999998 42.6418985782608 77.3863666520319 58.9798316937528 16.7232054913608 0.427829360691216 0.196360919322798
78.4999999999998 42.7000878264015 77.3778717295616 58.9433014433315 16.7676955542464 0.410762801735367 0.200379937286524
78.5999999999998 42.7583205826865 77.3702581193928 58.9074948493144 16.8129832420836 0.392889845370403 0.195844323937151
78.6999999999998 42.8165796629908 77.3634836847343 58.8724192370322 16.8590042035684 0.374587993027384 0.180251357759731
78.7999999999998 42.8748469816635 77.3575048006633 58.8380764030941 16.905693636288 0.356137659529442 0.150384593098213
78.8999999999998 42.933105206101 77.3522776462708 58.8044618529575 16.9529880290918 0.337724556322143 0.102208667105442
78.9999999999998 42.9913395419132 77.3477594968078 58.7715640384982 17.0008269044623 0.319451824680497 0.0307190924487777
79.0999999999998 43.0495395955303 77.3439100068154 58.7393636170597 17.0491545417625 0.301370997465203 -0.0568397734423529
79.1999999999998 43.1077006136522 77.340692258821 58.7078332689438 17.0979212032693 0.283571206759694 -0.149808429000748
79.2999999999998 43.1658229957784 77.338073216938 58.6769389324849 17.1470830980496 0.266246358534398 -0.248340055957251
79.3999999999998 43.2239111587094 77.3360239460322 58.6466415975664 17.1966018486225 0.249681792695342 -0.351256541299227
79.4999999999998 43.2819724302056 77.3345198218717 58.6168991206158 17.2464439384975 0.234231563217609 -0.455160032035233
79.5999999999998 43.3400159946553 77.3335407412771 58.5876680395989 17.2965801597132 0.220293451384637 -0.553466730409
79.6999999999997 43.3980518837606 77.3330713322717 58.5589053890157 17.3469850603764 0.208280694327992 -0.635785093401755
79.7999999999997 43.4560900039652 77.3331011642308 58.5305705148945 17.3976363921997 0.198591419974698 -0.688387541882951
79.8999999999997 43.5141391926198 77.3336249580326 58.502626889787 17.4485145580408 0.191580598589166 -0.69655393521978
79.9999999999997 43.5722062967998 77.3346427962074 58.4750439277631 17.4996020594408 0.187543862423039 -0.648827447731195
80.0999999999997 43.6302952864595 77.3361603237132 58.447798778414 17.5508829493209 0.186623647784649 -0.554061487306742
80.1999999999997 43.6884067527845 77.3381887049585 58.4208775750549 17.6023424187864 0.188538438766199 -0.434403662784027
80.2999999999997 43.7465383228575 77.3407439620713 58.3942752974391 17.6539667243592 0.192911224652824 -0.304090221440926
80.3999999999997 43.8046853862365 77.3438460694169 58.3679950886719 17.7057432493177 0.199380462761625 -0.175183441375143
80.4999999999997 43.8628417811561 77.3475180387393 58.3420475511328 17.7576605701942 0.207603145605927 -0.0558439051327301
80.5999999999997 43.9210004337222 77.351785004304 58.3164500423977 17.8097085232734 0.217253156277225 0.0497728637651974
80.6999999999997 43.9791539535677 77.3566733080401 58.2912259711605 17.8618782710898 0.228017167994245 0.14068937036698
80.7999999999997 44.037295185695 77.3622095846824 58.2664040931556 17.9141623689259 0.239590001936536 0.21802165551918
80.8999999999997 44.0954177150639 77.3684198469136 58.2420178070795 17.96655483131 0.251670659529275 0.284034839035984
80.9999999999997 44.1535163179178 77.3753285705065 58.2181044505133 18.0190511985141 0.263959645034307 0.341479282437004
81.0999999999997 44.2115873520648 77.3829577798351 58.1947045900124 18.0716486005456 0.276137292499748 0.387392120660736
81.1999999999997 44.2696290784912 77.3913261429648 58.1718611595633 18.1243457559755 0.287796522341027 0.420384163621675
81.2999999999997 44.3276418958843 77.4004480910634 58.1496182141253 18.1771428053534 0.298494792186485 0.445150035324945
81.3999999999997 44.3856284536142 77.410332947391 58.128019531539 18.2300410794584 0.307775398029395 0.465752902866903
81.4999999999996 44.4435936212114 77.4209840566591 58.1071072086027 18.2830428650447 0.31517236297332 0.485811736961313
81.5999999999996 44.5015443008864 77.4323979143894 58.086920257149 18.3361511705864 0.32021746337344 0.508781883056667
81.6999999999996 44.5594890745735 77.4445632962733 58.0674932001208 18.3893694920227 0.322448942856605 0.538331135854964
81.7999999999996 44.617437683737 77.4574603875302 58.0488546676483 18.4427015785031 0.321421685255338 0.578865016138272
81.8999999999996 44.6754003488488 77.4710599122666 58.0310259931248 18.4961511981327 0.31671899833467 0.636330214500033
81.9999999999996 44.7333869458291 77.4853222628351 58.0140198092837 18.5497219037168 0.307967003819219 0.719565267943836
82.0999999999996 44.7914060691378 77.5001966567462 57.9978386751997 18.6034168008211 0.295097953432327 0.835447371989565
82.1999999999996 44.8494640598115 77.5156210099485 57.9824745073459 18.6572383760073 0.279091259991674 0.984528166581522
82.2999999999996 44.9075642330767 77.5315236285851 57.9679100517133 18.7111884778244 0.261227981018594 1.16824426658482
82.3999999999996 44.9657064879559 77.5478256171179 57.9541211599862 18.7652683579764 0.242838241791565 1.38279352791466
82.4999999999996 45.0238872928107 77.5644433140058 57.9410790966419 18.8194787148043 0.225281198142633 1.61277626035073
82.5999999999996 45.0820999929644 77.5812907273819 57.9287528460514 18.8738197367684 0.209889850857321 1.82361621207246
82.6999999999996 45.1403353737643 77.5982819707311 57.9171114195793 18.92829114593 0.197854612771157 1.95898112714652
82.7999999999996 45.1985824073496 77.615333698568 57.9061261626839 18.9828922414337 0.190042738499854 1.95391020939772
82.8999999999996 45.2568291132798 77.6323675421139 57.8957730620178 19.0376219429894 0.186818080986244 1.76562595000139
82.9999999999996 45.3150634715321 77.6493125449751 57.8860350525277 19.0924788343546 0.187991218922408 1.39967619632708
83.0999999999996 45.3732743386812 77.6661075722766 57.8769042867721 19.147461206338 0.192829459246659 0.963176396592962
83.1999999999995 45.4314522766713 77.6827030296683 57.868383421891 19.2025670873709 0.199986802067998 0.570695189051184
83.2999999999995 45.4895901357261 77.6990608304691 57.8604844129232 19.2577942425191 0.208310300067594 0.247285209836446
83.3999999999995 45.5476834229217 77.7151536726816 57.8532263237754 19.3131401600617 0.216961847039038 -0.00572801229836353
83.4999999999995 45.6057305249738 77.7309642894649 57.8466331004092 19.3686020375924 0.225309729496153 -0.197204626343735
83.5999999999995 45.6637328053818 77.7464846996059 57.8407313440275 19.4241767681198 0.232834675548045 -0.338812309710833
83.6999999999995 45.7216945827915 77.7617154579926 57.8355480842615 19.479860926169 0.239064031535708 -0.441951953188052
83.7999999999995 45.7796229896235 77.776664906085 57.8311085523574 19.5356507538825 0.243531934085359 -0.51683497105371
83.8999999999995 45.8375277058349 77.7913484223883 57.8274339543625 19.5915421471203 0.245759232414604 -0.572494287628509
83.9999999999995 45.8954205621485 77.8057876729241 57.8245392443129 19.647530641562 0.245247117623831 -0.617226438619895
84.0999999999995 45.9533150045022 77.820009862138 57.8224309374339 19.7036113943343 0.241707453827864 -0.673387732058223
84.1999999999995 46.0112252982998 77.8340469951081 57.8211059637166 19.7597790493535 0.235773119203862 -0.755674187936438
84.2999999999995 46.0691653836475 77.8479351684449 57.8205531624463 19.8160273074796 0.228350206318011 -0.860001857661939
84.3999999999995 46.1271477689662 77.8617138724922 57.8207558171068 19.8723483803841 0.220387175660661 -0.979173362587131
84.4999999999995 46.1851826366809 77.8754252939639 57.821694230298 19.928732439945 0.21286214304582 -1.10022190248577
84.5999999999995 46.2432771577333 77.8891136185803 57.8233482986546 19.9851670676427 0.206761501691403 -1.20263421587073
84.6999999999995 46.3014349985323 77.9028243337037 57.8257000877643 20.0416367039545 0.203045430612117 -1.25957676251071
84.7999999999995 46.3596560018283 77.9166035309757 57.8287364070857 20.0981220977507 0.202601433252144 -1.24431817573544
84.8999999999995 46.4179360257976 77.9304972089526 57.8324513848671 20.1545997556892 0.206199099523856 -1.14104323373021
84.9999999999994 46.4762669333963 77.9445505757421 57.8368490430641 20.2110413916112 0.214470437302476 -0.954062699447961
85.0999999999994 46.5346367457026 77.9588073575091 57.8419458278008 20.2674133877411 0.22769199013092 -0.732222706189596
85.1999999999994 46.5930301882111 77.973309259587 57.847771983935 20.3236765628099 0.245134359057393 -0.532933122459848
85.2999999999994 46.6514298940011 77.9880958149745 57.8543699954274 20.3797867192922 0.265869586630002 -0.373844080305071
85.3999999999994 46.7098177746701 78.0032043854376 57.861791869816 20.4356954975666 0.289021803927766 -0.257386706357471
85.4999999999994 46.7681762974436 78.0186701684814 57.8700963782322 20.4913512418804 0.313751141015656 -0.178564901481197
85.5999999999994 46.8264896326877 78.0345262043216 57.8793462954176 20.5466998663149 0.339233822480325 -0.130259440052363
85.6999999999994 46.8847446314003 78.0508033828566 57.8896056397402 20.6016857207505 0.364645711870353 -0.105870112390207
85.7999999999994 46.9429315821851 78.0675304506391 57.9009369132113 20.6562524568317 0.389152289597975 -0.100288722795177
85.8999999999994 47.0010446916124 78.0847340178476 57.9133983415013 20.7103438939321 0.411906083802622 -0.110079866773057
85.9999999999994 47.0590822313284 78.1024385652584 57.927041113957 20.7639048851195 0.432051849728776 -0.133391457512528
86.0999999999994 47.1170463063469 78.1206664531849 57.9419066463511 20.816882182532 0.448857410273133 -0.16388527372908
86.1999999999994 47.1749423684823 78.1394379815722 57.9580244347003 20.8692252874411 0.462073637930629 -0.196579001333363
86.2999999999994 47.2327788143984 78.1587715799482 57.9754114094881 20.920887261443 0.471573234549285 -0.232799159247696
86.3999999999994 47.2905665814721 78.1786840485306 57.9940718809558 20.9718255223372 0.47723906169321 -0.274027518849648
86.4999999999994 47.3483186426114 78.199190801301 58.0139975071266 21.022002639416 0.478973290392003 -0.322061169930651
86.5999999999994 47.4060494188398 78.2203061090791 58.0351672618301 21.0713871287539 0.4767066923376 -0.379208158092456
86.6999999999993 47.4637741375287 78.2420433425971 58.0575474027267 21.119954248497 0.470408330512979 -0.448554341679451
86.7999999999993 47.5215081680039 78.2644152155738 58.0810914393317 21.1676867941527 0.460096470352147 -0.534349612188973
86.8999999999993 47.5792663701306 78.2874340277886 58.1057401010399 21.2145758938788 0.445852464501584 -0.642583156646964
86.9999999999993 47.6370624952711 78.3111119081563 58.1314213051497 21.2606218037734 0.427840911170486 -0.781845921710391
87.0999999999993 47.6949086731169 78.335461051535 58.1580501535367 21.305834677401 0.406522699914457 -0.946816488453678
87.1999999999993 47.7528148137541 78.3604937926157 58.1855296742011 21.3502346654814 0.383191466173278 -1.12337114801345
87.2999999999993 47.8107877469557 78.3862222662501 58.2137534536498 21.3938503152195 0.359340178477233 -1.30501366732207
87.3999999999993 47.8688306534523 78.4126579048604 58.2426090141526 21.4367162997982 0.336403092074777 -1.47709204335717
87.4999999999993 47.9269429778866 78.4398109295819 58.2719812196482 21.4788711221078 0.315658820853769 -1.61509034726974
87.5999999999993 47.9851207174116 78.4676898414071 58.3017556816484 21.520354818475 0.29810172754657 -1.68635676410657
87.6999999999993 48.0433569600836 78.4963009123282 58.3318221651446 21.5612066623926 0.284301526176397 -1.65744059636085
87.7999999999993 48.1016425490994 78.5256476764812 58.3620779945123 21.6014628682489 0.274304745254922 -1.50513820399314
87.8999999999993 48.1599667613007 78.5557304212886 58.3924314594168 21.6411542950569 0.267647617442919 -1.22395396183178
87.9999999999993 48.2183179105218 78.5865456786027 58.4228052207186 21.6803041501839 0.263519503188029 -0.823505327167604
88.0999999999993 48.2766838177185 78.6180857273215 58.4531396689513 21.7189257205834 0.261040002402546 -0.383097258587726
88.1999999999993 48.3350521235002 78.6503383942779 58.4833950496937 21.7570208190892 0.259596907590021 0.0196390213522577
88.2999999999993 48.3934104577727 78.6832876122867 58.5135504587489 21.79458004587 0.259072097826385 0.376355603774085
88.3999999999993 48.451746545345 78.7169142764663 58.5436016042169 21.831583764946 0.259728827301946 0.678940621748383
88.4999999999992 48.5100483313348 78.7511971120318 58.5735585211405 21.8680031082079 0.262050134459332 0.917026820738686
88.5999999999992 48.5683041795573 78.7861135420885 58.6034432861508 21.9038009794364 0.266581613206202 1.07977166718252
88.6999999999992 48.626503170942 78.8216405554252 58.633287732113 21.9389330583214 0.273786919509825 1.16029643261987
88.7999999999992 48.6846355072627 78.8577555743079 58.6631311627717 21.973348804481 0.283934396903274 1.1598543143742
88.8999999999992 48.7426930077099 78.8944373222728 58.6930180673971 22.0069924614809 0.297035293159116 1.08880293935842
88.9999999999992 48.8006696719288 78.9316666919199 58.7229958354301 22.0398040608536 0.312841385732348 0.963681880782822
89.0999999999992 48.8585622775201 78.9694275981158 58.7531124788582 22.0717204443273 0.330762655208202 0.813618008346431
89.1999999999992 48.9163710701375 79.0077074518384 58.7834145555729 22.102676759509 0.349572605175096 0.665723674984815
89.2999999999992 48.9741005844409 79.0464966710365 58.81394560291 22.1326091574119 0.367885194048184 0.528902710030766
89.3999999999992 49.0317602428236 79.0857878121317 58.8447447721714 22.1614579634366 0.384321596348067 0.405787839517913
89.4999999999992 49.0893645296943 79.1255746869294 58.8758454708779 22.1891708665628 0.397530717062735 0.29518503553812
89.5999999999992 49.1469326792853 79.1658514795297 58.9072740050208 22.2157061085401 0.406206448736856 0.193649594002568
89.6999999999992 49.204487840139 79.2066118632387 58.9390482213137 22.2410356730794 0.409106646462754 0.0961143328740276
89.7999999999992 49.2620557100705 79.2478481174796 58.9711761494455 22.2651484750442 0.405074369667966 -0.00439976831440544
89.8999999999992 49.3196626756855 79.2895502447036 59.0036546443315 22.2880535496415 0.393059467823954 -0.118241595500008
89.9999999999992 49.3773335386875 79.3317050873008 59.0364680283662 22.3097832416133 0.372139038455972 -0.262796734130962
90.0999999999992 49.4350889705986 79.374295458926 59.0695867708649 22.3303963213291 0.34201831931699 -0.448718515292712
90.1999999999992 49.4929430830162 79.4172996505952 59.1029671344482 22.3499792003195 0.304454706520205 -0.692690153930397
90.2999999999991 49.5509019244705 79.4606918881255 59.13655327597 22.3686423223124 0.261775005498393 -1.04922361375736
90.3999999999991 49.6089631638726 79.5044431643457 59.170280314388 22.3865146537092 0.216451362991953 -1.62139708838313
90.4999999999991 49.6671167868248 79.5485220857225 59.2040774358243 22.403738100964 0.171328627179004 -2.6166631755171
90.5999999999991 49.7253465953865 79.5928957189852 59.2378709986251 22.4204619279612 0.130228930211564 -4.41126517094706
90.6999999999991 49.7836322589883 79.6375304377515 59.2715876384217 22.436837173394 0.0992019683702581 -7.14594926487155
90.7999999999991 49.841951644638 79.6823927691527 59.3051573731906 22.453011068143 0.0864455552115325 -8.51679899528942
90.8999999999991 49.9002831579862 79.7274502404593 59.3385167083137 22.4691214526539 0.093466245169721 -6.30206089434352
90.9999999999991 49.9586078502348 79.7726722257062 59.3716117416388 22.4852911943165 0.109851106843226 -3.71437750747873
91.0999999999991 50.016911078242 79.818030779796 59.4044012345165 22.5016226707885 0.125534322461892 -2.21750878529414
91.1999999999991 50.0751833325823 79.8635011470195 59.4368587982276 22.5181939679136 0.136456687196612 -1.45959251302626
91.2999999999991 50.133419882459 79.9090614430991 59.4689728348616 22.53505943007 0.14153317878653 -1.06923404428433
91.3999999999991 50.1916198727428 79.9546920116492 59.5007455935874 22.5522519251127 0.14068646485396 -0.885813627462563
91.4999999999991 50.2497853066995 80.0003747681154 59.5321921928982 22.569785175262 0.134257824769536 -0.851312258221897
91.5999999999991 50.3079200481745 80.0460925437126 59.5633396428586 22.5876560879911 0.12280899654578 -0.970109709428043
91.6999999999991 50.366028933394 80.0918284293636 59.5942258673501 22.6058470869149 0.107077736096067 -1.31820851582223
91.7999999999991 50.4241170528787 80.1375651196373 59.6248987263174 22.6243284426778 0.0880597092169221 -2.12302214117169
91.8999999999991 50.4821892375641 80.1832842566879 59.6554150380144 22.6430606038424 0.0673861480058055 -4.02884911019788
91.999999999999 50.5402497603391 80.2289657741927 59.6858396012506 22.6619965277772 0.0487839596550938 -8.47700351180433
92.099999999999 50.5983022462274 80.274587253644 59.7162441997029 22.68108401382 0.0417692181947002 -12.2424472439016
92.199999999999 50.6563497939948 80.3201236018138 59.7467061399514 22.7002680955925 0.0540998379313266 -7.29026851697534
92.299999999999 50.7143953035416 80.3655475435068 59.777305605888 22.7194935834672 0.0770760119352218 -3.36013666398599
92.399999999999 50.7724418807949 80.4108304354861 59.8081225468477 22.7387076661854 0.102530419772117 -1.62260954540414
92.499999999999 50.830493189565 80.4559430927528 59.8392335478071 22.7578625147506 0.126905635136493 -0.771441540824653
92.599999999999 50.8885536479673 80.5008566148252 59.8707086995815 22.7769178863219 0.148239215253094 -0.265572317783134
92.699999999999 50.946628382115 80.5455432120172 59.9026084690238 22.7958437281066 0.165108603594824 0.108322638537592
92.799999999999 51.0047228744665 80.5899770317185 59.9349805692216 22.814622781254 0.176366149391959 0.456780951589532
92.899999999999 51.0628422795411 80.6341349846731 59.9678568296953 22.8332531847482 0.181117165717897 0.860165920662857
92.999999999999 51.1209904254753 80.6779975712583 60.0012500665962 22.8517510793015 0.178840988160084 1.41607859642429
93.099999999999 51.1791685830549 80.7215496952787 60.0351510122163 22.8701531552371 0.170084120007354 2.17534992354662
93.199999999999 51.2373743468319 80.7647811531329 60.069526786606 22.8885177440912 0.157898459760971 3.1351396911208
93.299999999999 51.2956012499394 80.807686298928 60.1043232837761 22.9069222135071 0.146800728981744 4.2085592011686
93.399999999999 51.3538390865854 80.8502633849682 60.1394691000075 22.9254589058484 0.142124467186968 4.96385781259759
93.499999999999 51.4120747749826 80.8925138897573 60.1748795214724 22.9442310208021 0.148198911340222 4.85550148831824
93.599999999999 51.4702936578747 80.9344418460011 60.2104605118568 22.9633484979813 0.165718748215716 3.99031402910783
93.699999999999 51.5284810880729 80.97605316861 60.2461126999814 22.9829238995285 0.191768188798166 2.95993861753333
93.7999999999989 51.5866241088059 81.0173549827015 60.2817353674241 23.0030682927181 0.222244303252233 2.10924377580315
93.8999999999989 51.6447130186381 81.058354951603 60.3172304361408 23.0238871325599 0.253438931899551 1.48379396350448
93.9999999999989 51.7027426078337 81.0990606048542 60.352506456088 23.0454761444013 0.282297822305383 1.0286950680362
94.0999999999989 51.7607128658313 81.1394786726911 60.3874825541096 23.0679172489157 0.306545289889306 0.710309385895402
94.1999999999989 51.818628963529 81.1796145890498 60.4220913757365 23.0912755891002 0.325458870353331 0.493615321958601
94.2999999999989 51.8765005305817 81.2194724223513 60.4562794705294 23.115599354682 0.338910489125748 0.335927225984587
94.3999999999989 51.9343405982375 81.2590549748049 60.4900066703345 23.140920708536 0.346953675905645 0.213183129022855
94.4999999999989 51.9921644091234 81.2983638881944 60.5232454288037 23.1672567554854 0.349760684228631 0.110752376446525
94.5999999999989 52.0499881854922 81.3373997496637 60.5559801609156 23.1946105111043 0.347590774934211 0.0188534502196232
94.6999999999989 52.1078279323637 81.3761621975022 60.5882065824962 23.2229718705187 0.340771256737188 -0.0699249237382446
94.7999999999989 52.1656983395643 81.4146500269307 60.6199310497399 23.2523185772088 0.329684049344555 -0.162160742286152
94.8999999999989 52.2236118337448 81.4528612958866 60.6511698987298 23.28261719181 0.314755531727671 -0.264788805120691
94.9999999999989 52.2815778183973 81.4907934308103 60.6819487849591 23.3138240609151 0.29645001071254 -0.38632886631524
95.0999999999989 52.339602128197 81.528443338575 60.7123020132201 23.3458862895836 0.27530012102934 -0.526168491008841
95.1999999999989 52.3976867387285 81.5658076781848 60.7422716170821 23.3787428102528 0.251989571496574 -0.681787101588917
95.2999999999989 52.4558297914591 81.6028835380352 60.771905802708 23.4123256963626 0.227228753305694 -0.861982683459522
95.3999999999989 52.5140258964219 81.6396692729415 60.8012571422592 23.4465615723817 0.201710735778118 -1.07772483903867
95.4999999999988 52.5722666538796 81.676165347311 60.8303807576689 23.4813730275414 0.176104771315227 -1.34332773472649
95.5999999999988 52.630541347301 81.7123751783161 60.8593325044162 23.5166800295696 0.151050627995383 -1.67798187877505
95.6999999999988 52.6888377574864 81.7483059790673 60.8881671552988 23.5524013384253 0.127150679077023 -2.1078697873652
95.7999999999988 52.7471430478123 81.7839696017857 60.9169365842073 23.5884559200323 0.104956187811235 -2.6695399235145
95.8999999999988 52.8054446738575 81.819383380976 60.9456879498986 23.6247643600134 0.0849461525343182 -3.4170680038375
95.9999999999988 52.8637312769087 81.8545709765992 60.9744618797689 23.6612502774245 0.0675092475287578 -4.44120395165193
96.0999999999988 52.9219935221732 81.8895631942581 61.0032906806163 23.6978417268119 0.0531580102885361 -6.03473953564402
96.1999999999988 52.9802246704367 81.9243982077112 61.0321972510981 23.7344722966791 0.043655016151221 -8.05292311283752
96.2999999999988 53.0384205878008 81.9591202642208 61.0611957754148 23.7710814373006 0.0416956723059403 -8.41767751956538
96.3999999999988 53.096579535552 81.9937777922287 61.0902931186916 23.8076144849443 0.0476435047548154 -6.37491530507351
96.4999999999988 53.154701942767 82.0284214860457 61.1194902493461 23.8440226744177 0.0584986453141855 -4.22333301113235
96.5999999999988 53.2127901628905 82.06310239054 61.1487836614577 23.8802631516142 0.0712410695925246 -2.80196810331575
96.6999999999988 53.270848200305 82.0978699858266 61.1781667971354 23.9162989860593 0.0840212053722072 -1.90647556498901
96.7999999999988 53.3288813889736 82.1327702719559 61.2076314688874 23.9520991834566 0.0956939055949054 -1.29923244972516
96.8999999999988 53.386896004744 82.1678438536028 61.237169281989 23.987638698234 0.105435461683657 -0.838086716029625
96.9999999999988 53.4448987958971 82.2031240247553 61.2667730568516 24.0228984460903 0.112584691901429 -0.437730743731987
97.0999999999988 53.5028964275488 82.2386348785822 61.2964382360856 24.0578653115303 0.116701743604293 -0.097898766631225
97.1999999999988 53.5608949585621 82.2743900719355 61.326163893622 24.0925320251328 0.117890512865224 0.179021103539144
97.2999999999987 53.6188995748809 82.3103932516204 61.3559527336711 24.1268967101366 0.116480224740271 0.434666439612343
97.3999999999987 53.6769144529034 82.3466391353008 61.385810691741 24.1609622987575 0.112883406205186 0.696842414851865
97.4999999999987 53.7349426677744 82.3831146175832 61.4157465203491 24.1947359434961 0.107579247245173 0.986991086492326
97.5999999999987 53.7929861568266 82.4197998761002 61.4457713747342 24.2282284284447 0.10111248122334 1.32214877884715
97.6999999999987 53.8510457453102 82.4566694775948 61.4758983985687 24.2614535805949 0.0940996253875834 1.71160956475822
97.7999999999987 53.909121235117 82.4936934840034 61.5061423096704 24.2944276811441 0.0872324422787471 2.1463022448416
97.8999999999987 53.9672115518925 82.5308385585403 61.5365189857148 24.3271688768036 0.081258209656611 2.58085300580396
97.9999999999987 54.0253149417364 82.5680690717811 61.5670450499469 24.3596965911052 0.0769028535426055 2.92133671900082
98.0999999999987 54.0834292045124 82.6053482034452 61.5977374593258 24.3920309364191 0.0747188731915033 3.07085085566982
98.1999999999987 54.1415519229849 82.6426389323418 61.628613155908 24.4241921444431 0.0749511714314266 2.9782647124942
98.2999999999987 54.1996806315485 82.679904742424 61.6596888787624 24.4562000435816 0.0774783775124677 2.66634943818812
98.3999999999987 54.2578129578058 82.7171102170062 61.6909810391238 24.4880735547957 0.0818627611055076 2.22897733967077
98.4999999999987 54.3159467556379 82.7542216286805 61.7225055979792 24.5198301881641 0.0875061336568599 1.76226134387526
98.5999999999987 54.3740802232279 82.7912075292331 61.7542779436541 24.5514855394441 0.0938003087143205 1.32339240568742
98.6999999999987 54.4322119994563 82.8280393395602 61.7863127693985 24.5830527866322 0.10021028219756 0.931524204414036
98.7999999999987 54.4903412334862 82.8646919395843 61.8186239509734 24.614542186525 0.106300284135652 0.583570457920388
98.8999999999987 54.5484676241185 82.9011442581706 61.8512244242366 24.6459605712803 0.111733682485766 0.266880655644746
98.9999999999987 54.6065914276492 82.9373798630434 61.8841260627291 24.6773108449775 0.11626856128721 -0.0342482506575462
99.0999999999986 54.6647134341336 82.9733875342124 61.9173395556137 24.708591496268 0.119799950290865 -0.280347557730648
99.1999999999986 54.7228348838272 83.0091614086718 61.95087429478 24.7397965293508 0.122468373414712 -0.434319906262645
99.2999999999986 54.7809572876351 83.04470003679 61.9847382852174 24.7709164568498 0.124474399332298 -0.50788785735811
99.3999999999986 54.839082224943 83.0800050099714 62.0189380645534 24.8019397110162 0.125985004864789 -0.506192318054167
99.4999999999986 54.8972111567936 83.115079571829 62.053478622946 24.8328540710212 0.127108915066905 -0.43123235471288
99.5999999999986 54.9553452530824 83.1499272293567 62.0883633229741 24.8636480902473 0.127896341151221 -0.283450384982876
99.6999999999986 55.0134852291643 83.1845503641014 62.1235938195302 24.8943125235808 0.128362530063663 -0.0620020222566738
99.7999999999986 55.0716311877495 83.2189488433356 62.1591699797109 24.9248417547038 0.128535678431645 0.235346955164549
99.8999999999986 55.129782464842 83.2531186312299 62.1950898027089 24.955235223386 0.12853068320442 0.611092155614837
99.9999999999986 55.1879374837193 83.287050400025 62.2313493397045 24.9854988527771 0.128650425936997 1.06307406945234
100.099999999999 55.2460936321843 83.3207281677803 62.2679426176767 25.015646449208 0.129463429542631 1.48528669940531
100.199999999999 55.3042472729902 83.3541286270989 62.3048616651329 25.0457003872396 0.131604252180994 1.7623762940809
100.299999999999 55.3623940451097 83.3872222278695 62.3420967965531 25.0756904803384 0.135555906216714 1.8778790494321
100.399999999999 55.4205293055852 83.4199749509856 62.3796369987523 25.1056521367994 0.141489953318631 1.84156266073732
100.499999999999 55.4786486050035 83.4523501086394 62.4174703211626 25.1356244881779 0.149195843045798 1.69034830582686
100.599999999999 55.5367481665307 83.4843101446174 62.4555842661154 25.1656485177222 0.158124287732277 1.47198966565465
100.699999999999 55.5948253346834 83.5158184345948 62.4939661791239 25.1957651888056 0.167495102436063 1.22699879695296
100.799999999999 55.6528789565635 83.54684108643 62.5326036391651 25.2260135733586 0.176408272052117 0.980240847556457
100.899999999999 55.710909658861 83.5773487404596 62.5714848489619 25.2564289803013 0.18392561268927 0.741408227628153
100.999999999999 55.7689199886451 83.6073183697931 62.6105990252657 25.2870410839754 0.189121107697246 0.5086013147891
101.099999999999 55.8269143913908 83.6367350550895 62.6499367812304 25.3178720802562 0.191288085606252 0.309805084673896
101.199999999999 55.8848989370463 83.6655930958656 62.6894903031768 25.3489355623385 0.190507460302149 0.164449140443248
101.299999999999 55.9428807361124 83.6938954376151 62.7292530054256 25.3802372233854 0.187132679672382 0.0585997952750646
101.399999999999 56.0008673038187 83.7216524354591 62.7692189795202 25.4117762788518 0.181574985811842 -0.0142135210168243
101.499999999999 56.0588660032794 83.7488805922787 62.8093824355421 25.4435469164866 0.174273930745117 -0.0550085446691345
101.599999999999 56.1168835839144 83.7756012968475 62.8497371434255 25.4755397463354 0.165678383394405 -0.0601693311816051
101.699999999999 56.1749258181165 83.801839561964 62.8902758742724 25.5077432507436 0.156235289435414 -0.0216205337745199
101.799999999998 56.2329972320613 83.8276227625848 62.9309898416682 25.5401452343587 0.146386922626529 0.0731626884853487
101.899999999998 56.2911009219017 83.8529793739561 62.9718681429957 25.5727342741329 0.136580282490021 0.240568721460395
101.999999999998 56.3492384444356 83.8779377097473 63.0128972007513 25.6055011693262 0.12729494352498 0.49814741671191
102.099999999998 56.4074097720595 83.9025246713343 63.0540602076348 25.6384403791187 0.119015019765667 0.831219513338901
102.199999999998 56.4656133105912 83.9267647870181 63.0953366698076 25.6715511380913 0.112036780041762 1.20804462912124
102.299999999998 56.5238459700928 83.950679987232 63.1367021993437 25.7048377539835 0.106721434870746 1.60259508669161
102.399999999998 56.582103252616 83.9742896696831 63.1781284048486 25.7383095833183 0.103568440456959 1.9629711568415
102.499999999998 56.6403793508722 83.9976107756449 63.2195827858525 25.7719809946381 0.103157451052594 2.2167994868092
102.599999999998 56.6986672664266 84.0206578662508 63.2610286272051 25.8058713317396 0.106027373999189 2.30170810189771
102.699999999998 56.7569589566169 84.0434431987867 63.3024248934691 25.8400048769097 0.112536853128501 2.20562094150576
102.799999999998 56.815245519588 84.0659768029838 63.3437261233144 25.8744108141608 0.122792130749385 1.97548627567596
102.899999999998 56.8735174270843 84.088266557312 63.3848823239122 25.909123192466 0.13668505024092 1.68379662041823
102.999999999998 56.931764814963 84.1103182652723 63.4258388653288 25.9441808889949 0.153995128337866 1.39041084853094
103.099999999998 56.9899778468956 84.1321357336264 63.4665363965845 25.9796275547209 0.174331302015358 1.11137866594804
103.199999999998 57.0481472824919 84.153720900963 63.5069113249918 26.0155111017133 0.196695422699055 0.862046136223915
103.299999999998 57.106265397361 84.1750740940456 63.5468977253585 26.0518820270085 0.219923657075485 0.656741753277942
103.399999999998 57.164326944784 84.1961943344975 63.58642981247 26.0887912781662 0.24286469581093 0.492688246318959
103.499999999998 57.2223299518012 84.217079647423 63.6254444352369 26.1262881011969 0.264384620083145 0.361561281066357
103.599999999998 57.2802762741515 84.2377273700291 63.6638835708422 26.1644178884901 0.283362329907881 0.254388083329232
103.699999999998 57.3381718438601 84.2581344602465 63.7016968188885 26.2032200267422 0.298687545236695 0.162982614539781
103.799999999998 57.3960265546092 84.278297805351 63.7388438955451 26.2427257448843 0.309265277439005 0.0798617089808932
103.899999999998 57.4538537493212 84.2982145305847 63.7752971276958 26.2829559620102 0.314026849533929 -0.00257862035795239
103.999999999998 57.5116693019219 84.3178823077774 63.8110439470856 26.3239191353044 0.311945905061737 -0.0936001006337498
104.099999999998 57.5694903187803 84.3372996557704 63.846089338908 26.3656091472913 0.302417130603392 -0.198041852850701
104.199999999998 57.6273335121464 84.356466027706 63.8804571058253 26.408004215433 0.286348009591085 -0.321955017313315
104.299999999998 57.6852135179831 84.375381357283 63.9141881250112 26.4510683969221 0.265074969269837 -0.481584994199903
104.399999999998 57.7431416115399 84.3940453918784 63.9473374206275 26.494754115823 0.240001913547946 -0.699352783528395
104.499999999998 57.8011249515829 84.4124570174712 63.9799711907396 26.5390047295345 0.212617826914914 -1.00799073015733
104.599999999998 57.8591663284171 84.4306135835661 64.0121638342328 26.5837570952527 0.184547791624194 -1.45350806270976
104.699999999998 57.9172643513874 84.4485102281178 64.0439949777277 26.6289441364333 0.157651169753022 -2.0872084761662
104.799999999998 57.9754139869507 84.4661392024544 64.0755465024966 26.6744974092546 0.134151529686574 -2.91341903699384
104.899999999998 58.0336073451843 84.483489196202 64.1068995713795 26.72034966908 0.116639897227158 -3.7396756633428
104.999999999998 58.091834609899 84.5005446622077 64.1381316556994 26.7664374369204 0.107479363709753 -4.05715503258963
105.099999999998 58.1500850127599 84.517285157713 64.1693135811844 26.8127035451071 0.107230157937247 -3.54156051859455
105.199999999998 58.2083477233129 84.5336851079949 64.2005070680306 26.859099142421 0.113700205974588 -2.56623967119304
105.299999999998 58.2666125024585 84.549714642427 64.2317635253262 26.9055843270726 0.123867019175243 -1.59079950951282
105.399999999998 58.3248701385255 84.5653408530102 64.2631233396173 26.9521282391403 0.135314090326108 -0.793549412947391
105.499999999998 58.3831127146717 84.5805290691509 64.2946151824792 26.9987091322164 0.146502339918344 -0.167298215519232
105.599999999998 58.4413337285221 84.5952441324404 64.3262553180877 27.0453144450554 0.156578426998471 0.343495643037222
105.699999999998 58.4995280867901 84.6094516714331 64.3580469107906 27.0919408732203 0.165174010385205 0.790902431736579
105.799999999998 58.5576920024836 84.6231193764262 64.3899793326787 27.13859444073 0.172302802189663 1.21290367365808
105.899999999998 58.6158228286607 84.6362182742376 64.4220274711574 27.1852905717069 0.178341868227289 1.6319720715963
105.999999999998 58.6739188705418 84.6487240029855 64.4541510365178 27.2320541620232 0.184065759303809 2.0520009293668
106.099999999998 58.7319792282039 84.6606180673941 64.4862939147502 27.278919626308 0.190751651454134 2.36556679503874
106.199999999998 58.7900037640266 84.6718885878125 64.5183846966462 27.3259303042891 0.19996992633439 2.45690871073518
106.299999999998 58.8479933218394 84.6825297640407 64.5503401928658 27.3731362408349 0.212545246193845 2.33700821688166
106.399999999998 58.9059501605696 84.6925408328685 64.5820701252936 27.4205913253322 0.228244296283242 2.06623131103518
106.499999999998 58.9638784769654 84.7019250061416 64.6134818636369 27.4683504064234 0.245934686666308 1.72079935948852
106.599999999998 59.0217848775117 84.7106884088271 64.6444851620237 27.516466406743 0.263923733154789 1.35811604649369
106.699999999998 59.0796786486922 84.7188390170802 64.6749968956007 27.5649874376546 0.280278913719052 1.0056490629212
106.799999999998 59.1375716825177 84.7263855963099 64.7049457971317 27.6139539139883 0.293047598909992 0.665974216884717
106.899999999998 59.1954779423948 84.7333366392449 64.7342771935951 27.6633956687769 0.300394692028124 0.323796539945377
106.999999999998 59.2534124033123 84.739699304 64.7629577427827 27.7133290679934 0.300710482213914 -0.052496166320781
107.099999999998 59.3113894713403 84.7454783557645 64.7909800886773 27.7637541719436 0.293181973299757 -0.455176702780643
107.199999999998 59.3694210544712 84.7506752026888 64.8183654051173 27.8146531097145 0.279222624108164 -0.878114509227829
107.299999999998 59.4275148173768 84.7552871708847 64.8451605789556 27.8659915329165 0.261137145834505 -1.35885105366308
107.399999999998 59.485673048947 84.7593068736236 64.871433281505 27.9177212824811 0.241675975545609 -1.91052765847485
107.499999999998 59.543892222698 84.7627215841573 64.897266958763 27.9697831021146 0.224025551201471 -2.49119528384146
107.599999999998 59.6021632133265 84.7655126085387 64.9227558216374 28.0221093517518 0.211596490755373 -2.96287170641086
107.699999999998 59.6604720696123 84.7676546584426 64.9479998361716 28.0746267210096 0.207338464304761 -3.11719919258315
107.799999999998 59.7188012035077 84.7691152239867 64.9730997137698 28.1272589426408 0.212670700586538 -2.83906727919993
107.899999999998 59.7771308362892 84.7698539465519 64.9981519014219 28.1799295059873 0.226902735166674 -2.23303358331352
107.999999999998 59.835440543074 84.7698219916038 65.0232435719294 28.2325643704343 0.247844896026683 -1.50646951832016
108.099999999998 59.8937107591623 84.7689614572972 65.048447664786 28.2850946594775 0.272860663988732 -0.867382822934939
108.199999999998 59.9519242301204 84.7672057134675 65.0738192441061 28.3374588507479 0.299405517512059 -0.401010921937522
108.299999999998 60.0100674280785 84.7644821023727 65.0993951998278 28.3896036865451 0.325642604692948 -0.0686951035248719
108.399999999998 60.068131679729 84.7607155698222 65.1251952659637 28.4414845803276 0.350246698635012 0.170398354426469
108.499999999998 60.1261138912973 84.755832332089 65.151223089507 28.4930660038169 0.372146840318056 0.348265217468695
108.599999999998 60.1840168531517 84.7497635428223 65.1774672993379 28.5443218741022 0.390386373816794 0.488521876755782
108.699999999998 60.2418491028976 84.7424489599605 65.2039025751296 28.5952359407443 0.404060990625735 0.609190302955918
108.799999999998 60.2996243287686 84.7338406126435 65.2304907162549 28.6458021728802 0.412305674014984 0.725502885912335
108.899999999998 60.3573603095188 84.7239064681251 65.2571817106923 28.6960251463268 0.414313792566986 0.852584269795034
108.999999999998 60.4150774126011 84.712634098686 65.2839148039321 28.7459204306859 0.409381274220505 1.00855789860073
109.099999999998 60.4727967085972 84.7000342834374 65.3106195849994 28.7955149510902 0.397382559764905 1.19759456330505
109.199999999998 60.5305378602504 84.6861429172927 65.3372175174997 28.8448466906458 0.37999316973719 1.40889130692233
109.299999999998 60.5883172906394 84.6710186227523 65.3636246003408 28.8939627192571 0.359344285275472 1.63791094864333
109.399999999998 60.6461470926511 84.6547386688553 65.3897544734776 28.942916563148 0.337508883584936 1.87056560702323
109.499999999998 60.7040346914698 84.637394825024 65.415521540773 28.9917655490242 0.31635829059488 2.07995865862168
109.599999999998 60.7619831228194 84.6190892149067 65.4408440928597 29.0405681482371 0.297358964056582 2.22713887921317
109.699999999998 60.8199917459416 84.599930170222 65.4656474300013 29.0893813209464 0.281329214732357 2.27007704665804
109.799999999998 60.87805719136 84.5800280846019 65.4898669849535 29.138257860283 0.268232628165531 2.1793724282319
109.899999999998 60.9361743465202 84.5594912674357 65.5134514458252 29.1872437365126 0.257120713190728 1.94916326028483
109.999999999998 60.9943372058437 84.5384217977135 65.5363658789401 29.2363754411984 0.246289497914413 1.59055893619752
110.099999999998 61.0525394496324 84.5169114121982 65.5585947933943 29.2856773667106 0.233857717704337 1.18951506368189
110.199999999998 61.1107745759749 84.495038286138 65.5801436897187 29.3351601047481 0.219082427028887 0.808283823573005
110.299999999998 61.1690355353301 84.4728660796569 65.6010367605003 29.3848210777355 0.202026909605341 0.412510066546242
110.399999999998 61.2273143126923 84.4504438766857 65.6213130751095 29.4346460892319 0.183233956656091 -0.0439674271686287
110.499999999998 61.2856016967041 84.4278061582213 65.6410227061216 29.4846109096863 0.163678947467218 -0.61918264945309
110.599999999998 61.343887282708 84.4049727755865 65.6602228557411 29.5346828621933 0.144833107930642 -1.37002494009108
110.699999999998 61.4021597168354 84.3819489236887 65.6789739822233 29.5848224082479 0.128816416422606 -2.28733134021995
110.799999999998 61.4604071647496 84.3587251142799 65.6973359262976 29.6349847335018 0.118452891380754 -3.13956975209482
110.899999999998 61.5186179758042 84.3352771492157 65.7153640375906 29.6851213335181 0.116682305582703 -3.42399393543919
110.999999999998 61.5767815109008 84.3115660937148 65.7331053010484 29.7351815995271 0.125080060930886 -2.87682696437942
111.099999999998 61.6348891053058 84.2875382837652 65.7505945229122 29.7851143943132 0.14274035746906 -1.96716499555835
111.199999999998 61.6929350294512 84.2631262213424 65.7678520650612 29.8348693715229 0.166668426759823 -1.22303805948877
111.299999999998 61.7509171700953 84.2382517233059 65.7848855098265 29.8843976436564 0.194160820220594 -0.736518144436572
111.399999999998 61.8088374971555 84.2128299581087 65.8016928731723 29.9336521934805 0.223155743996048 -0.451821456432244
111.499999999998 61.8667023633702 84.1867735166521 65.8182658774301 29.9825882755727 0.251940466202157 -0.302254440326752
111.599999999998 61.9245225594934 84.1599964831418 65.8345932240322 30.0311638178657 0.278954689388979 -0.241324923138251
111.699999999998 61.9823130245947 84.1324185059436 65.850663866246 30.0793398231911 0.302706212220322 -0.241900948775503
111.799999999998 62.0400921101807 84.1039688684388 65.8664702819079 30.1270807708244 0.321756834004605 -0.291048500394348
111.899999999998 62.0978803146307 84.0745905598796 65.8820117461569 30.1743550180288 0.334749874224169 -0.386766963002896
111.999999999998 62.1556984407851 84.0442443462454 65.8972976041689 30.2211352015996 0.340467443792854 -0.537643698396666
112.099999999998 62.2135651981167 84.0129127713967 65.9123504909925 30.2673986279735 0.33836634422155 -0.723518004122392
112.199999999998 62.2714947404752 83.9806023460105 65.9272081760414 30.3131273660297 0.329929057499938 -0.918559950590062
112.299999999998 62.3294952096984 83.947341136262 65.9419219163281 30.3583075851853 0.317183176039531 -1.12631194838191
112.399999999998 62.3875682001734 83.9131745402879 65.9565534343546 30.4029285961834 0.302186451833409 -1.3407321246828
112.499999999998 62.4457088751429 83.8781609949469 65.9711718431043 30.4469818804445 0.286954297380819 -1.54248882343025
112.599999999998 62.5039066717343 83.8423676825818 65.9858505710345 30.4904601194197 0.273339818275294 -1.69626762428982
112.699999999998 62.5621464986447 83.805866237781 66.000664287069 30.5333562239428 0.262851703530305 -1.75493223123342
112.799999999998 62.6204103042583 83.7687284541396 66.0156858255898 30.575662363583 0.256440421094807 -1.67491167654791
112.899999999998 62.6786788850055 83.7310219910212 66.03098311143 30.6173689959969 0.254352907565889 -1.43650952755645
112.999999999998 62.7369338119955 83.6928060803193 66.0466160848659 30.6584638962815 0.256180086716822 -1.05229779037131
113.099999999998 62.7951593635891 83.6541272905322 66.0626336610367 30.6989312081837 0.260977908753353 -0.628971359522162
113.199999999998 62.8533440537586 83.6150167809839 66.0790715844764 30.7387510636076 0.267302200448518 -0.2683171704645
113.299999999998 62.9114811114905 83.5754913387255 66.0959525558532 30.7779006447212 0.274028860564872 0.0225583601266641
113.399999999998 62.9695683789938 83.5355559055818 66.1132872538215 30.8163558143605 0.280395980475409 0.248537051842483
113.499999999998 63.0276079972959 83.4952061625123 66.1310753913006 30.8540927682903 0.285847244968108 0.418573432546722
113.599999999998 63.0856059269596 83.4544311139714 66.1493067717539 30.8910896874664 0.289915148725438 0.542270489763089
113.699999999998 63.1435713187735 83.4132156722689 66.1679623454681 30.9273283902964 0.292144497977036 0.628756783333814
113.799999999998 63.2015157360345 83.3715432419311 66.1870152658319 30.9627959849015 0.292048660158799 0.686496207851194
113.899999999998 63.2594522233539 83.3293983040606 66.2064319456155 30.9974865213774 0.289089980033885 0.723434275414003
113.999999999998 63.3173942166089 83.2867690006974 66.2261731132492 31.0314026440564 0.282676600198328 0.747337057508138
114.099999999998 63.375354300024 83.2436496874675 66.2461948753833 31.0645572084047 0.272448743125412 0.774802480474649
114.199999999998 63.4333429836449 83.2000426617358 66.2664499427352 31.0969739784704 0.259137765918642 0.812792025664176
114.299999999998 63.4913679182999 83.1559577978042 66.2868892704376 31.1286859903416 0.243737926450846 0.853637356111618
114.399999999998 63.5494335338415 83.1114113576136 66.3074638616755 31.1597329961546 0.227204328384594 0.886413193584766
114.499999999998 63.6075409764319 83.0664247697341 66.3281265776024 31.1901588727383 0.21042532233426 0.894784849430611
114.599999999998 63.6656882951751 83.0210234083559 66.3488339472574 31.2200090302588 0.194195289012432 0.855174559335924
114.699999999998 63.7238708250141 82.975235372279 66.3695479774817 31.249327820864 0.179194346351406 0.736345957284159
114.799999999998 63.7820817122803 82.9290902639037 66.3902379628354 31.2781559473279 0.165991051118077 0.502303628284551
114.899999999998 63.8403125359913 82.8826179682215 66.4108822955146 31.3065278716954 0.155095997032866 0.121146680509701
114.999999999998 63.8985539916009 82.8358474318048 66.4314702752675 31.3344692239267 0.147098519355147 -0.416535789892916
115.099999999998 63.9567966207234 82.7888054558333 66.4520038835221 31.3619942539148 0.142649783680349 -0.981834942033683
115.199999999998 64.0150315035195 82.7415158540499 66.4724986269817 31.3891044111988 0.141837594255994 -1.40762068848496
115.299999999998 64.0732507359832 82.6939995370756 66.4929820191027 31.4157897872892 0.144629656619189 -1.64013860200682
115.399999999998 64.1314477806095 82.6462749616551 66.5134911310416 31.4420316856893 0.150801106363848 -1.68039298692251
115.499999999998 64.1896177762948 82.5983585939369 66.5340701068114 31.4678052352894 0.159770334279346 -1.57850050959479
115.599999999998 64.2477578005408 82.5502653727545 66.5547676784387 31.4930820037609 0.170613160725447 -1.40173261674023
115.699999999998 64.3058670526521 82.502009172907 66.5756346811209 31.5178326109509 0.182178772150592 -1.20515769469528
115.799999999998 64.3639469132623 82.4536032684397 66.5967215683828 31.5420293422757 0.19321104375686 -1.02175014709785
115.899999999998 64.4220008302131 82.4050607959252 66.6180759272337 31.5656487621157 0.20243005378686 -0.866513988344731
115.999999999998 64.4800339837306 82.3563952177435 66.6397399933241 31.5886743272089 0.208574448935299 -0.744253412703367
116.099999999998 64.538052698978 82.307620776915 66.6617481919194 31.611098966234 0.210675981861111 -0.658222205498054
116.199999999998 64.5960637019151 82.2587527322743 66.6841253501048 31.6329267802865 0.208835141538976 -0.600764421481076
116.299999999998 64.6540735059902 82.20980703605 66.7068866128837 31.6541725117793 0.203446177810208 -0.561115468980136
116.399999999998 64.7120879511853 82.1607997917865 66.7300380305088 31.6748601342368 0.194924140992918 -0.531846001940472
116.499999999998 64.7701118563873 82.1117467038176 66.7535771716286 31.6950214082774 0.18369198776922 -0.506780696243995
116.599999999998 64.8281487980207 82.0626625267392 66.7774937364343 31.7146944375966 0.170170959794168 -0.479399183032837
116.699999999998 64.8862010209935 82.0135605148832 66.8017701698069 31.7339222249491 0.15477326050709 -0.441002882959113
116.799999999998 64.9442694795827 81.9644518717902 66.8263822744637 31.752751228132 0.137897115307134 -0.377732935977003
116.899999999998 65.0023539992901 81.9153451996835 66.8512998241057 31.7712299159665 0.119925541324472 -0.2645409172527
116.999999999998 65.0604535459349 81.8662459489416 66.8764871765641 31.7894073242816 0.101233021584549 -0.0511253516251181
117.099999999998 65.118566581383 81.8171558772853 66.9019038888409 31.8073316231746 0.0821722338280418 0.324100364909222
117.199999999998 65.1766913895087 81.7680727615085 66.9275053813816 31.8250489775194 0.063019472326382 1.01725608011843
117.299999999998 65.2348261924659 81.7189907502829 66.953243727323 31.8426031518696 0.0442388300641695 2.64409716292718
117.399999999998 65.2929691934991 81.6699009695074 66.9790684909728 31.8600354086082 0.0271600500637417 7.76203803059134
117.499999999998 65.3511186335067 81.6207921373708 67.0049275681827 31.8773844173761 0.0177040803813741 18.5563386892681
117.599999999998 65.4092728551936 81.5716511794139 67.0307680267224 31.8946861645003 0.0255464834208914 8.51729307252586
117.699999999998 65.467430363213 81.5224638435926 67.0565369466525 31.9119738624229 0.0411064427368507 2.9920717566375
117.799999999998 65.5255898677636 81.4732153153399 67.0821822606984 31.929277859129 0.0576678573442461 1.3234294887145
117.899999999998 65.5837502988235 81.4238908326286 67.1076535946231 31.9466255475752 0.0736827292097707 0.677542888758661
117.999999999998 65.6419107785688 81.374476301034 67.1329031076009 31.9640412751187 0.0885520200038422 0.377777764437137
118.099999999998 65.7000705414621 81.3249589024423 67.1578863175707 31.981546259441 0.101992738470453 0.225364709349536
118.199999999998 65.7582288182949 81.2753275385621 67.1825625360608 31.999158673375 0.114201396690534 0.145363687005014
118.299999999998 65.8163847402992 81.2255728550872 67.2068943116743 32.0168941584817 0.125502816199996 0.104929107697323
118.399999999998 65.8745372627589 81.1756871006623 67.2308464830463 32.0347665075286 0.136232792474584 0.0888836988138891
118.499999999998 65.932685105093 81.1256639794949 67.2543852167811 32.0527883534648 0.146733124543897 0.0891606129802089
118.599999999998 65.9908267195784 81.0754985039667 67.2774770453885 32.0709718583956 0.157349778653911 0.100765210840884
118.699999999998 66.0489603003391 81.0251868472457 67.3000879052218 32.0893294025573 0.168432249985803 0.12005659171867
118.799999999998 66.1070838437289 80.9747261958975 67.3221821744136 32.1078742732924 0.180333314026867 0.143997637351484
118.899999999998 66.1651952716134 80.9241146024976 67.343721710814 32.1266213540237 0.193408706904618 0.169872313197076
118.999999999998 66.2232926303097 80.8733508382427 67.3646648899263 32.14558781323 0.208016383266106 0.195248552649303
119.099999999998 66.2813743808562 80.8224342463543 67.3849656556821 32.1647937843523 0.224425672378083 0.212115072880567
119.199999999998 66.3394398122268 80.7713646160648 67.4045729049779 32.1842628099418 0.242543266719847 0.21663121660936
119.299999999998 66.3974895809442 80.7201421088516 67.4234307194573 32.2040216873387 0.262172399313437 0.212464946432821
119.399999999997 66.4555262973997 80.6687672052538 67.4414789310566 32.2241000785923 0.283099058235253 0.202568797589519
119.499999999997 66.5135551228153 80.6172406524812 67.4586537003868 32.2445301113125 0.305090102363485 0.189158448565201
119.599999999997 66.571584366503 80.5655634120226 67.4748880951164 32.2653459795218 0.327891593561358 0.173808902554476
119.699999999997 66.6296260712443 80.5137366072541 67.4901126683536 32.286583544507 0.351227438020918 0.157588398438325
119.799999999997 66.6876965719368 80.4617614710479 67.5042560370284 32.3082799356715 0.374798617283977 0.141188294211042
119.899999999997 66.745817010208 80.4096392933808 67.5172454602756 32.3304731513865 0.398283398103568 0.125031858105281
119.999999999997 66.8040137856079 80.3573713689426 67.5290074178166 32.3532016598434 0.421338949355687 0.109358279269556
