#t s x y z curvature torsion
5 0 118.356222279264 88.0780156093207 2.27033321553846 0.187119665883753 0.0366620579449546
5.1 0.0562149275826018 118.316779160785 88.0483392589483 2.29723438124547 0.185891856440951 0.0378241317651544
5.2 0.112264634495384 118.27710196355 88.0188297295851 2.32362523839932 0.184596842471997 0.0390249639735203
5.3 0.168156595864805 118.237194234711 87.9894838990481 2.34951165867591 0.18323613486249 0.0402663725351206
5.4 0.223898119365696 118.197059521416 87.9602986451637 2.3748995137769 0.181811327953242 0.041550303747112
5.5 0.279496343555421 118.156701370803 87.9312708457727 2.39979467544908 0.180324092904046 0.0428788423770121
5.6 0.334958236404862 118.11612333 87.9023973787345 2.42420301550365 0.178776170906685 0.0442542226621783
5.7 0.390290594026844 118.07532894612 87.8736751219329 2.44813040583562 0.177169366294737 0.0456788402476954
5.8 0.445500039603119 118.034321766261 87.8451009532797 2.47158271844305 0.175505539599623 0.0471552651661497
5.9 0.50059302250783 117.993105337503 87.8166717507202 2.49456582544644 0.173786600599668 0.0486862559689772
6 0.555575817627717 117.951683206902 87.788384392238 2.51708559910804 0.172014501407611 0.0502747751230251
6.1 0.610454524877272 117.910058921492 87.7602357558602 2.5391479118524 0.170191225397223 0.0519210077500163
6.2 0.665235068920574 117.868236028265 87.7322227196843 2.5607586363194 0.168318767282553 0.053625120714993
6.3 0.719923199119073 117.826218074103 87.7043421619592 2.58192364549955 0.166399138460205 0.0553903959130179
6.4 0.774524489677472 117.784008605705 87.676590961186 2.60264881290174 0.164434364806035 0.0572203772563079
6.49999999999999 0.829044339969495 117.741611169504 87.6489659962214 2.62294001272226 0.162426480579323 0.0591188933670031
6.59999999999999 0.883487975038448 117.699029311589 87.6214641463797 2.64280312001374 0.160377522583257 0.0610900825470191
6.69999999999999 0.937860446268199 117.656266577623 87.5940822915356 2.66224401085417 0.158289524607853 0.0631384202854543
6.79999999999999 0.992166632219642 117.613326512766 87.5668173122263 2.68126856251592 0.156164512177733 0.0652687496265192
6.89999999999999 1.04641123962719 117.570212661593 87.5396660897547 2.69988265363467 0.154004497625046 0.067486314742751
6.99999999999999 1.10059880454994 117.526928568017 87.5126255062913 2.71809216437847 0.151811475504568 0.0697967981019786
7.09999999999999 1.15473369367255 117.483477775205 87.485692444979 2.73590297661775 0.149587419888117 0.0721991242641385
7.19999999999999 1.20882010577008 117.439863825447 87.4588637900922 2.75332097412323 0.147334284273697 0.07469201646513
7.29999999999999 1.26286207336284 117.39609025991 87.4321364273333 2.77035204283438 0.145053992070644 0.0772815885223468
7.39999999999999 1.31686346452375 117.352160618334 87.405507244184 2.78700207115573 0.142748431628082 0.0799745009297558
7.49999999999999 1.37082798481262 117.308078438732 87.378973130258 2.80327695025421 0.140419453359715 0.0827780151238139
7.59999999999999 1.42475917932916 117.263847257088 87.3525309776546 2.81918257435655 0.13806886725413 0.085700054209379
7.69999999999999 1.47866043487868 117.219470607059 87.3261776813118 2.83472484104659 0.135698440769638 0.0887492709916215
7.79999999999999 1.53253498224406 117.174952019669 87.2999101393591 2.84990965156271 0.133309897114114 0.0919351243422314
7.89999999999999 1.58638589855705 117.130295023012 87.2737252534707 2.86474291109513 0.130904913907394 0.0952679650781608
7.99999999999999 1.64021610976303 117.085503141949 87.2476199292192 2.87923052908333 0.128485122224979 0.0987591326972318
8.09999999999999 1.69402839317302 117.040579897799 87.2215910764322 2.89337841950806 0.126052157335954 0.10240925665341
8.19999999999999 1.74782538011377 116.995528807912 87.1956356096631 2.90719250104573 0.12360781130668 0.106218164972455
8.29999999999999 1.80160955870487 116.950353384909 87.1697504489467 2.92067869687304 0.121153876868441 0.110197550175416
8.39999999999999 1.85538327674627 116.905057135799 87.143932520668 2.93384293433401 0.11869209559875 0.114360188762685
8.49999999999999 1.90914874469638 116.859643561092 87.118178758435 2.94669114460159 0.116224158039928 0.118720058026654
8.59999999999999 1.962908038733 116.814116153912 87.0924861039519 2.95922926233935 0.1137517041902 0.123292467662407
8.69999999999999 2.01666310388916 116.768478399109 87.0668515078917 2.97146322536315 0.111276324361215 0.128094208249092
8.79999999999999 2.07041575725725 116.722733772369 87.0412719307693 2.98339897430277 0.108799560398901 0.133143719025934
8.89999999999999 2.12416769125405 116.676885739328 87.0157443438148 2.99504245226361 0.106322907265975 0.138461277758764
8.99999999999999 2.17792047694029 116.630937754687 86.9902657298458 3.00639960448834 0.103847814987895 0.144069215866401
9.09999999999999 2.23167556738708 116.584893261316 86.964833084142 3.01747637801107 0.101375744476939 0.149993030496057
9.19999999999999 2.28543430106657 116.538755689327 86.9394434153535 3.02827872111701 0.0989083309090264 0.156259549273462
9.29999999999998 2.33919790524067 116.492528455028 86.9140937464945 3.03881258230819 0.0964472263342679 0.162896651961203
9.39999999999998 2.39296749938246 116.446214959839 86.8887811159716 3.04908390907473 0.0939940492516239 0.169934926660848
9.49999999999998 2.44674409864342 116.399818589203 86.8635025786129 3.05909864665854 0.0915503880467121 0.177407965753156
9.59999999999998 2.50052861736052 116.353342711499 86.8382552066976 3.06886273681707 0.0891178048594685 0.185352695455738
9.69999999999998 2.55432187259577 116.306790676954 86.8130360909847 3.07838211658704 0.0866978399014999 0.193809742263383
9.79999999999998 2.60812458770262 116.260165816556 86.7878423417431 3.08766271704816 0.084292016252712 0.202823839436104
9.89999999999998 2.66193739591193 116.213471440967 86.7626710897801 3.0967104620869 0.0819018451694051 0.212444276663789
9.99999999999998 2.7157608439323 116.166710839431 86.7375194874711 3.10553126716019 0.0795288319478585 0.222725395475763
10.1 2.769595395559 116.119887278688 86.7123847097954 3.11413103805097 0.0771745500358287 0.23369358082314
10.2 2.82344143530471 116.073004001726 86.6872639555368 3.1225156694106 0.0748408459901648 0.245372364572688
10.3 2.87729927208309 116.026064226164 86.662154448905 3.1306910427601 0.0725296343275756 0.25781925323238
10.4 2.93116914292224 115.97907114249 86.6370534413218 3.13866302427842 0.0702428346183062 0.271096393197893
10.5 2.98505121668603 115.932027912282 86.6119582132141 3.1464374625823 0.0679823778186095 0.285270778865916
10.6 3.03894559779494 115.884937666442 86.5868660758063 3.15402018650631 0.0657502130456581 0.300414399366365
10.7 3.09285232993967 115.837803503418 86.5617743729135 3.16141700288278 0.0635483147904554 0.316604292292139
10.8 3.14677139978016 115.790628487437 86.5366804827339 3.16863369432177 0.0613786905569853 0.333922462485381
10.9 3.20070274062422 115.74341564673 86.5115818196418 3.17567601699104 0.059243388899528 0.352455610924126
11 3.25464623607805 115.69616797176 86.4864758359806 3.18254969839601 0.0571445078060332 0.372294602418849
11.1 3.30860172366417 115.648888413446 86.4613600238592 3.18926043515122 0.0550842620881528 0.393497794309565
11.2 3.36256899838877 115.601579881313 86.4362319170614 3.19581389053064 0.0530651621199782 0.416110913836172
11.3 3.41654781624262 115.554245241439 86.4110890932385 3.20221569145658 0.0510898333638374 0.440204531665157
11.4 3.47053789765268 115.506887314326 86.3859291762132 3.20847142526747 0.0491609597310139 0.465840972324436
11.5 3.52453893088994 115.459508872771 86.3607498382887 3.21458663647713 0.0472812853420925 0.493069790214757
11.6 3.57855057542677 115.41211263973 86.335548802557 3.220566823534 0.0454536139025348 0.521922073648356
11.7 3.63257246523702 115.364701286195 86.3103238452078 3.22641743558042 0.0436808048562063 0.552403426646477
11.8 3.68660421203281 115.317277429051 86.2850727978371 3.2321438692119 0.0419657652973071 0.584485527257018
11.9 3.74064540843153 115.269843628956 86.2597935497556 3.23775146523637 0.0403114364264342 0.618096256194057
12 3.79469563104771 115.222402388201 86.2344840502978 3.24324550543344 0.0387207731557164 0.653108547328857
12.1 3.84875444350248 115.174956148588 86.2091423111264 3.24863120931603 0.0371967070521274 0.689384994121825
12.2 3.90282139930512 115.127507289401 86.1837664084468 3.25391373095277 0.0357420946695909 0.726723314601983
12.3 3.95689604453666 115.080058125652 86.158354484987 3.25909815594509 0.0343597152926762 0.764781444498197
12.4 4.01097792039638 115.032610906418 86.1329047518879 3.26418949846497 0.0330522241335844 0.803117099365761
12.5 4.06506656564705 114.985167813191 86.1074154905885 3.26919269829521 0.0318220809285716 0.841181636357234
12.6 4.11916151895833 114.937730958225 86.0818850547119 3.27411261786956 0.0306714647955145 0.878320400918588
12.7 4.17326232114504 114.890302382881 86.0563118719514 3.27895403931297 0.0296021764664264 0.913782119995296
12.8 4.22736851729872 114.842884055976 86.0306944459559 3.28372166148175 0.0286155306619573 0.946739587302868
12.9 4.28147965880913 114.79547787213 86.005031358216 3.28842009700376 0.0277122433242791 0.976322928189513
13 4.33559530527523 114.748085650111 85.97932126995 3.29305386931864 0.0268923204443249 1.00166505297543
13.1 4.38971502630172 114.70070913119 85.953562923981 3.29762740972742 0.0261549570722665 1.02216563753227
13.2 4.44383840314837 114.653349977676 85.9277551463983 3.30214505468893 0.0254985001868505 1.03736570489674
13.3 4.49796503017784 114.606009771907 85.90189684767 3.30661104374208 0.0249204737616999 1.04676571563468
13.4 4.55209451615721 114.558690015421 85.8759870235388 3.31102951767498 0.0244175722763801 1.05006001953346
13.5 4.60622648544473 114.511392128131 85.85002475591 3.31540451670337 0.0239856782961766 1.047164287509
13.6 4.66036057906731 114.464117447513 85.824009213739 3.31973997864917 0.0236199155412562 1.03822368479382
13.7 4.71449645568902 114.416867227772 85.7979396539192 3.32403973711899 0.023314734634049 1.02360045857234
13.8 4.7686337924742 114.369642639032 85.7718154221698 3.32830751968258 0.0230640253619163 1.00384300490644
13.9 4.82277228584641 114.322444766506 85.7456359539237 3.33254694605141 0.0228612468522727 0.979641340635144
14 4.87691165214688 114.275274609677 85.719400775215 3.33676152625714 0.0226995659164284 0.95177555683502
14.1 4.93105162819091 114.228133081496 85.6931095035483 3.34095465885393 0.0225721071724258 0.921560519495189
14.2 4.98519197163932 114.181021008001 85.666761848287 3.34512962973942 0.0224724997283536 0.890236022401623
14.3 5.03933246105277 114.133939129025 85.6403576098187 3.34928961254626 0.0223947721804544 0.85845110805368
14.4 5.09347289578016 114.086888099337 85.6138966782408 3.35343766965234 0.0223333162126842 0.826772374979919
14.5 5.14761309577539 114.039868489789 85.5873790320263 3.35757675321476 0.0222829229981718 0.795678640450433
14.6 5.20175290135201 113.992880788474 85.5608047366902 3.36170970620386 0.022238803255828 0.765562264728058
14.7 5.25589217288198 113.945925401876 85.5341739434555 3.36583926343723 0.0221965936517868 0.73673519706529
14.8 5.31003079044372 113.899002656024 85.5074868879203 3.36996805261369 0.0221523523988153 0.709437962420847
14.9 5.36416865342563 113.852112797644 85.4807438887231 3.37409859534732 0.0221025467875913 0.68385012580801
15 5.41830568008946 113.805255995312 85.4539453462096 3.37823330820148 0.0220440350987809 0.660101141328747
15.1 5.47244180709874 113.758432340611 85.4270917410952 3.38237450372748 0.0219740813221403 0.638349752991204
15.2 5.52657698901051 113.711641849362 85.4001836330295 3.38652439162594 0.0218904481286122 0.618709410409462
15.3 5.58071119772394 113.664884463045 85.373221658912 3.39068508021914 0.0217912748680726 0.601196383986432
15.4 5.63484442190478 113.618160050305 85.3462065311101 3.39485857804614 0.0216750158796442 0.58581408224283
15.5 5.68897666639726 113.571468408446 85.3191390356734 3.39904679546237 0.0215404148391618 0.572559348734956
15.6 5.74310795162772 113.524809264942 85.2920200305474 3.40325154623946 0.0213864812790648 0.561427695544106
15.7 5.7972383130046 113.478182278931 85.2648504437881 3.40747454916491 0.0212124695229332 0.552417649783874
15.8 5.85136780031782 113.431587042726 85.2376312717757 3.41171742964182 0.0210178601634576 0.545534387749634
15.9 5.90549647714184 113.38502308331 85.2103635774288 3.41598172128859 0.0208023441388231 0.540792817522905
16 5.95962442024465 113.338489863843 85.1830484884188 3.42026886753869 0.0205658094205754 0.538220250979924
16.1 6.01375171900473 113.291986785173 85.155687195373 3.42458022325153 0.0203084504422256 0.537934563393385
16.2 6.06787847479191 113.245513187593 85.1282809498001 3.4289170566143 0.0200311267151751 0.54002404490583
16.3 6.12200480024306 113.199068353234 85.1008310613095 3.43328055178242 0.0197350052208856 0.544491942230525
16.4 6.17613081851672 113.152651508699 85.0733388945531 3.43767181181081 0.0194214331457071 0.551353109182127
16.5 6.23025666257606 113.10626182771 85.0458058661556 3.44209186159642 0.0190919313265306 0.560632026989454
16.6 6.28438247450346 113.059898433752 85.0182334416455 3.44654165082079 0.0187481898699313 0.572360035426466
16.7 6.33850840484847 113.013560402722 84.9906231323858 3.4510220568925 0.0183920656331319 0.586571583427154
16.8 6.39263461200956 112.967246765573 84.9629764925044 3.45553388788975 0.0180255812179626 0.603299255670775
16.9 6.44676126164929 112.920956510961 84.9352951158253 3.46007788550285 0.0176509250646084 0.622567285204154
17 6.50088852614484 112.87468858789 84.907580632799 3.46465472797676 0.017270452135309 0.64438323017812
17.1 6.55501658406974 112.828441908367 84.8798347074256 3.46926503306273 0.0168867822841348 0.668707881765558
17.2 6.60914561965051 112.782215350271 84.8520590339761 3.47390936120812 0.0165030908180026 0.695393383539095
17.3 6.66327582210866 112.736007760765 84.8242553332018 3.47858821935059 0.0161228045574979 0.724205519528371
17.4 6.71740738498192 112.689817959927 84.7964253483419 3.48330206495045 0.0157494877713418 0.75481311296919
17.5 6.7715405054815 112.643644744382 84.7685708411239 3.48805131003211 0.0153868187605087 0.786767124049561
17.6 6.82567538388557 112.597486890938 84.7406935877634 3.49283632522558 0.0150385570429815 0.819481597543967
17.7 6.87981222296621 112.551343160228 84.7127953749638 3.49765744380792 0.014708499077174 0.85221965218828
17.8 6.93395122744876 112.505212300339 84.6848779959171 3.50251496574476 0.0144004208281899 0.884088646640641
17.9 6.98809260349944 112.45909305045 84.6569432463031 3.50740916173176 0.0141180062770317 0.914049227025305
18 7.04223655823981 112.412984144471 84.6289929202899 3.51234027723608 0.0138647622911147 0.940942723727818
18.1 7.09638329928339 112.366884314675 84.6010288065382 3.51730853653463 0.0136438901074309 0.963633244619396
18.2 7.15053303425626 112.320792295292 84.5730526843261 3.52231414666827 0.013458095467067 0.981026405535265
18.3 7.20468597024298 112.274706826009 84.5450663199766 3.52735730118252 0.0133096008017959 0.99203670398334
18.4 7.25884231320908 112.228626655425 84.5170714634056 3.53243818378428 0.0132000902676956 0.995746997394135
18.5 7.31300226743316 112.182550544508 84.4890698446746 3.53755697199524 0.0131306372753913 0.991490656443449
18.6 7.36716603494629 112.136477270049 84.4610631705423 3.54271384080538 0.0131016567835479 0.978914863563572
18.7 7.42133381497729 112.090405628121 84.4330531210179 3.54790896632638 0.0131128885371957 0.958013543709886
18.8 7.47550580340113 112.044334437532 84.4050413459127 3.55314252944507 0.0131634141559366 0.929123585288128
18.9 7.52968219218752 111.998262543281 84.377029461393 3.55841471947689 0.0132517070575982 0.892885074417999
19 7.58386316884865 111.952188820017 84.3490190465321 3.56372573781934 0.0133757104672565 0.85017311241869
19.1 7.63804891588277 111.90611217548 84.3210116398781 3.56907580159637 0.0135328937240913 0.802552804319677
19.2 7.69223961020895 111.860031553687 84.2930087364189 3.57446514706713 0.0137202812528887 0.751642980237085
19.3 7.74643542258431 111.813945937438 84.2650117855562 3.57989403243673 0.0139347632542109 0.698470518174406
19.4 7.80063651700721 111.767854350562 84.2370221894764 3.58536274043135 0.0141732369392631 0.643954786174571
19.5 7.85484305010991 111.72175586015 84.2090413015371 3.59087158086425 0.0144326804588246 0.58888091850426
19.6 7.90905517053997 111.675649578794 84.1810704246538 3.59642089320188 0.014710212837211 0.533889835583138
19.7 7.9632730183308 111.629534666817 84.1531108096861 3.60201104912988 0.0150031403031676 0.47948117716262
19.8 8.01749672426192 111.583410334511 84.1251636538241 3.60764245511919 0.0153089904117 0.426025002321312
19.9 8.07172640920825 111.537275844368 84.0972300989752 3.61331555499204 0.0156255358893952 0.373778531674132
20 8.12596218348017 111.49113051332 84.0693112301502 3.61903083248805 0.0159508103051184 0.322904993046319
20.1 8.18020414615525 111.444973714958 84.0414080738637 3.62478881382084 0.0162831099228391 0.27393638859865
20.2 8.23445238442927 111.398804881482 84.0135215968858 3.63059006998993 0.0166209902373376 0.227300061907832
20.3 8.28870697302801 111.352623504957 83.9856527058883 3.63643521847125 0.016963307238431 0.182916344205474
20.4 8.34296797364062 111.306429138278 83.9578022474427 3.64232492466289 0.0173092107270587 0.140681775206161
20.5 8.39723543434951 111.260221396145 83.9299710080324 3.64825990332151 0.0176581259411011 0.100481141302442
20.6 8.45150938905843 111.213999956023 83.9021597140635 3.65424091999865 0.0180097362983806 0.0621964907172307
20.7 8.50578985691954 111.167764559104 83.8743690318772 3.66026879247708 0.0183639674798753 0.025713713503771
20.8 8.5600768417632 111.121515011279 83.8465995677609 3.66634439220718 0.0187209728895212 -0.0090727976865546
20.9 8.61437033153096 111.075251184096 83.8188518679605 3.67246864574325 0.0190811204007604 -0.0422569774822614
21 8.66867029771538 111.02897301573 83.7911264186914 3.67864253617993 0.0194449802144117 -0.0739190691772394
21.1 8.72297669480679 110.98268051194 83.7634236461583 3.68486710458633 0.0198133272106598 -0.103967852213083
21.2 8.7772894597252 110.936373746937 83.7357439167723 3.69114345138489 0.0201871685121217 -0.132311055083135
21.3 8.83160851119816 110.890052864009 83.7080875378712 3.69747273758933 0.020567685493508 -0.15900369749639
21.4 8.8859337491302 110.843718076055 83.6804547586377 3.70385618598724 0.0209562047889452 -0.184085132757045
21.5 8.94026505399036 110.797369666106 83.6528457710256 3.71029508232047 0.0213541836619444 -0.207580805542347
21.6 8.99460228622291 110.751007987854 83.6252607106855 3.71679077646564 0.0217631955246544 -0.229504297864961
21.7 9.04894528568314 110.704633466183 83.5976996578908 3.72334468361445 0.0221849154389647 -0.249859598782594
21.8 9.10329387110082 110.658246597689 83.5701626384636 3.72995828545422 0.0226211054905174 -0.268643537352657
21.9 9.15764783957486 110.611847951212 83.5426496247005 3.73663313134826 0.0230735999851781 -0.285848317145037
22 9.21200696610065 110.565438168363 83.5151605362988 3.74337083951628 0.0235442904773102 -0.301464085615137
22.1 9.26637100313774 110.519017964031 83.4876952412966 3.75017309820119 0.0240350696003755 -0.31512086028188
22.2 9.32073968031091 110.472588126521 83.4602535573815 3.75704166647987 0.0245476689894541 -0.326501530349436
22.3000000000001 9.37511270439061 110.42614951671 83.4328352541361 3.76397837417049 0.0250837239092905 -0.335681350757112
22.4000000000001 9.42948975940779 110.379703066836 83.4054400556524 3.77098512138396 0.0256447904067799 -0.342744422714074
22.5000000000001 9.48387050681274 110.333249779261 83.37806764316 3.77806387806157 0.0262323297896832 -0.347784481038004
22.6000000000001 9.53825458567542 110.286790725237 83.3507176576549 3.78521668351273 0.0268476959900265 -0.350905001379801
22.7000000000001 9.59264161292892 110.240327043678 83.3233897025272 3.79244564595271 0.0274921258299912 -0.352218679429744
22.8000000000001 9.64703118365661 110.193859939922 83.2960833461905 3.7997529420403 0.0281667321433206 -0.351846366142545
22.9000000000001 9.70142287142461 110.147390684503 83.2687981247094 3.80714081641555 0.0288724996421445 -0.349915567800818
23.0000000000001 9.75581622865939 110.100920611915 83.2415335444287 3.81461158123747 0.0296102833538924 -0.346558633770215
23.1000000000001 9.8102107870753 110.054451119374 83.2142890846006 3.82216761571259 0.0303807472613148 -0.341867776612382
23.2000000000001 9.86460605823345 110.007983665457 83.1870641999954 3.82981136538546 0.0311841757783525 -0.33595265521888
23.3000000000001 9.91900153435903 109.961519768406 83.1598583234673 3.83754534082494 0.0320206569576348 -0.328970867360471
23.4000000000001 9.97339668928246 109.915061004314 83.1326708685038 3.84537211607246 0.0328901512631168 -0.321073903691173
23.5000000000001 10.027790979421 109.868609005301 83.1055012317727 3.85329432708102 0.0337925006432021 -0.31240541820853
23.6000000000001 10.082183844797 109.822165457691 83.0783487956714 3.86131467015434 0.0347274383256031 -0.303099876908273
23.7000000000001 10.1365747100913 109.775732100192 83.051212930874 3.86943590038594 0.0356945989889182 -0.293281588317773
23.8000000000001 10.1909629857313 109.729310722068 83.0240929988799 3.87766083009817 0.036693529015735 -0.283064098539661
23.9000000000001 10.2453480690121 109.68290316132 82.9969883545618 3.88599232728133 0.0377236965828871 -0.272549917585789
24.0000000000001 10.2997293452491 109.636511302864 82.9698983487134 3.89443331403272 0.0387845013954972 -0.26183053344954
24.1000000000001 10.3541061889659 109.590137076704 82.9428223305901 3.90298676498543 0.0398752062868131 -0.251037050594401
24.2000000000001 10.4084779652313 109.543782456034 82.9157596502407 3.91165570546853 0.0409947150744949 -0.240290128700658
24.3000000000001 10.4628440313247 109.497449455168 82.8887096603121 3.92044320898568 0.0421418169824625 -0.229648846450493
24.4000000000001 10.5172037385338 109.451140127392 82.8616717176462 3.92935239442516 0.0433152716266035 -0.21916168036544
24.5000000000001 10.5715564339646 109.404856562818 82.8346451848682 3.93838642325962 0.0445138149237656 -0.20886761228786
24.6000000000001 10.6259014623552 109.358600886239 82.8076294319758 3.94754849674579 0.0457361641484159 -0.198797222087794
24.7000000000001 10.6802381678912 109.312375254974 82.7806238379274 3.95684185312424 0.046981022200889 -0.188973736823824
24.8000000000001 10.7345658960189 109.26618185673 82.753627792231 3.96626976481908 0.0482470811588303 -0.179414016204023
24.9000000000001 10.7888839952532 109.220022907447 82.726640696533 3.9758355356377 0.0495330251859931 -0.1701294617609
25.0000000000001 10.8431918189762 109.173900649157 82.6996619662069 3.9855424979705 0.0508375328730646 -0.161126843077694
25.1000000000001 10.8974887272278 109.127817347834 82.6726910319301 3.99539400998948 0.0521592732738399 -0.152490626287929
25.2000000000001 10.9517740885603 109.081775291325 82.6457273409628 4.0053934528179 0.0534968938388729 -0.144291674118751
25.3000000000001 11.0060472820767 109.035776787471 82.6187703576665 4.01554422762614 0.0548490448954905 -0.136512495235159
25.4000000000001 11.0603076995269 108.989824162293 82.5918195637249 4.02584975269867 0.0562143853797951 -0.129134833742088
25.5000000000001 11.1145547473778 108.943919758189 82.5648744583525 4.03631346049982 0.0575915815632937 -0.122140035632398
25.6000000000001 11.1687878488545 108.898065932131 82.5379345585032 4.04693879473962 0.058979305712044 -0.115509342320928
25.7000000000001 11.223006445945 108.852265053853 82.5109993990792 4.05772920743959 0.0603762347093714 -0.109224122427004
25.8000000000001 11.2772100013677 108.806519504051 82.4840685331399 4.06868815599853 0.0617810486685858 -0.103266051743158
25.9000000000001 11.3313980004969 108.760831672574 82.4571415321108 4.07981910025832 0.0631924295580217 -0.0976172500205936
26.0000000000001 11.385569953242 108.71520395662 82.4302179859917 4.09112549956977 0.0646090598566369 -0.0922603821028935
26.1000000000001 11.4397253958784 108.66963875893 82.4032975035608 4.10261080985557 0.0660296063467492 -0.0872119735542152
26.2000000000001 11.4938638928428 108.62413848603 82.3763797124376 4.11427848060022 0.0674526753656212 -0.0824859541078622
26.3000000000001 11.5479850385181 108.578705546568 82.3494642587908 4.12613195165456 0.0688768582254978 -0.0780624072443979
26.4000000000001 11.602088458971 108.533342349704 82.3225508069063 4.13817464996714 0.0703007448181433 -0.0739225524343
26.5000000000001 11.6561738136204 108.488051303495 82.2956390387491 4.15040998631288 0.0717229221210551 -0.0700487243763301
26.6000000000001 11.7102407968308 108.442834813281 82.2687286535262 4.16284135202163 0.0731419728502003 -0.0664243421549585
26.7000000000001 11.7642891394272 108.397695280074 82.2418193672484 4.17547211570684 0.0745564742590346 -0.063033871158894
26.8000000000001 11.818318610127 108.352635098941 82.2149109122931 4.18830561999413 0.0759649970846593 -0.0598627801828018
26.9000000000001 11.872329016884 108.307656657395 82.1880030369666 4.20134517824994 0.0773661046400109 -0.0568974954293356
27.0000000000001 11.9263202081415 108.262762333777 82.1610955050662 4.21459407131011 0.0787583520524168 -0.0541253528810974
27.1000000000001 11.9802920739923 108.217954495648 82.1341880954347 4.22805554420932 0.080140294903506 -0.0515704593168219
27.2000000000001 12.0342445473158 108.173235498218 82.1072806013034 4.24173280293172 0.0815105168274925 -0.0492546626933075
27.3000000000001 12.0881776050071 108.128607682876 82.0803728290984 4.25562901121539 0.0828676017564838 -0.0471635124177605
27.4000000000001 12.1420912691791 108.084073375764 82.0534645970368 4.26974728737793 0.0842101241868074 -0.0452837534654927
27.5000000000001 12.1959856082597 108.039634886353 82.0265557337131 4.28409070114296 0.0855366487988832 -0.0436032452775887
27.6000000000001 12.2498607379772 107.995294506017 81.9996460766875 4.29866227046654 0.0868457302671128 -0.0421108864377096
27.7000000000001 12.3037168222303 107.95105450661 81.9727354710724 4.31346495836363 0.0881359132546013 -0.0407965449302414
27.8000000000001 12.3575540738402 107.906917139038 81.9458237681202 4.32850166973456 0.0894057325854749 -0.0396509939453002
27.9000000000001 12.4113727551791 107.862884631833 81.9189108238104 4.34377524819148 0.0906537135920123 -0.0386658529517923
28.0000000000001 12.465173178674 107.818959189732 81.8919964974371 4.35928847288478 0.0918783726293184 -0.037833533933756
28.1000000000001 12.5189557071794 107.775142992255 81.8650806501965 4.37504405533647 0.0930782739774371 -0.0371487480616283
28.2000000000001 12.5727207541731 107.731438192398 81.8381631437802 4.39104463645251 0.0942522000812433 -0.0366064658260516
28.3000000000001 12.6264687837132 107.68784691563 81.8112438389833 4.40729278398966 0.0953989850849166 -0.0362005863469598
28.4000000000001 12.680200310233 107.644371258997 81.784322594319 4.4237909902013 0.0965174597688192 -0.0359256802411149
28.5000000000001 12.73391589822 107.60101329024 81.7573992646322 4.44054166949016 0.0976064526423462 -0.035776944474275
28.6000000000001 12.7876161617788 107.557775046906 81.7304736997139 4.45754715606104 0.0986647911555964 -0.035750162594342
28.7000000000001 12.8413017640754 107.514658535462 81.7035457429159 4.47480970157356 0.0996913030229389 -0.0358416699110982
28.8000000000001 12.8949734166643 107.47166573041 81.6766152297644 4.49233147279488 0.100684817652986 -0.0360483231518654
28.9000000000001 12.9486318786943 107.428798573396 81.6496819865749 4.51011454925241 0.101644167678673 -0.0363674743695502
29.0000000000001 13.0022779559954 107.38605897233 81.6227458290661 4.52816092088656 0.102568190580653 -0.0367969487206365
29.1000000000001 13.0559125000392 107.343448800497 81.5958065609827 4.54647248571021 0.103455782536862 -0.0373072785809605
29.2000000000001 13.1095364066577 107.300969895767 81.5688639729399 4.56505104764412 0.104306057204822 -0.0378702299220982
29.3000000000002 13.1631506143424 107.258624060025 81.541917841831 4.5838983147987 0.105118192034661 -0.0384859611961917
29.4000000000002 13.2167561023231 107.21641305869 81.5149679304559 4.60301589793177 0.105891377882216 -0.0391548146683431
29.5000000000002 13.2703538885459 107.174338620244 81.4880139871592 4.62240530891304 0.106624820614415 -0.039877314729123
29.6000000000002 13.3239450275596 107.132402435751 81.4610557454673 4.64206795918851 0.10731774271771 -0.0406541676206796
29.7000000000002 13.3775306083081 107.090606158385 81.4340929237263 4.66200515824505 0.10796938490415 -0.0414862624934523
29.8000000000002 13.4311117518336 107.04895140295 81.4071252247392 4.68221811207479 0.108579007706495 -0.0423746738089757
29.9000000000002 13.4846896088911 107.00743974541 81.3801523354038 4.70270792163962 0.109145893056334 -0.0433206650870229
30.0000000000002 13.5382653574766 106.966072722406 81.3531739263499 4.72347558133568 0.109669345838819 -0.0443256939949485
30.1000000000002 13.5918402002677 106.924851830797 81.3261896515916 4.74452197748257 0.11014887465341 -0.0453390732453777
30.2000000000002 13.6454153618744 106.883778527414 81.2991991485538 4.7658478874558 0.110584730064427 -0.0463102041171139
30.3000000000002 13.6989920857668 106.842854229413 81.2722020390499 4.78745398045217 0.110977366077185 -0.0472406646307068
30.4000000000002 13.7525716310977 106.802080314842 81.2451979306347 4.80934081889836 0.111327260792367 -0.0481318316949976
30.5000000000002 13.8061552695402 106.761458123232 81.2181864179713 4.83150885988432 0.111634916382301 -0.0489848976186311
30.6000000000002 13.8597442821503 106.720988956173 81.1911670841978 4.8539584565966 0.111900858979213 -0.0498008845646465
30.7000000000002 13.9133399562561 106.680674077903 81.1641395022946 4.87668985975169 0.112125638477461 -0.0505806572504409
30.8000000000002 13.9669435823783 106.640514715888 81.1371032364514 4.89970321902941 0.112309828251435 -0.051324934036173
30.9000000000002 14.0205564511857 106.600512061406 81.1100578434341 4.92299858450626 0.112454024792391 -0.0520342966071092
31.0000000000002 14.0741798504879 106.560667270132 81.0830028739516 4.94657590808873 0.11255884726794 -0.0527091983912757
31.1000000000002 14.1278150622622 106.520981462716 81.0559378740362 4.97043504494267 0.112624904123296 -0.0533122808449038
31.2000000000002 14.1814633595352 106.481455725327 81.0288623867658 4.99457575481712 0.112652694314785 -0.053806515662221
31.3000000000002 14.235126002827 106.442091110083 81.0017759548539 5.01899770310058 0.112642706204474 -0.0541925390119512
31.4000000000002 14.2888042364419 106.402888635436 80.974678123582 5.04370046177194 0.112595450033354 -0.0544707009091082
31.5000000000002 14.3424992847879 106.36384928657 80.9475684437453 5.06868351034721 0.112511457387522 -0.0546410737821631
31.6000000000002 14.3962123487363 106.324974015778 80.9204464745979 5.09394623682639 0.112391280658693 -0.0547034588844069
31.7000000000002 14.4499446020212 106.286263742858 80.8933117867982 5.11948793864021 0.112235492503513 -0.0546573906956732
31.8000000000002 14.5036971876831 106.247719355497 80.8661639653546 5.14530782359701 0.112044685308773 -0.0545021393423519
31.9000000000002 14.5574712145596 106.20934170966 80.8390026125709 5.17140501082951 0.111819470671213 -0.0542367111879648
32.0000000000002 14.611267753822 106.171131629976 80.8118273509914 5.19777853174159 0.111560478897808 -0.0538598475899187
32.1000000000002 14.6650878355606 106.133089910144 80.7846378263639 5.22442733098399 0.111268565619747 -0.0533060726855419
32.2000000000002 14.7189324453526 106.095217313634 80.7574337110488 5.25135026817915 0.110945429334696 -0.0525075453760296
32.3000000000002 14.7728025207429 106.057514575198 80.7302147085608 5.27854612154824 0.110592983824773 -0.0514588812738993
32.4000000000002 14.8266989478032 106.01998240267 80.7029805585575 5.30601359228741 0.110213149578416 -0.050154222953411
32.5000000000002 14.8806225578504 105.982621478798 80.6757310418451 5.3337513089729 0.10980785339581 -0.0485872780031754
32.6000000000002 14.9345741243278 105.945432463063 80.6484659853842 5.3617578319661 0.109379028334319 -0.0467513580436211
32.7000000000002 14.9885543598473 105.908415993499 80.6211852672951 5.39003165781866 0.108928614018384 -0.044639419489893
32.8000000000002 15.0425639133928 105.871572688523 80.5938888218638 5.41857122367758 0.10845855733634 -0.0422441069845553
32.9000000000002 15.0966033676836 105.83490314875 80.5665766445471 5.44737491169031 0.107970813547853 -0.0395578004479888
33.0000000000002 15.1506732366961 105.798407958823 80.5392487969788 5.4764410534098 0.107467347821657 -0.0365726667249419
33.1000000000002 15.2047739633417 105.762087689234 80.5119054119751 5.50576793420472 0.106950187052116 -0.0332831660601571
33.2000000000002 15.2589059172803 105.725942898305 80.4845466985352 5.53535379780157 0.106421571902299 -0.0296834801411153
33.3000000000002 15.3130693928415 105.689974134513 80.4571729468325 5.56519685116176 0.105883810368526 -0.025765310558813
33.4000000000002 15.3672646070995 105.654181938977 80.4297845331998 5.59529526949075 0.105339231290718 -0.0215205465130252
33.5000000000002 15.4214916981239 105.618566847941 80.4023819251155 5.62564720125218 0.104790188177182 -0.0169413790958129
33.6000000000002 15.475750723406 105.583129395255 80.3749656861895 5.65625077318204 0.104239063548593 -0.0120204298292542
33.7000000000002 15.5300416584574 105.547870114864 80.3475364811489 5.6871040953028 0.10368827379769 -0.0067508948475594
33.8000000000002 15.5843643955823 105.512789543289 80.3200950808236 5.7182052659376 0.103140274554972 -0.00112670621318237
33.9000000000002 15.6387187428191 105.477888222112 80.2926423671327 5.74955237672439 0.102597566541743 0.00485728832964975
34.0000000000002 15.6931044230537 105.443166700464 80.26517933807 5.7811435176301 0.102062701884844 0.0112051260516085
34.1000000000002 15.7475210733026 105.408625537509 80.2377071126766 5.81297678196115 0.101538288441621 0.01786960575773
34.2000000000002 15.8019682442191 105.37426530503 80.2102269356812 5.84505027127953 0.101026987767591 0.0248010520073239
34.3000000000002 15.8564453999 105.340086590252 80.1827401812913 5.87736210007911 0.100531525394041 0.0319974851795719
34.4000000000002 15.9109519179141 105.306089998771 80.1552483566522 5.90991040036741 0.10005469809924 0.0394549606572598
34.5000000000002 15.9654870895003 105.272276157469 80.1277531052928 5.94269332624389 0.0995993790973034 0.0471673372559168
34.6000000000002 16.020050119936 105.238645717447 80.1002562105708 5.9757090584781 0.0991685230993529 0.0551260392483024
34.7000000000002 16.0746401290767 105.20519935695 80.0727595991188 6.00895580908789 0.0987651711416918 0.0633198165206481
34.8000000000002 16.1292561520684 105.171937784287 80.0452653442897 6.04243182591764 0.0983924550633845 0.0717345086023692
34.9000000000002 16.1838971402369 105.138861740761 80.0177756696027 6.07613539721642 0.0980536015079033 0.0803528196012332
35.0000000000002 16.2385619621562 105.105972003593 79.9902929521885 6.11006485621622 0.0977519353120053 0.0891541124094995
35.1000000000002 16.2932494049121 105.073269388832 79.9628197261932 6.14421858568181 0.097490662117747 0.0979688262524056
35.2000000000002 16.3479581758667 105.040754753886 79.9353586850842 6.17859502172295 0.0972721903939526 0.106626782845985
35.3000000000002 16.4026869053775 105.008428999078 79.9079126811711 6.21319265573444 0.0970987544451234 0.115102917341163
35.4000000000002 16.457434149934 104.976293068829 79.8804847240294 6.2480100355985 0.0969726222463651 0.123371129984534
35.5000000000002 16.5121983954007 104.944347952818 79.8530779788813 6.28304576685886 0.0968960871570681 0.13140450405224
35.6000000000002 16.566978060357 104.912594687145 79.8256957649775 6.31829851389483 0.0968714590582935 0.139175565230577
35.7000000000002 16.6217714995382 104.881034355499 79.7983415539784 6.35376700109531 0.0969010549739332 0.14665658019003
35.8000000000002 16.6765770073826 104.849668090316 79.771018968335 6.3894500140329 0.0969871892533975 0.153819890500952
35.9000000000002 16.7313928216887 104.818497073946 79.7437317796707 6.42534640063793 0.0971321634116985 0.160638276267381
36.0000000000002 16.7862171273868 104.787522539815 79.7164839071624 6.46145507237252 0.0973382557399281 0.167085342152466
36.1000000000002 16.841048060429 104.756745773583 79.6892794159137 6.49777500539129 0.0976076075508505 0.173110479524916
36.2000000000002 16.8958837117729 104.726168114121 79.6621225151221 6.5343052413543 0.0979419003461091 0.178668223477462
36.3000000000002 16.9507221314024 104.695790954036 79.6350175557198 6.57104488735734 0.0983426510093542 0.183742736716598
36.4000000000002 17.0055613324085 104.66561574002 79.6079690278097 6.60799311551455 0.0988113050878321 0.188321038741732
36.5000000000002 17.0603992951572 104.635643973187 79.5809815580925 6.64514916252754 0.0993492282013567 0.192393230703835
36.6000000000003 17.1152339715484 104.605877209418 79.5540599072931 6.68251232925467 0.0999576982810641 0.195952668237905
36.7000000000003 17.1700632893697 104.576317059697 79.5272089675885 6.72008198028022 0.10063789873028 0.198996076077675
36.8000000000003 17.2248851567501 104.546965190452 79.5004337600348 6.75785754348357 0.101390912571575 0.201523600369528
36.9000000000003 17.2796974667151 104.517823323895 79.4737394319941 6.79583850960842 0.102217717628483 0.203538796754132
37.0000000000003 17.3344981018485 104.488893238367 79.4471312545618 6.83402443183199 0.103119182755286 0.205048554710249
37.1000000000003 17.3892849390744 104.460176768648 79.4206146199561 6.87241492530766 0.104095775462266 0.205978137297246
37.2000000000003 17.4440558548167 104.431675805743 79.3941950379319 6.91100966601659 0.105146668625333 0.206269153374054
37.3000000000003 17.4988087309003 104.403392295277 79.3678781297157 6.94980838786544 0.10627057082198 0.20595763336388
37.4000000000003 17.5535414607069 104.375328235356 79.3416696209659 6.98881087909306 0.107466014399014 0.205081983576517
37.5000000000003 17.6082519553031 104.347485674404 79.3155753346943 7.02801697865066 0.108731360938282 0.203682298642309
37.6000000000003 17.6629381495253 104.319866708996 79.2896011841882 7.06742657258191 0.110064807665999 0.201799697087426
37.7000000000003 17.7175980080149 104.292473481705 79.2637531659323 7.10703959040312 0.111464394540209 0.199475696049406
37.8000000000003 17.7722295311964 104.265308178929 79.2380373525311 7.14685600148334 0.112928011765455 0.196751637975153
37.9000000000003 17.82683076119 104.238373028734 79.2124598856302 7.18687581142456 0.114453407505786 0.193668178703597
38.0000000000003 17.8813997876506 104.211670298691 79.1870269688389 7.2270990584418 0.116038195594409 0.190264843003055
38.1000000000003 17.9359347535295 104.185202293694 79.1617448606376 7.26752580973107 0.117679689277335 0.186575657483682
38.2000000000003 17.9904338609036 104.158971353307 79.1366198669162 7.30815615752056 0.119374381528679 0.182637325354149
38.3000000000003 18.0448953770788 104.132979847909 79.111658332574 7.34899021431768 0.121118464424078 0.17849018785678
38.4000000000003 18.0993176406515 104.107230174366 79.0868666327508 7.39002810783925 0.122908009623451 0.174171624576863
38.5000000000003 18.1536990673459 104.081724751688 79.0622511640424 7.43126997592961 0.12473897583926 0.169715948842807
38.6000000000003 18.2080381556 104.056466016679 79.037818335718 7.47271596147863 0.126607215589493 0.165154373515637
38.7000000000003 18.2623334918838 104.031456419598 79.0135745609356 7.5143662073398 0.12850848125801 0.160515036071658
38.8000000000003 18.3165837557303 104.006698419806 78.989526247959 7.55622085124826 0.130438430514957 0.15582307196295
38.9000000000003 18.3707877244598 103.982194481426 78.9656797913739 7.5982800207389 0.132392631169132 0.151100725975194
39.0000000000003 18.4249442775767 103.957947068995 78.9420415633044 7.64054382806435 0.134366565541097 0.146367492082172
39.1000000000003 18.4790524008266 103.933958643109 78.9186179046329 7.68301236511889 0.136355621714402 0.141667908451249
39.2000000000003 18.5331111900822 103.91023165579 78.895415116319 7.72568569851345 0.138355058283194 0.13704251889814
39.3000000000003 18.5871198553391 103.886768545162 78.8724394509676 7.76856386503417 0.140360044502755 0.132501323870894
39.4000000000003 18.6410777244943 103.86357172985 78.8496971044957 7.81164686725212 0.142365675615713 0.128052439724912
39.5000000000003 18.6949842466953 103.840643603366 78.8271942078031 7.85493466913885 0.144366975626983 0.123702293261776
39.6000000000003 18.7488389952313 103.817986528499 78.8049368184425 7.89842719168189 0.146358900242786 0.119455806974076
39.7000000000003 18.8026416699433 103.7956028317 78.7829309122909 7.9421243085003 0.148336340080643 0.11531657319343
39.8000000000003 18.8563920991344 103.773494797476 78.761182375219 7.98602584146018 0.150294124248995 0.111287016012596
39.9000000000003 18.9100902409562 103.751664662775 78.7396969947628 8.03013155629018 0.152227024389725 0.107368540344843
40.0000000000003 18.9637361842532 103.730114611371 78.7184804517935 8.07444115819707 0.1541297592561 0.10356166792835
40.1000000000003 19.0173301488472 103.708846768271 78.6975383122217 8.11895428750664 0.155997279328265 0.0999037329793631
40.2000000000003 19.0708724853344 103.687863194427 78.6768760195681 8.16367051596511 0.157825615919866 0.0964269527790986
40.3000000000003 19.1243636745867 103.667165882258 78.6564988897369 8.2085893447172 0.159611056522288 0.0931238471236367
40.4000000000003 19.1778043269091 103.646756751486 78.6364121066549 8.25371020294463 0.161349870466963 0.0899872908936173
40.5000000000003 19.231195180781 103.626637644983 78.6166207179452 8.29903244653007 0.163038313241462 0.0870105203037394
40.6000000000003 19.2845371011712 103.60681032462 78.5971296305999 8.34455535672107 0.164672631424561 0.0841871360786817
40.7000000000003 19.3378310774186 103.587276467118 78.5779436066537 8.39027813879401 0.166249068223858 0.0815111042921333
40.8000000000003 19.3910782206722 103.568037659893 78.5590672588573 8.43619992071799 0.167763869583729 0.0789767554223271
40.9000000000003 19.4442797608853 103.549095396905 78.5405050463499 8.48231975181881 0.169213290830136 0.0765787821530522
41.0000000000003 19.49743704336 103.530451074508 78.5222612703332 8.52863660144286 0.170593603811771 0.0743122363878818
41.1000000000003 19.5505515248414 103.512105987306 78.5043400697596 8.57514935763527 0.171901260902264 0.0721810472867453
41.2000000000003 19.6036247692652 103.494061324254 78.4867454174316 8.62185682618657 0.173133372000774 0.0701882613642127
41.3000000000003 19.6566584433609 103.476318165366 78.4694811171409 8.66875773061503 0.174287242326091 0.0683282960917279
41.4000000000003 19.7096543120145 103.458877478664 78.4525508012171 8.71585071251751 0.175360222652358 0.0665961080564326
41.5000000000003 19.7626142333087 103.441740117146 78.4359579280929 8.76313433193455 0.17634971606319 0.0649871663265392
41.6000000000003 19.8155401532413 103.424906815739 78.4197057798686 8.81060706771545 0.17725318478473 0.063497429367166
41.7000000000003 19.8684341001286 103.408378188261 78.4037974598771 8.85826731788331 0.178068157032848 0.0621233254045839
41.8000000000003 19.9212981787016 103.392154724385 78.3882358902488 8.9061134000001 0.178792233806771 0.0608617361755158
41.9000000000003 19.9741345639023 103.376236786595 78.3730238094757 8.95414355153176 0.179423095567887 0.0597099840118777
42.0000000000003 20.0269454943906 103.36062460715 78.3581637699774 9.00235593021322 0.179958508730156 0.0586658222689323
42.1000000000003 20.0797332657789 103.345318285053 78.3436581356793 9.05074861442903 0.180396493585121 0.057729555185614
42.2000000000003 20.132500223789 103.330317783305 78.329509079975 9.09931960399732 0.180735812109176 0.056901080469063
42.3000000000003 20.1852487576769 103.315622926882 78.3157185846556 9.14806682197807 0.180975482008009 0.0561782265811873
42.4000000000003 20.2379812937173 103.301233400984 78.3022884392225 9.1969881168846 0.181114617427758 0.055559298299071
42.5000000000003 20.2907002885987 103.287148749307 78.2892202402139 9.24608126491077 0.181152431595303 0.0550430664416851
42.6000000000003 20.3434082227359 103.273368372309 78.2765153905313 9.29534397215809 0.181088238984748 0.0546287621386496
42.7000000000003 20.3961075935158 103.259891525473 78.2641750987667 9.34477387686284 0.18092145698615 0.0543160756357738
42.8000000000003 20.4488009084902 103.246717317579 78.2522003785292 9.3943685516232 0.180651607056522 0.0541051596940662
42.9000000000003 20.5014906785328 103.233844708966 78.2405920477717 9.44412550562635 0.180278315337004 0.0539966377367811
43.0000000000003 20.5541794109746 103.221272509802 78.2293507281175 9.49404218687564 0.17980131272779 0.0539916169429124
43.1000000000003 20.6068696027361 103.208999378382 78.2184768442183 9.5441159844343 0.179220774225566 0.0540790942100065
43.2000000000003 20.6595637335359 103.197023820254 78.2079706239177 9.59434423110168 0.178538334576703 0.054246690410759
43.3000000000003 20.712264259374 103.185344189467 78.1978321004595 9.64472420718717 0.17775606054771 0.0544940949972003
43.4000000000003 20.7649736063488 103.173958690636 78.1880611155022 9.69525314471654 0.176876104428112 0.0548213552241727
43.5000000000003 20.8176941647954 103.162865381051 78.1786573221645 9.74592823165501 0.175900697483165 0.0552288712653504
43.6000000000004 20.870428283754 103.152062172776 78.1696201880702 9.79674661613021 0.174832143130129 0.0557173946728173
43.7000000000004 20.9231782657774 103.141546834758 78.1609489983942 9.8477054106552 0.17367280989934 0.056288030120879
43.8000000000004 20.9759463620866 103.131316994927 78.152642858907 9.89880169635149 0.172425124243603 0.0569422403904021
43.9000000000004 21.0287347680803 103.121370142303 78.1447006990207 9.95003252717202 0.17109156325723 0.0576818546231573
44.0000000000004 21.0815456192048 103.111703629096 78.1371212748336 10.0013949341242 0.169674647366561 0.0585090799024832
44.1000000000004 21.1343809871846 103.102314672839 78.1299031721831 10.0528859294932 0.168177067711089 0.0593917038856943
44.2000000000004 21.1872428765015 103.093200359119 78.1230448098661 10.104502511072 0.166602081668128 0.0602956689281567
44.3000000000004 21.2401332209733 103.084357645866 78.116544443292 10.1562416664098 0.164953098732751 0.061220697898313
44.4000000000004 21.2930538806705 103.075783368246 78.1104001683041 10.2081003770665 0.163233536835961 0.062166495933477
44.5000000000004 21.3460066392976 103.067474243583 78.1046099250086 10.260075622868 0.161446813829854 0.0631327417809309
44.6000000000004 21.3989932020399 103.059426876272 78.0991715016022 10.3121643861616 0.159596339321852 0.0641190784962522
44.7000000000004 21.4520151938716 103.0516377627 78.0940825382013 10.3643636560709 0.157685506903108 0.0651251033856961
44.8000000000004 21.5050741583177 103.044103296165 78.08934053067 10.4166704327513 0.155717686809864 0.0661503570732086
44.9000000000004 21.5581715566631 103.036819771794 78.0849428344487 10.4690817316451 0.153696219056407 0.0671943115711564
45.0000000000004 21.6113087676006 103.02978339146 78.0808866683823 10.5215945877364 0.151624407065795 0.0682563572013255
45.1000000000004 21.664487087295 103.022990268725 78.0771691185485 10.5742060597958 0.149505578047727 0.0692905601724624
45.2000000000004 21.7177077295139 103.016436434336 78.0737871420721 10.6269132343369 0.147343278013473 0.0702473918539755
45.3000000000004 21.77097182529 103.010117843157 78.0707375709078 10.6797132288451 0.14514107033384 0.0711202175493643
45.4000000000004 21.8242804226706 103.004030381655 78.0680171156082 10.7326031947187 0.142902463864863 0.0719016022672345
45.5000000000004 21.8776344868877 102.998169875406 78.065622369093 10.7855803201987 0.140630907386453 0.0725832432638714
45.6000000000004 21.9310349009477 102.99253209661 78.063549810417 10.8386418332995 0.138329784652319 0.0731558956708779
45.7000000000004 21.9844824666251 102.987112771596 78.0617958085386 10.8917850047391 0.136002410055528 0.0736092907332269
45.8000000000004 22.0379779058472 102.981907588334 78.0603566260884 10.9450071508688 0.133652024915089 0.07393204611527
45.9000000000004 22.0915218624506 102.976912203944 78.0592284231374 10.9983056366037 0.13128179438293 0.0741115677440234
46.0000000000004 22.145114904297 102.972122252203 78.0584072609655 11.0516778783531 0.128894804974451 0.074133942582507
46.1000000000004 22.1987575257135 102.967533351053 78.0578891058153 11.1051213469336 0.126493943437793 0.0739707559263304
46.2000000000004 22.2524501498339 102.963141110016 78.0576698322591 11.1586335700487 0.124081544005488 0.0735919565884811
46.3000000000004 22.3061931301535 102.958941137376 78.0577452255864 11.212212133666 0.12165975634371 0.0729787555187214
46.4000000000004 22.3599867519032 102.954929047267 78.0581109838048 11.2658546829607 0.119230665550347 0.0721104004639177
46.5000000000004 22.4138312336298 102.951100466764 78.0587627196261 11.3195589232418 0.116796291787092 0.070963975871661
46.6000000000004 22.467726728987 102.94745104297 78.0596959624523 11.3733226208787 0.114358590479596 0.069514179392216
46.7000000000004 22.5216733287249 102.943976450101 78.0609061603621 11.4271436042281 0.111919453116165 0.0677330721139837
46.8000000000004 22.5756710628672 102.940672396575 78.0623886820966 11.4810197645599 0.109480708675573 0.0655897993771464
46.9000000000004 22.6297199030643 102.937534632098 78.0641388190458 11.5349490569843 0.107044125733384 0.063050278616782
47.0000000000004 22.6838197651115 102.934558954755 78.0661517872344 11.5889295013781 0.10461141529581 0.0600768503445039
47.1000000000004 22.7379705116113 102.931741218096 78.068422729287 11.642959183302 0.102184116591525 0.0565757874470997
47.2000000000004 22.7921719545171 102.929077338342 78.0709467158357 11.6970362546875 0.0997632498955685 0.0524440030203508
47.3000000000004 22.8464238571283 102.926563301854 78.0737187455166 11.751158933935 0.0973496790689483 0.0476222323070428
47.4000000000004 22.9007259359049 102.924195172725 78.0767337444092 11.8053255057811 0.0949442372505122 0.0420443613674652
47.5000000000004 22.9550778623417 102.921969100361 78.0799865654537 11.8595343211572 0.0925477358497242 0.0356365227464999
47.6000000000004 23.0094792649073 102.919881327073 78.0834719878698 11.9137837970476 0.0901609753621926 0.0283160590722343
47.7000000000004 23.0639297310417 102.917928195668 78.0871847165745 11.9680724163478 0.0877847583060969 0.0199903373255695
47.8000000000004 23.1184288092111 102.916106157029 78.0911193815999 12.0223987277232 0.0854199046365683 0.0105553960097949
47.9000000000004 23.1729760110146 102.914411777714 78.0952705375114 12.0767613454667 0.0830672700666211 -0.000105592066103208
48.0000000000004 23.2275708133415 102.912841747535 78.0996326628255 12.1311589493578 0.0807277678088564 -0.0121240558849858
48.1000000000004 23.2822126605516 102.911392887124 78.1042001594138 12.1855902844963 0.0784021925188475 -0.025562451161779
48.2000000000004 23.336900966057 102.910062154747 78.1089673515262 12.2400541605038 0.0760906500707013 -0.0404908677519409
48.3000000000004 23.3916351122941 102.908846651238 78.113928483853 12.2945494491218 0.0737932034643217 -0.0570806975681882
48.4000000000004 23.4464144500439 102.907743624188 78.1190777192061 12.349075081176 0.0715101093561217 -0.0755278838484308
48.5000000000004 23.5012382977216 102.906750472106 78.1244091361865 12.4036300435178 0.0692418576453666 -0.0960565989079049
48.6000000000004 23.5561059406643 102.905864748581 78.1299167268515 12.4582133759645 0.066989218914399 -0.118923318780615
48.7000000000004 23.611016630426 102.905084166443 78.135594394382 12.5128241682407 0.0647533013929266 -0.144421221206018
48.8000000000004 23.6659695840867 102.904406601922 78.1414359507497 12.5674615569188 0.0625356194502437 -0.172884739305365
48.9000000000004 23.720963983585 102.903830098815 78.1474351143843 12.6221247223598 0.0603381760216599 -0.204693949617643
49.0000000000004 23.7759989750815 102.90335287264 78.1535855078409 12.6768128856544 0.0581635618002259 -0.24027822845654
49.1000000000004 23.8310736683501 102.902973314759 78.159880655457 12.7315253055509 0.0560148454621548 -0.279928121155448
49.2000000000004 23.8861871358752 102.902689995359 78.1663139807397 12.7862612750643 0.0538950061401994 -0.323968383127837
49.3000000000004 23.9413384111172 102.902501663567 78.1728788030707 12.84102011727 0.0518077373816646 -0.372958357611626
49.4000000000004 23.9965264864571 102.902407246423 78.179568334141 12.8958011807791 0.049757844321625 -0.427503970541952
49.5000000000004 24.0517503111581 102.902405847817 78.1863756743763 12.9506038351999 0.0477514483968135 -0.488239759291979
49.6000000000004 24.1070087893703 102.902496747421 78.1932938093614 13.0054274666002 0.0457962263024204 -0.555794571442421
49.7000000000004 24.1623007781952 102.902679399624 78.2003156062651 13.0602714729695 0.0439016825249744 -0.630732609809493
49.8000000000004 24.2176250858231 102.902953432466 78.2074338102655 13.1151352596809 0.0420794490908044 -0.713459075990023
49.9000000000004 24.2729804697578 102.903318646573 78.2146410409744 13.1700182349531 0.0403435963000328 -0.804078186702897
50.0000000000004 24.3283656351457 102.903775014088 78.2219297888621 13.2249198053128 0.0387109225138051 -0.902193036352287
50.1000000000004 24.3837792332141 102.90432267756 78.2292924116959 13.2798393710487 0.0372009527447234 -1.00628169183735
50.2000000000004 24.4392198596714 102.904961947539 78.2367211313216 13.3347763214609 0.0358352264309147 -1.11380574252983
50.3000000000004 24.4946860528048 102.905693296927 78.2442080313179 13.3897300295908 0.034637498758867 -1.22136469464402
50.4000000000004 24.5501762915324 102.906517354032 78.2517450549942 13.4446998467456 0.0336332925910622 -1.32422107946666
50.5000000000004 24.6056889935812 102.907434895578 78.259324003402 13.499685097016 0.0328488010336234 -1.41645546164709
50.6000000000004 24.6612225138056 102.908446839718 78.2669365333458 13.5546850717927 0.0323093105911744 -1.49151607664901
50.7000000000005 24.7167751426588 102.909554239045 78.2745741553945 13.6096990242836 0.0320372618417982 -1.54318860676108
50.8000000000005 24.7723451048237 102.910758273597 78.2822282318929 13.6647261640308 0.03205023329059 -1.5668125749152
50.9000000000005 24.8279305580156 102.912060243873 78.2898899749722 13.7197656514279 0.0323592622519608 -1.56036517362633
51.0000000000005 24.8835295919634 102.913461563839 78.2975504445616 13.7748165922369 0.0329679135925663 -1.52498132128032
51.1000000000005 24.9391402275995 102.914963753924 78.3052005464351 13.8298780321211 0.0338721793345518 -1.46439414446422
51.2000000000005 24.9947604169771 102.91656843351 78.3128310311859 13.8849489516005 0.0350608677851315 -1.38443206660573
51.3000000000005 25.0503880447284 102.91827731218 78.3204324955538 13.9400282620753 0.0365175068841446 -1.29198298909407
51.4000000000005 25.1060209302344 102.920092180465 78.3279953846812 13.9951148022724 0.0382224441922126 -1.19350075033534
51.5000000000005 25.1616568299927 102.922014900566 78.3355099944035 14.0502073347069 0.0401546865281353 -1.09428814900758
51.6000000000005 25.2172934401576 102.924047397094 78.3429664735405 14.1053045421442 0.0422933569379461 -0.998230179729627
51.7000000000005 25.2729283992519 102.926191647786 78.3503548261873 14.1604050240618 0.0446186962067229 -0.907857505964176
51.8000000000005 25.3285592910461 102.928449674245 78.357664914005 14.2155072931115 0.0471126491933289 -0.824584035343189
51.9000000000005 25.3841836476028 102.93082353266 78.364886458512 14.2706097715813 0.049759129033761 -0.74899473390392
52.0000000000005 25.4397989524824 102.933315304538 78.3720090433749 14.3257107878571 0.0525440604459874 -0.681111043981713
52.1000000000005 25.4954026441017 102.935927087427 78.3790221167088 14.3808085728783 0.0554552044946077 -0.62059593434316
52.2000000000005 25.5509921190979 102.938660985394 78.3859149936281 14.435901256422 0.0584817477194872 -0.566932211749393
52.3000000000005 25.6065647354554 102.941519098921 78.3926768594299 14.4909868629518 0.0616143694238114 -0.519521486224147
52.4000000000005 25.6621178156076 102.944503514564 78.3992967730278 14.5460633072963 0.0648451352835404 -0.477737005739231
52.5000000000005 25.7176486496506 102.947616294597 78.4057636703951 14.60112839032 0.0681673164417099 -0.440966772888377
52.6000000000005 25.7731544986659 102.950859466661 78.4120663680079 14.6561797945953 0.071575225813492 -0.408637530068641
52.7000000000005 25.8286325981493 102.954235013416 78.4181935662882 14.7112150800731 0.0750640743695663 -0.380226309740204
52.8000000000005 25.8840801615376 102.957744862184 78.4241338530475 14.7662316797549 0.0786298474187308 -0.35526425854885
52.9000000000005 25.9394943838312 102.961390874601 78.4298757069295 14.8212268953637 0.0822691994882817 -0.333335904869043
53.0000000000005 25.9948724453063 102.965174836263 78.4354075008533 14.8761978930157 0.0859793657822011 -0.314075929182036
53.1000000000005 26.050211515347 102.969098446383 78.4407175055134 14.9311416989187 0.0897577735235695 -0.297045104193903
53.2000000000005 26.1055087572061 102.973163307586 78.4457938943449 14.9860551957757 0.0936009899017294 -0.281884273801356
53.3000000000005 26.1607613349496 102.977370916091 78.4506247522113 15.0409351209782 0.0975055379237815 -0.26840048258022
53.4000000000005 26.2159664212007 102.981722652027 78.4551980855574 15.0957780655057 0.101468165948659 -0.256422272725164
53.5000000000005 26.2711212048326 102.98621976976 78.4595018326196 15.1505804728507 0.105485819002826 -0.24579771969359
53.6000000000005 26.3262228985529 102.990863388223 78.4635238736356 15.2053386379449 0.109555613576368 -0.236392467094279
53.7000000000005 26.3812687463573 102.995654481242 78.4672520410539 15.2600487060849 0.113674815547103 -0.228087844994127
53.8000000000005 26.43625603083 103.000593867861 78.4706741297443 15.3147066718584 0.117840820917662 -0.220779117792606
53.9000000000005 26.4911820802677 103.005682202672 78.4737779072072 15.3693083780694 0.122051139088169 -0.21437388322077
54.0000000000005 26.5460442756067 103.01091996614 78.4765511237836 15.4238495146645 0.126303378427793 -0.208790628461871
54.1000000000005 26.6008400571557 103.016307454973 78.4789815228865 15.4783256176808 0.130595186016394 -0.203834028632746
54.2000000000005 26.6555669317964 103.021844773609 78.4810568517933 15.5327320687706 0.134924048592337 -0.199336511879471
54.3000000000005 26.710222481713 103.027531828532 78.482764873862 15.587064096191 0.139287349579814 -0.195268058222572
54.4000000000005 26.764804373531 103.033368323702 78.4840933813079 15.6413167763693 0.143682398995637 -0.191601692439428
54.5000000000005 26.8193103671544 103.039353756035 78.485030208003 15.6954850354921 0.148106427226982 -0.188313180042314
54.6000000000005 26.8737383242402 103.045487410876 78.4855632422739 15.7495636510928 0.152556579408755 -0.185380757733651
54.7000000000005 26.9280862162821 103.051768357474 78.4856804397012 15.8035472536403 0.157029910500515 -0.182784894227893
54.8000000000005 26.9823521322693 103.058195444455 78.4853698359176 15.8574303281271 0.161523381166962 -0.180508077851822
54.9000000000005 27.036534285889 103.064767295304 78.4846195594067 15.9112072156573 0.166033854569287 -0.178534627755726
55.0000000000005 27.0906310222418 103.071482303834 78.483417844302 15.9648721150356 0.170558094177588 -0.176850525931401
55.1000000000005 27.1446408240676 103.078338629715 78.4817530432052 16.0184190843801 0.175092686838713 -0.175333223701199
55.2000000000005 27.1985623182307 103.085334195331 78.4796136405263 16.0718420434021 0.179633764645102 -0.17387425405645
55.3000000000005 27.2523942836681 103.092466686014 78.4769882671462 16.1251347773735 0.184177144037832 -0.172481110667816
55.4000000000005 27.306135659496 103.099733551607 78.4738657156005 16.1782909417588 0.188718389005234 -0.171160391324778
55.5000000000005 27.3597855524429 103.107132008085 78.4702349552832 16.231304066874 0.193252812307003 -0.169917939227065
55.6000000000005 27.4133432435318 103.114659039164 78.4660851476509 16.2841675625448 0.19777547824873 -0.168758967197228
55.7000000000005 27.4668081939599 103.122311397921 78.4614056614263 16.3368747227642 0.202281207192506 -0.167688167322611
55.8000000000005 27.5201800501285 103.130085608411 78.4561860878024 16.3894187303514 0.206764581986412 -0.166709808168694
55.9000000000005 27.573458647774 103.137977967279 78.4504162556457 16.4417926616098 0.211219956492481 -0.165827821389928
56.0000000000005 27.6266440151501 103.145984545377 78.444086246701 16.4939894909851 0.215641466386589 -0.165045879289485
56.1000000000005 27.679736375245 103.154101189441 78.4371864107266 16.5460020957375 0.220023529466212 -0.16429803506398
56.2000000000005 27.7327361477879 103.162323525228 78.4297073788717 16.5978232609725 0.224362285462151 -0.163517386613042
56.3000000000005 27.7856439524405 103.170646964403 78.4216400725854 16.6494456855838 0.22865408161067 -0.162705900241124
56.4000000000005 27.8384606121369 103.179066712891 78.4129757107679 16.7008619885545 0.232894983124539 -0.161865398404385
56.5000000000005 27.8911871558106 103.187577779287 78.4037058168524 16.7520647152726 0.237080781140431 -0.160997579806411
56.6000000000005 27.9438248204496 103.196174983268 78.3938222258878 16.8030463438461 0.241207002555981 -0.160104037410111
56.7000000000005 27.9963750524455 103.204852963998 78.3833170916216 16.8537992914188 0.245268921849874 -0.15918627477752
56.8000000000005 28.0488395082053 103.213606188546 78.372182893582 16.9043159204849 0.24926157496859 -0.158245721004947
56.9000000000005 28.1012200539937 103.22242896029 78.3604124441609 16.9545885452051 0.253179775347383 -0.157283744527182
57.0000000000005 28.1535187649727 103.231315427331 78.3479988956964 17.0046094377215 0.2570181321171 -0.156301665938253
57.1000000000005 28.2057379234058 103.240259590904 78.3349357475764 17.0543708344727 0.260770928263653 -0.155288968607795
57.2000000000005 28.2578800158668 103.249255313916 78.3212168539002 17.1038649425059 0.264431715484415 -0.154237040705243
57.3000000000005 28.3099477291763 103.258296329782 78.3068364325526 17.1530839457795 0.267993766155692 -0.153149837786989
57.4000000000005 28.3619439451451 103.267376251381 78.2917890748362 17.202020011463 0.271450246940703 -0.152031083937122
57.5000000000005 28.4138717341991 103.27648858002 78.276069755124 17.2506652962356 0.274794253007041 -0.150884302753292
57.6000000000005 28.4657343478626 103.285626714391 78.2596738405129 17.2990119525863 0.278018844496347 -0.149712845684733
57.7000000000006 28.5175352100763 103.294783959535 78.2425971004765 17.3470521351128 0.281117085051872 -0.148519918010994
57.8000000000006 28.569277907333 103.303953535806 78.2248357165185 17.394778006821 0.284082082172123 -0.147308602649708
57.9000000000006 28.6209661776139 103.313128587826 78.2063862918256 17.4421817454243 0.28690702911167 -0.146081882032384
58.0000000000006 28.6726038981195 103.322302193453 78.1872458609207 17.4892555496427 0.289585248013853 -0.144842658163885
58.1000000000006 28.7241950718312 103.331467372777 78.1674118992374 17.5359916455093 0.292110733233598 -0.14354450647398
58.2000000000006 28.7757438140212 103.340617098147 78.1468823306482 17.5823822928486 0.294479637254698 -0.142138441930199
58.3000000000006 28.8272543406937 103.349744306799 78.1256555297998 17.6284197921947 0.296688709200629 -0.140623496840466
58.4000000000006 28.8787309575179 103.358841914501 78.1037303224018 17.674096491882 0.298734806316323 -0.138998722739581
58.5000000000006 28.9301780482365 103.367902829244 78.0811059854368 17.7194047951422 0.300614917587748 -0.137263178533659
58.6000000000006 28.981600062514 103.376919964936 78.057782247371 17.7643371672017 0.30232618690122 -0.135415915685003
58.7000000000006 29.0330015032317 103.385886255085 78.0337592883643 17.8088861423794 0.303865935537007 -0.133455960329134
58.8000000000006 29.0843869132428 103.394794666492 78.0090377404803 17.8530443311835 0.305231683797182 -0.131382292143141
58.9000000000006 29.1357608615983 103.403638212937 77.983618687897 17.8968044274089 0.306421171567077 -0.129193819805515
59.0000000000006 29.1871279292587 103.412409968875 77.9575036671166 17.9401592152349 0.307432377617295 -0.126889352851989
59.1000000000006 29.2384926943264 103.421103083106 77.9306946671166 17.9831015763068 0.30826398956823 -0.124479716347884
59.2000000000006 29.2898597172527 103.429710792147 77.9031941279519 18.0256244964209 0.308916759488573 -0.121972560647243
59.3000000000006 29.3412335269161 103.438226432815 77.875004935426 18.0677210711994 0.309392124735375 -0.119361955693289
59.4000000000006 29.3926186072014 103.446643454499 77.8461304142146 18.1093845113684 0.309691748273428 -0.116642084674905
59.5000000000006 29.4440193837476 103.454955431422 77.8165743209287 18.1506081480209 0.30981751299272 -0.113807192059552
59.6000000000006 29.4954402108639 103.463156074902 77.7863408371784 18.1913854378786 0.309771514642688 -0.11085153017093
59.7000000000006 29.546885358635 103.471239245618 77.7554345626361 18.2317099685554 0.309556053504089 -0.107769303742759
59.8000000000006 29.5983590002276 103.479198965862 77.7238605081005 18.2715754638191 0.30917362493103 -0.1045546118647
59.9000000000006 29.6498651994147 103.487029431811 77.6916240885595 18.3109757888545 0.308626908905117 -0.101201386810918
60.0000000000006 29.701407898329 103.494725025781 77.6587311162542 18.349904955526 0.307918758751727 -0.0977033291519917
60.1000000000006 29.7529909054762 103.502280328467 77.6251877936912 18.3883571276247 0.307052593110341 -0.0940833638435409
60.2000000000006 29.8046178844924 103.509690130456 77.5910007053283 18.4263266257263 0.306033575144941 -0.0903622467627392
60.3000000000006 29.8562923445721 103.516949441939 77.5561768058915 18.4638079310576 0.304867346236253 -0.0865302210231701
60.4000000000006 29.9080176320788 103.524053501696 77.520723407366 18.5007956889731 0.303559590739384 -0.0825774888934196
60.5000000000006 29.9597969229344 103.530997786065 77.4846481659355 18.5372847124164 0.302116009802805 -0.0784941422664284
60.6000000000006 30.0116332157595 103.537778017899 77.4479590689216 18.5732699853822 0.300542296271437 -0.0742700922477866
60.7000000000006 30.0635293257555 103.544390175536 77.410664421723 18.6087466663774 0.298844110891011 -0.0698949972168058
60.8000000000006 30.1154878793133 103.550830501758 77.3727728347557 18.6437100918828 0.297027060006735 -0.0653581886560705
60.9000000000006 30.1675113093338 103.557095512754 77.3342932103916 18.6781557798149 0.295096674926702 -0.0606485940944785
61.0000000000006 30.2196018512414 103.563182007088 77.2952347298986 18.7120794329869 0.293058393095208 -0.0557546564567971
61.1000000000006 30.271761539662 103.569087074592 77.255606840361 18.7454769425451 0.290917873546074 -0.0507409719506615
61.2000000000006 30.3239922055327 103.574808103625 77.2154192411107 18.7783443907363 0.288681992372514 -0.0456720962572049
61.3000000000006 30.3762954734131 103.580342784138 77.1746818689167 18.8106780519784 0.286357849186084 -0.040536039961438
61.4000000000006 30.4286727595402 103.585689109093 77.1334048826849 18.8424743932638 0.283952412805545 -0.0353208279782265
61.5000000000006 30.4811252708742 103.590845375823 77.0915986481392 18.8737300745357 0.281472497613829 -0.0300144492082486
61.6000000000006 30.5336540051171 103.595810187388 77.0492737225026 18.9044419490655 0.278924742392962 -0.0246048086470777
61.7000000000006 30.586259751672 103.600582453934 77.0064408391782 18.9346070638296 0.2763155916529 -0.0190796816347381
61.8000000000006 30.6389430935128 103.605161394045 76.9631108924305 18.9642226598865 0.273651279452366 -0.0134266699360005
61.9000000000006 30.6917044099297 103.609546536108 76.9192949220663 18.9932861727538 0.27093781568011 -0.00763315941389674
62.0000000000006 30.7445438801166 103.613737719662 76.8750040981161 19.0217952327849 0.268180974758386 -0.00168627908023411
62.1000000000006 30.7974614875534 103.617735096745 76.830249705531 19.0497476655526 0.265386212620766 0.00439928484200622
62.2000000000006 30.8504570248559 103.621539132816 76.7850431293021 19.0771414923975 0.262558452078958 0.0106082683644658
62.3000000000006 30.9035300985631 103.625150606627 76.7393958406512 19.1039749313954 0.259702324705042 0.0169531212103168
62.4000000000006 30.9566801342606 103.62857060968 76.6933193836421 19.1302463984892 0.256822244103038 0.0234466289352869
62.5000000000006 31.009906382292 103.631800545659 76.6468253618098 19.1559545086284 0.253922403181226 0.0301019513746577
62.6000000000006 31.0632079240422 103.634842129875 76.5999254247885 19.1810980769075 0.251006773097904 0.0369326611075583
62.7000000000006 31.1165836787664 103.637697388701 76.5526312549399 19.2056761197046 0.248079103806624 0.0439527819319323
62.8000000000006 31.1700324109368 103.640368659014 76.5049545539818 19.2296878558206 0.24514292613464 0.0511768272673088
62.9000000000006 31.2235527380838 103.642858587628 76.4569070296165 19.2531327076175 0.242201555332491 0.0586198383193034
63.0000000000006 31.2771431391046 103.64517013074 76.408500382159 19.2760103021574 0.239258096041017 0.0662974217297074
63.1000000000006 31.330801963017 103.64730655332 76.3597462911652 19.2983204723403 0.236315529903923 0.0741604721564645
63.2000000000006 31.3845274380954 103.64927142743 76.3106564020487 19.3200632580096 0.233376958828181 0.0821568993618665
63.3000000000006 31.4383176813327 103.651068627789 76.2612423126699 19.3412389069786 0.230445351814539 0.090298305870942
63.4000000000006 31.492170708318 103.652702326254 76.211515559914 19.3618478760252 0.227523463478844 0.0985963401955648
63.5000000000006 31.5460844435593 103.654176986264 76.1614876062689 19.3818908318851 0.224613836489175 0.107062708618056
63.6000000000006 31.6000567312291 103.65549735728 76.1111698264023 19.4013686522456 0.221718804972886 0.115709185962526
63.7000000000006 31.6540853463106 103.656668469227 76.0605734937401 19.4202824267385 0.218840498864254 0.124547625191077
63.8000000000006 31.708168006123 103.657695626935 76.0097097670433 19.438633457934 0.215980849174668 0.133589965557913
63.9000000000006 31.7623023822049 103.658584404585 75.9585896769859 19.4564232623341 0.213141594182919 0.142848238975223
64.0000000000006 31.8164861125359 103.65934064014 75.9072241127329 19.4736535713658 0.210324286557693 0.152334574084919
64.1000000000006 31.8707168140386 103.659970429755 75.8556238085571 19.4903263323693 0.20753029692888 0.161979398641138
64.2000000000006 31.92499209434 103.66048012099 75.8037993314946 19.5064437094465 0.204760830251552 0.171708244676113
64.3000000000006 31.9793095611761 103.660876303065 75.7517610716328 19.5220080839542 0.202016979351169 0.181525603274015
64.4000000000006 32.0336668310364 103.661165795934 75.6995192334356 19.5370220548584 0.199299731745097 0.191435471602243
64.5000000000006 32.0880615380371 103.66135563932 75.6470838271087 19.5514884390826 0.19660996653185 0.20144135100817
64.6000000000006 32.142491343049 103.661453081744 75.5944646599657 19.5654102718564 0.193948451778867 0.211546249020239
64.7000000000006 32.1969539430635 103.661465569556 75.5416713277925 19.578790807064 0.191315842430043 0.221752685740889
64.8000000000006 32.2514470807812 103.661400735969 75.4887132062132 19.5916335175926 0.188712678770093 0.232062705019229
64.9000000000006 32.3059685544076 103.661266390091 75.4355994420553 19.603942095681 0.186139385490198 0.242477890790701
65.0000000000006 32.3605162276391 103.661070505954 75.3823389447152 19.6157204532683 0.183596271415709 0.252999388840552
65.1000000000006 32.4150880397832 103.66082121153 75.3289403775672 19.6269727223515 0.181083409041884 0.263586432223792
65.2000000000006 32.4696820149711 103.660526777254 75.2754121505124 19.6377032555929 0.178600296151011 0.274197879142273
65.3000000000006 32.5242962687748 103.660195603315 75.2217624154201 19.6479166275577 0.176146257458014 0.284834031111717
65.4000000000006 32.5789290138046 103.659836206458 75.1679990627096 19.6576176362017 0.173720566368301 0.295495309908861
65.5000000000006 32.6335785652876 103.659457206765 75.1141297179745 19.6668113043675 0.171322440369908 0.306182367855572
65.6000000000005 32.6882433466567 103.659067314442 75.0601617386084 19.6755028812808 0.168951037255457 0.316896211857402
65.7000000000005 32.7429218951376 103.658675316598 75.0061022104295 19.6836978440475 0.166605452266159 0.327638341400375
65.8000000000005 32.7976128673233 103.658290064029 74.951957944306 19.6914018991501 0.164284716261222 0.338410900569303
65.9000000000005 32.8523150447221 103.657920458003 74.8977354727809 19.6986209839439 0.161987795024862 0.349216843943531
66.0000000000005 32.9070273392677 103.657575437044 74.8434410466972 19.705361268154 0.159713589835852 0.360060116053946
66.1000000000005 32.9617487987178 103.657263963709 74.7890806318836 19.7116291553573 0.157460984386683 0.370939223185315
66.2000000000005 33.0164786103826 103.656995011325 74.7346599074149 19.7174312840858 0.155229025884504 0.381851618615317
66.3000000000005 33.0712161007166 103.65677755061 74.6801842678712 19.7227745279707 0.153016863166098 0.392801070979903
66.4000000000005 33.1259607332536 103.656620536241 74.625658827172 19.7276659955071 0.150823704138333 0.403792209678189
66.5000000000005 33.1807121064291 103.656532893426 74.5710884224705 19.7321130298052 0.148648807692808 0.41483070432335
66.6000000000005 33.2354699513437 103.656523504471 74.5164776180482 19.7361232083405 0.146491476655892 0.425923462333699
66.7000000000005 33.2902341294606 103.656601195354 74.4618307092096 19.7397043427048 0.144351051870505 0.437078844674035
66.8000000000005 33.3450046302291 103.656774722292 74.4071517261768 19.7428644783568 0.142226907516857 0.448306899602296
66.9000000000005 33.3997815686265 103.657052758313 74.3524444379841 19.7456118943726 0.140118447791461 0.459619613807614
67.0000000000005 33.454565182611 103.657443879824 74.2977123563723 19.7479551031969 0.138025105075588 0.471031180178364
67.1000000000005 33.5093558304541 103.657956553197 74.2429587397067 19.7499028503883 0.13594639322601 0.482591450043131
67.2000000000005 33.5641539873673 103.658599121717 74.1881865974996 19.7514641142421 0.133882098469457 0.494352356706825
67.3000000000005 33.6189602404993 103.659379793474 74.1333986964664 19.7526481050999 0.131832170686969 0.506334539432009
67.4000000000004 33.67377528325 103.660306629611 74.0785975671868 19.7534642645346 0.12979667772072 0.518560764596989
67.5000000000004 33.7285999094851 103.661387532592 74.0237855107889 19.753922264532 0.12777580742471 0.531056076580306
67.6000000000004 33.7834350076736 103.662630234473 73.9689646056337 19.754032006672 0.125769871566159 0.543847933970945
67.7000000000004 33.8382815549501 103.664042285165 73.9141367139988 19.753803621309 0.123779311742776 0.556966322639531
67.8000000000004 33.8931406111014 103.665631040704 73.859303488763 19.7532474667535 0.121804707491473 0.570443835214738
67.9000000000004 33.9480133124789 103.667403651519 73.8044663800904 19.7523741284529 0.119846786774243 0.584315703712814
68.0000000000004 34.0029008658397 103.669367050699 73.7496266421146 19.7511944181729 0.117906439033584 0.598619769039827
68.1000000000004 34.0578045420954 103.671527942242 73.6947853396468 19.7497193731704 0.115984718391533 0.613348569043598
68.2000000000004 34.112725669364 103.673892788958 73.6399433555075 19.7479602551706 0.114082802897248 0.628494031358767
68.3000000000004 34.167665624359 103.676467799439 73.5851013994403 19.7459285488447 0.112202012352158 0.644097221072562
68.4000000000004 34.2226258230875 103.679258914682 73.530260017649 19.74363596009 0.11034383250408 0.660202044922241
68.5000000000004 34.27760771147 103.682271794693 73.4754196023592 19.7410944143036 0.108509935673317 0.676854937858538
68.6000000000004 34.33261275591 103.685511805093 73.4205804013792 19.7383160546554 0.1067022057571 0.694104356613208
68.7000000000004 34.3876424338203 103.688984003721 73.3657425276612 19.7353132403609 0.104922767867782 0.712000030611409
68.8000000000004 34.4426982241123 103.692693127241 73.3109059688629 19.732098544955 0.103174022815129 0.730591911741069
68.9000000000004 34.4977815976601 103.696643577744 73.2560705969083 19.7286847545647 0.101458686582941 0.749928755665885
69.0000000000004 34.5528940077485 103.700839409357 73.2012361775492 19.7250848661823 0.0997798348556043 0.770056258621657
69.1000000000004 34.6080368804912 103.705284314884 73.1464023799599 19.7213120858916 0.0981413306715417 0.790939138694141
69.2000000000003 34.6632116045631 103.709981613438 73.0915687872105 19.7173798258684 0.0965489617769963 0.812476204422368
69.3000000000003 34.7184195192462 103.714934240599 73.0367349089676 19.7133016982709 0.0950092470581621 0.834595707528167
69.4000000000003 34.7736619019802 103.72014473956 72.981900195074 19.7090915079044 0.0935290460909989 0.857203693431194
69.5000000000003 34.8289399561194 103.725615252304 72.9270640491612 19.7047632448393 0.0921155539251539 0.880181141405485
69.6000000000003 34.8842547989265 103.731347510793 72.8722258422624 19.7003310770285 0.0907762918684114 0.903381325097503
69.7000000000003 34.9396074498059 103.737342828152 72.8173849264252 19.6958093429256 0.0895190930177972 0.926627632715306
69.8000000000003 34.9949988187788 103.743602089846 72.7625406483252 19.6912125441023 0.0883520812405382 0.949712141088003
69.9000000000003 35.0504296952047 103.750125744871 72.7076923628778 19.6865553378662 0.0872836423519383 0.972395283560277
70.0000000000003 35.1059007367518 103.756913796935 72.6528394468519 19.6818525298787 0.0863223863929517 0.994406977303866
70.1000000000003 35.1614124586338 103.763965795682 72.5979813124808 19.677119066738 0.085477400739082 1.0153164197793
70.2000000000003 35.2169652233868 103.771280829078 72.5431174210227 19.6723700276579 0.0847589895793229 1.03461015231965
70.3000000000003 35.2725592316606 103.778857518716 72.4882472961953 19.6676206138521 0.0841774895266902 1.05186929193609
70.4000000000003 35.328194513662 103.786694016282 72.4333705375597 19.6628861370147 0.0837428000623467 1.06668353059535
70.5000000000003 35.3838709209853 103.794788000055 72.3784868339026 19.6581820077649 0.0834642356758988 1.07866937829893
70.6000000000003 35.4395881188119 103.803136671417 72.3235959766186 19.6535237240935 0.0833503838776767 1.08748933351161
70.7000000000003 35.4953455784655 103.811736751357 72.2686978730923 19.6489268598073 0.0834089771818084 1.09287037084431
70.8000000000003 35.5511425703145 103.820584476978 72.2137925600804 19.6444070529754 0.0836467873004269 1.09461996022257
70.9000000000002 35.6069781570095 103.829675598003 72.1588802170942 19.6399799943741 0.0840695490793845 1.09263790927646
71.0000000000002 35.6628511870493 103.83900537328 72.1039611797816 19.6356614159326 0.0846819201326002 1.08692267572378
71.1000000000002 35.7187602887023 103.848568567365 72.0490359532873 19.6314670791451 0.0854877852035332 1.07731359760522
71.2000000000002 35.7747038652101 103.85835944908 71.9941052250449 19.627412762621 0.0864909809002685 1.06370852039661
71.3000000000002 35.8306800927911 103.868371795092 71.9391698761248 19.6235142474461 0.087694032670158 1.04635545372739
71.4000000000002 35.886686920001 103.878598895466 71.884230992014 19.619787301681 0.0890978733373459 1.02560357909213
71.5000000000002 35.9427220675045 103.889033559299 71.8292898733745 19.6162476648272 0.0907019744763154 1.00187997761143
71.6000000000002 35.9987830281878 103.89966812035 71.7743480468002 19.6129110322926 0.0925045203714295 0.975663312052684
71.7000000000002 36.05486706758 103.910494442669 71.7194072755756 19.6097930398573 0.0945026120637586 0.94745720541549
71.8000000000002 36.1109712245501 103.921503926231 71.6644695704329 19.6069092481389 0.0966924883964914 0.917765692566093
71.9000000000002 36.1670923122484 103.932687512566 71.6095372003105 19.6042751270588 0.0990697517410282 0.887072475327316
72.0000000000002 36.2232269192624 103.94403569039 71.5546127031106 19.6019060403071 0.101629587883871 0.855824956075596
72.1000000000002 36.2793714110271 103.955538501297 71.4996988963992 19.5998172298285 0.104367240804635 0.824307488026178
72.2000000000002 36.3355219331822 103.967185547098 71.4447988866109 19.5980238008085 0.107278847023346 0.792738612148318
72.3000000000002 36.3916744196455 103.978966001313 71.389916074456 19.5965407079353 0.11036050820771 0.761403603661916
72.4000000000002 36.4478246027025 103.990868622309 71.3350541588312 19.5953827421632 0.113608113797283 0.730546877867942
72.5000000000002 36.5039680233802 104.002881766502 71.2802171406738 19.594564517496 0.117017456837835 0.700371491894539
72.6000000000002 36.5601000420058 104.014993401551 71.2254093268149 19.5941004577688 0.120584334471519 0.671040573047131
72.7000000000001 36.6162158489182 104.027191119562 71.1706353338332 19.594004783432 0.124304632900693 0.642680115170354
72.8000000000001 36.6723104753013 104.039462150288 71.1159000919085 19.5942914983335 0.128174397433629 0.61538263919853
72.9000000000001 36.7283788041079 104.051793374324 71.0612088486757 19.5949743765016 0.132189888764545 0.589211297859101
73.0000000000001 36.7844155810458 104.064171336311 71.006567173078 19.5960669489282 0.136347626957812 0.564204097561501
73.1000000000001 36.8404154255974 104.076582258147 70.9519809592207 19.5975824903206 0.140644234668811 0.540341776796107
73.2000000000001 36.8963728420929 104.089012052552 70.8974564302256 19.5995340050559 0.145075866608461 0.517604298156426
73.3000000000001 36.9522822308369 104.101446337526 70.8430001420871 19.6019342111098 0.149638761928142 0.495999055048292
73.4000000000001 37.008137899102 104.113870451155 70.788618987529 19.6047955231869 0.154329454891813 0.475518762555345
73.5000000000001 37.0639340718798 104.126269466436 70.7343201998612 19.6081300358207 0.159144795379457 0.456144572613409
73.6000000000001 37.1196649023436 104.138628206101 70.680111356837 19.6119495064739 0.164081963731164 0.437848779912521
73.7000000000001 37.1753244819826 104.150931257432 70.6260003845094 19.6162653386381 0.169138481335119 0.420597125108876
73.8000000000001 37.2309068503665 104.163162987094 70.5719955610881 19.6210885649338 0.174312218194391 0.404350719998294
73.9000000000001 37.2864060045038 104.175307555946 70.5181055207968 19.6264298302103 0.17960139854535 0.389067629680244
74.0000000000001 37.3418159077565 104.187348933871 70.4643392577293 19.6322993746458 0.185004605448963 0.374704151611724
74.1000000000001 37.3971304983876 104.19927091467 70.410706129615 19.6387070168961 0.190520824094234 0.361113896672497
74.2000000000001 37.4523437004732 104.211057132822 70.3572158591957 19.645662138511 0.196149375581164 0.348160582338963
74.3000000000001 37.5074494416187 104.222691085014 70.3038785295407 19.6531736715682 0.201889472870265 0.335815614165808
74.4 37.5624416730981 104.234156153524 70.2507045769736 19.6612500875758 0.207740131736441 0.32405122776566
74.5 37.6173143896174 104.245435629693 70.1977047839076 19.6698993864222 0.213700166257484 0.312840472571787
74.6 37.6720616485302 104.256512737384 70.1448902716805 19.6791290853273 0.21976818343542 0.302157206828761
74.7 37.7266775884397 104.26737065645 70.0922724933898 19.6889462077928 0.225942577130549 0.291976099030722
74.8 37.7811564471215 104.277992546196 70.0398632267279 19.6993572725531 0.232221521538417 0.282272632233029
74.9 37.8354925786974 104.288361568848 69.9876745668172 19.7103682825256 0.238602964485673 0.273023108629684
75 37.8896804699884 104.29846091301 69.9357189190452 19.7219847137616 0.245084620863555 0.264204652632045
75.1 37.9437147560355 104.308273817115 69.8840089918459 19.7342115044561 0.25166423373363 0.2558129889022
75.2 37.9975902362643 104.317783592327 69.8325577880802 19.7470530454994 0.258340304632386 0.247838101807168
75.3 38.0513018938351 104.326973644077 69.7813785928618 19.7605131749423 0.265111160832583 0.240251093326509
75.4 38.1048449158561 104.335827493066 69.7304849599823 19.774595174003 0.271974643941205 0.233025450345459
75.5 38.1582147128999 104.344328796242 69.6798906982823 19.7893017631331 0.278928081521647 0.226136774650806
75.6 38.2114069376856 104.352461367775 69.6296098580227 19.8046350980839 0.285968259552954 0.219562548304843
75.7 38.2644175028498 104.36020920004 69.5796567172563 19.8205967659725 0.293091396043033 0.213281929462267
75.8 38.3172425977189 104.367556484593 69.5300457681982 19.8371877813479 0.300293116194408 0.207275574376842
75.9 38.369878703995 104.37448763315 69.480791703598 19.854408582257 0.307568429599813 0.201525481958849
76 38.4223226102606 104.380987298564 69.4319094031105 19.8722590263112 0.314911710021263 0.196014857775834
76.1 38.4745714252825 104.387040395783 69.3834139196041 19.8907383868179 0.322316903197342 0.190739055106278
76.1999999999999 38.5266225920095 104.39263212216 69.335320463835 19.9098453506259 0.329778083159916 0.18569103583556
76.2999999999999 38.5784739055039 104.39774797616 69.2876443849723 19.929578020319 0.337288569280512 0.180852587481582
76.3999999999999 38.6301235317675 104.402373775422 69.2404011494887 19.9499339181226 0.344840636863081 0.1762071075437
76.4999999999999 38.6815700254148 104.406495674795 69.1936063199886 19.9709099898764 0.352425481473158 0.171739412145877
76.5999999999999 38.7328123459835 104.410100184382 69.1472755340358 19.9925026090066 0.360033188679601 0.167435570840217
76.6999999999999 38.7838498727395 104.413174187576 69.1014244829818 20.014707580499 0.367652710336695 0.163282763962738
76.7999999999999 38.8346824178313 104.415704959101 69.0560688907934 20.0375201448712 0.375271848641383 0.159269159489326
76.8999999999999 38.885310237638 104.417680183051 69.0112244928807 20.0609349821454 0.38287724928806 0.155383806768179
76.9999999999999 38.9357340421518 104.419087970928 68.9669070149252 20.0849462158206 0.390454405104377 0.151616544821298
77.0999999999999 38.9859550022553 104.419916879555 68.9231321517337 20.1095474169451 0.397988848763125 0.148007505656651
77.1999999999999 39.0359747554177 104.420155925664 68.8799155467732 20.1347316107793 0.405469731427373 0.144588861579168
77.2999999999999 39.085795411328 104.419794592051 68.8372727734336 20.1604912900329 0.412886336107614 0.141340666022537
77.3999999999999 39.1354195572303 104.418822830414 68.7952193169709 20.1868184306941 0.420226895565823 0.13824492444631
77.4999999999999 39.184850262437 104.41723106405 68.7537705564768 20.213704507957 0.427478588625302 0.135285379306634
77.5999999999999 39.2340910818938 104.415010190569 68.7129417468484 20.2411405121499 0.434627546494217 0.132447325174564
77.6999999999999 39.2831460586872 104.412151584593 68.6727480007571 20.2691169646633 0.441658870203384 0.129717449678227
77.7999999999999 39.3320197253803 104.408647100465 68.6332042706189 20.2976239338774 0.448556660238786 0.127083696528984
77.8999999999998 39.3807171040543 104.404489074954 68.5943253305633 20.3266510510909 0.455304059394125 0.124535147531193
77.9999999999998 39.4292437049353 104.399670329959 68.5561257584032 20.356187526448 0.461883309773189 0.122061920854444
78.0999999999998 39.4776055234801 104.394184175245 68.518619917574 20.3862221648362 0.468275377943479 0.11966063191168
78.1999999999998 39.5258090357732 104.388024411963 68.4818219382885 20.4167433809688 0.474458691304364 0.1173304815107
78.2999999999998 39.5738611918548 104.381185338153 68.4457456967014 20.4477392124053 0.48041057598528 0.115066651458874
78.3999999999998 39.6217694064977 104.37366175503 68.4104047932877 20.4791973317574 0.486107849256846 0.112864912554111
78.4999999999998 39.6695415472243 104.365448973305 68.3758125311933 20.5111050588645 0.491526987642396 0.110721594516364
78.5999999999998 39.7171859194405 104.356542819501 68.3419818945833 20.5434493729686 0.496644312438999 0.108633560052325
78.6999999999998 39.7647112485837 104.34693964227 68.308925526992 20.5762169248895 0.501436191064834 0.106598182391962
78.7999999999998 39.8121266591989 104.336636318709 68.2766557096719 20.6093940492003 0.505879252103741 0.104613325719483
78.8999999999998 39.8594416508789 104.325630260681 68.2451843399432 20.6429667764022 0.5099506113696 0.102677327953116
78.9999999999998 39.9066660710266 104.313919421131 68.214522909543 20.6769208451 0.513628105780923 0.100788985462793
79.0999999999998 39.9538100844865 104.301502300286 68.1846824830212 20.7112417142618 0.516891713148158 0.098967842954229
79.1999999999998 40.0008841417431 104.288377948802 68.1556736773396 20.7459145776804 0.519727224543862 0.0972301588491877
79.2999999999998 40.0478989490296 104.274545963169 68.1275066445282 20.7809243840245 0.522122692826786 0.0955707956124142
79.3999999999998 40.0948654387752 104.260006478064 68.100191055544 20.8162558590904 0.524067353430043 0.0939854479972628
79.4999999999998 40.1417947390373 104.24476015858 68.0737360841773 20.8518935281397 0.525551740430634 0.0924705894799187
79.5999999999998 40.1886981419121 104.228808192463 68.0481503909573 20.8878217382357 0.526567791298003 0.0910234252933698
79.6999999999997 40.2355870709833 104.212152282348 68.0234421070583 20.924024680581 0.527108938294422 0.0896418513616257
79.7999999999997 40.2824730478829 104.194794637989 67.999618818205 20.9604864128541 0.52717018468334 0.088324418584877
79.8999999999997 40.3293676580412 104.176737968496 67.9766875485787 20.9971908815468 0.526748164139648 0.0870703021334286
79.9999999999997 40.3762825157148 104.157985474565 67.9546547447229 21.0341219443011 0.525841182039578 0.085879275558059
80.0999999999997 40.4232292283459 104.138540840666 67.9335262595495 21.0712633922225 0.524450194911015 0.0847623644306647
80.1999999999997 40.4702193593762 104.118408225889 67.91330733894 21.1085989715785 0.522581749881801 0.0837287079337862
80.2999999999997 40.5172643885508 104.097592251398 67.8940026149389 21.1461124039366 0.520245172682861 0.0827761473346116
80.3999999999997 40.5643756722579 104.076097986563 67.875616101542 21.1837874056861 0.517451511822427 0.0819031142783027
80.4999999999997 40.6115644052432 104.053930935025 67.8581511905856 21.2216077075378 0.514213401649493 0.0811086042083594
80.5999999999997 40.658841583858 104.031097020772 67.8416106476353 21.2595570740225 0.510544910190829 0.0803921555046609
80.6999999999997 40.7062179709433 104.007602574213 67.8259966078747 21.2976193229902 0.506461374792346 0.0797538343340705
80.7999999999997 40.7537040624356 103.983454318246 67.8113105719939 21.3357783451093 0.501979228704782 0.079194225293102
80.8999999999997 40.801310055761 103.958659354334 67.7975534020788 21.3740181233649 0.497115821776494 0.0787144280246866
80.9999999999997 40.8490458200696 103.933225148577 67.7847253174998 21.4123227525584 0.491889238349507 0.0783160601362424
81.0999999999997 40.8969208683254 103.907159517763 67.7728258908751 21.450676458791 0.486318743978887 0.0779891264628614
81.1999999999997 40.9449443308014 103.880470614945 67.7618540459835 21.4890636185486 0.480426499550802 0.0777223657602983
81.2999999999997 40.9931249295633 103.853166913791 67.7518080606228 21.5274687767757 0.474235493550557 0.0775162042537017
81.3999999999997 41.0414709552316 103.825257192451 67.7426855714167 21.5658766645505 0.467768707864613 0.0773714859829795
81.4999999999996 41.0899902465967 103.796750517413 67.7344835786971 21.6042722167446 0.461048921944871 0.0772894755789323
81.5999999999996 41.1386901730438 103.767656227353 67.7271984513861 21.6426405896826 0.45409853279743 0.0772718663435716
81.6999999999996 41.1875776197039 103.737983916986 67.720825931878 21.6809671788026 0.446939392203911 0.0773207940178692
81.7999999999996 41.2366589752347 103.70774342092 67.7153611409213 21.719237636315 0.439592662075939 0.0774388567559364
81.8999999999996 41.2859401221209 103.676944797504 67.7107985825009 21.7574378888632 0.432078688375573 0.0776291419118518
81.9999999999996 41.3354264293732 103.645598312683 67.7071321487199 21.795554155183 0.424416893607117 0.0778952603928496
82.0999999999996 41.385122747425 103.613714423855 67.7043551248027 21.8335729636766 0.416626570087799 0.0782289910632386
82.1999999999996 41.4350334032578 103.581303763909 67.7024601972352 21.8714811677631 0.408729526774876 0.0786193903716328
82.2999999999996 41.4851621931638 103.548377125717 67.7014394698715 21.9092659555816 0.400747480724729 0.0790665361381338
82.3999999999996 41.5355123767705 103.514945446805 67.7012844831776 21.9469148574703 0.392701093636835 0.0795706764159261
82.4999999999996 41.5860866742215 103.481019794026 67.7019862335961 21.9844157533602 0.384609891170498 0.0801322218973897
82.5999999999996 41.6368872664168 103.446611348244 67.7035351929114 22.0217568801688 0.376492202418869 0.0807517400304602
82.6999999999996 41.6879157981314 103.411731389009 67.705921327614 22.0589268391935 0.368365118008085 0.0814299509207015
82.7999999999996 41.7391733838295 103.376391279232 67.7091341182658 22.0959146035052 0.360244465121528 0.0821677250676284
82.8999999999996 41.7906606159867 103.340602449866 67.7131625788642 22.1327095253419 0.352144797650477 0.082966083064205
82.9999999999996 41.8423775757394 103.304376384579 67.7179952762076 22.1693013435026 0.344079399632242 0.0838261973833614
83.0999999999996 41.8943238456379 103.267724604476 67.7236203492569 22.2056801907194 0.336060196945833 0.0847359059667697
83.1999999999995 41.9464985232855 103.230658653789 67.730025528428 22.2418366004846 0.32809753022621 0.0856827055987603
83.2999999999995 41.9989002340146 103.193190088072 67.7371981547063 22.2777615124918 0.320200593113824 0.0866673502717092
83.3999999999995 42.0515271440972 103.155330463371 67.7451251986913 22.3134462775318 0.312377577839915 0.0876905575957515
83.4999999999995 42.1043769753915 103.117091325431 67.7537932796391 22.3488826623668 0.304635707788033 0.0887530015823437
83.5999999999995 42.157447021336 103.078484198912 67.7631886845036 22.3840628546052 0.296981274113562 0.0898553056531635
83.6999999999995 42.2107341641695 103.039520576593 67.7732973869795 22.4189794675759 0.289419675333418 0.0909980359233819
83.7999999999995 42.2642348932608 103.000211908582 67.7841050665434 22.4536255452028 0.281955458909769 0.0921816948394505
83.8999999999995 42.3179453244388 102.960569591529 67.7955971274964 22.4879945668799 0.274592363962914 0.0934067152576875
83.9999999999995 42.3718612202222 102.920604957832 67.8077587180058 22.5220804523452 0.267333364358397 0.0946734551160725
84.0999999999995 42.4259780108183 102.880329264877 67.820574749188 22.5558775665133 0.260180987039138 0.095961132876648
84.1999999999995 42.4802908149486 102.839753684907 67.8340299152425 22.5893807232162 0.253138210586745 0.0972449721761392
84.2999999999995 42.534794459177 102.798889296547 67.8481087162577 22.622585186171 0.246207726691204 0.0985185297890928
84.3999999999995 42.5894834972523 102.757747076957 67.8627954820679 22.6554866688557 0.239391701086609 0.099774261440326
84.4999999999995 42.6443522302929 102.716337894018 67.8780743961513 22.6880813343431 0.232691801481007 0.10100338279493
84.5999999999995 42.6993947277679 102.674672498515 67.8939295195282 22.7203657951347 0.226109224679278 0.102195713762606
84.6999999999995 42.7546048491969 102.632761516323 67.9103448146581 22.7523371129943 0.219644722540553 0.103339504060776
84.7999999999995 42.8099762664965 102.590615440587 67.9273041693381 22.7839927987819 0.213298626475823 0.104421237529429
84.8999999999995 42.8655024869067 102.548244623911 67.9447914206006 22.8153308122878 0.207070870252783 0.105425412318241
84.9999999999994 42.9211768764347 102.505659270536 67.9627903786112 22.846349562066 0.200961010935953 0.106334293485692
85.0999999999994 42.976992683678 102.462869428583 67.9812848505489 22.8770479052061 0.194968265861533 0.107144396735803
85.1999999999994 43.0329430619812 102.419884983638 68.0002586640314 22.907425145486 0.189091676143629 0.107850872451304
85.2999999999994 43.0890210867278 102.376715655797 68.0196956893855 22.9374810274167 0.183330224234058 0.108429660430056
85.3999999999994 43.1452197709875 102.333370998054 68.0395798614619 22.9672157286679 0.177682841712218 0.108853091364306
85.4999999999994 43.201532081497 102.289860394749 68.0598952014327 22.9966298524315 0.172148410814997 0.109089389554661
85.5999999999994 43.2579509550181 102.246193060013 68.0806258385893 23.0257244197854 0.166725765367266 0.109102108629215
85.6999999999994 43.3144693150412 102.202378036215 68.1017560321395 23.0545008620571 0.161413691043283 0.108849491094486
85.7999999999994 43.3710800887997 102.158424192408 68.1232701930058 23.0829610131872 0.156210924919714 0.108283741108609
85.8999999999994 43.4277762245661 102.114340222774 68.1451529056221 23.1111071020929 0.15111615431746 0.107350198047264
85.9999999999994 43.484550709199 102.07013464507 68.1673889497319 23.138941745032 0.146128014974233 0.105986396357429
86.0999999999994 43.5413965858493 102.025815799113 68.1899633221271 23.166467937943 0.141244874435467 0.104176466969178
86.1999999999994 43.5983069701722 101.981391846281 68.2128612568715 23.1936890481882 0.136464265392369 0.101906363163342
86.2999999999994 43.655275062389 101.936870771583 68.2360682416741 23.2206088047791 0.131783662578759 0.0991026388673703
86.3999999999994 43.7122941577133 101.89226038675 68.2595700327471 23.2472312880038 0.127200713045937 0.0956810485827699
86.4999999999994 43.7693576567468 101.847568333363 68.2833526696051 23.2735609190317 0.122713233755938 0.0915449118900861
86.5999999999994 43.8264590759027 101.802802085976 68.3074024898641 23.2996024495178 0.118319210784459 0.0865832187798767
86.6999999999993 43.8835920578526 101.757968955249 68.3317061440412 23.3253609512077 0.114016800507205 0.0806684345233883
86.7999999999993 43.9407503819924 101.713076091069 68.3562506103537 23.350841805542 0.109804333248686 0.0736539576034126
86.8999999999993 43.9979279749204 101.668130485681 68.3810232095181 23.3760506932606 0.105680320005232 0.0653711793331077
86.9999999999993 44.0551189209239 101.623138976815 68.4060116195499 23.4009935840077 0.101643463017765 0.0556260902199562
87.0999999999993 44.1123174723978 101.578108250839 68.4312038904709 23.4256767259192 0.097692400442309 0.0443669176331882
87.1999999999993 44.1695180584545 101.533044846629 68.4565884566403 23.4501066347736 0.0938250071729458 0.0315478953763784
87.2999999999993 44.2267152888984 101.487955161251 68.4821541430502 23.4742900820329 0.0900393966939337 0.016938479358592
87.3999999999993 44.2839039562693 101.442845456357 68.5078901692442 23.4982340824463 0.0863342539102309 0.000271824011120522
87.4999999999993 44.3410790376877 101.397721864611 68.5337861531452 23.5219458816377 0.0827088857423871 -0.0187606932275346
87.5999999999993 44.398235696581 101.352590396109 68.5598321148818 23.5454329436924 0.0791632853468003 -0.0405153579840246
87.6999999999993 44.4553692843065 101.307456944809 68.586018480616 23.5687029387444 0.0756982126708168 -0.0654021259283141
87.7999999999993 44.5124753416778 101.262327294948 68.6123360863705 23.5917637305633 0.0723152945104331 -0.093890195107361
87.8999999999993 44.5695496004076 101.217207127473 68.6387761818552 23.6146233641415 0.0690171476639827 -0.126512160268074
87.9999999999993 44.6265879844718 101.172102026459 68.6653304342954 23.6372900532812 0.0658075290535495 -0.163865095875842
88.0999999999993 44.6835866113871 101.127017485537 68.6919909322072 23.6597721681976 0.0626912780728627 -0.206468459161416
88.1999999999993 44.7405417929936 101.08195891427 68.7187501878475 23.6820782235367 0.0596738391373173 -0.254867143324815
88.2999999999993 44.7974500350604 101.036931644441 68.7456011362974 23.7042168674471 0.0567622707804432 -0.309757155131784
88.3999999999993 44.8543080363382 100.991940936288 68.7725371332177 23.7261968710665 0.0539657800641011 -0.371812881336788
88.4999999999992 44.9111126874743 100.946991984747 68.7995519525553 23.7480271180242 0.0512960407126333 -0.441606968315779
88.5999999999992 44.9678610698217 100.90208992569 68.8266397842483 23.7697165939438 0.0487675192828803 -0.519483186709574
88.6999999999992 45.0245504541539 100.857239842164 68.8537952319314 23.7912743759459 0.0463977705285058 -0.605368286308971
88.7999999999992 45.0811782992991 100.812446770632 68.8810133106417 23.8127096221503 0.0442076354129405 -0.698514946947612
88.8999999999992 45.1377422507026 100.76771570721 68.9082894445238 23.8340315611789 0.0422212393661801 -0.797186660524659
88.9999999999992 45.1942401389273 100.723051613907 68.9356194645355 23.8552494816579 0.0404656507244 -0.898333679730044
89.0999999999992 45.2506699780899 100.678459424867 68.962999606131 23.8763727217197 0.0389699875831382 -0.997299200930469
89.1999999999992 45.3070299639586 100.633944052599 68.9904265063576 23.8974106584753 0.0377637931672309 -1.0879657060457
89.2999999999992 45.3633184712609 100.589510394208 69.0178971994668 23.9183726974132 0.0368750345849081 -1.16332881061828
89.3999999999992 45.4195340506513 100.545163337615 69.0454091119392 23.9392682617703 0.0363274797565362 -1.21645345459036
89.4999999999992 45.4756754256216 100.500907767776 69.0729600574867 23.9601067819005 0.0361379427730174 -1.24187858833604
89.5999999999992 45.5317414893707 100.456748572908 69.1005482320554 23.9808976846442 0.0363140762923007 -1.23694272503786
89.6999999999992 45.5877313016378 100.412690650709 69.1281722088273 24.0016503826977 0.0368533193280629 -1.20247431761987
89.7999999999992 45.6436440855035 100.368738914578 69.1558309332234 24.0223742639819 0.0377433108459471 -1.14252527096727
89.8999999999992 45.6994792241585 100.32489829984 69.183523717906 24.0430786810119 0.0389636226469004 -1.06328588456147
89.9999999999992 45.7552362576449 100.281173769965 69.2112502377807 24.0637729402661 0.0404882881694663 -0.971675443368912
90.0999999999992 45.8109148795497 100.237570322778 69.2390105249333 24.0844662915608 0.0422882858566649 -0.874368578117973
90.1999999999992 45.8665149331538 100.194092996292 69.2668049618432 24.1051679175665 0.0443333080432524 -0.776872515445233
90.2999999999991 45.9220364062191 100.150746873608 69.2946342702271 24.1258869236836 0.0465941130990502 -0.68296293748389
90.3999999999991 45.9774794251783 100.107537087438 69.3224994981589 24.1466323280601 0.0490437536847968 -0.595001576363111
90.4999999999991 46.0328442492142 100.064468824616 69.3504020071247 24.1674130516141 0.0516580530751169 -0.514226037596643
90.5999999999991 46.0881312642436 100.021547330609 69.3783434590775 24.1882379080569 0.0544156990351317 -0.441068838724738
90.6999999999991 46.1433409767972 99.9787779140299 69.4063258034915 24.209115593916 0.0572981031544165 -0.375435539020388
90.7999999999991 46.1984740077913 99.936165951145 69.4343512644165 24.2300546785574 0.0602891382894887 -0.316918116055448
90.8999999999991 46.2535310861786 99.8937168903875 69.4624223275331 24.2510635942092 0.0633748296583513 -0.264945114313014
90.9999999999991 46.3085130424724 99.8514362568677 69.4905417272063 24.272150625984 0.0665430450658384 -0.218880319332035
91.0999999999991 46.3634208021552 99.8093296568565 69.5187124335365 24.2933239019173 0.0697830918064252 -0.178168400867783
91.1999999999991 46.4182553795722 99.767402781563 69.5469376392879 24.3145913834068 0.0730851361123183 -0.142270702505422
91.2999999999991 46.4730178732658 99.7256614091171 69.5752207465137 24.3359608566697 0.0764403657383236 -0.110605544444539
91.3999999999991 46.5277094617527 99.684111405846 69.6035653530587 24.3574399246009 0.079840911252948 -0.0826483436175193
91.4999999999991 46.5823313991148 99.6427587275233 69.6319752390587 24.3790359986467 0.0832796789950176 -0.0579330756010489
91.5999999999991 46.6368850103667 99.6016094206183 69.6604543534396 24.4007562906787 0.0867502148507662 -0.0360497925848716
91.6999999999991 46.6913716865826 99.5606696235451 69.6890068004161 24.4226078048669 0.0902465943408714 -0.0166401525758529
91.7999999999991 46.745792879767 99.5199455679117 69.7176368259908 24.4445973295541 0.093763334848841 0.00060785835206534
91.8999999999991 46.8001500974546 99.479443579769 69.7463488044533 24.4667314291291 0.0972953263222145 0.0159653261254013
91.999999999999 46.8544448970229 99.4391700808606 69.7751472248791 24.4890164359006 0.100837777324369 0.0296675577457812
92.099999999999 46.9086788797364 99.3991315898431 69.8040366776341 24.511458441995 0.104386122744911 0.0418624041815765
92.199999999999 46.9628536853504 99.359334722782 69.8330218410301 24.5340632918801 0.107935841589967 0.0526795951599944
92.299999999999 47.0169709886026 99.3197861918029 69.8621074683612 24.5568365764796 0.111482583549274 0.0622851435556797
92.399999999999 47.071032496234 99.2804928030174 69.8912983750904 24.5797836279124 0.115022190650234 0.0708235269221016
92.499999999999 47.1250399436782 99.2414614544207 69.9205994260428 24.6029095142574 0.118550674211482 0.0784206626553423
92.599999999999 47.1789950913724 99.2026991337891 69.9500155225977 24.6262190343174 0.122064198263837 0.0851864776216669
92.699999999999 47.2328997206758 99.1642129165779 69.9795515898819 24.6497167123835 0.125559068424725 0.0912171169955064
92.799999999999 47.2867556293806 99.126009963819 70.0092125639616 24.6734067929988 0.129031725395112 0.0965968374090219
92.899999999999 47.3405646268043 99.0880975200184 70.0390033790357 24.6972932357234 0.132478742398733 0.101399626848554
92.999999999999 47.3943285284505 99.0504829110542 70.0689289546281 24.7213797098978 0.135896826000379 0.105690589794339
93.099999999999 47.4480491502771 99.0131735420591 70.0989941828177 24.7456695894474 0.139282972771462 0.109518702266332
93.199999999999 47.5017283037955 98.9761768949164 70.1292039164282 24.7701659487244 0.142634921981812 0.112925022600232
93.299999999999 47.5553677940035 98.9395005247741 70.1595629596587 24.7948715609835 0.145950675898259 0.115952594812615
93.399999999999 47.6089694182421 98.9031520561723 70.1900760596733 24.8197888978961 0.149228338242323 0.118639414911473
93.499999999999 47.6625349647573 98.8671391791553 70.2207478982295 24.8449201291038 0.152466110092689 0.12101910703706
93.599999999999 47.7160662109173 98.8314696453842 70.2515830833051 24.8702671217724 0.155662287765906 0.123121499188302
93.699999999999 47.7695649210824 98.7961512642489 70.2825861407261 24.8958314401452 0.158815262412956 0.124973114390243
93.7999999999989 47.8230328441279 98.761191898981 70.3137615057938 24.921614345097 0.161923521102769 0.126597590564397
93.8999999999989 47.8764717106189 98.7265994627655 70.3451135149129 24.9476167936878 0.164985649204368 0.128016040192868
93.9999999999989 47.9298832296377 98.6923819148538 70.3766463972184 24.9738394387166 0.168000333904039 0.129247359041661
94.0999999999989 47.9832690852699 98.6585472566696 70.4083642662105 25.0002826282697 0.170966337235301 0.130326711134034
94.1999999999989 48.036630932885 98.6251035277593 70.4402711115673 25.0269464051374 0.173882407048577 0.131286424647749
94.2999999999989 48.0899703954181 98.592058801346 70.4723707914117 25.0538305058939 0.17674737740489 0.132138684359879
94.3999999999989 48.1432890594319 98.5594211797269 70.5046670247564 25.0809343598451 0.17956020637 0.132894512626478
94.4999999999989 48.1965884708245 98.5271987896655 70.5371633839564 25.1082570879716 0.182319982921899 0.133563897072806
94.5999999999989 48.2498701301835 98.4953997777831 70.5698632871608 25.1357975018714 0.185025934414773 0.134155901704859
94.6999999999989 48.3031354877901 98.4640323059504 70.6027699907652 25.1635541027021 0.187677434534524 0.134678763658349
94.7999999999989 48.3563859382809 98.4331045466796 70.6358865818638 25.1915250801245 0.190274011686378 0.135139977510941
94.8999999999989 48.4096228149732 98.4026246785159 70.6692159707016 25.2197083112447 0.192815357766138 0.135546368757708
94.9999999999989 48.4628473838633 98.3726008814294 70.7027608831265 25.2481013595569 0.195301337267336 0.135904157835563
95.0999999999989 48.5160608373679 98.3430413321969 70.7365238530759 25.2767014739492 0.197732192187286 0.136168876257656
95.1999999999989 48.5692642893521 98.3139541995254 70.7705072159562 25.305505589338 0.200109079808905 0.136296390285009
95.2999999999989 48.622458773969 98.2853476385215 70.8047131042911 25.3345103314401 0.202433387020327 0.136292584127835
95.3999999999989 48.6756452459593 98.2572297849021 70.8391434442621 25.3637120231734 0.204706516086663 0.13616283802448
95.4999999999988 48.7288245809075 98.2296087491949 70.8737999522839 25.3931066911208 0.206929880470043 0.13591208823083
95.5999999999988 48.7819975753963 98.2024926109399 70.9086841315796 25.4226900719941 0.209104901331495 0.135544878577815
95.6999999999988 48.8351649470582 98.1758894128901 70.9437972687565 25.4524576190976 0.211233004670274 0.13506540473292
95.7999999999988 48.8883273345286 98.1498071552123 70.979140430381 25.482404508792 0.213315619065027 0.134477552147887
95.8999999999988 48.9414852972963 98.1242537896885 71.014714459554 25.5125256469581 0.215354173983698 0.133784928520453
95.9999999999988 48.9946393154549 98.099237213916 71.0505199724862 25.5428156754606 0.217350098636008 0.132990891484342
96.0999999999988 49.0477897893875 98.0747652655133 71.0865573551001 25.5732689786473 0.219304978477429 0.132077972650174
96.1999999999988 49.1009370403028 98.0508457164275 71.1228267603139 25.6038796907726 0.221220986244689 0.131027933110848
96.2999999999988 49.1540813131339 98.0274862675041 71.1593281070605 25.6346417057655 0.223100336929351 0.129842755223599
96.3999999999988 49.2072227804139 98.0046945431604 71.1960610799882 25.6655486879218 0.224945114071739 0.128524373206689
96.4999999999988 49.2603615462256 97.9824780860623 71.2330251291885 25.6965940826321 0.226757263686523 0.127074686797467
96.5999999999988 49.313497650177 97.960844351801 71.2702194699237 25.727771127109 0.228538589025957 0.125495570956104
96.6999999999988 49.3666310713922 97.9398007035701 71.3076430823543 25.7590728611154 0.230290746160086 0.12378888199121
96.7999999999988 49.4197617325042 97.919354406843 71.3452947112666 25.7904921376919 0.232015240358191 0.121956460431517
96.8999999999988 49.4728895036363 97.8995126240488 71.3831728658003 25.8220216338843 0.23371342325317 0.120000130948671
96.9999999999988 49.5260142063581 97.8802824092506 71.4212758191757 25.853653861472 0.235386490778542 0.117921699614964
97.0999999999988 49.5791356176316 97.8616707028133 71.4596016084339 25.8853811777297 0.23703548775931 0.115690105051589
97.1999999999988 49.6322534745415 97.8436843258654 71.4981480344872 25.9171957970973 0.238661282757009 0.113275356704611
97.2999999999987 49.6853674810841 97.8263299742329 71.5369126629616 25.9490898051501 0.240264475654656 0.11068078951337
97.3999999999987 49.7384773157055 97.8096142121657 71.5758928253499 25.9810551734758 0.241845380583617 0.107909644267852
97.4999999999987 49.7915826387539 97.7935434660553 71.6150856201777 26.0130837745867 0.24340402653705 0.104965047349368
97.5999999999987 49.8446830997848 97.7781240181537 71.6544879141687 26.0451673968316 0.244940159282981 0.101849986724449
97.6999999999987 49.8977783446867 97.7633620002914 71.6940963434103 26.0772977593076 0.246453244551116 0.0985672847029026
97.7999999999987 49.9508680225985 97.7492633875954 71.733907314519 26.1094665267725 0.247942472463566 0.0951195679137595
97.8999999999987 50.0039517925862 97.735833992208 71.7739170058063 26.1416653245563 0.249406763191002 0.0915092349314688
97.9999999999987 50.0570293300474 97.7230794570045 71.8141213684439 26.1738857534733 0.250844773803555 0.0877384219156717
98.0999999999987 50.1101003328186 97.7110052493409 71.8545161276605 26.2061194047134 0.252255162038869 0.0838572331445442
98.1999999999987 50.1631645270715 97.6996166555573 71.8950967847445 26.2383578741866 0.253637364680952 0.0799128618086769
98.2999999999987 50.2162216732555 97.6889187774003 71.9358586210938 26.2705927754826 0.254990840173163 0.0759029352915237
98.3999999999987 50.2692715720203 97.6789165292026 71.9767967030716 26.3028157522837 0.256314816290062 0.0718251536737705
98.4999999999987 50.3223140700179 97.6696146350901 72.0179058868939 26.3350184907575 0.257608293496146 0.0676772543278545
98.5999999999987 50.3753490655529 97.6610176261904 72.059180823516 26.3671927319484 0.258870049194878 0.0634569771401947
98.6999999999987 50.4283765140584 97.6531298378408 72.1006159635198 26.3993302841704 0.26009864288009 0.0591620302696376
98.7999999999987 50.4813964333722 97.6459554067957 72.1422055620007 26.4314230353991 0.261292422197355 0.0547900563461209
98.8999999999987 50.5344089087879 97.639498268435 72.1839436834545 26.4634629656641 0.262449529926307 0.0503385990029469
98.9999999999987 50.5874140978558 97.6337621539722 72.2258242066651 26.4954421594409 0.263567911892736 0.0458050696594822
99.0999999999986 50.6404122349016 97.6287505876342 72.2678408295707 26.5273528180484 0.264645104702709 0.0411711568106763
99.1999999999986 50.6934036349752 97.6244668831198 72.309987073622 26.5591872721786 0.26567759310102 0.0364191277737121
99.2999999999986 50.746388696711 97.6209141382279 72.3522562868431 26.5909379947616 0.266661506046225 0.0315467246330297
99.3999999999986 50.7993679043489 97.6180952287621 72.3946416463832 26.6225976139636 0.267592858331662 0.0265511019526072
99.4999999999986 50.8523418291187 97.6160128024097 72.437136161048 26.6541589261894 0.268467569602653 0.0214287886549031
99.5999999999986 50.905311129978 97.6146692726189 72.4797326738313 26.685614909085 0.269281484261167 0.016175648004017
99.6999999999986 50.9582765536863 97.6140668124772 72.5224238644468 26.7169587345408 0.270030392230668 0.0107868352569835
99.7999999999986 51.0112389342006 97.6142073485894 72.5652022518599 26.7481837816935 0.27071005054084 0.00525675250537442
99.8999999999986 51.064199191382 97.6150925549557 72.6080601968188 26.7792836499296 0.271316205693358 -0.000420999799206991
99.9999999999986 51.1171583290014 97.6167238468492 72.6509899043869 26.8102521718875 0.271844616760251 -0.00625367519370152
100.099999999999 51.170117432048 97.6191023747236 72.693983426507 26.8410834264251 0.272291346539601 -0.0121874317147727
100.199999999999 51.2230776635402 97.6222290188748 72.7370326654294 26.8717717506587 0.272653576585142 -0.0181695538358803
100.299999999999 51.2760402612655 97.6261043860206 72.7801293793295 26.9023117496487 0.272928804371041 -0.0242099262774319
100.399999999999 51.3290065343026 97.6307288066351 72.8232651887893 26.9326983051571 0.273114586752025 -0.0303188317167076
100.499999999999 51.3819778591714 97.6361023323116 72.8664315833113 26.9629265843694 0.273208553392949 -0.0365070049054956
100.599999999999 51.4349556756098 97.6422247331266 72.9096199278321 26.9929920486164 0.273208420487675 -0.0427856899927314
100.699999999999 51.4879414819846 97.6490954950029 72.9528214692374 27.0228904620968 0.273112004725882 -0.0491667014319478
100.799999999999 51.5409368303452 97.6567138170733 72.9960273428751 27.0526179005988 0.272917237470874 -0.0556624888479739
100.899999999999 51.5939433211309 97.6650786090439 73.0392285790705 27.0821707602218 0.272622179117763 -0.0622862062608363
100.999999999999 51.646962597547 97.6741884885575 73.0824161096394 27.111545766099 0.272225033602969 -0.0690517860519931
101.099999999999 51.6999963395971 97.6840417785805 73.1255807744064 27.1407399810588 0.271724427529682 -0.0759057815760242
101.199999999999 51.7530462571593 97.6946365053984 73.1687133278131 27.1697508127192 0.271120234073654 -0.0827938998011725
101.299999999999 51.806114081213 97.7059703981562 73.2118044457584 27.1985760166034 0.27041281484212 -0.0897295673369713
101.399999999999 51.8592015544311 97.7180408890079 73.2548447325298 27.2272136976883 0.2696027592283 -0.0967264346044969
101.499999999999 51.9123104218415 97.7308451132887 73.2978247277372 27.2556623118928 0.268690883281327 -0.103798433903727
101.599999999999 51.9654424216107 97.7443799096876 73.3407349132484 27.2839206675653 0.267678228340854 -0.110959837657146
101.699999999999 52.018599275975 97.7586418204203 73.383565720123 27.3119879269723 0.266566059485093 -0.118225316749003
101.799999999998 52.0717826823439 97.7736270914015 73.4263075355475 27.3398636077864 0.265355863855756 -0.125609998835962
101.899999999998 52.1249943046024 97.7893316724173 73.4689507097693 27.3675475845742 0.264049348933149 -0.133129526419236
101.999999999998 52.178235764635 97.8057512172984 73.5114855630319 27.3950400902844 0.262648440849179 -0.140800114375929
102.099999999998 52.2315086340807 97.822881084114 73.5539023925119 27.422341717685 0.261155520628068 -0.148576658398929
102.199999999998 52.2848144259332 97.8407163359408 73.5961914793283 27.4494534194673 0.259574133115079 -0.156411033765144
102.299999999998 52.338154585444 97.8592517430888 73.6383430957341 27.4763765049678 0.257908260591199 -0.164315278937154
102.399999999998 52.3915304811579 97.8784817859003 73.68034751238 27.5031126355586 0.256162069785441 -0.172301302233661
102.499999999998 52.444943396546 97.8984006575718 73.7221950055803 27.529663819985 0.254339897150105 -0.180380895817178
102.599999999998 52.4983945222659 97.9190022669758 73.7638758645796 27.5560324097041 0.252446234644806 -0.188565743028126
102.699999999998 52.5518849490577 97.9402802414819 73.805380398819 27.5822210942233 0.25048571613368 -0.196867418516036
102.799999999998 52.6054156612825 97.9622279297792 73.8466989452022 27.6082328964387 0.248463104488283 -0.205297380565219
102.899999999998 52.65898753111 97.9848384046971 73.8878218753618 27.6340711679731 0.246383279485967 -0.213866954882428
102.999999999998 52.7126013133548 98.0081044660273 73.9287396029259 27.6597395845149 0.24425122657768 -0.222587309030841
103.099999999998 52.7662576409389 98.032018643384 73.969442590763 27.6852421410984 0.242072412428458 -0.231411096139112
103.199999999998 52.8199570203488 98.0565732000654 74.0099213576828 27.71058314589 0.239853930034832 -0.24028235625636
103.299999999998 52.8736998262154 98.0817601394566 74.0501664837535 27.7357672101781 0.237603318792603 -0.2491978496722
103.399999999998 52.9274862962495 98.107571212435 74.0901686150745 27.760799236868 0.235328152000666 -0.258152449738044
103.499999999998 52.981316527205 98.133997924813 74.1299184685281 27.7856844089196 0.233036010705554 -0.267139029992743
103.599999999998 53.0351904718701 98.1610315447812 74.169406836531 27.8104281777849 0.230734458175103 -0.276148351782248
103.699999999998 53.0891079370563 98.1886631103522 74.2086245917861 27.8350362518451 0.228431014911497 -0.285168956207138
103.799999999998 53.1430685825542 98.216883436803 74.2475626920341 27.8595145848486 0.226133134093775 -0.294187064817841
103.899999999998 53.1970719210197 98.2456831241189 74.2862121848053 27.883869364348 0.223848177328475 -0.303186494091202
103.999999999998 53.2511173187545 98.2750525644362 74.3245642121711 27.9081070001381 0.221583390580027 -0.312148589282963
104.099999999998 53.3052039973318 98.3049819494812 74.362610015486 27.9322341126977 0.219345879600324 -0.321068387819702
104.199999999998 53.359331035846 98.3354612778842 74.4003409398777 27.9562575217601 0.217142600648449 -0.329939044146225
104.299999999998 53.4134973734546 98.3664803621795 74.4377484380973 27.9801842352068 0.214980367341283 -0.338735219692352
104.399999999998 53.4677018124599 98.3980288356813 74.4748240741178 28.0040214380893 0.212865832104113 -0.347428963329008
104.499999999998 53.5219430220751 98.4300961593551 74.5115595267225 28.0277764816557 0.210805462515599 -0.355989784845701
104.599999999998 53.5762195428379 98.4626716286883 74.5479465930941 28.051456872377 0.208805517058179 -0.364384784262979
104.699999999998 53.6305297916318 98.4957443805616 74.5839771924029 28.0750702609739 0.20687202023969 -0.372578843160525
104.799999999998 53.6848720672699 98.5293034001205 74.6196433693957 28.0986244314431 0.205010737092612 -0.380534883015026
104.899999999998 53.7392445565997 98.5633375276456 74.6549372979844 28.1221272900841 0.203227147111692 -0.388214193871632
104.999999999998 53.7936453410846 98.5978354654244 74.689851284835 28.1455868545256 0.201526417744778 -0.395576834518139
105.099999999998 53.848072403814 98.6327857846438 74.7243777729408 28.1690112427327 0.199913558434273 -0.402548502407938
105.199999999998 53.9025236368182 98.6681769328485 74.7585093448181 28.192408661514 0.19839391756347 -0.409047613033633
105.299999999998 53.9569968485683 98.7039972428327 74.7922387247366 28.2157873937574 0.196972576088174 -0.415022938965976
105.399999999998 54.0114897718337 98.7402349420987 74.8255587805724 28.239155785166 0.195654126461243 -0.420424311609011
105.499999999998 54.0660000719501 98.776878162335 74.8584625256444 28.2625222309747 0.194442637846667 -0.425203508147409
105.599999999998 54.1205253554454 98.8139149488968 74.8909431205522 28.2858951626661 0.193341623250693 -0.429315162045679
105.699999999998 54.1750631789691 98.8513332702845 74.9229938750134 28.3092830346876 0.192354009210859 -0.43271766787768
105.799999999998 54.2296110584697 98.8891210276235 74.9546082497011 28.3326943111674 0.191482108697352 -0.435374048488216
105.899999999998 54.2841664785644 98.9272660641428 74.9857798580807 28.3561374526307 0.190727597857071 -0.437252751355434
105.999999999998 54.3387269020481 98.9657561746553 75.0165024682482 28.379620902717 0.190091497188489 -0.438328341756056
106.099999999998 54.3932897794818 99.0045791150405 75.0467700047442 28.4031530749108 0.189574306864495 -0.438612470174796
106.199999999998 54.4478525587402 99.0437226118351 75.0765765497862 28.4267423396673 0.189176468633956 -0.438118577156169
106.299999999998 54.5024126943993 99.0831743720953 75.1059163430189 28.4503970125369 0.188897951757057 -0.436833870082866
106.399999999998 54.556967657098 99.1229220933664 75.1347837806823 28.4741253426838 0.188738104718935 -0.434752398055409
106.499999999998 54.6115149429125 99.1629534736556 75.1631734147564 28.4979355014193 0.188695655301683 -0.431875099685857
106.599999999998 54.6660520827015 99.2032562214057 75.1910799521061 28.5218355707353 0.188768715893244 -0.428209678878072
106.699999999998 54.7205766513762 99.2438180654686 75.218498253627 28.5458335318381 0.188954793931042 -0.423770313655413
106.799999999998 54.7750862770471 99.2846267650784 75.2454233333897 28.5699372536816 0.189250807251739 -0.418577210448561
106.899999999998 54.8295786500047 99.3256701198252 75.2718503577854 28.594154481501 0.189653104007017 -0.412656022679952
106.999999999998 54.8840515314864 99.3669359796282 75.2977746446708 28.6184928253464 0.190157486711006 -0.406037157589167
107.099999999998 54.9385027621903 99.4084122546971 75.3231916625111 28.6429597486446 0.190759270617821 -0.398814699067145
107.199999999998 54.9929302705619 99.4500869251834 75.3480970294701 28.6675625575093 0.191453439259085 -0.391083953484132
107.299999999998 55.0473320809408 99.4919480500432 75.3724865123658 28.6923083919479 0.192234639806349 -0.382881302016383
107.399999999998 55.1017063214281 99.5339837755896 75.3963560255727 28.7172042178153 0.193097188999517 -0.374243962986157
107.499999999998 55.156051231375 99.5761823440335 75.4197016299223 28.7422568187974 0.194035101886782 -0.365209342960905
107.599999999998 55.2103651684602 99.6185321020241 75.4425195316036 28.7674727883939 0.19504212078186 -0.355814435314798
107.699999999998 55.2646466153257 99.6610215091896 75.4648060810634 28.7928585219015 0.196111744130565 -0.346095277067539
107.799999999998 55.3188941857419 99.7036391466775 75.4865577719068 28.8184202083964 0.197237255040436 -0.336086471301591
107.899999999998 55.3731066302739 99.7463737256955 75.5077712397978 28.8441638227179 0.198411749283034 -0.325820779153116
107.999999999998 55.4272828414209 99.7892140960517 75.5284432613594 28.8700951174511 0.199628162639263 -0.315328782266427
108.099999999998 55.4814218581987 99.8321492546637 75.5485707530746 28.8962196149559 0.20087937075706 -0.304741577977724
108.199999999998 55.5355228700655 99.8751683532354 75.5681507701934 28.9225426005905 0.202158486523153 -0.294183463910339
108.299999999998 55.5895852200711 99.9182607038231 75.5871805056559 28.9490691189671 0.203458749337919 -0.283670785827638
108.399999999998 55.6436084073733 99.9614157835706 75.605657289022 28.9758039714021 0.204773474907153 -0.27321703062259
108.499999999998 55.6975920892004 100.004623239412 75.6235785854013 29.0027517134123 0.206096063789752 -0.262832990254138
108.599999999998 55.7515360822605 100.047872892773 75.6409419943829 29.0299166522113 0.207420009336452 -0.252526937133763
108.699999999998 55.8054403635938 100.091154744276 75.6577452489653 29.0573028442054 0.208738905207851 -0.242304804900741
108.799999999998 55.8593050708667 100.134458978442 75.6739862144866 29.08491409249 0.210046452644795 -0.232170369546721
108.899999999998 55.9131305021064 100.177775968392 75.6896628875535 29.1127539443456 0.211336467644746 -0.222125426763362
108.999999999998 55.9669171148747 100.221096280552 75.7047733949722 29.1408256887342 0.212602888181379 -0.21216996227186
109.099999999998 56.0206655248795 100.264410679331 75.7193159926851 29.1691323538188 0.213839800022277 -0.202361602665637
109.199999999998 56.0743765039378 100.307710131227 75.7332890649038 29.1976767050932 0.215041522153981 -0.19275511315911
109.299999999998 56.128050977163 100.350985807465 75.7466911237377 29.2264612450611 0.216202595388757 -0.183344048086973
109.399999999998 56.1816900195308 100.394229086059 75.7595208090182 29.2554882135247 0.217317770835356 -0.17412093538247
109.499999999998 56.2352948519277 100.437431553852 75.7717768881304 29.2847595878972 0.21838201128424 -0.165077439675117
109.599999999998 56.2888668366983 100.480585008558 75.7834582558445 29.3142770835156 0.219390493068681 -0.156204503075917
109.699999999998 56.3424074727079 100.523681460797 75.7945639341473 29.3440421539525 0.220338608385458 -0.147492465224752
109.799999999998 56.3959183899354 100.566713136142 75.8050930720743 29.374055991329 0.221221968045847 -0.138931164196495
109.899999999998 56.4494013436148 100.609672477152 75.8150449455408 29.404319526627 0.222036404609604 -0.130510019884968
109.999999999998 56.5028582079432 100.652552145418 75.8244189571736 29.4348334300017 0.222777975845643 -0.122218101417172
110.099999999998 56.5562909693754 100.695345023595 75.833214636152 29.4655981110976 0.223442924930356 -0.114058887526325
110.199999999998 56.6097017195522 100.738044217355 75.8414316382842 29.4966137194685 0.224027555541803 -0.106035829015651
110.299999999998 56.6630926479125 100.780643057124 75.8490697466842 29.5278801452572 0.224528369220844 -0.0981375363603994
110.399999999998 56.7164660339458 100.823135099726 75.8561288726838 29.5593970199792 0.22494211277696 -0.0903523925609775
110.499999999998 56.7698242390763 100.865514130035 75.8626090567548 29.5911637173095 0.225265781648268 -0.0826685707214429
110.599999999998 56.823169698204 100.907774162614 75.8685104694303 29.6231793538706 0.225496623123785 -0.0750740412360708
110.699999999998 56.8765049109266 100.949909443366 75.8738334122262 29.6554427900189 0.225632139344686 -0.0675565694939691
110.799999999998 56.9298324324723 100.991914451179 75.8785783185635 29.6879526306324 0.225670090009063 -0.0601037048528162
110.899999999998 56.9831548643689 101.033783899569 75.8827457546893 29.7207072258979 0.225608494708035 -0.0527027615239602
110.999999999998 57.03647484488 101.075512738329 75.8863364205985 29.7537046720981 0.225445634831312 -0.0453407918700362
111.099999999998 57.0897950392308 101.117096155139 75.8893511509403 29.7869428124342 0.225180306539388 -0.0380717128563398
111.199999999998 57.1431181294962 101.158529576241 75.8917909155131 29.8204192387682 0.224812584746601 -0.0309490828406392
111.299999999998 57.1964468040145 101.199808664757 75.8936568187195 29.8541312956974 0.224343078619639 -0.0239595811313594
111.399999999998 57.2497837467466 101.240929318071 75.8949500986112 29.8880760855501 0.223772671544926 -0.0170903617227845
111.499999999998 57.3031316268076 101.281887665176 75.8956721259169 29.9222504734151 0.223102509593041 -0.0103290117137678
111.599999999998 57.3564930882086 101.322680064023 75.8958244030715 29.9566510921718 0.222333989601441 -0.00366350993853646
111.699999999998 57.4098707398376 101.363303098864 75.8954085632446 29.9912743475204 0.221468746901102 0.00291781382744252
111.799999999998 57.4632671457066 101.403753577605 75.8944263693695 30.0261164230119 0.220508642724057 0.0094263188126531
111.899999999998 57.5166848154902 101.444028529148 75.8928797131716 30.0611732850782 0.219455751339156 0.0158730921331947
111.999999999998 57.5701261953807 101.484125200742 75.8907706141971 30.096440688062 0.218312346972909 0.0222689864498717
112.099999999998 57.623593659273 101.52404105532 75.8881012188325 30.1319141792453 0.217080961275841 0.0286268550967552
112.199999999998 57.6770895001513 101.563773768655 75.8848737990765 30.1675891038293 0.215764586297511 0.0349592594020267
112.299999999998 57.7306159214764 101.603321226027 75.8810907506859 30.2034606097932 0.214366455923266 0.0412762759095933
112.399999999998 57.7841750288695 101.642681518716 75.8767545910737 30.2395236527052 0.212889961894623 0.0475877545623997
112.499999999998 57.8377688222668 101.681852940471 75.8718679571981 30.2757730005304 0.211338639601066 0.0539033394125659
112.599999999998 57.8913991885631 101.720833983995 75.866433603452 30.3122032384405 0.209716154146663 0.0602324855591765
112.699999999998 57.9450678947558 101.759623337421 75.8604543995512 30.3488087736221 0.208026286774679 0.0665844720694656
112.799999999998 57.998776581593 101.798219880786 75.8539333284245 30.3855838400856 0.206272921730993 0.0729684106490046
112.899999999998 58.0525267577358 101.836622682514 75.8468734841017 30.4225225034741 0.204460033639876 0.079393249742623
112.999999999998 58.106319794434 101.874830995892 75.8392780696031 30.459618665872 0.202591675460445 0.0858677737277951
113.099999999998 58.1601569207146 101.912844255534 75.8311503948181 30.4968660706154 0.200672058137435 0.0923949234676171
113.199999999998 58.2140392189647 101.950662073582 75.8224938741173 30.5342583071378 0.198705814995363 0.098976503165867
113.299999999998 58.2679676207435 101.988284235208 75.8133120232861 30.5717888159054 0.196697721197607 0.105619106277096
113.399999999998 58.3219429030575 102.025710693845 75.8036084561918 30.6094508933889 0.194652592286705 0.112328808897944
113.499999999998 58.3759656852204 102.062941566415 75.7933868814406 30.6472376970363 0.192575274025146 0.119111114826435
113.599999999998 58.430036426294 102.099977128548 75.7826510990344 30.6851422502447 0.190470633062942 0.12597089075787
113.699999999998 58.4841554231009 102.136817809802 75.7714049970275 30.7231574473341 0.188343548416346 0.132912291176902
113.799999999998 58.5383228087953 102.173464188893 75.7596525481833 30.761276058519 0.186198903734234 0.139938672554215
113.899999999998 58.5925385519806 102.20991698891 75.7473978066311 30.7994907348819 0.184041580306748 0.147052496575318
113.999999999998 58.6468024563584 102.246177072543 75.7346449045231 30.8377940133456 0.181876450764779 0.154255222267674
114.099999999998 58.7011141608885 102.282245437304 75.7213980486935 30.8761783216377 0.179708346877176 0.161558792442288
114.199999999998 58.7554731403171 102.318123210793 75.707661517383 30.9146359830537 0.177541981892374 0.16897487348653
114.299999999998 58.8098787058408 102.35381164606 75.6934396571279 30.9531592207032 0.17538203831121 0.176502709293968
114.399999999998 58.8643300060901 102.389312117017 75.6787368797154 30.9917401615557 0.173233193077214 0.184140110920877
114.499999999998 58.9188260285378 102.424626113837 75.6635576591399 31.0303708404769 0.17110011482273 0.191883286731652
114.599999999998 58.9733656013245 102.459755238368 75.6479065285606 31.0690432042657 0.168987461264982 0.199726662833214
114.699999999998 59.0279473954832 102.494701199536 75.6317880772583 31.1077491156911 0.166899876612865 0.207662695947824
114.799999999998 59.0825699275489 102.529465808752 75.6152069475926 31.1464803575294 0.16484198883868 0.215681681616597
114.899999999998 59.1372315625332 102.564050975321 75.5981678319589 31.1852286366005 0.162818406655634 0.223771561544222
114.999999999998 59.1919305172509 102.598458701847 75.5806754697456 31.2239855878053 0.160833716038733 0.231917734839957
115.099999999998 59.2466648639765 102.632691079655 75.5627346443 31.2627427781499 0.158892389867582 0.240137862813229
115.199999999998 59.3014325343099 102.66675028454 75.5443501801331 31.3014917104406 0.156998539098354 0.248450796461517
115.299999999998 59.3562313230516 102.700638573359 75.5255269407281 31.3402238261431 0.155156193637017 0.256839647284734
115.399999999998 59.4110588922041 102.734358280956 75.5062698265878 31.3789305079137 0.153369389707485 0.265284645894339
115.499999999998 59.4659127751807 102.7679118171 75.4865837732906 31.4176030821163 0.151642166387166 0.273762988868631
115.599999999998 59.5207903812193 102.801301663416 75.4664737495468 31.4562328213408 0.149978560894738 0.282248718537461
115.699999999998 59.575688999989 102.834530370326 75.4459447552545 31.4948109469203 0.148382602482638 0.290712645886324
115.799999999998 59.6306058063817 102.867600553985 75.4250018195564 31.5333286314493 0.146858304809106 0.299122327460701
115.899999999998 59.6855378654797 102.900514893216 75.4036499988956 31.5717770013011 0.145409656679514 0.307442107490757
115.999999999998 59.740482137691 102.933276126444 75.3818943750716 31.6101471391457 0.144040611089506 0.315633236233988
116.099999999998 59.7954354840406 102.965887048637 75.3597400533007 31.6484300864669 0.142755054835873 0.323652433165363
116.199999999998 59.8503946715391 102.998350508204 75.33719216037 31.6866168460545 0.141556743360196 0.331454411396096
116.299999999998 59.9053563785006 103.030669403817 75.314255843032 31.7246983844356 0.140449342157338 0.338993687916039
116.399999999998 59.9603171999126 103.062846681195 75.2909362664935 31.7626656342819 0.139436428101362 0.346223165149581
116.499999999998 60.0152736529214 103.094885329894 75.2672386129085 31.800509496815 0.138521471232854 0.353094723074443
116.599999999998 60.0702221824297 103.126788380089 75.2431680798703 31.8382208442134 0.137707815494926 0.359559904414777
116.699999999998 60.1251591668007 103.158558899365 75.2187298789048 31.8757905220177 0.136998658725053 0.365570681768709
116.799999999998 60.1800809236626 103.190199989495 75.1939292339628 31.913209351537 0.136397032262594 0.371080290013422
116.899999999998 60.2349837158091 103.221714783235 75.1687713799124 31.9504681322552 0.135905780585486 0.376044102075863
116.999999999998 60.2898637571901 103.253106441103 75.1432615610321 31.9875576442363 0.135527541421118 0.380420521441078
117.099999999998 60.3447172189833 103.284378148181 75.117405029512 32.0244686505203 0.135264686368202 0.384220632876351
117.199999999998 60.3995402356549 103.315533111272 75.0912070441768 32.0611918992343 0.135119206665992 0.387462639566983
117.299999999998 60.4543289108507 103.346574556969 75.0646728697743 32.0977181249841 0.135092863271626 0.390121817900883
117.399999999998 60.5090793232463 103.377505730074 75.0378077764854 32.1340380499622 0.135187222592194 0.392178382989856
117.499999999998 60.5637875324429 103.408329892039 75.0106170394428 32.1701423850448 0.135403647719091 0.393617921908862
117.599999999998 60.6184495849126 103.439050319401 74.9831059382504 32.2060218308889 0.135743291811287 0.394431706605455
117.699999999998 60.6730615199969 103.469670302222 74.9552797565015 32.2416670790291 0.13620709379662 0.394616873301466
117.799999999998 60.7276193759592 103.500193142525 74.9271437812979 32.2770688129748 0.136795776486107 0.394176461059601
117.899999999998 60.7821191960928 103.530622152733 74.8987033027688 32.3122177093073 0.137509847119389 0.393119308380633
117.999999999998 60.8365570348876 103.560960654105 74.8699636135896 32.3471044387765 0.138349600279492 0.391459813066595
118.099999999998 60.8909289642567 103.591211975181 74.8409300085031 32.3817196673922 0.139315127086919 0.389246292408561
118.199999999998 60.9452310798067 103.621379450455 74.8116077839134 32.4160540573523 0.140406347870981 0.386530824326052
118.299999999998 60.9994595071287 103.651466419597 74.7820022376591 32.45009826756 0.141623032058506 0.383340007810879
118.399999999998 61.0536104081418 103.681476226907 74.75211866886 32.4838429539793 0.142964807035184 0.379703451249263
118.499999999998 61.1076799875134 103.711412220777 74.721962377765 32.517278769983 0.144431168490265 0.37565317889411
118.599999999998 61.1616644991614 103.741277753145 74.691538665601 32.5503963667021 0.146021491246782 0.371223025714774
118.699999999998 61.2155602528452 103.771076178955 74.6608528344208 32.5831863933743 0.147735040254195 0.366448039375709
118.799999999998 61.2693636208499 103.80081085562 74.6299101869525 32.6156394976931 0.149570981432746 0.36136390596791
118.899999999998 61.3230710447695 103.830485142477 74.5987160264471 32.647746326156 0.151528392072557 0.356006413451033
118.999999999998 61.3766790423947 103.860102400249 74.5672756565275 32.6794975244139 0.153606270516753 0.350410963705692
119.099999999998 61.4301842147114 103.889665990504 74.5355943810382 32.7108837376165 0.155803553440119 0.344624502386032
119.199999999998 61.4835832530131 103.919179275236 74.5036775039261 32.7418956106866 0.158119154445237 0.338691847172617
119.299999999998 61.5368729461381 103.948645616711 74.4715303292013 32.7725237884096 0.160551953682931 0.332643428676942
119.399999999997 61.5900501878369 103.978068377439 74.4391581609292 32.8027589154508 0.163100794635658 0.326507883725375
119.499999999997 61.6431119842796 104.007450920139 74.4065663032236 32.832591636371 0.165764486457612 0.320311901379333
119.599999999997 61.6960554617062 104.03679660771 74.3737600602399 32.8620125956404 0.168541804635656 0.314080121365547
119.699999999997 61.7488778742286 104.066108803198 74.3407447361684 32.8910124376539 0.171431489930387 0.30783507951494
119.799999999997 61.8015766117869 104.095390869768 74.3075256352275 32.9195818067457 0.174432245579933 0.301597194385305
119.899999999997 61.8541492082675 104.124646170672 74.2741080616569 32.947711347204 0.177542732765647 0.295384788958174
119.999999999997 61.906593349785 104.153878069216 74.2404973197108 32.975391703286 0.180761564356109 0.289214141411593
