#t s x y z curvature torsion
5 0 68.0459150735221 101.633774810776 6.09987290846479 0.329970953903525 -0.241070231644751
5.1 0.0650034557459187 68.0281592352854 101.651561781858 6.15982124561549 0.312100193772026 -0.272518118108622
5.2 0.129869438429775 68.0108120828121 101.67053564167 6.21937512587915 0.2938675026929 -0.309811593175979
5.3 0.194629716736312 67.9938699192567 101.690617536081 6.27856612398916 0.275267324051529 -0.355116372746662
5.4 0.259311588822193 67.977328839976 101.711728260839 6.33742591139077 0.256288510851376 -0.411613676594129
5.5 0.323938159195868 67.9611845651143 101.733787810311 6.39598641228118 0.236918439549271 -0.48408828270283
5.6 0.388528599987073 67.9454322721888 101.756714926231 6.4542799596495 0.217149175655079 -0.579946094016922
5.7 0.45309840248745 67.9300664286749 101.780426646442 6.51233945131688 0.196987423759711 -0.711036972514425
5.8 0.517659625888897 67.9150806245918 101.804837853642 6.57019850597653 0.176471793001307 -0.897028977246338
5.9 0.582221151223547 67.9004674050876 101.829860824128 6.62789161923371 0.155704896387874 -1.17179770066169
6 0.646788949644174 67.8862181030249 101.855404776541 6.68545431964588 0.134917043990554 -1.5953748446201
6.1 0.711366375443342 67.8723226705934 101.881375436875 6.74292331722043 0.114654479713427 -2.24370529651033
6.2 0.775954499072156 67.8587694856364 101.907675026381 6.80033645581453 0.0961296743665947 -3.1911612353428
6.3 0.840552508393197 67.8455450937885 101.934203322975 6.8577321677478 0.0812283211734261 -4.41452091087374
6.4 0.905158181784734 67.8326339253271 101.960859145536 6.91514873231696 0.0724366740489436 -5.4350102443396
6.49999999999999 0.969768399602924 67.8200180110507 101.987541854474 6.97262352676824 0.0716995941967636 -5.40284091634448
6.59999999999999 1.03437965437484 67.807676698158 102.014152852294 7.03019227726984 0.0784847153445681 -4.38607123493241
6.69999999999999 1.09898852146908 67.7955863661266 102.040597084162 7.08788830988432 0.0901100067941355 -3.24756238812016
6.79999999999999 1.16359205481788 67.7837201425917 102.066784538473 7.14574180154107 0.103835084862484 -2.40796380149864
6.89999999999999 1.22818807649131 67.7720476192246 102.092631747414 7.20377903100872 0.117750339327017 -1.87033661548551
6.99999999999999 1.29277533461454 67.760534567612 102.118063287528 7.26202162986756 0.130632585479135 -1.54857242243113
7.09999999999999 1.3573535121083 67.7491426634291 102.143013262213 7.32048584362886 0.141777013686978 -1.36504332093705
7.19999999999999 1.42192310147727 67.7378294262831 102.167426314274 7.37918205667223 0.151122088042103 -1.25997162250041
7.29999999999999 1.4864852243424 67.7265487070241 102.191257445584 7.43811498687529 0.158814323318476 -1.2017574775666
7.39999999999999 1.55104143749359 67.7152513907263 102.214471366812 7.49728414406137 0.165048516719098 -1.17210264345585
7.49999999999999 1.61559353875625 67.7038861079628 102.237041829072 7.55668429859417 0.17003984636633 -1.15948059199752
7.59999999999999 1.68014338811286 67.6923999460818 102.258950955576 7.61630594997231 0.174006466084134 -1.155983627914
7.69999999999999 1.74469275475248 67.6807391604822 102.280188573286 7.67613579542395 0.177156673858357 -1.15576642822809
7.79999999999999 1.80924319600341 67.6688498858887 102.300751544568 7.73615719850141 0.179678265975792 -1.15429346105321
7.89999999999999 1.87379597000353 67.656678847628 102.320643098841 7.79635065767575 0.181729297738632 -1.14800989985392
7.99999999999999 1.93835198049175 67.6441740729038 102.33987216423 7.85669427493137 0.183430267686916 -1.13422906473685
8.09999999999999 2.00291175006396 67.6312856017686 102.358452698971 7.91716422521897 0.184860429937195 -1.11090081745075
8.19999999999999 2.06747543525201 67.6179661901864 102.376403016298 7.97773524822502 0.186059980556537 -1.07658398483315
8.29999999999999 2.13204290826654 67.6041719930191 102.393745092833 8.03838119679098 0.187019879870781 -1.03071419772027
8.39999999999999 2.19661386594195 67.589863239104 102.410503870446 8.09907560764911 0.187680397189949 -0.97334532863506
8.49999999999999 2.26118793655426 67.5750049060285 102.426706557887 8.15979227301655 0.187934971107235 -0.904887777735789
8.59999999999999 2.32576477415738 67.5595673949023 102.442381932401 8.22050581218949 0.187636357956424 -0.825776097544753
8.69999999999999 2.39034413183467 67.5435272051323 102.457559641351 8.28119224313723 0.186604441987737 -0.736087041261709
8.79999999999999 2.45492590690806 67.5268676091956 102.472269503842 8.34182955409634 0.18463515068726 -0.635106390026421
8.89999999999999 2.51951015347872 67.5095793274132 102.486540812341 8.40239827516475 0.181510196406407 -0.520798241213229
8.99999999999999 2.58409706069207 67.4916612027238 102.500401634296 8.46288204989588 0.177007860244647 -0.3890591797389
9.09999999999999 2.64868689748421 67.4731208571804 102.513878119906 8.52326819846965 0.170981480152657 -0.253445729654533
9.19999999999999 2.71327990131634 67.4539748732429 102.526993969569 8.58354806186313 0.163580822248507 -0.127149816944241
9.29999999999998 2.77787610320371 67.4342477687855 102.539770306708 8.64371679009717 0.155071337736433 -0.00423185612299007
9.39999999999998 2.84247519413559 67.4139704968995 102.552225710283 8.70377291148262 0.145757793555537 0.120129837898326
9.49999999999998 2.90707647835557 67.3931789274199 102.564376253447 8.76371789344345 0.135974233180127 0.249447807535691
9.59999999999998 2.97167891216852 67.3719123284513 102.576235542197 8.8235557033399 0.126076560345742 0.385195441004735
9.69999999999998 3.0362812206585 67.3502118478942 102.587814754035 8.88329236929165 0.116435605568987 0.525316356200255
9.79999999999998 3.1008820812951 67.3281189949713 102.59912267662 8.9429355410009 0.107428154484493 0.661890137531237
9.89999999999998 3.16548036135853 67.3056741217535 102.610165746421 9.00249405057558 0.0994230449002178 0.77847941276731
9.99999999999998 3.23007539540325 67.2829149046861 102.620948087376 9.06197747335243 0.0927602474664391 0.849008653856987
10.1 3.29466728547321 67.2598748420925 102.631471548289 9.12139569066752 0.0876749013024403 0.871818949820855
10.2 3.35925710815434 67.2365821670827 102.641735707594 9.18075850325771 0.0841511609198944 0.862757878550864
10.3 3.4238468431423 67.2130598149531 102.651737795271 9.24007537318704 0.0821081193703914 0.819981078286642
10.4 3.48843917293634 67.1893258059926 102.661472582123 9.29935521640404 0.0814562925719712 0.747262313336728
10.5 3.55303725919974 67.1653936442642 102.6709322678 9.35860619724645 0.082101523387636 0.653157815980334
10.6 3.61764450580569 67.1412727163883 102.680106368824 9.41783552294592 0.0839511139808791 0.548619472337982
10.7 3.68226431387457 67.116968690325 102.68898160661 9.47704923813268 0.0869202255698629 0.444255210447242
10.8 3.74689983352437 67.0924839141569 102.697541795491 9.53625201934026 0.0909368309881035 0.348358147544538
10.9 3.81155371655038 67.067817814871 102.705767730741 9.5954469695102 0.0959444655832417 0.266128099679713
11 3.87622787382192 67.0429672971422 102.713637076599 9.65463541249672 0.101902977704296 0.199863807176031
11.1 3.94092324231548 67.0179271413356 102.721124253994 9.71381668889691 0.108790705244534 0.14966652007826
11.2 4.00563960207039 66.9926903812418 102.72820032058 9.77298798634389 0.116610550533867 0.11418589521103
11.3 4.07037550614839 66.9672486303629 102.734832831237 9.83214425728278 0.125378348352249 0.0913501925078817
11.4 4.13512826851248 66.9415923879298 102.740985690872 9.8912781712096 0.13511788309527 0.07886366228284
11.5 4.19989397633318 66.9157113441405 102.746619006931 9.95038006823571 0.145859409496974 0.0744914441528601
11.6 4.2646675287415 66.8895946853987 102.751688941904 10.0094379126522 0.157638718331398 0.0762209461630854
11.7 4.32944270579167 66.8632313995515 102.756147565841 10.0684372464942 0.17049660588326 0.082334929635198
11.8 4.39421227176142 66.8366105811278 102.759942708854 10.1273611431056 0.184478584894003 0.0914270049475104
11.9 4.45896811738299 66.8097217365767 102.763017813629 10.1861901607032 0.199634680096369 0.102383234268156
12 4.52370144616652 66.7825550895054 102.765311787935 10.244902295941 0.216019165484257 0.114346602128764
12.1 4.58840301873534 66.7551018898719 102.766758878433 10.3034729477374 0.233580175819868 0.12686231566996
12.2 4.65306365338923 66.7273548259866 102.767289098334 10.3618751479224 0.251820149965476 0.140510761583555
12.3 4.71767522715011 66.6993086974921 102.76683006097 10.4200804691999 0.270109840402442 0.156172700419998
12.4 4.78223173573652 66.6709611911516 102.765309367211 10.4780601999309 0.287797638693884 0.174797150412291
12.5 4.84673014712859 66.642313660593 102.762657014182 10.5357865291785 0.304212855324309 0.197493249901806
12.6 4.91117099332736 66.613371906051 102.758807803985 10.5932337317536 0.318671305314043 0.225664263817645
12.7 4.97555865686379 66.584146954111 102.753703752415 10.65037935326 0.330484056039836 0.2612016106757
12.8 5.03990131697966 66.554655837452 102.747296497679 10.7072053951399 0.338970033762171 0.306781117077093
12.9 5.10421053404104 66.5249223745897 102.739549709116 10.7636994997193 0.343473005715283 0.366341978527285
13 5.16850046987059 66.4949779496197 102.730441495917 10.8198561352533 0.343383601833198 0.445900625587637
13.1 5.23278676523624 66.4648622732971 102.719966781396 10.8756777633841 0.338357271672699 0.542753997591758
13.2 5.29708512931516 66.4346236588571 102.70813878177 10.9311755493294 0.328892861992208 0.651980935483594
13.3 5.36140988081565 66.4043180660281 102.694988211733 10.9863689113089 0.315739456810229 0.778749609396105
13.4 5.42577277594848 66.3740076597844 102.680561594534 11.0412846127013 0.299699132766711 0.928599418620205
13.5 5.49018222313883 66.3437593504371 102.664919537606 11.0959558366135 0.281625769873878 1.10729665309827
13.6 5.55464288776264 66.3136433337241 102.648135008202 11.1504212604505 0.262427180820851 1.31997011627106
13.7 5.61915566598529 66.2837316308998 102.630291609024 11.2047241304847 0.243068433851955 1.56892931198082
13.8 5.6837179887815 66.2540966288259 102.611481853862 11.2589113364256 0.224568616153723 1.84941782011135
13.9 5.74832440369646 66.224809620061 102.591805443222 11.3130324859889 0.207974185384919 2.14326901204209
14 5.81296737258508 66.1959393429506 102.571367539957 11.3671389794667 0.194282592764552 2.41337936287531
14.1 5.87763821329396 66.1675505310908 102.550277049423 11.4212830854083 0.184310768164229 2.61726728500702
14.2 5.94232800040373 66.1397027064895 102.528645017036 11.4755170452129 0.178602467735492 2.71228230460757
14.3 6.00702818282811 66.1124495913465 102.506583323891 11.5298922511097 0.177292537069514 2.66859705765732
14.4 6.07173106589922 66.0858387635327 102.484203499793 11.5844584530492 0.180015956410064 2.49850102353734
14.5 6.13643023793347 66.0599113214416 102.461615540803 11.6392629667066 0.18597921333879 2.24793288074516
14.6 6.20112091033433 66.034701548841 102.43892672679 11.6943498814847 0.194145881357725 1.96938810258627
14.7 6.26580013837676 66.0102365797251 102.41624043897 11.7497592685168 0.203425735049519 1.70144215153504
14.8 6.3304668937228 65.9865360631659 102.393654977461 11.8055263886706 0.21279590455907 1.46430363327534
14.9 6.3951219648964 65.9636118281651 102.371262378826 11.8616809005504 0.221350183444112 1.2646649395665
15 6.45976766849951 65.9414675485058 102.349147233621 11.9182460685009 0.22830402850879 1.10196023333483
15.1 6.524407364196 65.920098425272 102.327385517937 11.9752379851421 0.233107382153386 0.97618842615769
15.2 6.58904484241813 65.8994913287207 102.306043788796 12.0326651717346 0.23581167225016 0.879351087714942
15.3 6.65368378097188 65.8796261062061 102.285179303181 12.090529137653 0.236671107199153 0.799471101513443
15.4 6.71832731405532 65.8604773494565 102.264840500915 12.1488253176894 0.235982753654581 0.727376836158078
15.5 6.78297770274264 65.8420161795193 102.245067501541 12.2075440238888 0.234062524437859 0.655533248044894
15.6 6.84763611889277 65.8242120317052 102.2258926012 12.2666713973852 0.231229804068681 0.577360744251093
15.7 6.91230254786901 65.8070344405331 102.207340769507 12.3261903602364 0.22779879878068 0.486907445856403
15.8 6.97697580942183 65.7904548246747 102.189430146426 12.3860815672599 0.224076350933538 0.378810972305264
15.9 7.04165369251082 65.7744482718991 102.172172539153 12.4463243578685 0.220366876734203 0.248542427578417
16 7.10633319872701 65.7589953240173 102.155573918987 12.5068977079056 0.216985413648776 0.0929742926604544
16.1 7.17101088895891 65.7440837336051 102.139634910555 12.5677811711392 0.214155702669173 -0.0710045111818465
16.2 7.23568328833627 65.7297094869507 102.124351081927 12.628955551862 0.211663310057262 -0.224105595766167
16.3 7.30034721710069 65.7158759643452 102.109712729332 12.6904028949201 0.209227286533621 -0.365922812778813
16.4 7.36500001444154 65.7025923665975 102.09570446277 12.7521062068474 0.206608088107749 -0.497899667275779
16.5 7.4296396810991 65.689872113328 102.082304783964 12.8140491666592 0.203593671870005 -0.623044808359019
16.6 7.49426495061647 65.6777312412618 102.069485664318 12.8762158366453 0.19999041422522 -0.745869113196095
16.7 7.55887529569585 65.6661868025223 102.057212122869 12.9385903731628 0.195619991623127 -0.872570753628772
16.8 7.62347087523549 65.6552552629243 102.045441804245 13.0011567374296 0.190323376594384 -1.01151425179351
16.9 7.68805242831741 65.6449509002674 102.034124556618 13.0638984063176 0.183973840580507 -1.17408305084638
17 7.75262112367655 65.6352842026296 102.023202009658 13.1267980831456 0.176502605823259 -1.3759849481301
17.1 7.81717837621226 65.6262602838245 102.0126071746 13.1898374138404 0.16806237225409 -1.61839742065061
17.2 7.88172563685812 65.6178777451184 102.002264619198 13.2529968426653 0.159390701255882 -1.88140985991115
17.3 7.94626420494577 65.6101286697632 101.992092102009 13.3162558222333 0.15136902197218 -2.14255357861395
17.4 8.01079516197356 65.602999063789 101.982002781567 13.3795931630884 0.144819959382182 -2.36394423887251
17.5 8.07531943054325 65.5964693139603 101.971907447664 13.4429873886537 0.140385060416118 -2.49980841772009
17.6 8.13983791916944 65.590514645733 101.961716752637 13.5064170901805 0.138380089460901 -2.51608945963102
17.7 8.2043517082092 65.5851055812106 101.95134344265 13.5698612816969 0.138694356659684 -2.41051178721479
17.8 8.26886223067782 65.5802083971009 101.940704588978 13.6332997549564 0.140798684430236 -2.21433961933662
17.9 8.33337140312115 65.5757855826726 101.929723819289 13.6967134343868 0.143860530635075 -1.97406880280143
18 8.39788166602069 65.5717962977115 101.918333548933 13.7600847320386 0.146898530400121 -1.73087115640957
18.1 8.46239590106283 65.5681968319541 101.906477183087 13.8233978977965 0.1490299189917 -1.53295262772808
18.2 8.52691722525963 65.5649411029028 101.894110561508 13.8866392464155 0.149957229901172 -1.39712240800837
18.3 8.59144873702142 65.5619812510772 101.881201480612 13.9497970718836 0.149674718950469 -1.30855404995656
18.4 8.65599327149832 65.5592682736478 101.867728458165 14.0128614386088 0.148297795004782 -1.25506466880009
18.5 8.72055318558282 65.5567526595462 101.853679468826 14.075823967869 0.146017891921449 -1.22646597891567
18.6 8.78513018836742 65.5543850245755 101.839050679701 14.1386776242626 0.143071026625515 -1.21358741710193
18.7 8.8497252263103 65.5521167465203 101.823845185892 14.2014165021575 0.13971387606482 -1.20740726645292
18.8 8.91433842654172 65.5499006002573 101.808071746043 14.2640356121419 0.136203601465956 -1.19848841261294
18.9 8.97896909706749 65.5476913928652 101.791743517897 14.3265306674736 0.132779580287357 -1.17686231997975
19 9.04361577910354 65.5454465987349 101.774876793839 14.3888978705304 0.129646980202344 -1.13245349514635
19.1 9.10827634451132 65.543126990371 101.757489741933 14.4511337007402 0.126941536277563 -1.06566424168125
19.2 9.17294813141217 65.5406971571596 101.739601289514 14.5132347410019 0.124670112864116 -0.982280177219109
19.3 9.23762810543835 65.5381257397432 101.721230368668 14.5751976018118 0.122801991270516 -0.881204502101949
19.4 9.30231302790567 65.5353855523624 101.702395304266 14.6370188838812 0.121297862390858 -0.761927629083209
19.5 9.36699962507587 65.5324537008888 101.683113207491 14.6986951422335 0.120115426562286 -0.624414619525665
19.6 9.43168475813144 65.5293117008577 101.663399369355 14.7602228503023 0.119217249926267 -0.468975787536979
19.7 9.49636559431102 65.5259455955005 101.643266654226 14.8215983640284 0.118580662160918 -0.296217209698501
19.8 9.56103978052182 65.5223460737778 101.622724893344 14.8828178859576 0.118209438861969 -0.107180692621866
19.9 9.62570562180805 65.5185085884115 101.601780278344 14.943877429338 0.118146904931879 0.0962239590365494
20 9.69036226830846 65.5144334739184 101.580434754781 15.0047727822181 0.11848974738652 0.310433747707046
20.1 9.75500991181054 65.5101260676741 101.558685432257 15.0654994734795 0.119325849379179 0.520551832166889
20.2 9.81964989555909 65.5055969098105 101.536524426349 15.1260527892038 0.120512054451579 0.715591178779359
20.3 9.8842845576716 65.5008621432262 101.513939796649 15.1864279168068 0.121887487142033 0.898419373039888
20.4 9.94891694031818 65.4959439924299 101.4909169166 15.2466201395068 0.123340941280682 1.07405891319553
20.5 10.013550462286 65.4908712454146 101.467439859942 15.3066250327273 0.12481145423387 1.24852045963331
20.6 10.0781885635664 65.485679735533 101.44349278716 15.3664386605009 0.126297529310833 1.42769958496813
20.7 10.1428343276151 65.4804128233726 101.419061331924 15.4260577718728 0.127874992392079 1.61604478469905
20.8 10.2074900889177 65.4751218786304 101.394133987538 15.4854799973043 0.12972242962505 1.81468852407315
20.9 10.2721570365665 65.4698667619878 101.368703493386 15.544704045076 0.132151059730478 2.01891424021769
21 10.3368348287212 65.4647163069861 101.342768221375 15.6037298976916 0.135631853083134 2.21548506829518
21.1 10.4015212439819 65.4597487771643 101.316333537956 15.6625590017073 0.14085942239848 2.32945770693527
21.2 10.4662120468158 65.4550516800495 101.289412531077 15.7211942866356 0.148683557436343 2.28867242947866
21.3 10.5309013511147 65.4507199485386 101.262025125042 15.7796397499619 0.159516918571825 2.11064214324925
21.4 10.5955822627665 65.4468534791325 101.234196560299 15.8378998712352 0.173218628538391 1.84567565235852
21.5 10.6602476133195 65.4435546454323 101.205955848811 15.8959790195851 0.189223080380017 1.54822541314212
21.6 10.7248907191428 65.440925811637 101.177334229422 15.9538808612387 0.206721361535108 1.25645570324597
21.7 10.7895060998975 65.4390668460402 101.148363623216 16.0116077670372 0.224809005587285 0.98871948818074
21.8 10.8540900881296 65.4380726345276 101.119075088893 16.0691602199533 0.242574601959894 0.749073876674751
21.9 10.9186412642434 65.4380305940732 101.089497278127 16.1265362226073 0.259143616266736 0.533642092084308
22 10.9831606582509 65.4390181862373 101.059654890936 16.1837307047848 0.273699821118345 0.334755348058354
22.1 11.0476516725317 65.4411004574231 101.029567148927 16.2407349401581 0.285600970873963 0.163097552035024
22.2 11.1121197249773 65.4443282748988 100.999246733457 16.2975362023463 0.294702699900289 0.0251201003038823
22.3000000000001 11.1765717259084 65.4487383289912 100.968699903941 16.3541180285226 0.301059846149453 -0.090605763788579
22.4000000000001 11.2410154970501 65.4543538310434 100.937927081081 16.4104607223604 0.304797221403888 -0.19171040231956
22.5000000000001 11.3054591785203 65.4611852381334 100.906923447969 16.4665418661832 0.306088648235754 -0.28344553192464
22.6000000000001 11.3699106590885 65.4692309777925 100.875679551193 16.5223368331156 0.305143281706302 -0.369543170483763
22.7000000000001 11.4343770578492 65.4784781727234 100.844181901939 16.5778192992338 0.302195791270421 -0.452737188640477
22.8000000000001 11.4988642784029 65.4889033655184 100.8124135771 16.632961755716 0.297498662003323 -0.535079476398344
22.9000000000001 11.5633766500285 65.5004732433778 100.780354820381 16.6877360209932 0.291315731163071 -0.618127060506577
23.0000000000001 11.6279166642668 65.5131453628283 100.747983643399 16.7421137528999 0.283916497542069 -0.703044417987817
23.1000000000001 11.6924848118309 65.5268688810091 100.715276431588 16.7960669643352 0.275584237138613 -0.783918258196921
23.2000000000001 11.7570795672186 65.5415854577199 100.682208674755 16.8495686302116 0.266631907606782 -0.852684848131181
23.3000000000001 11.8216976009824 65.5572305909441 100.648756014074 16.9025935261308 0.257317441368403 -0.906476233149016
23.4000000000001 11.8863341376891 65.5737351231326 100.614895413738 16.9551191583458 0.247808304831022 -0.941992537068825
23.5000000000001 11.9509833863839 65.5910267540571 100.58060633741 17.0071266972352 0.238166745404734 -0.955882134556151
23.6000000000001 12.0156390114026 65.6090315536626 100.545871924666 17.0586019107761 0.22834050263988 -0.945026221379194
23.7000000000001 12.0802946144547 65.6276754749194 100.510680167447 17.1095360980179 0.218160974275344 -0.906536636054495
23.8000000000001 12.1449442024238 65.6468858666763 100.4750250865 17.159927022556 0.207350137343695 -0.837224048488145
23.9000000000001 12.209582621131 65.6665929865128 100.438907907833 17.2097798460053 0.195536616239192 -0.73220787093808
24.0000000000001 12.2742059434015 65.6867315135917 100.402338239157 17.2591080614735 0.182280977403347 -0.582044399326579
24.1000000000001 12.3388118030066 65.707242048559 100.365335224002 17.307934406003 0.167213783966108 -0.400681971303961
24.2000000000001 12.4033995127497 65.7280722766709 100.327928115195 17.3562912261774 0.150416720304763 -0.198986460044482
24.3000000000001 12.4679697545134 65.749177276037 100.290155374407 17.4042194556101 0.132185928515939 0.0529536004012464
24.4000000000001 12.5325242106228 65.7705194890904 100.252063191063 17.4517670455974 0.112938839913958 0.408620936228654
24.5000000000001 12.5970653317584 65.7920686811052 100.213703978916 17.4989873747408 0.0932517219296833 0.973417104675729
24.6000000000001 12.6615962379886 65.8138018987143 100.175134872628 17.545937658568 0.0739864490797721 1.96633330522879
24.7000000000001 12.726120732093 65.835703428427 100.136416224347 17.5926773591546 0.0566466921249913 3.7905739168987
24.8000000000001 12.7906433969073 65.8577647551462 100.097610100279 17.6392665947457 0.0441845999076147 6.50132515290026
24.9000000000001 12.8551697435584 65.8799845206863 100.058778777271 17.6857645493775 0.0410636008285006 7.32649773769683
25.0000000000001 12.9197063751852 65.9023684822905 100.019983239385 17.7322278824989 0.0482286264190545 4.78383067661682
25.1000000000001 12.9842611261559 65.9249294649353 99.9812816767258 17.778709136599 0.061050331893601 2.41633246034002
25.2000000000001 13.0488430204512 65.9476871520895 99.9427280427992 17.8252550929993 0.0754392278630681 1.05637536539014
25.3000000000001 13.1134618212079 65.9706674663973 99.9043707604417 17.8719049960613 0.0893706923583156 0.266155301194503
25.4000000000001 13.1781273463866 65.9939017888159 99.8662514862782 17.9186887255581 0.101870017710118 -0.260070930226321
25.5000000000001 13.2428486631493 66.0174261715403 99.8284038774325 17.9656249670523 0.112457530411148 -0.675023406705123
25.6000000000001 13.3076331671218 66.0412805509275 99.7908523582368 18.0127193822743 0.120980584170089 -1.05847970798791
25.7000000000001 13.372485562116 66.0655079604215 99.7536108869409 18.0599627794999 0.127611125527615 -1.45549925877661
25.8000000000001 13.4374067724885 66.0901537434775 99.7166817224227 18.1073292839284 0.132929936625486 -1.8868967445141
25.9000000000001 13.502392838958 66.1152647664864 99.6800541908972 18.1547745080608 0.138062371560539 -2.34160897797197
26.0000000000001 13.5674338693646 66.1408886316998 99.6437034526264 18.2022337220771 0.144803265710749 -2.7593303495172
26.1000000000001 13.6325131556312 66.1670728847679 99.6075892996781 18.2496200740053 0.155542412340633 -2.95624738276969
26.2000000000001 13.6976069952481 66.1938640822452 99.5716557609517 18.2968241044307 0.172341431909946 -2.82634375182921
26.3000000000001 13.7626859883848 66.2213065036239 99.5358327564231 18.3437165473517 0.195898685578419 -2.48153723930686
26.4000000000001 13.8277171324549 66.2494407233355 99.5000385586578 18.3901524255778 0.225635257625384 -2.07278860897436
26.5000000000001 13.8926662059214 66.2783021773644 99.4641822853716 18.4359751959166 0.260256050549937 -1.69818111867426
26.6000000000001 13.9575002937174 66.3079197298635 99.4281663919926 18.4810208943618 0.298221782595203 -1.39354322787859
26.7000000000001 14.0221902915167 66.3383142397682 99.3918891642221 18.5251222812811 0.337970115965371 -1.16017023948207
26.8000000000001 14.0867132021097 66.3694971274114 99.3552472105964 18.5681129866036 0.377969773539415 -0.987395512121567
26.9000000000001 14.1510540212971 66.4014689411379 99.3181379550483 18.6098316550075 0.416710619629695 -0.863243286715896
27.0000000000001 14.2152070047587 66.4342179239194 99.2804621294679 18.6501260911079 0.452686826349444 -0.778052773368803
27.1000000000001 14.2791761219707 66.467718617416 99.2421262568906 18.6888573751798 0.484602982386853 -0.71517541382515
27.2000000000001 14.3429747462097 66.5019314396675 99.203044890958 18.7259032128032 0.511971170458165 -0.658799928189963
27.3000000000001 14.4066250642809 66.5368047343043 99.1631422366901 18.7611593398468 0.534442510423195 -0.604536484757418
27.4000000000001 14.4701572290592 66.5722777933875 99.1223535275315 18.7945401613746 0.551612647672136 -0.549343742637556
27.5000000000001 14.5336081393802 66.6082839176961 99.0806263930232 18.8259793610871 0.563049100991034 -0.490789203301294
27.6000000000001 14.5970198481939 66.6447534770145 99.0379222264748 18.8554305107626 0.568321886420019 -0.426541484565513
27.7000000000001 14.6604376209439 66.6816169704196 98.9942175526365 18.8828676796987 0.567034543287705 -0.353908037766178
27.8000000000001 14.7239076877417 66.7188080865684 98.9495053953708 18.9082860441538 0.558852907639599 -0.269273266001912
27.9000000000001 14.7874747593948 66.7562667639853 98.9037966453251 18.9317024967884 0.543530015127749 -0.167256034676142
28.0000000000001 14.8511794066853 66.7939422513491 98.8571214276028 18.9531562561066 0.520928043804766 -0.0392738022560762
28.1000000000001 14.9150554283976 66.8317961289514 98.809530428859 18.9727094384263 0.491278115074666 0.10689966426716
28.2000000000001 14.9791273088581 66.8698043205927 98.761095169379 18.9904466555981 0.455897581644729 0.263236920516486
28.3000000000001 15.0434081164135 66.907956542745 98.7119055970437 19.0064721396251 0.416436438392519 0.442892410585951
28.4000000000001 15.1078984914723 66.9462547441525 98.6620666262799 19.020905893031 0.374596091296238 0.661794756419959
28.5000000000001 15.1725868385452 66.9847115066029 98.6116946364324 19.0338798017576 0.332126476440318 0.939579056919375
28.6000000000001 15.2374505695251 67.0233484456994 98.5609139701367 19.0455337480619 0.290867708070866 1.29791392050335
28.7000000000001 15.3024581933963 67.0621946116313 98.5098534316915 19.0560117234129 0.2528217838857 1.75057357884405
28.8000000000001 15.3675720258989 67.1012848899462 98.4586427854315 19.0654579413896 0.22019451005626 2.27439618738516
28.9000000000001 15.4327512894088 67.1406584023213 98.4074092540995 19.0740129505773 0.195243335260464 2.75867345382653
29.0000000000001 15.4979553827833 67.1803569073344 98.3562740172192 19.0818097474652 0.179673801291659 2.99235284966612
29.1000000000001 15.5631471020833 67.2204232087102 98.3053487429564 19.0889699290698 0.173580544552758 2.86448277106691
29.2000000000001 15.6282952018374 67.2608997578941 98.2547329906822 19.0956008784318 0.175111660094624 2.48058968441307
29.3000000000002 15.6933754560204 67.3018277499232 98.2045138237808 19.101795572026 0.181715881096076 1.99676284389391
29.4000000000002 15.75837086336 67.3432464136253 98.1547662931598 19.1076334200454 0.191013696798037 1.5344081307146
29.5000000000002 15.8232714776266 67.3851923092922 98.1055539542492 19.1131811464107 0.201169391143626 1.14398727092482
29.6000000000002 15.8880739368085 67.4276986263533 98.0569293839992 19.1184936687802 0.210903979850542 0.830897452583489
29.7000000000002 15.9527807401719 67.4707944810492 98.00893469788 19.1236149785599 0.219367069248606 0.583287774513499
29.8000000000002 16.0173993167399 67.5145042141048 97.9616020668799 19.1285790209133 0.226003940445382 0.386153297444816
29.9000000000002 16.081940925063 67.558846688403 97.914954234504 19.1334105747711 0.230457511831042 0.226212590946679
30.0000000000002 16.1464194216733 67.603834586658 97.8690050337732 19.1381261328414 0.232504112547638 0.0928151946658622
30.1000000000002 16.2108499406623 67.6494737203882 97.8237599057565 19.1427347812657 0.232055245630621 -0.0223707469375134
30.2000000000002 16.2752476949524 67.6957626326741 97.779216457987 19.1472390700899 0.229256911970426 -0.125869043255074
30.3000000000002 16.3396272384411 67.7426929466793 97.7353651241188 19.151635860415 0.224342480519177 -0.222559205601129
30.4000000000002 16.4040019753804 67.7902500079556 97.6921898634665 19.155917162362 0.217576326409129 -0.316063017761883
30.5000000000002 16.4683837688486 67.8384135380489 97.6496688620795 19.160070972684 0.209243110220341 -0.409119960382203
30.6000000000002 16.532782650738 67.8871582881034 97.6077752338158 19.1640821123776 0.199638950722887 -0.503775870024272
30.7000000000002 16.5972066357464 67.9364546924677 97.5664777214157 19.1679330642943 0.189063655283759 -0.601424195477763
30.8000000000002 16.6616616361205 67.9862695222996 97.5257413975757 19.1716048107527 0.177813355640558 -0.702714278765046
30.9000000000002 16.7261514692122 68.036566539171 97.4855283660226 19.1750776711496 0.166172904499501 -0.807329857864511
31.0000000000002 16.7906779462924 68.0873071486734 97.445798462587 19.1783321395719 0.15440732898959 -0.913646864999064
31.1000000000002 16.8552410288569 68.138451052722 97.4065099539055 19.1813497204682 0.142744167372041 -1.02302512240788
31.2000000000002 16.9198390444367 68.1899568680366 97.3676201744504 19.1841137138793 0.131346468958279 -1.13780234224734
31.3000000000002 16.9844689558803 68.2417826587615 97.3290860070083 19.1866098726264 0.120337589975121 -1.25589921165367
31.4000000000002 17.0491266545146 68.2938864352629 97.2908643014864 19.1888270090585 0.109801608828432 -1.37443479474484
31.5000000000002 17.1138072582787 68.3462266516252 97.2529122913472 19.1907575998593 0.0997738098589052 -1.49026885970544
31.6000000000002 17.1785054058907 68.398762703146 97.2151880100427 19.1923983908541 0.0902315481132617 -1.60126957454358
31.7000000000002 17.2432155399954 68.4514554238331 97.177650707449 19.1937510018174 0.0810876588998964 -1.70866008101481
31.8000000000002 17.3079321741451 68.5042675838998 97.1402612663008 19.19482253128 0.0721892607193973 -1.82106738018668
31.9000000000002 17.3726501407355 68.5571643872614 97.102982618626 19.1956261613357 0.0633251856456252 -1.96209806952384
32.0000000000002 17.4373648196558 68.6101139690306 97.06578016218 19.1961817624487 0.0542463340590268 -2.18780836550154
32.1000000000002 17.5020723478154 68.663087887575 97.028622173542 19.1965164786988 0.0448016499827244 -2.67022447315213
32.2000000000002 17.5667697515571 68.7160614751501 96.9914801344244 19.1966648044081 0.0353676969330767 -3.7313577024714
32.3000000000002 17.6314549174925 68.7690138295384 96.9543288376738 19.1966673696624 0.0269196617184496 -5.87283049958127
32.4000000000002 17.6961265243103 68.8219276642643 96.9171464064852 19.1965692172144 0.0214983711277387 -8.72701747859238
32.5000000000002 17.7607839977152 68.8747891533706 96.8799143102777 19.1964180598247 0.0217229027533104 -8.313196282802
32.6000000000002 17.8254274794041 68.9275877761947 96.8426173805707 19.1962625376031 0.0270696426413717 -5.26858447876996
32.7000000000002 17.8900577955092 68.9803161621446 96.8052438268593 19.1961504753497 0.0345464297532191 -3.1817372222878
32.8000000000002 17.9546764088046 69.0329699354753 96.7677852524906 19.1961271398958 0.0421300436877443 -2.08307341641924
32.9000000000002 18.0192853395025 69.0855475600647 96.7302366705397 19.1962334974453 0.0487532949168868 -1.48920116577314
33.0000000000002 18.0838870416708 69.1380501841902 96.6925965196852 19.1965044709154 0.0537364715091581 -1.14884795106701
33.1000000000002 18.1484842271775 69.1904814807688 96.6548666723159 19.1969672148719 0.056642906534641 -0.948502304219463
33.2000000000002 18.2130796604333 69.242847369659 96.6170522406388 19.1976398478932 0.0574764296363145 -0.81782215676922
33.3000000000002 18.2776759840164 69.2951554405843 96.5791608700187 19.1985313461048 0.0563577100231911 -0.714039435903217
33.4000000000002 18.3422755662272 69.3474142581174 96.5412018303193 19.1996418941436 0.0534080538096679 -0.607803503237562
33.5000000000002 18.4068803611944 69.3996326621293 96.503185099475 19.2009632537154 0.0487404103530611 -0.466308633590313
33.6000000000002 18.4714917892338 69.4518190682384 96.4651204470627 19.2024791321527 0.0424587425825202 -0.230513806482814
33.7000000000002 18.5361106438906 69.503980768259 96.4270165178731 19.2041655509726 0.0346712331098475 0.250336902819107
33.8000000000002 18.6007370307086 69.5561232306502 96.3888799154831 19.2059912144342 0.0255532882318574 1.50576512622615
33.9000000000002 18.665370342179 69.6082494009652 96.3507142858269 19.2079178780966 0.0157150285473307 6.30246406680703
34.0000000000002 18.7300092735402 69.6603590022997 96.3125194007681 19.2099007173768 0.00954124915103385 21.1939360696951
34.1000000000002 18.7946518853226 69.7124478478682 96.2742902583335 19.2118887048289 0.0175746262199042 6.49705840662652
34.2000000000002 18.8592957241153 69.7645074688867 96.2360166161666 19.2138252141998 0.0319245762127968 1.79333258348852
34.3000000000002 18.9239380104222 69.8165255428496 96.1976836246912 19.2156492001441 0.0480860436864592 0.642925157952435
34.4000000000002 18.9885758749442 69.8684866371134 96.1592728934946 19.2172966047137 0.0650882610748622 0.253186017249588
34.5000000000002 19.0532066194604 69.9203729646073 96.120763574373 19.2187017725708 0.0823911755714261 0.0987307354698023
34.6000000000002 19.1178279777149 69.9721651395442 96.0821334443768 19.2197988661999 0.0995312027330862 0.0362788286352189
34.7000000000002 19.182438348245 70.0238429331314 96.0433599888559 19.22052328112 0.116060639848453 0.0160228716099092
34.8000000000002 19.247036969393 70.0753860292814 96.0044214845053 19.220813061097 0.131533603829953 0.0179700602749733
34.9000000000002 19.3116240070377 70.1267747803226 95.9652980824102 19.2206103133561 0.145503181848721 0.0336112714185947
35.0000000000002 19.3762005279281 70.1779909627104 95.9259728910916 19.2198626237937 0.157522467894568 0.0596545155643042
35.1000000000002 19.4407683378623 70.2290185248474 95.8864330468128 19.2185244547242 0.167253699499137 0.087866716531176
35.2000000000002 19.5053297241771 70.2798441297576 95.8466704526784 19.2165580885071 0.174788396539352 0.112501307320096
35.3000000000002 19.5698872305328 70.330457177004 95.8066816769757 19.2139334184123 0.180327432572615 0.135387773261544
35.4000000000002 19.6344434631425 70.380849619459 95.7664675203084 19.2106272853672 0.184074393865076 0.157585805446612
35.5000000000002 19.6990009105187 70.4310157721856 95.7260325699913 19.2066227972363 0.186235189740147 0.179713252208355
35.6000000000002 19.763561789349 70.4809521213181 95.6853847544459 19.2019086481028 0.187017443100641 0.202094428116577
35.7000000000002 19.8281279273161 70.5306571329421 95.6445348975946 19.1964784375481 0.186629677518476 0.224820793015041
35.8000000000002 19.892700690535 70.580131061976 95.6034962732561 19.1903299899333 0.185280330652588 0.247763996048901
35.9000000000002 19.9572809605189 70.6293757610512 95.5622841595403 19.183464673679 0.183176619451982 0.270561021214714
36.0000000000002 20.0218691632098 70.6783944893927 95.5209153932433 19.175886720546 0.180523272558019 0.292583942152187
36.1000000000002 20.0864653496392 70.72719172262 95.4794079255081 19.1676025517409 0.177488065956593 0.312172220785397
36.2000000000002 20.1510692999024 70.77577298646 95.4377804104006 19.1586202814654 0.174101425297055 0.328270406441964
36.3000000000002 20.2156805901372 70.824144751163 95.3960518770375 19.1489496709014 0.170355146213654 0.340914994041537
36.4000000000002 20.2802986390868 70.872314349832 95.3542414346299 19.1386022596401 0.166235114974255 0.350111002055714
36.5000000000002 20.3449227540545 70.9202898976706 95.3123679787924 19.1275915039363 0.161721080936846 0.355827318783697
36.6000000000003 20.409552176742 70.9680802112321 95.2704498978517 19.1159329149625 0.156786576746969 0.357984899888708
36.7000000000003 20.4741861286978 71.015694727668 95.2285047791563 19.1036441970626 0.151398978493284 0.356434724981764
36.8000000000003 20.5388238563073 71.0631434239766 95.1865491153853 19.0907453860062 0.145519698831874 0.350920231865193
36.9000000000003 20.6034646755214 71.1104367362515 95.1445980108573 19.0772589872426 0.139104508666991 0.341014784548592
37.0000000000003 20.6681080168432 71.1575854789307 95.1026648878399 19.0632101141549 0.132103989260574 0.326016530281313
37.1000000000003 20.7327534699859 71.2046007664798 95.0607611994274 19.0486266219075 0.124484210091465 0.317434531435674
37.2000000000003 20.7974007932788 71.2514939984022 95.0188963132108 19.0335391267249 0.116293624458881 0.330182272600601
37.3000000000003 20.8620498376902 71.298277004995 94.9770778284955 19.0179807343416 0.107613357379773 0.370319684960542
37.4000000000003 20.9267004553923 71.3449622564312 94.935312064311 19.0019866538837 0.0985396338313489 0.447638892075984
37.5000000000003 20.9913524318411 71.3915630742763 94.8936045539895 18.9855938073436 0.0891884615997663 0.57781436740403
37.6000000000003 21.0560054419029 71.438093843006 94.8519605397445 18.9688404390546 0.0797067369283372 0.785831155479459
37.7000000000003 21.1206590285585 71.4845702215231 94.8103854672492 18.9517657251661 0.0702949534893068 1.11074528510696
37.8000000000003 21.1853126024813 71.5310093546749 94.7688854802153 18.9344093831179 0.0612510655186324 1.60891736660831
37.9000000000003 21.2499654607892 71.5774300847701 94.7274679149715 18.9168112811156 0.0530494585047547 2.33988709793288
38.0000000000003 21.3146168235185 71.6238531630965 94.686141795042 18.8990110476048 0.0464560924495612 3.28205855445571
38.1000000000003 21.3792658869987 71.6703014515425 94.6449183127889 18.8810476843276 0.0425181563339706 4.07951631682913
38.2000000000003 21.4439118963253 71.7167998669539 94.603810974717 18.8629592724924 0.0419742912188087 4.20403775991382
38.3000000000003 21.5085542333698 71.7633746724291 94.5628348929976 18.8447829153093 0.0447102815739629 3.64074824265856
38.4000000000003 21.5731924997135 71.8100525113478 94.5220057406544 18.8265547736395 0.0497996163852473 2.85669676530202
38.5000000000003 21.6378265804988 71.8568594315058 94.4813386938132 18.8083101052262 0.0561025541564972 2.19899531729816
38.6000000000003 21.7024566798303 71.9038199092487 94.4408473739524 18.7900833039248 0.0626777249622567 1.7513417519559
38.7000000000003 21.7670833191041 71.9509558736065 94.400542790152 18.7719079389337 0.0688410900672552 1.48781914245646
38.8000000000003 21.8317072913408 71.9982857304278 94.3604322813443 18.7538167940249 0.0741057764655232 1.36957360200072
38.9000000000003 21.8963295674287 72.0458233865136 94.3205184585632 18.735841906775 0.0781312260375991 1.37215918144628
39.0000000000003 21.9609511541513 72.0935772737521 94.2807981471944 18.7180146077951 0.0807079734370809 1.4889971231833
39.1000000000003 22.0255729102203 72.1415493904181 94.2412613489206 18.7003655578974 0.0818719210949648 1.6793744479496
39.2000000000003 22.0901953660163 72.1897347887696 94.20189071575 18.682924731582 0.0821595351576277 1.88243106152083
39.3000000000003 22.1548186369544 72.2381221955546 94.1626623239465 18.665721264261 0.0822191528583294 2.06633402956846
39.4000000000003 22.2194424185733 72.286695078815 94.1235469600437 18.6487832458039 0.0826513413443674 2.19108916243809
39.5000000000003 22.2840660377228 72.3354327318551 94.0845114265537 18.6321375120179 0.0839309782543262 2.21984444724293
39.6000000000003 22.3486885516195 72.3843113572116 94.0455198476764 18.615809436129 0.0863273404034112 2.13562717744556
39.7000000000003 22.4133088825838 72.4333051506222 94.006534975008 18.5998227202618 0.0898600945239799 1.95002790836159
39.8000000000003 22.477925972752 72.4823873849946 93.9675194932507 18.5841991869209 0.0943156771245533 1.69513440993819
39.9000000000003 22.5425389411088 72.5315314943764 93.9284373259211 18.5689585704709 0.0993124650753865 1.4062132406587
40.0000000000003 22.6071472248055 72.5807121579232 93.8892549410596 18.5541183086171 0.104380119406029 1.1086306368066
40.1000000000003 22.6717506873868 72.6299063745866 93.849942645362 18.5396933361263 0.109055244543169 0.841189102958069
40.2000000000003 22.7363496680963 72.6790942964617 93.8104755772915 18.5256959367878 0.11303924900139 0.623329640850287
40.3000000000003 22.8009449530847 72.7282594495074 93.7708339360667 18.5121357432159 0.116153207797881 0.441669054676573
40.4000000000003 22.8655377026131 72.7773887129282 93.7310029096303 18.4990197948933 0.118287333025704 0.284832469807965
40.5000000000003 22.930129356399 72.8264722892729 93.6909725910408 18.4863525984539 0.119381043376631 0.143425846042334
40.6000000000003 22.9947215246728 72.8755036745339 93.6507378948633 18.4741361879662 0.119410777631012 0.00947464331774549
40.7000000000003 23.0593158716244 72.9244796282469 93.6102984735606 18.4623701852166 0.118383279635149 -0.124241043898119
40.8000000000003 23.1239139975735 72.9734001435896 93.569658633885 18.451051859992 0.116333000360648 -0.264837258656409
40.9000000000003 23.1885173258624 73.0222684174811 93.528827253269 18.4401761903636 0.113323066344745 -0.419945360645133
41.0000000000003 23.2531270001156 73.0710908206812 93.4878176962169 18.4297359229698 0.109449960281014 -0.598275467736134
41.1000000000003 23.3177437972955 73.1198768598143 93.4466477203521 18.4197216356367 0.104881134863462 -0.784086886110579
41.2000000000003 23.3823680660211 73.1686389294372 93.4053391135369 18.4101218607754 0.0999282459642804 -0.951536059583193
41.3000000000003 23.4469997080966 73.2173915311418 93.3639166483261 18.4009233630572 0.0949116427262851 -1.09030100110712
41.4000000000003 23.5116382057666 73.2661502827006 93.3224067674925 18.3921114778649 0.090096108489567 -1.18417822666964
41.5000000000003 23.5762826840032 73.314930919138 93.2808362592086 18.3836704520824 0.0856578764299583 -1.21350292971692
41.6000000000003 23.6409319955887 73.3637482938015 93.2392309322292 18.3755837848835 0.0816572382158189 -1.1590777296651
41.7000000000003 23.7055848163579 73.4126153794318 93.1976142910724 18.3678345685209 0.0780279829225029 -1.00549171187022
41.8000000000003 23.7702397390276 73.4615422692349 93.1560062112023 18.3604058291158 0.0745945413930479 -0.740577205628393
41.9000000000003 23.8348953566512 73.5105351779517 93.1144216142106 18.3532808674463 0.0711229748383552 -0.349067932336854
42.0000000000003 23.899550330886 73.5595954429302 93.0728691429988 18.3464435997373 0.0674093685712898 0.198208203055332
42.1000000000003 23.9642034453637 73.6087185450104 93.0313498621477 18.3398788932484 0.0634244092567075 0.83693874480874
42.2000000000003 24.0288536376498 73.6578936446007 92.9898566131761 18.3335727666481 0.0594510271832165 1.46896054783692
42.3000000000003 24.0935000019491 73.7071044255431 92.9483750322084 18.32751224715 0.0559896780170705 2.05379146865741
42.4000000000003 24.1581417990578 73.7563304541683 92.9068852225299 18.3216850924344 0.0536015108345313 2.4948697189247
42.5000000000003 24.2227784894551 73.8055485581661 92.865363452331 18.3160795073695 0.0527014180088474 2.68004678931169
42.6000000000003 24.2874097824033 73.8547342054559 92.8237838524507 18.3106838607322 0.0533456607787843 2.57507112853252
42.7000000000003 24.3520356876766 73.9038628830564 92.7821201141209 18.3054864019295 0.0551559461301895 2.2630559553887
42.8000000000003 24.4166565535218 73.9529114759563 92.7403471867095 18.3004749777191 0.0574356126896705 1.87264273005101
42.9000000000003 24.4812730740634 74.0018596459842 92.6984429754652 18.2956367489311 0.0593592522517545 1.49617385171787
43.0000000000003 24.5458862516208 74.0506912106791 92.6563900392602 18.2909579071883 0.0601058710545416 1.17171877889399
43.1000000000003 24.6104973045337 74.0993955045658 92.614177266966 18.2864233983117 0.059041423875874 0.932396707651592
43.2000000000003 24.6751075273289 74.1479682829642 92.5718009982347 18.2820168195124 0.0561303533436287 0.775623433077281
43.3000000000003 24.7397181438629 74.1964114645383 92.5292647339292 18.2777207577325 0.0515447658843659 0.670813314184551
43.4000000000003 24.8043301848635 74.2447324163805 92.4865782909604 18.2735173017736 0.0455016421741095 0.599539737396136
43.5000000000003 24.8689443991763 74.292943221499 92.4437569357553 18.269388561109 0.038242095748519 0.548874588228156
43.6000000000004 24.9335612027607 74.3410599463072 92.4008205177247 18.2653171846954 0.0300199358283554 0.50493494819853
43.7000000000004 24.9981806651562 74.3891019081118 92.3577926027324 18.2612868797854 0.0210948659515305 0.434737300153399
43.8000000000004 25.0628025295532 74.4370909426012 92.3146996065619 18.2572829307395 0.0117288068030852 0.143402439648719
43.9000000000004 25.1274262598598 74.4850506713344 92.2715699283857 18.2532927178381 0.00221256840692228 0
44.0000000000004 25.1920511062756 74.5330057692291 92.2284330842327 18.2493062360937 0.00734537654031919 -0.437748656878297
44.1000000000004 25.2566761801658 74.5809812334951 92.1853188420333 18.2453166091252 0.0165407736432412 0.474257625908373
44.2000000000004 25.3213005367294 74.6290016901266 92.1422563976602 18.2413204746454 0.025286946138495 0.611560408451656
44.3000000000004 25.3859232702893 74.677090795737 92.0992736550345 18.2373180440446 0.0334271203372676 0.676553348818198
44.4000000000004 25.4505436032866 74.7252706769538 92.0563965472279 18.2333130335872 0.0408102271034653 0.736126515306741
44.5000000000004 25.5151609560986 74.7735613712568 92.013648359142 18.2293125906709 0.04729201684512 0.808600317327126
44.6000000000004 25.5797749936321 74.821980267818 91.9710490501865 18.2253272200858 0.0527410906453104 0.904659536290789
44.7000000000004 25.6443856464216 74.8705415483395 91.928614576959 18.2213707102731 0.057048345476616 1.03508622868398
44.8000000000004 25.7089931058439 74.9192556278932 91.8863562159233 18.2174600595841 0.0601418521524036 1.21366332897594
44.9000000000004 25.7735977953658 74.9681285957593 91.8442798860883 18.2136154025393 0.0620110259277687 1.45895631567562
45.0000000000004 25.838200322475 75.0171616562657 91.8023854716873 18.2098599360873 0.0627466260867832 1.79464509094966
45.1000000000004 25.9028014189363 75.066350586442 91.7606661659312 18.2062198345316 0.0626839819306963 2.15532995329834
45.2000000000004 25.9674018786002 75.1156856308851 91.7191083627012 18.2027238698148 0.0625840671637098 2.413949176554
45.3000000000004 26.0320025134231 75.1651525064646 91.6776929391647 18.199402283867 0.0631261867681324 2.49878977483953
45.4000000000004 26.0966041518853 75.2147338442393 91.6363970863292 18.1962853663117 0.0646467689776074 2.37430721634051
45.5000000000004 26.1612076719657 75.264410648189 91.595196160672 18.1934020208394 0.0670560715309664 2.07025835265165
45.6000000000004 26.2258140461302 75.3141637539461 91.5540655357693 18.190778331581 0.0698941140809319 1.65538313158904
45.7000000000004 26.2904243734953 75.363975287528 91.5129824539256 18.1884361294819 0.0724833111863332 1.18762387677797
45.8000000000004 26.3550398764098 75.4138301240683 91.4719278778026 18.1863915586754 0.0740874120391437 0.685524405338667
45.9000000000004 26.4196618449126 75.4637173465496 91.4308883420486 18.1846536428562 0.0740355594430372 0.121290686305905
46.0000000000004 26.4842915228703 75.5136317045344 91.3898578049279 18.1832228516543 0.0718385642277242 -0.587828738414825
46.1000000000004 26.5489299431651 75.5635750481682 91.3488394706455 18.1820896890103 0.067457037916802 -1.46651083966552
46.2000000000004 26.6135777184356 75.6135571192155 91.307846849761 18.1812338535915 0.06175543878376 -2.52992225405395
46.3000000000004 26.6782348106839 75.6635947099499 91.2669028855204 18.1806248513145 0.0563405416820683 -3.78735663985842
46.4000000000004 26.742900369074 75.7137101790788 91.2260383182772 18.1802231799074 0.0534941222844606 -4.84788449185971
46.5000000000004 26.807572672551 75.7639299429379 91.1852900206082 18.1799815354753 0.0554836745968468 -4.96837804784955
46.6000000000004 26.8722491700755 75.8142829666864 91.1446993324307 18.1798460190645 0.0630483748385476 -4.12496401843971
46.7000000000004 26.936926596396 75.864799255501 91.1043103961185 18.1797573432275 0.0750471125591806 -3.0722822819268
46.8000000000004 27.0016011309672 75.9155083457713 91.0641684916183 18.1796520385875 0.0897189657705926 -2.25500774858363
46.9000000000004 27.0662685608298 75.9664377962942 91.0243183715666 18.1794636604036 0.105564589669444 -1.71354641473308
47.0000000000004 27.1309244049448 76.0176116794687 90.9848025964058 18.1791239951348 0.121457376219572 -1.37636477112815
47.1000000000004 27.1955639632287 76.0690490899788 90.9456598832523 18.1785642611415 0.136634640896724 -1.16806767924407
47.2000000000004 27.2601823982886 76.1207631081599 90.9069238123056 18.1777161569235 0.150887583741742 -1.03073298566967
47.3000000000004 27.3247750911689 76.1727609175636 90.868622440861 18.1765125223389 0.164161997493958 -0.935865076469076
47.4000000000004 27.3893380884753 76.2250443772073 90.8307782748632 18.1748878473609 0.17641942772216 -0.867884416981029
47.5000000000004 27.4538685122896 76.2776106113108 90.7934082542116 18.1727787749702 0.187621918731198 -0.817834910539224
47.6000000000004 27.5183649294074 76.330452599033 90.7565237380659 18.1701246040472 0.197724790510049 -0.780373918897389
47.7000000000004 27.5828276807438 76.3835597642093 90.7201304901508 18.1668677922654 0.206673512564518 -0.752247264514735
47.8000000000004 27.6472591709107 76.4369185650882 90.6842286640617 18.1629544589831 0.214402940860323 -0.731478575041685
47.9000000000004 27.7116641174315 76.4905130840681 90.64881278857 18.1583348881366 0.220838119727907 -0.716923643773902
48.0000000000004 27.7760497588745 76.5443256174347 90.6138717529279 18.1529640311326 0.225896285182973 -0.708023326930877
48.1000000000004 27.8404260148751 76.5983372575208 90.5793887907695 18.1468020190711 0.22944105299321 -0.70513727123915
48.2000000000004 27.9048054310028 76.6525282778735 90.5453414274859 18.1398149175611 0.231142766300201 -0.711409548314907
48.3000000000004 27.9692026143548 76.7068780183612 90.5117013348843 18.1319760973475 0.230637329712378 -0.731310258578119
48.4000000000004 28.0336333827649 76.7613645732879 90.4784341493215 18.1232678475309 0.227586647605357 -0.770694336426014
48.5000000000004 28.0981137932142 76.8159644719298 90.4454992884334 18.1136829981174 0.221692296069098 -0.83815085696564
48.6000000000004 28.1626590769789 76.870652359073 90.4128497678634 18.1032265425688 0.212714593342728 -0.947362926553395
48.7000000000004 28.2272825133477 76.9254006755508 90.3804320179923 18.0919172603526 0.200503685260912 -1.12154218678244
48.8000000000004 28.2919942850025 76.9801793387805 90.3481857006667 18.0797893394917 0.185058315600041 -1.40216581804264
48.9000000000004 28.3568003698692 77.0349554233012 90.3160435259284 18.066893999115 0.166650510759735 -1.86626158061978
49.0000000000004 28.4217015363974 77.0896928413104 90.2839310687432 18.053301112007 0.146112415760327 -2.65612790919433
49.1000000000004 28.4866925256464 77.1443520278951 90.2517666037325 18.0391007882065 0.125663061458877 -3.92968651411108
49.2000000000004 28.5517616104273 77.1988897482903 90.2194614079632 18.0244039458715 0.110360259435379 -5.507440022685
49.3000000000004 28.6168908184812 77.2532592149009 90.1869212518875 18.0093403113571 0.107345916101352 -6.21996612445107
49.4000000000004 28.6820567475866 77.3074103263515 90.1540483583405 17.9940554065591 0.121048564708312 -5.17062650045213
49.5000000000004 28.7472318164236 77.3612899112301 90.1207433795414 17.9787074973073 0.148956825776312 -3.57301902832295
49.6000000000004 28.8123858351267 77.4148419718309 90.0869073740936 17.9634645417572 0.185787381745532 -2.37994284335546
49.7000000000004 28.8774877656378 77.4680079278982 90.0524437839852 17.9485011387833 0.227543041597218 -1.62810399866644
49.8000000000004 28.9425075301406 77.5207268603692 90.0172604115896 17.9339954763717 0.271719559038294 -1.15985432569743
49.9000000000004 29.0074177180441 77.5729357551177 89.9812713966663 17.9201262800121 0.316641699547952 -0.858325221361819
50.0000000000004 29.0721950377583 77.624569746697 89.9443991933609 17.907069761091 0.361028190862059 -0.655601980598336
50.1000000000004 29.1368213785932 77.675562379174 89.9065765345868 17.8949965740206 0.403806319544172 -0.518270881931081
50.2000000000004 29.2012848216153 77.7258463113082 89.8677480683178 17.884069000521 0.444086213569835 -0.426541437853601
50.3000000000004 29.2655812857272 77.7753551496856 89.8278711610366 17.8744387105205 0.480994895940239 -0.365092259936581
50.4000000000004 29.3297159928607 77.8240257261991 89.7869163730949 17.8662447502086 0.513617581293267 -0.325016492110138
50.5000000000004 29.3937041990407 77.8718003926181 89.7448679214535 17.8596115388257 0.541000755107136 -0.301134831459186
50.6000000000004 29.4575711046884 77.918629315159 89.7017241424235 17.8546468654532 0.562176708917675 -0.29062488753216
50.7000000000005 29.5213509031364 77.9644727690549 89.6574979544069 17.8514398858028 0.576202984083795 -0.292356941152357
50.8000000000005 29.5850849658708 78.0093034331261 89.6122173206368 17.8500591190067 0.582209970641823 -0.306672297641248
50.9000000000005 29.6488192146945 78.0531086843499 89.565925711919 17.8505504444068 0.579449017661181 -0.33553324225588
51.0000000000005 29.7126007916055 78.0958928924309 89.5186825693718 17.8529350983449 0.567333439573036 -0.383133718904331
51.1000000000005 29.7764741992393 78.1376796735154 89.4705637389723 17.8572077193607 0.545798499501949 -0.451014816850465
51.2000000000005 29.8404771658426 78.1785130816548 89.4216611730355 17.8633356520088 0.51628246533827 -0.539706867589656
51.3000000000005 29.9046369624794 78.218456103788 89.3720807708306 17.8712614456308 0.480656864770506 -0.655950366525575
51.4000000000005 29.9689680607066 78.257588092473 89.3219394861317 17.8809066117471 0.440836434533825 -0.809184378157566
51.5000000000005 30.033471298225 78.2960021577622 89.2713624065724 17.892175429856 0.398754080490048 -1.01192511102134
51.6000000000005 30.0981344251943 78.3338025590785 89.2204798330015 17.9049587532334 0.356374699356244 -1.27896879365647
51.7000000000005 30.1629338292272 78.3711020970909 89.1694243588378 17.9191378147328 0.315743564172129 -1.6228157156164
51.8000000000005 30.2278371984525 78.4080195055902 89.1183279494254 17.9345880325843 0.279038292752911 -2.0400392976913
51.9000000000005 30.2928068682627 78.4446768433649 89.0673190213889 17.9511828161947 0.248535508767426 -2.48360042734764
52.0000000000005 30.3578036007449 78.4811968860768 89.0165195219884 17.9687973719468 0.226321186542236 -2.83493855801747
52.1000000000005 30.4227905371089 78.5177005244922 88.9660420316443 17.9873124806146 0.213547537452473 -2.96126213893213
52.2000000000005 30.4877365368047 78.5543043279602 88.9159874688668 18.006617536774 0.209687909299924 -2.81789713987753
52.3000000000005 30.5526177790871 78.5911185273614 88.866444324368 18.0266117148194 0.21291905439858 -2.46405954217003
52.4000000000005 30.6174183858087 78.6282451633043 88.8174884975785 18.0472043969764 0.220727066496665 -2.01944532634531
52.5000000000005 30.6821305910836 78.665776240676 88.7691831563342 18.0683155729299 0.230566689229138 -1.5780835049438
52.6000000000005 30.7467544684668 78.7037918831942 88.7215785965622 18.0898762394517 0.240256892751559 -1.1815396928353
52.7000000000005 30.8112972158092 78.7423584879584 88.6747121019676 18.1118288000288 0.248078258193181 -0.834278623588878
52.8000000000005 30.8757720146762 78.7815268800011 88.6286078037196 18.1341274644909 0.252727478645718 -0.522744573869099
52.9000000000005 30.9401965025024 78.8213304668394 88.5832765401381 18.1567386486388 0.25324871777792 -0.225300400522594
53.0000000000005 31.0045909205386 78.8617833930264 88.5387157163797 18.1796413738719 0.248992924205795 0.0859210894312928
53.1000000000005 31.0689760328086 78.9028787356567 88.4949091863234 18.2028276504282 0.239802963020123 0.417676632752289
53.2000000000005 31.1333710796123 78.9445877646843 88.4518277116303 18.2263024345316 0.226573732829246 0.775382879449576
53.3000000000005 31.1977922374097 78.9868619062242 88.4094308859367 18.2500825039201 0.210696226499429 1.18696410673067
53.4000000000005 31.2622516312395 79.0296357706667 88.3676696362226 18.274194907282 0.193880969411426 1.66813693601461
53.5000000000005 31.3267568301304 79.0728302217448 88.3264887463786 18.2986753973029 0.178168786374955 2.20096350620391
53.6000000000005 31.3913107937851 79.1163554456034 88.2858293807724 18.3235668637141 0.165844849598459 2.69761987165238
53.7000000000005 31.4559122027179 79.1601140198662 88.2456316078163 18.3489177663399 0.15907440345923 2.99088157588205
53.8000000000005 31.5205560752224 79.204003982705 88.2058369235335 18.3747805681453 0.159190437457018 2.93116047245815
53.9000000000005 31.585234557075 79.2479219019071 88.1663907751255 18.401210168284 0.166058399007427 2.53460476182669
54.0000000000005 31.6499377629114 79.2917659439435 88.1272450845388 18.4282623351457 0.178177849102299 1.96459358997367
54.1000000000005 31.7146545563733 79.3354389188035 88.0883607417908 18.4559921478374 0.193462314163616 1.41939915098261
54.2000000000005 31.779373300885 79.3788506947373 88.0497093120194 18.4844526569345 0.210135055169287 0.992113180763173
54.3000000000005 31.8440827418159 79.4219190135413 88.0112727466044 18.5136941018387 0.226993335902727 0.671005790924154
54.4000000000005 31.9087728102257 79.4645696757511 87.9730423080129 18.5437633474068 0.243246976624049 0.431905474001104
54.5000000000005 31.9734352356545 79.5067367016015 87.9350174644031 18.5747033290118 0.258363258308941 0.252736154741611
54.6000000000005 32.0380639811725 79.5483624919867 87.8972047842289 18.6065524976051 0.271961687897919 0.116613178117482
54.7000000000005 32.1026555153196 79.5893979894191 87.8596168308438 18.6393442647773 0.283749114057673 0.0113347296255555
54.8000000000005 32.1672089326484 79.6298028389896 87.8222710571051 18.6731064478208 0.293481429635402 -0.0718233189074802
54.9000000000005 32.2317259327932 79.6695455493272 87.7851886999781 18.7078607147907 0.300941723663159 -0.139186325127145
55.0000000000005 32.2962106673704 79.7086036535586 87.7483936751401 18.7436220295668 0.305928446946544 -0.1954958159496
55.1000000000005 32.3606694616601 79.7469638634997 87.7119114785889 18.7803981058848 0.30831084041275 -0.246501016041808
55.2000000000005 32.4251103584458 79.7846220478755 87.6757682703623 18.8181890945879 0.30821446816184 -0.296560219341263
55.3000000000005 32.4895424427273 79.8215827638409 87.6399904205381 18.8569878628949 0.30584358046165 -0.347215384703788
55.4000000000005 32.5539751492911 79.857858612531 87.6046042373464 18.8967805068894 0.301418902583292 -0.399738715748224
55.5000000000005 32.618417655535 79.8934695878421 87.5696357022845 18.9375468729773 0.295175164724587 -0.455238829883018
55.6000000000005 32.682878374685 79.9284424252126 87.5351102052332 18.9792610793457 0.287358380375423 -0.514718913758448
55.7000000000005 32.7473645567289 79.9628099504053 87.5010522795722 19.0218920374209 0.278223020746782 -0.579098032323777
55.8000000000005 32.8118819999912 79.9966104282879 87.4674853372962 19.0654039733265 0.26802921202826 -0.649197960487579
55.9000000000005 32.8764348722883 80.0298869116148 87.4344314041301 19.1097569493421 0.25704000719396 -0.725691951426094
56.0000000000005 32.9410256371168 80.0626865898083 87.4019108546452 19.1549073853614 0.245518667149113 -0.809008042583633
56.1000000000005 33.0056550751584 80.095060136224 87.3699421537141 19.200808582675 0.233754225083312 -0.901575879121329
56.2000000000005 33.0703223379905 80.1270610159982 87.3385417627952 19.2474113081963 0.222150754745905 -1.00375538196638
56.3000000000005 33.1350249536924 80.1587446938356 87.3077244646277 19.2946645321182 0.211148376445685 -1.11054678079675
56.4000000000005 33.1997588840616 80.1901678023796 87.2775038527562 19.342516226013 0.201184020128712 -1.21351757699025
56.5000000000005 33.2645186767579 80.2213873090652 87.2478928273943 19.3909141632562 0.192670431284581 -1.30048877221966
56.6000000000005 33.3292976956808 80.2524596829739 87.2189040912886 19.4398067194512 0.185965889020739 -1.35655816901619
56.7000000000005 33.3940884104447 80.2834400616866 87.1905506455822 19.4891436728534 0.181337939959043 -1.36697433604744
56.8000000000005 33.4588827265742 80.3143814181382 87.1628462856788 19.5388770047945 0.178930397031646 -1.32130993931001
56.9000000000005 33.5236723395966 80.3453337274711 87.1358060971064 19.5889617001067 0.178746719895724 -1.21700679191319
57.0000000000005 33.5884490985329 80.376343133889 87.1094469513811 19.6393565475471 0.180660025202887 -1.06013691372114
57.1000000000005 33.6532053683714 80.4074511256833 87.0837879891073 19.6900249300449 0.18438487237922 -0.877588674961197
57.2000000000005 33.7179344043555 80.4386939227467 87.0588507712221 19.740935350346 0.189358293808256 -0.699745484486825
57.3000000000005 33.7826307380238 80.4701024034763 87.0346585878384 19.7920612849733 0.195014746085944 -0.537453702240053
57.4000000000005 33.8472904930568 80.5017022441639 87.0112354352312 19.8433807735851 0.20086438993118 -0.39535451348654
57.5000000000005 33.911911601828 80.5335140665586 86.9886049800614 19.8948759981556 0.206485195920554 -0.27403583879608
57.6000000000005 33.9764939253268 80.5655535854299 86.966789523599 19.9465328621558 0.211509682966657 -0.1718691617288
57.7000000000006 34.041039278899 80.5978317561301 86.9458089659466 19.9983405697348 0.215611541157115 -0.0862269167986656
57.8000000000006 34.1055513656844 80.6303549221578 86.9256797702627 20.0502912049001 0.218494522800617 -0.0141617727225866
57.9000000000006 34.1700356198968 80.6631249627197 86.9064139269848 20.1023793106986 0.219884241350366 0.0472842266587332
58.0000000000006 34.2344989631928 80.6961394402943 86.8880179180533 20.1546014683979 0.219522667270465 0.101004960083701
58.1000000000006 34.2989494783547 80.7293917479992 86.870491693111 20.2069558796371 0.217221836726514 0.15338161330225
58.2000000000006 34.3633959896529 80.7628712518912 86.8538279571009 20.2594420258077 0.213034939807582 0.210635769119192
58.3000000000006 34.4278475618596 80.796563420401 86.8380122483326 20.312060523479 0.207087874092624 0.275694857785076
58.4000000000006 34.4923130125519 80.8304499487 86.8230233279458 20.3648130570526 0.199523591207397 0.352131126110335
58.5000000000006 34.5568004799146 80.8645088828719 86.8088335813511 20.4177023143881 0.190504214368899 0.444564338669707
58.6000000000006 34.6213170544282 80.8987147440848 86.7954094196704 20.4707319224277 0.180215050965771 0.559194691896582
58.7000000000006 34.6858684797258 80.9330386527626 86.7827116811772 20.5239063828216 0.168871773423327 0.704507600283362
58.8000000000006 34.750458925969 80.9674484527574 86.7706960327373 20.5772310075534 0.156732758605597 0.89212443289624
58.9000000000006 34.8150908372807 81.0019088355208 86.7593133712493 20.6307118545648 0.14411960487646 1.13751614534224
59.0000000000006 34.8797648531191 81.0363814642759 86.748510225085 20.6843556633812 0.131449961580002 1.45949771478637
59.1000000000006 34.9444798012026 81.0708250969858 86.7382291620828 20.7381697917746 0.119318013520742 1.87378108015201
59.2000000000006 35.0092327402978 81.1051956780389 86.7284093679188 20.7921621794057 0.108645805767828 2.36641280412757
59.3000000000006 35.0740190272328 81.1394463505215 86.7189876569744 20.8463413799553 0.1005982103483 2.85559637013309
59.4000000000006 35.1388324442907 81.1735274372079 86.7098996535812 20.9007166202336 0.0964045963443444 3.17189045477322
59.5000000000006 35.2036653951441 81.2073864203459 86.7010809798194 20.9552978603286 0.0969756435654568 3.14459905512459
59.6000000000006 35.2685091541686 81.2409679214436 86.6924684433156 21.0100958537538 0.10248101891468 2.76792238095801
59.7000000000006 35.3333541534724 81.2742136810555 86.6840012250409 21.0651222075964 0.11231598795969 2.20776763686405
59.8000000000006 35.3981902930838 81.3070625385688 86.6756220671095 21.1203894426652 0.125494845973006 1.6372584634418
59.9000000000006 35.4630072615392 81.3394504119897 86.6672784605757 21.1759110536381 0.141059511871653 1.14232781946504
60.0000000000006 35.5277948565773 81.3713102777295 86.6589238332331 21.2317015692105 0.158264340825103 0.73971500949565
60.1000000000006 35.592543304078 81.4025721684434 86.6505187189662 21.2877766055182 0.176513841898879 0.441617500250555
60.2000000000006 35.657243698152 81.4331636402375 86.64203144751 21.3441527447087 0.195091387539157 0.24365713154816
60.3000000000006 35.7218887266043 81.4630114313462 86.6334376167826 21.4008469696611 0.213349122941933 0.116316805824548
60.4000000000006 35.7864734047279 81.4920435901783 86.6247190856245 21.4578759238538 0.230711575227346 0.0381049971903933
60.5000000000006 35.8509956496711 81.5201916214152 86.6158629480928 21.5152551645078 0.246628196504274 -0.00552122565443608
60.6000000000006 35.9154566609604 81.5473926321088 86.6068605077545 21.5729984157294 0.260550296995296 -0.0239804196280327
60.7000000000006 35.9798610786701 81.5735914777805 86.5977062519811 21.6311168216541 0.271922849009327 -0.0230105507126971
60.8000000000006 36.0442168950043 81.5987429085189 86.5883968262413 21.6896181995887 0.280185517207074 -0.00557699564394057
60.9000000000006 36.1085351034094 81.6228137150783 86.5789300083959 21.7485062931552 0.28477964121074 0.0277195148276558
61.0000000000006 36.1728290818685 81.6457848749767 86.5693036829908 21.8077800254337 0.285159272072423 0.0787458959256425
61.1000000000006 36.2371137215391 81.6676536598928 86.5595148292981 21.867432766253 0.280993204173114 0.136758632005234
61.2000000000006 36.3014043028492 81.6884347368186 86.5495588667742 21.9274519673241 0.272737357619757 0.190605941403582
61.3000000000006 36.3657152508108 81.7081587149 86.5394299078081 21.9878197311276 0.261061563579955 0.242726118777186
61.4000000000006 36.4300590933819 81.7268696860347 86.5291213678879 22.0485137476426 0.246648596197818 0.294440182648566
61.5000000000006 36.4944457345716 81.7446227267675 86.5186265895138 22.1095082452248 0.23018172238227 0.345973788092288
61.6000000000006 36.5588820406923 81.7614814001854 86.507939466111 22.1707749414835 0.212332990043191 0.396115182464686
61.7000000000006 36.6233717167534 81.7775152578139 86.4970550659426 22.2322839941586 0.193752388593393 0.441438723462728
61.8000000000006 36.6879154362759 81.7927973415118 86.4859702560226 22.2940049519985 0.175057621139736 0.474948881142574
61.9000000000006 36.7525111790407 81.8074016853671 86.4746843260293 22.3559077056375 0.156824232782765 0.483997362853487
62.0000000000006 36.8171547273041 81.8214008175926 86.4631996122178 22.4179634384724 0.139576940627177 0.447528704163411
62.1000000000006 36.8818402689891 81.834863284117 86.4515221166825 22.4801455693154 0.123691754596012 0.35757288059605
62.2000000000006 36.9465609949531 81.8478517362671 86.4396620057085 22.5424304811942 0.109135946173296 0.214586000250753
62.3000000000006 37.0113095196359 81.8604224503739 86.4276338011925 22.6047977072954 0.0957961638259293 -0.00336536872345834
62.4000000000006 37.0760781785774 81.8726254114687 86.4154564511523 22.6672299030569 0.0836045232647841 -0.328342335888101
62.5000000000006 37.1408592688188 81.8845044186757 86.4031533955859 22.7297128100345 0.072585161625278 -0.805220778636141
62.6000000000006 37.2056452473116 81.8960971906044 86.3907526323312 22.7922352197687 0.0629317023155546 -1.48443980509858
62.7000000000006 37.2704288997158 81.9074354707418 86.3782867829243 22.8547889376512 0.0551221528369236 -2.37319105544746
62.8000000000006 37.3352034916205 81.918545132845 86.3657931584591 22.9173687467919 0.0500200209421423 -3.29500671965823
62.9000000000006 37.3999629139055 81.9294462863337 86.3533138254464 22.9799723718856 0.0487407306445335 -3.78219913810505
63.0000000000006 37.4647018336932 81.9401533816823 86.340895671673 23.0426004430784 0.0520478673893417 -3.48502224187873
63.1000000000006 37.5294158611069 81.9506753239259 86.3285904590421 23.105256454902 0.0597272792108975 -2.67867910160935
63.2000000000006 37.594101716411 81.9610157971227 86.3164545379324 23.1679465969444 0.0706376940344341 -1.87371409050848
63.3000000000006 37.6587573520959 81.9711741243197 86.3045477023331 23.2306792589347 0.0835531044815558 -1.28012185712454
63.4000000000006 37.7233820478613 81.9811463384739 86.2929317064982 23.293464407564 0.0975047303434176 -0.88662899647294
63.5000000000006 37.7879764826346 81.990926261488 86.2816687685808 23.3563129583745 0.111742783918797 -0.635443080417956
63.6000000000006 37.8525427623913 82.0005065832459 86.270820074269 23.4192361476482 0.125649561806296 -0.478547003774596
63.7000000000006 37.9170843795168 82.0098799406475 86.2604442804203 23.4822449042952 0.138680218016248 -0.384284950965076
63.8000000000006 37.9816060794739 82.0190399966445 86.2505960186973 23.5453492217428 0.150331029613282 -0.333411665831762
63.9000000000006 38.0461136127513 82.0279825192757 86.2413243992024 23.6085575298238 0.160124824752699 -0.315005900126497
64.0000000000006 38.1106133544728 82.0367064607022 86.2326715141131 23.6718760666654 0.167606422425209 -0.323894192061391
64.1000000000006 38.1751117851322 82.0452150187112 86.2246709591755 23.7353082597445 0.172456691877991 -0.343815109895463
64.2000000000006 38.2396149503509 82.0535162424012 86.2173468195186 23.798854345279 0.174822929095772 -0.359695997822587
64.3000000000006 38.3041281485024 82.0616224807876 86.210713834129 23.8625115926259 0.174962432429198 -0.371080800565502
64.4000000000006 38.3686557542506 82.0695493755903 86.2047780246465 23.926274767015 0.173124173949762 -0.37685269338363
64.5000000000006 38.4332010951727 82.0773148364887 86.1995373420177 23.9901366014497 0.169545472258881 -0.375198846124277
64.6000000000006 38.4977663868695 82.0849380163778 86.1949823131501 24.0540882686077 0.164448937910982 -0.363455528201248
64.7000000000006 38.5623527314524 82.0924382866234 86.1910966875657 24.1181198527412 0.158040047258306 -0.337821992443861
64.8000000000006 38.6269601805229 82.0998342123178 86.1878580840554 24.182220821578 0.150505925418247 -0.2928894457137
64.9000000000006 38.6915878609667 82.1071425275355 86.1852386373323 24.2463804982222 0.142016293626399 -0.220877931497234
65.0000000000006 38.7562341600723 82.1143771105887 86.1832056446862 24.3105885330544 0.132728214737907 -0.110395835982599
65.1000000000006 38.8208969628288 82.1215479776472 86.1817222110319 24.3748353707239 0.122778686031538 0.0213035120086274
65.2000000000006 38.885573866095 82.1286607538333 86.1807478522306 24.4391125895185 0.1122472085343 0.148358283592517
65.3000000000006 38.9502622472922 82.1357173563684 86.1802389924843 24.5034129167675 0.101216927211541 0.27298984230014
65.4000000000006 39.0149592905334 82.1427171551936 86.1801494200031 24.5677301166236 0.0897820269732412 0.39735142868948
65.5000000000006 39.0796620375085 82.1496581519564 86.1804307410667 24.6320588729347 0.078036048976055 0.523738124080397
65.6000000000005 39.1443674628548 82.1565381589954 86.1810328340867 24.6963946721166 0.0660610264140067 0.655295973353292
65.7000000000005 39.2090725695349 82.1633559783264 86.1819043036679 24.7607336860259 0.0539171725574295 0.79826981768839
65.8000000000005 39.2737744991747 82.170112580628 86.1829929346708 24.8250726548317 0.0416335808628865 0.970078422036864
65.9000000000005 39.338470652602 82.1768122842271 86.1842461462727 24.8894087698889 0.0292030411198116 1.23737136940658
66.0000000000005 39.4031588169709 82.1834639340849 86.1856114460305 24.95373955661 0.0166029178166281 2.02607626965373
66.1000000000005 39.467837296738 82.1900820578742 86.1870368893422 25.0180627584415 0.0044906901085087 16.7457897559007
66.2000000000005 39.5325050217024 82.1966874264433 86.1884716793251 25.0823762495289 0.0103580801205619 3.69493439788471
66.3000000000005 39.5971615901744 82.20330610234 86.1898671231306 25.1466780202085 0.0230562097688594 1.2261058489636
66.4000000000005 39.6618072865967 82.2099678927211 86.1911777286753 25.2109661911885 0.0353879480823021 0.827770315818259
66.5000000000005 39.7264430857 82.2167047793547 86.1923623067711 25.2752390288336 0.0468246209669816 0.683928322994338
66.6000000000005 39.7910706257086 82.2235493486216 86.1933850732573 25.3394949604494 0.0569450227446458 0.618288590259596
66.7000000000005 39.855692132681 82.2305332215179 86.1942167511308 25.4037325895671 0.0653336558861348 0.593447902469106
66.8000000000005 39.9203102808069 82.2376854836562 86.1948356726771 25.467950711228 0.071573972185843 0.601303162497915
66.9000000000005 39.9849279782452 82.2450311152682 86.1952288816017 25.5321483272677 0.075251973374993 0.646157363542725
67.0000000000005 40.049548074881 82.2525894212058 86.1953932351611 25.5963246616012 0.0759642466757145 0.744788521728567
67.1000000000005 40.1141729992674 82.2603724795337 86.1953364852745 25.6604791753509 0.073466630478236 0.924762509176463
67.2000000000005 40.1788043972725 82.268384073455 86.1950778131423 25.7246115779229 0.0680975297146843 1.22636162936688
67.3000000000005 40.2434429134736 82.2766198501654 86.1946469766123 25.7887218277941 0.0604164793692072 1.74283509896972
67.4000000000004 40.3080880924444 82.285067963041 86.1940829110515 25.8528101292465 0.0511756722289426 2.67293625508109
67.5000000000004 40.3727383691993 82.2937097324164 86.1934323091997 25.9168769289463 0.0415994885131723 4.3897173828684
67.6000000000004 40.4373911512699 82.3025203063627 86.1927482010227 25.9809229125223 0.0340501817283238 7.03106053890389
67.7000000000004 40.5020429884957 82.3114693214656 86.1920885335653 26.0449490011441 0.0324775530142646 8.22567479954864
67.8000000000004 40.5666898196545 82.3205215636033 86.1915147508052 26.1089563481013 0.0391170097004101 6.00441197955036
67.9000000000004 40.6313272794712 82.3296376287246 86.1910903735056 26.1729463353818 0.0515337254479856 3.65671784419425
68.0000000000004 40.6959510452716 82.3387745836271 86.190879579069 26.2369205702505 0.0667345497779317 2.30849424239171
68.1000000000004 40.7605571999416 82.3478866367935 86.190945784661 26.3008808807967 0.0830381170620254 1.56002570669005
68.2000000000004 40.8251425958911 82.3569260707531 86.1913503153752 26.3648292846747 0.0994976805128701 1.10059540104713
68.3000000000004 40.8897052104385 82.3658448383124 86.1921512882697 26.4287678897959 0.115417321765851 0.794823286078021
68.4000000000004 40.9542444476303 82.3745964203117 86.1934025814449 26.4926987682131 0.130198992559017 0.574249785424431
68.5000000000004 41.0187613448543 82.3831376934384 86.1951528063916 26.556623828975 0.143290310328483 0.401665888125003
68.6000000000004 41.0832586551563 82.3914307980418 86.1974442803392 26.6205446909794 0.154164870157207 0.254523459730573
68.7000000000004 41.1477407827818 82.3994450059473 86.2003119986042 26.6844625558273 0.162317491297782 0.116838485876676
68.8000000000004 41.2122135583635 82.4071585882706 86.2037826069381 26.7483780806764 0.167268254922825 -0.0255001420807326
68.9000000000004 41.2766838518092 82.4145606832322 86.207873373876 26.8122912510955 0.168574254914254 -0.188566539142006
69.0000000000004 41.3411590352424 82.4216531639713 86.2125911630844 26.8762012539174 0.165852033511457 -0.39531345179847
69.1000000000004 41.4056463252097 82.4284524709624 86.2179314273986 26.9401063520616 0.158983680169994 -0.649269577589468
69.2000000000003 41.4701520636245 82.4349905240847 86.2238777667635 27.0040038105241 0.148643530411505 -0.95506272505985
69.3000000000003 41.5346810817068 82.4413132984255 86.2304029176241 27.0678899522572 0.135807814791082 -1.35192386603214
69.4000000000003 41.5992362853691 82.4474784797377 86.2374703062205 27.1317602652179 0.121642363686805 -1.88603288818739
69.5000000000003 41.6638184894628 82.453553084498 86.2450356235714 27.1956095113841 0.107599632297025 -2.59372040179298
69.6000000000003 41.7284264842671 82.4596110799663 86.2530484004569 27.2594318357708 0.0955202042731635 -3.43229505113706
69.7000000000003 41.7930572984306 82.4657310042442 86.2614535824029 27.3232208754463 0.0875480640092628 -4.14775822651382
69.8000000000003 41.8577066085998 82.4719935863342 86.2701931046634 27.3869698685488 0.0854668461272135 -4.30935876136982
69.9000000000003 41.92236923666 82.4784793661982 86.2792074672048 27.4506717633022 0.0895598769230029 -3.79067753433355
70.0000000000003 41.9870396706518 82.485266314817 86.2884373096891 27.5143193270329 0.0983177154689111 -2.95886270334564
70.1000000000003 42.0517125450971 82.4924274736225 86.2978249742705 27.5779052550931 0.109531927999673 -2.20911379660837
70.2000000000003 42.1163830303407 82.5000290976633 86.3073157515411 27.6414222773815 0.12155641376967 -1.65933010292629
70.3000000000003 42.181047121199 82.5081300774717 86.3168583221627 27.7048632587627 0.133380129241961 -1.27245381491152
70.4000000000003 42.245701828989 82.5167818646626 86.3264048816468 27.7682212970832 0.144381501137368 -1.00034071281544
70.5000000000003 42.3103452815138 82.5260284169072 86.3359112529481 27.8314898210948 0.154168190982392 -0.806131822736922
70.6000000000003 42.3749767391909 82.5359061429056 86.3453369990585 27.8946626883784 0.162480641165323 -0.66492509980923
70.7000000000003 42.4395965360766 82.5464438473608 86.3546455356005 27.9577342832671 0.169137925106844 -0.560441179539939
70.8000000000003 42.5042059550125 82.5576626759515 86.3638042434213 28.0206996147706 0.174007601968857 -0.482062306602391
70.9000000000002 42.5688070466586 82.5695760603053 86.3727845811859 28.0835544144978 0.176988694717109 -0.422822409154395
71.0000000000002 42.6334024027871 82.5821896629722 86.3815621979713 28.1462952345808 0.178001831156995 -0.378147605623356
71.1000000000002 42.6979948949399 82.5955013300442 86.3901170416757 28.2089195446487 0.177024711217442 -0.346917556398174
71.2000000000002 42.7625873956585 82.6095012425797 86.3984333586389 28.2714258040971 0.174213550501538 -0.328165671619524
71.3000000000002 42.8271825215523 82.6241725726877 86.406499417106 28.3338134716517 0.169777139354282 -0.319828616418144
71.4000000000002 42.8917824319223 82.6394923384158 86.4143071219013 28.3960829902276 0.163932190868485 -0.320814161790845
71.5000000000002 42.9563886929502 82.655432266286 86.4218516249192 28.4582357708389 0.156900753247998 -0.330736110563182
71.6000000000002 43.0210022107401 82.6719596538296 86.4291309356136 28.5202741765082 0.148908376529447 -0.349757119978504
71.7000000000002 43.0856232332606 82.689038232122 86.4361455314884 28.5822015061763 0.140182875977289 -0.378480616238664
71.8000000000002 43.1502514185187 82.7066290283181 86.4428979685879 28.6440219786118 0.130953594162418 -0.417840450293838
71.9000000000002 43.2148859641013 82.7246912281874 86.4493924919867 28.7057407163207 0.121451065561134 -0.468924563227181
72.0000000000002 43.2795257915469 82.7431830386489 86.4556346462797 28.7673637294557 0.11190694532231 -0.532636306847122
72.1000000000002 43.3441697750266 82.7620625469608 86.4616308859649 28.8288978978149 0.102543098831766 -0.612125193612721
72.2000000000002 43.408816935302 82.7812884929187 86.4673881830141 28.8903509031474 0.0935419430809564 -0.711440588089051
72.3000000000002 43.4734664748985 82.8008208202329 86.4729136273106 28.9517310353161 0.0850845951038673 -0.830808537885256
72.4000000000002 43.5381177560122 82.8206211409142 86.4782140242765 29.0130469487691 0.0773618306055354 -0.966400129132911
72.5000000000002 43.6027702852871 82.8406531963144 86.4832954923906 29.074307417098 0.0705704668767795 -1.10690795108482
72.6000000000002 43.6674237036621 82.8608833181669 86.488163060708 29.135521087598 0.0649041668352105 -1.23003252869979
72.7000000000001 43.7320777773693 82.8812808896268 86.4928202663783 29.1966962358269 0.0605364237447487 -1.30211775155608
72.8000000000001 43.7967323870632 82.9018188063114 86.4972687521646 29.2578405201642 0.057597283211158 -1.28568954311281
72.9000000000001 43.8613875132005 82.9224739373408 86.5015078639619 29.318960736371 0.0561532592099917 -1.15575693127204
73.0000000000001 43.9260432171618 82.9432275863779 86.5055342483167 29.3800625721487 0.0562061203562991 -0.915584467418897
73.1000000000001 43.9906996192403 82.9640659402945 86.509341455252 29.4411503656195 0.0576766459650616 -0.639409402231855
73.2000000000001 44.0553568761011 82.9849801960965 86.5129196790774 29.5022269657481 0.0603336981827582 -0.409791240097814
73.3000000000001 44.1200151557669 83.0059658711225 86.516255849467 29.5632938515388 0.0639672294233701 -0.247429637751422
73.4000000000001 44.1846746055093 83.0270217915025 86.5193338605206 29.6243513531737 0.0684168737701396 -0.153682055018641
73.5000000000001 44.2493353145011 83.0481490682419 86.5221348051322 29.6853988770726 0.073550405173923 -0.119543460526204
73.6000000000001 44.3139972734122 83.0693500733046 86.524637209359 29.746435130952 0.0792497130578799 -0.132582555251181
73.7000000000001 44.3786603314638 83.0906274156974 86.5268172667898 29.8074583488849 0.085405558029971 -0.180934881859741
73.8000000000001 44.4433241503416 83.1119829175534 86.5286490729135 29.86846651636 0.0919191217085382 -0.25499556591155
73.9000000000001 44.5079881538801 83.1334165902159 86.5301048594881 29.929457595341 0.0987079097211929 -0.347701787656071
74.0000000000001 44.5726514725661 83.1549256103221 86.5311552289092 29.9904297493266 0.105714229811743 -0.454103387528477
74.1000000000001 44.6373128850317 83.1765033083854 86.5317693929367 30.0513815664519 0.112902241629975 -0.545913474878196
74.2000000000001 44.7019708162893 83.1981384823357 86.5319155247389 30.1123122317047 0.12020944504322 -0.604621874761334
74.3000000000001 44.7666234848069 83.2198155359546 86.5315613985862 30.1732215699667 0.12755233223428 -0.639495559392128
74.4 44.8312690975238 83.2415149422686 86.5306751428622 30.2341100381685 0.134830198483376 -0.657939004328506
74.5 44.8959060283896 83.2632137194409 86.5292259974325 30.294978715487 0.141924090645692 -0.665834027641648
74.6 44.9605329726888 83.2848859066632 86.5271850710141 30.3558292935435 0.148698181315467 -0.66784740818288
74.7 45.0251490713279 83.3065030400473 86.5245260985443 30.4166640666013 0.155002440469325 -0.667715065761798
74.8 45.0897539992152 83.3280346285169 86.5212261985498 30.4774859217631 0.160675952521537 -0.668510603774285
74.9 45.1543480122518 83.3494486296995 86.5172666305159 30.5382983291691 0.165550565843174 -0.672905102631117
75 45.2189319482799 83.3707119258177 86.5126335522558 30.5991053321943 0.169454801207386 -0.683428706903622
75.1 45.283507178763 83.3917908028049 86.5073187670921 30.6599115357887 0.172259922792494 -0.694272345572835
75.2 45.3480755161099 83.4126515132272 86.5013202061688 30.7207220465188 0.17399848399444 -0.697730222688096
75.3 45.4126391051946 83.4332610519477 86.4946417384021 30.7815422900034 0.174720715023226 -0.693456402626891
75.4 45.4772003198462 83.4535880155969 86.4872927155609 30.8423777800514 0.174449101656975 -0.681007496061237
75.5 45.5417616644046 83.4736034652681 86.47928750716 30.9032338859415 0.173178110333855 -0.659822679435
75.6 45.6063256777758 83.4932817892112 86.4706450353536 30.9641155997024 0.170874794709075 -0.629138362915795
75.7 45.6708948373704 83.5126015655278 86.4613883098289 31.0250273033921 0.167480340639278 -0.587817319721562
75.8 45.7354714607683 83.5315464248651 86.4515439626988 31.0859725363783 0.162912597719449 -0.534049297010582
75.9 45.8000576039559 83.5501059131107 86.4411417833962 31.1469537626178 0.157069702893706 -0.464834784286942
76 45.8646549565332 83.5682763540871 86.4302142535665 31.2079721379366 0.149835093969045 -0.375066327398297
76.1 45.9292647357417 83.5860617003439 86.4187960783469 31.2690272794281 0.141134793631373 -0.267003057868173
76.1999999999999 45.9938875715019 83.6034740744951 86.4069236236623 31.3301170899358 0.131102380963379 -0.139745183997321
76.2999999999999 46.0585233865331 83.6205335250146 86.3946341149515 31.3912377223636 0.119944508137245 0.0231449455102214
76.3999999999999 46.1231713273545 83.6372674725771 86.3819647419109 31.4523835990698 0.107901204351589 0.247255790079386
76.4999999999999 46.1878297668306 83.6537101444966 86.368951759623 31.5135474333807 0.0952686810728732 0.574730343612689
76.5999999999999 46.2524963758445 83.6699020091645 86.355629589686 31.5747202511032 0.0824498463107096 1.07608127896694
76.6999999999999 46.3171682593435 83.6858892104886 86.3420299213418 31.6358914120376 0.0700611664140799 1.8605646423884
76.7999999999999 46.3818421510476 83.7017230023309 86.3281808126061 31.697048631491 0.0591418315870518 3.03451243150704
76.8999999999999 46.4465146607837 83.7174591829467 86.3141057913961 31.7581780017898 0.0514427085518462 4.41788379500096
76.9999999999999 46.5111825686874 83.7331575294223 86.2998229566603 31.8192640137932 0.0492818174696448 5.05769728066699
77.0999999999999 46.5758431582067 83.7488812268666 86.2853440932921 31.8802895796752 0.0539354641686607 4.228231633531
77.1999999999999 46.6404945037592 83.764696161162 86.2706741454525 31.9412360887251 0.0641607036657993 2.85926098207304
77.2999999999999 46.7051355717093 83.7806698653705 86.2558115997002 32.0020835469576 0.0778030978206122 1.78017263370622
77.3999999999999 46.769766240032 83.7968703297003 86.2407492265306 32.0628107497405 0.0932342128944535 1.07985176714938
77.4999999999999 46.8343872998063 83.8133648062244 86.2254748356996 32.1233954556925 0.109426771464884 0.639872283877365
77.5999999999999 46.8990004253696 83.8302186135999 86.2099720315479 32.1838145605803 0.125703854375106 0.357578771728621
77.6999999999999 46.963608095192 83.8474939417865 86.1942209683241 32.2440442712158 0.141566600609464 0.169142621139562
77.7999999999999 47.0282134450084 83.8652486567658 86.1781991055096 32.3040602793542 0.156607222347741 0.0370365145695986
77.8999999999998 47.0928200353743 83.8835351052598 86.1618819631417 32.3638379355907 0.170468292924788 -0.0611458010261358
77.9999999999998 47.1574315175891 83.9023989194502 86.145243877138 32.4233524232581 0.182824785620235 -0.139400145486796
78.0999999999998 47.2220511895776 83.9218778354849 86.1282587452975 32.4825789302831 0.193454546893982 -0.207931718540089
78.1999999999998 47.2866815571536 83.9420008704722 86.1109005309156 32.5414927679562 0.202465675098478 -0.272753679473864
78.2999999999998 47.3513241349135 83.9627884094803 86.0931431511105 32.6000693549505 0.210060981926043 -0.336475096440961
78.3999999999998 47.4159793616494 83.9842526510243 86.0749601227634 32.6582841482537 0.216460229870857 -0.400545637443708
78.4999999999998 47.4806465377819 84.0063980663407 86.0563241991354 32.7161125720602 0.221900281691795 -0.465585772621355
78.5999999999998 47.5453237938838 84.0292218586622 86.0372070064852 32.7735299466615 0.226635135327069 -0.531516977244629
78.6999999999998 47.6100081021003 84.0527144224926 86.0175786806868 32.8305114173382 0.230935410141667 -0.597596901532706
78.7999999999998 47.6746953406889 84.0768598028814 85.9974075038463 32.8870318832507 0.235086824616078 -0.662425587580177
78.8999999999998 47.7393804205671 84.1016361546984 85.9766595409198 32.9430659263307 0.239387182528677 -0.723976828246224
78.9999999999998 47.8040574816749 84.1270162019087 85.9552982763305 32.9985877401725 0.244141436050987 -0.779703282639299
79.0999999999998 47.8687201680374 84.1529676976623 85.9332842652742 33.0535710666723 0.249589622511993 -0.818587349716588
79.1999999999998 47.9333620290114 84.1794539055708 85.9105751669052 33.1079893341206 0.255681946082589 -0.834215266729936
79.2999999999998 47.9979770747988 84.2064341347682 85.8871267469143 33.1618163066763 0.262231677639376 -0.83118821565128
79.3999999999998 48.0625603394838 84.2338642961585 85.8628942619871 33.2150269352923 0.268978504801142 -0.814401773618656
79.4999999999998 48.1271083710351 84.2616974594784 85.8378338589502 33.2675982163913 0.275597856156304 -0.788595409003213
79.5999999999998 48.1916196232508 84.2898844103598 85.8119039739181 33.3195100505399 0.281713098548128 -0.758041322115376
79.6999999999997 48.2560947269597 84.3183742073929 85.7850667314392 33.3707461011236 0.286908623376698 -0.726413876428885
79.7999999999997 48.3205366196979 84.3471147391883 85.7572893436424 33.4212946530215 0.290742615226402 -0.696827252008677
79.8999999999997 48.3849505167955 84.3760532814403 85.7285455093832 33.4711494712812 0.292758961551255 -0.672008306007727
79.9999999999997 48.4493437124535 84.4051370539891 85.6988168133904 33.5203106597936 0.292498192133147 -0.654582792865615
80.0999999999997 48.513725203197 84.4343137770591 85.6680941021665 33.5687855006527 0.289652619825775 -0.647408284796125
80.1999999999997 48.5781050612551 84.46353220606 85.6363782554933 33.6165887913354 0.28451243277529 -0.648908394002785
80.2999999999997 48.6424935520079 84.4927426119705 85.603679423704 33.6637419071135 0.277532138682951 -0.65547621144894
80.3999999999997 48.7069003172318 84.5218972402848 85.5700156605617 33.7102713612857 0.269174020866586 -0.663448945220409
80.4999999999997 48.7713337549087 84.5509507691345 85.5354115328903 33.7562073460943 0.259895568235556 -0.668704435455174
80.5999999999997 48.8358005933608 84.5798607674109 85.4998967302065 33.8015822736425 0.250137342168098 -0.666372133580522
80.6999999999997 48.9003056449968 84.6085881528867 85.463504674352 33.8464293168111 0.24031175524714 -0.650691070869007
80.7999999999997 48.9648517193723 84.6370976503387 85.4262711291244 33.8907809501757 0.230793830472798 -0.615084165608054
80.8999999999997 49.0294396722893 84.6653582496688 85.3882328099096 33.9346674909237 0.221915800173097 -0.552532320535827
80.9999999999997 49.094068567293 84.693343664027 85.3494259933132 33.978115639771 0.213968271594335 -0.456314943640279
81.0999999999997 49.158735926685 84.721032779114 85.3098851379578 34.0211470356837 0.207152748543504 -0.338018838409901
81.1999999999997 49.2234380147148 84.7484098731973 85.2696417955896 34.0637771695094 0.201441583856229 -0.215235126318708
81.2999999999997 49.2881700494728 84.7754642550875 85.2287242591211 34.1060152086898 0.19679137278775 -0.0913034937924962
81.3999999999997 49.3529263604324 84.802189672828 85.1871575009836 34.1478641808831 0.19320409844409 0.0301135847628774
81.4999999999996 49.417700529758 84.8285837135651 85.1449631226446 34.1893211713909 0.190722181861273 0.144981257058137
81.5999999999996 49.4824855295062 84.8546472034187 85.1021593041254 34.2303775205857 0.189420742971133 0.248965299406506
81.6999999999996 49.5472738638379 84.8803836073527 85.0587607535195 34.2710190213371 0.189397418381376 0.337696350696801
81.7999999999996 49.6120577238312 84.905798429045 85.0147786565091 34.3112261164392 0.190760435791761 0.407234381665009
81.8999999999996 49.676829161189 84.9308986107586 84.9702206258839 34.3509740960376 0.193616128340409 0.454649791284139
81.9999999999996 49.7415802860718 84.9556919332113 84.9250906510583 34.3902332950561 0.198057475825224 0.478550722152784
82.0999999999996 49.8063034960695 84.9801864194977 84.8793890556429 34.4289693019549 0.204087200469261 0.477659244340015
82.1999999999996 49.8709917999684 85.0043898443335 84.8331126644188 34.4671434621003 0.211404161849845 0.455098657543187
82.2999999999996 49.935639298992 85.0283095106605 84.7862555018713 34.5047141289936 0.219602029119026 0.41738988874431
82.3999999999996 50.0002416626739 85.0519521315742 84.738809700126 34.5416382101111 0.228244147565334 0.370146578640449
82.4999999999996 50.0647965093284 85.0753237163031 84.690766414939 34.5778727240761 0.236872291654245 0.317537891471511
82.5999999999996 50.1293036712014 85.0984294561879 84.642116741687 34.6133763578305 0.245014622092726 0.262211194285256
82.6999999999996 50.1937653263193 85.1212736106598 84.5928526313573 34.6481110238059 0.252192581633021 0.205446467594048
82.7999999999996 50.2581859801149 85.1438593932202 84.5429678065381 34.6820434170953 0.257927083987613 0.14735804757448
82.8999999999996 50.3225722830283 85.1661888574189 84.4924586774085 34.7151465726248 0.26174451643275 0.0870244837985313
82.9999999999996 50.3869326755116 85.1882627828341 84.4413252577284 34.7474014223251 0.26318300537657 0.0224674222868543
83.0999999999996 50.4512768594367 85.2100805627076 84.3895720676336 34.7787983298383 0.261919162126417 -0.0425924284834529
83.1999999999995 50.5156151223635 85.2316401346709 84.3372086933466 34.8093380411414 0.258133390853502 -0.104783431697923
83.2999999999995 50.5799576395775 85.2529380208505 84.2842494759842 34.8390311524988 0.252148903078772 -0.166932255859518
83.3999999999995 50.6443138804636 85.2739694110627 84.2307128572816 34.8678969943302 0.244307194606369 -0.231319645097499
83.4999999999995 50.708692150549 85.2947282476656 84.1766207121209 34.8959624926152 0.234963882438906 -0.299839414749132
83.5999999999995 50.7730992750992 85.3152073104108 84.1219976810596 34.9232610302971 0.224485162350667 -0.374013945946057
83.6999999999995 50.837540423312 85.3353983012959 84.0668705028591 34.9498313086871 0.213244781286333 -0.454861128509508
83.7999999999995 50.902019066576 85.3552919294162 84.0112673470135 34.9757162088682 0.201621224312492 -0.542580940532734
83.8999999999995 50.9665370598331 85.3748779958165 83.9552171462781 35.0009616530991 0.189994482793042 -0.636021758450028
83.9999999999995 51.0310948318246 85.3941454783437 83.8987489291977 35.0256154662185 0.178741340662585 -0.731919094482864
84.0999999999995 51.0956916645271 85.4130826192064 83.8418911562571 35.0497262345053 0.168221109143546 -0.818976038729937
84.1999999999995 51.1603259604032 85.4316770829555 83.7846711501949 35.0733420984005 0.158737755981587 -0.881355115945025
84.2999999999995 51.2249953429665 85.4499162932202 83.727114765349 35.096509377341 0.150530982524181 -0.905107406623745
84.3999999999995 51.2896967030819 85.4677878398648 83.6692461511649 35.1192711284538 0.143761632435476 -0.875890217994361
84.4999999999995 51.3544262573139 85.4852798888523 83.6110875193269 35.1416657027082 0.138500996846873 -0.78219547118942
84.5999999999995 51.4191796079462 85.5023815921096 83.5526589108882 35.1637253010665 0.134738544886574 -0.618420857966129
84.6999999999995 51.4839517950701 85.5190834973916 83.4939779634019 35.1854745306359 0.132414418051525 -0.386439868055268
84.7999999999995 51.5487373364696 85.5353779581459 83.4350596780512 35.2069289608191 0.131476216987891 -0.0954218460175905
84.8999999999995 51.6135302575692 85.5512595433771 83.37591618678 35.2280936794663 0.131951985870074 0.238843449494147
84.9999999999994 51.6783241214769 85.5667254475115 83.3165565194239 35.2489618490262 0.134025662924595 0.593558494488385
85.0999999999994 51.7431120805017 85.5817758947632 83.2569863784204 35.2695132960053 0.138006735826629 0.892584188389654
85.1999999999994 51.8078870312252 85.5964144005549 83.1972081106001 35.2897139664354 0.144006989011987 1.07613847838802
85.2999999999994 51.8726419614616 85.6106476700728 83.1372211792596 35.3095175796692 0.152015339919031 1.15290515112055
85.3999999999994 51.9373703698261 85.6244853538762 83.0770228333145 35.3288681481836 0.161878849091626 1.14514524858349
85.4999999999994 52.0020666864292 85.6379397980088 83.0166087840326 35.3477025306916 0.17327273940972 1.08088927368599
85.5999999999994 52.0667266721884 85.6510257941099 82.9559738817676 35.3659529852539 0.18571992498171 0.986156114640971
85.6999999999994 52.1313477655992 85.6637603295255 82.8951127926917 35.3835497223903 0.198632122746741 0.880559011348836
85.7999999999994 52.1959293383508 85.6761623374199 82.8340206755294 35.4004234581913 0.211351215870153 0.776594881061732
85.8999999999994 52.2604728174716 85.6882524468864 82.7726938582905 35.41650796743 0.223181446841344 0.681027980162961
85.9999999999994 52.324981631888 85.7000527330593 82.7111305150033 35.4317426366734 0.233411623546048 0.596801682180209
86.0999999999994 52.3894609485942 85.7115864694159 82.6493313345793 35.4460749954282 0.241435723283177 0.531045277424414
86.1999999999994 52.4539172559413 85.7228779370542 82.587299985089 35.4594626761762 0.247087054618889 0.485989145012962
86.2999999999994 52.5183579824131 85.7339523785991 82.5250430586986 35.4718739246669 0.250333328971882 0.457239428961086
86.3999999999994 52.5827911303867 85.7448360090841 82.4625698120178 35.4832875390995 0.251166582636662 0.44224173212476
86.4999999999994 52.6472248859151 85.7555560290225 82.3998918985786 35.4936927873392 0.249599102844991 0.439810419267004
86.5999999999994 52.7116672206747 85.7661406374813 82.3370231013155 35.5030893241335 0.245661067681256 0.449929334202349
86.6999999999993 52.7761255042087 85.7766190451528 82.2739790650437 35.5114871083286 0.23939935849902 0.473770760208019
86.7999999999993 52.8406061437541 85.7870214874275 82.2107770289388 35.5189063200856 0.230877529289821 0.513944108764901
86.8999999999993 52.9051142680133 85.7973792374662 82.1474355590159 35.5253772780967 0.220177424194815 0.575058305958068
86.9999999999993 52.9696534702587 85.8077246192729 82.0839742806088 35.5309403568016 0.207403624700331 0.664793772321991
87.0999999999993 53.0342256241522 85.8180910136068 82.0204136098311 35.5356458915478 0.192748642963053 0.78635700505441
87.1999999999993 53.0988307646074 85.8285126777226 81.9567744585641 35.5395537702972 0.176661758792823 0.941999805199089
87.2999999999993 53.1634670357987 85.8390240925225 81.8930778722458 35.5427322296433 0.159671049317363 1.14404796646217
87.3999999999993 53.2281307794721 85.8496591235366 81.8293446411859 35.5452563373738 0.142335582961387 1.40908632707178
87.4999999999993 53.2928167740319 85.8604501747425 81.7655949108633 35.5472064629781 0.125262260953722 1.75757587185204
87.5999999999993 53.357518596086 85.8714273423854 81.7018477922237 35.5486667481542 0.109127459174073 2.20895483787537
87.6999999999993 53.4222290718517 85.8826175687977 81.6381209719767 35.5497235773163 0.0946930124576578 2.76470389376226
87.7999999999993 53.4869407844755 85.8940437962193 81.5744303228935 35.5504640481016 0.0827815047949276 3.37066193043439
87.8999999999993 53.5516466035587 85.9057241206171 81.5107895141041 35.5509744418778 0.0741368118085524 3.87684816267158
87.9999999999993 53.6163402049551 85.9176709455049 81.4472096213945 35.55133869425 0.0691124228170635 4.08457282276051
88.0999999999993 53.6810165489001 85.929890148616 81.3836987433363 35.5516368715313 0.067406321572398 3.9412456751089
88.1999999999993 53.7456722126829 85.9423805827388 81.3202617690378 35.5519438022568 0.0683124490547189 3.5515352675191
88.2999999999993 53.8103054447479 85.9551344248131 81.2569005307844 35.5523281022694 0.0708889767594941 3.06986764359365
88.3999999999993 53.8749160814082 85.968137859191 81.1936141083008 35.5528513548492 0.0741830824776453 2.61755287035932
88.4999999999992 53.9395054104851 85.9813717737491 81.1303991388459 35.5535672968066 0.0773882579076169 2.24804908753248
88.5999999999992 54.0040759854888 85.9948124560008 81.0672501273065 35.5545210045746 0.0798724087660694 1.97160737685987
88.6999999999992 54.0686313918172 86.0084322892095 81.0041597562918 35.5557480803017 0.0811474501869846 1.78328704224404
88.7999999999992 54.1331759683501 86.0222004485007 80.941119196228 35.5572738379447 0.0808316326292916 1.67910037625379
88.8999999999992 54.1977144904045 86.0360835969748 80.8781184154521 35.5591124893611 0.0786240260370792 1.66531096955437
88.9999999999992 54.2622518232716 86.0500465818197 80.8151464903062 35.5612663304021 0.0742974382729178 1.76899521735049
89.0999999999992 54.3267925600389 86.0640531240352 80.7521919142525 35.5637249543144 0.0678493981532259 2.08175741028814
89.1999999999992 54.3913406801707 86.0780663420674 80.6892428815156 35.566465175185 0.0600045041376904 2.7197969506982
89.2999999999992 54.4558993012786 86.092048853829 80.6262875060644 35.5694527538004 0.0520430191356339 3.77295238895539
89.3999999999992 54.520470544113 86.1059627126302 80.5633140151232 35.572644833549 0.0458978049520392 5.07253621037197
89.4999999999992 54.5850554986677 86.1197693367205 80.5003109417013 35.5759924036322 0.0439909939546621 5.69204280722947
89.5999999999992 54.649654275469 86.1334294388311 80.4372673171245 35.5794427622762 0.0477707182029367 4.8321916545485
89.6999999999992 54.7142661184358 86.1469029557173 80.3741728635648 35.5829419799433 0.0563568014901029 3.318451351344
89.7999999999992 54.7788895509045 86.1601489777007 80.3110181865714 35.5864373625428 0.0677368174261176 2.04171902002542
89.8999999999992 54.8435225249816 86.1731256782115 80.2477949676013 35.5898799146431 0.0802439402498342 1.13748385776506
89.9999999999992 54.9081625462516 86.1857902433308 80.1844961565495 35.5932268026826 0.0928062038490221 0.489654841024646
90.0999999999992 54.9728067535516 86.198098809297 80.1211161616874 35.5964437876967 0.10480274359686 0.050248554497167
90.1999999999992 55.0374520037289 86.2100066070756 80.0576509721952 35.5995068654413 0.115990448086417 -0.219627161822322
90.2999999999991 55.1020950665182 86.2214686325549 79.9940981095902 35.6024018945258 0.126312640444466 -0.387958788778534
90.3999999999991 55.1667328429289 86.2324405238041 79.9304565117486 35.6051234319418 0.135765937030307 -0.4912186093887
90.4999999999991 55.2313625532837 86.2428794462966 79.8667264143356 35.6076735381085 0.144345023426351 -0.55017553883289
90.5999999999991 55.2959818958041 86.2527449781326 79.8029092322353 35.6100605819173 0.152017323861293 -0.577462111011496
90.6999999999991 55.3605891748997 86.261999995262 79.7390074409807 35.6122980457767 0.158712148632736 -0.581229068115219
90.7999999999991 55.4251833952494 86.2706115567076 79.6750244581834 35.614403330657 0.164317613206531 -0.566936027127754
90.8999999999991 55.4897643159086 86.2785517897873 79.6109645249639 35.6163965611354 0.168682033067004 -0.538222648561711
90.9999999999991 55.5543324580305 86.2857987753376 79.546832587381 35.6182993904402 0.171617965342107 -0.497296676713083
91.0999999999991 55.6188890595808 86.2923374209063 79.4826341776801 35.6201338139812 0.172962652886017 -0.456829659287868
91.1999999999991 55.6834359570797 86.2981600211643 79.4183752908103 35.6219212034824 0.17275912982282 -0.426280079903489
91.2999999999991 55.7479753921566 86.3032660243371 79.354062248933 35.6236819011092 0.171111360231411 -0.402827460274621
91.3999999999991 55.8125098146234 86.3076614858541 79.2897015611995 35.6254350341991 0.168129265060103 -0.38436277414496
91.4999999999991 55.8770417154158 86.3113585099692 79.2252997833467 35.6271983384776 0.163926328453951 -0.369189093983553
91.5999999999991 55.9415734951585 86.3143746913807 79.160863377293 35.6289879812732 0.158617705173757 -0.355807274060161
91.6999999999991 56.0061073714644 86.3167325568517 79.0963985707343 35.6308183847334 0.152318664216595 -0.342739909868352
91.7999999999991 56.0706453265453 86.3184590068296 79.0319112167392 35.6327020490397 0.14514330236017 -0.328358859345635
91.8999999999991 56.1351890953618 86.3195847570667 78.9674066533455 35.6346493756239 0.137203526289826 -0.310682860811742
91.999999999999 56.1997401934 86.3201437802401 78.9028895631552 35.6366684903828 0.128608360396848 -0.287102710550104
92.099999999999 56.2642999805543 86.3201727518586 78.8383638348921 35.6387650757426 0.119450237907532 -0.272155470603276
92.199999999999 56.3288697161035 86.3197106076273 78.7738324759421 35.6409424327782 0.109771487583598 -0.288062230938388
92.299999999999 56.3934505303899 86.3187983837438 78.709297654318 35.6432021273215 0.0996164436308949 -0.347290493514328
92.399999999999 56.458043373663 86.317479168651 78.6447607916072 35.6455448661246 0.0890496391221256 -0.471604998139821
92.499999999999 56.5226489834263 86.3157980590779 78.5802226578814 35.6479713818722 0.0781683376666312 -0.700332720096572
92.599999999999 56.587267872484 86.31380211608 78.5156834666056 35.650483318193 0.0671354749206239 -1.10705640676769
92.699999999999 56.6519003381605 86.3115403210791 78.4511429695478 35.6530841146726 0.0562598882442455 -1.83029730168076
92.799999999999 56.7165464935178 86.3090635319042 78.386600551688 35.6557798918644 0.0461891268362674 -3.09785069834461
92.899999999999 56.7812063221899 86.3064244388315 78.3220553261279 35.6585803363025 0.0383222397753133 -5.00731551347971
92.999999999999 56.8458797596714 86.3036775206249 78.2575062289995 35.6614995855132 0.0351957343474618 -6.41036027157866
93.099999999999 56.91056680211 86.3008789985069 78.1929521172876 35.6645570999444 0.0390291327130274 -5.41869676024153
93.199999999999 56.9752675622774 86.2980867363296 78.1283919423616 35.6677781947422 0.048927320545767 -3.45597879353461
93.299999999999 57.0399821348602 86.2953600041746 78.0638251157006 35.6711937080639 0.0625581083017731 -2.05728096363005
93.399999999999 57.1047104013584 86.2927591881534 77.9992519503288 35.6748393292384 0.0783290271089949 -1.24517641348765
93.499999999999 57.1694518547594 86.2903454981382 77.9346741051635 35.6787549138439 0.0953949459744199 -0.778935862844998
93.599999999999 57.2342054411939 86.2881806754922 77.8700950293634 35.6829837987853 0.113285528590812 -0.502230719622517
93.699999999999 57.2989694109984 86.2863267008007 77.8055204066759 35.687572117372 0.13170309310295 -0.331877780405139
93.7999999999989 57.3637411706339 86.2848455016021 77.7409585997856 35.6925681143958 0.150434745028733 -0.223871575105362
93.8999999999989 57.4285171263288 86.2837986601178 77.6764210946615 35.6980214612079 0.169314627904072 -0.154077399862778
93.9999999999989 57.4932925101166 86.283247120984 77.6119229449058 35.7039825707972 0.188207566321243 -0.108676112497439
94.0999999999989 57.558061188614 86.2832508956686 77.5474832067647 35.7105019149629 0.206993714094196 -0.0761712378174843
94.1999999999989 57.6228156827354 86.2838686807493 77.4831251313964 35.7176293959628 0.225529270073822 -0.0496112201028778
94.2999999999989 57.6875477646481 86.2851572575287 77.4188757409432 35.7254138564468 0.243651071185127 -0.027179478289875
94.3999999999989 57.7522492347849 86.2871708055094 77.3547651618587 35.7339026438656 0.261180365487623 -0.00757713957001632
94.4999999999989 57.816912626588 86.2899602125563 77.2908259488998 35.7431411769746 0.277921847395155 0.0101704869642681
94.5999999999989 57.8815318154757 86.2935723850587 77.2270924091178 35.753172512338 0.293663669818376 0.0268364723865176
94.6999999999989 57.9461025183096 86.2980495580921 77.1635999258506 35.7640369108327 0.308178337073779 0.0430752154032386
94.7999999999989 58.0106226703756 86.3034286055809 77.1003842827133 35.7757714041525 0.32122448895944 0.0594838796136812
94.8999999999989 58.0750926682185 86.3097403504602 77.0374809875907 35.7884093613122 0.332549605772508 0.0766538071263231
94.9999999999989 58.1395154687487 86.3170088748379 76.9749245966282 35.8019800551512 0.341893631415898 0.0952204316870024
95.0999999999989 58.2038965377345 86.3252508356342 76.9127480396247 35.8165082307134 0.349019475050578 0.114284336427513
95.1999999999989 58.2682436429146 86.3344749226258 76.8509819818562 35.8320137223848 0.353795636271832 0.133042561894075
95.2999999999989 58.3325665133802 86.344681677981 76.7896542783784 35.8485111948032 0.356121399861157 0.152317651869993
95.3999999999989 58.3968764159428 86.3558634581999 76.7287894647599 35.8660099325273 0.35590365721919 0.172969727464817
95.4999999999988 58.4611856732395 86.3680044015309 76.6684082492168 35.8845136315797 0.353059454572653 0.195988452943664
95.5999999999988 58.5255071386667 86.3810803953887 76.608527004747 35.9040201909912 0.347518087650322 0.222608608056171
95.6999999999988 58.5898536451835 86.3950590437712 76.5491572612651 35.9245215043444 0.339222716478962 0.254474900624976
95.7999999999988 58.6542374472846 86.4098996346764 76.4903051977366 35.9460032513174 0.328131627075187 0.293898296000349
95.8999999999988 58.7186696775974 86.4255531075202 76.4319711343127 35.9684446892278 0.314219514031012 0.34428064328187
95.9999999999988 58.7831598416015 86.441962020553 76.3741490244648 35.9918184445761 0.297479582791866 0.410856502823657
96.0999999999988 58.8477153690646 86.4590605338924 76.3168259681864 36.0160903251487 0.278082754797005 0.501250777821544
96.1999999999988 58.9123410966327 86.4767747985446 76.2599822729542 36.0412196666419 0.25685228413816 0.622467401089861
96.2999999999988 58.9770385659115 86.4950243760164 76.2035929051524 36.0671610361526 0.234811083060835 0.781202415670803
96.3999999999988 59.041805551741 86.5137240639159 76.147629489256 36.0938664701898 0.213036532406717 0.982214488596853
96.4999999999988 59.1066359647876 86.5327857371688 76.0920623280817 36.1212877332464 0.192671409687263 1.22215270110239
96.5999999999988 59.1715200616128 86.5521201892345 76.0368624230385 36.1493785763694 0.174920425094037 1.47805410676914
96.6999999999988 59.2364448842665 86.5716389733224 75.9820034943787 36.1780969957312 0.160997031161632 1.693749184901
96.7999999999988 59.3013948552224 86.5912562436077 75.9274640014484 36.2074074912003 0.15197782236834 1.78108988417919
96.8999999999988 59.3663524641657 86.6108905964478 75.8732291629387 36.2372833249124 0.14857614214411 1.65976896246549
96.9999999999988 59.4312990003431 86.6304669115984 75.8192929771361 36.2677087798415 0.150979161665772 1.31939968065177
97.0999999999988 59.4962153109096 86.6499181768814 75.7656602092289 36.2986813784259 0.158731781520006 0.877478466391879
97.1999999999988 59.5610826581983 86.6691868825984 75.7123475220492 36.3302130626491 0.170497082360462 0.474594338646605
97.2999999999987 59.6258837349465 86.6882253237608 75.6593824324621 36.3623287378072 0.185027868504568 0.155899930362362
97.3999999999987 59.6906036322279 86.7069954720656 75.6068014111903 36.39506377773 0.201375056053223 -0.0766007100199776
97.4999999999987 59.7552306833521 86.7254688313224 75.5546479496945 36.4284614900585 0.218780554763043 -0.238323780596484
97.5999999999987 59.8197571833815 86.7436262928814 75.5029706270537 36.4625705815218 0.236576905370424 -0.347881345333772
97.6999999999987 59.8841799666829 86.7614579910603 75.4518211768454 36.4974426232135 0.254120319489154 -0.421697748197969
97.7999999999987 59.9485008094238 86.7789631585721 75.4012525540262 36.5331295158698 0.270754865688909 -0.472831199297438
97.8999999999987 60.0127266140977 86.7961499819523 75.3513170018116 36.5696809551454 0.285799125359018 -0.511369759083512
97.9999999999987 60.0768693294484 86.8130354569868 75.3020641185566 36.6071418968913 0.298547951535599 -0.545292950198339
98.0999999999987 60.1409455582977 86.8296452254897 75.2535389449018 36.6455500498747 0.308465231924285 -0.572552463925134
98.1999999999987 60.2049757486184 86.8460129272085 75.2057805778338 36.684934082019 0.315729699830448 -0.586274280738729
98.2999999999987 60.2689829750203 86.8621783208959 75.1588221222966 36.7253136378878 0.320674214688105 -0.585553957143957
98.3999999999987 60.3329916678218 86.8781849205073 75.1126911697174 36.7667000696883 0.323595380146887 -0.56894463599735
98.4999999999987 60.3970264350557 86.8940776127507 75.0674102967981 36.8090971957185 0.32474819469653 -0.534694511379943
98.5999999999987 60.4611109852746 86.909900274635 75.0229975643069 36.8525020588137 0.324344565976507 -0.480854869865808
98.6999999999987 60.5252671476639 86.9256933910193 74.9794670158698 36.8969056847938 0.322557598526078 -0.405279442137635
98.7999999999987 60.5895139820327 86.941491672162 74.9368291767625 36.9422938409097 0.319533446628238 -0.305530253238905
98.8999999999987 60.6538669705262 86.95732167127 74.8950915527015 36.9886477942904 0.315412485396162 -0.178726157608985
98.9999999999987 60.7183372855257 86.9731994020475 74.8542591286361 37.03594507039 0.310361768356461 -0.0214218696220292
99.0999999999986 60.7829311369265 86.9891279839809 74.8143348723904 37.0841602099169 0.304636845927405 0.149959411854453
99.1999999999986 60.8476492782567 87.0050960087535 74.7753203644251 37.133265486317 0.29867011703567 0.316943369296606
99.2999999999986 60.9124868143195 87.0210777372204 74.7372167477481 37.1832315231224 0.293018970901747 0.478424267595167
99.3999999999986 60.9774332401346 87.0370340175131 74.7000258039437 37.2340278718525 0.288329883262137 0.630279837048079
99.4999999999986 61.0424726613628 87.0529132308801 74.6637510340537 37.2856235883993 0.285312512423708 0.76511810464571
99.5999999999986 61.1075842018581 87.0686522375275 74.6283987394576 37.3379878094115 0.28470201212796 0.872965160917234
99.6999999999986 61.1727426027406 87.0841773224595 74.5939791027531 37.3910903286789 0.28720746462839 0.943334006627019
99.7999999999986 61.237919015585 87.0994051413186 74.5605072686364 37.4449021735174 0.293451968891798 0.968420089003374
99.8999999999986 61.3030819924064 87.1142436662263 74.5280044247831 37.4993961811534 0.303918510317233 0.946117933197697
99.9999999999986 61.3681986768466 87.1285931316238 74.4964988827285 37.5545475751081 0.318918656917543 0.881139129780154
100.099999999999 61.4332362092339 87.1423469975285 74.4660271333785 37.6103345295262 0.338437339643776 0.783348553707083
100.199999999999 61.4981634654202 87.1553933656187 74.4366342429263 37.6667384200517 0.361683821621509 0.669434723682408
100.299999999999 61.5629531745526 87.1676175448026 74.4083725744078 37.7237432790137 0.387597191433702 0.5538829145751
100.399999999999 61.6275839700724 87.1789050696152 74.3812998496639 37.7813349371603 0.415050906172211 0.44478251594886
100.499999999999 61.6920421200864 87.1891447360309 74.3554771859314 37.8395001533353 0.442879747356769 0.345350611591119
100.599999999999 61.7563228288088 87.1982316372769 74.3309671324351 37.8982257441558 0.469891631661692 0.2557440247644
100.699999999999 61.8204309978934 87.2060701996463 74.3078317069802 37.9574977136893 0.494876462725085 0.174427752327243
100.799999999999 61.8843813370361 87.212577218311 74.2861304325434 38.0173003831312 0.516621006191289 0.0989829171706989
100.899999999999 61.948197725619 87.2176848931346 74.2659183738653 38.077615520482 0.533934376859975 0.0264600640904457
100.999999999999 62.0119117533876 87.2213438644859 74.2472441740421 38.1384214702247 0.545684608941014 -0.0466045184720877
101.099999999999 62.0755604157297 87.2235261974922 74.2301481077011 38.199692296531 0.551084133985059 -0.113549038965042
101.199999999999 62.1391832095578 87.224227025747 74.2146605653485 38.2613972782271 0.550436572693611 -0.167402844091301
101.299999999999 62.2028193878607 87.2234627920938 74.2008016322325 38.3235012966866 0.544385654255801 -0.210354918425949
101.399999999999 62.2665056817704 87.2212681488635 74.1885810983784 38.3859655754815 0.533638801525717 -0.243248851407587
101.499999999999 62.3302744989393 87.2176928065531 74.1779984852079 38.4487484335637 0.518931461880496 -0.265882471753502
101.599999999999 62.3941526355991 87.2127983825036 74.1690430721574 38.5118060384456 0.500992337998826 -0.277123277603372
101.699999999999 62.4581605081416 87.2066552495784 74.1616939232978 38.5750931593812 0.480512592145186 -0.274899433927086
101.799999999998 62.5223118805643 87.1993393848418 74.1559199139527 38.6385639205469 0.45812171771202 -0.256090236165081
101.899999999998 62.5866140431148 87.1909292182367 74.1516797573175 38.7021725542223 0.434372358850868 -0.216316569788539
101.999999999998 62.6510683853622 87.1815024812635 74.1489220310788 38.7658741539713 0.4097363511026 -0.149615097145351
102.099999999998 62.7156712900483 87.1711330803586 74.1475852251297 38.8296254188106 0.384636007865468 -0.0658552184813187
102.199999999998 62.780414963227 87.1598886124916 74.1475983378099 38.8933851630628 0.359554335556306 0.0214601701000031
102.299999999998 62.845287654628 87.1478295110082 74.1488828645515 38.9571142314075 0.335022643592458 0.113865319072304
102.399999999998 62.9102738008749 87.1350088336907 74.1513553350485 39.0207751796158 0.311599639084737 0.211855346935626
102.499999999998 62.9753543949167 87.1214720755194 74.1549298715234 39.0843319462739 0.289866473940989 0.314010054379366
102.599999999998 63.0405075549799 87.1072569814349 74.1595207469937 39.1477495245059 0.270420611623976 0.415787332088076
102.699999999998 63.1057092525322 87.0923933590985 74.1650449435387 39.2109936336962 0.253863635905007 0.508304511998694
102.799999999998 63.1709341619397 87.0769028916544 74.171424710566 39.2740303912132 0.240778331980252 0.577974653532719
102.899999999998 63.2361566009271 87.0607989504911 74.178590123078 39.3368259841318 0.231694191113725 0.60832785126547
102.999999999998 63.3013515403955 87.0440864080027 74.1864816399388 39.3993463409566 0.22704945348323 0.584822627521684
103.099999999998 63.3664956728967 87.0267614678226 74.19505262311 39.4615568118966 0.226976987707804 0.516093179228483
103.199999999998 63.4315684868886 87.008811949329 74.2042708420979 39.5234220714965 0.230764461340426 0.42696820424468
103.299999999998 63.4965531636773 86.9902187253034 74.2141174023965 39.584906585709 0.237505231185287 0.331791092900723
103.399999999998 63.5614372287825 86.9709576138611 74.2245846591406 39.6459753013237 0.246323758358867 0.241180269714004
103.499999999998 63.6262129865272 86.9510012878535 74.2356740917298 39.7065943439468 0.256384605189959 0.161083357512647
103.599999999998 63.6908777422469 86.9303211842709 74.2473941784509 39.7667317159824 0.266887573512467 0.0936240474438879
103.699999999998 63.7554338006965 86.9088894136448 74.2597582711019 39.8263579946126 0.277057586685631 0.038464417570042
103.799999999998 63.8198882198035 86.8866806694507 74.2727824696146 39.8854470297786 0.286135841377755 -0.00603574442810143
103.899999999998 63.8842522950325 86.86367413751 74.2864834966782 39.9439766421603 0.293375442741528 -0.0420681909041535
103.999999999998 63.9485407514635 86.8398554053935 74.3008765723624 40.0019293211578 0.298042133538317 -0.0719952590461146
104.099999999998 64.0127706352001 86.8152183490056 74.3159733039945 40.0592929168556 0.299548577595548 -0.0960191577768715
104.199999999998 64.0769600919698 86.7897664259186 74.3317799726367 40.1160611755747 0.297845489090576 -0.113547897592692
104.299999999998 64.1411274479787 86.7635124627608 74.3482968263182 40.1722338783773 0.293028933998446 -0.125299209529666
104.399999999998 64.2052904822694 86.7364778493534 74.3655177698673 40.2278168231588 0.285207499409413 -0.131415553625835
104.499999999998 64.2694657702815 86.7086917100294 74.383430069997 40.2828218007242 0.274498803025058 -0.131467593964582
104.599999999998 64.3336681136699 86.6801900749538 74.402014060392 40.337266570864 0.261025542853473 -0.124320461934686
104.699999999998 64.3979100745319 86.6510150514422 74.4212428467938 40.3911748384304 0.244911476781808 -0.107796795649063
104.799999999998 64.4622016290848 86.621213995281 74.4410820120875 40.4445762294137 0.226277901165365 -0.0779610637378113
104.899999999998 64.5265499531327 86.5908386820464 74.461489321387 40.4975062670183 0.205241513451154 -0.027589986979887
104.999999999998 64.5909593495215 86.5599444784238 74.4824144271221 40.5500063477389 0.181915308952954 0.0573178137326082
105.099999999998 64.6554313232726 86.52858950893 74.5037985970671 40.6021237015011 0.156535379823163 0.187157091413352
105.199999999998 64.719964744325 86.4968337031014 74.5255750389052 40.6539109374746 0.129831498852911 0.384066751282437
105.299999999998 64.7845560343914 86.4647375392507 74.5476707390695 40.7054245381327 0.102685773398898 0.72702898179294
105.399999999998 64.8491995261524 86.4323606686899 74.5700088981189 40.7567229389852 0.0760736252158545 1.42553110329603
105.499999999998 64.9138880066047 86.3997605353559 74.5925113890574 40.8078645923745 0.0512848204979237 3.15344198454566
105.599999999998 64.9786133609641 86.3669909954364 74.6151012156529 40.8589060312728 0.0309164741517932 8.21120316084789
105.699999999998 65.0433672311995 86.334100936995 74.6377049707564 40.9098999330787 0.0225059421936967 13.7114015707048
105.799999999998 65.1081416102088 86.3011328995972 74.6602552946216 40.960893183414 0.0302887965386995 6.10154682377277
105.899999999998 65.1729293053957 86.2681216939357 74.6826933332234 41.0119249399202 0.041972638343211 2.15887857044222
105.999999999998 65.237724224012 86.2350930214561 74.7049711965775 41.0630246960557 0.0510696376977924 0.591667636018841
106.099999999998 65.3025214553891 86.2020621149795 74.7270543822723 41.114210371015 0.0558065345396019 -0.302682890699428
106.199999999998 65.3673171146907 86.1690329252433 74.7489232945309 41.1654870788493 0.0563397233100477 -1.06191744007727
106.299999999998 65.4321079514603 86.1359986932349 74.7705724673127 41.2168476217085 0.0535245140247546 -1.99019671854033
106.399999999998 65.4968909113711 86.1029430684447 74.792008882945 41.268273662285 0.0487540129185972 -3.31922966671027
106.499999999998 65.5616627692766 86.0698412481146 74.8132502559676 41.3197369223787 0.0443378173824149 -5.02703636921093
106.599999999998 65.6264198743391 86.0366611164878 74.8343233169771 41.3712003814637 0.0437078300237172 -6.08306500807563
106.699999999998 65.6911580244782 86.0033643840578 74.8552620964714 41.4226194752539 0.0497767518007324 -5.26274565933572
106.799999999998 65.7558724689734 85.9699077268179 74.8761062086946 41.4739432942689 0.0624081452903697 -3.61130611599945
106.899999999998 65.8205580227267 85.9362439255101 74.8968991354806 41.5251157824001 0.0795343674008924 -2.31059820489967
106.999999999998 65.8852092634197 85.9023230048744 74.9176865100985 41.5760769354766 0.0992753597797232 -1.48158214024589
107.099999999998 65.9498207772759 85.8680933677678 74.9385144073319 41.6267639985515 0.120358408014175 -0.968452968007539
107.199999999998 66.0143875036662 85.8335027958781 74.9594277956812 41.6771126299217 0.141991015714996 -0.640882147079638
107.299999999998 66.0789052928585 85.7984991117999 74.9804694011058 41.7270579807001 0.163606440836048 -0.418384916528814
107.399999999998 66.1433715027668 85.763030707706 75.0016787328888 41.7765357411212 0.184734677801241 -0.257197078105287
107.499999999998 66.2077855130407 85.7270470688883 75.0230911157366 41.8254831855672 0.204954069377167 -0.132499969121507
107.599999999998 66.2721491240324 85.6904992972985 75.0447367218789 41.8738402175939 0.223869709611802 -0.0293418681495593
107.699999999998 66.3364668145881 85.6533406350891 75.0666396031689 41.921550414957 0.241105385883316 0.0619825711551336
107.799999999998 66.4007458367694 85.615526988154 75.0888167231829 41.9685620746378 0.25630349337148 0.148390883785002
107.899999999998 66.464996131348 85.5770174496695 75.1112769893202 42.0148292578693 0.269130570006608 0.235421960398533
107.999999999998 66.5292300553714 85.5377748236349 75.1340202849031 42.0603128351626 0.279287566354119 0.328139658900712
108.099999999998 66.5934619223248 85.4977661527105 75.157036535045 42.1049815178451 0.286592212386019 0.40514250275684
108.199999999998 66.6577073752174 85.4569633577791 75.18030565049 42.1488125389325 0.291162080075044 0.44591890341201
108.299999999998 66.7219826750459 85.4153441611125 75.2037997001495 42.1917914438448 0.293145609947113 0.454242780925838
108.399999999998 66.7863039892612 85.3728931212624 75.2274859616107 42.2339115304547 0.292630665922349 0.431255968397723
108.499999999998 66.850686696701 85.3296026722475 75.2513300054128 42.2751732756496 0.289640340572489 0.375942441200238
108.599999999998 66.9151447052992 85.2854741627413 75.2752987793237 42.3155837618928 0.284141077098758 0.28489646906102
108.699999999998 66.9796897776828 85.2405188952596 75.2993636926166 42.3551561037854 0.276064422003617 0.15137138391055
108.799999999998 67.044330864483 85.1947591653476 75.3235037003456 42.3939088746274 0.265346602359778 -0.0365949993959295
108.899999999998 67.109073455544 85.1482293007677 75.3477083876236 42.4318655329794 0.251995833937721 -0.299356530782877
108.999999999998 67.1739189751083 85.1009767006871 75.3719810538971 42.4690538492246 0.236209145914999 -0.670411960224732
109.099999999998 67.2388642649233 85.0530628561916 75.3963417531853 42.5055053307446 0.218616835079007 -1.15287000597762
109.199999999998 67.3039011448523 85.0045638852961 75.420829189312 42.5412546110859 0.200598510872692 -1.73669543321158
109.299999999998 67.3690160270248 84.95556983552 75.445499704586 42.5763387477148 0.184248007266072 -2.41765455724545
109.399999999998 67.4341898110308 84.9061835009596 75.4704251234765 42.6107964837616 0.17239802098512 -3.09433914886843
109.499999999998 67.499398161224 84.8565192206859 75.4956905522496 42.6446675083805 0.168285873599411 -3.52555443901125
109.599999999998 67.5646121484446 84.8067016771437 75.5213921786046 42.6779917171083 0.174448408560644 -3.48138927368186
109.699999999998 67.6297992151682 84.7568646945497 75.5476350713106 42.7108084722248 0.191459504970542 -3.01369857337763
109.799999999998 67.6949244079841 84.7071500372911 75.5745309798432 42.7431558631113 0.217925694695803 -2.39135960939699
109.899999999998 67.7599518097527 84.6577062083238 75.6021961340208 42.7750699666107 0.251635989751983 -1.82137696672534
109.999999999998 67.824846094785 84.6086872475714 75.6307490436408 42.8065841073865 0.290512765053361 -1.37198489490669
110.099999999998 67.8895741439718 84.5602515040869 75.6603082927431 42.8377281260279 0.332806131442462 -1.03343575402938
110.199999999998 67.9541071407346 84.5125597260692 75.6909901941534 42.8685278485356 0.376701230654547 -0.781085699415605
110.299999999998 68.0184237860508 84.465771419277 75.7229060893564 42.8990050670051 0.420422130238269 -0.593160191772528
110.399999999998 68.0825135187121 84.4200405232987 75.7561595086512 42.9291777216914 0.46222766796596 -0.45102251588835
110.499999999998 68.1463789720213 84.3755110615837 75.7908433259311 42.9590600908186 0.500351465793582 -0.340652131333523
110.599999999998 68.2100374152152 84.3323127914753 75.8270369134647 42.9886629803898 0.532983532646221 -0.251833603672933
110.699999999998 68.2735209694743 84.2905568542431 75.864803296677 43.0179939139973 0.558293651315102 -0.176974149137685
110.799999999998 68.3368754367525 84.250331425115 75.9041863089297 43.047057322632 0.574490310690232 -0.110022759909881
110.899999999998 68.4001576616309 84.2116973633099 75.945207746302 43.0758547344934 0.579902774469304 -0.04547477417294
110.999999999998 68.4634314623706 84.1746838620697 75.9878645223717 43.1043849647997 0.573067850014868 0.0227606084312463
111.099999999998 68.5267623078407 84.1392841833475 76.0321258864142 43.1326443063954 0.553316971063375 0.0949060700876507
111.199999999998 68.5902111227552 84.1054535935378 76.0779322904894 43.1606267411158 0.522333864193222 0.171317381095665
111.299999999998 68.6538284149733 84.0731128864689 76.1251984421648 43.188324203838 0.48249670338292 0.259975803439722
111.399999999998 68.7176501507922 84.0421541074379 76.1738180061252 43.2157268672877 0.436233678690933 0.370789938587995
111.499999999998 68.7816957004186 84.0124463619012 76.2236683692019 43.2428234276451 0.385928082638152 0.517797852992091
111.599999999998 68.8459677067227 83.9838416241648 76.2746154054012 43.2696013901497 0.333875052682104 0.722219414411718
111.699999999998 68.910453585942 83.9561805460749 76.3265182409335 43.2960473547057 0.282300121748631 1.01643320872433
111.799999999998 68.975128291217 83.9292982657083 76.379234019242 43.3221473014877 0.233442270015233 1.44635548105836
111.899999999998 69.0399579430929 83.903030216063 76.4326226660315 43.3478868765456 0.189688776804797 2.05862159987853
111.999999999998 69.1049039423275 83.8772179337482 76.4865516542975 43.3732516774101 0.153673339740506 2.82747929337914
112.099999999998 69.1699271979343 83.8517148178306 76.5409007225181 43.3982275383913 0.127780488716425 3.5645990938222
112.199999999998 69.2349916751437 83.8263905927144 76.5955653751051 43.4228008078998 0.112742553109128 3.91090902915756
112.299999999998 69.3000662007511 83.8011324812648 76.6504572916612 43.4469586055195 0.107474540667095 3.57719358152531
112.399999999998 69.3651252097265 83.7758450819664 76.7055035184964 43.4706890711023 0.109015177312066 2.78049910400441
112.499999999998 69.4301490005676 83.750450196236 76.7606456133069 43.4939816135569 0.113841449057067 1.92162743620516
112.599999999998 69.4951236134252 83.7248866557367 76.8158387898548 43.5168271596366 0.119203480967912 1.19066257773667
112.699999999998 69.5600404147794 83.6991101496906 76.8710510626475 43.5392184027285 0.123405906656101 0.598155779158497
112.799999999998 69.6248954641804 83.6730930521928 76.9262623916169 43.561150051641 0.125556483378468 0.0948761573345987
112.899999999998 69.689688732291 83.6468242495242 76.9814638267993 43.5826190793929 0.125303713117624 -0.376242772674028
112.999999999998 69.7544232344713 83.6203089674652 77.0366566530142 43.6036249720014 0.122696481357596 -0.869747383584396
113.099999999998 69.8191041411143 83.5935685702317 77.091851525987 43.6241699674375 0.118253744682931 -1.3905812065711
113.199999999998 69.8837379578248 83.5666396215933 77.1470673859802 43.6442590389197 0.113216606112109 -1.89596140728349
113.299999999998 69.9483319090241 83.5395710730718 77.202329806642 43.6638992292211 0.109066643675067 -2.31985426272283
113.399999999998 70.0128935271726 83.512420714322 77.2576691213636 43.6830987293145 0.107142848624825 -2.54854533559135
113.499999999998 70.0774303976488 83.4852515951358 77.3131185410802 43.7018659471851 0.108244646719044 -2.4931281647486
113.599999999998 70.1419500080131 83.4581284474449 77.3687122720709 43.7202085766429 0.112329129849479 -2.17066636940027
113.699999999998 70.2064596378431 83.4311141073249 77.4244836337594 43.7381326661346 0.118562605491 -1.68695885535631
113.799999999998 70.2709662211356 83.4042659369986 77.4804631765144 43.7556416875563 0.125679701742244 -1.14651523436959
113.899999999998 70.3354761185999 83.3776322468393 77.5366767994499 43.7727356050656 0.132370150120308 -0.599195885467049
113.999999999998 70.3999947520211 83.3512487173747 77.593143868226 43.7894099438942 0.137538393554632 -0.042318090383165
114.099999999998 70.4645260839531 83.3251348703527 77.6498753580745 43.8056548770794 0.140576833668263 0.475734402512066
114.199999999998 70.5290721291743 83.2992918154383 77.7068726526964 43.8214547780971 0.141753005504511 0.916717273510236
114.299999999998 70.5936328616776 83.273703235049 77.7641280080607 43.8367889561689 0.141774536868877 1.30397357946957
114.399999999998 70.6582063542303 83.2483376448209 77.8216256720739 43.8516328574705 0.141524739532291 1.63498013571849
114.499999999998 70.7227890290074 83.2231507031374 77.879343029476 43.8659592842588 0.141918723379726 1.88828576512078
114.599999999998 70.7873760256742 83.1980875206576 77.9372517467355 43.8797396140002 0.143745583453411 2.03649904987139
114.699999999998 70.8519616781928 83.1730849698455 77.9953189169455 43.8929450184976 0.147509175302301 2.0645843017502
114.799999999998 70.9165400743667 83.1480739944984 78.0535082047187 43.9055476830188 0.153319541158459 1.98272446650235
114.899999999998 70.9811056592063 83.1229819192754 78.1117809910831 43.9175220254232 0.160882304664629 1.82326333449147
114.999999999998 71.045653834455 83.0977347592267 78.1700975183775 43.9288459152905 0.169580522707292 1.62558258976323
115.099999999998 71.1101814994746 83.0722595185718 78.2284180298263 43.9395018812629 0.178669661050712 1.42973559466296
115.199999999998 71.1746874233704 83.0464862099863 78.2867037707742 43.9494780119936 0.187627622021794 1.25392350656975
115.299999999998 71.2391723435241 83.0203491644054 78.344917638749 43.9587680793211 0.19602009745454 1.09844827048539
115.399999999998 71.3036389128234 82.9937880613356 78.4030246951853 43.9673713550486 0.203437325668488 0.961631911238293
115.499999999998 71.3680915555078 82.966748948416 78.4609926718267 43.9752924159387 0.209493136872921 0.840863120252891
115.599999999998 71.432536226236 82.9391852609798 78.5187924771281 43.9825409487082 0.213823349641903 0.733162187458104
115.699999999998 71.496980068282 82.9110588416158 78.576398702658 43.989131555023 0.216084485536906 0.635401320739908
115.799999999998 71.5614309715854 82.8823409597298 78.6337901295013 43.9950835564928 0.215953059467287 0.54427834620452
115.899999999998 71.6258970369782 82.8530133311066 78.6909502346612 44.0004207996659 0.213125360192276 0.456070884337681
115.999999999998 71.6903859591857 82.8230691374706 78.7478676974616 44.0051714610242 0.207317564501162 0.366100626561343
116.099999999998 71.7549043500849 82.792514019607 78.8045368944347 44.00936784649 0.198390506548415 0.283261948022364
116.199999999998 71.8194570904282 82.7613663830083 78.8609580948108 44.0130460482601 0.186729752559766 0.21592377252559
116.299999999998 71.884046900434 82.7296559583984 78.9171368960021 44.0162452394652 0.172875514937299 0.159003685979292
116.399999999998 71.9486741562965 82.6974216747833 78.9730833596891 44.0190068261571 0.157385417160273 0.108998627389357
116.499999999998 72.0133369173567 82.6647095060601 79.028811136392 44.0213735938072 0.140824500142915 0.063564598917258
116.599999999998 72.0780311449658 82.6315703176269 79.0843365900422 44.0233888538057 0.12375932437813 0.021505656250644
116.699999999998 72.1427510854933 82.598057712992 79.1396779225538 44.0250955899598 0.106754926821459 -0.0166797356476123
116.799999999998 72.2074897832859 82.5642258803832 79.1948542983945 44.0265356049935 0.0903734607951033 -0.0472466466671144
116.899999999998 72.2722396861782 82.5301274393575 79.2498849691576 44.0277486670458 0.0751731580287122 -0.0597730716545117
116.999999999998 72.3369933061884 82.4958112874105 79.3047883981328 44.0287716561698 0.061706000042654 -0.030947438132888
117.099999999998 72.401743895966 82.4613204704235 79.3595813935895 44.0296377214082 0.0503892971555468 0.0516420789159325
117.199999999998 72.4664859805583 82.4266906729052 79.4142784685553 44.0303757128551 0.0411372413697371 0.1865195388023
117.299999999998 72.5312155009311 82.3919502815528 79.4688917755474 44.0310103117624 0.0337451724217329 0.389267107216231
117.399999999998 72.5959297584807 82.3571210686078 79.523431267799 44.0315624356323 0.0280188007202052 0.664680497970191
117.499999999998 72.6606273014861 82.3222188990491 79.5779048691982 44.0320496538866 0.0237794042576953 0.98924557504629
117.599999999998 72.7253077729534 82.2872544377862 79.6323186442264 44.032486603536 0.0208667967720273 1.2964606017329
117.699999999998 72.7899717311033 82.2522338568529 79.6866769678965 44.0328854048495 0.0191333567900769 1.49193223260415
117.799999999998 72.8546204510402 82.2171595426005 79.7409826956915 44.0332560770231 0.018426672053081 1.51326450646279
117.899999999998 72.9192557138009 82.1820308028912 79.7952373335028 44.0336069538498 0.0185720240547515 1.38393919236183
117.999999999998 72.9838795870157 82.1468445742914 79.8494412075691 44.0339450993884 0.0193712400808361 1.19158603585527
118.099999999998 73.0484942018294 82.1115961240908 79.9035936334968 44.0342767198466 0.0206405103165646 0.980478067867531
118.199999999998 73.1131015785046 82.0762796177922 79.9576930614365 44.0346074770263 0.022288525588767 0.758667318620987
118.299999999998 73.1777035840913 82.0408883451017 80.011737160726 44.0349425518871 0.024249231482491 0.552974652391031
118.399999999998 73.2423019426588 82.0054148113905 80.0657228806887 44.0352866096718 0.0264639017736165 0.375353254685331
118.499999999998 73.3068982475937 81.9698508239814 80.1196465105142 44.0356437612459 0.0288828189329858 0.22800016733307
118.599999999998 73.3714939738995 81.9341875784359 80.1735037391396 44.0360175244368 0.031464489965885 0.108242641645947
118.699999999998 73.4360904904162 81.8984157448409 80.2272897151296 44.0364107853737 0.0341740220759395 0.011651492458473
118.799999999998 73.5006890718487 81.8625255540962 80.2809991065578 44.0368257598265 0.0369815002032548 -0.0663718358997961
118.899999999998 73.5652909104585 81.8265068842006 80.3346261608878 44.0372639545456 0.0398606745234778 -0.129935603488304
118.999999999998 73.6298971272581 81.7903493465394 80.3881647648533 44.0377261286009 0.0427880061661491 -0.182469232033865
119.099999999998 73.694508782665 81.7540423715372 80.4416085040648 44.0382122558514 0.045745925321489 -0.221788193139846
119.199999999998 73.759126889942 81.7175752778246 80.4949507154693 44.0387215167842 0.0487334952630466 -0.246415931440848
119.299999999998 73.8237524373211 81.680937299557 80.5481845216715 44.0392523649085 0.0517530822434198 -0.259560463827847
119.399999999997 73.8883864138929 81.6441175972474 80.601302858109 44.0398026225205 0.0548057410362708 -0.263653033329776
119.499999999997 73.9530298359199 81.6071052679648 80.6542984999522 44.0403695775976 0.0578909140017674 -0.260573645610096
119.599999999997 74.0176837733708 81.5698893555328 80.7071640890052 44.0409500806921 0.0610063269308833 -0.251798180737934
119.699999999997 74.0823493765802 81.5324588607283 80.7598921606053 44.0415406418257 0.064148016950691 -0.238496458458867
119.799999999997 74.1470279029098 81.4948027514804 80.8124751705241 44.0421375273834 0.0673104483200865 -0.221599604753707
119.899999999997 74.2117207432689 81.4569099730687 80.8649055218672 44.0427368570078 0.0704866854539645 -0.201848078758174
119.999999999997 74.2764294483327 81.418769458322 80.9171755919748 44.0433347004931 0.0736686019196485 -0.179827336797656
