#t s x y z curvature torsion
5 0 127.838921590792 111.528053428803 3.81938067489055 0.0228871123679171 -3.47739986909806
5.1 0.0688014892170905 127.874948069256 111.527275269258 3.87799067604781 0.0102572868789795 -17.7843065113072
5.2 0.137612486463255 127.910994394225 111.526541420078 3.93660020823909 0.0129368271607626 -11.1795891820662
5.3 0.206429025130577 127.947093595876 111.525791369775 3.99518349133949 0.0265904005670648 -2.63358429383016
5.4 0.275247297174691 127.983278324702 111.524965004601 4.05371499642477 0.0411289409749691 -1.11422950592315
5.5 0.344063887556217 128.019580002264 111.524003321687 4.11216999179653 0.0553175293481561 -0.646967229948701
5.6 0.412875979483178 128.056027971954 111.52284914218 4.17052508900746 0.0687427586595066 -0.462864633136495
5.7 0.48168151367772 128.092648649755 111.521447824379 4.22875878888658 0.0811127883404766 -0.387276554953216
5.8 0.550479286725951 128.129464674999 111.519747976874 4.28685202756447 0.0921698522005883 -0.365188633295903
5.9 0.619268976184607 128.166494061127 111.517702171683 4.3447887224985 0.101672591546646 -0.376394089797832
6 0.688051083537901 128.203749346451 111.515267657389 4.40255631849807 0.109393783558024 -0.413962277122699
6.1 0.756826790826952 128.241236756826 111.512407062032 4.46014632605745 0.115192857240961 -0.467274742931837
6.2 0.825597747376298 128.278955678183 111.509088829634 4.51755465968686 0.119222506654141 -0.527245404955554
6.3 0.894365842992598 128.316898915603 111.505286980545 4.57478146854659 0.121715213411681 -0.594485162542833
6.4 0.963132997196277 128.355053262244 111.500980605426 4.63183076707931 0.122914129218797 -0.669211286719066
6.49999999999999 1.0319009736143 128.393400080181 111.496153348983 4.68871005795009 0.123073593014699 -0.751015640581661
6.59999999999999 1.1006712297803 128.431915881256 111.490792893701 4.74542995498632 0.122458714083625 -0.838527566271717
6.69999999999999 1.16944480944424 128.470572907921 111.484890443584 4.80200380611765 0.121343421800137 -0.929006062483673
6.79999999999999 1.23822228136439 128.509339714078 111.478440207881 4.858447316316 0.120006154074654 -1.01795804943801
6.89999999999999 1.3070037258073 128.548181745926 111.471438884829 4.91477817053545 0.118722270762097 -1.09897244917139
6.99999999999999 1.37578876762976 128.587061922806 111.463885145385 4.97101565665228 0.117752575326763 -1.16403623888272
7.09999999999999 1.44457665336489 128.625941221549 111.45577912611 5.027180287913 0.117288951273161 -1.20010565807552
7.19999999999999 1.51336637790964 128.664779352008 111.447122159905 5.08329341259454 0.117311928672285 -1.20192892532547
7.29999999999999 1.58215685698782 128.703535664034 111.43791711054 5.13937679120262 0.11768791442983 -1.1749709527931
7.39999999999999 1.6509470960061 128.742170145638 111.428168945034 5.19545216088214 0.118214467435806 -1.12697934136438
7.49999999999999 1.71973632882542 128.780644424649 111.417885315187 5.25154079933573 0.118635016336199 -1.066514178698
7.59999999999999 1.78852411691865 128.818922770386 111.407077139105 5.30766308874233 0.118655674051528 -1.00173505255801
7.69999999999999 1.85731040167 128.856973095313 111.395759182732 5.36383807967572 0.117960862859993 -0.939816338546739
7.79999999999999 1.92609550506337 128.894767956713 111.383950641383 5.4200830550231 0.116225990475082 -0.887066708222804
7.89999999999999 1.99488007728905 128.932285558343 111.371675721267 5.47641309390363 0.113126887249193 -0.849726224041241
7.99999999999999 2.06366499387467 128.969510752108 111.358964221022 5.53284063558699 0.108346753881138 -0.835596361345191
8.09999999999999 2.13245120913888 129.006436022749 111.34585209916 5.58937505040422 0.101678192495084 -0.864418225176357
8.19999999999999 2.20123956711069 129.043062031471 111.33238167542 5.64602239245822 0.0933266954973995 -0.955978632989276
8.29999999999999 2.27003059727523 129.079397039886 111.318600902777 5.70278561382544 0.0836432475246281 -1.13175627722891
8.39999999999999 2.33882437664178 129.115455892876 111.30456227336 5.75966496055726 0.0730442644143311 -1.43469707002915
8.49999999999999 2.40762048389511 129.151258984502 111.290321710288 5.8166583756737 0.0620511584671035 -1.94368908767799
8.59999999999999 2.47641803925275 129.186831223896 111.275937459496 5.87376190215697 0.0513801454105583 -2.78642846194336
8.69999999999999 2.54521581748718 129.222201001169 111.261468981576 5.9309700859452 0.0421162034717882 -4.07334928239966
8.79999999999999 2.61401241752953 129.257399153308 111.246975843607 5.98827637892609 0.0358929265502241 -5.47182284116027
8.89999999999999 2.68280646928912 129.292457930078 111.232516610989 6.04567354193051 0.0344255051359061 -5.72904562420457
8.99999999999999 2.75159685678086 129.327409959926 111.218147739278 6.1031540477262 0.0378360865996569 -4.47791939452679
9.09999999999999 2.82038293545585 129.362287221757 111.203922466663 6.1607104795623 0.0443011377677528 -3.02312671332354
9.19999999999999 2.88916470132585 129.397120169601 111.189889723263 6.2183358140372 0.0518290129651472 -2.01714064055666
9.29999999999998 2.95794285781617 129.431937245366 111.176093083098 6.27602341032548 0.0591390538478362 -1.39887710325352
9.39999999999998 3.02671880190125 129.466764544472 111.162569732877 6.3337668837282 0.0654639406468795 -1.02200768270758
9.49999999999998 3.09549454484812 129.501625487364 111.149349441431 6.39155997477401 0.0702966365881959 -0.790125967835423
9.59999999999998 3.1642725663149 129.536540491032 111.136453529146 6.44939641832035 0.0732582578699657 -0.650151451067146
9.69999999999998 3.23305560408379 129.571526640522 111.123893837396 6.50726981265454 0.0740370806871789 -0.575682003797475
9.79999999999998 3.30184638672056 129.606597360451 111.111671697977 6.56517348859498 0.0723608625238784 -0.558432218242787
9.89999999999998 3.37064732205777 129.641762086528 111.09977690254 6.62310037859229 0.0679856648228702 -0.608712707881924
9.99999999999998 3.43946016056066 129.67702593706 111.088186672024 6.68104288583044 0.0606967218329492 -0.771377780368177
10.1 3.50828566039131 129.712389389492 111.076864651765 6.7389927565492 0.0504385206969248 -1.16579895631568
10.2 3.57712331649401 129.74784808734 111.065760574159 6.79694103611944 0.0377150107190227 -2.19812780259871
10.3 3.64597125242033 129.783392978172 111.054811615878 6.85487823772218 0.0236535294528665 -5.94078869509535
10.4 3.71482627406587 129.819010581997 111.043944422649 6.91279459478039 0.0133547827498229 -19.9901726740196
10.5 3.78368405855365 129.854683264663 111.033077159699 6.97068031661223 0.0216162866618243 -8.27672080592495
10.6 3.85253945929363 129.890389511261 111.022121562207 7.02852584408421 0.0395718991286999 -2.71733398664312
10.7 3.92138690005798 129.926104199532 111.010984985752 7.0863221052643 0.059627511908852 -1.33933538140455
10.8 3.99022082396453 129.961798873263 110.999572456759 7.14406077107516 0.0803212310223829 -0.841620858388276
10.9 4.05903615841554 129.997442015693 110.987788722953 7.20173451094727 0.100999802370659 -0.618499821846225
11 4.12782875423211 130.032999322919 110.975540303802 7.25933724847214 0.12116734590171 -0.508133186638089
11.1 4.19659575679089 130.068433982698 110.962737528976 7.31686441148261 0.140420670325395 -0.442513604203597
11.2 4.26533588009324 130.103707093831 110.949296264853 7.37431303724004 0.15855102279232 -0.391677141913792
11.3 4.33404958725632 130.138778442369 110.935138849195 7.43168150981582 0.17538404860228 -0.349200785198592
11.4 4.40273916990684 130.173607418394 110.920194713881 7.48896915257959 0.190732592519003 -0.311679116620518
11.5 4.47140871049835 130.208153938203 110.904400995644 7.54617581511473 0.204399340275865 -0.277056032772322
11.6 4.54006391726408 130.242379366491 110.887703146809 7.60330146013384 0.216180178570291 -0.243902922022415
11.7 4.60871182450696 130.276247438538 110.870055546027 7.66034575039421 0.225868047678078 -0.21105778099295
11.8 4.67736035454406 130.309725182392 110.851422109013 7.71730763561326 0.233257091927854 -0.17740656035905
11.9 4.74601774207349 130.342783841059 110.831776899284 7.77418493938405 0.238146913759298 -0.141708736885386
12 4.81469182691323 130.375399794679 110.811104738892 7.83097394609073 0.24034676625528 -0.102407525758033
12.1 4.88338923250364 130.40755546615 110.789401801471 7.8876689973248 0.239772865594491 -0.0672196357215904
12.2 4.95211460110014 130.439239795884 110.766675745228 7.94426233532204 0.236728460333791 -0.0435904194848156
12.3 5.02087022076969 130.470447622892 110.742944678135 8.00074457345189 0.231616192620471 -0.0302830302675084
12.4 5.08965593766062 130.501178635007 110.718235663058 8.05710541372749 0.224837458535374 -0.0272316637413316
12.5 5.15846924299337 130.53143630254 110.692583205212 8.11333437381651 0.216787124013862 -0.0353223495474402
12.6 5.22730553069322 130.561226811942 110.666027739595 8.16942151405197 0.207849996755266 -0.0562749737350457
12.7 5.29615851931864 130.590557999455 110.638614118442 8.22535816444312 0.198399180380974 -0.0925329705810293
12.8 5.36502082664131 130.619438284775 110.610390098662 8.28113765168618 0.188796678114525 -0.147059051717705
12.9 5.43388468208357 130.647875604705 110.581404829287 8.33675602617528 0.179396894250279 -0.222901501734049
13 5.50274276104006 130.675876346812 110.551707338912 8.39221278901324 0.170553950249837 -0.322350287397297
13.1 5.5715891147935 130.703444296178 110.521345039637 8.44751160794874 0.162556109172418 -0.434495119432527
13.2 5.64041990323619 130.730579922485 110.490362659789 8.50266074539894 0.155405587564245 -0.54610721101641
13.3 5.70923343590114 130.757280531055 110.458802265113 8.55767275561191 0.14905124073454 -0.654454283581867
13.4 5.77802990169442 130.783540754234 110.426703708757 8.61256389391438 0.14345804142759 -0.756663825342983
13.5 5.84681105406313 130.809353055856 110.394105097745 8.66735351488592 0.138597783079266 -0.849942948999043
13.6 5.91557986635793 130.834708235719 110.361043259447 8.72206347053314 0.13443979437551 -0.931915568530123
13.7 5.98434015979478 130.859595934055 110.327554208058 8.7767175084638 0.130942745672041 -1.00102636295036
13.8 6.05309620516447 130.884005135998 110.293673611066 8.83134067006099 0.128048715545454 -1.05691419875769
13.9 6.12185229855806 130.907924676058 110.259437255731 8.88595868865733 0.12568052839186 -1.10064393161862
14 6.19061231085166 130.931343742591 110.224881515552 8.94059738770906 0.12374296212677 -1.1347226736337
14.1 6.25937921535383 130.954252371511 110.19004381021 8.99528208540676 0.122183646607314 -1.165144022537
14.2 6.32815471790588 130.976641660312 110.154962895484 9.05003716663469 0.12117044865563 -1.19008351825431
14.3 6.39693920935507 130.998503272098 110.119678721618 9.10488607973845 0.120926477338863 -1.20089005243178
14.4 6.46573187690591 131.019828659925 110.084232121672 9.15985150064141 0.121661858370263 -1.18947371118749
14.5 6.53453085896105 131.040608280379 110.04866449333 9.21495550339752 0.12355983311593 -1.15000299454447
14.6 6.60333343828657 131.06083080716 110.013017480717 9.27021973074427 0.126765933789571 -1.08039444519812
14.7 6.67213627343472 131.08048234466 109.977332656209 9.32566556465548 0.131383290115316 -0.982875558653386
14.8 6.74093566910839 131.099545641548 109.941651202244 9.38131429689426 0.137475593981338 -0.863306836305238
14.9 6.80972788728105 131.117999304351 109.906013593139 9.43718729956583 0.145076788392637 -0.729599735710488
15 6.87850950237438 131.135817011033 109.870459276897 9.49330619567042 0.154204533298264 -0.589958065262056
15.1 6.94727780450017 131.15296674539 109.835026345314 9.54969301459265 0.164760441370803 -0.442461802051668
15.2 7.01603122040253 131.169410572574 109.79975089967 9.60636995593945 0.176194310442271 -0.28999757498681
15.3 7.08476963973186 131.185105788246 109.764665643684 9.66335815918597 0.187851137455871 -0.140612592125644
15.4 7.15349459350408 131.200006608858 109.729798172049 9.72067608167015 0.199104879414671 0.00439906748513643
15.5 7.22220926784294 131.214065882753 109.695169247273 9.77833786152362 0.209374660879532 0.148009275840277
15.6 7.29091832782695 131.227236801253 109.660791076501 9.83635168060277 0.218140443234435 0.295895987956518
15.7 7.35962753399471 131.239474609762 109.626665588357 9.89471812741969 0.224963887350826 0.45580497687998
15.8 7.42834314725898 131.250738318856 109.59278270977 9.95342856007319 0.229519821634429 0.637563654924626
15.9 7.49707113568581 131.260992415384 109.559118642808 10.0124634691798 0.231645063352974 0.853396218127896
16 7.56581621858154 131.270208573557 109.525634141514 10.0717908408046 0.231414598221441 1.11793550007363
16.1 7.6345808168737 131.278367340259 109.492272836844 10.131364558625 0.229404507985112 1.3993345253278
16.2 7.70336420714217 131.28545914983 109.458960812583 10.1911238261358 0.227076702492547 1.64231513556387
16.3 7.77216241094056 131.291483636753 109.425609356752 10.2509951781931 0.225977329153048 1.8180145596214
16.4 7.84096869066948 131.296448277821 109.392118963993 10.3108955125998 0.227332105891304 1.89571198464161
16.5 7.90977442575493 131.300367008516 109.358383386054 10.3707351609238 0.231820376039481 1.85994392806811
16.6 7.97857024771114 131.303258839382 109.324293682284 10.4304209593158 0.239443678298594 1.72094268635543
16.7 8.04734729244286 131.305146472407 109.289742270117 10.4898593193278 0.249558565635847 1.50902558707645
16.8 8.11609841424284 131.306054917395 109.254626975572 10.5489592987308 0.261047471035917 1.2586512435619
16.9 8.18481920493014 131.306010108345 109.218855083733 10.607635672333 0.272533995843149 0.995298165303179
17 8.25350867363838 131.305037519832 109.182347389248 10.6658120027982 0.282564906971204 0.730887623827315
17.1 8.3221694659503 131.303160795732 109.14504220037 10.7234236786141 0.289887257341982 0.493933524049624
17.2 8.39080749945408 131.300400699234 109.106898135426 10.7804200979768 0.294029264425219 0.299016014425056
17.3 8.45943105952957 131.296774878377 109.067893853906 10.8367646846167 0.294916186502176 0.130872053134513
17.4 8.52804972014293 131.292297952856 109.028026579965 10.8924340495386 0.292657713909106 -0.0220951603628845
17.5 8.59667328890527 131.286981613195 108.987310579494 10.9474171199144 0.287498010736201 -0.169001733049463
17.6 8.66531085892097 131.280834719907 108.945775637179 11.0017142679739 0.279785890297648 -0.31739546939322
17.7 8.7339700276736 131.273863402663 108.903465533564 11.0553364398972 0.269957730401373 -0.473808868420824
17.8 8.80265632517051 131.266071159462 108.860436522118 11.1083042847061 0.258529199894266 -0.643892358712371
17.9 8.87137287684086 131.257458955791 108.816755806296 11.1606472831557 0.24609327486836 -0.831978373802308
18 8.94012031162458 131.248025323793 108.772500016605 11.2124028766265 0.233321594897091 -1.03980986774989
18.1 9.00889691050793 131.237766466941 108.727753681813 11.2636155892353 0.220968284373089 -1.25543653049652
18.2 9.07769893073167 131.226676507747 108.682607548029 11.3143359736607 0.209839722871807 -1.45611394122565
18.3 9.14652100135839 131.214748098601 108.637156511587 11.3646191094712 0.200669791427703 -1.61797578883623
18.4 9.21535663142288 131.201973175662 108.591497399799 11.4145229251671 0.194001421626995 -1.71363454079975
18.5 9.28419882123656 131.188343718239 108.545726745855 11.4641065134423 0.190071714675915 -1.7222305534223
18.6 9.35304071158757 131.173852508185 108.499938563722 11.5134284464458 0.188736160587384 -1.63927648097697
18.7 9.42187620315616 131.158493889279 108.454222123044 11.5625450910435 0.189473925551401 -1.47845125854531
18.8 9.49070048201714 131.142264526616 108.408659724043 11.6115089240798 0.191476261686768 -1.26359097960418
18.9 9.55951039458563 131.125164165998 108.363324472418 11.660366847639 0.193777131220595 -1.01734467083955
19 9.62830462694449 131.107196393314 108.318278054246 11.7091585043075 0.195377372792217 -0.753388579438876
19.1 9.69708365817521 131.08836937921 108.273568543369 11.7579146148389 0.195449128321047 -0.504446575948034
19.2 9.7658494595977 131.068696240889 108.229229053543 11.8066558983245 0.193763984018205 -0.290690762251224
19.3 9.83460499205776 131.048194432039 108.18527853495 11.8553934710291 0.190405611360771 -0.100108618597067
19.4 9.90335368986432 131.026884749906 108.14172341547 11.9041298277308 0.185606906160057 0.0764061562463767
19.5 9.97209902566692 131.004790327636 108.098559274441 11.9528598454657 0.179706033900042 0.244916999937047
19.6 10.0408441876407 130.981935626626 108.055772516419 12.0015717872717 0.173116244510823 0.408129617990019
19.7 10.1095918843994 130.958345428861 108.013342044939 12.0502483059333 0.166301969784714 0.564695697508232
19.8 10.1783442810292 130.934043829265 107.971240936274 12.0988674477251 0.159755010678259 0.708308054771747
19.9 10.2471030600734 130.909053228043 107.929438113196 12.1474036561567 0.15396565642502 0.827222120093446
20 10.3158695942387 130.883393323028 107.887900018736 12.1958287757165 0.149385912535306 0.905291634133564
20.1 10.3846452088553 130.857080117691 107.846592272629 12.2441130433651 0.146318043547911 0.951579204231004
20.2 10.4534314042999 130.830125336499 107.805480877513 12.2922257614987 0.14471672470746 0.987162333424916
20.3 10.5222298155677 130.802536874297 107.764532282206 12.3401351623374 0.144465173016437 1.01331931999288
20.4 10.5910420299533 130.774319653036 107.723712994748 12.3878079537849 0.145459088914009 1.03212840501188
20.5 10.6598693668514 130.745476494168 107.682989178115 12.4352088530357 0.147612070004458 1.04595988905699
20.6 10.7287126325744 130.716008991036 107.64232624594 12.482300120183 0.150861655049307 1.05698629634046
20.7 10.7975718586495 130.685918381275 107.601688458234 12.5290410918272 0.155175393147591 1.06681379744065
20.8 10.8664460321727 130.655206419202 107.561038517103 12.5753877146828 0.160556419891978 1.07627677649816
20.9 10.9353328274535 130.623876248211 107.520337162467 12.6212920791872 0.167048121721655 1.08538953158143
21 11.0042283493815 130.591933273167 107.479542767783 12.6667019531078 0.174737534062788 1.09342709098966
21.1 11.0731269095993 130.559386018583 107.438610951014 12.7115603324263 0.183732839141892 1.07477414638282
21.2 11.1420210703685 130.526246617053 107.397494582167 12.7558054413896 0.194019907770227 1.01327058520915
21.3 11.2109023064313 130.492530359142 107.356144797503 12.7993718727585 0.205420555511248 0.922438998293922
21.4 11.2797618958289 130.458254873525 107.314512410311 12.8421921772234 0.21762635934557 0.814501508946398
21.5 11.3485917790238 130.423439292923 107.272549336937 12.8841984700964 0.23023334351763 0.698775170828721
21.6 11.4173853380982 130.388103420025 107.230210022806 12.9253240380027 0.242774716308675 0.581223282233735
21.7 11.4861380560125 130.352266893416 107.187452868457 12.965504945573 0.25474757954678 0.464782975198181
21.8 11.5548480175493 130.315948353505 107.144241655565 13.0046816421349 0.265633565444837 0.349976127325149
21.9 11.6235162178113 130.279164608451 107.10054697297 13.042800568405 0.27491542782535 0.235459760976034
22 11.6921466512474 130.241929800093 107.056347642705 13.0798157631804 0.282092211095632 0.118346149714995
22.1 11.7607461607012 130.204254585513 107.011632121611 13.1156904489212 0.286791888700738 0.012088106165672
22.2 11.8293239640073 130.166145725213 106.966399268308 13.1503980684736 0.289079467367937 -0.0714565775912341
22.3000000000001 11.8978908280204 130.127606703455 106.920657499116 13.1839219285393 0.289166922364616 -0.136669405950252
22.4000000000001 11.9664581903014 130.088638755209 106.874423309333 13.2162542942862 0.287296096262054 -0.185904694850091
22.5000000000001 12.0350373742276 130.049241908743 106.827719770099 13.2473954628492 0.283721305206516 -0.220038925123658
22.6000000000001 12.1036389192702 130.009416028207 106.780575025261 13.2773528368313 0.278695903607963 -0.238800332993756
22.7000000000001 12.1722720341466 129.969161856225 106.733020788238 13.306139997804 0.272462023595259 -0.240958237989838
22.8000000000001 12.240944172594 129.928482056483 106.685090838886 13.333775779809 0.265243580622293 -0.224417161534479
22.9000000000001 12.3096607256554 129.887382256313 106.636819520364 13.3602833428584 0.257243232164161 -0.186239326086457
23.0000000000001 12.3784248207399 129.845872089285 106.588240235998 13.3856892464356 0.248644473130528 -0.12261056833508
23.1000000000001 12.4472372158367 129.803966221818 106.539383959629 13.41002252098 0.239638204444005 -0.0447411883615661
23.2000000000001 12.5160962670153 129.761684964421 106.490278096529 13.4333136869316 0.230493382658061 0.0337480939693897
23.3000000000001 12.5849979558424 129.719053828542 106.440946234222 13.4555936406633 0.221515080502854 0.113142672225115
23.4000000000001 12.6539360119016 129.676102668044 106.391408243868 13.4768924879735 0.213024321679509 0.19266763782279
23.5000000000001 12.7229021406028 129.632864804699 106.341680395135 13.4972383755632 0.205353783294083 0.270153180114683
23.6000000000001 12.7918863480409 129.589376153697 106.291775471068 13.5166563225112 0.198842051733568 0.341782565677933
23.7000000000001 12.8608773539663 129.545674349141 106.241702882956 13.5351670517514 0.193825380023146 0.402134373421529
23.8000000000001 12.9298630850049 129.501797869549 106.19146878521 13.5527858215482 0.190626640313237 0.444766937784493
23.9000000000001 12.9988312424028 129.457785163355 106.141076190224 13.5695212569734 0.189542632542009 0.463466782645466
24.0000000000001 13.06776994172 129.413673774406 106.09052508325 13.585374181382 0.190832713744787 0.453941069954481
24.1000000000001 13.1366684264573 129.369499468046 106.039812547274 13.6003364857363 0.194548201462386 0.41339501835868
24.2000000000001 13.2055178579593 129.325295372204 105.988933148057 13.614390981967 0.200038916992103 0.348059806918217
24.3000000000001 13.274312086196 129.281091156608 105.937879979604 13.6275137542741 0.206457740148605 0.268313461204347
24.4000000000001 13.3430482350372 129.236912227008 105.886645969791 13.6396774944659 0.212944570795266 0.18116636932398
24.5000000000001 13.4117270425679 129.192778919982 105.835225196013 13.650854875145 0.21864190966097 0.0896622197030363
24.6000000000001 13.4803529312996 129.148705697741 105.783614200813 13.6610219228942 0.222706661786621 -0.00688703590130848
24.7000000000001 13.5489337863764 129.104700342927 105.731813307528 13.6701613914632 0.224321433703922 -0.11276514581462
24.8000000000001 13.6174804299781 129.060763153424 105.679827935927 13.6782661349539 0.222709016613561 -0.236521805594668
24.9000000000001 13.6860057981296 129.016886137155 105.627669917846 13.6853424810073 0.217154607694416 -0.393276997658451
25.0000000000001 13.7545238518426 128.97305220689 105.57535881283 13.691413603989 0.207044267655508 -0.610371100269596
25.1000000000001 13.823048288607 128.929234408163 105.522923188518 13.696522835977 0.192215619773323 -0.89423648322498
25.2000000000001 13.8915912139351 128.885396008119 105.470400984351 13.7007353605857 0.173828225200845 -1.24574404935343
25.3000000000001 13.9601621417034 128.841492769825 105.417837548365 13.7041358016805 0.153476475181809 -1.7034278711251
25.4000000000001 14.0287675485142 128.797476087507 105.365282757307 13.7068241949306 0.132930640175044 -2.30348370758394
25.5000000000001 14.0974109300869 128.753296154905 105.312788101498 13.7089118971608 0.114156778833781 -3.0428556695692
25.6000000000001 14.1660932344674 128.708905133627 105.260403769697 13.7105174957056 0.0991917603147504 -3.79075240388379
25.7000000000001 14.234813519279 128.664260321501 105.208175733962 13.7117627177616 0.0895956109444114 -4.23584101539569
25.8000000000001 14.3035696713039 128.619327320927 105.156142834512 13.7127683397408 0.0854478287591569 -4.13387873156772
25.9000000000001 14.3723590359106 128.574083207238 105.104333864591 13.7136500966236 0.0848474081136153 -3.65257853105127
26.0000000000001 14.4411788307084 128.528519697044 105.05276465533 13.7145145913118 0.0847734904699474 -3.1787025085754
26.1000000000001 14.5100262601756 128.48264626534 105.001435210152 13.7154552642771 0.0827230214016654 -3.05337141315086
26.2000000000001 14.5788982783362 128.436491930028 104.950328127254 13.7165499308969 0.0786667047876708 -3.35564308821293
26.3000000000001 14.6477910968859 128.390103653761 104.899410291828 13.717862298301 0.0742266105090516 -3.9695216295812
26.4000000000001 14.7166997639717 128.343543413208 104.848635856365 13.719445049906 0.072069478242638 -4.544899476711
26.5000000000001 14.7856179722434 128.29688521707 104.797949270496 13.7213429902445 0.07508740535587 -4.4976966857903
26.6000000000001 14.8545381242312 128.250212124091 104.747288310838 13.7235961897953 0.0847440433076534 -3.68922981955975
26.7000000000001 14.9234516353029 128.203613261073 104.69658711083 13.7262431298122 0.100332097261898 -2.61837599135924
26.8000000000001 14.9923494235325 128.157180840892 104.645779190584 13.7293238471541 0.120088554892194 -1.68254099296491
26.9000000000001 15.0612225190973 128.11100718051 104.594800486721 13.7328830791144 0.142361369095174 -0.961862723799616
27.0000000000001 15.1300627230672 128.065181718989 104.54359238222 13.7369734082505 0.165972795596395 -0.40975167662921
27.1000000000001 15.198863262263 128.019788040426 104.492104718227 13.7416583411851 0.190048475886661 -0.0197263599157441
27.2000000000001 15.2676195336125 127.974901024812 104.440298337101 13.7470136706594 0.213447656037422 0.230190493415458
27.3000000000001 15.3363300337533 127.930584323626 104.38814643552 13.7531244796916 0.235114509290677 0.401180416502824
27.4000000000001 15.4049970626449 127.886887963352 104.335635448812 13.7600804289881 0.254098806493081 0.531809331035957
27.5000000000001 15.4736269592708 127.84384595392 104.282765917264 13.7679709783254 0.269500507130483 0.648029665713914
27.6000000000001 15.5422297999705 127.801473897146 104.229553352422 13.7768806079328 0.280471354709285 0.770179815589718
27.7000000000001 15.6108185229664 127.759766595166 104.176029103402 13.7868840398746 0.286254110207097 0.918191143227086
27.8000000000001 15.6794074861899 127.718695658879 104.122241223193 13.7980414594326 0.28625904208065 1.11661136161389
27.9000000000001 15.7480105251157 127.678207116386 104.068255334961 13.8103937364884 0.280196944437103 1.40094334126746
28.0000000000001 15.8166386514548 127.638219021428 104.014155498357 13.8239576469056 0.268322094394661 1.82612910053838
28.1000000000001 15.8852976299918 127.598619144538 103.960045022152 13.8387211644063 0.252248682507844 2.40178469341053
28.2000000000001 15.9539860454717 127.559264814844 103.90604588147 13.8546405852836 0.236255693290574 3.04881904722757
28.3000000000001 16.0226949265364 127.519988221162 103.852294592846 13.8716423057009 0.225606994555266 3.60585165306348
28.4000000000001 16.0914089846598 127.480603863747 103.798936693878 13.8896264318276 0.225001428996332 3.81444860224914
28.5000000000001 16.1601090322967 127.44091608875 103.746121169213 13.9084704604691 0.236602613421843 3.55980201480204
28.6000000000001 16.2287751443768 127.400726622673 103.693994876532 13.9280329596957 0.25899178237072 3.0198771127159
28.7000000000001 16.2973900525893 127.359842106834 103.642696972535 13.948157249473 0.288303529896572 2.44971769888994
28.8000000000001 16.3659422238323 127.318081631822 103.592353338922 13.9686750822911 0.320054543399196 1.98443951394662
28.9000000000001 16.4344280789763 127.275284271958 103.543071008383 13.989410323794 0.350129079754201 1.6525284757189
29.0000000000001 16.5028528592509 127.231316619754 103.49493259058 14.0101826334098 0.374993259548523 1.44251368630728
29.1000000000001 16.5712297617096 127.186080221053 103.447990777434 14.0308111379816 0.392195224352965 1.33310457832554
29.2000000000001 16.6395774559102 127.139516427865 103.40226491024 14.0511179234459 0.401891489045946 1.28852514741425
29.3000000000002 16.7079171560945 127.091604696145 103.357742780672 14.0709310646289 0.405044487687003 1.28383995973286
29.4000000000002 16.7762700379039 127.04235830125 103.314384493616 14.0900874730894 0.402733582404274 1.30368114795563
29.5000000000002 16.8446551901399 126.991819954102 103.272126409302 14.1084357379645 0.396049400174629 1.33712960240867
29.6000000000002 16.9130882185816 126.940057417325 103.230885085441 14.1258389668136 0.386003675274757 1.37530597466639
29.7000000000002 16.981580522427 126.887159121406 103.190561219359 14.142177626464 0.373446685174299 1.41038426474308
29.8000000000002 17.0501391838469 126.833229780838 103.151043590132 14.1573523838557 0.358993086902813 1.43548705458962
29.9000000000002 17.1187673551097 126.778386010271 103.112213000721 14.171286946886 0.342961371567187 1.44513933926787
30.0000000000002 17.1874649961396 126.722751940664 103.073946220104 14.1839309052547 0.32533411576155 1.4359508001781
30.1000000000002 17.2562297912783 126.666454858573 103.036119902663 14.1952625118182 0.305915380359531 1.43821296694114
30.2000000000002 17.3250577256672 126.609621447102 102.998613916012 14.2052899171725 0.285035775385941 1.48236004655495
30.3000000000002 17.3939427785256 126.552375554143 102.961313167199 14.2140484778214 0.263340452344872 1.5666515458788
30.4000000000002 17.4628765920607 126.494836562276 102.924108837353 14.2215965175743 0.241603286723741 1.68698632918433
30.5000000000002 17.5318485530565 126.437117781804 102.886899593584 14.2280110294519 0.22066253787409 1.83349612906208
30.6000000000002 17.6008462529448 126.379324843799 102.849592800878 14.2333833775936 0.201340899029449 1.98603152799781
30.7000000000002 17.6698562455949 126.321554093134 102.812105733996 14.2378149991634 0.184331548028509 2.11085897346009
30.8000000000002 17.7388650041421 126.26389098153 102.774366789366 14.2414131062564 0.170045003184603 2.16342541386611
30.9000000000002 17.8078599712795 126.206408460592 102.736316696987 14.2442863878056 0.158447937870504 2.10076383593319
31.0000000000002 17.8768306010841 126.149165374848 102.697909732321 14.2465407114881 0.148969545666962 1.89729501088948
31.1000000000002 17.9457692948707 126.092204883656 102.65911490457 14.2482748637081 0.140566547935517 1.6169546915876
31.2000000000002 18.0146719285164 126.035553633618 102.619916530811 14.2495772795613 0.13214823563904 1.34417366862072
31.3000000000002 18.0835375746765 125.979222836141 102.580313251138 14.2505252858314 0.122979423722502 1.08750809138128
31.4000000000002 18.1523678623715 125.923210095504 102.540316429677 14.2511853339681 0.112663905333436 0.840890056209741
31.5000000000002 18.2211662926148 125.867501265792 102.499948531963 14.251613271142 0.101070145633705 0.585681518414637
31.6000000000002 18.2899375794098 125.812072307832 102.459241502327 14.2518546112984 0.0882709335540837 0.286480698792212
31.7000000000002 18.3586870549627 125.756891146126 102.418235141279 14.2519448062127 0.074510483575268 -0.125469598612564
31.8000000000002 18.4274201597827 125.701919525786 102.376975482894 14.251909516544 0.06021855771665 -0.798893977017563
31.9000000000002 18.4961420229799 125.64711486947 102.335513172196 14.25176488289 0.0461351235915235 -2.08495727243664
32.0000000000002 18.5648571256242 125.592432134314 102.293901842539 14.2515177968416 0.033764427284627 -4.70334157974577
32.1000000000002 18.6335690350235 125.537825664882 102.252196490887 14.2511661818494 0.0264741256733093 -8.07832054996349
32.2000000000002 18.7022802965293 125.483250942474 102.210451798206 14.2506995292099 0.0282580362132491 -6.73348341799657
32.3000000000002 18.7709926284289 125.428666071336 102.168720310566 14.2501000816617 0.0370247025007872 -3.34117032856441
32.4000000000002 18.8397072104214 125.374033161242 102.127050565367 14.2493442721014 0.0480538474403115 -1.43666468941895
32.5000000000002 18.9084249248629 125.319319706076 102.085485215448 14.2484041721115 0.0588733541781546 -0.463354197092805
32.6000000000002 18.9771465189021 125.264499962422 102.044059153206 14.2472489404879 0.0683344342465899 0.121055887543679
32.7000000000002 19.0458726662946 125.209556328153 102.002797634703 14.2458462717685 0.0757921828234255 0.563245793747667
32.8000000000002 19.1146039177364 125.154480721016 101.961714403785 14.2441638447608 0.0808693088379545 0.989638312211375
32.9000000000002 19.1833405424293 125.099275957223 101.920809816194 14.2421707710695 0.0834502663760402 1.48919039471577
33.0000000000002 19.2520822812621 125.043957130037 101.880068963679 14.2398390436251 0.0838154364608348 2.1431820576663
33.1000000000002 19.3208280557501 124.988552950217 101.839459847334 14.2371449690015 0.0830687139160795 2.87550859143354
33.2000000000002 19.3895757626232 124.933106094701 101.79893283072 14.2340701782737 0.0835342554233681 3.4168143061144
33.3000000000002 19.4583223661664 124.877671037754 101.758423341671 14.2306015680163 0.0874615636453446 3.51897073655977
33.4000000000002 19.5270642724227 124.822310890361 101.71785585389 14.2267308198417 0.0959214245627072 3.14675519942426
33.5000000000002 19.5957978945309 124.767094201466 101.677147917758 14.2224539037276 0.108433960305372 2.53857169541982
33.6000000000002 19.6645203227116 124.712091759219 101.636214191157 14.2177705813458 0.123511514371517 1.93543265823434
33.7000000000002 19.7332299903716 124.657373392223 101.594970470282 14.21268390939 0.139382855839843 1.43734455773552
33.8000000000002 19.8019272169408 124.603004770776 101.553337720454 14.2071997429038 0.154358639196632 1.04955994957771
33.9000000000002 19.87061451055 124.549044208116 101.511246106942 14.2013262386092 0.166912538985055 0.745255054049462
34.0000000000002 19.9392965298231 124.495539461667 101.468639025771 14.1950733582345 0.175664165658691 0.492769921767779
34.1000000000002 20.0079796345257 124.442524582138 101.425477074438 14.188452378158 0.179637128917139 0.299487733271342
34.2000000000002 20.0766710302789 124.390018006844 101.381740459853 14.18147556326 0.179118087815383 0.16848444653078
34.3000000000002 20.1453777430726 124.338023811449 101.337427439273 14.1741562576102 0.174795722911405 0.0774183351992204
34.4000000000002 20.2141057205167 124.286534205922 101.292551198469 14.1665091393633 0.167422183169681 0.0164780779555892
34.5000000000002 20.2828591688606 124.235532078354 101.247136669789 14.1585504819697 0.15777770140406 -0.0162306387772259
34.6000000000002 20.3516401582052 124.184993538778 101.201217350218 14.1502984153873 0.146649948799314 -0.0161080382926642
34.7000000000002 20.4204484960184 124.134890462978 101.154832119444 14.141773187292 0.134823190523209 0.0279370291844205
34.8000000000002 20.4892818461749 124.085193036314 101.108022057914 14.1329974242893 0.123077924979364 0.1333938454256
34.9000000000002 20.5581360568218 124.035872297528 101.060827264902 14.1239963931253 0.11220597072298 0.321207092809553
35.0000000000002 20.6270056553333 123.986902682569 101.013283676567 14.1147982618979 0.103048552753716 0.604566907857118
35.1000000000002 20.6958844692629 123.93826453505 100.965419925545 14.1054343443206 0.0963660341020314 0.902758007659818
35.2000000000002 20.7647662628056 123.889945749505 100.917255280357 14.095938903362 0.0922434276585861 1.10236414079108
35.3000000000002 20.8336451904951 123.841941213276 100.868800325861 14.0863478363761 0.0904981310043272 1.1649112682606
35.4000000000002 20.9025161137995 123.794251381198 100.820058723521 14.0766969196074 0.0907672996023113 1.08917220529615
35.5000000000002 20.971374845525 123.746880816921 100.771029013204 14.0670200357494 0.092493742654364 0.907552278588807
35.6000000000002 21.0402183220782 123.699836734243 100.721706414979 14.0573474015029 0.0949869490067963 0.662523681968501
35.7000000000002 21.109044694718 123.653127538434 100.672084630914 14.0477037951344 0.0975112047994573 0.384708517600787
35.8000000000002 21.1778533290499 123.606761367565 100.622157646873 14.0381067840342 0.0993603740082265 0.0840520353624865
35.9000000000002 21.2466447045375 123.560744633834 100.571921534315 14.0285649522748 0.0999127363289717 -0.250599783459889
36.0000000000002 21.3154202127489 123.515080564897 100.521376252093 14.0190761281692 0.0986847957990409 -0.652063812368802
36.1000000000002 21.3841818653782 123.469767756191 100.470527429706 14.009625651918 0.0955093126895898 -1.10076036517954
36.2000000000002 21.4529319660904 123.424799009267 100.419387668432 14.0001856855545 0.0908512328161284 -1.56474880862221
36.3000000000002 21.5216728563957 123.380160896112 100.367976618618 13.9907171687276 0.0854269617917823 -2.06255802886061
36.4000000000002 21.5904067625373 123.335833609478 100.316320574837 13.9811728167827 0.0800571067891297 -2.58485399785343
36.5000000000002 21.6591357291533 123.291790824212 100.264452052512 13.9715001589316 0.0756034342654319 -3.08098500980956
36.6000000000003 21.7278616254672 123.247999558578 100.212409364536 13.961644576422 0.0728442442719076 -3.46202489343709
36.7000000000003 21.7965862015898 123.204420035591 100.160236197892 13.9515523407076 0.0722912374187473 -3.64878354003338
36.8000000000003 21.865311168373 123.161005544336 100.107981190273 13.9411736516173 0.074050879193045 -3.64033302736588
36.9000000000003 21.9340382749372 123.117702301304 100.055697506704 13.9304656755255 0.0778711510908278 -3.51944841717025
37.0000000000003 22.0027693634887 123.074449311712 100.003442416158 13.9193955835212 0.0833745349202031 -3.38543994459015
37.1000000000003 22.0715063882537 123.031178248093 99.9512768672451 13.9079435473123 0.0904760442558955 -3.23146184978511
37.2000000000003 22.1402513324278 122.987813777565 99.899265039462 13.8961046362136 0.0997652566974688 -2.97299437229924
37.3000000000003 22.2090059676962 122.944275028093 99.8474738324648 13.8838879245801 0.111635112158875 -2.62183824554853
37.4000000000003 22.27777164828 122.900477503435 99.7959723309096 13.8713145003254 0.126038021135848 -2.23150421900045
37.5000000000003 22.346549213802 122.856335015341 99.744831268357 13.8584154311733 0.142588400463354 -1.85307978312028
37.6000000000003 22.4153389712111 122.811761615763 99.6941224911774 13.8452297309099 0.160710992334811 -1.51520768404852
37.7000000000003 22.4841407102265 122.766673529057 99.6439184224543 13.8318023256359 0.179755958396504 -1.22620671335058
37.8000000000003 22.5529536985148 122.720991084186 99.5942915258894 13.8181820200181 0.199065009383076 -0.982843895147595
37.9000000000003 22.6217765987423 122.674640646926 99.5453137697066 13.8044194635418 0.218003314497424 -0.77722463925149
38.0000000000003 22.6906072496933 122.627556552067 99.4970560905564 13.7905651167627 0.23597441857158 -0.600433592945613
38.1000000000003 22.7594422727114 122.579683014369 99.449587852509 13.776667233511 0.25247669718319 -0.457701582085428
38.2000000000003 22.828276837615 122.530975486966 99.4029761783555 13.7627702578546 0.267255043226462 -0.350274461298766
38.3000000000003 22.8971052019562 122.481400617158 99.357284956766 13.7489142739113 0.280148981464384 -0.26735517803574
38.4000000000003 22.9659214750455 122.430935649653 99.3125737217564 13.7351348704201 0.29101962839631 -0.201742584652653
38.5000000000003 23.0347202532186 122.379567808563 99.2688965272441 13.7214630212642 0.299733416258212 -0.148498125232276
38.6000000000003 23.10349712186 122.327293679392 99.2263008216026 13.7079249659947 0.306153318502979 -0.10411598890037
38.7000000000003 23.1722490344264 122.274118591035 99.1848263222169 13.6945420903538 0.310134609993494 -0.0659953074389584
38.8000000000003 23.2409745794669 122.220055997764 99.144503890039 13.681330806798 0.311523483529027 -0.0320879112938228
38.9000000000003 23.3096741483002 122.165126861226 99.105354404143 13.6683024350215 0.310157536111457 -0.000641280311544992
39.0000000000003 23.3783500186185 122.109359032432 99.0673876362803 13.65546308248 0.305867536904767 0.0300203688749909
39.1000000000003 23.4470063637927 122.052786633514 99.0306011395931 13.6428135340764 0.298536023997251 0.0579589741745748
39.2000000000003 23.5156489925896 121.995449433254 98.9949795054384 13.6303493800893 0.288274819116027 0.0806085593562148
39.3000000000003 23.5842845464402 121.937392206827 98.9604945546486 13.6180617488669 0.275267763713623 0.0983593702900481
39.4000000000003 23.6529196162157 121.878664089325 98.9271058969019 13.6059382777627 0.259710425619735 0.111028453260124
39.5000000000003 23.7215600385072 121.819317929034 98.8947615042516 13.5939640932346 0.241803822014743 0.117723505294088
39.6000000000003 23.7902103916912 121.759409640718 98.8633982846551 13.5821227909432 0.221748711797227 0.116483387604233
39.7000000000003 23.8588736962815 121.698997558904 98.8329426555031 13.5703974158509 0.199740889036739 0.103472301637599
39.8000000000003 23.927551318502 121.638141791157 98.8033111171488 13.5587714423205 0.175968120806391 0.0711375223935439
39.9000000000003 23.9962430715048 121.576903571367 98.7744108264365 13.5472297542143 0.150609953153654 0.00361780016279666
40.0000000000003 24.0649475052638 121.51534461303 98.7461401702309 13.5357596249923 0.123843561854652 -0.136355404263925
40.1000000000003 24.1336623683645 121.453526462533 98.7183893588878 13.5243516825917 0.0959337041258503 -0.413253631876087
40.2000000000003 24.2023850941976 121.391509852525 98.6910415381928 13.5130004785883 0.0674922670919107 -1.0462091091322
40.3000000000003 24.2711130947218 121.329354055522 98.6639752174156 13.5017040528454 0.0394808211222112 -3.30786497757192
40.4000000000003 24.3398440593293 121.267116237591 98.6370672158332 13.4904631024458 0.0155551068699322 -21.2415140583864
40.5000000000003 24.4085763235073 121.204850812043 98.610195629194 13.4792801354037 0.0222395790456351 -9.84554932759762
40.6000000000003 24.4773092278096 121.142608793126 98.583242796182 13.4681586243764 0.045556875099152 -2.16238415993498
40.7000000000003 24.5460433839498 121.080437149713 98.5560982648814 13.4571021603764 0.0680316852313212 -0.891312935370592
40.8000000000003 24.6147807717875 121.018378159 98.5286617592408 13.4461136064833 0.0877915675010837 -0.506223868843315
40.9000000000003 24.6835246030645 120.956468760191 98.5008461455371 13.4351942515557 0.103980178138579 -0.363092943392386
41.0000000000003 24.7522789050974 120.894739908195 98.4725803988402 13.424342963943 0.115893182545903 -0.31975428902266
41.1000000000003 24.8210478066948 120.833215942516 98.4438125172308 13.413555357083 0.12311126658393 -0.325589115780056
41.2000000000003 24.8898347040629 120.771914351457 98.4145110776117 13.4028232641176 0.126174588988963 -0.355993998954519
41.3000000000003 24.9586417089792 120.71084653977 98.3846633432573 13.3921349969429 0.125869674873322 -0.405447522707111
41.4000000000003 25.0274693169246 120.650018991613 98.3542720129558 13.3814759142776 0.122992704072354 -0.471559033233865
41.5000000000003 25.0963162185644 120.589434448714 98.323351917906 13.3708290016166 0.118347254744898 -0.551642734822502
41.6000000000003 25.1651792785944 120.529093088526 98.2919267186135 13.360175451185 0.112740658522924 -0.639716010786342
41.7000000000003 25.2340536884942 120.468993702392 98.2600256017867 13.3494952418923 0.106976073082761 -0.723060473927894
41.8000000000003 25.3029332830134 120.409134873702 98.2276799772338 13.3387677192859 0.101836192363646 -0.779290723861589
41.9000000000003 25.3718110001469 120.349516156056 98.1949201747586 13.327972175505 0.0980560384828358 -0.777335872677431
42.0000000000003 25.4406794608164 120.290139251422 98.1617721410568 13.3170884292349 0.0962907415551494 -0.686977254292151
42.1000000000003 25.5095316441574 120.231009163497 98.1282541869206 13.3060974054763 0.0968746948494703 -0.528962805452632
42.2000000000003 25.5783615564926 120.172134706157 98.0943750424391 13.2949817105283 0.0991940537842506 -0.361923463545465
42.3000000000003 25.6471646850497 120.113527374867 98.0601352325023 13.2837261948195 0.102437599093636 -0.212007193442978
42.4000000000003 25.7159382730506 120.055199573186 98.0255297603009 13.2723185109521 0.105837588322781 -0.0895799820105096
42.5000000000003 25.7846814777619 119.997162814463 97.9905508411344 13.2607496715618 0.108661612214039 0.00590377998191123
42.6000000000003 25.853395409397 119.939425923543 97.9551906362194 13.2490146071781 0.110199627575362 0.0805258884125744
42.7000000000003 25.9220830436733 119.881993238468 97.9194439864975 13.2371127240841 0.109753790672649 0.142860977700116
42.8000000000003 25.99074900434 119.824862812174 97.8833111464433 13.2250484621763 0.106633270861152 0.203641725865536
42.9000000000003 26.0593992213244 119.768024614196 97.8468005178728 13.2128318528251 0.100153849368659 0.27877163896742
43.0000000000003 26.1280404852627 119.711458732368 97.8099313837509 13.2004790767344 0.089642596604775 0.400134856864442
43.1000000000003 26.1966799369623 119.655133612407 97.772736593147 13.1880130130861 0.0747167103870149 0.670032550850023
43.2000000000003 26.2653244937424 119.599005282479 97.7352639760184 13.1754635620779 0.0561404697244289 1.39943672316487
43.3000000000003 26.3339802483202 119.543019078104 97.6975745337111 13.162867392228 0.0353725691017901 4.06009287540515
43.4000000000003 26.4026520817622 119.487112352037 97.6597393592881 13.1502674610741 0.0174142850522628 18.3967093375578
43.5000000000003 26.47134355127 119.431217222035 97.6218365090061 13.1377125271559 0.0245181678670744 9.50577491872467
43.6000000000004 26.5400569892711 119.375263318626 97.5839478737909 13.1252566619979 0.0477794149022636 2.30862227074737
43.7000000000004 26.6087937268343 119.319180532878 97.546156050714 13.1129587620921 0.0729478440502621 0.753231834580882
43.8000000000004 26.6775543436591 119.262901764162 97.5085412144682 13.1008820608813 0.0976249225520482 0.174883746687148
43.9000000000004 26.7463388452307 119.206365667923 97.4711779888438 13.0890936407411 0.120777276383941 -0.139739613684854
44.0000000000004 26.8151466750454 119.149519403444 97.4341323182047 13.0776639449636 0.141659035353756 -0.369490887826283
44.1000000000004 26.8839764946158 119.092321352354 97.3974583697132 13.0666662854103 0.159806903464701 -0.545711223600235
44.2000000000004 26.9528259056317 119.034743076221 97.3611962350279 13.0561762376138 0.175361361856415 -0.675443383357562
44.3000000000004 27.0216915178159 118.976769342628 97.3253716614331 13.0462707501664 0.188624405585242 -0.781407358835818
44.4000000000004 27.0905691290293 118.918397390351 97.2899965824403 13.0370271415564 0.199911021202052 -0.874227754425435
44.5000000000004 27.1594538588646 118.859636165263 97.2550696791397 13.028522092676 0.209539939813904 -0.959141245661579
44.6000000000004 27.2283402604571 118.800505556241 97.2205769415508 13.0208306393274 0.217828063392608 -1.03867791136893
44.7000000000004 27.297222435562 118.741035631073 97.1864922299734 13.0140251647314 0.225086091638272 -1.11386923564048
44.8000000000004 27.366094170945 118.681265872371 97.1527778363387 13.0081743920333 0.231614449600161 -1.1848633126099
44.9000000000004 27.4349491081366 118.62124441347 97.1193850455601 13.0033423768115 0.237699260045476 -1.25128889350963
45.0000000000004 27.5037809536086 118.561027274343 97.0862546968842 12.9995874995835 0.243608442235526 -1.31251007147122
45.1000000000004 27.5725837350494 118.500677584204 97.0533177641974 12.996961457066 0.249593788614092 -1.35095267140101
45.2000000000004 27.6413521704104 118.440264458361 97.020496429174 12.9955082209834 0.255828758377102 -1.3514228049442
45.3000000000004 27.7100822506498 118.379860997359 96.9877064054855 12.9952629145031 0.262255301256929 -1.31915188733073
45.4000000000004 27.7787718907845 118.319541940371 96.9548597558507 12.9962506562206 0.268569649878164 -1.2618484293644
45.5000000000004 27.8474215084519 118.259381305282 96.9218677280431 12.9984854028963 0.274254807894157 -1.18828376983084
45.6000000000004 27.9160344459603 118.199450028778 96.8886435908961 13.0019687921927 0.278626623878111 -1.10688720354344
45.7000000000004 27.9846171597178 118.139813606435 96.8551054703102 13.0066889854108 0.280883472817576 -1.02488352964757
45.8000000000004 28.0531791142884 118.080529732805 96.8211791852587 13.0126195102275 0.280152384805019 -0.948121496636827
45.9000000000004 28.1217323400586 118.021645941507 96.7868010837944 13.0197181034325 0.275527993203883 -0.881517237503778
46.0000000000004 28.1902906437794 117.963197245309 96.7519208790559 13.027925553665 0.266103242074625 -0.830082296318951
46.1000000000004 28.258868494222 117.905203812129 96.7165044503504 13.0371645934988 0.251287680126385 -0.806168739856377
46.2000000000004 28.3274795524145 117.847669574533 96.6805357362332 13.0473400745813 0.231720827576593 -0.814058398533395
46.3000000000004 28.3961350100617 117.790583208933 96.6440163226547 13.0583423997543 0.208388013590418 -0.850980061800437
46.4000000000004 28.4648423574274 117.733920048296 96.606964123103 13.0700522382281 0.18228512911326 -0.917846838912607
46.5000000000004 28.5336047703779 117.677644030757 96.5694120238237 13.0823452901048 0.154381834774124 -1.01949447003675
46.6000000000004 28.6024210488725 117.62170964823 96.5314065290399 13.0950970509005 0.125589582417132 -1.16687756162976
46.7000000000004 28.6712859973987 117.566063895022 96.4930064061719 13.1081875760681 0.0967297546471854 -1.38507193869252
46.8000000000004 28.7401911193466 117.510648216447 96.4542813310567 13.1215062455202 0.0684973201690337 -1.7473292524967
46.9000000000004 28.8091254944197 117.455400457435 96.4153105331681 13.1349565281512 0.0414246871685515 -2.59505077487093
47.0000000000004 28.8780767199467 117.400256811151 96.376181440836 13.1484607463607 0.016013055312868 -8.4173976461822
47.1000000000004 28.9470318213964 117.345153756533 96.3369883194454 13.1619647688488 0.0107114332325103 -16.1420235101551
47.2000000000004 29.015978048394 117.290029708029 96.297830727076 13.1754408385124 0.0343253545667627 -2.80318163783788
47.3000000000004 29.0849035120312 117.234825934745 96.2588115067258 13.1888856663661 0.0585472342618256 -1.72828455698487
47.4000000000004 29.1537977562427 117.179487191778 96.2200345959767 13.2023166605626 0.0828499956831734 -1.33961172622852
47.5000000000004 29.222652317155 117.123962340491 96.1816028296381 13.2157680836874 0.10697786777639 -1.10575756544146
47.6000000000004 29.2914612560782 117.068204968776 96.1436157423913 13.2292872100528 0.13051544296256 -0.933188224784388
47.7000000000004 29.3602216194919 117.012174011325 96.1061673714328 13.2429304829918 0.152901329711837 -0.794226065973959
47.8000000000004 29.428933758148 116.955834369899 96.0693440591187 13.2567596721523 0.173459876676509 -0.677114195566303
47.9000000000004 29.4976014262642 116.899157533592 96.0332222556086 13.2708380307915 0.191430510483666 -0.575057839557188
48.0000000000004 29.5662315810909 116.842122199107 95.997866321509 13.2852264530697 0.20599362905372 -0.482971421106221
48.1000000000004 29.634833815155 116.78471487603 95.9633263677952 13.2999796687597 0.21651438323601 -0.410812893572634
48.2000000000004 29.7034194423335 116.726930102455 95.9296370649351 13.3151434107496 0.223239281932472 -0.360927007188977
48.3000000000004 29.7720004819459 116.66876967146 95.8968189123012 13.3307540519443 0.226663944472495 -0.322514822788419
48.4000000000004 29.8405887224931 116.610241467926 95.8648804767856 13.3468392149603 0.227305385152657 -0.288670503635449
48.5000000000004 29.9091949196819 116.551358290367 95.8338206686918 13.3634184192363 0.225693119040582 -0.254259307554755
48.6000000000004 29.9778281682124 116.49213667276 95.8036310176275 13.380503728143 0.22236245800278 -0.214912784609936
48.7000000000004 30.0464954701215 116.432595706376 95.7742979483961 13.3981003960936 0.217849794941674 -0.166587719202954
48.8000000000004 30.1152015081879 116.372755861609 95.7458050568896 13.4162075156534 0.212690389103764 -0.105511364615245
48.9000000000004 30.1839486223616 116.312637809812 95.7181353859802 13.4348186646506 0.207419374489767 -0.0284976018784479
49.0000000000004 30.2527369805563 116.252261245117 95.6912737014127 13.4539225532863 0.202576562352588 0.0663220380090963
49.1000000000004 30.3215649302852 116.191643727659 95.6652087321597 13.4735036824401 0.198590460551968 0.149473445401173
49.2000000000004 30.3904294538125 116.130800082729 95.6399344868089 13.4935432930713 0.195403335827694 0.188518125119164
49.3000000000004 30.4593265390061 116.069743211188 95.6154492244956 13.5140210545515 0.192818037092312 0.180654241308173
49.4000000000004 30.5282514419224 116.008485455823 95.5917535018678 13.5349170440912 0.190606210046964 0.124463205668834
49.5000000000004 30.5971988718202 115.94703998909 95.5688481845136 13.5562137373634 0.188513010515115 0.0188914010698304
49.6000000000004 30.6661630971676 115.88542220085 95.5467324583896 13.5778979991267 0.186282869222969 -0.138101754147842
49.7000000000004 30.7351379720549 115.823651086115 95.5254018412481 13.5999630738478 0.183707116075774 -0.350872748246506
49.8000000000004 30.8041168900025 115.761750632783 95.5048461940653 13.6224105763252 0.180696808230129 -0.626725833687227
49.9000000000004 30.8730926846883 115.699751209384 95.4850477324689 13.645252482312 0.177388302667548 -0.974445367842888
50.0000000000004 30.9420575146634 115.637690952815 95.4659790381661 13.668513119139 0.174291035125705 -1.39775202832517
50.1000000000004 31.0110027942516 115.575617124006 95.4476011063907 13.692231107634 0.172458103743501 -1.80646996760536
50.2000000000004 31.0799193197214 115.513586629604 95.4298623298662 13.7164600377483 0.173283648798527 -2.07809662966008
50.3000000000004 31.1487977769532 115.451664426611 95.412699860074 13.7412659297442 0.177852601265813 -2.1689620081109
50.4000000000004 31.2176295354572 115.389921093045 95.3960419050378 13.7667234290906 0.186540837672974 -2.08311761002134
50.5000000000004 31.2864075908672 115.328430366527 95.3798100631267 13.792911952654 0.198899902482668 -1.87500086553342
50.6000000000004 31.3551275391662 115.26726668286 95.3639216568589 13.8199118348898 0.213824907263496 -1.61466601606556
50.7000000000005 31.4237884459375 115.206502714614 95.3482920667052 13.8478004740331 0.229844854769338 -1.35513995393257
50.8000000000005 31.4923934641194 115.14620690971 95.3328370648927 13.8766484782908 0.245363613295971 -1.12387808797706
50.9000000000005 31.5609500572059 115.086441030001 95.317475149208 13.9065158120321 0.258796422392367 -0.929551628804919
51.0000000000005 31.6294697025536 115.027257689861 95.3021298768008 13.9374479419802 0.268628303047116 -0.771056028250016
51.1000000000005 31.6979669860686 114.968697924357 95.2867321824298 13.9694720379259 0.273702726009242 -0.649230228635445
51.2000000000005 31.7664581731374 114.910789526981 95.2712222921958 14.0025945910338 0.274041446839206 -0.555675323507934
51.3000000000005 31.8349597020242 114.853547340822 95.2555506104384 14.0368026306507 0.270029532170668 -0.4766667072247
51.4000000000005 31.903486854512 114.796974319283 95.2396782021209 14.0720663587051 0.262111620847812 -0.401811596244362
51.5000000000005 31.9720526572939 114.741062616402 95.2235772596569 14.1083418386307 0.250766546039435 -0.321604314164899
51.6000000000005 32.0406670655315 114.685794677164 95.2072315697371 14.1455736842892 0.236491818946937 -0.225457272275007
51.7000000000005 32.109336457469 114.631144327816 95.1906369801559 14.1836977488929 0.219798008254495 -0.099525952017586
51.8000000000005 32.1780634485398 114.57707786619 95.1738018666379 14.2226438139277 0.201217030533756 0.0763252254618642
51.9000000000005 32.2468470180832 114.523555152011 95.1567475996649 14.2623382780762 0.181333788014104 0.333129221891754
52.0000000000005 32.3156829318373 114.470530697218 95.1395090113024 14.3027068461405 0.160860538709704 0.719130736615048
52.1000000000005 32.3845644318044 114.417954762657 95.1221348314411 14.3436772014836 0.140766106211676 1.25708590949243
52.2000000000005 32.4534829968821 114.365774620606 95.1046873288205 14.3851812499634 0.122365895870117 1.93886984729343
52.3000000000005 32.52242886196 114.313936238254 95.0872399334229 14.4271562761127 0.107400151058619 2.70530229414438
52.4000000000005 32.5913915198657 114.262386127007 95.0698740636502 14.4695456708116 0.0978530662745022 3.30077745668346
52.5000000000005 32.6603603157271 114.211073198183 95.0526759229151 14.5122996424787 0.0951492772105435 3.35287217607218
52.6000000000005 32.7293250685334 114.159950618692 95.0357332962317 14.5553759282621 0.0990555350152415 2.80490862265221
52.7000000000005 32.7982766449426 114.108977666728 95.0191323468072 14.59874050523 0.107657158037351 1.9952863844995
52.8000000000005 32.867207414313 114.058121587455 95.0029544126332 14.6423683015625 0.118518283483361 1.22007046149221
52.9000000000005 32.9361115246946 114.007359448695 94.9872728030762 14.6862439077421 0.129602202284958 0.564759322129853
53.0000000000005 33.0049849573492 113.956679996613 94.9721495954694 14.730362287745 0.139504240374039 0.00286806078185966
53.1000000000005 33.0738253463424 113.906085469491 94.9576324730275 14.7747294618491 0.147502920612627 -0.444309083374736
53.2000000000005 33.1426316803266 113.855592321552 94.9437526371829 14.8193624514927 0.153716254885428 -0.75989076302745
53.3000000000005 33.2114041396302 113.805229180049 94.9305254472988 14.8642873508735 0.158564037921585 -0.979483441598346
53.4000000000005 33.2801440348112 113.755033712407 94.9179521348036 14.9095366605982 0.162457468199261 -1.1194705267053
53.5000000000005 33.3488537933599 113.705049451451 94.9060215586489 14.9551465929495 0.165666226719014 -1.18873312557477
53.6000000000005 33.4175369857342 113.655322620632 94.8947119607674 15.0011543771521 0.168241192702026 -1.19521808605219
53.7000000000005 33.4861983598018 113.605898959256 94.8839927215314 15.0475955646399 0.169984110612924 -1.14839008878338
53.8000000000005 33.5548438373926 113.556820547708 94.8738261152107 15.0945013343224 0.170458092831429 -1.05853139357488
53.9000000000005 33.6234804217472 113.508122632679 94.8641690654308 15.1418957978514 0.169027647136793 -0.934193709973484
54.0000000000005 33.6921159702881 113.459830452392 94.8549749006312 15.1897933048878 0.164913823040998 -0.778769159743067
54.1000000000005 33.7607588008624 113.411956112747 94.8461950980349 15.2381957930382 0.157476195761259 -0.637723612088483
54.2000000000005 33.829417083017 113.364496787251 94.8377807289265 15.287091299216 0.146993663112885 -0.548946477575037
54.3000000000005 33.8980980759533 113.317436277354 94.8296831457116 15.3364554192327 0.134086843842119 -0.505064774287781
54.4000000000005 33.9668075089382 113.270747896573 94.8218543702829 15.3862539288138 0.119460562187224 -0.507451659792426
54.5000000000005 34.0355492114542 113.224397405536 94.8142474708999 15.4364454492842 0.103873951373682 -0.567331873211169
54.6000000000005 34.1043249789236 113.178345947016 94.8068169390672 15.4869841132541 0.0881286886613334 -0.709076901521242
54.7000000000005 34.1731346354337 113.132552980978 94.7995190664133 15.5378222303047 0.0730746939609987 -0.973471202654957
54.8000000000005 34.2419762420962 113.086979219619 94.7923123215695 15.588912952674 0.0596363958117438 -1.4075665677716
54.9000000000005 34.3108463952909 113.041589562406 94.7851577270485 15.6402129409427 0.0488523693468865 -1.99192664943427
55.0000000000005 34.379740562885 112.996356031118 94.7780192361235 15.6916850297194 0.0418530215894513 -2.44143861375011
55.1000000000005 34.4486534174709 112.951260672753 94.7708641026075 15.7433008630027 0.0394082704288748 -2.27421405504932
55.2000000000005 34.5175791192605 112.906297626931 94.7636630660602 15.795042741111 0.0410654119814104 -1.54771666924871
55.3000000000005 34.5865114918519 112.861473072395 94.7563900684617 15.8469034662093 0.0459370039587753 -0.737365739330887
55.4000000000005 34.6554441313705 112.816804338024 94.7490217863126 15.8988853994053 0.0533318314383174 -0.147208504281408
55.5000000000005 34.724370503715 112.77231898169 94.7415371556359 15.9509994875205 0.0628654216040692 0.189453264935366
55.6000000000005 34.7932840589501 112.728053869137 94.7339168969782 16.0032642898619 0.0743313530705241 0.341814231670943
55.7000000000005 34.8621783815287 112.684054252841 94.7261430404114 16.0557050049929 0.0875762400977702 0.383078073793575
55.8000000000005 34.9310473865537 112.640372850883 94.7181984505337 16.1083524975052 0.102439655389953 0.364866452413197
55.9000000000005 34.9998855648527 112.597068925817 94.7100663514718 16.1612423247899 0.118736930014478 0.318239211018339
56.0000000000005 35.0686882731867 112.554207363534 94.7017298518813 16.2144137638088 0.136259697954673 0.260182482073122
56.1000000000005 35.1374520608422 112.511857746249 94.6931714829876 16.2679088358288 0.154738734756641 0.211220766816046
56.2000000000005 35.2061750260286 112.470093272411 94.6843730756197 16.3217712781872 0.173725955534064 0.18115315651608
56.3000000000005 35.2748571738754 112.42898928806 94.6753164977708 16.3760453815976 0.192729655327073 0.165106104075429
56.4000000000005 35.3435006972128 112.38862166512 94.6659847311533 16.430774774488 0.211256350421763 0.159749638266148
56.5000000000005 35.412110121717 112.349065173799 94.6563629607922 16.4860012053004 0.228811224482291 0.163028818847717
56.6000000000005 35.4806922721983 112.310391854992 94.6464396646187 16.5417633247917 0.244901034877372 0.173895241974539
56.7000000000005 35.5492560206062 112.272669392685 94.6362077030636 16.5980954683332 0.25903944377252 0.192133647362408
56.8000000000005 35.6178117827666 112.235959486357 94.6256654086505 16.6550264382116 0.270754676771304 0.218304459202264
56.9000000000005 35.6863707404871 112.200316223382 94.6148176755892 16.7125782859284 0.279599367516178 0.253813971553663
57.0000000000005 35.7549437783258 112.165784451432 94.6036770493696 16.7707650945011 0.285162535041815 0.30114286770615
57.1000000000005 35.8235401518729 112.132398174379 94.5922647921854 16.8295917836338 0.287233863823771 0.353513391906312
57.2000000000005 35.8921662360627 112.100179559136 94.5806113199686 16.889053509545 0.28624307072846 0.402572173725805
57.3000000000005 35.960825041965 112.069139493354 94.5687550442753 16.949136574304 0.282766677364644 0.448613938329708
57.4000000000005 36.0295162393716 112.03927875406 94.556740585782 17.0098199298234 0.27735960549642 0.490908165803765
57.5000000000005 36.0982364344343 112.010589199795 94.5446169636123 17.0710767047227 0.27054172788297 0.527752520762733
57.6000000000005 36.1669796886684 111.983054962751 94.532435784664 17.1328757311917 0.262784294085164 0.556469683409828
57.7000000000006 36.2357382638731 111.956653640905 94.5202494329354 17.1951830718546 0.254496585839801 0.573422497045926
57.8000000000006 36.3045035682274 111.931357490155 94.5081092588526 17.2579635466332 0.246013823565895 0.574101990092835
57.9000000000006 36.3732672731596 111.907134616462 94.4960637685963 17.3211822596107 0.237588350704537 0.55331184123338
58.0000000000006 36.4420225681832 111.88395016798 94.4841568134285 17.3848061258954 0.229387325948802 0.505425645758644
58.1000000000006 36.5107655024694 111.861767520331 94.4724257901754 17.448805377852 0.221455190087692 0.43359445874842
58.2000000000006 36.5794959061735 111.840549283367 94.4609001317652 17.5131545348911 0.213620759149408 0.343943243449659
58.3000000000006 36.6482170744221 111.820257854792 94.4496005340607 17.5778320115238 0.205694275998345 0.234482416410776
58.4000000000006 36.7169349203313 111.800855795288 94.4385384727463 17.6428191889736 0.197527817193649 0.102018163575555
58.5000000000006 36.7856570705127 111.782306196761 94.427715731371 17.708099466157 0.189026431037749 -0.0582797300830492
58.6000000000006 36.8543919358904 111.764573050593 94.4171239293922 17.7736573106635 0.180165271687187 -0.253285509954225
58.7000000000006 36.9231477742435 111.747621615901 94.4067440502187 17.8394773097358 0.171016034907841 -0.492051378850111
58.8000000000006 36.9919317633589 111.731418787782 94.3965459692539 17.90554322125 0.161787310367716 -0.784951103115564
58.9000000000006 37.0607491062907 111.715933465569 94.3864879819393 17.9718370246959 0.152883722701336 -1.14011075555089
59.0000000000006 37.1296021929936 111.701136921083 94.3765163317974 18.0383379721571 0.144983862874781 -1.55391668445693
59.1000000000006 37.1984898565758 111.687003159536 94.3665647619994 18.1050216525962 0.13909151963787 -1.95993026350439
59.2000000000006 37.2674070275504 111.673509089402 94.3565546785544 18.1718594020779 0.13633701066648 -2.25191822829711
59.3000000000006 37.3363452381174 111.66063420734 94.346396866078 18.2388185921399 0.137630398709316 -2.35661359703214
59.4000000000006 37.4052935188181 111.648360092085 94.3359938151838 18.3058632641011 0.143351523017536 -2.2583214546487
59.5000000000006 37.4742393802789 111.636669890989 94.3252420733981 18.3729547766752 0.153224725553124 -2.01470235354082
59.6000000000006 37.5431698275173 111.625547806564 94.314034596075 18.4400524535843 0.166463837305011 -1.7122198465634
59.7000000000006 37.6120723578241 111.614978583023 94.3022630973115 18.5071142311723 0.182041431908826 -1.41711714044505
59.8000000000006 37.6809358881781 111.604946992819 94.2898204008624 18.5740973060187 0.198900554240171 -1.16176146983951
59.9000000000006 37.749751555505 111.595437323192 94.2766027910553 18.640958782552 0.216054099246689 -0.954409329330875
60.0000000000006 37.8185133329809 111.586432862705 94.2625123637057 18.7076563206631 0.232606729492491 -0.791785169937905
60.1000000000006 37.8872184101836 111.577915394332 94.2474593638384 18.7741487831002 0.2478053410481 -0.665974908509004
60.2000000000006 37.9558673433369 111.569864858592 94.231364180381 18.8403968771623 0.261202124179656 -0.567187419439637
60.3000000000006 38.024464072524 111.562259448378 94.2141584700919 18.9063637819258 0.272449793912209 -0.488051903551009
60.4000000000006 38.09301578417 111.555075873831 94.1957859384614 18.9720157697695 0.281228481044539 -0.423333340122868
60.5000000000006 38.1615325860433 111.548289633769 94.1762031074173 19.037322827681 0.287240541401422 -0.369240845970868
60.6000000000006 38.230027000713 111.541875287102 94.1553800830327 19.1022592785638 0.290209108427882 -0.322942504283552
60.7000000000006 38.2985132921793 111.535806724257 94.1333013232321 19.1668044025429 0.289878521079044 -0.282217033964996
60.8000000000006 38.3670066482802 111.530057438597 94.1099664054982 19.2309430582719 0.28601524833058 -0.245181475830056
60.9000000000006 38.4355222498388 111.524600797846 94.0853907945791 19.2946663042391 0.278408268031274 -0.210037595871219
61.0000000000006 38.5040742660651 111.519410315506 94.0596066101944 19.3579720200741 0.26686814627472 -0.174764580383121
61.1000000000006 38.572674823656 111.514459922752 94.0326633661544 19.4208655150793 0.251355185464115 -0.140599584740047
61.2000000000006 38.6413330092372 111.509724252602 94.004627966186 19.4833598046116 0.232367219963411 -0.108005769690479
61.3000000000006 38.7100540652134 111.505178955243 93.9755828129412 19.5454750433167 0.210538170674412 -0.0730133575412943
61.4000000000006 38.778838968327 111.500801025634 93.9456231737122 19.6072376262124 0.186497015292604 -0.0301515683805267
61.5000000000006 38.8476844153809 111.496569131582 93.9148545175595 19.6686792769987 0.160861744047617 0.029787374847916
61.6000000000006 38.9165831757606 111.492463941814 93.8833898524393 19.7298361363662 0.134239107538234 0.124931064045801
61.7000000000006 38.9855247540384 111.488468454056 93.851347062331 19.790747850306 0.107232996714858 0.296600305721535
61.8000000000006 39.0544962957953 111.484568323103 93.818846244365 19.8514566584183 0.0804715966534319 0.656948768455918
61.9000000000006 39.1234836641715 111.480752188899 93.7860070459503 19.9120064822223 0.0546999382201176 1.59566641999895
62.0000000000006 39.1924726129145 111.477012004606 93.7529460019018 19.9724420134645 0.0312433999495047 5.07050485045679
62.1000000000006 39.2614499772971 111.473343356575 93.7197738894708 20.0328078049003 0.0158952070957694 18.8845723526944
62.2000000000006 39.3304046641645 111.469745573446 93.6865935488394 20.093147425326 0.0240825427299312 7.4352110379319
62.3000000000006 39.399328142227 111.466221300002 93.6534988851797 20.1535027777165 0.0413263551275944 2.1390736673666
62.4000000000006 39.4682146440114 111.462775860155 93.6205743361773 20.2139134816136 0.0581983260225923 0.845989446762018
62.5000000000006 39.5370612235007 111.459416611828 93.5878943574577 20.2744162579873 0.0732918827421789 0.37418420047233
62.6000000000006 39.6058676741173 111.456152301832 93.5555229080122 20.3350443140959 0.0861627090885303 0.15344482712226
62.7000000000006 39.6746363084128 111.45299242075 93.5235129356242 20.3958267283466 0.0965428587127244 0.0317257080079038
62.8000000000006 39.7433716043597 111.449946557813 93.4919058622952 20.4567878351562 0.104212780070054 -0.0448724935308207
62.9000000000006 39.8120797274908 111.447023755784 93.4607310696711 20.5179466098115 0.10897083921321 -0.0999609426134202
63.0000000000006 39.8807679432082 111.444231865833 93.4300053844684 20.57931605333 0.110625048624686 -0.146357037674785
63.1000000000006 39.9494439418246 111.441576910499 93.399732583829 20.6409025903294 0.10909681918833 -0.195730335884403
63.2000000000006 40.0181151724571 111.43906265676 93.3699034188278 20.7027058051329 0.104738920831374 -0.257505223303015
63.3000000000006 40.0867883633631 111.436690722431 93.3404969532894 20.7647190364734 0.0980200675157598 -0.339533293050146
63.4000000000006 40.1554692038241 111.43446089268 93.3114824207572 20.8269303104328 0.0894198984686005 -0.453677829862468
63.5000000000006 40.224162147202 111.432371444615 93.2828211013914 20.889323286391 0.0794319832241941 -0.619349725224856
63.6000000000006 40.2928703335255 111.430419471881 93.2544681988671 20.9518782029744 0.0685719239630493 -0.869874831291105
63.7000000000006 40.3615956221267 111.428601209243 93.226374717272 21.0145728240049 0.0573954170916477 -1.2637712371368
63.8000000000006 40.4303387170626 111.426912357183 93.1984893380049 21.0773833844482 0.0465358521393891 -1.90020465085753
63.9000000000006 40.4990993627147 111.425348406489 93.1707602966731 21.1402855363633 0.0367754830455762 -2.90945366961655
64.0000000000006 40.5678765840091 111.423904962847 93.143137259991 21.2032552948501 0.0291326681769117 -4.25549301682286
64.1000000000006 40.6366689437136 111.422578066535 93.1155731800315 21.2662699724727 0.0246773722853001 -5.32107662002185
64.2000000000006 40.7054747570561 111.421364384864 93.0880255596814 21.3293088139879 0.023789868837823 -5.17805260852963
64.3000000000006 40.7742921866542 111.420261081579 93.0604562234556 21.3923528703169 0.0258369066242205 -4.03403074268675
64.4000000000006 40.8431192686007 111.419265558996 93.0328304995164 21.4553845728236 0.029660171139993 -2.8840045814749
64.5000000000006 40.9119539136362 111.418375195253 93.0051163790445 21.5183872960666 0.034405362407578 -2.08834489849542
64.6000000000006 40.980793894638 111.417587081557 92.9772836756116 21.5813449205512 0.0396743279661046 -1.59173017956482
64.7000000000006 41.0496368289415 111.416897759429 92.9493031845521 21.644241395481 0.0453582715921622 -1.28533408636548
64.8000000000006 41.1184801631447 111.416302957955 92.9211458423352 21.7070603015102 0.0515009681718033 -1.09148533572206
64.9000000000006 41.18732116768 111.415797331029 92.8927818859368 21.7697844134949 0.0582264092595959 -0.962313851878766
65.0000000000006 41.2561569485759 111.415374194603 92.8641800122116 21.8323952632458 0.0657027613116219 -0.869051083120346
65.1000000000006 41.3249844864548 111.415025269597 92.8353065562742 21.8948727132901 0.074036717577227 -0.772665856371434
65.2000000000006 41.3938007585206 111.414740572044 92.8061251641182 21.9571948169144 0.0829860596828803 -0.665631919757641
65.3000000000006 41.4626030060915 111.414508676995 92.77659771984 22.0193384049175 0.0921952182527779 -0.564492336828275
65.4000000000006 41.5313890343602 111.414317129658 92.7466857671002 22.0812799586427 0.101291754566189 -0.475635685894741
65.5000000000006 41.6001574733955 111.414152862198 92.7163519495948 22.1429964940211 0.109895151008009 -0.400233164722996
65.6000000000005 41.6689079810003 111.414002610539 92.6855614515253 22.2044664456152 0.117621277553487 -0.337175147242602
65.7000000000005 41.7376413708818 111.413853331171 92.6542834380705 22.2656705506621 0.124084676607369 -0.284564196184701
65.8000000000005 41.8063596519331 111.413692617946 92.6224924958563 22.3265927331168 0.128899998790734 -0.240376578446106
65.9000000000005 41.8750659683594 111.413509118884 92.590170073427 22.3872209876955 0.131683252391073 -0.202690979794916
66.0000000000005 41.943764435969 111.413292952974 92.5573059217164 22.447548263919 0.132053092391451 -0.169690508626584
66.1000000000005 42.0124598757505 111.413036115378 92.5238995132455 22.5075733366329 0.12974223030398 -0.153288628412008
66.2000000000005 42.0811574275862 111.412732581089 92.4899609082438 22.5673013249273 0.124932030258439 -0.166724327225085
66.3000000000005 42.1498620615322 111.412377643123 92.4555102168008 22.6267433185327 0.117927283031284 -0.214785860537378
66.4000000000005 42.2185781281034 111.411966949164 92.4205765079405 22.6859156526151 0.109048128599661 -0.309759472432218
66.5000000000005 42.2873090092291 111.411495526613 92.3851966974233 22.7448391690483 0.098638655323899 -0.475653821985406
66.6000000000005 42.3560568769606 111.410956807636 92.3494144355474 22.8035384776859 0.0870900653420671 -0.757336756853043
66.7000000000005 42.4248225592608 111.410341654208 92.3132789949511 22.8620412176336 0.0748955052473058 -1.23800773182724
66.8000000000005 42.4936055075688 111.409637383166 92.2768441584143 22.9203773185212 0.062777061524848 -2.06277899273086
66.9000000000005 42.5624038576962 111.408826791251 92.2401671066604 22.9785782617752 0.0519654664771626 -3.40248903134128
67.0000000000005 42.6312145739774 111.40788718016 92.2033073061584 23.0366763418905 0.0446460588375796 -5.01594829619354
67.1000000000005 42.700033667507 111.406789402035 92.1663253919468 23.0947039261816 0.0436716675621976 -5.40769717235021
67.2000000000005 42.768856504559 111.405497436454 92.1292819210415 23.1526926749879 0.0498133989585239 -4.03041832783191
67.3000000000005 42.8376782254586 111.403969316621 92.0922357973262 23.2106726614921 0.0608051495452819 -2.45603350466233
67.4000000000004 42.9064941940207 111.40215858706 92.0552425670251 23.2686714519923 0.0740275835297241 -1.3780509995866
67.5000000000004 42.9753004143453 111.400015781745 92.0183527091992 23.3267131846536 0.087761557914292 -0.700225737038164
67.6000000000004 43.04409387957 111.39748990224 91.9816099262422 23.3848176482594 0.100950924496223 -0.251504737228154
67.7000000000004 43.1128728218163 111.394529895829 91.9450494343762 23.4429993609626 0.112890330597031 0.0784270877086945
67.8000000000004 43.1816368390797 111.391086133652 91.9086962541476 23.5012666490371 0.123075053990617 0.354797539528362
67.9000000000004 43.2503868844054 111.38711188884 91.8725635009234 23.5596207256289 0.131152239588508 0.619668051041875
68.0000000000004 43.3191251154401 111.382564814649 91.8366506753866 23.6180547695079 0.136930456464983 0.904967736099871
68.1000000000004 43.3878546180462 111.377408416235 91.8009419883346 23.6765530237802 0.140504407664949 1.19024416232351
68.2000000000004 43.4565790330904 111.371613357194 91.7654055773391 23.7350904136044 0.14244963783643 1.44446452597136
68.3000000000004 43.5253021574975 111.365158346609 91.7299949873617 23.7936334813757 0.143458664498807 1.67036493947904
68.4000000000004 43.5940276129834 111.358030860869 91.6946515432307 23.8521418409128 0.144194082176335 1.86176571955788
68.5000000000004 43.6627586092911 111.350227859118 91.6593067564212 23.910569651607 0.145226389275488 2.00905351303068
68.6000000000004 43.7314977931375 111.341756498711 91.6238847318339 23.9688670925703 0.146973558233674 2.10517061323325
68.7000000000004 43.8002471607608 111.332634850671 91.5883045745753 24.0269818367846 0.149657569101385 2.15075217603956
68.8000000000004 43.8690080035362 111.322892615139 91.5524827967364 24.0848605252501 0.15329472344456 2.1560005346347
68.9000000000004 43.9377808520693 111.312571836833 91.516335724173 24.1424502411341 0.157726849842434 2.13845539168798
69.0000000000004 44.0065653844767 111.301727620498 91.4797819032844 24.1996999839197 0.162686150098347 2.11845309779139
69.1000000000004 44.0753602727569 111.290428813446 91.4427444878707 24.2565621283759 0.168037007373494 2.09454270831049
69.2000000000003 44.1441630495365 111.278757832235 91.4051531079929 24.3129934888862 0.17424165648397 2.03699232318767
69.3000000000003 44.2129702289454 111.266808316783 91.3669444239212 24.3689553819937 0.181720544540092 1.93339326388142
69.4000000000003 44.2817776385251 111.254681928625 91.3280621620871 24.4244132943054 0.190617412263391 1.78481392284149
69.5000000000003 44.3505808586732 111.242485116255 91.2884571311126 24.4793365352173 0.200793219899431 1.60207232186281
69.6000000000003 44.4193757142404 111.230325880464 91.2480872378395 24.5336978896395 0.211868175645308 1.3995892932619
69.7000000000003 44.4881587576591 111.21831053968 91.2069175033582 24.5874732707217 0.223289196049515 1.19001607182107
69.8000000000003 44.5569276797756 111.20654049531 91.1649200790377 24.6406413725784 0.23439963166276 0.981430778245834
69.9000000000003 44.6256815865563 111.195108997077 91.122074262554 24.693183323014 0.244498140662491 0.776823587857357
70.0000000000003 44.6944210871373 111.184097908359 91.0783665139198 24.7450823362485 0.25288454666337 0.574673177961644
70.1000000000003 44.7631481537578 111.173574515259 91.0337904700744 24.7963233764312 0.258958026344955 0.399733099626601
70.2000000000003 44.8318657952018 111.163589472506 90.9883469220565 24.8468931016667 0.262463186758043 0.270749169510674
70.3000000000003 44.9005776997955 111.154177635204 90.9420436971946 24.8967805201094 0.263342350179354 0.177660667558281
70.4000000000003 44.9692878674735 111.145360027411 90.89489550388 24.9459779265687 0.261626799635609 0.114225350302132
70.5000000000003 45.0380002389763 111.137145854455 90.8469237749003 24.9944818499037 0.257398082043216 0.0772409279033794
70.6000000000003 45.1067183608353 111.12953451524 90.7981565107739 25.0422940004182 0.250763942047788 0.066124655877282
70.7000000000003 45.1754451162119 111.12251761456 90.7486281230835 25.0894222172552 0.241844424447076 0.0829132338915891
70.8000000000003 45.2441825434518 111.116080975406 90.69837927781 25.1358814157915 0.230766658874331 0.132772094443973
70.9000000000002 45.3129317585119 111.110206651278 90.6474567386663 25.1816945350323 0.217669396541757 0.225224655582345
71.0000000000002 45.381692994269 111.104874938495 90.5959132104313 25.2268934850061 0.202721583321354 0.376517668950146
71.1000000000002 45.4504657628783 111.100066365725 90.5438071667264 25.2715200638524 0.186222747608294 0.574708133048675
71.2000000000002 45.5192490039821 111.095763091178 90.4912022732967 25.315626086935 0.168801897275606 0.79801530937463
71.3000000000002 45.5880410198231 111.091948796199 90.4381657844966 25.359271515711 0.151195838007286 1.05273451502271
71.4000000000002 45.6568394776417 111.088607986516 90.3847665352815 25.4025217986252 0.134160151333468 1.33765592105049
71.5000000000002 45.7256415956328 111.085725270723 90.331072917641 25.4454451816977 0.118425818429969 1.63523705378171
71.6000000000002 45.7944444564478 111.083284638747 90.2771508570322 25.4881100191118 0.104615083384404 1.90035924288883
71.7000000000002 45.8632453825042 111.081268740323 90.2230617888133 25.5305820838011 0.0931010302496224 2.05690946698023
71.8000000000002 45.9320423100771 111.079658163471 90.1688606346771 25.5729218780377 0.0838362742219908 2.01816800928729
71.9000000000002 46.0008341077524 111.078430712965 90.1145937790847 25.6151819440192 0.076250058293884 1.72438018014032
72.0000000000002 46.0696207993547 111.077560688813 90.0602970456984 25.6574041744569 0.0693366889091904 1.14697066822183
72.1000000000002 46.1384036674125 111.077018192593 90.0059937078024 25.699617159775 0.0620884479671956 0.364115122150416
72.2000000000002 46.2071851336348 111.076769158354 89.9516933823769 25.7418344872168 0.0543483449170068 -0.597666946627774
72.3000000000002 46.2759682976794 111.076777222785 89.8973931672935 25.7840554563299 0.0467772544524453 -1.87623637974282
72.4000000000002 46.3447563949834 111.077006319938 89.8430796621656 25.8262667463588 0.0408794615614691 -3.39496609432137
72.5000000000002 46.4135523200294 111.077423303817 89.7887310231842 25.8684441202488 0.0388951022197986 -4.27736066248085
72.6000000000002 46.4823582235403 111.078000570974 89.7343190179549 25.9105541286494 0.0424392014049837 -3.57780200703361
72.7000000000001 46.5511751728637 111.078718683098 89.6798110803342 25.9525558139192 0.0509438343679331 -2.11259367045237
72.8000000000001 46.6200028573706 111.079568989611 89.625172365266 25.994402414129 0.0627108767296922 -0.869951640763911
72.9000000000001 46.6888393203686 111.080556250253 89.5703678036181 26.0360430670667 0.0764683999175366 -0.00603488216059543
73.0000000000001 46.7576807058243 111.081701257684 89.5153641570184 26.0774245142403 0.0916641988339534 0.59022084272953
73.1000000000001 46.8265210330027 111.08304339683 89.4601320504945 26.1184927954008 0.108261010986916 0.910479455308536
73.2000000000001 46.8953522920151 111.084641560089 89.4046474279776 26.1591946965307 0.126270887315534 0.988542064264059
73.3000000000001 46.964165311633 111.086570888911 89.3488915427747 26.1994785720204 0.145501377669847 0.940438502436165
73.4000000000001 47.0329509413946 111.088917871227 89.2928503709049 26.2392949203107 0.165503678526976 0.832985576301784
73.5000000000001 47.1017012236326 111.091775375631 89.2365140022393 26.278596950054 0.185609448052775 0.70252663889814
73.6000000000001 47.1704104664212 111.09523768558 89.1798760316404 26.3173411462754 0.204993631487002 0.566500625361397
73.7000000000001 47.2390761216844 111.099395533575 89.1229329501018 26.3554878365336 0.222730198890692 0.431077087290707
73.8000000000001 47.3076993672193 111.104331135359 89.0656835358876 26.3930017570819 0.237836070887723 0.295725052474398
73.9000000000001 47.3762852987816 111.110113224098 89.0081282456718 26.4298526190293 0.249308226419616 0.155374001709081
74.0000000000001 47.4448426594264 111.11679208458 88.9502686056784 26.4660156745012 0.256160997250297 0.000627234628972392
74.1000000000001 47.5133830661784 111.124394663565 88.8921066099031 26.5014722732938 0.25773608613885 -0.150851264915332
74.2000000000001 47.5819197183795 111.132921660516 88.833644302492 26.5362101723398 0.254534439490425 -0.282633377298119
74.3000000000001 47.6504658164755 111.142349645406 88.7748838275918 26.5702232176986 0.247400978791294 -0.404700041712553
74.4 47.7190331851166 111.152635156902 88.7158276633555 26.6035107793596 0.237223418780528 -0.521958472813164
74.5 47.7876312839946 111.163718876707 88.6564788630318 26.6360771765368 0.224901301943274 -0.635154225651638
74.6 47.8562666249303 111.17552980391 88.5968412960537 26.6679311029648 0.211315020923903 -0.74051170171655
74.7 47.9249425728762 111.187989429332 88.5369198891274 26.6990850521942 0.197290874494029 -0.828638129125474
74.8 47.9936594810763 111.201015909874 88.4767208673215 26.7295547428866 0.183559848490827 -0.883333982732673
74.9 48.0624150932922 111.214528242861 88.4162519951555 26.7593585441109 0.170711963955846 -0.881318524296363
75 48.1312051386126 111.228450440392 88.3555228176892 26.7885169006376 0.159156960462707 -0.793994493775226
75.1 48.2000240432231 111.242715655502 88.2945448947658 26.8170517597684 0.149036589972859 -0.648434231052003
75.2 48.2688656099674 111.257269055488 88.2333318572713 26.8449860380184 0.140100861896127 -0.497497478153222
75.3 48.3377234536762 111.27206751498 88.1718990115888 26.8723431889709 0.132099080582472 -0.349245944681617
75.4 48.4065912782532 111.287078056178 88.1102627660688 26.8991468109855 0.124868591311826 -0.211473263072809
75.5 48.4754630932161 111.302276240902 88.0484400506537 26.9254202564404 0.118317383326876 -0.0921593576454128
75.6 48.5443333936796 111.317644562644 87.9864477365026 26.951186240974 0.112403154644782 9.43828648328115e-005
75.7 48.6131973175052 111.333170838616 87.9243020556161 26.9764664527267 0.107111968101542 0.0559340074574577
75.8 48.682050787733 111.348846601806 87.8620180204609 27.0012811615824 0.102439760677324 0.0655834658842267
75.9 48.7508906443807 111.364665493027 87.7996088435944 27.0256488284108 0.0983804753487923 0.0196096229142093
76 48.8197147672317 111.380621652967 87.7370853572896 27.0495857143084 0.0949250491328241 -0.0900531868576449
76.1 48.8885221875693 111.396708127438 87.6744554403848 27.0731054919667 0.0920753768271362 -0.238749505899516
76.1999999999999 48.9573131210999 111.412915615746 87.6117236329882 27.0962189123003 0.0898645345741576 -0.393957300765402
76.2999999999999 49.0260888144686 111.42923209006 87.548891228044 27.1189336113566 0.0883591654174765 -0.548569438449158
76.3999999999999 49.0948513198466 111.445642757906 87.4859565507526 27.1412539724864 0.0876554035029699 -0.693308127394243
76.4999999999999 49.163603270573 111.462130037849 87.422915245217 27.1631809906402 0.0878711680717645 -0.817479609054035
76.5999999999999 49.2323476643869 111.478673535191 87.3597605610883 27.1847121366648 0.0891342195455166 -0.910731655061645
76.6999999999999 49.3010876579611 111.495250017651 87.2964836402112 27.2058412215993 0.0915675268922315 -0.965495904848956
76.7999999999999 49.3698263764154 111.511833391058 87.2330738032707 27.2265582609717 0.0952751224055614 -0.979140702439715
76.8999999999999 49.438566741469 111.528394675037 87.1695188364367 27.2468493390951 0.100332170404887 -0.954703964965618
76.9999999999999 49.5073113219113 111.5449019787 87.1058052780109 27.2666964733641 0.106781697868519 -0.899777552654612
77.0999999999999 49.5760622124991 111.561320495657 87.0419187092866 27.2860774845391 0.114589629516496 -0.797737506788489
77.1999999999999 49.6448210019675 111.577613001503 86.9778441549935 27.3049660227185 0.123477350403034 -0.646924863040828
77.2999999999999 49.7135889051965 111.593741626796 86.9135667619156 27.3233319885189 0.133041751637957 -0.472545597881379
77.3999999999999 49.7823669271612 111.60967013251 86.8490725870937 27.3411421099427 0.142843240301619 -0.289432305651667
77.4999999999999 49.8511559722305 111.62536620481 86.7843493902416 27.3583605252342 0.1524471905729 -0.103548677580957
77.5999999999999 49.9199568748573 111.640803749831 86.7193874261639 27.3749493657355 0.16145686095007 0.0853548897854063
77.6999999999999 49.9887703347166 111.65596518845 86.6541802371719 27.3908693387424 0.169542642198418 0.28148033731753
77.7999999999999 50.0575967470584 111.670843751068 86.5887254455007 27.4060803103601 0.176474023779808 0.491425648224206
77.8999999999998 50.1264359299055 111.685445772383 86.5230255457264 27.4205418883595 0.182160742196575 0.722985030451219
77.9999999999998 50.1952867636955 111.699792986166 86.4570886971824 27.4342140050326 0.186709367292605 0.9835927373971
78.0999999999998 50.2641467821231 111.71392477381 86.3909295014988 27.4470575069823 0.190520146432273 1.23080275811665
78.1999999999998 50.33301192132 111.727899210922 86.3245693933208 27.4590349251768 0.194281238291459 1.41784589114453
78.2999999999998 50.4018767486271 111.741791062791 86.2580360490973 27.4701117026024 0.19862971076647 1.54175525525433
78.3999999999998 50.4707349687735 111.755688577899 86.1913624090493 27.4802576021823 0.20399783589265 1.60193527491719
78.4999999999998 50.5395800341652 111.769690235213 86.1245856842601 27.4894481216277 0.21054385308458 1.60437276721019
78.5999999999998 50.6084058039463 111.783901491464 86.0577463637659 27.4976659082897 0.218131588537906 1.56200528400079
78.6999999999998 50.6772071876595 111.79843152843 85.9908872216459 27.5049021740114 0.226358406085089 1.49183601515132
78.7999999999998 50.7459807010315 111.813390000226 85.9240523241131 27.511158109979 0.234615553751489 1.41113862802448
78.8999999999998 50.8147248596767 111.828883780585 85.8572860366044 27.5164463015736 0.242159488633268 1.33491761251025
78.9999999999998 50.8834403415382 111.845013710142 85.7906320308712 27.5207921432235 0.248178471470087 1.27536498756649
79.0999999999998 50.9521298625028 111.861871362852 85.7241322936453 27.5242352209652 0.25200281936492 1.23549424871227
79.1999999999998 51.0207977857249 111.879536309816 85.6578261762791 27.5268298554728 0.253583512545087 1.20706119538408
79.2999999999998 51.0894496612249 111.898074645767 85.5917495483936 27.5286435139628 0.252991505616496 1.18560938142198
79.3999999999998 51.1580918063653 111.91753801297 85.5259339925005 27.529754382566 0.250244706439499 1.16859581076034
79.4999999999998 51.2267309197907 111.937962644253 85.4604060001998 27.5302489064097 0.2452995541711 1.15506410726746
79.5999999999998 51.2953737196687 111.959368406033 85.3951861683775 27.5302193296999 0.23804751442373 1.14559876206872
79.6999999999997 51.3640265972543 111.981757841349 85.3302883954034 27.5297612358032 0.228315834091999 1.14258632739874
79.7999999999997 51.4326952799021 112.005115212891 85.2657190773287 27.5289710873291 0.215872157669196 1.15099291798137
79.8999999999997 51.5013845045798 112.029405546029 85.2014763040839 27.5279437662121 0.200433076911382 1.18025992997932
79.9999999999997 51.5700977136884 112.054573671844 85.1375490556762 27.5267701137936 0.181678086221933 1.2490063992581
80.0999999999997 51.6388367948536 112.080543316361 85.0739164219225 27.5255344906171 0.159494466787249 1.41849754690841
80.1999999999997 51.707601809879 112.107217391127 85.0105474340975 27.5243128487512 0.134751666264517 1.78659801213631
80.2999999999997 51.7763907106524 112.134481333336 84.9474024499033 27.5231721051476 0.108874558237253 2.52011233786935
80.3999999999997 51.8451993834906 112.162207647295 84.8844351503549 27.5221700275279 0.084005907661195 3.97032068406128
80.4999999999997 51.9140220971429 112.190260492102 84.8215945601997 27.5213551399827 0.0639830088778242 6.49281736248644
80.5999999999997 51.9828522460385 112.218500269309 84.7588270683385 27.5207666285706 0.0552975325075199 8.28068722534177
80.6999999999997 52.0516832523077 112.246788210607 84.696078448245 27.5204342469178 0.0616808047273333 6.32456201001484
80.7999999999997 52.1205094798639 112.274990965485 84.6332958783864 27.520378221817 0.0772351501853435 3.80294383222322
80.8999999999997 52.189327015707 112.302985188914 84.5704299626433 27.5206091588268 0.0947701345615395 2.35303993885006
80.9999999999997 52.258134187589 112.330662129013 84.5074367507302 27.5211279478708 0.110274133224602 1.59606610602568
81.0999999999997 52.3269317118315 112.357932152864 84.4442797339158 27.5219256747427 0.121737050564583 1.22541653744068
81.1999999999997 52.3957223779173 112.384727664077 84.3809311985641 27.5229836861592 0.128938772824429 1.07759474376711
81.2999999999997 52.4645103174514 112.411001937839 84.3173719495226 27.5242740445888 0.132315251275535 1.05808572549867
81.3999999999997 52.5333001488109 112.436726347719 84.2535903913316 27.5257601366292 0.132512277079347 1.12875508935467
81.4999999999996 52.6020961712874 112.461887530601 84.1895815847325 27.5273972872896 0.130323890301571 1.27283894742624
81.5999999999996 52.6709016858796 112.486484551637 84.1253463031774 27.5291333742738 0.126681582644294 1.47777735386194
81.6999999999996 52.7397184896826 112.510526069178 84.0608900893384 27.5309094422628 0.122654842049662 1.72121511144421
81.7999999999996 52.8085465673566 112.534027499725 83.9962223116164 27.5326603171974 0.119428358615904 1.95752555620579
81.8999999999996 52.8773839844576 112.557008182866 83.9313552206503 27.5343152205613 0.118211976221651 2.11423961537351
81.9999999999996 52.9462269736627 112.579488546217 83.8663030058264 27.5357983836633 0.120056970115379 2.11603621915
82.0999999999996 53.0150702003734 112.601487302473 83.8010808585108 27.5370296783894 0.125482483880298 1.94158747308762
82.1999999999996 53.0839072811382 112.623019481131 83.735704210092 27.5379256761399 0.133933340475258 1.66351626226641
82.2999999999996 53.1527316250265 112.644096579042 83.6701884137724 27.5384017937023 0.144408877767204 1.36446951038209
82.3999999999996 53.2215373116102 112.664727545637 83.6045486011696 27.5383748673094 0.155835197446718 1.09331149990238
82.4999999999996 53.2903198419661 112.684919800266 83.5387995456407 27.5377657431673 0.167189331633649 0.867681026801672
82.5999999999996 53.3590767158738 112.704680249527 83.4729555256077 27.536501867982 0.177536917770079 0.687807850887103
82.6999999999996 53.427807796605 112.724016304602 83.4070301878822 27.5345198794874 0.186027226942286 0.54716984433047
82.7999999999996 53.4965154324408 112.742936898592 83.3410364109898 27.5317681969723 0.19187630664275 0.437939717508129
82.8999999999996 53.5652043160562 112.761453503852 83.274986168495 27.5282096118078 0.194351527209693 0.353112725612924
82.9999999999996 53.6338810793668 112.77958114932 83.2088903923264 27.5238238779747 0.192760906528121 0.287073747332103
83.0999999999996 53.7025536398683 112.797339419867 83.1427588375626 27.5186102556683 0.186659242915085 0.23792135656707
83.1999999999995 53.7712302996685 112.814752987875 83.0765999852247 27.5125888349149 0.176482934795898 0.20184403184653
83.2999999999995 53.8399187138004 112.831850957431 83.010421041543 27.5057987622966 0.162905433744062 0.173259732451888
83.3999999999995 53.9086250577428 112.848665740764 82.94422797523 27.498295247687 0.146613630453609 0.147641009499
83.4999999999995 53.9773535101091 112.865231916681 82.8780255562146 27.4901465240652 0.128299103807131 0.119915507359226
83.5999999999995 54.0461060421173 112.881585089011 82.811817394376 27.4814308073294 0.10865218974209 0.0821334745580893
83.6999999999995 54.1148824800762 112.897760745051 82.7456059782788 27.4722332561107 0.088359113004692 0.0182431069270885
83.7999999999995 54.1836807907926 112.913793114002 82.6793927139071 27.4626429315869 0.0681031182384614 -0.111014171548931
83.8999999999995 54.2524975293286 112.929714025416 82.6131779633983 27.4527497572956 0.0485738309555347 -0.42305807705195
83.9999999999995 54.3213283837208 112.945551767634 82.546961083778 27.4426414789486 0.0305082741272318 -1.38768591113697
84.0999999999995 54.3901687500492 112.96132995853 82.4807404666048 27.4324006494183 0.0148431619094044 -6.23853149286644
84.1999999999995 54.4590142329114 112.977066736008 82.4145136012857 27.4221022682284 0.00663801778439492 -28.7273511259397
84.2999999999995 54.5278609497828 112.992774760195 82.3482771984798 27.411813082475 0.0153375069278101 -4.23895030061323
84.3999999999995 54.5967056948518 113.008461535388 82.2820273371733 27.4015915422526 0.0255693990794797 -0.911129734031749
84.4999999999995 54.6655460178375 113.02412974431 82.2157596126643 27.3914877812517 0.0344175925097784 -0.0712745251717254
84.5999999999995 54.7343802333879 113.039777582352 82.1494692845482 27.3815435973575 0.0416628228504925 0.298192632479878
84.6999999999995 54.8032073740684 113.055399091825 82.0831514247023 27.3717924332481 0.0473054012965531 0.534149254831132
84.7999999999995 54.8720270992155 113.070984496209 82.0168010652714 27.3622593569932 0.0514007228766439 0.733359646389885
84.8999999999995 54.94083957131 113.086520534402 81.9504133466524 27.3529610426518 0.0540383767633069 0.937307744812882
84.9999999999994 55.0096453109823 113.101990794967 81.8839836654799 27.3439057508711 0.055346938321429 1.17213016375648
85.0999999999994 55.0784450417648 113.11737605467 81.8175078208756 27.3350933264744 0.0555691530858469 1.42213211597066
85.1999999999994 55.1472395479592 113.132654728496 81.7509821155773 27.3265156377876 0.0552228926471013 1.63985133797462
85.2999999999994 55.2160295851937 113.147803602641 81.6844033425303 27.318158137299 0.0548457064842906 1.78595477931891
85.3999999999994 55.2848158423987 113.162798678992 81.6177687263587 27.3100018640579 0.0548620003398289 1.81476183095541
85.4999999999994 55.3535989412824 113.177616023884 81.5510758631006 27.3020254630627 0.0555113688172557 1.69721415022345
85.5999999999994 55.4223794624114 113.192232616867 81.4843226599437 27.2942072046489 0.0568119539710171 1.43704863093285
85.6999999999994 55.4911579849492 113.206627199465 81.4175072749607 27.2865270038775 0.0585892095077222 1.06396371033299
85.7999999999994 55.5599351271033 113.220781123939 81.3506280568447 27.2789684399225 0.0605632061539884 0.610866195603598
85.8999999999994 55.6287115767653 113.23467920205 81.2836834846451 27.2715207754598 0.0624623817572612 0.0960573734773792
85.9999999999994 55.6974881067223 113.248310553819 81.2166721075023 27.2641809760548 0.0641423302757054 -0.478948628011072
86.0999999999994 55.7662655750145 113.261669436147 81.1495924850916 27.2569556964848 0.0657277370978151 -1.00810970184466
86.1999999999994 55.835044894171 113.274755547662 81.0824431464628 27.2498624073489 0.0676814932607665 -1.37486421255323
86.2999999999994 55.9038269481319 113.287573004001 81.0152225955814 27.2429283393308 0.0705380663945917 -1.55837141555059
86.3999999999994 55.972612521837 113.300128789327 80.9479293352665 27.2361885677493 0.0746877404769163 -1.55419535352658
86.4999999999994 56.0414022740418 113.312431187695 80.8805618918363 27.229684064043 0.0802596490871761 -1.39469557361571
86.5999999999994 56.1101967453837 113.324488214421 80.8131188397534 27.2234597472545 0.0871125506255566 -1.13688324666826
86.6999999999993 56.1789963856775 113.336306047456 80.7455988262712 27.2175625355157 0.0949130542568417 -0.834935996540817
86.7999999999993 56.2478015807276 113.347887458747 80.6780005960785 27.2120393975318 0.103241766116937 -0.523533308468054
86.8999999999993 56.3166126584393 113.359230245615 80.6103230159458 27.206935404066 0.111683261393273 -0.217185742470229
86.9999999999993 56.3854298566952 113.370325662117 80.5425650993704 27.2022917794244 0.119890738123674 0.083160685380253
87.0999999999993 56.4542532417642 113.381156873186 80.4747260328992 27.1981439776643 0.127679560422873 0.33791785859979
87.1999999999993 56.5230825884032 113.391698000703 80.4068052460509 27.1945204016228 0.135170376587918 0.5190692962835
87.2999999999993 56.5919172690686 113.401914672189 80.3388025919156 27.1914427537205 0.142591180370559 0.641596479787774
87.3999999999993 56.6607561742168 113.411765161425 80.2707185713536 27.1889270295855 0.150173342291065 0.714629273468177
87.4999999999993 56.7295976685472 113.421201551849 80.2025545588717 27.1869845364004 0.158113662546391 0.744852077712897
87.5999999999993 56.7984395867071 113.430170899948 80.1343130284993 27.1856229112511 0.166551378134469 0.738387484471813
87.6999999999993 56.8672792663516 113.438616398652 80.0659977796646 27.1848471394734 0.175557671845496 0.701505623596083
87.7999999999993 56.9361136117286 113.446478540725 79.9976141630708 27.1846605730013 0.185135782226067 0.640549452347984
87.8999999999993 57.0049391774876 113.453696282159 79.9291693065717 27.1850659487146 0.195229242547738 0.561489666595333
87.9999999999993 57.0737522601733 113.460208205567 79.8606723410485 27.1860664067866 0.205735345535596 0.469452895013392
88.0999999999993 57.1425489890089 113.465953690002 79.792134621496 27.1876665022913 0.216482783972542 0.370133324680935
88.1999999999993 57.2113255272885 113.470874247857 79.7235698235853 27.1898730415677 0.227130270229502 0.268313328745924
88.2999999999993 57.2800785456144 113.474915285892 79.6549937241249 27.1926954737338 0.237291396258286 0.165303931828186
88.3999999999993 57.3488057072325 113.478028033338 79.5864238569982 27.1961461069569 0.246584482061842 0.060647886887653
88.4999999999992 57.41750601151 113.480171476434 79.517879164311 27.2002403179841 0.254644110503949 -0.0475149613277951
88.5999999999992 57.4861799773494 113.481314292958 79.4493796475395 27.2049967616728 0.261133838718151 -0.162259692922454
88.6999999999992 57.5548296610606 113.481436786761 79.3809460186777 27.2104375805205 0.265762067115451 -0.287873147415506
88.7999999999992 57.623458512843 113.480532822299 79.3125993513854 27.2165886141955 0.268303466399023 -0.430013655361533
88.8999999999992 57.6920710878637 113.478611759169 79.2443607321358 27.2234796090671 0.268629246597495 -0.595975719935935
88.9999999999992 57.7606726419345 113.475700386638 79.1762509113631 27.2311444277361 0.266751115913964 -0.794904076227515
89.0999999999992 57.8292686550142 113.471844797531 79.1082899587005 27.2396212405954 0.263018942052459 -0.997855788157388
89.1999999999992 57.8978642924768 113.467110685261 79.0404970245565 27.2489522501907 0.258467121994791 -1.16255751116882
89.2999999999992 57.966463887824 113.461579638077 78.9728903716297 27.2591822296081 0.254161078425521 -1.27462344038209
89.3999999999992 58.0350707152394 113.455343856461 78.9054875127613 27.2703565936621 0.250904228442684 -1.31769336916844
89.4999999999992 58.1036870763988 113.448500809872 78.8383053528791 27.2825194521135 0.249120319007976 -1.2799905892391
89.5999999999992 58.172314591047 113.441147893492 78.7713603309403 27.2957116628874 0.248793305624703 -1.15903088455039
89.6999999999992 58.240954564217 113.433377084977 78.7046685618745 27.3099688852914 0.249495459543007 -0.961243536028006
89.7999999999992 58.3096083065339 113.425269601196 78.6382459785276 27.3253196332336 0.250504131512965 -0.69653028477434
89.8999999999992 58.3782773041438 113.416890554985 78.5721084736045 27.3417833284409 0.250980724144959 -0.371091416670281
89.9999999999992 58.4469631713908 113.40828361189 78.5062720416121 27.3593683536768 0.250185589466044 0.0180094179514981
90.0999999999992 58.5156673703913 113.399465730087 78.4407529217241 27.378070141022 0.247803010269429 0.418129306127417
90.1999999999992 58.5843907119521 113.390424062884 78.375567764579 27.3978701717658 0.244346390474232 0.774147327446465
90.2999999999991 58.6531327523667 113.381118350827 78.3107338598396 27.4187372903905 0.240801823192784 1.08333899908715
90.3999999999991 58.7218913744914 113.371485476379 78.2462693876863 27.4406299301664 0.238326192741006 1.32959936127322
90.4999999999991 58.7906626792451 113.361444101788 78.182193671232 27.4634983738107 0.238013262087604 1.48930761854228
90.5999999999991 58.8594411825395 113.350899306936 78.1185274289364 27.487287014144 0.240655136894183 1.54344655096192
90.6999999999991 58.9282202584128 113.339747227204 78.0552930270205 27.5119366147488 0.246553136522312 1.48995752344252
90.7999999999991 58.9969927311218 113.32787969133 77.9925147318812 27.5373865706272 0.255448679823443 1.34679296918455
90.8999999999991 59.0657514944632 113.315188859266 77.9302189625061 27.5635771688582 0.266596537669388 1.1432053049137
90.9999999999991 59.1344900253039 113.301571860035 77.8684345428873 27.590451849256 0.278930806511605 0.907088897012632
91.0999999999991 59.2032026681046 113.286935386844 77.8071929448514 27.6179594409932 0.291331424751747 0.684876284617077
91.1999999999991 59.2718847872784 113.271199180577 77.7465282816687 27.6460557743385 0.30307673847092 0.504315577921722
91.2999999999991 59.3405331252979 113.254296691539 77.6864766690303 27.6747037061435 0.313713294341986 0.357954153786906
91.3999999999991 59.4091461497675 113.236174629598 77.6270753368051 27.7038725204442 0.32292934052503 0.238812887654173
91.4999999999991 59.4777242437645 113.216792471562 77.5683617312119 27.7335373050277 0.330508098035938 0.141080284335373
91.5999999999991 59.5462697638789 113.19612196857 77.5103726169912 27.7636783279986 0.336295636027263 0.0601542985119043
91.6999999999991 59.614786992874 113.174146653474 77.4531431795773 27.7942804143468 0.340179240570255 -0.00753732821436594
91.7999999999991 59.6832820095884 113.150861348219 77.3967061272703 27.8253323225133 0.342072946449049 -0.0647601437179123
91.8999999999991 59.7517624952418 113.126271671234 77.3410907934079 27.856826120958 0.341907844624402 -0.113676938706372
91.999999999999 59.8202374926419 113.100393544812 77.2863222385375 27.888756564726 0.339625541267587 -0.156017846481636
92.099999999999 59.8887171249213 113.073252692804 77.2324203692675 27.9211204748515 0.335249538222201 -0.194329094278945
92.199999999999 59.9572121011288 113.044883886355 77.1793994907906 27.953916191521 0.32911697046171 -0.230270156768628
92.299999999999 60.0257327991805 113.015329550051 77.1272689602642 27.9871432144713 0.321658465311804 -0.263580396419781
92.399999999999 60.094288364047 112.984638116106 77.0760342738616 28.0208019171473 0.313315631126287 -0.293423638935426
92.499999999999 60.1628860412926 112.952862368864 77.0256981705043 28.0548932636959 0.304532470691563 -0.318359142191148
92.599999999999 60.2315307444539 112.920057789293 76.9762617355925 28.0894185259611 0.295747231288304 -0.336330959172629
92.699999999999 60.3002248400458 112.886280899485 76.9277255047368 28.1243790004777 0.287384915720111 -0.344725314476567
92.799999999999 60.3689681300394 112.851587607155 76.88009056749 28.1597757254662 0.279850781983788 -0.340552591112523
92.899999999999 60.4377580101939 112.816031550136 76.8333596710778 28.1956091978269 0.273525388003695 -0.320802076810317
92.999999999999 60.5065897836138 112.77966244088 76.7875383241305 28.2318790901347 0.268762043648517 -0.282980862223609
93.099999999999 60.5754571102727 112.742524428374 76.742635889125 28.2685839677236 0.265810227740161 -0.232366760806435
93.199999999999 60.6443525207793 112.704654912926 76.6986663812945 28.3057210081255 0.264595689887783 -0.176871293135841
93.299999999999 60.7132678324762 112.666084510557 76.6556485224222 28.3432857264843 0.264972187051391 -0.118755494890892
93.399999999999 60.7821944619501 112.626837470255 76.6136055011016 28.3812717033231 0.266804564685676 -0.0601364026028904
93.499999999999 60.8511236766315 112.586932108658 76.5725647217092 28.4196703124028 0.269970908413046 -0.00282996649811718
93.599999999999 60.9200467979395 112.546381244728 76.5325575533756 28.4584704485797 0.274363427305849 0.0517339677250011
93.699999999999 60.9889553651284 112.505192634434 76.4936190789577 28.4976582556637 0.279888302681294 0.102532800179791
93.7999999999989 61.0578412675087 112.463369405424 76.4557878440102 28.537216854277 0.286464802996838 0.148925587637853
93.8999999999989 61.1266968514066 112.420910491706 76.4191056057574 28.5771260697113 0.294023968630189 0.190599459251793
93.9999999999989 61.195515007107 112.377811068327 76.3836170820647 28.6173621597867 0.302507129641181 0.227503871995617
94.0999999999989 61.264289248457 112.334062990346 76.3493696878736 28.6578975509573 0.311815844579533 0.255611401982963
94.1999999999989 61.3330139905641 112.289655343512 76.3164129456662 28.6987007888605 0.321650509650886 0.272341719622916
94.2999999999989 61.401685304108 112.244575278499 76.2847970684686 28.7397370332223 0.331630599517343 0.280015997652297
94.3999999999989 61.4703017320873 112.198808956849 76.254571216885 28.7809687672066 0.341341293419644 0.280832180837721
94.4999999999989 61.5388649214871 112.152342501207 76.225781743594 28.822356515011 0.350337576700957 0.276726401048005
94.5999999999989 61.6073800336313 112.105162945555 76.1984704378454 28.8638595594642 0.358150317324589 0.269320930716713
94.6999999999989 61.6758559064494 112.05725918545 76.1726727699565 28.905436659622 0.364293899736986 0.259931225892796
94.7999999999989 61.7443049456165 112.008622928263 76.1484161358091 28.9470467683644 0.36827505305282 0.249608390545127
94.8999999999989 61.8127427283533 111.95924964341 76.1257181013454 28.9886497499916 0.369602413910965 0.23920077014987
94.9999999999989 61.8811873136683 111.909139512593 76.1045846470654 29.0302070978213 0.367796159651991 0.229426781640586
95.0999999999989 61.9496582586766 111.858298363153 76.0850084492813 29.0716826365674 0.362573606231293 0.225872612740427
95.1999999999989 62.0181752156782 111.806738162534 76.0669681170977 29.1130428290672 0.354394202891015 0.233056432261138
95.2999999999989 62.0867561022711 111.754476398636 76.0504298554614 29.1542560786618 0.343939296400728 0.25050483307798
95.3999999999989 62.1554154490955 111.701535021271 76.0353500839359 29.1952916359232 0.33192558021835 0.278071426964564
95.4999999999988 62.2241631731933 111.647939366743 76.0216780922343 29.2361184901653 0.319095533685941 0.315555462809736
95.5999999999988 62.2930037748502 111.593717082429 76.0093586957525 29.2767042609539 0.306211623152508 0.362218011448368
95.6999999999988 62.3619359325356 111.538897051351 75.9983348911024 29.3170140896177 0.294053890391084 0.416150898590069
95.7999999999988 62.430952461807 111.483508316763 75.9885505116445 29.3570095307581 0.283419025651579 0.473551577733216
95.8999999999988 62.5000406017933 111.427579006722 75.9799528830218 29.3966474437603 0.275117320027179 0.5281514827185
95.9999999999988 62.5691825969955 111.37113525867 75.9724954786919 29.4358788843031 0.269962880053977 0.571301605935645
96.0999999999988 62.6383565593964 111.314200155898 75.9661405374507 29.4746480198156 0.268561649201609 0.592519614946713
96.1999999999988 62.7075377562314 111.256792973029 75.9608606926898 29.5128916675218 0.270695774066185 0.589747696917816
96.2999999999988 62.7767004189812 111.198929205942 75.9566380929817 29.5505404129034 0.275866958666632 0.568128395968993
96.3999999999988 62.8458195716678 111.140620910712 75.9534625343999 29.5875203507508 0.283497862273078 0.534391139263362
96.4999999999988 62.9148726613803 111.081877054442 75.9513295548285 29.6237548501605 0.292953114501136 0.495151584480975
96.5999999999988 62.9838409781796 111.022703866086 75.9502385282723 29.659166319532 0.30356010355492 0.455847192929397
96.6999999999988 63.0527108476647 110.963105187284 75.9501907591666 29.6936779715647 0.314625058970792 0.420409381626337
96.7999999999988 63.1214745704462 110.903082823183 75.9511875766867 29.727215588255 0.325443930377838 0.391445966979648
96.8999999999988 63.1901310771141 110.842636893268 75.9532284290581 29.7597092858935 0.335310036799827 0.370654763064113
96.9999999999988 63.2586862656678 110.781766182194 75.9563089778664 29.791095280062 0.343521160678018 0.3592838691956
97.0999999999988 63.3271529839691 110.720468500942 75.9604192236983 29.821317650375 0.349460771849377 0.343782858147087
97.1999999999988 63.3955504607765 110.658741316724 75.9655424464025 29.8503300985863 0.352810300541041 0.310192574645691
97.2999999999987 63.4639029700357 110.596583065038 75.9716562132308 29.8780976898494 0.353315006943637 0.258164921247768
97.3999999999987 63.5322381374926 110.533994730469 75.9787342015979 29.9045985873435 0.350722007354848 0.185942083219587
97.4999999999987 63.6005851085465 110.470981437819 75.9867480531735 29.9298257866432 0.344800409184572 0.0898575017825306
97.5999999999987 63.6689726085253 110.407554043234 75.9956692279741 29.953788850089 0.335368301817125 -0.0365852419324221
97.6999999999987 63.7374269356289 110.343730725341 76.0054708584546 29.9765156411568 0.322330629671446 -0.204299079769541
97.7999999999987 63.8059699460149 110.279538576375 76.0161296036002 29.9980540588286 0.305737859613171 -0.43125747047574
97.8999999999987 63.8746171115604 110.215015193311 76.0276275030179 30.0184737719624 0.285887102056966 -0.746603158767082
97.9999999999987 63.943375753645 110.150210268998 76.0399538310289 30.0378679536623 0.263510378299094 -1.19557712901204
98.0999999999987 64.0122435941898 110.08518714452 76.0531069245321 30.0563549457297 0.240270681646087 -1.77712472342322
98.1999999999987 64.0812081175033 110.020023353692 76.067095328954 30.0740781052268 0.219400499845843 -2.42107655809061
98.2999999999987 64.1502475208315 109.954808609098 76.0819372131835 30.0912010364007 0.20485565310245 -2.98458424150536
98.3999999999987 64.2193328472769 109.889641780253 76.097659102591 30.1079010047192 0.200242746441605 -3.21653073595536
98.4999999999987 64.2884307941037 109.824627833004 76.1142945858214 30.1243622809886 0.207191655475182 -2.97708693766177
98.5999999999987 64.357506902412 109.759874768926 76.1318830215857 30.1407694854708 0.224397261159907 -2.41569491489673
98.6999999999987 64.4265288193743 109.695490564726 76.150468245454 30.1573009320003 0.248529552890144 -1.78435841566052
98.7999999999987 64.4954693174129 109.631580111636 76.1700972766471 30.1741219721022 0.27583221449181 -1.22349443150553
98.8999999999987 64.5643087670317 109.568242154818 76.1908190248294 30.1913783391087 0.302996908598411 -0.759219891212445
98.9999999999987 64.6330367937583 109.50556623276 76.2126829969005 30.2091894922772 0.32733187163471 -0.368003013163599
99.0999999999986 64.7016529049012 109.44362964874 76.2357380027788 30.2276420523208 0.346932668036359 -0.0560914752100115
99.1999999999986 64.7701658903293 109.382495275959 76.2600308349438 30.2467856137031 0.361331562977873 0.176378144272245
99.2999999999986 64.8385921272933 109.322211478927 76.2856048813675 30.2666345902521 0.370688109860664 0.358978496301056
99.3999999999986 64.9069534923138 109.262812868513 76.3124987122062 30.2871724375384 0.375383833492983 0.508367321045286
99.4999999999986 64.9752752607796 109.204321089061 76.340744665482 30.3083559666659 0.375912299419034 0.63380241517593
99.5999999999986 65.0435841394937 109.146745605507 76.3703674327651 30.330119658064 0.372805569272267 0.740182953649288
99.6999999999986 65.1119065154566 109.090084490501 76.4013826448556 30.3523799752782 0.366576769396859 0.829814788603741
99.7999999999986 65.1802669555949 109.034325211519 76.4337954574653 30.3750396787621 0.35767159676109 0.903545105113649
99.8999999999986 65.248686952261 108.979445417981 76.4675991369 30.3979921396684 0.346427483895482 0.961590171319513
99.9999999999986 65.3171838793684 108.925413728369 76.5027736457413 30.4211256536406 0.333041641933483 1.00420119873398
100.099999999999 65.3857701077808 108.872190532651 76.5392842662687 30.4443277387648 0.317722436837858 1.04107812713471
100.199999999999 65.4544523166493 108.819729192592 76.5770812051285 30.4674890216974 0.30122714277863 1.07545941364186
100.299999999999 65.5232312588442 108.767978252117 76.6161016888588 30.4905060783915 0.284371724164039 1.09641468311546
100.399999999999 65.5921020285525 108.716884045568 76.6562730406618 30.5132838629995 0.267819401881653 1.09028313232502
100.499999999999 65.6610547059395 108.666393321262 76.697515794915 30.5357381209355 0.252037704242163 1.04092826417877
100.599999999999 65.7300752669065 108.61645586505 76.7397468116837 30.5577978019385 0.237272064938282 0.930549413856621
100.699999999999 65.7991466543686 108.56702712388 76.7828823912329 30.579407473135 0.223553451234046 0.740409675150491
100.799999999999 65.8682499252162 108.518070829353 76.8268413885393 30.6005297321019 0.210762181047833 0.450518944833051
100.899999999999 65.9373654154059 108.469561621285 76.8715483278032 30.6211476199291 0.198772729414763 0.0381826339005802
100.999999999999 66.0064739041703 108.421487671267 76.9169365169607 30.6412670342825 0.187708782326014 -0.521095132108223
101.099999999999 66.0755577947741 108.373853254946 76.9629511152563 30.6609190842133 0.178208709753639 -1.15212749806731
101.199999999999 66.1446020768606 108.326679991187 77.0095509804013 30.680160930371 0.171279097040124 -1.72556648091727
101.299999999999 66.2135946180168 108.280004697111 77.0567074177549 30.6990727804736 0.168282648836534 -2.1508284255781
101.399999999999 66.2825262860365 108.233875910025 77.1044017090909 30.7177533701824 0.170426332568048 -2.3370797202228
101.499999999999 66.3513912124184 108.188350358054 77.1526225944254 30.7363153857223 0.178114360189093 -2.26810812679614
101.599999999999 66.42018715151 108.143489430792 77.2013637538436 30.7548808865028 0.19065919275032 -2.02337141587376
101.699999999999 66.4889158201552 108.099355649941 77.250621289328 30.7735767277384 0.206506379567661 -1.71413846091051
101.799999999998 66.5575830647439 108.056009139955 77.3003912065856 30.7925299830698 0.22368752668894 -1.41992857071599
101.899999999998 66.6261986847492 108.013504098686 77.3506668968751 30.8118633671843 0.240171541083057 -1.17666620434997
101.999999999998 66.6947757451419 107.971885268022 77.4014366188347 30.8316906584365 0.254033048340686 -0.993006360545228
102.099999999998 66.7633292485594 107.931184453518 77.452681018004 30.852112168746 0.263830899049958 -0.866948700007832
102.199999999998 66.8318744447738 107.891418317585 77.5043716263969 30.8732114426914 0.269582972481519 -0.780950419640913
102.299999999998 66.9004256085194 107.852589405579 77.5564718499 30.8950550768728 0.271741537012211 -0.717823151614904
102.399999999998 66.9689951952939 107.814688445453 77.6089389357216 30.9176937684709 0.270813140929401 -0.665997576972597
102.499999999998 67.0375931938547 107.777696696388 77.661725977535 30.9411634110824 0.267322246566568 -0.616619456970897
102.599999999998 67.1062267089968 107.741588297439 77.7147839206228 30.9654861905563 0.261786294842623 -0.561955663908774
102.699999999998 67.1748997947224 107.706332616158 77.7680635670199 30.9906716808298 0.254698752601785 -0.494471324181742
102.799999999998 67.243613538452 107.67189659724 77.8215175806579 31.0167179397635 0.246520000327093 -0.406299287121876
102.899999999998 67.3123663835484 107.638247111154 77.875102492508 31.0436126049778 0.237677959534395 -0.289014019200305
102.999999999998 67.3811546701531 107.605353302777 77.9287807057253 31.0713339896884 0.228581983541056 -0.133776578221069
103.099999999998 67.4499733656831 107.573188914032 77.9825224770179 31.0998521763319 0.219569357350161 0.0441199024282317
103.199999999998 67.5188167753659 107.541733930473 78.0363072798938 31.129130052718 0.210700586224384 0.223506545776749
103.299999999998 67.5876788624035 107.510974511761 78.0901235988237 31.1591242022892 0.202040902900924 0.404038910142059
103.399999999998 67.6565533986527 107.480902246089 78.1439681052822 31.1897857369073 0.193732060019774 0.584293233577758
103.499999999998 67.7254341281548 107.45151337861 78.197844810013 31.2210611274301 0.185973136929618 0.760945630413164
103.599999999998 67.7943149602702 107.42280803986 78.2517642152958 31.2528930342871 0.178997836604654 0.928151611467596
103.699999999998 67.863190195264 107.394789474191 78.3057424672124 31.2852211380561 0.173046401660013 1.07747961895112
103.799999999998 67.9320547792953 107.367463268187 78.3598005079126 31.3179829700392 0.168331649805081 1.19883088032469
103.899999999998 68.0009045808567 107.340836579098 78.4139632278808 31.351114742839 0.165001654009887 1.28253286648438
103.999999999998 68.0697366767572 107.314917363263 78.4682586182019 31.3845521809349 0.163105410179207 1.32212182912593
104.099999999998 68.1385496275289 107.28971361728 78.5227169224468 31.4182313507748 0.1626198938518 1.31728552292185
104.199999999998 68.2073435991571 107.265232950556 78.5773697786536 31.4520894782713 0.163598926924639 1.26743275774212
104.299999999998 68.2761201358922 107.24148299904 78.6322493361679 31.4860657343231 0.166033726863233 1.17409947026783
104.399999999998 68.3448818120098 107.218472170332 78.6873873625787 31.5201020077413 0.169813394100425 1.0439618053591
104.499999999998 68.4136318855201 107.19621040154 78.742814350274 31.554143677691 0.174750191785289 0.886524875528509
104.599999999998 68.4823739465584 107.174709917136 78.7985586229959 31.5881403861328 0.180615039596666 0.711477532846204
104.699999999998 68.5511115505031 107.153985986808 78.854645442396 31.6220468102645 0.187175132920658 0.52681660993045
104.799999999998 68.6198478294767 107.13405768332 78.9110961145906 31.6558234349626 0.194228170816928 0.338120850678244
104.899999999998 68.6885850804436 107.114948640364 78.9679270967158 31.6894373252237 0.201631241222973 0.148756880427905
104.999999999998 68.7573243336021 107.096687810417 79.025149103483 31.7228628986066 0.209324924852134 -0.0393912904692029
105.099999999998 68.8260649224895 107.079310198436 79.0827662251349 31.7560826887167 0.217288018636852 -0.207697901790541
105.199999999998 68.89480434937 107.062856967343 79.1407753418192 31.7890878758236 0.225333304658591 -0.342197774117289
105.299999999998 68.9635388663654 107.047373948847 79.1991662904087 31.8218782263504 0.233253383499092 -0.448973225637395
105.399999999998 69.0322642669709 107.032909526053 79.2579223277386 31.8544617994954 0.24085018207894 -0.534104248374615
105.499999999998 69.1009765901835 107.019512491912 79.3170206052456 31.8868546448975 0.247914712058796 -0.603376704239455
105.599999999998 69.1696727176878 107.007229907676 79.3764326436055 31.9190805003008 0.254217497820715 -0.662246748069515
105.699999999998 69.2383508527452 106.996104961343 79.4361248073726 31.9511704892202 0.259507157775725 -0.715935355373956
105.799999999998 69.3070108684337 106.986174826109 79.4960587796173 31.9831628186064 0.26351533067044 -0.769614833132897
105.899999999998 69.3756545143506 106.977468518822 79.5561920365653 32.0151024765106 0.265966942380218 -0.828690848959739
105.999999999998 69.4442854749619 106.97000475843 79.6164783222352 32.0470409297503 0.266595700420754 -0.899205755083311
106.099999999998 69.5129092736062 106.963789859938 79.6768681307465 32.0790358012938 0.265309126415779 -0.971200856147811
106.199999999998 69.5815329024949 106.958816551601 79.7373093880103 32.1111500203627 0.262592945125869 -1.02650643980308
106.299999999998 69.6501641001545 106.955065135693 79.7977486395498 32.143449634048 0.258986057338712 -1.05886208385799
106.399999999998 69.7188106720642 106.952505572503 79.858132437705 32.1760010916434 0.25489005085966 -1.06172561440288
106.499999999998 69.787479996075 106.951099599852 79.9184087365061 32.2088685086981 0.250539372252565 -1.02923522200151
106.599999999998 69.8561786641932 106.950802852593 79.9785282865467 32.2421109310705 0.245986454917306 -0.956844477122117
106.699999999998 69.9249122008124 106.951566982123 80.0384460298568 32.2757795989812 0.24110832237935 -0.841200282874759
106.799999999998 69.9936847997936 106.953341775894 80.0981224947763 32.309915211066 0.235638135524059 -0.678988403225523
106.899999999998 70.0624990323063 106.956077276917 80.1575251908285 32.3445451884296 0.229222373162829 -0.464722234536849
106.999999999998 70.1313554939722 106.959725903274 80.2166300035929 32.3796809386982 0.221504965769776 -0.187606335907656
107.099999999998 70.2002523871458 106.964244548285 80.2754225668882 32.4153151671507 0.212302292170122 0.124907301821539
107.199999999998 70.2691851596619 106.969596177803 80.3338990450013 32.4514204118632 0.201902716822307 0.44211325935065
107.299999999998 70.3381464472329 106.975750150999 80.3920654173423 32.4879506859662 0.190920601862522 0.772392437746848
107.399999999998 70.4071262807736 106.98268203827 80.4499361731455 32.5248443439163 0.180195794345876 1.11430484413751
107.499999999998 70.4761125072305 106.990373419811 80.5075329834797 32.5620269948447 0.170737231312917 1.44882595918077
107.599999999998 70.545091422612 106.998811684188 80.5648833732593 32.5994144159065 0.163620321604082 1.73351459062264
107.699999999998 70.6140485963859 107.007989826901 80.6220193932547 32.6369154656292 0.159803003802857 1.90951839848694
107.799999999998 70.6829698486002 107.017906248961 80.6789762921028 32.6744349972615 0.159878890303461 1.92945537833644
107.899999999998 70.7518423281118 107.028564555459 80.7357911883178 32.7118767721227 0.16387861595643 1.7895173827358
107.999999999998 70.8206556318126 107.039973354133 80.7925017423017 32.7491463729508 0.171253010811551 1.53205040474768
108.099999999998 70.8894028949941 107.052146041009 80.8491448346548 32.7861541015738 0.181023901776806 1.23546938104768
108.199999999998 70.9580816477462 107.065100249826 80.9057554082869 32.8228174689389 0.192005241634484 0.960664378418473
108.299999999998 71.0266941413098 107.078856447981 80.9623657263282 32.8590626503651 0.203110793284284 0.723477443403162
108.399999999998 71.0952473091003 107.093436196266 81.0190047938405 32.8948255331541 0.21341157087494 0.5245742293318
108.499999999998 71.1637524765738 107.10886039567 81.0756977858292 32.9300527485236 0.222114690861328 0.357864077516269
108.599999999998 71.2322248127843 107.125147534179 81.1324654752542 32.9647027035402 0.228536308386976 0.215021609060044
108.699999999998 71.3006825199676 107.142311933583 81.1893236610415 32.9987466130527 0.232080853497818 0.0871905520683574
108.799999999998 71.3691457694617 107.16036199627 81.2462825960948 33.0321695316244 0.232229025363647 -0.0349460618720842
108.899999999998 71.437635406894 107.179298452039 81.3033464153063 33.0649713854673 0.228533774989196 -0.162189279911041
108.999999999998 71.5061714662313 107.199112604892 81.3605125635689 33.097168004374 0.220623889163446 -0.309111369863446
109.099999999998 71.5747715518055 107.219784626953 81.4177712356481 33.1287921046207 0.20850138723891 -0.482460975676778
109.199999999998 71.6434492314392 107.241283077235 81.4751051244408 33.1598929970719 0.193394794966965 -0.683476628091978
109.299999999998 71.712212802259 107.263567529663 81.532489952061 33.1905330592594 0.176879176598111 -0.918261463665089
109.399999999998 71.7810646412434 107.286592425959 81.5898953093115 33.2207829326651 0.160575536258801 -1.17796568200598
109.499999999998 71.8500010835656 107.310310975627 81.6472855070168 33.2507166709717 0.146111806610027 -1.42285562354993
109.599999999998 71.9190127161708 107.334679055951 81.7046204273561 33.2804068883142 0.135013312221132 -1.56823479076362
109.699999999998 71.9880849626067 107.359659111981 81.761856375196 33.309919907531 0.128493999317426 -1.50292689760391
109.799999999998 72.057198844748 107.385224056528 81.8189469294234 33.3393109084154 0.127238666046891 -1.16237185182227
109.899999999998 72.1263318370461 107.411361170151 81.8758437942784 33.3686190759668 0.131421442389845 -0.596280414612075
109.999999999998 72.1954587784869 107.438076001153 81.9324976506872 33.3978627486418 0.141101133551086 0.0559546954752894
110.099999999998 72.264552884015 107.465396184105 81.9888590055576 33.4270346649198 0.156409320839591 0.540251825542165
110.199999999998 72.3335871409379 107.493373140365 82.0448789881031 33.4560997660365 0.176628142432542 0.745551975548509
110.299999999998 72.4025363739621 107.522078402077 82.1005100117027 33.4849994874526 0.200761562959337 0.764776176805002
110.399999999998 72.4713795320199 107.551597818169 82.1557063827883 33.5136586064892 0.227565005737341 0.68460150631448
110.499999999998 72.5401018976103 107.582025678877 82.2104249076958 33.5419921882794 0.255504863441808 0.561270311731402
110.599999999998 72.6086970385959 107.613458840275 82.2646254995156 33.5699125317184 0.28282176684342 0.423270701616628
110.699999999998 72.6771682621999 107.645990848803 82.3182717849434 33.5973361154139 0.307607613139403 0.280726209987404
110.799999999998 72.7455293032929 107.679706065799 82.371331711131 33.6241905436372 0.327878422970484 0.132701333086643
110.899999999998 72.8138039966985 107.714673792022 82.4237781525368 33.6504214922731 0.341652424909781 -0.029436594035311
110.999999999998 72.8820247510356 107.750942392182 82.4755895177763 33.6759996547712 0.347047328674004 -0.222559963289637
111.099999999998 72.9502297554404 107.78853350494 82.5267503331016 33.7009275877513 0.342924756452423 -0.442358287705559
111.199999999998 73.0184589387848 107.82743847511 82.5772512182129 33.7252439476534 0.330535352076171 -0.684834638543686
111.299999999998 73.0867493439229 107.867620426835 82.6270873195317 33.7490211046513 0.311969453367282 -0.973241053561191
111.399999999998 73.155131276949 107.90901855897 82.6762561358069 33.7723601476099 0.289650301973692 -1.326541755721
111.499999999998 73.2236257248616 107.951552525938 82.7247553203489 33.7953857886976 0.266370977031061 -1.75005668650945
111.599999999998 73.2922430559189 107.995126818582 82.7725804832643 33.8182412679996 0.245306702844694 -2.21068883770668
111.699999999998 73.360982883705 108.039635145014 82.8197229936897 33.8410832581302 0.22984259328062 -2.60332271669635
111.799999999998 73.4298348884655 108.084964811468 82.8661677820265 33.8640767688457 0.222965649695132 -2.76137054569151
111.899999999998 73.4987803377073 108.131001103157 82.9118911421748 33.8873900516569 0.226246955078052 -2.57459838838845
111.999999999998 73.5677940288748 108.17763166512 82.9568585337679 33.9111895044424 0.239178805849941 -2.10495692532365
112.099999999998 73.636846398563 108.224750843831 83.0010224292236 33.935634608152 0.259540365692944 -1.56112335345256
112.199999999998 73.7059058794309 108.272263008398 83.0443213260358 33.9608736978884 0.284408256642859 -1.09818735769043
112.299999999998 73.7749417652622 108.32008328151 83.0866817169841 33.9870418520215 0.311388118298123 -0.740640910629378
112.399999999998 73.8439268760817 108.368137249971 83.1280212255847 34.01425961568 0.338717401995529 -0.474299994303824
112.499999999998 73.9128396567905 108.416360635995 83.1682517863566 34.0426317563346 0.365062169568046 -0.276794838180009
112.599999999998 73.9816656762126 108.464698968498 83.2072828250898 34.0722460193807 0.389341922907473 -0.128324207724045
112.699999999998 74.0503984970256 108.513107254387 83.2450244391117 34.1031718837216 0.410616521796988 -0.0136727251533138
112.799999999998 74.1190398845 108.561549649856 83.281390577555 34.1354593173512 0.428025277014347 0.0784788014005596
112.899999999998 74.1875993286723 108.609999131675 83.3163022216243 34.1691375329375 0.44076237672586 0.156763691919633
112.999999999998 74.2560928715427 108.658437168484 83.3496905648636 34.2042137434049 0.448075728432742 0.228281304325218
113.099999999998 74.3245412602699 108.706853382416 83.381500165685 34.2406719584384 0.449482662516879 0.292782453933226
113.199999999998 74.3929675788828 108.755244959336 83.4116913786996 34.2784728449195 0.445380701522453 0.347533753540076
113.299999999998 74.4613948790969 108.803615420959 83.4402409553148 34.317556288116 0.436406697619635 0.394143144580931
113.399999999998 74.5298442272237 108.851973145575 83.4671419231339 34.3578450168046 0.423203149247088 0.432909618932183
113.499999999998 74.5983332563535 108.900329879117 83.4924034376168 34.399248269314 0.406388486330528 0.463026241087606
113.599999999998 74.6668752404766 108.94869924622 83.5160506337412 34.4416654595678 0.38652835857635 0.482559758018144
113.699999999998 74.7354786738501 108.997095261286 83.5381244776637 34.4849898431274 0.36411015269862 0.488216018693834
113.799999999998 74.8041473142355 109.045530839545 83.5586816183807 34.5291121832357 0.339522867199726 0.474804371572025
113.899999999998 74.8728806338621 109.094016308118 83.5777942393894 34.5739244168594 0.313044745525141 0.434155775803401
113.999999999998 74.9416746170625 109.142557917078 83.5955499103489 34.6193233207326 0.284842347389325 0.352909764547064
114.099999999998 75.0105228324105 109.19115637023 83.6120514120737 34.6652141427854 0.255048973579201 0.239793286212712
114.199999999998 75.0794173551185 109.239805868454 83.62741586818 34.7115133336022 0.2240260338864 0.107720374905301
114.299999999998 75.148348951731 109.28849445419 83.6417721166925 34.7581489933402 0.192268664491031 -0.0637543758903956
114.399999999998 75.2173071915524 109.337204868494 83.655257388305 34.8050604186769 0.160357595405019 -0.312991362426722
114.499999999998 75.2862808383222 109.385915427805 83.6680139579723 34.8521976151436 0.128990511667941 -0.719511732462396
114.599999999998 75.3552584698083 109.43460090071 83.6801857965029 34.899520809459 0.0990855436977979 -1.46421879751007
114.699999999998 75.4242292450672 109.483233384718 83.6919152221512 34.9469999618628 0.0720902103497155 -2.97428163462187
114.799999999998 75.4931837327878 109.531783183024 83.7033395522098 34.994614278449 0.0508874262878531 -5.93301615632848
114.899999999998 75.5621147133421 109.580219681278 83.7145877546026 35.0423517234997 0.0411257145988869 -8.39254298302694
114.999999999998 75.6310178718904 109.628512224354 83.7257770994763 35.0902085318183 0.0458460045886845 -5.71180489793154
115.099999999998 75.6998923051146 109.676630989865 83.7370098301803 35.1381887122952 0.0579681728339662 -2.68107889081161
115.199999999998 75.7687406562626 109.724547777108 83.7483703382984 35.1863033235007 0.0708353215409047 -1.09170969588607
115.299999999998 75.837568647072 109.772236581329 83.7599236182017 35.2345691705802 0.0817889222151021 -0.223971805352624
115.399999999998 75.9063842333085 109.819674083423 83.7717142256537 35.2830072741773 0.089849695088949 0.356389290590918
115.499999999998 75.9751965528569 109.866840136374 83.7837652558025 35.3316413305879 0.0946851807436148 0.85131050554567
115.599999999998 76.0440147203097 109.913718251702 83.7960773211737 35.3804961719157 0.0963527827455546 1.3775928750942
115.699999999998 76.1128465276755 109.960296085903 83.8086275296616 35.4295962262264 0.0953377297059805 2.02562634465726
115.799999999998 76.1816971227446 110.006565926895 83.8213684625224 35.4789639777027 0.0927873891002961 2.85789340008574
115.899999999998 76.2505677493411 110.05252518046 83.8342271523658 35.5286184267988 0.0909189248177593 3.81349834696201
115.999999999998 76.319454647195 110.09817685669 83.8471040611473 35.5785735503955 0.0933025731981694 4.52260092435678
116.099999999998 76.3883482418861 110.143530036971 83.859872127161 35.6288367866431 0.104042799980593 4.3480022106145
116.199999999998 76.4572332016478 110.188599835104 83.8723776060329 35.6794081617071 0.124935885022352 3.4058304056443
116.299999999998 76.5260901741249 110.233406074282 83.8844454657196 35.7302810459581 0.154249675032268 2.41008826709759
116.399999999998 76.5948984183175 110.27797145821 83.8958865755082 35.7814435520633 0.188983827283639 1.65973096853485
116.499999999998 76.6636386727173 110.322319722761 83.9065049640163 35.8328799577674 0.226340750482577 1.1437632256558
116.599999999998 76.7322959676709 110.36647378763 83.9161050771922 35.8845721286727 0.263933898816662 0.788014923673315
116.699999999998 76.8008620751052 110.410453907993 83.9244990363146 35.9365009410199 0.299646769211424 0.531776632049225
116.799999999998 76.8693372801556 110.454275826165 83.9315138959932 35.9886477044685 0.331506251159299 0.334230956036618
116.899999999998 76.9377311781682 110.497948923254 83.9369989021681 36.0409955848771 0.357624677745677 0.167776809564239
116.999999999998 77.0060622520943 110.541474370821 83.9408327501105 36.0935310270841 0.376200553450668 0.0114229706164871
117.099999999998 77.0743560762782 110.584843310645 83.9429307428967 36.1462451609241 0.385967837747294 -0.132340902459022
117.199999999998 77.1426422428815 110.62803576528 83.943249362222 36.1991347713758 0.387459777038247 -0.260267900196021
117.299999999998 77.2109508044424 110.671021403717 83.9417842705344 36.2522021622765 0.381782826113229 -0.385231509429318
117.399999999998 77.2793090943155 110.71376103784 83.9385657255083 36.3054545841681 0.370174343122989 -0.516034212069189
117.499999999998 77.3477392433605 110.756208146988 83.9336538949919 36.3589036453788 0.353968265987644 -0.659249727275569
117.599999999998 77.4162565256465 110.798310402517 83.9271341719547 36.412564723105 0.334564590180336 -0.819543711840119
117.699999999998 77.4848685752719 110.840011192365 83.9191124894355 36.4664563744938 0.31340203543296 -0.998702613378758
117.799999999998 77.5535754414963 110.881251145614 83.9097106354895 36.520599747724 0.291928492771203 -1.19321742945538
117.899999999998 77.622370392168 110.921969657054 83.8990615681365 36.5750179930889 0.271555659956524 -1.39052592734587
117.999999999998 77.6912413361537 110.962106411743 83.8873047303083 36.6297356740775 0.253576558958858 -1.5654152764173
118.099999999998 77.7601727018021 111.001602898845 83.8745813956971 36.684778179772 0.238962754837836 -1.70201908426945
118.199999999998 77.8291473326372 111.040403646494 83.8610308180317 36.7401711714375 0.228112753527892 -1.79293450725549
118.299999999998 77.8981477648661 111.078456748515 83.8467884198206 36.7959401159099 0.221126492035678 -1.8193913645157
118.399999999998 77.9671571711071 111.115714112177 83.8319847845231 36.8521098531766 0.217838324893336 -1.77371463308991
118.499999999998 78.0361601950538 111.152131695223 83.816744679621 36.9087041652716 0.217810856103405 -1.66282429969422
118.599999999998 78.1051436645801 111.187669742885 83.8011860796901 36.9657453451721 0.220389247346536 -1.50468146675911
118.699999999998 78.1740971627997 111.222293024917 83.7854191894721 37.0232537656937 0.224792846059619 -1.32054085403351
118.799999999998 78.2430134395119 111.255971072615 83.7695454669462 37.0812474483864 0.230207514867875 -1.12825685846438
118.899999999998 78.3118886490314 111.288678415845 83.7536566464008 37.1397416324301 0.235853453673817 -0.93933048904445
118.999999999998 78.3807224048326 111.320394820061 83.7378337615055 37.1987483435304 0.241023147652018 -0.759061508062519
119.099999999998 78.4495176453995 111.351105515832 83.7221461890071 37.2582759703858 0.245153702653263 -0.602027605589328
119.199999999998 78.5182802831951 111.380801233213 83.7066512286706 37.3183290380007 0.248024489701975 -0.477213627801356
119.299999999998 78.5870186430728 111.409477740768 83.691395044454 37.378908480688 0.249604965945157 -0.378732045795481
119.399999999997 78.6557428430085 111.437135189436 83.676414141928 37.4400121119179 0.249964085035569 -0.302147598057667
119.499999999997 78.7244642027411 111.46377744891 83.6617368663203 37.5016351017377 0.249240481699679 -0.244359921224191
119.599999999997 78.7931947101608 111.489411444001 83.6473849005591 37.5637704541921 0.247621478509855 -0.203368232468415
119.699999999997 78.8619465656629 111.51404649101 83.6333747633176 37.626409484743 0.245328164027422 -0.178015960483773
119.799999999997 78.9307318179504 111.537693634094 83.6197193070581 37.6895422976897 0.242604873371707 -0.167735014653756
119.899999999997 78.9995620993323 111.56036498164 83.6064292160761 37.7531582635885 0.239712139482236 -0.172279799544067
119.999999999997 79.0684484644997 111.582073042633 83.5935145045442 37.8172464966733 0.23692262310042 -0.191434233479518
