#t s x y z curvature torsion
5 0 61.5402114246436 94.2529379955001 3.14167292597 0.153358861811436 0.00634660556339902
5.1 0.0767497974361432 61.5585893766019 94.2342025359058 3.21379618741938 0.153481899918094 0.00642140878105012
5.2 0.153331493511359 61.5774392195775 94.2148539303199 3.28545559751626 0.153591634700068 0.0064960394583582
5.3 0.22974997908215 61.5967575057526 94.194896987389 3.3566476559571 0.153688368395161 0.0065704701798512
5.4 0.306010062175881 61.6165407872866 94.1743365158036 3.42736886248948 0.153772412721359 0.00664467342847679
5.5 0.382116468280119 61.6367856162804 94.153177324361 3.49761571698567 0.15384408824274 0.00671862159914272
5.6 0.458073840680856 61.6574885447404 94.1314242220287 3.56738471951636 0.153903723729341 0.00679228701339528
5.7 0.533886740849143 61.6786461245431 94.1090820180084 3.63667237042422 0.15395165551193 0.00686564193538477
5.8 0.609559648875563 61.7002549073993 94.0861555217984 3.70547517039764 0.153988226834716 0.0069386585834938
5.9 0.685096963951574 61.7223114448181 94.0626495432579 3.77378962054431 0.154013787206887 0.00701130914437078
6 0.760503004897455 61.7448122880711 94.0385688926696 3.8416122224649 0.154028691755113 0.0070835657903956
6.1 0.835782010738049 61.7677539881559 94.0139183808078 3.90893947833146 0.15403327923315 0.00715647596771887
6.2 0.910938141386534 61.7911330957193 93.9887028191076 3.9757678910893 0.154027806100642 0.00723113250635435
6.3 0.985975478519415 61.814946160885 93.9629270200966 4.04209396497242 0.15401250788779 0.00730757556167479
6.4 1.06089802652376 61.8391897330414 93.9365957979281 4.10791420614243 0.153987619902467 0.0073858451741923
6.49999999999999 1.13570971344877 61.8638603606283 93.9097139689191 4.17322512333215 0.153953376934873 0.00746598125979686
6.59999999999999 1.21041439195792 61.8889545909239 93.8822863520875 4.23802322848935 0.153910012978729 0.00754802361190175
6.69999999999999 1.28501584028033 61.9144689698317 93.8543177696902 4.30230503742034 0.153857760969531 0.0076320118941351
6.79999999999999 1.35951776316021 61.9404000416669 93.8258130477606 4.36606707043367 0.153796852539988 0.00771798564346923
6.89999999999999 1.43392379280291 61.9667443489435 93.796777016646 4.42930585298379 0.153727517792744 0.00780598427084953
6.99999999999999 1.50823748981654 61.9934984321609 93.7672145115456 4.49201791631468 0.153649985090281 0.0078960470637484
7.09999999999999 1.58246234415385 62.0206588295912 93.737130373057 4.55419979811489 0.153564434900079 0.00799364447009771
7.19999999999999 1.65660177619735 62.0482220770747 93.7065294479606 4.61584804346824 0.153470859058317 0.0081044061396335
7.29999999999999 1.73065913819208 62.0761847078365 93.6754165906072 4.6769592065549 0.153369194119457 0.00822860782505861
7.39999999999999 1.80463771574861 62.1045432523124 93.6437966645424 4.73752985264814 0.153259367150077 0.00836652272870279
7.49999999999999 1.87854072925834 62.1332942379743 93.6116745441411 4.7975565601225 0.153141296293273 0.00851842209283782
7.59999999999999 1.95237133521334 62.1624341891561 93.5790551162413 4.85703592246188 0.153014891363913 0.00868457584894049
7.69999999999999 2.02613262742896 62.191959626879 93.5459432817783 4.91596455026769 0.152880054472139 0.00886525330196662
7.79999999999999 2.09982763816776 62.2218670686778 93.5123439574182 4.97433907326694 0.15273668067321 0.00906072386291792
7.89999999999999 2.17345933916336 62.252153028426 93.4782620771928 5.03215614232042 0.152584658641653 0.00927125782805051
7.99999999999999 2.24703064254318 62.2828140161621 93.4437025941329 5.08941243143076 0.152423871367425 0.00949712719601458
8.09999999999999 2.32054440165371 62.3138465379189 93.4086704819038 5.14610463975555 0.152254188915249 0.00974253616918708
8.19999999999999 2.39400341191305 62.3452470956671 93.3731707364717 5.20222949374768 0.152075443296208 0.0100117728201893
8.29999999999999 2.46741041188669 62.377012187543 93.3372083778479 5.2577837496194 0.151887449641832 0.0103052397171296
8.39999999999999 2.54076808437798 62.40913830819 93.300788451865 5.31276419593365 0.151690014514672 0.0106233447485277
8.49999999999999 2.61407905740484 62.4416219491043 93.2639160319538 5.36716765620033 0.151482936790425 0.0109665028825448
8.59999999999999 2.68734590505645 62.4744595989801 93.2265962209199 5.42099099147262 0.15126600856474 0.0113351380122927
8.69999999999999 2.76057114822848 62.5076477440553 93.1888341527208 5.47423110294322 0.151039016081907 0.0117296849013529
8.79999999999999 2.83375725523614 62.5411828684568 93.150634994243 5.52688493454069 0.150801740683175 0.0121505912021074
8.89999999999999 2.90690664230419 62.5750614545463 93.1120039470784 5.57894947552568 0.15055395977183 0.0125983195882477
8.99999999999999 2.98002167393337 62.6092799832656 93.0729462493019 5.63042176308723 0.150295447792694 0.0130733499592497
9.09999999999999 3.05310466314878 62.6438349344838 93.033467177244 5.68129888494389 0.150025973418386 0.0135751253523898
9.19999999999999 3.12615787178407 62.6787227873921 92.9935720471713 5.73157798207023 0.149745286558977 0.0141030982736069
9.29999999999998 3.19918351104469 62.7139400210166 92.9532662167282 5.78125625174169 0.1494531262843 0.0146577972065267
9.39999999999998 3.27218374210193 62.7494831147796 92.9125550862865 5.83033095070489 0.149149225021241 0.0152397796078811
9.49999999999998 3.34516067656201 62.7853485490616 92.8714441002905 5.87879939835272 0.148833309607995 0.0158496347798538
9.59999999999998 3.41811637680327 62.8215328057635 92.8299387486019 5.92665897989941 0.14850510236307 0.0164879868888098
9.69999999999998 3.49105285618104 62.8580323688695 92.7880445678457 5.97390714955569 0.148164322166038 0.0171554981365288
9.79999999999998 3.56397207909994 62.8948437250089 92.7457671427555 6.02054143370386 0.147810685547591 0.0178528721031632
9.89999999999998 3.63687596095325 62.9319633640187 92.7031121075182 6.0665594340729 0.147443907785787 0.0185808572644141
9.99999999999998 3.70976636792961 62.9693877795062 92.66008514712 6.11195883091355 0.14706370400634 0.0193402507056499
10.1 3.78264511669462 63.0071134694107 92.6166919986783 6.15673738617272 0.146669815216986 0.0201225979227838
10.2 3.85551397413384 63.0451369365601 92.5729384524277 6.20089294664852 0.146262080734139 0.0209192847881827
10.3 3.92837465746853 63.0834546892126 92.5288303518291 6.24442344709646 0.145840358200318 0.021730940841374
10.4 4.00122883446975 63.1220632415922 92.4843735933328 6.2873269133163 0.145404498451408 0.0225582418131773
10.5 4.07407812359063 63.1609591144247 92.4395741261282 6.3296014652382 0.144954346174109 0.0234019123187774
10.6 4.14692409400854 63.2001388354732 92.3944379518937 6.37124532000884 0.144489740574534 0.0242627287463389
10.7 4.21976826557642 63.2395989400737 92.3489711245465 6.41225679507757 0.144010516055327 0.0251415223357643
10.8 4.2926121086831 63.2793359716705 92.3031797499926 6.45263431128258 0.143516502899914 0.0260391824865348
10.9 4.36545704402222 63.3193464823523 92.2570699858762 6.49237639593694 0.143007527961369 0.0269566603028757
11 4.43830444226945 63.3596270333872 92.2106480413299 6.53148168591486 0.142483415354186 0.0278949724047157
11.1 4.5111556236679 63.4001741957565 92.1639201767092 6.5699489307205 0.14194406186404 0.0288421995917372
11.2 4.58401185751068 63.4409845506244 92.1168927029313 6.60777699510892 0.141389661121877 0.0297859869379516
11.3 4.65687436154258 63.4820546896489 92.0695719798094 6.64496486056976 0.140820478451711 0.030726761697489
11.4 4.72974430136369 63.5233812152284 92.0219644139914 6.68151162636291 0.140236775580151 0.0316649689735133
11.5 4.80262278986309 63.5649607407473 91.9740764568828 6.717416510537 0.139638810189759 0.0326010729554262
11.6 4.87551088668192 63.6067898908203 91.9259146025707 6.7526788509478 0.139026835491689 0.0335355582398436
11.7 4.94840959770499 63.6488653015381 91.8774853857463 6.78729810627674 0.138401099817703 0.0344689311916968
11.8 5.02131987457953 63.6911836207115 91.828795379629 6.82127385704929 0.137761846232404 0.0354017213897359
11.9 5.0942426142603 63.7337415081167 91.7798511938891 6.85460580665349 0.137109312165178 0.0363344831475498
12 5.16717865857942 63.7765356357404 91.7306594725717 6.88729378235834 0.13644372906257 0.0372677971172694
12.1 5.24012879385272 63.8195626880292 91.6812268920121 6.91933773634264 0.135765302159027 0.0382013463720524
12.2 5.31309375083113 63.8628193622721 91.631560158563 6.95073774699234 0.135074145318038 0.039134915995691
12.3 5.38607420548151 63.9063023693157 91.5816660058397 6.98149402087976 0.134370331607325 0.0400692968973375
12.4 5.45907078008141 63.9500084344126 91.5315511917764 7.01160689501145 0.13365391200214 0.0410053312734732
12.5 5.53208404431045 63.9939342980739 91.4812224956755 7.04107683908632 0.132924915529114 0.0419439161188889
12.6 5.60511451632319 64.0380767169218 91.4306867152559 7.06990445775379 0.132183349446275 0.0428860070244671
12.7 5.67816266380111 64.0824324645431 91.3799506637025 7.09809049287197 0.131429199457072 0.0438326222571379
12.8 5.75122890498177 64.1269983323414 91.3290211667147 7.1256358257658 0.130662429956451 0.0447848471795827
12.9 5.82431360966242 64.1717711303899 91.2779050595557 7.15254147948519 0.129882984306912 0.0457438390406429
13 5.89741710017704 64.2167476882848 91.2266091841009 7.17880862106321 0.129090785142511 0.0467108321659192
13.1 5.97053965232914 64.261924855997 91.1751403858894 7.20443856373587 0.12828586565577 0.0476858656357998
13.2 6.04368149591302 64.3072995047141 91.1235055112249 7.22943276816467 0.127468768318483 0.0486682237063835
13.3 6.11684281429711 64.3528685276552 91.0717114044064 7.25379284112763 0.126640161244887 0.0496580575045897
13.4 6.19002374376184 64.398628840874 91.0197649050081 7.27752053321313 0.125800707412221 0.0506555016112469
13.5 6.26322437298469 64.4445773840627 90.9676728451628 7.3006177364753 0.124951063426634 0.0516606735385774
13.6 6.33644474268495 64.490711121355 90.9154420468441 7.32308648208952 0.124091878337667 0.0526736731756873
13.7 6.40968484542534 64.5370270421298 90.8630793191491 7.34492893800778 0.123223792501915 0.0536945822041948
13.8 6.48294462556703 64.5835221618141 90.8105914555809 7.3661474066142 0.122347436495709 0.0547234634751407
13.9 6.55622397937529 64.630193522687 90.7579852313318 7.38674432238042 0.121463430076815 0.0557603603781435
14 6.62952275527183 64.6770381946823 90.7052674005651 7.40672224952107 0.120572381194725 0.056805296171283
14.1 6.70284075425236 64.7240532762078 90.6524446936943 7.42608387968219 0.119674784952027 0.0578728953924128
14.2 6.77617773099795 64.7712358953666 90.5995238145551 7.44483203048791 0.118770715680166 0.0589791035788304
14.3 6.84953339648292 64.8185832121996 90.5465114373082 7.46296964626568 0.117860115288866 0.0601260184709734
14.4 6.9229074211468 64.8660924213305 90.4934142032356 7.48049979962966 0.116942892358889 0.0613158917377484
14.5 6.99629943807414 64.9137607546267 90.4402387175326 7.49742569309719 0.116018922956941 0.0625511414749282
14.6 7.06970904615873 64.9615854838598 90.3869915461006 7.51375066070522 0.115088051507708 0.0638343658844636
14.7 7.14313581324975 65.0095639233662 90.3336792123391 7.52947816962676 0.11415009172336 0.0651683582388064
14.8 7.21657927927846 65.0576934327076 90.2803081939382 7.54461182178728 0.113204827591425 0.0665561233038372
14.9 7.29003895936395 65.1059714193317 90.2268849196705 7.55915535548118 0.112252014422416 0.0680008953499392
15 7.36351434689664 65.1543953412328 90.1734157661838 7.57311264698823 0.111291379959094 0.0695061579508256
15.1 7.43700491656536 65.2029627095963 90.1199070548149 7.58648771215127 0.110322746585205 0.0710729361422777
15.2 7.51051012649961 65.2516710910254 90.0663650489669 7.59928470694691 0.10934640769624 0.0727011202869467
15.3 7.58402941825311 65.3005181087076 90.0127959529161 7.61150792550006 0.108362786017388 0.0743927471317778
15.4 7.65756221603998 65.349501443163 89.9592059111833 7.62316179709142 0.107372314985847 0.0761499276586032
15.5 7.73110792607483 65.3986188329769 89.9056010079252 7.63425088312626 0.10637543811223 0.0779748473760909
15.6 7.80466593604944 65.4478680755323 89.851987266327 7.64477987410324 0.105372608394862 0.0798697662657338
15.7 7.87823561474503 65.4972470277421 89.7983706479947 7.65475358658313 0.104364287787376 0.0818370183396536
15.8 7.95181631177929 65.546753606782 89.7447570523468 7.66417696015765 0.103350946719851 0.083879010736061
15.9 8.02540735748716 65.5963857908226 89.6911523160072 7.67305505441819 0.102333063673829 0.08599822227483
16 8.09900806293367 65.646141619762 89.6375622121968 7.68139304592466 0.101311124811067 0.0881972014101167
16.1 8.17261772008247 65.6960191959697 89.5839924501081 7.68919622521112 0.100285496669657 0.0904830704258067
16.2 8.24623560272525 65.7460166853252 89.530448673816 7.69646999475147 0.0992560369229276 0.0928651735153963
16.3 8.31986096909345 65.796132319006 89.4769364600105 7.70321986936184 0.0982224619251436 0.0953497879015163
16.4 8.39349306509859 65.8463643955704 89.4234613152667 7.70945147756293 0.0971844733098261 0.0979436834802503
16.5 8.46713112757281 65.8967112830513 89.3700286732962 7.71517056297925 0.0961417598037383 0.100654166461086
16.6 8.5407743874868 65.9471714210507 89.3166438921988 7.72038298573842 0.0950939991594856 0.103489127303087
16.7 8.61442207314615 65.9977433228338 89.2633122517141 7.72509472387039 0.0940408602193712 0.106457093335101
16.8 8.68807341336845 66.048425577423 89.210038950473 7.72931187470673 0.0929820051250301 0.109567286574119
16.9 8.76172764064306 66.0992168516921 89.1568291032497 7.73304065627989 0.0919170916894736 0.112829687225776
17 8.8353839942761 66.1501158924604 89.103687738213 7.73628740872244 0.0908457759501456 0.116255103468142
17.1 8.90904172348669 66.2011215285547 89.0506197941959 7.73905859563009 0.0897678289677979 0.119821934869077
17.2 8.98270008954994 66.2522326720343 88.9976301184306 7.74136080448203 0.0886834887475105 0.123504835630597
17.3 9.05635836557599 66.3034483172921 88.9447234654646 7.74320074466836 0.0875931316197937 0.127309851249942
17.4 9.13001583544395 66.3547675393179 88.8919044965422 7.74458524457484 0.0864971598426944 0.13124328561709
17.5 9.20367179281634 66.4061894919307 88.8391777790041 7.74552124863139 0.0853960014548304 0.13531170795461
17.6 9.27732554026942 66.4577134060099 88.7865477856868 7.74601581436062 0.084290110216073 0.139521958584152
17.7 9.35097638853936 66.5093385877273 88.7340188943219 7.74607610942633 0.0831799656380094 0.143881153137864
17.8 9.42462365588292 66.5610644167788 88.6815953869357 7.74570940868197 0.08206607310588 0.148396684840135
17.9 9.49826666755187 66.6128903446162 88.6292814492487 7.74492309121922 0.0809489640940749 0.153076224355194
18 9.57190475537942 66.6648158926783 88.5770811700748 7.74372463741644 0.0798291964763203 0.157927716647949
18.1 9.64553725749188 66.7168406506209 88.5249985406987 7.74212162599247 0.0787073109986576 0.162931895782087
18.2 9.71916351848859 66.7689642744787 88.4730374536711 7.74012173119742 0.0775836906103568 0.168069114142647
18.3 9.79278289062904 66.821186484659 88.4212017001276 7.73773272035134 0.0764586763531784 0.173347296428876
18.4 9.86639473544961 66.8735070638683 88.3694949665265 7.73496245151994 0.0753326094226223 0.178774865716264
18.5 9.93999842545636 66.9259258550363 88.3179208313632 7.73181887119548 0.0742058317401547 0.184360785244381
18.6 10.0135933458775 66.9784427592405 88.2664827618856 7.72831001197783 0.073078686648767 0.190114603326281
18.7 10.087178896472 67.0310577336303 88.2151841108088 7.72444399025535 0.0719515197423346 0.196046501421952
18.8 10.1607544933926 67.0837707893508 88.1640281130302 7.7202290038859 0.0708246798411192 0.202167345457226
18.9 10.2343195710996 67.1365819894674 88.1130178823444 7.71567332987776 0.0696985201268475 0.208488740376276
19 10.307873584324 67.1894914468897 88.0621564081584 7.71078532207067 0.0685733994528647 0.21502308780048
19.1 10.381416010058 67.2424993222792 88.0114465522183 7.70557340878865 0.067449775742169 0.221745028784142
19.2 10.4549463491124 67.2956058215189 87.96089104565 7.7000460897641 0.0663284799976562 0.228621530272209
19.3 10.5284641265294 67.3488111920731 87.9104924867966 7.69421193121128 0.0652104345956731 0.235653702874783
19.4 10.6019688916145 67.4021157189102 87.8602533393684 7.68807956017105 0.0640965582590711 0.242842062319155
19.5 10.6754602180494 67.4555197204074 87.8101759306058 7.68165765882744 0.0629877634428613 0.250186474687365
19.6 10.7489377040962 67.5090235442568 87.7602624494417 7.67495495882427 0.0618849535919361 0.257686102426149
19.7 10.8224009728843 67.5626275633709 87.7105149446647 7.66798023558176 0.0607890202606287 0.265339352530599
19.8 10.8958496727723 67.6163321717877 87.6609353230811 7.66074230261316 0.0597008400861166 0.273143828602013
19.9 10.9692834777767 67.6701377805766 87.6115253476777 7.65325000584137 0.0586212716091688 0.281096288780286
20 11.0427020880587 67.7240448137436 87.5622866357846 7.6455122179155 0.0575511519386838 0.289192611927107
20.1 11.1161052304609 67.7780537041419 87.5132206572444 7.63753783252426 0.0564913219256237 0.297437758719797
20.2 11.1894926590692 67.8321648894985 87.4643287327501 7.62933575862304 0.0554427111029849 0.305834259176222
20.3 11.2628641557733 67.8863788087412 87.4156120326133 7.6209149144426 0.0544062522188662 0.314372508843187
20.4 11.3362195308525 67.9406958984416 87.3670715757005 7.61228422141145 0.0533828487767274 0.32304130836124
20.5 11.4095586235969 67.9951165892631 87.3187082283771 7.60345259807504 0.052373370306946 0.331827826544389
20.6 11.4828813029551 68.0496413024092 87.2705227034504 7.59442895401489 0.0513786473771909 0.340717590695641
20.7 11.5561874682012 68.1042704460716 87.2225155591129 7.58522218376778 0.0503994663584908 0.349694510256104
20.8 11.6294770496126 68.1590044118777 87.1746871978863 7.57584116074484 0.0494365639716441 0.358740940190726
20.9 11.7027500091492 68.2138435713396 87.1270378655638 7.56629473115077 0.0484906216504946 0.367837790539061
21 11.7760063411275 68.2687882723012 87.0795676501546 7.55659170790294 0.0475622597680229 0.37696468855006
21.1 11.849246072879 68.3238388353935 87.0322764808377 7.54674086454316 0.0466520871177855 0.386103061393487
21.2 11.9224692653593 68.3789955506611 86.9851641272042 7.53675092895712 0.0457608620068271 0.395226168520635
21.3 11.9956760136623 68.434258674626 86.9382301992308 7.52663057660566 0.0448893208711179 0.404298908035829
21.4 12.0688664474943 68.4896284275234 86.8914741475404 7.51638842356365 0.0440381146904252 0.413284276367521
21.5 12.1420407316318 68.5451049905441 86.8448952636745 7.5060330195516 0.0432078002778065 0.422143814882981
21.6 12.215199066354 68.600688503077 86.7984926803649 7.49557284096713 0.0423988316066892 0.430838165154538
21.7 12.2883416878435 68.6563790599514 86.7522653718058 7.48501628391657 0.041611551327485 0.439327733534004
21.8 12.3614688685468 68.7121767086796 86.7062121539262 7.47437165724643 0.0408461826415308 0.447573461410851
21.9 12.4345809174863 68.7680814466992 86.6603316846613 7.46364717557499 0.0401028217188138 0.455537692596114
22 12.5076781805169 68.8240932186156 86.6146224642253 7.45285095232384 0.0393814308571503 0.4631851241702
22.1 12.5807610405106 68.8802119134689 86.569082835422 7.44199099278121 0.0386819669096194 0.47065147319927
22.2 12.6538299172074 68.9364373626393 86.5237109849731 7.4310751879934 0.0380048242524432 0.478065351272431
22.3000000000001 12.7268852663424 68.9927693393723 86.4785049474276 7.42011131075802 0.0373505039926513 0.485380375490986
22.4000000000001 12.7999275784812 69.0492075589426 86.4334626100888 7.40910701244514 0.0367194821025666 0.49254669970606
22.5000000000001 12.8729573778249 69.1057516788424 86.3885817179791 7.39806981985046 0.0361122000254665 0.499511450880401
22.6000000000001 12.9459752209932 69.1624012989696 86.3438598788063 7.38700713204829 0.0355290549423634 0.50621930887881
22.7000000000001 13.0189816957832 69.2191559618158 86.2992945679289 7.37592621724469 0.034970389815907 0.512613233523044
22.8000000000001 13.0919774199023 69.2760151526549 86.2548831333218 7.3648342096305 0.0344364833517568 0.518635336209435
22.9000000000001 13.1649630396725 69.3329782997315 86.2106228005416 7.35373810623442 0.0339275400455763 0.524227885591631
23.0000000000001 13.2379392287053 69.3900447744484 86.1665106776928 7.34264476377611 0.0334436804999356 0.529334428269283
23.1000000000001 13.3109066865455 69.4472138915662 86.1225437604027 7.33156089551427 0.0329849830855441 0.533873152998081
23.2000000000001 13.3838661373554 69.5044849096682 86.0787189370555 7.32049306796644 0.0325516210660275 0.537750590800995
23.3000000000001 13.4568183287564 69.5618570323052 86.03503299468 7.30944769730281 0.032143687997279 0.540898155060531
23.4000000000001 13.5297640307206 69.6193294094068 85.9914826250965 7.29843104561171 0.0317611340516724 0.543253588546553
23.5000000000001 13.6027040344405 69.6769011387036 85.9480644310727 7.28744921716011 0.0314037562433004 0.54476268634891
23.6000000000001 13.6756391511677 69.7345712671486 85.9047749324802 7.27650815465416 0.0310711904964242 0.545380873477786
23.7000000000001 13.7485702110192 69.7923387923395 85.8616105724504 7.26561363549972 0.0307629058191569 0.545074554914479
23.8000000000001 13.821498061744 69.8502026639401 85.8185677235312 7.25477126806286 0.0304782007895158 0.54382216367506
23.9000000000001 13.894423567448 69.9081617851028 85.775642693843 7.24398648793042 0.0302162024880504 0.541614846641442
24.0000000000001 13.9673476072725 69.9662150138897 85.7328317332348 7.2332645541705 0.0299758679315011 0.538456747586237
24.1000000000001 14.0402710740157 70.0243611647161 85.6901310394606 7.22261054567073 0.0297562192340189 0.534649629951911
24.2000000000001 14.1131948725482 70.0825990103479 85.6475367648718 7.21202935949739 0.0295571064248182 0.530448851876009
24.3000000000001 14.1861199178114 70.1409272853047 85.6050450244209 7.20152571438441 0.0293786199848835 0.525798058381712
24.4000000000001 14.259047132675 70.1993446898174 85.5626519041812 7.19110415624332 0.0292208596730296 0.52064125532836
24.5000000000001 14.3319774458132 70.2578498938072 85.5203534698872 7.18076906375077 0.0290839183484341 0.514924271263708
24.6000000000001 14.4049117896093 70.3164415408641 85.478145775474 7.17052465393626 0.0289678667890633 0.50859619483246
24.7000000000001 14.4778510980871 70.3751182522258 85.4360248716172 7.16037498776968 0.0288727397861548 0.501610736994162
24.8000000000001 14.5507963048725 70.4338786307564 85.3939868142732 7.15032397574894 0.0287985237817558 0.493927466099869
24.9000000000001 14.6237483411837 70.4927212649253 85.3520276732186 7.14037538348762 0.0287451462910399 0.485512866291944
25.0000000000001 14.6967081338518 70.551644732786 85.3101435405903 7.13053283730256 0.0287124673181105 0.476341175400902
25.1000000000001 14.769676603362 70.6106476059603 85.2683305394451 7.12079982979839 0.0287003073795704 0.466302238926696
25.2000000000001 14.8426546617517 70.6697284537605 85.2265848328352 7.11117972537181 0.0287085284624456 0.455286651959837
25.3000000000001 14.9156432101016 70.7288858476639 85.1849026341915 7.101675765512 0.0287368974681361 0.443285711472756
25.4000000000001 14.9886431358888 70.7881183659249 85.1432802182235 7.09229107402088 0.028785049508041 0.43030332812059
25.5000000000001 15.0616553103664 70.8474245981932 85.1017139318378 7.08302866223015 0.0288524937148654 0.41635521335266
25.6000000000001 15.1346805859715 70.9068031501316 85.0602002050577 7.07389143421839 0.0289386223631024 0.401467704935835
25.7000000000001 15.2077197937595 70.9662526480335 85.0187355619425 7.0648821920282 0.0290427230421378 0.385676305617068
25.8000000000001 15.2807737408608 71.0257717434411 84.9773166315061 7.05600364088328 0.0291639935644668 0.369024023131721
25.9000000000001 15.3538432079567 71.0853591177631 84.9359401586365 7.0472583944055 0.0293015592527157 0.351559606104292
26.0000000000001 15.4269289467732 71.1450134868927 84.8946030150148 7.03864897983205 0.0294544922272142 0.333335769823135
26.1000000000001 15.5000316775964 71.204733605807 84.8533022099859 7.03017784327045 0.0296218924050951 0.314724995483419
26.2000000000001 15.5731520870191 71.2645182726966 84.8120349001647 7.02184735594079 0.0298031311188893 0.296078268387427
26.3000000000001 15.6462908262539 71.3243663319008 84.7707983958336 7.01365982292357 0.0299977560618894 0.27741595876498
26.4000000000001 15.7194485096969 71.384276676372 84.7295901660755 7.00561749289486 0.0302054441556064 0.258756289116681
26.5000000000001 15.792625713538 71.4442482501228 84.6884078438587 6.99772256789918 0.030426003526036 0.240116040977495
26.6000000000001 15.8658229744176 71.5042800506721 84.6472492311212 6.98997721312261 0.0306593758968334 0.221511237253829
26.7000000000001 15.9390407881347 71.5643711314923 84.6061123038556 6.98238356666572 0.0309056393816892 0.202957795670672
26.8000000000001 16.0122796084115 71.6245206044555 84.5649952171931 6.97494374931664 0.0311650116361426 0.184472149600507
26.9000000000001 16.0855398457222 71.6847276422803 84.5238963104891 6.96765987432403 0.0314378533060777 0.166071832730351
27.0000000000001 16.1588218661913 71.7449914809785 84.4828141124068 6.96053405717008 0.0317246716894406 0.147776023336549
27.1000000000001 16.232125990554 71.8053114222946 84.4417473460216 6.95356842533389 0.0320260883227705 0.129538030428461
27.2000000000001 16.3054524927924 71.8656868359634 84.4006949344292 6.94676512780386 0.0323427321209742 0.111319506689926
27.3000000000001 16.3788015978229 71.9261171615057 84.3596560076327 6.94012634395307 0.0326753505177909 0.0931553064083931
27.4000000000001 16.4521734788673 71.9866019098417 84.3186299099342 6.93365429216369 0.0330248538301922 0.0750827131744734
27.5000000000001 16.5255682549071 72.0471406648972 84.2776162073454 6.92735123844177 0.0333923236126361 0.0571417504993019
27.6000000000001 16.5989859882471 72.1077330852106 84.2366146949985 6.92121950503199 0.0337790201852929 0.0393754484558083
27.7000000000001 16.6724266821985 72.1683789055391 84.1956254045566 6.91526147903242 0.0341863891344301 0.0218300432996457
27.8000000000001 16.7458902788931 72.2290779384651 84.1546486116249 6.90947962100935 0.034616066573138 0.00455508552032782
27.9000000000001 16.8193766572425 72.2898300760029 84.1136848431614 6.90387647361196 0.0350698829478524 -0.0123965685919001
28.0000000000001 16.8928856310539 72.3506352912051 84.0727348848873 6.89845467018721 0.0355498651761117 -0.0289689058785407
28.1000000000001 16.966416947335 72.4114936397248 84.0317997886113 6.89321694335607 0.0360580295887205 -0.0447482517508032
28.2000000000001 17.0399702851627 72.4724052602332 83.9908808772956 6.88816613259121 0.036595744786957 -0.0593534770251876
28.3000000000001 17.1135452556818 72.5333703719281 83.9499797443916 6.88330518925911 0.037164316465995 -0.072779306964728
28.4000000000001 17.1871414026222 72.5943892708985 83.9090982509176 6.87863718066355 0.0377651662569224 -0.0850258869066577
28.5000000000001 17.2607582029737 72.6554623264439 83.8682385224499 6.8741652940506 0.0383998064167184 -0.0960987927270162
28.6000000000001 17.334395067816 72.7165899773942 83.8274029461135 6.86989284061359 0.0390698157367373 -0.106009109353032
28.7000000000001 17.4080513433169 72.7777727284298 83.7865941675734 6.86582325949821 0.0397768168671796 -0.114773521667957
28.8000000000001 17.4817263119101 72.839011146401 83.7458150880256 6.86196012180742 0.0405224552396668 -0.122414370025929
28.9000000000001 17.5554191936645 72.9003058566481 83.7050688611878 6.85830713460652 0.0413083797501366 -0.128959632060781
29.0000000000001 17.6291291478583 72.961657539321 83.6643588902906 6.85486814492814 0.0421362253389968 -0.134442803044637
29.1000000000001 17.7028552747577 73.0230669256757 83.6236888250515 6.85164714375519 0.0430074872031304 -0.13883651957573
29.2000000000001 17.776596617385 73.0845347937641 83.5830625582044 6.84864826942948 0.0439231731857329 -0.142131534296404
29.3000000000002 17.8503521629022 73.1460619625829 83.5424842209025 6.84587580960263 0.044884118383142 -0.144395478141392
29.4000000000002 17.9241208439531 73.2076492856157 83.5019581776765 6.84333420261276 0.0458910864504046 -0.145699070185084
29.5000000000002 17.9979015401949 73.2692976443522 83.4614890213761 6.84102803883904 0.0469447639193899 -0.146115055318835
29.6000000000002 18.0716930800309 73.3310079418069 83.4210815681111 6.83896206205622 0.0480457568748406 -0.145717166029402
29.7000000000002 18.1454942425517 73.3927810960379 83.3807408521933 6.83714117078922 0.0491945897275313 -0.144579135128587
29.8000000000002 18.2193037596889 73.4546180336662 83.3404721210772 6.83557041966769 0.0503917058051637 -0.14277378345728
29.9000000000002 18.2931203185861 73.5165196833937 83.3002808303018 6.83425502078057 0.0516374694757501 -0.140372202058473
30.0000000000002 18.3669425641918 73.5784869695232 83.2601726384318 6.83320034503063 0.0529321695195379 -0.137443043061412
30.1000000000002 18.4407691020857 73.6405208054487 83.2201534019426 6.83241192344912 0.0542757986791248 -0.133938432294891
30.2000000000002 18.5145985017253 73.7026220864219 83.180229168635 6.83189544747101 0.0556673700055715 -0.129830593005275
30.3000000000002 18.5884293003639 73.7647916804789 83.1404061673189 6.83165676657227 0.0571055738687645 -0.1252105382413
30.4000000000002 18.6622600072595 73.8270304186427 83.1006907960273 6.83170188486775 0.0585890097014354 -0.120161530506092
30.5000000000002 18.7360891079595 73.8893390850973 83.0610896101734 6.83203695766917 0.0601161970306618 -0.114758910256418
30.6000000000002 18.809915068638 73.9517184073616 83.0216093107076 6.83266828804309 0.0616855864647496 -0.109070131882452
30.7000000000002 18.883736340475 74.0141690464645 82.9822567322752 6.83360232336885 0.063295570390475 -0.103154966772298
30.8000000000002 18.9575513640596 74.0766915871185 82.9430388313734 6.83484565189654 0.0649444932029513 -0.097065834934993
30.9000000000002 19.0313585738049 74.1392865278942 82.9039626745086 6.83640499930497 0.0666306609505658 -0.090848229965188
31.0000000000002 19.1051564023564 74.2019542713947 82.8650354263534 6.83828722525963 0.0683523503263526 -0.0845412064187973
31.1000000000002 19.1789432849935 74.2646951144441 82.8262643379 6.84049931994457 0.0701077355258845 -0.0782113740267952
31.2000000000002 19.2527176643459 74.3275092386508 82.7876567345002 6.84304839991547 0.0718946496241236 -0.0719169244314552
31.3000000000002 19.3264779959315 74.390396701922 82.7492200036215 6.84594170222983 0.0737108319492185 -0.0656761689025583
31.4000000000002 19.4002227539148 74.4533574303517 82.7109615824894 6.84918657789834 0.0755540140499426 -0.0595030930947972
31.5000000000002 19.4739504367154 74.5163912101245 82.6728889457267 6.85279048531025 0.0774219240239495 -0.0534079145036714
31.6000000000002 19.5476595724278 74.5794976794181 82.6350095929917 6.8567609836586 0.0793122903485295 -0.047397594892983
31.7000000000002 19.6213487240324 74.6426763203071 82.5973310366175 6.86110572636556 0.0812228453106695 -0.0414763050381272
31.8000000000002 19.6950164943736 74.7059264506655 82.5598607892504 6.86583245450773 0.0831513281327607 -0.0356458413836348
31.9000000000002 19.7686615308818 74.7692472160701 82.5226063514886 6.87094899024144 0.0850954878885579 -0.0299059957992002
32.0000000000002 19.8422825300181 74.8326375817037 82.4855751995209 6.87646323022805 0.087053086297612 -0.024254880778629
32.1000000000002 19.9158782414158 74.8960963242597 82.44877477277 6.88238313903575 0.0890218348679669 -0.0187156091207333
32.2000000000002 19.9894474716312 74.9596220238964 82.4122124616486 6.88871674192996 0.0909992021032466 -0.0133074185648676
32.3000000000002 20.0629890873582 75.0232130563144 82.3758955956025 6.89547211611172 0.0929826150115444 -0.00802100207168328
32.4000000000002 20.1365020181461 75.0868675848835 82.3398314312674 6.9026573813448 0.0949695272313728 -0.00284650449281555
32.5000000000002 20.2099852586525 75.1505835527711 82.3040271406292 6.91028069055915 0.0969574215190587 0.00222632180710814
32.6000000000002 20.2834378704094 75.2143586750703 82.2684897991854 6.91835022045449 0.098943812640711 0.00720799131182784
32.7000000000002 20.3568589830789 75.278190430929 82.2332263741052 6.92687416210379 0.10092625072327 0.0121091852931563
32.8000000000002 20.4302477951777 75.3420760556782 82.198243712391 6.93586071155683 0.102902325111257 0.0169406733902008
32.9000000000002 20.5036035742484 75.4060125329601 82.1635485290385 6.94531806044368 0.104869668771668 0.0217132533575407
33.0000000000002 20.5769256564588 75.4699965868571 82.1291473951978 6.95525438657829 0.106825963283464 0.0264377059395757
33.1000000000002 20.650213445659 75.5340246741121 82.0950467264097 6.96567784457111 0.108769143812512 0.0309938600327523
33.2000000000002 20.7234664130584 75.5980929787422 82.0612527728007 6.97659655668035 0.110697980511058 0.0352714859197875
33.3000000000002 20.7966840994845 75.6621974127283 82.0277716142515 6.98801860426856 0.112611442396532 0.0392945646290001
33.4000000000002 20.869866118469 75.7263336190978 81.9946091575248 6.99995201949769 0.114508489870975 0.0430850221980274
33.5000000000002 20.9430121590147 75.7904969750989 81.9617711334681 7.0124047770334 0.116388072565942 0.0466629381993989
33.6000000000002 21.016121987988 75.8546825953753 81.9292630942167 7.0253847857493 0.118249127874108 0.0500467323990727
33.7000000000002 21.0891954521312 75.9188853351412 81.8970904103967 7.03889988043123 0.120090580116712 0.0532533318953651
33.8000000000002 21.1622324796867 75.9830997933559 81.8652582683281 7.0529578134815 0.121911340301323 0.0562983208243839
33.9000000000002 21.2352330816249 76.0473203158984 81.8337716672275 7.06756624662319 0.123710306431311 0.0591960745698741
34.0000000000002 21.308197352471 76.1115409987417 81.8026354164112 7.08273274260439 0.125486364333243 0.0619598801674336
34.1000000000002 21.3811254707075 76.1757556911175 81.7718541324936 7.09846475687375 0.127238288952819 0.0645964851017683
34.2000000000002 21.454017698397 76.2399579984002 81.7414322364629 7.11476962850857 0.128964450453243 0.0671129399803322
34.3000000000002 21.5268743794119 76.3041412842821 81.7113739504471 7.13165456924579 0.130663124865741 0.0695216310676161
34.4000000000002 21.5996959367377 76.3682986726695 81.6816832943566 7.14912665176552 0.13233259942396 0.0718341969467654
34.5000000000002 21.67248286917 76.4324230495675 81.6523640825232 7.16719279794589 0.133971177396409 0.0740615981659962
34.6000000000002 21.7452357474095 76.4965070649654 81.6234199203389 7.18585976711783 0.135577183429747 0.0762141819327544
34.7000000000002 21.8179552095481 76.5605431347212 81.5948542008936 7.20513414431991 0.137148969376074 0.0783017422368821
34.8000000000002 21.8906419559398 76.6245234424474 81.5666701016146 7.22502232855314 0.138684920577581 0.0803335757769254
34.9000000000002 21.9632967434517 76.6884399413955 81.5388705809045 7.24553052103582 0.14018346258203 0.082318534039745
35.0000000000002 22.0359203790927 76.7522843563412 81.51145837478 7.26666471345829 0.141643068261726 0.0842650718694806
35.1000000000002 22.1085137130877 76.8160481855572 81.4844359935988 7.28843067632517 0.14306267913552 0.0861003001755102
35.2000000000002 22.1810776331915 76.8797227050631 81.4578057210784 7.31083394956821 0.144442910897853 0.0877505113560441
35.3000000000002 22.2536130633298 76.9432989786565 81.4315696191354 7.33387983892346 0.145784737984151 0.0892220642283595
35.4000000000002 22.3261209640789 77.006767870221 81.4057295350168 7.3575734145792 0.147089065683954 0.0905206070077409
35.5000000000002 22.3986023332881 77.0701200561222 81.3802871085194 7.38191950991115 0.148356726704084 0.0916511743426369
35.6000000000002 22.471058206776 77.1333460376039 81.3552437792093 7.40692272021778 0.149588478020278 0.0926182717294568
35.7000000000002 22.5434896590918 77.1964361531836 81.330600793642 7.43258740145553 0.150784998023895 0.093425948937149
35.8000000000002 22.6158978043384 77.2593805910485 81.3063592125812 7.45891766897403 0.151946883972489 0.094077863776212
35.9000000000002 22.6882837970481 77.3221694014516 81.2825199182191 7.48591739625141 0.153074649753812 0.0945773373614165
36.0000000000002 22.7606488331007 77.3847925091073 81.2590836213955 7.51359021362952 0.154168723974439 0.0949274018228208
36.1000000000002 22.832994150652 77.4472397255705 81.2360508687746 7.54193950699465 0.155229207933565 0.0951545666288764
36.2000000000002 22.9053210304794 77.5095007611763 81.213422048909 7.57096841504076 0.156255168308757 0.0952867488546729
36.3000000000002 22.977630794671 77.5715652358642 81.1911973954779 7.60067982293429 0.157245386652782 0.095328740394501
36.4000000000002 23.0499248043395 77.6334226895633 81.1693769894126 7.63107635456155 0.158198607987486 0.0952851284678721
36.5000000000002 23.1222044568662 77.69506259256 81.1479607609791 7.66216036472146 0.159113545686351 0.0951603054414338
36.6000000000003 23.1944711826822 77.7564743558661 81.1269484918606 7.69393393131839 0.159988886632468 0.0949584773301768
36.7000000000003 23.2667264415767 77.8176473415874 81.1063398172402 7.72639884755494 0.160823296629015 0.0946836711403008
36.8000000000003 23.3389717185186 77.8785708732911 81.0861342278836 7.75955661412478 0.161615426037009 0.0943397411812726
36.9000000000003 23.411208518982 77.9392342463741 81.0663310722214 7.79340843140541 0.16236391561494 0.09393037444547
37.0000000000003 23.4834383637669 77.9996267384312 81.046929558432 7.82795519165098 0.163067402532883 0.0934590951516865
37.1000000000003 23.5556627833527 78.0597376196295 81.0279287565599 7.86319747129193 0.163724914598646 0.0929279175355033
37.2000000000003 23.6278833130214 78.1195561632545 81.0093276015638 7.89913552601142 0.164337016011695 0.0923352352187284
37.3000000000003 23.7001014909546 78.1790716566916 80.9911248987254 7.93576929287086 0.164904602309253 0.0916790787947857
37.4000000000003 23.7723188577008 78.2382734125784 80.973319329988 7.97309839521226 0.165428504247752 0.0909575522061372
37.5000000000003 23.8445369558652 78.2971507799637 80.9559094603308 8.01112214766742 0.165909485677949 0.090168829097676
37.6000000000003 23.9167573299646 78.3556931554671 80.9388937441434 8.04983956116711 0.166348241631858 0.0893111487536057
37.7000000000003 23.9889815264347 78.413889994438 80.9222705315999 8.08924934795021 0.166745396639772 0.0883828115109384
37.8000000000003 24.0612110937764 78.4717308221145 80.9060380750334 8.12934992657291 0.167101503293539 0.0873821735769301
37.9000000000003 24.1334475828276 78.5292052447832 80.8901945353103 8.17013942691788 0.167417041070835 0.086307641158948
38.0000000000003 24.2056925471463 78.5863029609379 80.8747379882048 8.21161569520346 0.167692415433906 0.0851576638446558
38.1000000000003 24.2779475434683 78.6430137724343 80.8596664307376 8.25377629895187 0.167927784452674 0.0839520681053599
38.2000000000003 24.3502141317113 78.6993275955323 80.8449777865994 8.29661853089361 0.168122555124348 0.0827118790893471
38.3000000000003 24.4224938735804 78.7552344716503 80.8306699092482 8.34013941017113 0.16827592909564 0.0814373480727232
38.4000000000003 24.4947883304127 78.8107245780068 80.8167405840906 8.38433568247858 0.168387082164664 0.0801286870431033
38.5000000000003 24.5670990607194 78.865788238258 80.803187530628 8.42920382016074 0.168455167529121 0.0787860600559192
38.6000000000003 24.6394276174356 78.9204159331346 80.7900084046028 8.47474002231181 0.168479319097994 0.0774095741489733
38.7000000000003 24.7117755448733 78.9745983110794 80.7772008001447 8.52094021487433 0.168458654848875 0.075999269789525
38.8000000000003 24.784144375368 79.0283261988844 80.7647622519166 8.56780005073801 0.168392280211886 0.0745551107673421
38.9000000000003 24.8565356256177 79.0815906123282 80.752690237261 8.61531490983862 0.168279291460818 0.0730769734842279
39.0000000000003 24.9289507927057 79.1343827668132 80.7409821783459 8.66347989925683 0.168118779091696 0.0715646355464476
39.1000000000003 25.0013913498115 79.1866940879495 80.7296354443107 8.71228985337996 0.167910116901634 0.0700496963566966
39.2000000000003 25.0738587417319 79.2385162207526 80.7186473533994 8.7617393356989 0.167653823977578 0.0685618373676657
39.3000000000003 25.1463543805863 79.2898410353223 80.7080151750618 8.81182264475581 0.167350710484577 0.0670979902377962
39.4000000000003 25.2188796417972 79.3406606311348 80.6977361320431 8.86253382172684 0.167001589479298 0.0656552243126571
39.5000000000003 25.2914358603011 79.3909673412823 80.6878074024717 8.91386665806793 0.16660727379902 0.0642307322530367
39.6000000000003 25.3640243269834 79.440753736712 80.6782261219485 8.96581470316047 0.166168572998403 0.0628218164468311
39.7000000000003 25.4366462853375 79.4900126304652 80.6689893856347 9.01837127195704 0.165686290344128 0.0614258760663336
39.8000000000003 25.5093029283461 79.5387370819166 80.6600942503411 9.07152945262706 0.165161219876337 0.0600403946694494
39.9000000000003 25.5819953955814 79.5869204010133 80.651537736616 9.12528211420255 0.164594143545831 0.0586629282399592
40.0000000000003 25.6547247705221 79.634556152514 80.643316830834 9.17962191422382 0.163985828435168 0.0572910935709733
40.1000000000003 25.7274920780643 79.6816381602026 80.6354284872715 9.2345413063799 0.163337055249316 0.0559418890791988
40.2000000000003 25.800298281746 79.7281605104337 80.6278696298414 9.29003254801195 0.162648721089178 0.0546324491621038
40.3000000000003 25.8731442799398 79.7741175539824 80.6206371529633 9.34608770726896 0.161921763518792 0.0533607162099061
40.4000000000003 25.9460309018097 79.8195039072259 80.6137279220927 9.40269867012626 0.161157128650669 0.0521247367330784
40.5000000000003 26.0189589035174 79.8643144533004 80.6071387742376 9.45985714739897 0.160355767456626 0.0509226538238866
40.6000000000003 26.0919289646979 79.9085443432565 80.6008665184747 9.51755468175529 0.159518632158785 0.0497527000679662
40.7000000000003 26.1649416852028 79.952188997216 80.5949079364658 9.57578265472986 0.158646672708947 0.0486131908844809
40.8000000000003 26.2379975821111 79.9952441055276 80.5892597829742 9.63453229373713 0.157740833364748 0.0475025182414173
40.9000000000003 26.311097087005 80.0377056299237 80.5839187863808 9.69379467908469 0.156802049369234 0.0464191447204819
41.0000000000003 26.3842405435083 80.0795698046759 80.5788816492005 9.75356075098661 0.155831243740338 0.0453615978852172
41.1000000000003 26.4574282050793 80.1208331377185 80.5741450485968 9.81382131659278 0.154829446711661 0.0443438743847093
41.2000000000003 26.5306602329293 80.1614924109042 80.5697056368379 9.87456705743338 0.153798163676546 0.0433798753307265
41.3000000000003 26.6039366939302 80.2015446780605 80.5655600416071 9.93578853791717 0.152739009528663 0.0424681418625788
41.4000000000003 26.6772575588303 80.2409872621797 80.5617048662566 9.99747621424499 0.151653582181223 0.041607358495286
41.5000000000003 26.7506227009305 80.2798177525743 80.5581366900575 10.0596204433392 0.150543457913369 0.0407963473092211
41.6000000000003 26.8240318952179 80.318034002034 80.5548520684514 10.1222114917731 0.149410186953552 0.040034062784307
41.7000000000003 26.8974848179491 80.3556341239817 80.5518475333006 10.1852395447004 0.148255289301518 0.0393195872764113
41.8000000000003 26.9709810466744 80.3926164896295 80.5491195931392 10.2486947147846 0.147080250789945 0.0386521270719872
41.9000000000003 27.0445200606922 80.4289797251354 80.5466647334242 10.3125670511285 0.145886519383769 0.0380310090145852
42.0000000000003 27.1181012419234 80.4647227087592 80.5444794167858 10.3768465482037 0.144675501716129 0.0374556776608379
42.1000000000003 27.1917238761711 80.4998445679819 80.5425600832828 10.4415231547721 0.143448660083765 0.0369324353758709
42.2000000000003 27.2653871541513 80.5343446756664 80.5409031507648 10.5065867826081 0.142207821903575 0.0364675325294846
42.3000000000003 27.3390901713762 80.5682226437826 80.5395050155075 10.572027314713 0.14095489604247 0.0360605179220566
42.4000000000003 27.4128319279383 80.601478316175 80.5383620529556 10.6378346133295 0.139691771278061 0.0357110624294354
42.5000000000003 27.486611328813 80.6341117612919 80.5374706184693 10.703998527949 0.138420312219439 0.0354189526723797
42.6000000000003 27.5604271846904 80.6661232649161 80.5368270480711 10.7705089033184 0.137142355488807 0.0351840846978679
42.7000000000003 27.6342782133245 80.6975133228937 80.5364276591932 10.8373555874472 0.135859706154941 0.0350064576107289
42.8000000000003 27.7081630413855 80.7282826338653 80.5362687514234 10.9045284396142 0.134574134406214 0.0348861670813471
42.9000000000003 27.7820802068004 80.7584320919949 80.5363466072531 10.9720173383749 0.133287372452719 0.0348233986738568
43.0000000000003 27.8560281615694 80.7879627797001 80.5366574928229 11.0398121895683 0.132001111644113 0.0348184209255116
43.1000000000003 27.9300052750523 80.8168759604044 80.5371976586798 11.1079029343261 0.130716944424121 0.0348544323274455
43.2000000000003 28.00400983798 80.8451730718649 80.5379633407817 11.1762795571444 0.129436189553056 0.0349141281573636
43.3000000000003 28.0780400675768 80.8728557209618 80.5389507621313 11.2449320941128 0.128160045414465 0.0349970884000706
43.4000000000003 28.1520941133001 80.8999256790636 80.5401561346594 11.313850641206 0.126889642403342 0.0351029021286835
43.5000000000003 28.2261700629023 80.926384877415 80.5415756611169 11.3830253625766 0.125626041663141 0.0352311650679324
43.6000000000004 28.3002659487881 80.9522354025243 80.543205536967 11.4524464988501 0.124370233946206 0.0353814772766451
43.7000000000004 28.3743797546532 80.9774794915506 80.5450419522774 11.5221043754172 0.123123138594094 0.0355534409615115
43.8000000000004 28.4485094223907 81.0021195276917 80.5470810936124 11.5919894107284 0.121885602635447 0.0357466584197588
43.9000000000004 28.5226528592524 81.0261580355715 80.5493191459256 11.6620921245876 0.120658400001652 0.03596073012661
44.0000000000004 28.5968079452496 81.0495976766272 80.5517522944513 11.7324031464453 0.119442230862768 0.0361952529590309
44.1000000000004 28.670972540734 81.0724412444872 80.5543767266027 11.8029132236449 0.118237710236193 0.0364398025648345
44.2000000000004 28.745144492935 81.0946916600833 80.5571886340025 11.8736132284248 0.11704535730895 0.0366834590562753
44.3000000000004 28.8193216394978 81.1163519660917 80.5601842148541 11.944494161765 0.115865666225344 0.0369250156663054
44.4000000000004 28.8935018109474 81.1374253211093 80.5633596764464 12.0155471559895 0.11469912127784 0.0371631876753708
44.5000000000004 28.9676828332806 81.1579149938195 80.5667112376633 12.0867634773214 0.11354619566692 0.0373966095038151
44.6000000000004 29.0418625307302 81.1778243571585 80.5702351314939 12.1581345284375 0.112407350303086 0.0376238319999928
44.7000000000004 29.1160387286957 81.1971568824809 80.5739276075423 12.2296518510237 0.111283032649748 0.0378433199599615
44.8000000000004 29.1902092568361 81.2159161337263 80.5777849345376 12.3013071283297 0.110173675607733 0.0380534499096518
44.9000000000004 29.2643719523196 81.2341057615846 80.5818034028434 12.3730921877239 0.109079696440686 0.0382525082143509
45.0000000000004 29.3385246632243 81.2517294976625 80.5859793269682 12.4449990032484 0.108001495744038 0.0384386895514562
45.1000000000004 29.4126652521237 81.268791148694 80.5903090480894 12.5170196982009 0.106939334096445 0.0385805971166827
45.2000000000004 29.4867916007792 81.2852945919017 80.5947889369538 12.5891465484236 0.105892945274152 0.0386458046627362
45.3000000000004 29.5609016173718 81.3012437732847 80.5994153977338 12.6613719873854 0.104861870527569 0.0386308308587661
45.4000000000004 29.6349932446983 81.3166427070556 80.6041848722585 12.7336886119704 0.103845577400393 0.0385321096114096
45.5000000000004 29.7090644683778 81.3314954751244 80.6090938442605 12.8060891882937 0.102843461168091 0.0383459867459567
45.6000000000004 29.7831133250261 81.3458062265803 80.6141388436221 12.8785666575179 0.101854846491966 0.0380687149314389
45.7000000000004 29.8571379103939 81.3595791771752 80.6193164506218 12.9511141416681 0.100878989310411 0.0376964466311172
45.8000000000004 29.931136387464 81.3728186088058 80.6246233001803 13.0237249494487 0.0999150789901394 0.0372252248193687
45.9000000000004 30.005106994506 81.3855288689967 80.6300560861072 13.0963925820586 0.0989622407607931 0.0366509712184559
46.0000000000004 30.0790480530841 81.397714370383 80.6356115653468 13.1691107390075 0.0980195384576265 0.0359694718011771
46.1000000000004 30.1529579759403 81.4093795901879 80.6412865622005 13.2418733238585 0.0970859579598874 0.0352026200918222
46.2000000000004 30.2268352728894 81.4205290695642 80.6470779719057 13.3146744480791 0.0961603834675489 0.0343738224511985
46.3000000000004 30.3006785517314 81.4311674125908 80.6529827625852 13.3875084300849 0.0952417138868444 0.0334809097050385
46.4000000000004 30.374486517139 81.4412992851335 80.6589979765549 13.4603697923922 0.0943288903734789 0.032521552412502
46.5000000000004 30.448257969383 81.4509294137005 80.6651207316063 13.5332532586967 0.0934208961078279 0.0314932472824853
46.6000000000004 30.521991802977 81.4600625842973 80.6713482222887 13.6061537509524 0.0925167560795612 0.0303933027567421
46.7000000000004 30.5956870052464 81.4687036412831 80.6776777211923 13.6790663864508 0.0916155368839227 0.0292188236826803
46.8000000000004 30.6693426548279 81.4768574862253 80.6841065802306 13.7519864748997 0.0907163465338292 0.0279666949851127
46.9000000000004 30.7429579201064 81.4845290767554 80.690632231923 13.8249095155024 0.0898183342891185 0.0266335642338537
47.0000000000004 30.8165320575931 81.4917234254242 80.6972521906772 13.8978311940366 0.0889206905081922 0.0252158229895894
47.1000000000004 30.8900644103 81.4984455985792 80.7039640540818 13.9707473799786 0.0880225710759999 0.0236948682562511
47.2000000000004 30.9635544073081 81.5047007158006 80.7107655044484 14.0436541248086 0.0871228537834512 0.0220511319486932
47.3000000000004 31.0370015664254 81.5104939507597 80.7176543109883 14.1165476633121 0.0862203359983176 0.0202790071673481
47.4000000000004 31.1104054979955 81.5158305326355 80.72462833224 14.1894244160623 0.0853138089578639 0.0183723766789177
47.5000000000004 31.1837659086579 81.5207157475544 80.7316855185056 14.2622809919478 0.0844020612732971 0.0163245476839489
47.6000000000004 31.2570826050144 81.5251549400284 80.7388239142876 14.3351141907 0.083483882662565 0.0141281791156522
47.7000000000004 31.3303554972078 81.5291535143944 80.7460416607252 14.4079210054208 0.0825580679350831 0.0117752005822471
47.8000000000004 31.4035846024151 81.532716936253 80.7533369980314 14.4806986251105 0.0816234212559035 0.00925672185297233
47.9000000000004 31.47677004826 81.5358507339074 80.7607082679293 14.5534444371953 0.0806787607212467 0.00656293173930642
48.0000000000004 31.5499120761501 81.5385604998022 80.768153916089 14.6261560300547 0.0797229232823551 0.00368298496515929
48.1000000000004 31.6230110444788 81.5408518919399 80.7756724945121 14.6988311954916 0.0787548403772417 0.000700227532606406
48.2000000000004 31.6960674301116 81.5427306347093 80.7832626625604 14.7714679296992 0.0777737709986569 -0.00229588884281717
48.3000000000004 31.7690818256368 81.5442025182217 80.7909231845447 14.8440644304121 0.0767791217363966 -0.00530810191707152
48.4000000000004 31.8420549349474 81.5452733970598 80.7986529259573 14.916619092555 0.0757703788540731 -0.00833942446329104
48.5000000000004 31.914987568756 81.5459491890036 80.8064508496526 14.9891305038331 0.0747471061960444 -0.0113931555499239
48.6000000000004 31.9878806401111 81.5462358737563 80.8143160120281 15.0615974403231 0.0737089431121128 -0.0144728949146145
48.7000000000004 32.0607351599227 81.5461394916702 80.822247559205 15.1340188620632 0.0726556024009117 -0.0175825607923683
48.8000000000004 32.133552232503 81.545666142473 80.8302447232085 15.2063939086441 0.0715868682740227 -0.0207264115381499
48.9000000000004 32.2063330511278 81.5448219839935 80.838306818149 15.2787218947998 0.0705025943422741 -0.0239090714667322
49.0000000000004 32.279078893625 81.5436132308876 80.8464332364023 15.3510023059976 0.0694027016272269 -0.0271355614281268
49.1000000000004 32.3517911180168 81.5420461533633 80.8546234447678 15.4232347940551 0.0682871527876331 -0.0303525560070646
49.2000000000004 32.4244711588009 81.5401270758704 80.8628769800218 15.4954191734301 0.0671558735676218 -0.0335015774377454
49.3000000000004 32.4971205247928 81.5378623757038 80.8711934429404 15.5675554192204 0.0660088137249862 -0.0365799808548106
49.4000000000004 32.5697407976048 81.5352584815718 80.8795724917189 15.6396436658366 0.0648459687329627 -0.0395847385941001
49.5000000000004 32.6423336301814 81.5323218721632 80.8880138353678 15.7116842057019 0.0636673792109661 -0.042512381821152
49.6000000000004 32.714900745373 81.5290590747143 80.8965172271084 15.7836774879506 0.0624731305841107 -0.045358933938745
49.7000000000004 32.7874439345488 81.5254766635765 80.9050824577692 15.8556241171277 0.0612633530061022 -0.0481198340523444
49.8000000000004 32.8599650562513 81.5215812587829 80.913709349182 15.9275248518878 0.0600382215876326 -0.0507898484286397
49.9000000000004 32.9324660348953 81.5173795246155 80.9223977475776 15.9993806036941 0.0587979569789047 -0.0533629674104204
50.0000000000004 33.0049488595115 81.5128781681725 80.9311475169819 16.0711924355179 0.0575428263660131 -0.0558322847187682
50.1000000000004 33.077415582504 81.5080839379189 80.9399585325756 16.1429615605074 0.0562731941279364 -0.0580884964107942
50.2000000000004 33.1498683175999 81.5030036218017 80.9488306731065 16.2146893398779 0.0549896664406385 -0.060007143224029
50.3000000000004 33.2223092356812 81.4976440442632 80.9577638108972 16.2863772788236 0.0536929348057068 -0.0615545638907237
50.4000000000004 33.2947405598332 81.4920120628187 80.9667578009054 16.3580270216504 0.0523837227736652 -0.0626922197772086
50.5000000000004 33.367164560435 81.4861145646183 80.9758124697482 16.429640346879 0.0510627834760232 -0.0633759424027939
50.6000000000004 33.4395835503239 81.4799584630075 80.9849276047256 16.5012191623471 0.0497308980111609 -0.0635550379085215
50.7000000000005 33.511999880032 81.4735506940897 80.9941029428451 16.5727655003127 0.048388874857154 -0.0631712167392975
50.8000000000005 33.5844159330946 81.4668982132865 81.0033381598456 16.6442815125567 0.0470375505247671 -0.0621573094045452
50.9000000000005 33.656834121426 81.4600079918999 81.0126328592208 16.7157694654857 0.0456777917156517 -0.0604357200365278
51.0000000000005 33.729256880764 81.4528870136731 81.0219865612439 16.7872317352347 0.0443104993168955 -0.0579165581202436
51.1000000000005 33.8016866661755 81.445542271354 81.0313986919916 16.8586708027665 0.0429366095126321 -0.0544982754701551
51.2000000000005 33.8741259475256 81.4379807633037 81.0408685723658 16.9300892488727 0.0415570865435706 -0.0500626255003289
51.3000000000005 33.9465772047527 81.4302094902201 81.0503954071128 17.001489748928 0.0401729485949678 -0.0444682075502632
51.4000000000005 34.0190429231025 81.4222354519073 81.0599782738404 17.0728750675462 0.0387852884010261 -0.0375490263951346
51.5000000000005 34.0915255884188 81.4140656440467 81.0696161120348 17.1442480532327 0.0373952940392116 -0.0291095389261413
51.6000000000005 34.1640276824943 81.405707054968 81.0793077120774 17.2156116330376 0.0360042761968895 -0.0189186347604865
51.7000000000005 34.2365516784824 81.3971666624199 81.0890517042624 17.2869688072074 0.0346137036078877 -0.00670235881762042
51.8000000000005 34.3091000363709 81.3884514303414 81.0988465478133 17.3583226438383 0.0332252488486221 0.00786480672515284
51.9000000000005 34.3816751985201 81.3795683056327 81.1086905199002 17.4296762735284 0.0318408473155198 0.0251702261560949
52.0000000000005 34.454279585267 81.370524214926 81.1185817046569 17.5010328840301 0.0304627730153123 0.0456749321790677
52.1000000000005 34.5269155905778 81.3613260613674 81.1285179821937 17.5723957148829 0.0290936896509746 0.0699227082682937
52.2000000000005 34.599585577212 81.3519807216629 81.1384970175016 17.6437680515235 0.0277366228543235 0.0985585852022004
52.3000000000005 34.6722918705348 81.3424950438015 81.1485162490821 17.7151532180695 0.0263952292355471 0.132346619183141
52.4000000000005 34.7450367518457 81.3328758450421 81.1585728774678 17.7865545695811 0.0250740318490119 0.172173951817607
52.5000000000005 34.8178224517695 81.3231299099124 81.1686638537392 17.857975484303 0.0237786647794023 0.2190462102387
52.6000000000005 34.8906511437408 81.3132639882063 81.1787858680414 17.929419355906 0.0225161801806858 0.274056877847945
52.7000000000005 34.9635249375944 81.3032847929824 81.1889353381007 18.0008895857279 0.0212954253531137 0.338307905981021
52.8000000000005 35.0364458732696 81.2931989985617 81.1991083977418 18.0723895750161 0.0201274888485806 0.412745866045328
52.9000000000005 35.1094159146455 81.2830132385261 81.2093008854041 18.1439227171681 0.0190261945512227 0.497863807178273
53.0000000000005 35.1824369435169 81.2727341037162 81.2195083326585 18.215492389974 0.0180085831900087 0.593213860228638
53.1000000000005 35.2555107537398 81.2623681402562 81.2297259528053 18.2871019478596 0.0170951855983142 0.696113708757622
53.2000000000005 35.328639045796 81.2519218482755 81.2399486315811 18.3587547141814 0.0163096821323228 0.80142664047541
53.3000000000005 35.4018234221693 81.2414016823995 81.2501709232178 18.430453973653 0.0156781548496036 0.901685705065597
53.4000000000005 35.4750653831585 81.2308140529364 81.2603870486122 18.5022029648224 0.0152273420532824 0.986794447050076
53.5000000000005 35.5483663229047 81.2201653270915 81.2705908935745 18.5740048725515 0.0149817999533758 1.04569429680757
53.6000000000005 35.6217275256347 81.2094618301814 81.2807760070788 18.645862820496 0.0149604420423567 1.06942627069413
53.7000000000005 35.6951501621347 81.1987098468477 81.2909355995123 18.7177798635844 0.0151734609345577 1.05437283151654
53.8000000000005 35.7686352864678 81.1879156222715 81.301062540925 18.7897589804981 0.015620822207557 1.00373749746943
53.9000000000005 35.8421838329492 81.177085363387 81.3111493592794 18.8618030661506 0.0162929600098176 0.926231043834152
54.0000000000005 35.9157966133919 81.1662252400961 81.3211882387002 18.9339149241672 0.017173293923306 0.832882272836934
54.1000000000005 35.9894743145944 81.1553413864976 81.3311710177161 19.0060972593223 0.0182413750716777 0.733977888977238
54.2000000000005 36.0632174949695 81.1444399025283 81.3410891873044 19.0783526688853 0.0194755652914365 0.637231105650112
54.3000000000005 36.1370265785514 81.1335268566457 81.3509338884347 19.1506836311934 0.0208555139360024 0.547350547873666
54.4000000000005 36.2109018481759 81.1226082889216 81.3606959094137 19.2230924931328 0.0223633579196532 0.466622565551892
54.5000000000005 36.2848434389659 81.1116902141518 81.3703656832243 19.2955814575779 0.0239840757022266 0.395683624863791
54.6000000000005 36.3588513321825 81.1007786249653 81.3799332848629 19.3681525708302 0.025705407799085 0.334199176125849
54.7000000000005 36.4329253494635 81.0898794949336 81.389388428678 19.4408077100574 0.0275175679224152 0.281347367812635
54.8000000000005 36.5070651474658 81.0789987816806 81.3987204657084 19.5135485707328 0.0294128853003058 0.236121468967589
54.9000000000005 36.5812702129347 81.0681424299917 81.4079183810207 19.5863766540741 0.0313854530775099 0.197500023748951
55.0000000000005 36.6555398582196 81.057316374923 81.4169707910484 19.6592932544822 0.0334308159868633 0.164532116405798
55.1000000000005 36.7298732173409 81.0465265449118 81.4258659410739 19.7322994470457 0.0355453632402982 0.136562198151173
55.2000000000005 36.804269244639 81.0357788649009 81.4345917064815 19.8053960767229 0.037725001004136 0.113013839678642
55.3000000000005 36.878726719178 81.0250792594985 81.4431356035762 19.8785837517878 0.0399658889299011 0.0932094367540942
55.4000000000005 36.9532442515926 81.0144336561538 81.4514848041729 19.9518628389544 0.0422646578824396 0.0765692209302228
55.5000000000005 37.0278202913284 81.0038479883321 81.4596261503291 20.0252334585661 0.0446183262368779 0.0626015306741554
55.6000000000005 37.1024531341835 80.9933281986904 81.467546169079 20.0986954797849 0.0470242328602122 0.0508916670558558
55.7000000000005 37.1771409301336 80.9828802422529 81.4752310871666 20.1722485157802 0.0494799835216457 0.0410909067008114
55.8000000000005 37.2518816914243 80.9725100895862 81.4826668457796 20.2458919189188 0.0519834079854661 0.032906420940937
55.9000000000005 37.3266733009159 80.9622237299749 81.4898391152821 20.3196247759534 0.0545325255400415 0.0260923908978029
56.0000000000005 37.4015135206603 80.952027174597 81.4967333099489 20.3934459032118 0.0571255171599187 0.0204423642497361
56.1000000000005 37.4764000006143 80.9419264596839 81.5033346026968 20.4673538417043 0.0597606172659571 0.0157287336620737
56.2000000000005 37.5513302854828 80.9319276492749 81.5096279397751 20.5413468500855 0.0624358828053072 0.0117639291035581
56.3000000000005 37.6263018164792 80.9220368369433 81.5155980553503 20.6154228921732 0.0651495105164379 0.0084409848893585
56.4000000000005 37.7013119311458 80.9122601471169 81.5212294860489 20.6895796223238 0.0678999174622936 0.00566915172250718
56.5000000000005 37.7763578631929 80.9026037363834 81.526506585499 20.7638143707234 0.0706857280240291 0.00337136229600435
56.6000000000005 37.8514367424187 80.8930737947956 81.531413538872 20.8381241286811 0.0735057637736468 0.00148208654956235
56.7000000000005 37.9265455946892 80.8836765471763 81.5359343774233 20.9125055339203 0.0763590357571414 -5.44754043394551e-005
56.8000000000005 38.0016813419619 80.874418254424 81.5400529930348 20.9869548558715 0.0792447388082209 -0.00128591174706052
56.9000000000005 38.0768408023369 80.8653052148174 81.5437531527552 21.0614679809639 0.0821622475859098 -0.00225287321193189
57.0000000000005 38.152020690121 80.8563437653209 81.5470185133423 21.1360403979181 0.0851111140887209 -0.00299014188953685
57.1000000000005 38.2272176160377 80.8475402828461 81.5498326358631 21.2106671831769 0.0880908661033974 -0.00353930497951528
57.2000000000005 38.3024280911879 80.838901184374 81.5521790018282 21.2853429899463 0.0911003318705451 -0.00393580121875254
57.3000000000005 38.3776485404616 80.8304329241854 81.55404103322 21.3600620464006 0.0941381116268187 -0.00419909437884601
57.4000000000005 38.4528753194552 80.8221419899532 81.5554021140549 21.4348181574971 0.0972027595027928 -0.0043459848428386
57.5000000000005 38.5281047312037 80.8140348987898 81.5562456120045 21.5096047069301 0.100292783337938 -0.00439097444811237
57.6000000000005 38.6033330425387 80.8061181932955 81.5565549000166 21.5844146590847 0.103406644261555 -0.00434657803461793
57.7000000000006 38.6785565000292 80.798398437606 81.5563133779365 21.6592405609904 0.106542756096766 -0.00422359006606176
57.8000000000006 38.7537713454587 80.7908822134401 81.5555044941279 21.7340745442751 0.109699484657127 -0.00403131324101354
57.9000000000006 38.8289738307962 80.7835761161483 81.5541117670945 21.8089083271189 0.112875147010316 -0.00377775485808709
58.0000000000006 38.9041602326139 80.7764867507601 81.5521188071008 21.8837332162076 0.116068010790184 -0.0034697957466895
58.1000000000006 38.9793268658425 80.7696207279929 81.5495093378191 21.9585401086197 0.119276170443793 -0.00315383026848166
58.2000000000006 39.0544700951978 80.7629846592431 81.546267218655 22.0333194919604 0.122497210589107 -0.00287003028935435
58.3000000000006 39.129586341578 80.7565851489935 81.5423764687909 22.1080614400506 0.125728635549109 -0.00261543371936604
58.4000000000006 39.2046720858642 80.7504287862028 81.5378212919087 22.1827556068628 0.128968005179347 -0.00238738113389637
58.5000000000006 39.2797238716651 80.7445221356563 81.5325861009374 22.2573912203909 0.132212940440254 -0.00218348595090709
58.6000000000006 39.3547383070207 80.7388717293165 81.5266555428011 22.3319570765189 0.135461130152903 -0.00200160728189472
58.7000000000006 39.4297120650196 80.7334840576733 81.5200145231675 22.4064415328905 0.138710339016549 -0.00183982531353904
58.8000000000006 39.5046418832861 80.7283655610947 81.5126482311953 22.480832502778 0.141958416962142 -0.00169641905583975
58.9000000000006 39.5795245622971 80.7235226211776 81.5045421642825 22.5551174489517 0.145203309908121 -0.00156984629015164
59.0000000000006 39.6543569624929 80.7189615520978 81.4956821528146 22.629283377549 0.148443071978653 -0.0014587255223179
59.1000000000006 39.7291360003002 80.7146885919509 81.4860543848272 22.7033168320852 0.151676056299237 -0.00138447444667787
59.2000000000006 39.803858646852 80.7107098938282 81.4756454284612 22.7772038911437 0.154901376978609 -0.00136639848216963
59.3000000000006 39.8785219356046 80.7070315162242 81.4644422488109 22.8509301754071 0.158118239829846 -0.00140046940097351
59.4000000000006 39.9531229729521 80.7036594131793 81.4524322225646 22.9244808583675 0.16132574724685 -0.00148315646434912
59.5000000000006 40.0276589480544 80.7005994244124 81.4396031525598 22.9978406771787 0.164522901348044 -0.00161137067435456
59.6000000000006 40.1021271417003 80.6978572654541 81.4259432823383 23.070993943508 0.167708607989956 -0.00178241676884316
59.7000000000006 40.1765249341749 80.6954385177792 81.4114413107015 23.1439245543887 0.170881681679041 -0.00199395177759775
59.8000000000006 40.2508498121027 80.6933486189398 81.3960864062661 23.2166160030715 0.174040851415556 -0.00224394913988188
59.9000000000006 40.3250993742362 80.691592852698 81.3798682220185 23.2890513898768 0.177184767502766 -0.00253066757549571
60.0000000000006 40.3992713361627 80.6901763391587 81.362776909871 23.361213433047 0.180312009359582 -0.00285262403251392
60.1000000000006 40.4733635339016 80.68910402489 81.3448031352117 23.4330844795983 0.183421093626445 -0.0032193913144065
60.2000000000006 40.5473739264059 80.6883806727114 81.325938091329 23.504646516179 0.186510480967807 -0.00364000208439467
60.3000000000006 40.6213005970044 80.6880108506428 81.3061735135166 23.5758811799411 0.18957858777478 -0.00411259135800695
60.4000000000006 40.6951417536974 80.687998920521 81.2855016930522 23.6467697694187 0.192623798842975 -0.0046356040012332
60.5000000000006 40.7688957282454 80.6883490266041 81.2639154911716 23.7172932554055 0.19564448070978 -0.00520776979986694
60.6000000000006 40.8425609740277 80.6890650841759 81.2414083530427 23.7874322918329 0.198638996197483 -0.00582808157618685
60.7000000000006 40.916136062655 80.69015076815 81.2179743217396 23.8571672266483 0.201605720179553 -0.00649577597470774
60.8000000000006 40.9896196793204 80.6916095016739 81.1936080522162 23.9264781126926 0.204543056579875 -0.00721031656986487
60.9000000000006 41.0630106168782 80.6934444447339 81.1683048252809 23.9953447185786 0.20744945661056 -0.00797137900458356
61.0000000000006 41.1363077686431 80.6956584827586 81.1420605615701 24.0637465395686 0.210323438245167 -0.00877883789217584
61.1000000000006 41.2095101200206 80.6982542152572 81.1148718354234 24.1316628085364 0.213163813824835 -0.0096278297098453
61.2000000000006 41.2826167418918 80.7012339453274 81.0867358861865 24.1990725091044 0.21597025211987 -0.0105137303502544
61.3000000000006 41.3556267906179 80.7045996713737 81.0576506229844 24.2659543943023 0.218742531472544 -0.0114369892642343
61.4000000000006 41.4285395103188 80.7083530796957 81.0276146269222 24.3322870074026 0.221480319430611 -0.0123981525041968
61.5000000000006 41.5013542345748 80.7124955371103 80.9966271531874 24.3980487028383 0.224183179389556 -0.0133978615696915
61.6000000000006 41.5740703874161 80.7170280835733 80.9646881331516 24.4632176671216 0.226850578122269 -0.0144368530033596
61.7000000000006 41.6466874835804 80.7219514248018 80.9317981764727 24.527771939762 0.229481894215234 -0.0155159586604624
61.8000000000006 41.7192051280156 80.7272659248962 80.8979585731969 24.591689434185 0.232076427429079 -0.0166361065998572
61.9000000000006 41.7916230146081 80.7329715989617 80.8631712958605 24.6549479586501 0.234633408997592 -0.01779832252863
62.0000000000006 41.8639409241141 80.7390681057309 80.8274390015925 24.7175252371694 0.237152012880453 -0.0190037317610669
62.1000000000006 41.9361587213376 80.7455547402429 80.7907650341255 24.7793989304384 0.239631666601469 -0.0202359198031052
62.2000000000006 42.0082763531252 80.7524304280219 80.7531534234644 24.8405466570984 0.242072912082227 -0.0214786857172891
62.3000000000006 42.0802938499748 80.7596937230583 80.7146088796017 24.9009460158378 0.244476431602053 -0.0227335080640207
62.4000000000006 42.1522113291558 80.7673428072893 80.6751367838911 24.960574607825 0.246842735284583 -0.0240018190401119
62.5000000000006 42.2240289978423 80.7753754901362 80.6347431803284 25.0194100591539 0.24917215900895 -0.0252850177123347
62.6000000000006 42.2957471561665 80.7837892080426 80.5934347668346 25.077430043289 0.251464862999035 -0.0265844823860892
62.7000000000006 42.3673662001523 80.7925810240116 80.5512188865372 25.1346123035111 0.253720831157445 -0.02790158226183
62.8000000000006 42.4388866244887 80.8017476271442 80.5081035190531 25.1909346753626 0.255939871209313 -0.0292376885071458
62.9000000000006 42.5103090251023 80.8112853321764 80.4640972717699 25.2463751090927 0.258121615721413 -0.0305941848604608
63.0000000000006 42.5816341014809 80.8211900790173 80.4192093711286 25.3009116921031 0.260265524057971 -0.0319724778672711
63.1000000000006 42.6528626587591 80.831457432291 80.3734496538903 25.3545226714539 0.262370755550986 -0.0333713748198679
63.2000000000006 42.7239956109078 80.8420825809885 80.3268285580057 25.4071864779539 0.264435734862882 -0.0347900344413311
63.3000000000006 42.7950339870979 80.8530603383996 80.2793571124769 25.4588817542696 0.266458460649271 -0.0362304909625538
63.4000000000006 42.865978938766 80.8643851421539 80.2310469268215 25.5095873846183 0.268436630803738 -0.0376948937354504
63.5000000000006 42.9368317458549 80.8760510542671 80.1819101805223 25.5592825245222 0.270367652484165 -0.0391855223006965
63.6000000000006 43.0075938220778 80.8880517611862 80.1319596124756 25.6079466305618 0.272248654419549 -0.0407048018606965
63.7000000000006 43.078266719113 80.9003805738361 80.0812085104409 25.6555594901299 0.274076501543641 -0.0422553193332868
63.8000000000006 43.1488521296352 80.9130304276646 80.0296707004902 25.7021012511858 0.275847811987786 -0.0438398401476855
63.9000000000006 43.2193518890932 80.9259938826888 79.9773605364563 25.7475524520086 0.277558976449878 -0.0454613259808671
64.0000000000006 43.2897679761435 80.9392631235405 79.924292889383 25.7918940509513 0.27920617993779 -0.0471229536240752
64.1000000000006 43.3601025116825 80.9528299595992 79.8704831368592 25.8351074560724 0.280786149012553 -0.0488014687517715
64.2000000000006 43.4303577572274 80.9666858273903 79.8159471493883 25.8771745515854 0.282298318719452 -0.0504720617123719
64.3000000000006 43.5005361145653 80.9808217987327 79.7607012692273 25.9180777162318 0.283742624164569 -0.0521357317261923
64.4000000000006 43.5706401264226 80.9952285911518 79.7047622862598 25.9577998384717 0.285118764544972 -0.0537934724033545
64.5000000000006 43.6406724775557 81.0098965783796 79.6481474137551 25.9963243315534 0.286426197048692 -0.0554462938552851
64.6000000000006 43.7106359961551 81.0248158008547 79.5908742641274 26.033635148581 0.287664132254053 -0.0570952440917144
64.7000000000006 43.7805336554788 81.0399759762225 79.5329608246942 26.0697167975839 0.288831531166777 -0.0587414298526355
64.8000000000006 43.850368575625 81.0553665098347 79.4744254334357 26.1045543565852 0.289927104023771 -0.0603860369971811
64.9000000000006 43.9201440253526 81.0709765052503 79.4152867547539 26.1381334886701 0.290949310977203 -0.0620303505748353
65.0000000000006 43.9898634238562 81.0867947747345 79.355563755231 26.1704404570551 0.291896364760672 -0.0636757747102471
65.1000000000006 44.0595303424315 81.1028098497161 79.2952756794011 26.2014621402757 0.292765742275616 -0.0653458186468499
65.2000000000006 44.1291485066775 81.1190099901044 79.2344420258295 26.2311860504746 0.293552687825094 -0.0670658785956721
65.3000000000006 44.198721799878 81.135383190718 79.1730825239774 26.2596003595616 0.294251671089531 -0.0688406137997672
65.4000000000006 44.2682542654731 81.1519171865741 79.1112171113753 26.2866939284726 0.294856911002929 -0.0706751436561689
65.5000000000006 44.337750107553 81.1685994581348 79.0488659108089 26.3124563365491 0.295362416913073 -0.0725750874334303
65.6000000000005 44.4072136892316 81.1854172365528 78.986049207504 26.3368779109169 0.295762032596205 -0.0745466089812197
65.7000000000005 44.4766495288007 81.2023575089174 78.9227874263123 26.3599497558656 0.296049482829216 -0.0765964672299697
65.8000000000005 44.5460622935801 81.2194070235006 78.8591011088966 26.3816637822269 0.296218422176235 -0.0787320733921657
65.9000000000005 44.6154567913878 81.2365522950026 78.7950108909164 26.4020127367543 0.296262485600729 -0.0809615558956178
66.0000000000005 44.684837959572 81.2537796097985 78.7305374792133 26.4209902315017 0.296175340473292 -0.0832938342378534
66.1000000000005 44.7542108514806 81.2710750312473 78.6657016290043 26.4385907728669 0.295952098046898 -0.085694633497723
66.2000000000005 44.8235806186328 81.288424406661 78.6005241212793 26.4548097819076 0.295593487436409 -0.088123858272365
66.3000000000005 44.8929524870969 81.3058133784838 78.5350257407168 26.4696435925049 0.295101876936571 -0.0905823464640798
66.4000000000005 44.9623317329979 81.3232273971302 78.4692272538037 26.4830894407984 0.294479905065087 -0.0930709598023083
66.5000000000005 45.031723659465 81.3406517338878 78.4031493869636 26.4951454542865 0.293730453830345 -0.095590602878898
66.6000000000005 45.1011335751158 81.3580714938184 78.3368128046839 26.5058106409267 0.292856621063154 -0.0981422423869068
66.7000000000005 45.1705667740852 81.3754716286609 78.2702380876442 26.5150848782356 0.291861692093327 -0.100726926680062
66.8000000000005 45.2400285175952 81.3928369497328 78.2034457108436 26.522968902389 0.290749111056666 -0.10334580577784
66.9000000000005 45.30952401706 81.4101521408327 78.1364560217288 26.529464297322 0.289522452118019 -0.106000151962617
67.0000000000005 45.3790584187075 81.4274017711423 78.069289218322 26.534573483829 0.288185390888373 -0.108691381083964
67.1000000000005 45.4486367897362 81.444570308108 78.0019653273127 26.5382997088411 0.286740969158735 -0.111448764404296
67.2000000000005 45.5182641068406 81.4616421298027 77.9345041812295 26.5406470393084 0.285189433826866 -0.114306778233892
67.3000000000005 45.587945247814 81.4786015359637 77.8669253932727 26.5416203677715 0.283530328679554 -0.117275469953498
67.4000000000004 45.6576849837004 81.4954327585105 77.7992483312254 26.5412254225388 0.281763211197852 -0.120365896741311
67.5000000000004 45.727487970313 81.5121199720425 77.7314920913306 26.5394687780401 0.27988766773527 -0.12359022519691
67.6000000000004 45.797358739068 81.5286473043359 77.6636754721665 26.5363578651809 0.277903329018558 -0.126961843346265
67.7000000000004 45.8673016871314 81.5449988468421 77.595816948523 26.5319009816959 0.275809885886273 -0.13049548683263
67.8000000000004 45.9373210668863 81.5611586651844 77.5279346452781 26.5261073025035 0.273607105202239 -0.134207381335628
67.9000000000004 46.0074209747358 81.5771108096559 77.4600463112737 26.5189868900595 0.271294845906397 -0.13811540356774
68.0000000000004 46.0776053392653 81.5928393257169 77.3921692931918 26.510550704711 0.268873075198552 -0.142239263474539
68.1000000000004 46.1478779086848 81.6083282644983 77.3243205095992 26.5008106147091 0.266343262057911 -0.14653003431721
68.2000000000004 46.2182422349466 81.6235616934543 77.2565164293687 26.4897793973411 0.263712554032574 -0.150926058225114
68.3000000000004 46.2887016515596 81.6385237073954 77.1887730612109 26.4774707175212 0.260989675836736 -0.155429237372786
68.4000000000004 46.3592592514629 81.6531984396709 77.1211059475826 26.4638990975013 0.258183499730964 -0.160041163787887
68.5000000000004 46.4299178681468 81.6675700733566 77.0535301587637 26.4490798862403 0.255302984648648 -0.164763072421653
68.6000000000004 46.5006800600989 81.6816228524437 76.9860602869344 26.4330292287733 0.25235711859879 -0.169595788867946
68.7000000000004 46.5715480985144 81.6953410930268 76.9187104402517 26.4157640355803 0.249354864609359 -0.174539671988759
68.8000000000004 46.6425239581993 81.7087091944916 76.8514942369263 26.3973019519561 0.246305110394343 -0.179594551824334
68.9000000000004 46.7136093115772 81.7217116507039 76.7844247992998 26.377661327379 0.243216621845716 -0.184759663290493
69.0000000000004 46.784805525706 81.7343330611974 76.7175147479214 26.3568611848801 0.240098000374699 -0.190033576371957
69.1000000000004 46.8561136622085 81.7465581423851 76.6507761955734 26.3349211905341 0.236957137914143 -0.195433889029536
69.2000000000003 46.9275344802975 81.758371739383 76.584220739964 26.3118616261172 0.233799674756441 -0.200985306686171
69.3000000000003 46.9990684428419 81.7697588393828 76.5178594530366 26.287703369801 0.230630517665243 -0.206696866298202
69.4000000000003 47.0707157241892 81.780704585638 76.4517028689455 26.2624678800144 0.227454344154804 -0.212578088929416
69.5000000000003 47.1424762191784 81.7911942914718 76.3857609719815 26.2361771794263 0.224275601621425 -0.218639005295085
69.6000000000003 47.2143495532559 81.8012134542856 76.3200431844963 26.2088538389283 0.221098508934504 -0.224890180919368
69.7000000000003 47.2863350936186 81.8107477695677 76.2545583548277 26.1805209616181 0.217927060378842 -0.231342740300948
69.8000000000003 47.3584319613187 81.8197831449016 76.1893147452242 26.1512021667818 0.214765031847214 -0.238008389297987
69.9000000000003 47.430639044261 81.8283057139745 76.1243200197705 26.1209215738774 0.211615989188868 -0.244899434696919
70.0000000000003 47.5029550110315 81.8363018505861 76.059581232312 26.0897037865177 0.208483298632612 -0.25202879967555
70.1000000000003 47.5753783253851 81.8437581826077 75.9951048145589 26.0575738763329 0.205370782182762 -0.259358157943744
70.2000000000003 47.6479072586328 81.8506616046731 75.9308965688526 26.0245573637197 0.202284687731201 -0.266832764444889
70.3000000000003 47.7205398960374 81.8569992876471 75.8669616727636 25.9906801906829 0.199231802020745 -0.274439446910817
70.4000000000003 47.7932741423296 81.8627586868246 75.8033046883528 25.9559686905635 0.196218786820121 -0.282162282557392
70.5000000000003 47.8661077291743 81.8679275500812 75.7399295716108 25.9204495576457 0.193252149538093 -0.289982401013462
70.6000000000003 47.9390382245883 81.8724939260237 75.6768396818972 25.8841498167649 0.190338214004414 -0.297877812521145
70.7000000000003 48.0120630441921 81.8764461721407 75.614037791381 25.8470967929155 0.187483091074755 -0.305823272189926
70.8000000000003 48.0851794641763 81.8797729629529 75.5515260944797 25.8093180808581 0.184692648748108 -0.313790192245743
70.9000000000002 48.1583846358587 81.8824632981638 75.4893062172993 25.7708415147279 0.181972481531399 -0.32174661505534
71.0000000000002 48.2316756017091 81.8845065108099 75.4273792270739 25.7316951376416 0.179327878848686 -0.329657260060114
71.1000000000002 48.3050493126806 81.8858922754211 75.3657456415941 25.691907171382 0.176763573611655 -0.337520515547451
71.2000000000002 48.3785026458998 81.8866106164215 75.3044054383479 25.651505988071 0.174283107015704 -0.345340668445426
71.3000000000002 48.4520324211386 81.8866519171457 75.2433580629306 25.6105200868904 0.171889552582739 -0.353087255445377
71.4000000000002 48.5256354170481 81.8860069290961 75.1826024371668 25.5689780727925 0.169585726791057 -0.360727855292646
71.5000000000002 48.5993083878327 81.8846667812096 75.1221369672208 25.5269086352863 0.167374167153403 -0.36822838540995
71.6000000000002 48.6730480803182 81.8826229891245 75.0619595517083 25.4843405272241 0.165257109671963 -0.375553474700908
71.7000000000002 48.7468512513351 81.8798674644471 75.0020675898066 25.4413025435878 0.1632364659292 -0.382666912000903
71.8000000000002 48.8207146853401 81.8763925240187 74.9424579893656 25.3978235002761 0.161313800145999 -0.389532166347765
71.9000000000002 48.8946352121961 81.8721908991822 74.8831271750193 25.3539322128902 0.159490306603094 -0.396112971606008
72.0000000000002 48.9686097250344 81.8672557450492 74.8240710962956 25.3096574755208 0.157766787879493 -0.40237396411881
72.1000000000002 49.0426351980398 81.8615806497236 74.765285235803 25.2650280395747 0.156143801042162 -0.408293015091668
72.2000000000002 49.1167087020961 81.8551596424095 74.7067646193548 25.2200725936447 0.154622195244878 -0.413843144902871
72.3000000000002 49.1908274151438 81.8479871986874 74.648503831019 25.1748197460281 0.153202686044494 -0.418983856849996
72.4000000000002 49.2649886305503 81.8400582446738 74.5904970301074 25.1292980082887 0.151885671734817 -0.42367669550946
72.5000000000002 49.3391897654624 81.8313681611382 74.5327379682387 25.0835357788584 0.15067120348084 -0.427886033172617
72.6000000000002 49.4134283691601 81.8219127876202 74.4752200064027 25.0375613266394 0.149558958136237 -0.431579842422022
72.7000000000001 49.4877021313447 81.8116884265466 74.4179361320235 24.9914027746061 0.148548214324461 -0.434730427022034
72.8000000000001 49.5620088902951 81.800691847348 74.3608789760238 24.945088083407 0.147637832330001 -0.43731508299734
72.9000000000001 49.6363466408223 81.7889202905762 74.3040408298877 24.8986450349668 0.146826238283457 -0.439316663225299
73.0000000000001 49.7107135419532 81.776371472021 74.247413662725 24.8521012160881 0.146111413046946 -0.440724021968941
73.1000000000001 49.7851079242172 81.7630435867794 74.1909891383484 24.8054840021397 0.145491049556022 -0.441600302807531
73.2000000000001 49.8595282950807 81.7489353120737 74.1347586327084 24.7588205429908 0.144963134319895 -0.442007485902414
73.3000000000001 49.933973340346 81.7340458068966 74.0787132522362 24.7121377546437 0.144525614425377 -0.441940195804528
73.4000000000001 50.0084419238511 81.718374710406 74.022843852544 24.665462313113 0.144176248355009 -0.441396895273873
73.5000000000001 50.0829330868708 81.7019221402707 73.9671410571392 24.6188206483908 0.143912599276799 -0.440379924495848
73.6000000000001 50.1574460472517 81.6846886910174 73.9115952761384 24.5722389384117 0.143732031222418 -0.43889546145145
73.7000000000001 50.2319801982569 81.6666754323771 73.8561967249816 24.5257431030182 0.143631708147313 -0.436953405207989
73.8000000000001 50.3065351070912 81.6478839076311 73.8009354431463 24.4793587979254 0.143608595816562 -0.43456718675286
73.9000000000001 50.3811105130804 81.6283161319577 73.7458013128616 24.4331114086867 0.143659466408229 -0.431753514544579
74.0000000000001 50.4557063254729 81.6079745907788 73.6907840778224 24.3870260446587 0.143780905684586 -0.428532064121727
74.1000000000001 50.5303226208007 81.5868622381329 73.6358733619264 24.3411275329835 0.143969255891415 -0.424925934512875
74.2000000000001 50.6049596388786 81.5649824957573 73.5810586886137 24.2954404130178 0.144220444529519 -0.420963458730386
74.3000000000001 50.6796177759537 81.5423392539653 73.5263295017338 24.2499889318962 0.14453022926308 -0.416675165323109
74.4 50.7542975763398 81.5189368732322 73.4716751870144 24.2047970405408 0.144894287315155 -0.412092532128878
74.5 50.8289997233822 81.4947801858077 73.4170850935539 24.1598883896882 0.1453082353651 -0.407247544773128
74.6 50.9037250297683 81.4698744973295 73.3625485553136 24.1152863259167 0.145767650400104 -0.402172282085649
74.7 50.9784744271615 81.4442255884352 73.3080549126097 24.071013887673 0.14626809126133 -0.396898536085548
74.8 51.0532489551398 81.4178397163759 73.2535935336059 24.0270938012996 0.146805120648639 -0.391457472122502
74.9 51.1280497494213 81.3907236166285 73.1991538358053 23.9835484770614 0.147374327369945 -0.385879332786657
75 51.2028780293612 81.3628845045089 73.1447253075426 23.9404000051729 0.147971348650324 -0.380193187304109
75.1 51.2777350847274 81.3343300766833 73.0902975294326 23.8976701519124 0.14859236426878 -0.374467719294552
75.2 51.3526222623091 81.3050685100498 73.0358601946783 23.8553803580001 0.149235555963761 -0.368750110306186
75.3 51.4275409535303 81.2751084539427 72.9814031264835 23.8135517427231 0.149899736210025 -0.363035891967682
75.4 51.5024925826534 81.244459019706 72.9269162943261 23.7722051103255 0.150583872026703 -0.357320329436116
75.5 51.5774785951574 81.2131297701667 72.8723898301864 23.7313609564845 0.151287074457176 -0.351598537021031
75.6 51.6525004462949 81.181130709107 72.8178140447763 23.6910394747871 0.152008588926876 -0.345865578941583
75.7 51.7275595898458 81.1484722707375 72.7631794437679 23.6512605632069 0.152747786490548 -0.340116555963533
75.8 51.8026574670878 81.1151653091696 72.7084767440225 23.6120438305799 0.153504155971911 -0.334346678796162
75.9 51.8777954959995 81.0812210878884 72.6536968898192 23.5734086030821 0.154277296991779 -0.328551329155454
76 51.9529750607106 81.0466512692255 72.598831069084 23.535373930705 0.155066913875559 -0.322726109452021
76.1 52.0281975011599 81.0114679039117 72.5438707296894 23.497958593663 0.155872410977918 -0.31683877717834
76.1999999999999 52.1034641015702 80.9756834227113 72.4888075975978 23.4611811069789 0.156691697941828 -0.31087102811451
76.2999999999999 52.178776075268 80.9393106333408 72.4336336996849 23.4250597204501 0.157522409710807 -0.304838701508284
76.3999999999999 52.2541345476683 80.9023627194688 72.3783413884072 23.3896124167926 0.158362328513174 -0.298756435676783
76.4999999999999 52.3295405387106 80.8648532397965 72.3229233665398 23.3548569097169 0.159209405565793 -0.292637617829925
76.5999999999999 52.4049949448015 80.8267961271371 72.2673727119144 23.3208106420029 0.160061782609497 -0.286494352195155
76.6999999999999 52.4804985202669 80.7882056874969 72.2116829021578 23.2874907835743 0.160917813243904 -0.280337444491402
76.7999999999999 52.5560518583224 80.7490965991545 72.1558478394295 23.2549142295747 0.161776084046882 -0.274176400752961
76.8999999999999 52.6316553715736 80.7094839117418 72.09986187516 23.2230975984414 0.16263543548399 -0.268019438517641
76.9999999999999 52.7073092720589 80.6693830453234 72.043719834789 23.1920572299817 0.163494982629247 -0.261873508491417
77.0999999999999 52.7830135510294 80.6288097893655 71.9874170423196 23.1618091835064 0.164354610759064 -0.255791099441799
77.1999999999999 52.8587679628521 80.587780298799 71.9309493400961 23.1323692375136 0.165216352393704 -0.249810597617356
77.2999999999999 52.9345720203472 80.5463110827086 71.8743130964575 23.1037528933014 0.166082846328864 -0.243917510797237
77.3999999999999 53.0104249951145 80.5044189901167 71.8175052086131 23.0759753801302 0.166956831719349 -0.238098212220439
77.4999999999999 53.0863259186391 80.4621211956552 71.7605231053363 23.0490516604439 0.167841133451193 -0.232339945891109
77.5999999999999 53.1622735840245 80.4194351852384 71.7033647496567 23.0229964350911 0.168738648473249 -0.226630827866447
77.6999999999999 53.2382665483669 80.3763787417343 71.6460286415533 22.9978241485466 0.169652333041427 -0.220959844249399
77.7999999999999 53.3143031357875 80.3329699306372 71.588513820647 22.9735489941325 0.170585190829951 -0.215316846394756
77.8999999999998 53.3903814411327 80.2892270857402 71.5308198688937 22.9501849192399 0.171540261863035 -0.209692543683293
77.9999999999998 53.466499334356 80.2451687948064 71.4729469132768 22.9277456305499 0.172520612220686 -0.204078494066571
78.0999999999998 53.5426544654938 80.2008138853048 71.4148956286262 22.9062445991294 0.173528781623841 -0.198433143185006
78.1999999999998 53.6188442677571 80.1561814117746 71.3566672437097 22.885695062261 0.17456519287678 -0.192726554889282
78.2999999999998 53.6950659543834 80.111290647329 71.2982635556321 22.866110016982 0.175629867149664 -0.186967631391527
78.3999999999998 53.7713165125703 80.0661610767882 71.2396869475085 22.847502210358 0.176722997957062 -0.181164324972534
78.4999999999998 53.8475926968068 80.020812389876 71.1809404062615 22.8298841296302 0.177844972072939 -0.175323647457243
78.5999999999998 53.9238910217039 79.9752644744158 71.12202754042 22.8132679923632 0.178996390537326 -0.16945168948392
78.6999999999998 54.0002077543396 79.9295374095266 71.0629525979174 22.7976657365927 0.180178089814929 -0.163553648456677
78.7999999999998 54.076538906134 79.8836514588194 71.0037204838899 22.7830890109731 0.181391163175077 -0.15763386416832
78.8999999999998 54.1528802242771 79.8376270635934 70.9443367784742 22.7695491649251 0.182636982370871 -0.151695861131593
78.9999999999998 54.2292271827345 79.7914848360322 70.8848077546063 22.7570572387835 0.183917219700989 -0.145742396780101
79.0999999999998 54.3055749730904 79.7452455523375 70.8251403955693 22.7456239539901 0.185234138040813 -0.13985006630284
79.1999999999998 54.3819185009595 79.6989301442522 70.765342406028 22.7352597044651 0.186591281319578 -0.134088984275528
79.2999999999998 54.4582523973357 79.6525596864912 70.7054222065325 22.7259745509696 0.187992442577846 -0.128452126250556
79.3999999999998 54.5345710361491 79.6061553825608 70.6453889215089 22.7177782166469 0.189441351942029 -0.12293308454751
79.4999999999998 54.6108685524401 79.5597385505159 70.5852523669994 22.7106800826089 0.19094166498598 -0.117526032235342
79.5999999999998 54.6871388609296 79.5133306087176 70.5250230384022 22.7046891835223 0.192496951967662 -0.112225684896925
79.6999999999997 54.7633756749851 79.4669530615906 70.4647120982121 22.6998142031953 0.194110687828151 -0.107027260753766
79.7999999999997 54.8395725259861 79.42062748538 70.4043313637602 22.6960634701637 0.195786242843625 -0.101926439650905
79.8999999999997 54.9157227830871 79.3743755139095 70.3438932949545 22.6934449532775 0.197526873823125 -0.0969193213887208
79.9999999999997 54.991819673378 79.3282188243384 70.2834109820196 22.6919662572871 0.199335715746461 -0.0920023838436042
80.0999999999997 55.0678563023913 79.2821791229226 70.2228981332944 22.691634618322 0.201215402299961 -0.0871591541497264
80.1999999999997 55.1438256737202 79.2362781308807 70.1623690645077 22.6924568965575 0.203166978096676 -0.0823763989414172
80.2999999999997 55.2197207054536 79.1905375705231 70.1018386918115 22.6944395617466 0.205191073131842 -0.0776553421647398
80.3999999999997 55.2955342448412 79.1449791514867 70.0413225262921 22.6975886759401 0.207288291648751 -0.0729967243150682
80.4999999999997 55.3712590822632 79.0996245569716 69.9808366685389 22.7019098760991 0.209459222132869 -0.0684008196037001
80.5999999999997 55.4468879645363 79.05449542998 69.9203978032132 22.7074083567074 0.211704447614631 -0.0638674552324886
80.6999999999997 55.5224136075472 79.0096133595532 69.8600231936167 22.7140888523835 0.214024556300954 -0.0593960324461226
80.7999999999997 55.5978287082005 78.9649998670102 69.7997306762603 22.7219556204932 0.21642015256037 -0.0549855490156726
80.8999999999997 55.6731259556758 78.9206763921848 69.7395386554326 22.7310124237618 0.218891868294798 -0.0506346228374455
80.9999999999997 55.7482980419837 78.876664279664 69.6794660977688 22.7412625128864 0.221440374736076 -0.0463415163466432
81.0999999999997 55.8233376719619 78.8329847650215 69.6195325266542 22.7527086092214 0.224066560899052 -0.042157570371088
81.1999999999997 55.8982375763674 78.7896589609495 69.559758012345 22.7653528893732 0.226771927095098 -0.0381314633900211
81.2999999999997 55.9729905341156 78.7467078431294 69.5001631512135 22.7791969746389 0.229557881763398 -0.0342573674580174
81.3999999999997 56.0475893981296 78.7041522360007 69.4407690407114 22.7942419223536 0.232425534729828 -0.0305296370911952
81.4999999999996 56.1220271211838 78.662012798526 69.3815972541662 22.8104882173117 0.235375684944553 -0.0269427827220818
81.5999999999996 56.1962967815442 78.620310009955 69.3226698155798 22.8279357631875 0.238408808295468 -0.0234914480648246
81.6999999999996 56.270391608342 78.57906415559 69.2640091744252 22.8465838739562 0.241525045464455 -0.0201703911821109
81.7999999999996 56.3443050066189 78.5382953125501 69.2056381804447 22.8664312653148 0.244724189816741 -0.0169744689868581
81.8999999999996 56.4180305819706 78.4980233355362 69.1475800584468 22.8874760461029 0.248005675338646 -0.0138986248896119
81.9999999999996 56.4915621647176 78.4582678425956 69.0898583831042 22.9097157097238 0.251368564665668 -0.0109378792696887
82.0999999999996 56.5648938335333 78.4190482008896 69.032497053736 22.9331471255767 0.254811563055113 -0.00809306439896453
82.1999999999996 56.6380199388036 78.3803835125435 68.9755202686916 22.9577665307909 0.258333071562052 -0.00536490517310575
82.2999999999996 56.7109351262251 78.3422926007019 68.9189524987246 22.9835695227249 0.261931075024957 -0.00274839168333412
82.3999999999996 56.7836343600317 78.3047939956668 68.8628184599689 23.0105510517671 0.265603099508978 -0.000238613201089825
82.4999999999996 56.8561129454032 78.2679059210375 68.8071430868985 23.0387054141479 0.269346199232927 0.00216924556663298
82.5999999999996 56.9283665499281 78.2316462798521 68.7519515052884 23.0680262447522 0.273156944440433 0.00447990680012571
82.6999999999996 57.000391224004 78.1960326407277 68.6972690051751 23.0985065099316 0.277031410508238 0.0066980008059112
82.7999999999996 57.0721834200509 78.1610822240009 68.6431210138166 23.1301385003164 0.28096516862366 0.00882806647453834
82.8999999999996 57.1437400104087 78.1268118878686 68.5895330686533 23.1629138236282 0.284953278409083 0.0108745512442393
82.9999999999996 57.2150583037837 78.0932381145287 68.5365307902681 23.1968233974919 0.2889902829089 0.0128418108187397
83.0999999999996 57.2861360601789 78.0603769963375 68.4841398552918 23.23185744233 0.293070387016776 0.014715666756448
83.1999999999995 57.3569715060389 78.0282442224016 68.4323859678709 23.2680054763871 0.297187929161257 0.0164820138828506
83.2999999999995 57.4275633526792 77.9968550662738 68.3812948274863 23.3052563161612 0.301336710223431 0.0181450863975868
83.3999999999995 57.4979108152296 77.9662243740843 68.3308920953351 23.3435980789658 0.305509784239879 0.0197089137754452
83.4999999999995 57.5680136301337 77.9363665526875 68.2812033606571 23.3830181855741 0.309699450908878 0.0211773339289497
83.5999999999995 57.6378720709325 77.9072955578097 68.2322541070608 23.4235033628618 0.313897253195201 0.0225540047635402
83.6999999999995 57.7074869621276 77.8790248821963 68.1840696788501 23.4650396464519 0.318093980789627 0.0238424144834335
83.7999999999995 57.7768596909111 77.8515675437599 68.1366752473502 23.5076123833578 0.32227968019993 0.0250458909544541
83.8999999999995 57.8459922165479 77.8249360737266 68.0900957772345 23.5512062346276 0.326443672257847 0.0261676104021485
83.9999999999995 57.9148870771915 77.7991425047844 68.0443559928504 23.5958051779874 0.330574577808842 0.0272106056699079
84.0999999999995 57.983547393926 77.7741983593174 67.9994803446083 23.6413925106123 0.334661038284892 0.0281710352478011
84.1999999999995 58.0519768722235 77.7501146399109 67.9554929769934 23.6879508551913 0.338693819545487 0.0290440292188417
84.2999999999995 58.1201798019565 77.7269018256193 67.9124177006971 23.7354621743566 0.34266379115027 0.0298308190896397
84.3999999999995 58.188161056351 77.7045698705039 67.870277966372 23.7839077884075 0.346561260993257 0.0305324499971509
84.4999999999995 58.2559260896339 77.6831282022587 67.829096838448 23.8332683931608 0.35037600049771 0.0311498058174084
84.5999999999995 58.3234809332008 77.6625857208352 67.7888969689504 23.8835240778014 0.354097277412657 0.0316836321206518
84.6999999999995 58.3908321901366 77.6429507970684 67.749700571316 23.9346543427331 0.357713896598097 0.0321345571436818
84.7999999999995 58.4579870279235 77.6242312713013 67.7115293942107 23.9866381174291 0.361214249088007 0.0325031108997833
84.8999999999995 58.5249531691741 77.6064344520114 67.674404695346 24.0394537782822 0.364586369602717 0.032789742504583
84.9999999999994 58.5917388802301 77.5895671144349 67.6383472152964 24.0930791664562 0.367818002541592 0.03299483575263
85.0999999999994 58.658352957525 77.5736354991709 67.6033771512805 24.1474916057661 0.370896571552032 0.0331193201956152
85.1999999999994 58.7248047127751 77.5586453102111 67.569514130013 24.20266792135 0.373808891138988 0.033164218647747
85.2999999999994 58.791103958712 77.5446017115145 67.5367771781994 24.2585844603469 0.376541473620049 0.0331300075101789
85.3999999999994 58.8572609931274 77.5315093230096 67.5051846921003 24.3152171133658 0.379080720897726 0.0330171581766555
85.4999999999994 58.9232865798269 77.5193722165736 67.474754407061 24.3725413359842 0.381413033907252 0.0328261402134723
85.5999999999994 58.9891919262993 77.5081939120121 67.4455033670411 24.4305321702473 0.383524929254335 0.032557422210444
85.6999999999994 59.0549886579813 77.4979773730389 67.4174478941432 24.4891642661669 0.38540316172803 0.0322114701302202
85.7999999999994 59.1206887890189 77.4887250032555 67.3906035581429 24.5484119032206 0.387034851120423 0.0317887429472747
85.8999999999994 59.1863046894526 77.4804386421307 67.3649851460174 24.6082490118506 0.388407611554047 0.031289685358551
85.9999999999994 59.2518490487838 77.4731195609802 67.3406066314754 24.6686491949628 0.389509681309291 0.0307147173021631
86.0999999999994 59.3173348358633 77.4667684590906 67.317481144754 24.7295857494937 0.390331486186917 0.0300882753098869
86.1999999999994 59.3827752542325 77.461385463595 67.295620949383 24.7910316897516 0.390870118175156 0.0294330932931757
86.2999999999994 59.4481836930142 77.4569701388717 67.2750374366347 24.8529597752572 0.391125179504026 0.0287471152923658
86.3999999999994 59.5135736774292 77.4535214996951 67.2557411269404 24.9153425403595 0.391097354581291 0.0280284191224156
86.4999999999994 59.5789588206428 77.4510380245302 67.2377416715751 24.9781523239184 0.390788387844137 0.0272752085376733
86.5999999999994 59.6443527771269 77.4495176688276 67.2210478543418 25.0413612989881 0.390201050804943 0.0264858044115506
86.6999999999993 59.7097691976578 77.4489578783184 67.2056675932565 25.1049415025 0.389339098917917 0.0256586348066233
86.7999999999993 59.7752216860574 77.449355602309 67.1916079422327 25.168864864946 0.388207219086541 0.0247922238297586
86.8999999999993 59.8407237577693 77.450707306976 67.1788750927656 25.2331032400617 0.386810968795408 0.023885179194275
86.9999999999993 59.9062888003497 77.4530089886609 67.1674743756171 25.2976284345092 0.385156707981875 0.0229361784138109
87.0999999999993 59.9719300359612 77.4562561870815 67.1574102624025 25.3624122375793 0.383250946990474 0.0219532320645479
87.1999999999993 60.0376604865516 77.4604439963698 67.1486863646312 25.427426451378 0.381098517293087 0.0209449602667702
87.2999999999993 60.1034929421685 77.4655670705922 67.1413054262861 25.4926429222439 0.378704214589833 0.0199109681047619
87.3999999999993 60.1694399303797 77.4716196270971 67.1352693138567 25.5580335726507 0.376073331632961 0.0188508009773769
87.4999999999993 60.2355136859001 77.4785954497782 67.1305790062748 25.6235704331284 0.373211616560841 0.0177639188374318
87.5999999999993 60.3017261203992 77.4864878923381 67.1272345848497 25.6892256741841 0.370125228492913 0.0166496686959231
87.6999999999993 60.3680887925014 77.4952898815516 67.125235223204 25.7549716382232 0.366820690856474 0.0155072551936647
87.7999999999993 60.434612877985 77.5049939205299 67.1245791772089 25.8207808714705 0.363304842918735 0.0143357089822252
87.8999999999993 60.5013091401937 77.5155920919833 67.1252637749196 25.886626155891 0.359584790001738 0.01313385258532
87.9999999999993 60.5681879006681 77.5270760614853 67.1272854065112 25.9524805411115 0.355667852845135 0.0119002633235087
88.0999999999993 60.6352590099055 77.5394370808581 67.1306395145733 26.0183173761927 0.351563169770483 0.0106760004925111
88.1999999999993 60.7025318159153 77.5526659947255 67.1353205937609 26.0841103375485 0.347286646647272 0.00950168876287319
88.2999999999993 60.770015128516 77.5667532551101 67.1413222141913 26.1498334470811 0.342855964807632 0.00837519839856763
88.3999999999993 60.8377171860486 77.5816889391964 67.1486370541971 26.215461086462 0.338288779749583 0.00729459228467614
88.4999999999992 60.9056456275574 77.5974627672181 67.157256933438 26.2809680112656 0.333602569284196 0.00625811427855243
88.5999999999992 60.9738074704247 77.6140641203436 67.1671728460133 26.3463293651015 0.328814495803141 0.0052641798143113
88.6999999999992 61.0422090933035 77.6314820585625 67.1783749935739 26.411520693748 0.323941283413132 0.00431136848227501
88.7999999999992 61.1108562241598 77.6497053385715 67.1908528184349 26.4765179592848 0.318999110284071 0.00339841831282192
88.8999999999992 61.1797539332134 77.668722431661 67.2045950366873 26.541297554226 0.314003516204553 0.00252422151125593
88.9999999999992 61.2489066305468 77.6885215416009 67.2195896713109 26.6058363156534 0.308969325021359 0.00168782140904045
89.0999999999992 61.3183180681429 77.709090622446 67.2358240851592 26.670111539413 0.303909919462392 0.000892361602509578
89.1999999999992 61.3879913461258 77.7304173942304 67.2532850106509 26.7341009959751 0.298835228661944 0.000141254812798606
89.2999999999992 61.4579289223723 77.7524893533059 67.2719585710982 26.797782950515 0.293753729839212 -0.000565883365657993
89.3999999999992 61.5281326241163 77.7752937805695 67.2918302987405 26.8611361846571 0.288673114954231 -0.00122935748711844
89.4999999999992 61.5986036610329 77.7988177496105 67.3128851526516 26.924140018282 0.283600297303989 -0.00184938619011113
89.5999999999992 61.6693426396177 77.8230481348565 67.335107536647 26.9867743313349 0.278541423285263 -0.00242609547778942
89.6999999999992 61.7403495786963 77.8479716197208 67.3584813171911 27.0490195856328 0.273501888497891 -0.00295951124101234
89.7999999999992 61.8116239259047 77.8735747047484 67.3829898413042 27.1108568466722 0.26848635740653 -0.00344955090019721
89.8999999999992 61.883164574994 77.8998437157633 67.4086159544698 27.1722678054372 0.263498785839082 -0.0038960139985025
89.9999999999992 61.9549698838184 77.9267648120144 67.4353420185417 27.2332348002068 0.258542445657351 -0.00429857154425507
90.0999999999992 62.0270376927476 77.9543239943613 67.4631499298092 27.2937408381135 0.253620857859261 -0.00464313679525531
90.1999999999992 62.0993653401862 77.982507114462 67.4920211411645 27.3537696102171 0.248740618485992 -0.00491451093838231
90.2999999999991 62.1719496708656 78.0112998865049 67.5219366946857 27.4133054901197 0.243908821578615 -0.00511028431372965
90.3999999999991 62.2447870434378 78.0406878999442 67.5528772583217 27.4723335260959 0.239132158679742 -0.00522762560348596
90.4999999999991 62.3178733408256 78.0706566322732 67.584823162736 27.5308394329737 0.23441690835821 -0.0052632704257105
90.5999999999991 62.3912039833037 78.1011914617978 67.6177544381493 27.5888095840156 0.229768930235959 -0.00521351104520114
90.6999999999991 62.4647739441528 78.1322776804101 67.6516508511831 27.6462310027996 0.225193662837698 -0.00507418769162944
90.7999999999991 62.5385777677227 78.1639005063619 67.6864919417028 27.7030913551003 0.220696124608013 -0.00484068204382542
90.8999999999991 62.6126095897507 78.1960450970381 67.7222570596606 27.7593789407698 0.216280917476665 -0.00450791348346494
90.9999999999991 62.6868631597808 78.2286965617304 67.7589254019393 27.8150826856187 0.211952232391021 -0.00407033876503613
91.0999999999991 62.7613318655248 78.2618399743732 67.7964760491126 27.8701921333608 0.207713462255038 -0.00352603663391854
91.1999999999991 62.8360087586951 78.2954603853094 67.8348880000771 27.9246974392048 0.203566044509708 -0.00287300023623532
91.2999999999991 62.9108865813446 78.3295428305926 67.8741402012741 27.9785893676306 0.199510684068458 -0.0021048554073627
91.3999999999991 62.9859577925964 78.364072340318 67.914211573782 28.0318592918118 0.195547766176732 -0.00121473827094998
91.4999999999991 63.0612145958747 78.3990339469169 67.9550810403272 28.0844991931035 0.191677370499025 -0.00019527843476474
91.5999999999991 63.136648966579 78.4344126934506 67.9967275522937 28.1365016605283 0.187899284209837 0.000961418301713149
91.6999999999991 63.2122526801449 78.4701936419047 68.0391301167342 28.1878598902637 0.184213014057183 0.00226378802779692
91.7999999999991 63.288017340435 78.506361881483 68.0822678233797 28.2385676851285 0.180617797403053 0.00372082796152377
91.8999999999991 63.3639344084112 78.5429025369014 68.1261198716504 28.2886194540698 0.177112612275898 0.00534211734258784
91.999999999999 63.4399952310436 78.5798007766827 68.1706655976657 28.3380102116499 0.173696186503434 0.0071378405789507
92.099999999999 63.5161910702801 78.6170418214314 68.2158845011879 28.3867355773975 0.17036715065101 0.00908843428583948
92.199999999999 63.5925131286836 78.6546109516315 68.2617562708252 28.4347917716424 0.167124574515803 0.0111723612079367
92.299999999999 63.6689525664768 78.6924935142283 68.3082608048188 28.482175602421 0.163967700285487 0.0133974779930959
92.399999999999 63.7455005155923 78.7306749287326 68.355378230089 28.5288844488653 0.160895815368813 0.0157718308438668
92.499999999999 63.8221480941399 78.7691406933056 68.4030889212151 28.5749162444559 0.157908245499135 0.0183036128124804
92.599999999999 63.8988864214103 78.8078763908443 68.4513735194146 28.6202694602753 0.155004347907833 0.0210011126057377
92.699999999999 63.9757066334064 78.8468676950668 68.5002129515233 28.6649430882616 0.152183504543218 0.0238726542295379
92.799999999999 64.0525998988857 78.8861003765978 68.5495884489747 28.7089366244616 0.149445115321404 0.0269265268669848
92.899999999999 64.1295574359009 78.9255603090536 68.5994815667797 28.752250052284 0.146788591411346 0.0301709044707501
92.999999999999 64.2065705288266 78.9652334751276 68.649874202506 28.7948838257529 0.144213348570869 0.0336137546748519
93.099999999999 64.2836305458129 79.0051059726614 68.7007486151743 28.8368388527938 0.141718547530633 0.0372364405408254
93.199999999999 64.3607289555068 79.0451640203435 68.7520874419813 28.8781164793647 0.139302357820825 0.0410187850507745
93.299999999999 64.4378573410489 79.0853939624643 68.8038737095051 28.9187184757347 0.13696276244832 0.0449660781456104
93.399999999999 64.5150074129248 79.1257822732992 68.8560908427388 28.9586470236074 0.134697812990417 0.0490833610185127
93.499999999999 64.5921710217674 79.1663155614772 68.9087226740392 28.9979047032772 0.132505624439369 0.0533753656844249
93.599999999999 64.6693401711683 79.206980574349 68.9617534520763 29.0364944807858 0.130384370186011 0.0578464496636535
93.699999999999 64.7465070305168 79.2477642023564 69.0151678507823 29.0744196950784 0.128332277200049 0.0625005257430714
93.7999999999989 64.8236639478798 79.2886534834003 69.068950978301 29.1116840451599 0.126347621469236 0.0673409867715693
93.8999999999989 64.900803462937 79.3296356072094 69.1230883859369 29.1482915772511 0.124428723764412 0.0723706254741672
93.9999999999989 64.9779183199833 79.3706979197092 69.1775660771047 29.1842466719454 0.12257394580323 0.0775915492495593
94.0999999999989 65.0550014809548 79.411827927387 69.2323705162037 29.2195540313599 0.120781591832049 0.08296532854738
94.1999999999989 65.1320461370648 79.45301330158 69.2874886355616 29.2542186661646 0.11904965094608 0.0884504481411424
94.2999999999989 65.2090457167293 79.4942418825643 69.3429078374737 29.2882458823002 0.117376131079918 0.0940431815326871
94.3999999999989 65.2859938919806 79.5355016835668 69.3986159943111 29.321641267573 0.115759155596914 0.0997388878691845
94.4999999999989 65.3628845847882 79.5767808947732 69.4546014485538 29.354410678246 0.114196957252299 0.105531929780121
94.5999999999989 65.4397119733602 79.6180678873365 69.510853012825 29.3865602256286 0.112687872382874 0.111415589130124
94.6999999999989 65.5164704984414 79.6593512173854 69.5673599699241 29.4180962626676 0.111230335334854 0.117381981329412
94.7999999999989 65.5931548696248 79.7006196300331 69.6241120728605 29.4490253705374 0.109822873142735 0.123421968940226
94.8999999999989 65.6697600716853 79.7418620633849 69.6810995448873 29.4793543452308 0.108464100475327 0.129525075427746
94.9999999999989 65.7462813709505 79.7830676525472 69.7383130795348 29.509090184149 0.107152714866855 0.135679400032865
95.0999999999989 65.8227143216349 79.8242257336074 69.7957438405495 29.5382400727085 0.105887341116489 0.14185091004363
95.1999999999989 65.8990547701276 79.8653258468669 69.8533834593797 29.5668113713705 0.104666114691126 0.148006238675587
95.2999999999989 65.9752988539275 79.9063577381825 69.9112240264301 29.5948116037415 0.103487200563364 0.154132601321541
95.3999999999989 66.0514429983214 79.9473113595605 69.969258079864 29.6222484450966 0.102348945647398 0.160216139062713
95.4999999999988 66.1274839128037 79.9881768697223 70.0274785943092 29.6491297109197 0.101249869319444 0.166241855365981
95.5999999999988 66.2034185873352 80.0289446346714 70.0858789695654 29.6754633454428 0.100188653623861 0.172193561253475
95.6999999999988 66.2792442884552 80.0696052282579 70.1444530193108 29.7012574101856 0.0991641331417032 0.178053831386156
95.7999999999988 66.3549585552614 80.1101494327455 70.2031949598092 29.726520072495 0.0981752845037023 0.183803973567571
95.8999999999988 66.4305591952669 80.150568239377 70.2620993986166 29.7512595940853 0.0972212155346148 0.189424014268463
95.9999999999988 66.5060442801425 80.19085284894 70.3211613232879 29.7754843195771 0.0963011540231104 0.194892702746763
96.0999999999988 66.5814121413923 80.2309946723615 70.3803760901046 29.7992026650637 0.0954143424187788 0.200180026041977
96.1999999999988 66.6566613669404 80.2709853320385 70.4397394133261 29.8224231073564 0.0945597247135088 0.205257079107993
96.2999999999988 66.7317908001697 80.3108166650386 70.4992473557757 29.8451541749559 0.0937361823627172 0.210103047479849
96.3999999999988 66.806799539812 80.3504807270371 70.5588963199506 29.867404439704 0.0929426152208502 0.214696824327055
96.4999999999988 66.8816869396975 80.3899697962826 70.618683039153 29.8891825084602 0.0921779340895648 0.219017121094033
96.5999999999988 66.9564526083243 80.4292763775621 70.67860456862 29.9104970147799 0.0914410533794351 0.223042587387035
96.6999999999988 67.0310964082429 80.4683932061669 70.7386582766551 29.9313566105916 0.0907308839426794 0.226751938506795
96.7999999999988 67.1056184552501 80.5073132518576 70.7988418357582 29.9517699578738 0.0900463261373462 0.230124088753034
96.8999999999988 67.180019117387 80.54602972283 70.8591532137563 29.9717457203332 0.0893862631874382 0.233138288225992
96.9999999999988 67.2542990137342 80.5845360696801 70.9195906649346 29.9912925550817 0.0887495549064899 0.235774260578698
97.0999999999988 67.3284590129275 80.6228259893042 70.9801527211151 30.010419104345 0.0881349983338887 0.238095261832851
97.1999999999988 67.4025002296853 80.6608934270877 71.0408381813999 30.0291339879832 0.0875412672491979 0.240173205724841
97.2999999999987 67.4764240165834 80.6987325747528 71.1016460985207 30.047445798073 0.0869670848394051 0.242001452905226
97.3999999999987 67.5502319537487 80.7363378664947 71.1625757638528 30.065363094301 0.08641125851875 0.243573691962192
97.4999999999987 67.6239258381663 80.7737039750533 71.2236266923768 30.0828943993892 0.0858726695180441 0.244883998773971
97.5999999999987 67.6975076726753 80.8108258077836 71.2847986076408 30.1000481945197 0.0853502624600611 0.245926900555355
97.6999999999987 67.7709796546614 80.8476985027271 71.3460914267229 30.1168329147596 0.0848430350046318 0.246697442961583
97.7999999999987 67.8443441644512 80.8843174246827 71.4075052451928 30.1332569444867 0.084350027653533 0.24719125835157
97.8999999999987 67.9176037534162 80.9206781612776 71.4690403220739 30.1493286128138 0.083870313806118 0.247404633216699
97.9999999999987 67.9907611317897 80.9567765190384 71.530697064806 30.165056189014 0.083402990163009 0.247334572598943
98.0999999999987 68.0638191562739 80.99260851951 71.5924760142581 30.1804478779511 0.0829470969847649 0.246946981042816
98.1999999999987 68.1367808191348 81.028170396613 71.654377831078 30.1955118156411 0.0825013795366707 0.246208976017331
98.2999999999987 68.2096492415027 81.0634585971482 71.716403285432 30.2102560651492 0.0820644634675188 0.245120892295665
98.3999999999987 68.2824276681565 81.0984697825395 71.7785532480807 30.2246886126184 0.0816349206715545 0.243684276520375
98.4999999999987 68.3551194620903 81.1332008306251 71.8408286815059 30.2388173633032 0.0812112700439468 0.241901828657055
98.5999999999987 68.4277280987956 81.1676488374477 71.9032306310372 30.2526501376032 0.0807919787863639 0.239777326271919
98.6999999999987 68.500257160256 81.2018111190464 71.9657602159798 30.2661946670969 0.0803754642528911 0.237315532386944
98.7999999999987 68.5727103286554 81.2356852132466 72.0284186207408 30.2794585905753 0.0799600963194665 0.234522087916039
98.8999999999987 68.6450913797999 81.2692688814515 72.0912070859563 30.2924494500758 0.0795442002537199 0.231403389845162
98.9999999999987 68.7174041762542 81.302560110433 72.1541268996187 30.3051746869156 0.0791260600572801 0.227966456463918
99.0999999999986 68.789652660179 81.335557114042 72.2171793882171 30.317641637778 0.0787040378604811 0.224401646141107
99.1999999999986 68.8618408454872 81.3682583328357 72.280365908234 30.3298575321644 0.0782769719663312 0.220902673714948
99.2999999999986 68.9339728087384 81.4006624284148 72.3436878385461 30.3418294933125 0.077843912752673 0.217481470996586
99.3999999999986 69.0060526794507 81.4327682756773 72.4071465731808 30.3535645404799 0.0774040148024324 0.214149337723028
99.4999999999986 69.0780846302472 81.4645749549915 72.4707435140869 30.3650695912811 0.0769565323255494 0.210916986380825
99.5999999999986 69.1500728668706 81.4960817443698 72.5344800639044 30.3763514640233 0.0765008144999366 0.207794587349323
99.6999999999986 69.2220216180843 81.527288111642 72.5983576187354 30.3874168800434 0.0760363007756734 0.204791813670629
99.7999999999986 69.2939351254766 81.5581937066284 72.6623775609143 30.3982724660439 0.0755625161873719 0.201917884863986
99.8999999999986 69.365817633185 81.5887983533138 72.726541251778 30.4089247564298 0.0750790667172849 0.199181609365399
99.9999999999986 69.4376733775569 81.6191020420204 72.7908500244365 30.4193801956445 0.0745856347522771 0.196591425272168
100.099999999999 69.5095065767924 81.6491049216109 72.8553051765631 30.429645140506 0.0740819158572868 0.194126967156407
100.199999999999 69.5813214213392 81.6788072924564 72.9199079637085 30.4397258625277 0.0735674347030671 0.191768695140985
100.299999999999 69.6531220662463 81.7082096013471 72.9846595939415 30.4496285502003 0.0730417126897338 0.189525865662064
100.399999999999 69.7249126242595 81.7373124371676 73.049561223014 30.4593593112592 0.0725043243163858 0.187407540614677
100.499999999999 69.7966971589083 81.7661165266024 73.1146139495452 30.4689241749511 0.0719548956740367 0.185422622275843
100.599999999999 69.8684796775661 81.7946227298407 73.1798188102062 30.4783290943005 0.0713931029216134 0.183579890385344
100.699999999999 69.9402641244929 81.8228320362816 73.245176774905 30.4875799483764 0.070818670767653 0.181888041333312
100.799999999999 70.012054373871 81.8507455602391 73.3106887419705 30.4966825445586 0.0702313709785776 0.180355729431642
100.899999999999 70.0838542228442 81.8783645366474 73.3763555333372 30.5056426208047 0.0696310209366785 0.17899161028332
100.999999999999 70.1556673845687 81.9056903167658 73.4421778897302 30.5144658479162 0.0690174822706155 0.177804386289182
101.099999999999 70.2274974813041 81.9327243638428 73.5081564658835 30.5231578318348 0.0683908090298103 0.176906551647495
101.199999999999 70.2993480380499 81.959468247711 73.5742918266517 30.5317241166998 0.0677517127611096 0.17640905007962
101.299999999999 70.3712224775628 81.9859236366693 73.6405844453876 30.5401701898397 0.0671011429945029 0.176318202963514
101.399999999999 70.4431241160276 82.0120922882959 73.7070347032115 30.5485014875251 0.0664401385253958 0.176640139857102
101.499999999999 70.5150561589127 82.0379760402197 73.7736428883156 30.5567234007512 0.0657698240626503 0.177380737103947
101.599999999999 70.5870216969933 82.0635768008926 73.8404091952686 30.5648412810204 0.0650914074702252 0.178545531118036
101.699999999999 70.6590237025513 82.0888965403616 73.907333724319 30.5728604461249 0.0644061776286785 0.180139604020348
101.799999999998 70.7310650257546 82.1139372810402 73.9744164807003 30.5807861859287 0.0637155029380346 0.182167438949561
101.899999999998 70.8031483912207 82.1387010884804 74.0416573739343 30.5886237681504 0.0630208304805169 0.184632742051774
101.999999999998 70.8752763947687 82.1631900621449 74.1090562171357 30.5963784441455 0.0623236858550549 0.1875382279095
102.099999999998 70.9474515003601 82.1874063261874 74.1766127263127 30.6040554546818 0.0616256449611108 0.190861812672484
102.199999999998 71.0196760371913 82.2113520204558 74.2443265195654 30.6116600355258 0.0609282454219329 0.194580268455488
102.299999999998 71.091952196872 82.2350292920617 74.3121971160289 30.6191974225511 0.0602330683335259 0.198692456949542
102.399999999998 71.164282030742 82.2584402871729 74.3802239347146 30.6266728566576 0.0595417684901809 0.203195316464029
102.499999999998 71.2366674473647 82.2815871428134 74.4484062933473 30.6340915886841 0.0588560772981929 0.208083496236631
102.599999999998 71.3091102101992 82.3044719786651 74.5167434072031 30.6414588843204 0.0581778061722385 0.213348946609789
102.699999999998 71.3816119354518 82.3270968888682 74.5852343879466 30.6487800290196 0.057508850357031 0.218980465011765
102.799999999998 71.4541740901081 82.3494639338219 74.6538782424687 30.6560603329107 0.0568511930994557 0.224963199513397
102.899999999998 71.5267979901439 82.3715751319854 74.7226738717236 30.6633051357103 0.0562069100724752 0.23127811409524
102.999999999998 71.5994847989189 82.3934324516785 74.7916200695667 30.6705198116356 0.0555781739290946 0.237901422963274
103.099999999998 71.6722355257637 82.4150378028883 74.8607155216054 30.6777097743003 0.0549672706362886 0.244756280607419
103.199999999998 71.7450510250844 82.4363930292186 74.9299588044005 30.6848804812007 0.0543766289118918 0.251757594046917
103.299999999998 71.8179319965007 82.457499900204 74.9993483855581 30.6920374371581 0.0538087692170852 0.25886074442134
103.399999999998 71.8908789855028 82.4783601037673 75.0688826241709 30.6991861973512 0.0532662893765218 0.266014804043244
103.499999999998 71.9638923843028 82.4989752386822 75.1385597712745 30.7063323703317 0.0527518633178083 0.27316232964393
103.599999999998 72.0369724328688 82.5193468070366 75.2083779703024 30.7134816210411 0.0522682384850625 0.280239305129303
103.699999999998 72.1101192201405 82.5394762066949 75.2783352575417 30.7206396738262 0.051818231702647 0.287175274571228
103.799999999998 72.1833326854258 82.5593647237617 75.3484295625887 30.7278123154558 0.051404723278817 0.293893706942652
103.899999999998 72.2566126199811 82.5790135250439 75.4186587088042 30.7350053981365 0.0510306491674592 0.300312631977668
103.999999999998 72.329958668775 82.5984236505142 75.4890204137691 30.7422248425291 0.0506989910494796 0.306345580552393
104.099999999998 72.4033703324376 82.617596005795 75.5595122897364 30.7494766407406 0.0504126756481211 0.311841533315403
104.199999999998 72.476846969387 82.6365313552033 75.6301318439857 30.7567668586944 0.0501742802959106 0.316656549522332
104.299999999998 72.5503877981033 82.6552303162159 75.700876478932 30.7641016369213 0.0499862578393623 0.320714497796858
104.399999999998 72.6239918995389 82.6736933544949 75.7717434921372 30.7714871907279 0.0498510051405607 0.323944025032752
104.499999999998 72.697658219673 82.6919207789346 75.8427300763181 30.778929810342 0.0497708460905553 0.326280635116082
104.599999999998 72.7713855722102 82.7099127367087 75.9138333193544 30.7864358610568 0.0497480145900897 0.327668747913094
104.699999999998 72.8451726414281 82.7276692083172 75.985050204296 30.7940117833762 0.0497846380196473 0.328063634535654
104.799999999998 72.9190179851768 82.7451900026333 76.056377609372 30.8016640931591 0.0498827217515352 0.327433120214627
104.899999999998 72.9929200380337 82.7624747519503 76.1278123079974 30.8093993817649 0.0500441352609078 0.325758949983658
104.999999999998 73.0668771146208 82.779522907029 76.1993509687819 30.8172243161978 0.0502706003622694 0.323037725764268
105.099999999998 73.1408874130791 82.796333732165 76.2709901555278 30.8251456392268 0.0505635703723967 0.319240119133965
105.199999999998 73.2149490185292 82.8129063008007 76.3427263269821 30.8331701688543 0.0509238812129019 0.314364970485363
105.299999999998 73.2890599062112 82.8292394925172 76.4145558359628 30.8413047961324 0.0513520726815959 0.308473146668105
105.399999999998 73.3632179445645 82.8453319905695 76.4864749282386 30.8495564823281 0.0518485044345545 0.301638056588379
105.499999999998 73.4374208984231 82.8611822794428 76.5584797413994 30.8579322560628 0.0524133658877349 0.293943447946544
105.599999999998 73.511666432337 82.8767886424096 76.6305663037263 30.8664392104532 0.0530466890756949 0.285480961752561
105.699999999998 73.5859521140251 82.8921491590854 76.7027305330622 30.8750845002504 0.0537483639586182 0.276347578022395
105.799999999998 73.6602754179647 82.9072617029855 76.7749682356819 30.883875338981 0.0545181556039999 0.266643081456112
105.899999999998 73.7346337291227 82.9221239390814 76.8472751051625 30.8928189960862 0.0553557226426149 0.256467661578846
105.999999999998 73.8090243468356 82.9367333213572 76.9196467212536 30.9019227940626 0.0562606364031582 0.245919740440516
106.099999999998 73.8834444888678 82.9510870904277 76.9920785487623 30.9111941055829 0.0572321892291297 0.235128757378249
106.199999999998 73.9578912962367 82.9651822727691 77.0645659368112 30.9206403501293 0.0582687750328799 0.224228785655723
106.299999999998 74.0323618396968 82.9790156840389 77.1371041190461 30.930268989387 0.0593685319265359 0.213314455380723
106.399999999998 74.1068531268691 82.9925839340089 77.2096882142166 30.9400875221493 0.0605295712094596 0.202469017192078
106.499999999998 74.1813621094115 83.0058834315594 77.2823132267721 30.9501034792044 0.0617499947700851 0.191764243079656
106.599999999998 74.2558856902074 83.0189103896732 77.3549740474566 30.9603244182216 0.0630279101346261 0.181260691046738
106.699999999998 74.3304207305698 83.0316608304303 77.4276654539046 30.970757918638 0.0643614431262567 0.171008250657466
106.799999999998 74.4049640574615 83.0441305900023 77.5003821112363 30.981411576545 0.0657487481851799 0.16104689047961
106.899999999998 74.4795124707282 83.0563153236461 77.5731185726532 30.9922929995749 0.0671880164667825 0.151407536599813
106.999999999998 74.5540627503437 83.0682105106991 77.6458692800333 31.0034098017872 0.068677481881238 0.14211302182734
107.099999999998 74.628611663643 83.0798114595752 77.7186285645062 31.0147695985404 0.0702153844656833 0.1331682622601
107.199999999998 74.7031559719892 83.0911133128189 77.7913906464949 31.026380000977 0.0717998591194115 0.124574393534162
107.299999999998 74.7776924359819 83.1021110523064 77.8641496344055 31.0382486095275 0.0734290744427337 0.116338812389932
107.399999999998 74.8522178200603 83.1127995045029 77.9368995227833 31.0503830070279 0.0751012760487558 0.108463950981506
107.499999999998 74.9267288970417 83.1231733457238 78.0096341904486 31.0627907518218 0.0768147858309684 0.100948133424895
107.599999999998 75.0012224526111 83.1332271073944 78.0823473986329 31.0754793708633 0.0785680003340485 0.093786344282468
107.699999999998 75.0756952897551 83.1429551813107 78.1550327891146 31.0884563528192 0.0803593884251565 0.0869709070774157
107.799999999998 75.1501442331352 83.1523518248994 78.227683882355 31.1017291411719 0.0821874884397397 0.0804920749075524
107.899999999998 75.2245661333917 83.1614111664785 78.300294075634 31.1153051273212 0.0840509049503494 0.0743385378915495
107.999999999998 75.2989578713739 83.1701272105178 78.3728566411862 31.1291916436878 0.0859483052847873 0.0684978538409723
108.099999999998 75.3733163623361 83.1784938429346 78.4453647243776 31.1433959568384 0.0878783591336693 0.0630096626028928
108.199999999998 75.4476385613025 83.1865048373203 78.5178113429467 31.1579252612286 0.0898395483210523 0.0579079074516993
108.299999999998 75.5219214715122 83.1941538635285 78.5901893889457 31.1727866745079 0.0918303038921958 0.0531712261259164
108.399999999998 75.596162153975 83.2014344971934 78.6624916317469 31.1879872334411 0.0938490529283337 0.0487787461887619
108.499999999998 75.6703577369077 83.2083402292833 78.7347107210893 31.2035338898532 0.0958942127131171 0.0447102391892877
108.599999999998 75.7445054249903 83.2148644756551 78.8068391901247 31.2194335065742 0.0979641851000641 0.0409462337477967
108.699999999998 75.8186025084254 83.2210005866083 78.8788694584656 31.2356928533847 0.100057351097888 0.0374680947309649
108.799999999998 75.8926463717852 83.2267418564387 78.9507938352306 31.2523186029599 0.102172065690843 0.0342580746865613
108.899999999998 75.9666345026303 83.2320815329929 79.0226045220922 31.2693173268153 0.104306652909406 0.0312993428763167
108.999999999998 76.0405644998814 83.2370128272218 79.0942936163228 31.2866954912515 0.106459401168782 0.0285759963827752
109.099999999998 76.1144340819017 83.241528922734 79.1658531138243 31.3044594532679 0.108628502676591 0.0260482024577711
109.199999999998 76.1882410936489 83.2456229853107 79.2372749116974 31.3226154556703 0.110811889435584 0.0236795177911178
109.299999999998 76.2619835118571 83.2492881723291 79.3085508096469 31.3411696201303 0.113007414049778 0.0214601608295381
109.399999999998 76.3356594491718 83.2525176421472 79.3796725109265 31.3601279394383 0.115212906117559 0.0193808170344714
109.499999999998 76.4092671578228 83.2553045634888 79.450631623267 31.3794962697259 0.117426170734629 0.0174326453742359
109.599999999998 76.482805032835 83.2576421248276 79.5214196598038 31.3992803226872 0.119644987467309 0.0156072775942608
109.699999999998 76.5562716147544 83.2595235437712 79.5920280400047 31.4194856578013 0.12186710982709 0.0138968118220919
109.799999999998 76.6296655918626 83.2609420764456 79.6624480905978 31.440117674554 0.124090265277043 0.0122938018403423
109.899999999998 76.7029858018594 83.2618910268796 79.7326710464992 31.46118160466 0.126312155797066 0.0107912430935472
109.999999999998 76.7762312329854 83.2623637563889 79.8026880517407 31.4826825042847 0.128530459033984 0.00938255634563817
110.099999999998 76.8494010246182 83.2623536929359 79.8724901604329 31.5046252463294 0.130743001351709 0.00808211778476426
110.199999999998 76.9224944686462 83.2618543398573 79.9420683386463 31.5270145143584 0.13294825393025 0.00690308030076384
110.299999999998 76.9955110138223 83.2608592829844 80.0114134686219 31.5498548006949 0.13514478472848 0.00583786131178002
110.399999999998 77.0684502711106 83.2593621971308 80.0805163539004 31.5731504061584 0.137331081684823 0.00487952591175198
110.499999999998 77.1413120187206 83.2573568525566 80.1493677244856 31.5969054398659 0.139505552458196 0.00402172970570195
110.599999999998 77.2140962067601 83.2548371214311 80.2179582420094 31.6211238190326 0.141666524594811 0.00325866747453869
110.699999999998 77.2868029614903 83.251796984297 80.2862785048947 31.6458092687727 0.143812246137569 0.00258502702411703
110.799999999998 77.3594325891636 83.2482305365335 80.3543190535208 31.6709653219007 0.145940886697004 0.00199594764319255
110.899999999998 77.4319855794276 83.2441319948199 80.4220703753862 31.6965953187318 0.148050539001494 0.00148698268358949
110.999999999998 77.5044626082763 83.2394957035992 80.4895229102735 31.7227024068828 0.150139220945643 0.00105406581489578
111.099999999998 77.5768645405092 83.2343161415534 80.5566670554036 31.7492895410425 0.152204791468359 0.000682634317264039
111.199999999998 77.6491924311397 83.2285879283776 80.6234931703357 31.7763594819353 0.15424470208441 0.000359028503121492
111.299999999998 77.7214475248195 83.2223058323164 80.689991581224 31.8039147932399 0.156256276407331 8.09503111180896e-005
111.399999999998 77.7936312540365 83.2154647779994 80.7561525848197 31.8319578377023 0.158236805236682 -0.000153711901384056
111.499999999998 77.8657452365813 83.2080598542878 80.8219664524632 31.860490773217 0.160183553590263 -0.000346894686801983
111.599999999998 77.9377912722893 83.2000863221218 80.8874234340773 31.8895155489097 0.162093768376362 -0.000500369988307533
111.699999999998 78.0097713390404 83.1915396223676 80.9525137621592 31.9190339012181 0.163964686691724 -0.000615754796175729
111.799999999998 78.0816875880028 83.1824153836646 81.0172276557731 31.9490473499744 0.165793544723985 -0.000694520015731711
111.899999999998 78.1535423381086 83.1727094302721 81.0815553245428 31.9795571944866 0.167577587229388 -0.000737998578215718
111.999999999998 78.2253380697505 83.1624177899166 81.1454869726443 32.0105645096207 0.169314077550516 -0.000747392809524684
112.099999999998 78.2970774177263 83.1515367015741 81.2090128027943 32.042070141946 0.171000624369124 -0.00072626030550462
112.199999999998 78.3687631643264 83.1400626215671 81.2721230201507 32.0740747075397 0.172636127025306 -0.000677927042921239
112.299999999998 78.4403982341952 83.1279922253849 81.334807835983 32.1065785940024 0.174219809645539 -0.000603089870722591
112.399999999998 78.511985689861 83.1153224078189 81.3970574712557 32.1395819641328 0.175750905679687 -0.000502367161759028
112.499999999998 78.5835287271259 83.1020502830326 81.4588621602058 32.1730847596658 0.177228661886318 -0.000376306816036605
112.599999999998 78.6550306702904 83.0881731846318 81.5202121539222 32.2070867050111 0.178652342289171 -0.000225393338533641
112.699999999998 78.7264949672163 83.0736886657354 81.5810977239241 32.2415873109913 0.180021232088082 -5.00541111083365e-005
112.799999999998 78.7979251842368 83.0585944990454 81.6415091657398 32.2765858785802 0.181334641509038 0.000149335057885002
112.899999999998 78.8693250009178 83.0428886769171 81.7014368024851 32.3120815026414 0.182591909575572 0.00037244502812716
112.999999999998 78.9406982046794 83.0265694114296 81.7608709884418 32.3480730756661 0.183792407785742 0.000618988995970541
113.099999999998 79.0120486852674 83.0096351344518 81.8198021126216 32.3845592915056 0.184935575445413 0.000884983764880896
113.199999999998 79.083380428712 82.9920844975925 81.8782206019264 32.4215386489369 0.186021025694629 0.00116657789867525
113.299999999998 79.1546975102048 82.9739163718572 81.9361169232893 32.459009454807 0.187048466100797 0.00146372180842466
113.399999999998 79.2260040865319 82.9551298471901 81.9934815854132 32.4969698270107 0.188017671467248 0.00177637820004848
113.499999999998 79.297304388458 82.9357242320105 82.0503051404932 32.5354176974631 0.188928486274227 0.00210452067005435
113.599999999998 79.3686027130873 82.9156990527504 82.1065781859404 32.5743508150706 0.189780826806603 0.00244813247117721
113.699999999998 79.4399034162162 82.8950540533907 82.1622913661043 32.6137667487032 0.190574682955768 0.00280720543291113
113.799999999998 79.51121090469 82.873789194999 82.2174353739963 32.6536628901662 0.191310119688339 0.00318173902904341
113.899999999998 79.5825296287771 82.8519046552661 82.2720009530121 32.6940364571718 0.191987278174312 0.00357173957307267
113.999999999998 79.6538640745734 82.8294008280432 82.3259788986556 32.7348844963107 0.192606376571655 0.00397721953175575
114.099999999998 79.7252187564621 82.8062783228405 82.3793600602406 32.7762038860499 0.193167901100017 0.00439317496680881
114.199999999998 79.7965982099567 82.7825379633346 82.4321353420632 32.8179913403907 0.193673170646676 0.00481463206844273
114.299999999998 79.8680069855704 82.7581807833575 82.4842957032252 32.8602434142055 0.19412374949975 0.00524162952520583
114.399999999998 79.939449643433 82.7332080218941 82.5358321569279 32.9029565092363 0.194521249715027 0.0056741754987606
114.499999999998 80.0109307484087 82.7076211180417 82.5867357697441 32.9461268801178 0.19486732545097 0.00611224811560084
114.599999999998 80.0824548657114 82.6814217059693 82.6369976608913 32.9897506404016 0.195163667073907 0.00655579591773762
114.699999999998 80.1540265570232 82.6546116098768 82.6866090015042 33.033823768579 0.195411995075513 0.00700473825973975
114.799999999998 80.2256503771222 82.6271928389546 82.7355610139072 33.0783421141052 0.195614053847752 0.00745896569095146
114.899999999998 80.2973308710221 82.5991675823426 82.7838449708875 33.1233014034222 0.195771605355792 0.00791834031897717
114.999999999998 80.369072571626 82.5705382040898 82.8314521949674 33.1686972459829 0.195886422753062 0.00838269618186119
115.099999999998 80.4408799978873 82.5413072381026 82.8783740576662 33.214525140268 0.195960327630526 0.00884371125021362
115.199999999998 80.5127576532995 82.5114773828142 82.9246019784696 33.2607804796271 0.195995317571876 0.00929314630031289
115.299999999998 80.5847100244632 82.4810514951437 82.9701274230599 33.3074585576766 0.195993433534659 0.00973091103267351
115.399999999998 80.6567415800617 82.4500325841759 83.0149419012543 33.3545545735217 0.195956709539701 0.0101568807454301
115.499999999998 80.7288567704338 82.4184238048301 83.0590369649318 33.4020636369721 0.195887165300601 0.0105708994588487
115.599999999998 80.8010600277446 82.3862284515296 83.1024042059605 33.4499807737575 0.195786798980867 0.0109727829737957
115.699999999998 80.8733557667517 82.35344995187 83.1450352541244 33.4983009307429 0.195657580113717 0.0113623218795859
115.799999999998 80.9457483861557 82.3200918602891 83.1869217750508 33.5470189811445 0.195501442718298 0.0117392845216932
115.899999999998 81.0182422705294 82.2861578517349 83.2280554681373 33.596129729745 0.195320278640525 0.0121034199542717
115.999999999998 81.0908417928134 82.2516517153353 83.2684280644785 33.645627918109 0.195115931148224 0.0124544608680417
116.099999999998 81.1635513173551 82.2165773480758 83.3080313247962 33.6955082297822 0.194890140632287 0.01278788265921
116.199999999998 81.2363752031132 82.1809387487047 83.3468570374363 33.7457652950544 0.194644402461725 0.0130992840359958
116.299999999998 81.3093178064084 82.1447400122166 83.3848970165361 33.7963936946166 0.194380120677575 0.013388571330303
116.399999999998 81.3823834837343 82.1079853245639 83.4221431002601 33.8473879627835 0.194098653704305 0.0136556522543413
116.499999999998 81.4555765949692 82.0706789573766 83.4585871490368 33.8987425906984 0.19380131012497 0.0139004389134761
116.599999999998 81.5289015069908 82.032825262682 83.4942210437973 33.9504520295384 0.193489344708498 0.0141228507297331
116.699999999998 81.6023625976835 81.9944286676252 83.5290366842124 34.0025106937192 0.193163954701978 0.0143228172800809
116.799999999998 81.6759642603255 81.9554936691886 83.5630259869304 34.054912964101 0.192826276395842 0.0145002810354433
116.899999999998 81.7497109083435 81.9160248289119 83.5961808838146 34.1076531911928 0.192477381972169 0.0146551999933142
116.999999999998 81.8236069804211 81.8760267676123 83.6284933201813 34.1607256983582 0.192118276640765 0.0147875501980919
117.099999999998 81.8976569459355 81.8355041601171 83.6599552530447 34.2141247850074 0.19174983773858 0.014896745113908
117.199999999998 81.9718653103728 81.7944617303244 83.6905586495518 34.2678447294545 0.191372645458482 0.0149823050208969
117.299999999998 82.0462366201372 81.7529042470996 83.7202954859009 34.3218797909241 0.190987170251382 0.0150443990989696
117.399999999998 82.1207754672106 81.7108365204985 83.7491577464496 34.3762242112235 0.190593832237319 0.0150832212322323
117.499999999998 82.1954864939678 81.6682633980051 83.7771374228305 34.4308722164012 0.190193000531526 0.0150989909015745
117.599999999998 82.2703743981487 81.6251897607678 83.8042265130666 34.4858180184058 0.189784992771464 0.0150919539449425
117.699999999998 82.3454439379779 81.5816205198365 83.8304170206874 34.5410558167454 0.189370074844782 0.0150623831764611
117.799999999998 82.4206999374189 81.5375606123995 83.8557009538441 34.5965798001458 0.188948460818307 0.0150105788662894
117.899999999998 82.4961472915528 81.4930149980199 83.8800703244249 34.6523841482098 0.188520313066235 0.0149368690791155
117.999999999998 82.5717909720683 81.4479886548731 83.9035171471715 34.7084630330761 0.188085742596597 0.0148416098637972
118.099999999998 82.6476360328328 81.402486576006 83.9260334388003 34.7648106210672 0.187644747250197 0.0147312383201054
118.199999999998 82.7236876150328 81.356513766191 83.9476112172925 34.8214210740612 0.187197036894814 0.0146120873567885
118.299999999998 82.7999509510353 81.3100752402888 83.9682425016087 34.8782885501589 0.186742241510498 0.0144843843758988
118.399999999998 82.8764313676943 81.263176022205 83.9879193115711 34.9354072040749 0.186279977737918 0.0143483652199579
118.499999999998 82.9531342895803 81.2158211438699 84.0066336677528 34.9927711875176 0.185809850308125 0.0142042736978941
118.599999999998 83.0300652421451 81.1680156442181 84.0243775913662 35.0503746495696 0.185331453515689 0.0140523610951944
118.699999999998 83.1072298548192 81.1197645681682 84.0411431041519 35.1082117370671 0.184844372731342 0.0138928856721194
118.799999999998 83.1846338640357 81.0710729656024 84.0569222282675 35.1662765949806 0.184348185951144 0.0137261121473079
118.899999999998 83.2622831161773 81.0219458903465 84.0717069861767 35.2245633667947 0.183842465377583 0.0135523111757505
118.999999999998 83.3401835704401 80.972388399149 84.0854894005376 35.2830661948883 0.183326779028601 0.0133717588144237
119.099999999998 83.4183413016046 80.9224055506691 84.098261494093 35.3417792209118 0.182800678630241 0.013187107552846
119.199999999998 83.4967625025352 80.8720024046627 84.1100152895845 35.4006965860904 0.182263663613075 0.0130009281387621
119.299999999998 83.5754534861212 80.8211840216745 84.1207428097307 35.4598124313411 0.181715230172018 0.0128133765935049
119.399999999997 83.6544206869206 80.7699554629291 84.13043607723 35.5191208973147 0.181154887424689 0.0126246072599392
119.499999999997 83.7336706626751 80.7183217902298 84.1390871147638 35.5786161244365 0.180582158901283 0.0124347726219249
119.599999999997 83.8132100957014 80.6662880658575 84.1466879450005 35.6382922529454 0.179996583997609 0.0122440231374637
119.699999999997 83.8930457941579 80.613859352469 84.153230590599 35.6981434229342 0.179397719386642 0.0120525070750377
119.799999999997 83.9731846931856 80.5610407129963 84.1587070742125 35.7581637743897 0.178785140384053 0.0118603703632255
119.899999999997 84.0536338559223 80.5078372105449 84.163109418492 35.8183474472321 0.178158442262316 0.0116677564433014
119.999999999997 84.1344004743905 80.4542539082929 84.1664296460901 35.8786885813551 0.177517241509567 0.011474806135733
