#t s x y z curvature torsion
5 0 130.233863647213 111.394306294322 3.89114596881854 0.0443120044907445 -0.274922700049848
5.1 0.0624055873967051 130.229154913854 111.397047961842 3.95331323052194 0.0424378210876028 -0.295186595421804
5.2 0.124967320873505 130.224488105119 111.399783297367 4.01564066694777 0.0407217129950265 -0.315919466285059
5.3 0.187678947665729 130.219860774199 111.402503337059 4.07812216282903 0.0391755399593006 -0.336587442225877
5.4 0.250534216721078 130.215270474335 111.405199117092 4.14075160291267 0.0378116844669826 -0.356489226407623
5.5 0.313526882723101 130.210714758849 111.407861673653 4.20352287196958 0.0366425250798314 -0.374771626535668
5.6 0.3766507100747 130.206191181192 111.410482042956 4.26642985480461 0.0356797425481099 -0.390480015059412
5.7 0.439899476848048 130.201697294972 111.413051261239 4.32946643626658 0.0349334964140691 -0.402648199436322
5.8 0.503266978707099 130.197230654003 111.415560364775 4.39262650125825 0.0344115549251283 -0.41042037841538
5.9 0.5667470328087 130.192788812334 111.418000389874 4.45590393474636 0.0341185012830433 -0.413182861972824
6 0.63033348168816 130.188369324293 111.420362372891 4.51929262177163 0.0340551558690707 -0.410672041233592
6.1 0.694020197136217 130.183969744529 111.422637350231 4.58278644746017 0.0342183324602415 -0.403006662191192
6.2 0.757801084103875 130.179587628142 111.424816358409 4.64637929707168 0.0346009751573265 -0.390683636497153
6.3 0.821670084689744 130.175220531046 111.426890434235 4.71006505614121 0.0351926492814782 -0.374510674575017
6.4 0.885621182164612 130.170866010421 111.428850615049 4.77383761065755 0.0359803131919338 -0.355459268830602
6.49999999999999 0.949648405006559 130.16652162517 111.430687938966 4.83769084724321 0.0369492175588037 -0.334531636862253
6.59999999999999 1.01374583094976 130.162184936371 111.432393445106 4.90161865333428 0.0380837911607025 -0.312652935260171
6.69999999999999 1.07790759105104 130.15785350774 111.433958173839 4.96561491736034 0.0393684100108361 -0.290603043655908
6.79999999999999 1.14212787377833 130.153524906077 111.435373167022 5.02967352892439 0.0407879942054772 -0.268987824209105
6.89999999999999 1.20640092912502 130.149196701732 111.436629468238 5.09378837898273 0.0423284201832572 -0.248240856385837
6.99999999999999 1.270721072754 130.144866469053 111.437718123031 5.15795336002484 0.043976765927999 -0.228643881129079
7.09999999999999 1.3350826901793 130.140531786849 111.438630179163 5.22216236625768 0.0457213741200667 -0.210330743393094
7.19999999999999 1.39948024109074 130.136190238991 111.439356687134 5.28640929390213 0.0475517105330816 -0.193350243754353
7.29999999999999 1.46390826398174 130.131839415349 111.439888701431 5.3506880417747 0.0494584388620612 -0.177711979303921
7.39999999999999 1.52836138090888 130.127476912874 111.440217282038 5.41499251198143 0.0514333818693303 -0.163378978282682
7.49999999999999 1.59283430227897 130.123100336685 111.44033349597 5.47931661061618 0.0534694160998917 -0.150284906702743
7.59999999999999 1.65732183165971 130.118707301146 111.440228418805 5.54365424845888 0.0555603581998034 -0.138346784004527
7.69999999999999 1.72181887061352 130.114295430958 111.439893136207 5.60799934167378 0.0577008518187637 -0.127473969679386
7.79999999999999 1.78632042355443 130.109862362239 111.439318745461 5.67234581250778 0.0598862604512052 -0.117574243877485
7.89999999999999 1.85082160262732 130.105405743608 111.438496357002 5.73668758998862 0.0621125690382434 -0.108557725196021
7.99999999999999 1.91531763260879 130.100923237271 111.437417095944 5.80101861062315 0.0643762954896985 -0.100339236793408
8.09999999999999 1.97980385583544 130.096412520108 111.43607210363 5.86533281910299 0.0666742965483798 -0.0928396059077417
8.19999999999999 2.04427573732085 130.091871284817 111.434452539799 5.92962416919997 0.0690033472133838 -0.0859885025925199
8.29999999999999 2.10872887030093 130.08729724121 111.432549586291 5.99388662514412 0.0713604209775777 -0.0797225242760062
8.39999999999999 2.17315898190798 130.082688117573 111.430354451357 6.05811416319146 0.0737427542869381 -0.0739838099005206
8.49999999999999 2.23756193879369 130.078041662022 111.427858374005 6.12230077319923 0.076147802637624 -0.0687199023275481
8.59999999999999 2.30193375268511 130.073355643862 111.425052628331 6.18644046020101 0.0785732020386789 -0.0638834670586642
8.69999999999999 2.36627058586425 130.068627854943 111.421928527865 6.25052724598196 0.0810167352201488 -0.0594319326040345
8.79999999999999 2.43056875656137 130.063856111022 111.418477429902 6.31455517065397 0.0834763020043263 -0.0553270961298806
8.89999999999999 2.49482474425158 130.059038253121 111.414690739846 6.37851829423082 0.0859498933109578 -0.0515347225894242
8.99999999999999 2.55903519484383 130.054172148884 111.410559915544 6.44241069820339 0.0884355683286007 -0.0480241551879941
9.09999999999999 2.62319692575754 130.049255693932 111.406076471654 6.50622648712306 0.0909312993370045 -0.0447833219147157
9.19999999999999 2.68730693103198 130.044286813157 111.401231984722 6.56995979039921 0.093434545953335 -0.0418019835338786
9.29999999999998 2.75136238667749 130.039263461845 111.396018100046 6.63360476464031 0.0959426400429863 -0.0390565757035087
9.39999999999998 2.81536065594862 130.034183626742 111.390426539268 6.69715559620906 0.0984529064064158 -0.0365258554638226
9.49999999999998 2.87929929434799 130.029045327105 111.384449107972 6.76060650378578 0.100962650655543 -0.0341906774538241
9.59999999999998 2.94317605433275 130.023846615768 111.3780777033 6.82395174093182 0.103469148566334 -0.0320337868428102
9.69999999999998 3.00698888970177 130.018585580196 111.371304321555 6.88718559865294 0.105969636807753 -0.0300396295799621
9.79999999999998 3.07073595964108 130.013260343546 111.364121065815 6.95030240796269 0.108461304971393 -0.0281941797605961
9.89999999999998 3.13441563240498 130.007869065725 111.356520153536 7.01329654244587 0.110941288831097 -0.0264847834022018
9.99999999999998 3.1980264886097 130.002409944447 111.34849392416 7.07616242082184 0.113406664783996 -0.0249000176916274
10.1 3.26156732412034 129.996881216287 111.340034846745 7.13889450951338 0.115854371889306 -0.023449920283172
10.2 3.32503715260432 129.99128115752 111.33113552798 7.20148732535604 0.118280986226144 -0.0221439063122309
10.3 3.38843520786253 129.985608084441 111.32178872122 7.26393543866425 0.120682936293552 -0.0209713477020379
10.4 3.45176094572377 129.979860353473 111.311987335914 7.32623347643812 0.123056574993105 -0.0199227045457337
10.5 3.51501404536989 129.974036361263 111.301724447053 7.38837612557548 0.125398179653929 -0.0189894241474149
10.6 3.57819441006066 129.968134544791 111.290993304611 7.45035813608401 0.127703953216143 -0.0181638506293408
10.7 3.64130216723259 129.962153381463 111.279787342993 7.51217432429341 0.129970026568278 -0.0174391442623811
10.8 3.7043376679457 129.956091389216 111.268100190481 7.57381957606747 0.13219246203291 -0.0168092096575239
10.9 3.76730148565419 129.949947126617 111.255925678673 7.63528885001621 0.134367257990393 -0.0162686320963324
11 3.83019441427734 129.943719192965 111.243257851936 7.69657718070798 0.13649035462257 -0.0158126212752098
11.1 3.8930174655504 129.937406228375 111.230090976832 7.75767968187897 0.138557723062524 -0.0154568963918196
11.2 3.95577186568513 129.931006913495 111.216419551184 7.81859154957379 0.140565620968176 -0.0152164375665748
11.3 4.01845905142822 129.924519968267 111.202238312205 7.87930806511143 0.142510355521286 -0.0150863673651303
11.4 4.08108066546944 129.917944150322 111.187542244269 7.93982459798226 0.144388210480048 -0.0150625389363361
11.5 4.14363855115014 129.911278253359 111.172326586657 8.0001366087425 0.146195456161242 -0.0151414843722454
11.6 4.20613474646109 129.90452110552 111.156586841309 8.06023965190858 0.147928360202887 -0.0153203714347856
11.7 4.26857147732216 129.897671567771 111.140318780579 8.12012937885159 0.149583199032564 -0.015596968027406
11.8 4.33095115013927 129.890728532276 111.12351845498 8.17980154069168 0.151156269962021 -0.0159696138026811
11.9 4.39327634363608 129.883690920781 111.106182200941 8.23925199119249 0.152643903813477 -0.0164371985332518
12 4.45554979996074 129.876557682987 111.088306648554 8.29847668965552 0.154042477979956 -0.0169991468729309
12.1 4.51777441507282 129.869327794919 111.069888729283 8.35747170380162 0.155348667305106 -0.0176596184377679
12.2 4.57995322847326 129.862000257013 111.050925682551 8.41623321231499 0.156560171507565 -0.0184227333806917
12.3 4.64208941246151 129.854574091492 111.031415059474 8.47475750653071 0.157675017360547 -0.0192886381992029
12.4 4.7041862609893 129.847048339465 111.011354725476 8.53304099178483 0.158691332163515 -0.020257983661781
12.5 4.7662471781121 129.839422058007 110.990742862855 8.59108018875157 0.159607353882686 -0.0213319173052952
12.6 4.82827566605943 129.831694317251 110.969577973357 8.64887173478041 0.160421440863835 -0.0225120820259924
12.7 4.89027531294697 129.82386419747 110.947858880746 8.70641238523326 0.161132081031784 -0.0238006206110788
12.8 4.95224978015633 129.815930786162 110.92558473337 8.76369901482157 0.161737900500093 -0.0252001861168542
12.9 5.01420278940914 129.807893175137 110.902755006736 8.82072861894349 0.162237671516654 -0.0267139581378936
13 5.0761381095641 129.799750457604 110.879369506076 8.87749831502102 0.162630319682386 -0.0283456650843696
13.1 5.13805954317015 129.791501725249 110.855428368892 8.93400534382888 0.162915074304053 -0.0300988584623684
13.2 5.19997091289622 129.783146065192 110.83093206682 8.99024707060872 0.163091904555275 -0.0319772551898426
13.3 5.26187604806505 129.774682556628 110.805881405765 9.04622098563846 0.163161089369506 -0.0339856733634961
13.4 5.32377877127215 129.766110267343 110.780277525352 9.10192470458696 0.163123075000737 -0.0361295072515512
13.5 5.38568288505809 129.757428250223 110.754121898359 9.15735596886038 0.162978475819825 -0.0384147631989253
13.6 5.44759215866473 129.748635539766 110.72741633014 9.21251264594863 0.162728074264997 -0.0408481015048947
13.7 5.50951031490809 129.739731148592 110.700162958056 9.26739272977174 0.162372819987811 -0.0434368846606599
13.8 5.57144101720058 129.730714063955 110.672364250901 9.32199434102627 0.161913828251158 -0.0461892323708536
13.9 5.63338785675441 129.721583244254 110.64402300833 9.37631572753173 0.161352377644655 -0.0491140838352267
14 5.69535433999745 129.712337615542 110.615142360291 9.43035526457695 0.160689907197963 -0.0522212679090749
14.1 5.7573438762386 129.702976068044 110.585725766393 9.48411145524613 0.159928295285645 -0.0554952165698448
14.2 5.81935976579526 129.693497452804 110.555777013909 9.53758293021468 0.159070695695781 -0.0589191798441995
14.3 5.88140518900338 129.683900578687 110.525300212278 9.59076844619935 0.158120672091648 -0.0625022818477607
14.4 5.94348319601394 129.674184209499 110.494299786227 9.64366688387821 0.157081905015625 -0.0662541451510882
14.5 6.00559669725647 129.66434706113 110.462780468847 9.69627724579022 0.155958182738139 -0.0701849220567008
14.6 6.06774845457853 129.654387798681 110.430747294667 9.74859865423482 0.15475339228039 -0.0743053246651651
14.7 6.12994107307268 129.644305033604 110.39820559272 9.80063034917155 0.153471510743114 -0.0786266531276911
14.8 6.19217699360011 129.634097320834 110.365160979623 9.85237168611958 0.152116597073608 -0.0831608213119457
14.9 6.25445848601789 129.623763155923 110.331619352645 9.90382213405731 0.15069278439024 -0.0879203789238445
15 6.31678764311362 129.613300972175 110.297586882779 9.954981273322 0.149204272984359 -0.0929185288566291
15.1 6.37916637525275 129.6027091378 110.263070007784 10.0058487934938 0.14765548948636 -0.0981251631520344
15.2 6.44159640583066 129.591985953526 110.22807542433 10.0564244908781 0.146051567726219 -0.103506997921601
15.3 6.50407926772692 129.581129651393 110.19261007789 10.1067082649671 0.14439782876149 -0.109072783243997
15.4 6.5666163007018 129.570138394007 110.156681151735 10.1567001144997 0.142699605267431 -0.114830951918479
15.5 6.62920864965318 129.559010273808 110.120296055901 10.2064001335063 0.140962234497727 -0.120789516728275
15.6 6.69185726371345 129.547743312347 110.083462416154 10.2558085073524 0.139191052169375 -0.126955945985425
15.7 6.75456289616696 129.536335459555 110.046188062954 10.3049255087837 0.137391387245796 -0.13333701506667
15.8 6.81732610516661 129.524784593017 110.008481020419 10.3537514939702 0.135568557575252 -0.13993863158505
15.9 6.88014725522711 129.513088517241 109.970349495291 10.4022868985507 0.133727866316128 -0.146765631887641
16 6.94302651947046 129.501244962933 109.9318018659 10.4505322336768 0.131874599058212 -0.153821546680861
16.1 7.0059638825985 129.489251586288 109.892846671113 10.4984880820508 0.130014065780511 -0.161060104256973
16.2 7.06895914455057 129.477105968868 109.853492598906 10.5461550937741 0.128151720671736 -0.168429210727238
16.3 7.13201192480793 129.464805618941 109.81374847397 10.5935339817197 0.126293006541391 -0.17592046576004
16.4 7.19512166736295 129.452347973413 109.773623244938 10.6406255167165 0.124443302330144 -0.18352246589138
16.5 7.25828764634296 129.439730399765 109.733125971595 10.6874305227256 0.122607917178148 -0.191220477673887
16.6 7.32150897225515 129.426950198006 109.692265812093 10.7339498720178 0.120792084005259 -0.198996106403211
16.7 7.38478459882045 129.414004602619 109.651052010161 10.78018448035 0.119000952382837 -0.206826970048942
16.8 7.44811333036237 129.400890784504 109.609493882319 10.8261353021423 0.117239580472311 -0.214686390337233
16.9 7.51149382971739 129.387605852927 109.567600805087 10.8718033256551 0.115512925813978 -0.222543115526507
17 7.57492462663511 129.374146857467 109.525382202202 10.9171895681654 0.113825834759402 -0.230361091951007
17.1 7.63840412662805 129.36051078998 109.482847531833 10.9622950711498 0.11218294121249 -0.238070161973186
17.2 7.70193062006341 129.346694587108 109.440006274054 11.0071208956078 0.110588380884582 -0.245596376299921
17.3 7.76550229116105 129.332695134154 109.396867918928 11.0516681177451 0.10904603533679 -0.252891154647545
17.4 7.82911722710926 129.318509269493 109.353441954841 11.095937824798 0.107559602836159 -0.259901959575589
17.5 7.89277342743505 129.304133789006 109.309737856842 11.1399311108633 0.106132579815517 -0.2665726867493
17.6 7.95646881360763 129.289565450518 109.265765074991 11.1836490727285 0.104768241146765 -0.272844201596521
17.7 8.02020123884705 129.274800978229 109.221533022695 11.2270928057015 0.103469619469664 -0.278655027887633
17.8 8.08396849811176 129.25983706715 109.177051065054 11.2702633994403 0.102239483908726 -0.283942187013054
17.9 8.1477683382386 129.244670387534 109.132328507202 11.3131619337838 0.10108031858848 -0.288642178715023
18 8.21159846820983 129.229297589317 109.087374582649 11.3557894745807 0.0999943014432016 -0.292692084931893
18.1 8.2754565695102 129.213715306555 109.042198441655 11.3981470695372 0.0989831205381523 -0.296056814757814
18.2 8.3393403062119 129.197920162159 108.996809140405 11.4402357445049 0.0980474814688033 -0.298713304337052
18.3 8.40324733418808 129.181908773347 108.951215632221 11.4820565008887 0.0971876112940567 -0.300621283223128
18.4 8.46717530990896 129.16567775738 108.905426759575 11.5236103134966 0.0964034162785856 -0.301745791636293
18.5 8.53112189912581 129.149223737311 108.859451246135 11.5648981284057 0.0956944752736719 -0.302057963683549
18.6 8.59508478544057 129.132543347732 108.81329768881 11.6059208608288 0.0950600362398641 -0.301535669637606
18.7 8.6590616787478 129.115633240524 108.766974549794 11.6466793929806 0.0944990161716976 -0.300163986428589
18.8 8.72305032353555 129.098490090604 108.720490148611 11.6871745719441 0.0940100045906465 -0.297935472757951
18.9 8.78704850703148 129.081110601672 108.673852654162 11.727407207537 0.093591270668791 -0.294850234563642
19 8.85105406718275 129.063491511962 108.627070076766 11.7673780701777 0.0932407739395103 -0.290915776938436
19.1 8.9150649004406 129.045629599984 108.580150260249 11.8070878887732 0.0929560521766751 -0.286233219675463
19.2 8.97907896892652 129.027521690172 108.533100875105 11.8465373491486 0.0927338939465291 -0.280917121035816
19.3 9.04309430628184 129.009164658287 108.48592941438 11.8857270938556 0.0925707963434569 -0.275003205149364
19.4 9.10710902280497 128.990555436721 108.438643190639 11.9246577225238 0.0924631198911711 -0.268530112445653
19.5 9.17112131027276 128.971691019794 108.391249332964 11.9633297922326 0.0924071091313449 -0.261538525877324
19.6 9.23512944646029 128.952568469063 108.34375478396 12.0017438178829 0.0923989133397566 -0.254070309679693
19.7 9.29913179935746 128.933184918614 108.296166296759 12.0399002725699 0.0924346070336483 -0.246167686577064
19.8 9.3631268310812 128.91353758037 108.24849043202 12.0777995879545 0.0925102099746797 -0.237872474650735
19.9 9.42711310148124 128.893623749387 108.200733554935 12.1154421546356 0.0926217064196318 -0.229225400063093
20 9.49108927143911 128.873440809158 108.152901832229 12.1528283225219 0.0927650634234232 -0.220265496471164
20.1 9.55505410584019 128.852986236889 108.105001229215 12.1899584012199 0.092936244110938 -0.211156401077378
20.2 9.61900647576022 128.832257608153 108.05703750805 12.2268326608211 0.0931312467685626 -0.202058139294566
20.3 9.682945359131 128.811252599967 108.00901622908 12.2634513337069 0.0933461878619887 -0.192999866914296
20.4 9.74686984062094 128.789968993248 107.96094275339 12.2998146167533 0.0935773183283282 -0.184006989338875
20.5 9.8107791111968 128.768404675242 107.912822245406 12.3359226735512 0.0938210253599432 -0.175101310690691
20.6 9.87467246739197 128.746557641951 107.864659675489 12.3717756366269 0.0940738330245577 -0.166301222748652
20.7 9.93854931028918 128.724426000572 107.816459822542 12.4073736096621 0.0943324018959225 -0.157621921460603
20.8 10.0024091442257 128.702007971917 107.768227276602 12.4427166697142 0.0945935278613488 -0.149075640425907
20.9 10.0662515752274 128.679301892854 107.719966441446 12.4778048694369 0.0948541402601886 -0.140671892371879
21 10.1300763091803 128.656306218727 107.671681537184 12.5126382393003 0.0951112994960054 -0.132417711278857
21.1 10.1938831497373 128.633019525774 107.623376602886 12.547216789814 0.0953622644128833 -0.12438746167862
21.2 10.2576719957778 128.609440512929 107.575055499813 12.58154051383 0.0956047112870753 -0.116651502969543
21.3 10.3214428381363 128.585568002136 107.526721916199 12.615609389046 0.0958365380452044 -0.109208173174853
21.4 10.3851957559431 128.561400938046 107.478379372635 12.6494233805875 0.0960557889892555 -0.102054711979907
21.5 10.4489309127857 128.536938387712 107.430031227489 12.6829824435939 0.0962606468189512 -0.0951874839887408
21.6 10.5126485527075 128.512179540267 107.381680682316 12.7162865258038 0.0964494249821705 -0.0886021746465305
21.7 10.5763489960555 128.487123706614 107.333330787269 12.7493355701408 0.0966205603771046 -0.0822939609493018
21.8 10.6400326351829 128.461770319107 107.284984446515 12.7821295172985 0.0967726064203319 -0.0762576592662346
21.9 10.7036999300196 128.436118931241 107.236644423648 12.8146683083269 0.0969042264856025 -0.0704878525563336
22 10.7673514035149 128.410169217332 107.188313347101 12.8469518872172 0.097014187710462 -0.0649789992748402
22.1 10.8309876369595 128.383920972182 107.139993715576 12.8789802034835 0.0971014688199816 -0.0597766111329108
22.2 10.8946092650604 128.357374110066 107.09168790395 12.9107532146277 0.0971656004896185 -0.0549252468062357
22.3000000000001 10.958216970594 128.330528662042 107.04339817037 12.9422708883105 0.0972063265930915 -0.0504183956295175
22.4000000000001 11.0218114789024 128.303384772583 106.995126663823 12.9735332044071 0.0972234845820492 -0.0462502267000441
22.5000000000001 11.0853935523849 128.275942696189 106.946875431726 13.0045401570574 0.0972169987371905 -0.0424156034544013
22.6000000000001 11.1489639849981 128.248202793999 106.898646427512 13.035291756717 0.0971868739687871 -0.0389100909849468
22.7000000000001 11.212523596773 128.220165530404 106.850441518216 13.0657880322081 0.097133190138412 -0.0357299577254953
22.8000000000001 11.2760732283562 128.191831469652 106.802262492067 13.0960290327699 0.0970560968809517 -0.0328721727842155
22.9000000000001 11.339613735581 128.163201272468 106.75411106607 13.1260148301098 0.0969558089029883 -0.030334400009108
23.0000000000001 11.4031459840762 128.134275692658 106.705988893601 13.1557455204536 0.0968326017459637 -0.0281149896683801
23.1000000000001 11.4666708439193 128.105055573705 106.657897571987 13.1852212265828 0.0966869236008918 -0.026213340365989
23.2000000000001 11.5301891843949 128.075541844869 106.609838650103 13.2144420995064 0.0965197382760818 -0.0246290438138975
23.3000000000001 11.5937018689773 128.045735516055 106.561813635978 13.2434083192075 0.0963321743516306 -0.0233618029042344
23.4000000000001 11.6572097505014 128.015637672182 106.513824004398 13.2721200950257 0.0961254064296608 -0.0224120119249745
23.5000000000001 11.7207136664823 127.985249467535 106.46587120452 13.3005776660249 0.0959006525169711 -0.0217806967053779
23.6000000000001 11.7842144345875 127.954572120126 106.417956667481 13.3287813013611 0.0956591718447612 -0.0214694534862757
23.7000000000001 11.8477128482612 127.923606906042 106.370081814003 13.356731300651 0.0954022631299744 -0.0214803859873962
23.8000000000001 11.9112096725064 127.892355153803 106.322248062008 13.3844279943396 0.0951312632838883 -0.0218160400915688
23.9000000000001 11.9747056398252 127.860818238715 106.274456834222 13.4118717440685 0.0948475465762457 -0.0224793354884414
24.0000000000001 12.03820144632 127.828997577225 106.226709565786 13.4390629430436 0.0945525242618979 -0.023473493548511
24.1000000000001 12.1016977479659 127.796894621277 106.179007711845 13.4660020163882 0.0942476718529711 -0.0247394197850583
24.2000000000001 12.1651951572805 127.764510852736 106.13135275455 13.4926894210958 0.0939346069354347 -0.0262169435858886
24.3000000000001 12.2286942407581 127.731847777987 106.083746208596 13.5191256449691 0.0936150007294554 -0.0279077987942518
24.4000000000001 12.2921955167193 127.698906922593 106.036189626169 13.5453112051595 0.0932905501764827 -0.0298135914361189
24.5000000000001 12.355699453356 127.665689825966 105.988684601881 13.571246646691 0.0929629784262166 -0.0319357264499498
24.6000000000001 12.4192064669609 127.632198036028 105.9412327777 13.596932540984 0.0926340355260408 -0.0342753297578948
24.7000000000001 12.4827169203439 127.598433103882 105.893835847876 13.6223694843798 0.0923054993094655 -0.036833165425302
24.8000000000001 12.5462311214324 127.564396578473 105.846495563875 13.647558096664 0.091979176476236 -0.0396095478492869
24.9000000000001 12.6097493220588 127.530090001257 105.799213739311 13.6724990195911 0.091656903853984 -0.0426042489200662
25.0000000000001 12.6732717169315 127.495514900867 105.751992254871 13.6971929154079 0.0913405498279034 -0.0458164003567894
25.1000000000001 12.7367984428043 127.460672787795 105.704833063214 13.7216404653687 0.0910319470971111 -0.0491508612330933
25.2000000000001 12.8003295781087 127.425565149593 105.657738192986 13.7458423680028 0.0907326796722946 -0.0525107626943384
25.3000000000001 12.8638651434628 127.390193447371 105.610709750583 13.7697993367589 0.0904442756255045 -0.0558916808580416
25.4000000000001 12.9274051026037 127.354559112806 105.563749921043 13.793512097401 0.0901682732987937 -0.0592886157923157
25.5000000000001 12.9909493634677 127.318663545171 105.516860968891 13.8169813853973 0.0899062205496344 -0.0626959790717019
25.6000000000001 13.0544977794076 127.282508108369 105.470045238994 13.8402079433068 0.0896596739044223 -0.0661075858154665
25.7000000000001 13.1180501505465 127.246094127959 105.423305157409 13.8631925181677 0.0894301976094005 -0.0695166519954347
25.8000000000001 13.1816062252681 127.209422888187 105.376643232239 13.8859358588846 0.0892193625679524 -0.0729157977886921
25.9000000000001 13.2451657018442 127.172495629018 105.330062054476 13.9084387136167 0.0890287451532248 -0.0762970578071148
26.0000000000001 13.3087282301976 127.135313543162 105.283564298861 13.9307018271648 0.0888599258878767 -0.0796518989066427
26.1000000000001 13.3722934138126 127.097877773136 105.237152724694 13.9527259383595 0.0887143448317588 -0.0828826472332993
26.2000000000001 13.4358608120159 127.06018940906 105.19083017573 13.9745117774543 0.0885928599193819 -0.0858927938387868
26.3000000000001 13.499429942961 127.022249488318 105.144599577742 13.9960600635314 0.0884961554836481 -0.0886754404733969
26.4000000000001 13.5630002869001 126.984058995968 105.098463935157 14.0173715019127 0.088424879686009 -0.0912241427773078
26.5000000000001 13.6265712895046 126.94561886517 105.052426327663 14.0384467815713 0.0883796415215555 -0.0935329787288026
26.6000000000001 13.6901423652227 126.906929977623 105.006489906813 14.0592865725424 0.0883610079982652 -0.0955966143697872
26.7000000000001 13.7537129006736 126.867993163988 104.960657892627 14.0798915233351 0.088369501512774 -0.0974103655210894
26.8000000000001 13.8172822580765 126.828809204331 104.9149335702 14.1002622583432 0.0884055974416853 -0.0989702542172922
26.9000000000001 13.8808497787132 126.789378828546 104.869320286304 14.1203993752566 0.088469721967766 -0.100273058696444
27.0000000000001 13.9444147864238 126.749702716793 104.823821445992 14.1403034424728 0.0885622501564027 -0.101316355861521
27.1000000000001 14.0079765911377 126.709781499951 104.778440509182 14.1599749965176 0.0886833500875668 -0.102053438062486
27.2000000000001 14.0715344925753 126.669615760702 104.733180986583 14.1794145397175 0.0888325121788366 -0.102441691240217
27.3000000000001 14.135087784299 126.629206036204 104.688046433995 14.1986225385105 0.0890089994548589 -0.102486313279387
27.4000000000001 14.1986357578404 126.588552821393 104.643040445955 14.2175994220086 0.0892120002541109 -0.102193574760494
27.5000000000001 14.2621777067484 126.547656572307 104.598166649359 14.2363455805695 0.0894406289396979 -0.10157071656632
27.6000000000001 14.3257129305515 126.506517709409 104.553428697087 14.2548613643683 0.0896939270960594 -0.100625837806865
27.7000000000001 14.3892407386281 126.465136620914 104.508830261624 14.2731470819699 0.0899708651798168 -0.099367776192885
27.8000000000001 14.4527604539802 126.42351366611 104.464375028685 14.2912029989006 0.0902703445920776 -0.0978059830018399
27.9000000000001 14.516271416909 126.38164917869 104.420066690837 14.3090293362202 0.0905912001357959 -0.0959503948721289
28.0000000000001 14.5797729885849 126.339543470066 104.37590894112 14.3266262690936 0.0909322028223601 -0.0938113045443529
28.1000000000001 14.6432645545099 126.297196832714 104.331905466668 14.3439939253784 0.0912919648802605 -0.0914086360569621
28.2000000000001 14.7067455278968 126.254609543802 104.288059942147 14.3611323846054 0.0916686491183034 -0.0887637536746335
28.3000000000001 14.7702153529805 126.211781869569 104.244376022747 14.378041677961 0.0920602675852734 -0.085889079991538
28.4000000000001 14.833673508178 126.168714070002 104.200857337007 14.3947217886621 0.0924647839362181 -0.0827966369016939
28.5000000000001 14.897119509052 126.125406403525 104.157507479622 14.4111726523476 0.0928801177458174 -0.0794979224569827
28.6000000000001 14.9605529110716 126.081859131685 104.11433000426 14.4273941574689 0.0933041489024092 -0.0760038004541035
28.7000000000001 15.023973312165 126.038072523837 104.071328416371 14.4433861456809 0.0937347220614636 -0.0723244026968856
28.8000000000001 15.0873803550584 125.994046861835 104.028506165999 14.4591484122328 0.0941696511417867 -0.0684690435071752
28.9000000000001 15.1507737293973 125.949782444716 103.985866640598 14.4746807063589 0.0946067238524467 -0.0644461458329149
29.0000000000001 15.2141531736423 125.905279593391 103.943413157841 14.4899827316696 0.0950437062452162 -0.0602631780229688
29.1000000000001 15.277518476736 125.860538655324 103.901148958448 14.5050541465539 0.0954783625492644 -0.0559715415813868
29.2000000000001 15.3408694794785 125.815560009067 103.859077199357 14.5198945648872 0.0959085088527223 -0.0516205473760997
29.3000000000002 15.4042060755273 125.770344068439 103.817200947773 14.5345035575126 0.0963319769743677 -0.0472130634107769
29.4000000000002 15.4675282121083 125.724891286549 103.775523175575 14.5488806540284 0.0967466030797274 -0.0427510086488963
29.5000000000002 15.5308358904917 125.679202159821 103.734046753716 14.5630253445863 0.097150230634625 -0.0382353601028926
29.6000000000002 15.594129166233 125.633277232016 103.692774446646 14.5769370816898 0.0975407133558385 -0.0336661602205011
29.7000000000002 15.6574081491764 125.587117098254 103.651708906714 14.5906152819932 0.0979159181749034 -0.0290425234997825
29.8000000000002 15.7206730032192 125.540722409037 103.610852668588 14.6040593281 0.0982737282317142 -0.0243626413217255
29.9000000000002 15.7839239458361 125.494093874274 103.57020814366 14.6172685703612 0.0986120459134106 -0.0196237840550816
30.0000000000002 15.8471612473619 125.447232267301 103.52977761446 14.6302423286744 0.0989287959543216 -0.0148222995530593
30.1000000000002 15.9103852300336 125.400138428892 103.489563229086 14.6429798942876 0.0992219777180803 -0.00998950775852479
30.2000000000002 15.9735962667886 125.352813271021 103.449566995977 14.6554805317581 0.0994898161776764 -0.00515536703966753
30.3000000000002 16.0367947798299 125.305257779953 103.40979077961 14.6677434813001 0.0997306179476087 -0.000313023600297095
30.4000000000002 16.0999812389819 125.257473019092 103.370236296542 14.6797679612866 0.099942724219476 0.00454500059182825
30.5000000000002 16.1631561598475 125.209460131813 103.33090511147 14.6915531707579 0.100124512726284 0.00942681978391324
30.6000000000002 16.226320101768 125.161220344287 103.291798633291 14.7030982919285 0.100274399818119 0.0143412034219442
30.7000000000002 16.2894736655915 125.112754968323 103.252918111159 14.7144024926952 0.100390842657281 0.0192976024423066
30.8000000000002 16.3526174912509 125.064065404191 103.214264630547 14.7254649291452 0.100472341540508 0.0243061832844813
30.9000000000002 16.415752255159 125.015153143462 103.175839109307 14.7362847480634 0.1005174423564 0.0293778700712991
31.0000000000002 16.4788786674231 124.966019771831 103.137642293724 14.7468610894405 0.100524739188689 0.034524395486498
31.1000000000002 16.5419974688849 124.916666971935 103.099674754617 14.757193088982 0.100493031554883 0.0396964104394906
31.2000000000002 16.6051094279586 124.867096525554 103.06193688428 14.767279880649 0.100421788509671 0.0448440257381282
31.3000000000002 16.6682153372576 124.817310314291 103.02442889562 14.7771205992809 0.100310682795783 0.0499788664708875
31.4000000000002 16.7313160101335 124.767310319653 102.987150822135 14.7867143832497 0.100159435750926 0.0551126809409049
31.5000000000002 16.7944122771827 124.717098623103 102.950102517939 14.7960603771156 0.0999678171984499 0.0602573951869127
31.6000000000002 16.8575049827299 124.666677406115 102.913283657783 14.8051577342829 0.0997356454472727 0.0654251703380348
31.7000000000002 16.9205949812954 124.616048950228 102.876693737067 14.8140056196552 0.0994627874009282 0.070628463126826
31.8000000000002 16.9836831340522 124.565215637105 102.840332071868 14.8226032122918 0.0991491587792314 0.0758800898935949
31.9000000000002 17.0467703052814 124.51417994858 102.804197798956 14.8309497080626 0.0987947244579865 0.0811932944845111
32.0000000000002 17.1098573588308 124.46294446672 102.768289875814 14.8390443223043 0.0983994989343489 0.0865818204738212
32.1000000000002 17.1729451545861 124.411511873855 102.732607080682 14.8468862924685 0.0979636917454092 0.0920228521366466
32.2000000000002 17.2360345449825 124.359884952114 102.697148013258 14.8544748805803 0.0974881386897287 0.0974909546358183
32.3000000000002 17.2991263716319 124.308066581677 102.661911097053 14.8618093752158 0.096973860164001 0.102996280329444
32.4000000000002 17.3622214620933 124.256059738525 102.62689458241 14.8688890932887 0.0964219139108887 0.108548903849709
32.5000000000002 17.4253206267857 124.203867492178 102.592096549534 14.8757133818309 0.0958333935263411 0.114158861135778
32.6000000000002 17.488424656046 124.151493003421 102.557514911537 14.8822816197724 0.0952094270484515 0.119836185932644
32.7000000000002 17.5515343173347 124.098939522036 102.52314741747 14.8885932197208 0.0945511756331489 0.125590943827141
32.8000000000002 17.6146503525931 124.04621038454 102.488991655365 14.8946476297422 0.0938598323233814 0.131433263852393
32.9000000000002 17.6777734757531 123.99330901191 102.455045055273 14.9004443351404 0.093136620918341 0.137373367616269
33.0000000000002 17.7409043704024 123.940238907319 102.421304892296 14.9059828602376 0.0923827949505445 0.143421595861177
33.1000000000002 17.804043687607 123.887003653853 102.387768289653 14.9112627701439 0.0915997533266584 0.14956323599515
33.2000000000002 17.8671920439182 123.833606911872 102.354432222212 14.9162836722749 0.0907893849566166 0.155779400285633
33.3000000000002 17.9303500196306 123.780052415463 102.32129352127 14.9210452172239 0.0899537100271124 0.162073758123648
33.4000000000002 17.9935181572916 123.726343968536 102.288348879804 14.9255470993823 0.0890947596312786 0.168449258699347
33.5000000000002 18.0566969604456 123.672485440907 102.255594857753 14.9297890575489 0.0882145728691068 0.174908078697782
33.6000000000002 18.1198868926076 123.618480764378 102.223027887289 14.9337708755398 0.0873151939092684 0.181451562516913
33.7000000000002 18.1830883764611 123.564333928821 102.190644278099 14.9374923827983 0.0863986689962434 0.188080155304124
33.8000000000002 18.2463017932759 123.51004897826 102.158440222655 14.9409534550047 0.0854670433862018 0.194793329179751
33.9000000000002 18.30952748254 123.455630006949 102.126411801492 14.9441540146863 0.0845223581917907 0.201589503224909
34.0000000000002 18.372765741799 123.401081155463 102.094554988487 14.9470940318268 0.0835666471154738 0.20846595793409
34.1000000000002 18.4360168266975 123.346406606764 102.06286565614 14.9497735244694 0.0826019909665041 0.215408961963091
34.2000000000002 18.4992809512269 123.291610582143 102.031339581068 14.9521925591349 0.0816306857003874 0.222400353265119
34.3000000000002 18.5625582882057 123.236697336782 101.999972450031 14.9543512507734 0.0806550605593202 0.229428373853007
34.4000000000002 18.6258489699811 123.181671155185 101.968759866166 14.9562497625299 0.0796774143617297 0.236479192666497
34.5000000000002 18.6891530893351 123.126536346593 101.937697355229 14.9578883055048 0.0787000098379134 0.243536796133146
34.6000000000002 18.7524707005853 123.071297240409 101.90678037184 14.9592671385129 0.0777250675880944 0.250582891252669
34.7000000000002 18.8158018208687 123.015958181611 101.876004305722 14.9603865678432 0.0767547596400622 0.25759682612536
34.8000000000002 18.8791464315986 122.96052352618 101.845364487945 14.9612469470186 0.075791202589208 0.264555533309998
34.9000000000002 18.9425044800831 122.904997636513 101.814856197169 14.9618486765553 0.0748364503115566 0.271433501790361
35.0000000000002 19.0058758812951 122.849384876848 101.784474665886 14.9621922037224 0.0738924862502844 0.278202783532597
35.1000000000002 19.0692605197789 122.793689608683 101.75421508666 14.9622780223013 0.0729612014403329 0.284850771221309
35.2000000000002 19.132658251654 122.737916186309 101.724072618235 14.9621066723397 0.0720443488052425 0.291364566139107
35.3000000000002 19.1960689066494 122.682068952596 101.69404239134 14.9616787398911 0.0711435838762351 0.297712422443237
35.4000000000002 19.2594922902055 122.626152234892 101.66411951436 14.9609948567493 0.0702604714424649 0.303860648588791
35.5000000000002 19.3229281856621 122.570170340922 101.634299079004 14.960055700182 0.0693964770478831 0.309773814649954
35.6000000000002 19.3863763565232 122.514127554684 101.604576165979 14.9588619926654 0.0685529582945825 0.315415015200792
35.7000000000002 19.4498365487887 122.458028132352 101.574945850656 14.9574145016179 0.0677311560419142 0.320746188484011
35.8000000000002 19.5133084933429 122.401876298174 101.545403208742 14.9557140391342 0.0669321856068449 0.325728490435268
35.9000000000002 19.5767919083879 122.345676240369 101.515943321948 14.9537614617191 0.0661570280873324 0.330322719922113
36.0000000000002 19.6402865019141 122.28943210703 101.486561283658 14.9515576700219 0.065406521944022 0.334489788935592
36.1000000000002 19.703791974193 122.233148002029 101.457252204586 14.9491036085794 0.064681286396799 0.338242496338122
36.2000000000002 19.7673080202116 122.176827981197 101.428011218058 14.9464002657951 0.0639815212000156 0.34160336418219
36.3000000000002 19.8308343319127 122.120476049173 101.398833484347 14.9434486745191 0.0633072296736325 0.344549558515549
36.4000000000002 19.8943706003308 122.064096156525 101.369714194636 14.9402499128635 0.0626582871524983 0.347060231668388
36.5000000000002 19.9579165176844 122.007692196873 101.340648574965 14.9368051050277 0.0620344384441343 0.349116847775376
36.6000000000003 20.0214717794222 121.951268004022 101.311631890182 14.933115422123 0.061435296062298 0.350703478071459
36.7000000000003 20.0850360862163 121.894827349091 101.282659447888 14.9291820829974 0.0608603392963131 0.351807056694233
36.8000000000003 20.1486091458988 121.838373937636 101.253726602388 14.9250063550611 0.0603089141622587 0.352417588429181
36.9000000000003 20.2121906753348 121.781911406784 101.224828758639 14.9205895551108 0.0597802342653393 0.352528301318235
37.0000000000003 20.2757804022285 121.725443322357 101.195961376195 14.9159330501549 0.0592733825860213 0.352135738515316
37.1000000000003 20.3393780668495 121.668973176023 101.167119973136 14.9110382582455 0.0587872679119958 0.351355462937613
37.2000000000003 20.4029834235048 121.612504382936 101.138300129378 14.905906649503 0.0583205170709051 0.350315143374786
37.3000000000003 20.4665962414708 121.556040280639 101.109497488429 14.9005397476262 0.0578716663583409 0.349033274295088
37.4000000000003 20.5302163056497 121.49958412846 101.080707758535 14.8949391315955 0.0574392198246266 0.347529912705335
37.5000000000003 20.5938434171163 121.443139106928 101.051926713799 14.8891064373822 0.0570216545357498 0.345826487832696
37.6000000000003 20.6574773935662 121.386708317189 101.023150195303 14.8830433596589 0.056617425854856 0.343945609203844
37.7000000000003 20.7211180696645 121.330294780421 100.994374112226 14.8767516535093 0.0562249726948727 0.341910878127663
37.8000000000003 20.7847652972978 121.27390143725 100.965594442966 14.8702331361381 0.0558427226975221 0.339746707376926
37.9000000000003 20.8484189457308 121.217531147167 100.936807236261 14.8634896885808 0.0554690972986108 0.337478153235726
38.0000000000003 20.9120789016682 121.161186687944 100.908008612308 14.8565232574138 0.0551025166450655 0.335130763795616
38.1000000000003 20.9757450692231 121.104870755052 100.879194763876 14.8493358564784 0.0547413451319137 0.332792594761769
38.2000000000003 21.0394173697271 121.048585961264 100.850361957126 14.8419295689702 0.054383731136532 0.330559663814772
38.3000000000003 21.1030957412714 120.992334836684 100.82150653173 14.8343065504565 0.0540278117495136 0.328469576384918
38.4000000000003 21.1667801380769 120.936119828959 100.792624900692 14.8264690322595 0.0536717800420899 0.326559727006859
38.5000000000003 21.2304705297549 120.879943303494 100.763713550163 14.8184193248532 0.0533138896669469 0.32486736178803
38.6000000000003 21.2941669004705 120.823807543664 100.734769039266 14.8101598212604 0.052952459196858 0.3234296848814
38.7000000000003 21.3578692480106 120.767714751035 100.705787999904 14.8016930004499 0.0525858762565767 0.322284007294272
38.8000000000003 21.4215775827633 120.711667045574 100.676767136578 14.7930214307334 0.0522126015111267 0.321467936232956
38.9000000000003 21.4852919266128 120.655666465868 100.647703226206 14.7841477731625 0.051831172581027 0.3210196033693
39.0000000000003 21.5490123117569 120.599714969336 100.618593117941 14.7750747849258 0.0514402079617117 0.320977930675604
39.1000000000003 21.6127387794448 120.543814432464 100.589433732963 14.7658053227461 0.051038452204707 0.321476541089062
39.2000000000003 21.6764713784769 120.487966651456 100.560222063853 14.756342346277 0.0506249213126959 0.322650033830471
39.3000000000003 21.7402101632133 120.432173343962 100.530955172856 14.7466889214992 0.0501988142514798 0.324540638686167
39.4000000000003 21.8039551913732 120.376436151228 100.501630189715 14.7368482241166 0.049759480430313 0.327192302921255
39.5000000000003 21.8677065217984 120.320756640261 100.472244309482 14.7268235429521 0.0493064247690409 0.330651030990974
39.6000000000003 21.9314642121977 120.265136305996 100.442794790341 14.716618283344 0.0488393138077066 0.334965191587524
39.7000000000003 21.9952283168801 120.209576573459 100.413278951419 14.7062359705417 0.0483579830165782 0.340185777481344
39.8000000000003 22.0589988844844 120.154078799937 100.383694170603 14.6956802531019 0.0478624454726521 0.346366599122525
39.9000000000003 22.1227759557164 120.098644277137 100.354037882356 14.6849549062846 0.0473529020756168 0.353564387210984
40.0000000000003 22.1865595610986 120.043274233359 100.324307575535 14.674063835449 0.0468297534826827 0.361838771872089
40.1000000000003 22.2503497187419 119.987969835664 100.294500791201 14.6630110794427 0.0462936559603161 0.371249292302543
40.2000000000003 22.3141464320863 119.932732192179 100.264615120384 14.6518008138082 0.0457456631287831 0.381851979447532
40.3000000000003 22.3779496875274 119.877562354759 100.234648201718 14.6404373535277 0.0451871169474447 0.393703496666705
40.4000000000003 22.4417594520431 119.822461321774 100.204597719024 14.6289251555843 0.0446196244705495 0.406859709234569
40.5000000000003 22.5055756708905 119.767430040914 100.174461398894 14.6172688215175 0.0440450787723821 0.421373917681005
40.6000000000003 22.5693982653849 119.712469411982 100.144237008267 14.6054730999783 0.04346568200292 0.437294496365742
40.7000000000003 22.6332271307689 119.657580289695 100.113922352018 14.5935428892836 0.0428839704184125 0.454661813203377
40.8000000000003 22.6970621341798 119.602763486482 100.083515270532 14.5814832399717 0.0423028410818382 0.473504299269947
40.9000000000003 22.7609031127248 119.548019775283 100.053013637295 14.5692993573571 0.0417255797233804 0.493833540725155
41.0000000000003 22.824749871672 119.493349892346 100.022415356466 14.5569966040855 0.0411558889844324 0.515638287317123
41.1000000000003 22.8886021827661 119.438754540029 99.9917183604718 14.5445805026692 0.0405979610408346 0.538772629683728
41.2000000000003 22.9524597826824 119.384234389616 99.960920607755 14.5320567375168 0.0400566126942995 0.563035559998517
41.3000000000003 23.0163223716369 119.329790084187 99.9300200809372 14.5194311556789 0.0395371210346634 0.588275667867071
41.4000000000003 23.0801896121632 119.275422241508 99.8990147851447 14.5067097670866 0.0390451742150253 0.614286865557793
41.5000000000003 23.1440611280571 119.221131456919 99.8679027463406 14.4938987447726 0.0385868624842499 0.640801062869174
41.6000000000003 23.2079365034966 119.166918306223 99.8366820096564 14.4810044250903 0.0381686555807948 0.667482498130755
41.7000000000003 23.2718152823412 119.112783348578 99.8053506377239 14.4680333079342 0.0377973634791308 0.693924968602005
41.8000000000003 23.3356969676172 119.058727129384 99.7739067090075 14.4549920569596 0.0374800777643793 0.719653389664692
41.9000000000003 23.399581021193 119.004750183172 99.7423483161353 14.441887499803 0.0372240916331807 0.744131133399316
42.0000000000003 23.4634668636504 118.950853036498 99.7106735642316 14.4287266283016 0.0370367977691674 0.766774353002454
42.1000000000003 23.5273538743611 118.897036210822 99.6788805692609 14.4155165986844 0.0369255473819806 0.78677908058057
42.2000000000003 23.5912413918499 118.843300225302 99.6469674566866 14.4022647310089 0.0368973928099351 0.803353900086943
42.3000000000003 23.6551287145739 118.789645599332 99.6149323609319 14.3889785066828 0.0369588752374153 0.815960577037735
42.4000000000003 23.7190151019906 118.736072854986 99.5827734251547 14.3756655652311 0.0371158697068497 0.824157623725015
42.5000000000003 23.7828997758357 118.682582519459 99.5504888010352 14.3623337010345 0.0373734423473864 0.82763440970361
42.6000000000003 23.8467819216066 118.629175127504 99.5180766485635 14.3489908600678 0.0377357333136639 0.826236691097893
42.7000000000003 23.9106606902487 118.575851223875 99.4855351358271 14.335645136638 0.0382058748558313 0.819979756010157
42.8000000000003 23.9745352000431 118.522611365765 99.4528624387986 14.3223047701229 0.0387859508908729 0.80904712930916
42.9000000000003 24.0384045386935 118.469456125245 99.4200567411228 14.308978141709 0.03947700041705 0.793775028218217
43.0000000000003 24.1022677656103 118.416386091705 99.3871162339048 14.29567377113 0.040279062802304 0.774624962439478
43.1000000000003 24.1661239143942 118.363401874286 99.3540391155108 14.2824003133743 0.0411911501567977 0.752005039112357
43.2000000000003 24.229971995646 118.310504104131 99.3208235917239 14.2691665545851 0.042210979840215 0.726425050321669
43.3000000000003 24.2938110002959 118.257693436164 99.2874678768 14.2559814059141 0.0433353535899049 0.698576427516168
43.4000000000003 24.3576399032178 118.204970550692 99.2539701948784 14.2428538965679 0.0445604138732718 0.669127400687934
43.5000000000003 24.4214576669835 118.152336154997 99.2203287814057 14.2297931668232 0.0458818022743469 0.638694601885001
43.6000000000004 24.4852632457394 118.099790984927 99.1865418845598 14.2168084610429 0.0472948067696002 0.607824137342243
43.7000000000004 24.5490555891926 118.047335806488 99.1526077666743 14.203909120691 0.0487944922332984 0.576981548401345
43.8000000000004 24.6128336466957 117.994971417437 99.1185247056621 14.1911045773485 0.0503758111469253 0.546549205487512
43.9000000000004 24.6765963714151 117.942698648873 99.08429099644 14.1784043457289 0.0520336936788146 0.516829292448319
44.0000000000004 24.7403427245709 117.89051836683 99.0499049523525 14.1658180166936 0.0537631179230677 0.488050531143506
44.1000000000004 24.8040716797396 117.838431473861 99.0153649066075 14.1533552502431 0.0555590344326459 0.46033356251896
44.2000000000004 24.8677822273365 117.786438910401 98.9806692140145 14.1410257678749 0.0574160063504012 0.433766837786011
44.3000000000004 24.9314733794515 117.734541655586 98.9458162534905 14.1288393433335 0.0593285976352359 0.408442838545043
44.4000000000004 24.9951441747851 117.682740727844 98.9108044308682 14.1168057927275 0.0612915196516312 0.384411141554929
44.5000000000004 25.0587936835232 117.631037185487 98.875632181716 14.1049349646218 0.0632996437075732 0.36168741929145
44.6000000000004 25.122421012125 117.579432127295 98.8402979741579 14.0932367301304 0.0653480056460549 0.340261306598237
44.7000000000004 25.1860253079984 117.527926693106 98.8048003116932 14.0817209730084 0.0674318045259006 0.320103060241152
44.8000000000004 25.2496057640438 117.476522064403 98.7691377360167 14.070397579745 0.0695463970795411 0.301169049556688
44.9000000000004 25.3131616230397 117.425219464903 98.7333088298388 14.0592764296557 0.0716872893085447 0.283406180699839
45.0000000000004 25.3766921818488 117.374020161142 98.6973122197047 14.0483673849749 0.0738501262892643 0.266755387719516
45.1000000000004 25.4401967954281 117.322925463058 98.6611465788128 14.0376802809489 0.0760306774605355 0.251163655457328
45.2000000000004 25.5036748807954 117.271936724381 98.6248106297719 14.0272249159485 0.0782248144445112 0.236575507047808
45.3000000000004 25.5671259212132 117.221055342537 98.588303147208 14.0170110416292 0.0804285098353552 0.222925957958991
45.4000000000004 25.6305494702822 117.170282758369 98.5516229603098 14.0070483531115 0.0826378288838852 0.210151591086878
45.5000000000004 25.6939451557453 117.119620455842 98.5147689553736 13.9973464791607 0.0848489183275344 0.198191304643008
45.6000000000004 25.7573126829709 117.069069961755 98.4777400783468 13.9879149723679 0.0870579961232143 0.186986799354175
45.7000000000004 25.8206518380933 117.018632845449 98.440535337372 13.97876329933 0.0892613421813674 0.176482867690908
45.8000000000004 25.8839624907873 116.968310718517 98.4031538053313 13.9699008308305 0.0914552901577976 0.166627535080074
45.9000000000004 25.9472445966539 116.918105234514 98.36559462239 13.9613368320195 0.0936362203309146 0.157372092476996
46.0000000000004 26.0104981991964 116.868018088661 98.327856998541 13.9530804525945 0.0958005535686716 0.148671050875872
46.1000000000004 26.0737234313673 116.818051017564 98.2899402161417 13.9451407169893 0.0979447980952181 0.140482073307829
46.2000000000004 26.1369205167321 116.768205798929 98.2518436322713 13.9375265147811 0.100065700203674 0.132764691855955
46.3000000000004 26.2000897703555 116.718484251328 98.2135666806323 13.9302465916531 0.102160085016204 0.125480963772936
46.4000000000004 26.263231599298 116.668888233972 98.1751088732718 13.9233095405753 0.104224802233883 0.118595924278198
46.5000000000004 26.3263465026491 116.619419646485 98.136469802296 13.9167237929944 0.106256724687231 0.112077344019979
46.6000000000004 26.3894350710745 116.570080428681 98.0976491415852 13.9104976100224 0.108252747807321 0.105895497863518
46.7000000000004 26.4524979858654 116.520872560337 98.0586466485076 13.9046390736267 0.110209789965329 0.100022946563302
46.8000000000004 26.5155360174746 116.47179806097 98.0194621656344 13.8991560778189 0.112124793629567 0.0944343320469547
46.9000000000004 26.5785500235265 116.422858989613 97.9800956224545 13.8940563198447 0.113994727288353 0.0891061864219485
47.0000000000004 26.6415409462911 116.374057444584 97.9405470370883 13.889347291373 0.115816588088383 0.0840167544017812
47.1000000000004 26.7045098096171 116.325395563273 97.9008165179872 13.8850362697097 0.117587546164611 0.079147341529546
47.2000000000004 26.767457715513 116.276875521941 97.8609042652091 13.8811303096482 0.119305369686794 0.0744791190205905
47.3000000000004 26.8303858407197 116.22849953562 97.820810570626 13.8776362369342 0.120968002082529 0.0699925940605423
47.4000000000004 26.8932954330285 116.180269858035 97.7805358177081 13.8745606423677 0.122573423898187 0.0656698174931444
47.5000000000004 26.9561878071644 116.132188781536 97.7400804812931 13.8719098759285 0.124119656507105 0.0614941993979223
47.6000000000004 27.0190643402298 116.084258637023 97.6994451273548 13.8696900409031 0.125604766174022 0.057450344403438
47.7000000000004 27.08192646671 116.036481793872 97.6586304127715 13.8679069880098 0.127026868419622 0.0535239039971527
47.8000000000004 27.1447756730434 115.988860659866 97.617637085095 13.8665663095254 0.128384132632036 0.0497014434164008
47.9000000000004 27.2076134917619 115.941397681123 97.5764659823194 13.865673333411 0.129674786874472 0.0459703210572026
48.0000000000004 27.2704414952057 115.894095342019 97.5351180326495 13.8652331174378 0.130897122838303 0.0423185785203746
48.1000000000004 27.3332612888319 115.84695616512 97.4935942542526 13.8652504433552 0.132049716915502 0.0387483251520692
48.2000000000004 27.3960745044125 115.799982711121 97.4518957545614 13.865729812135 0.133132079871693 0.0352606853211203
48.3000000000004 27.4588827936578 115.75317757881 97.4100237284388 13.8666754419517 0.134144006400116 0.0318433677902433
48.4000000000004 27.5216878219359 115.706543405053 97.3679794558946 13.8680912672395 0.135085360374128 0.0284849051905269
48.5000000000004 27.5844912618411 115.660082864767 97.3257642997846 13.8699809377911 0.135956076755246 0.0251745396998268
48.6000000000004 27.6472947866197 115.613798670899 97.2833797035098 13.8723478178563 0.136756163389955 0.0219021210617104
48.7000000000004 27.7101000634655 115.56769357441 97.2408271887157 13.8751949852408 0.137485702675844 0.0186580150580193
48.8000000000004 27.7729087467021 115.52177036425 97.1981083529915 13.8785252304045 0.138144853080344 0.0154330208762262
48.9000000000004 27.8357224708667 115.476031867337 97.1552248675693 13.8823410555608 0.138733850501063 0.0122182960121127
49.0000000000004 27.8985428437116 115.430480948538 97.1121784750235 13.8866446737747 0.139253009460955 0.0090052875285441
49.1000000000004 27.9613714391489 115.385120510642 97.068970986962 13.8914380080995 0.13970289785108 0.00581030377604901
49.2000000000004 28.0242097904415 115.33995349423 97.0256042815199 13.896722691693 0.140084853831453 0.00264935709749846
49.3000000000004 28.0870593841702 115.294982877269 96.9820803003476 13.9025000704207 0.140400455084474 -0.000485958940997724
49.4000000000004 28.1499216546294 115.250211674608 96.9384010454021 13.90877120644 0.140651341513141 -0.00360355511411813
49.5000000000004 28.2127979784087 115.20564293746 96.8945685757291 13.9155368818208 0.140839212660713 -0.00671090658584871
49.6000000000004 28.2756896691599 115.161279752889 96.8505850042463 13.9227976021667 0.140965825026283 -0.00981510569782418
49.7000000000004 28.3385979725643 115.117125243302 96.8064524945256 13.9305536002364 0.141032989293362 -0.0129229083493441
49.8000000000004 28.4015240615109 115.073182565927 96.7621732575766 13.9388048395649 0.141042567491341 -0.0160407747077367
49.9000000000004 28.4644690314963 115.029454912307 96.7177495486287 13.9475510180841 0.140996470109452 -0.0191749048299752
50.0000000000004 28.5274338962569 114.985945507784 96.6731836639144 13.9567915717448 0.140896653185 -0.0223312697188901
50.1000000000004 28.5904195836515 114.942657610973 96.6284779374525 13.9665256781661 0.140745222877985 -0.0254823515268973
50.2000000000004 28.6534269320716 114.899594512993 96.5836347378566 13.9767522610384 0.140544748171314 -0.0286000256713983
50.3000000000004 28.7164566878504 114.856759536039 96.5386564652039 13.9874699964369 0.14029792236259 -0.0316888216429886
50.4000000000004 28.7795095033049 114.814156031717 96.4935455479293 13.9986773198872 0.140007448663936 -0.0347527897257073
50.5000000000004 28.8425859351637 114.771787379361 96.4483044397192 14.0103724334605 0.139676034986891 -0.0377955248471439
50.6000000000004 28.9056864433697 114.729656984348 96.4029356164068 14.0225533128681 0.139306388839621 -0.040820186085235
50.7000000000005 28.9688113902591 114.687768276419 96.3574415728656 14.0352177145568 0.138901212343795 -0.0438295123111282
50.8000000000005 29.0319610401151 114.646124707998 96.3118248199049 14.0483631828033 0.138463197377344 -0.0468258344591154
50.9000000000005 29.0951355590955 114.604729752508 96.2660878811636 14.0619870568095 0.137995020848145 -0.0498110848133731
51.0000000000005 29.1583350155307 114.56358690269 96.2202332900048 14.0760864777968 0.137499340098904 -0.0527868037285995
51.1000000000005 29.2215593805933 114.522699668908 96.1742635864184 14.0906583961135 0.136978798987379 -0.0557223588107669
51.2000000000005 29.2848085294729 114.482071577115 96.1281813141287 14.1056995786428 0.136436049617037 -0.0585861773425204
51.3000000000005 29.3480822432693 114.441706165949 96.0819890182237 14.1212066169796 0.135873706226742 -0.0613777219792034
51.4000000000005 29.411380211386 114.401606983489 96.0356892429894 14.1371759359087 0.135294328060482 -0.0640959680842474
51.5000000000005 29.4747020342816 114.361777584004 95.9892845297529 14.1536038018955 0.134700414282215 -0.0667394213080111
51.6000000000005 29.5380472265631 114.322221524689 95.9427774147243 14.1704863315756 0.134094399060025 -0.0693061352523191
51.7000000000005 29.6014152204135 114.282942362417 95.8961704268394 14.1878195002455 0.133478646815226 -0.0717937295971997
51.8000000000005 29.6648053693425 114.243943650478 95.8494660856026 14.2055991503528 0.132855447632888 -0.0741994090640714
51.9000000000005 29.7282169522508 114.205228935323 95.8026668989286 14.223820999986 0.132227012831333 -0.0765199835082348
52.0000000000005 29.7916491777965 114.16680175331 95.7557753609856 14.2424806513653 0.13159547068893 -0.0787518894443834
52.1000000000005 29.8551011890519 114.128665627433 95.7087939500495 14.2615735993281 0.130962795072033 -0.080866457552443
52.2000000000005 29.9185720684021 114.090824063669 95.6617251266705 14.2810952397071 0.130330597823368 -0.0828348449525651
52.3000000000005 29.9820608425942 114.053280546362 95.6145713326308 14.3010408774328 0.129700323530304 -0.0846527840820096
52.4000000000005 30.0455664879484 114.016038533224 95.5673349902153 14.3214057345282 0.129073312900253 -0.08631579784612
52.5000000000005 30.1090879357462 113.979101450324 95.5200185014934 14.3421849580985 0.128450799612862 -0.0878192338151055
52.6000000000005 30.1726240777845 113.942472687074 95.4726242476008 14.3633736283219 0.127833907443207 -0.0891582986191202
52.7000000000005 30.2361737720864 113.906155591216 95.4251545880221 14.3849667664396 0.127223647668033 -0.0903280922053492
52.8000000000005 30.299735848753 113.870153463811 95.3776118598726 14.4069593427458 0.126620916771958 -0.0913236415951877
52.9000000000005 30.3633091159496 113.834469554225 95.3299983771802 14.4293462845783 0.126026494469819 -0.0921399337301043
53.0000000000005 30.4268923660094 113.799107055117 95.2823164301681 14.4521224843085 0.125441042063647 -0.0927719469446028
53.1000000000005 30.4904843816356 113.764069097422 95.2345682845484 14.4752828073158 0.124865017881286 -0.0932116697319025
53.2000000000005 30.554083941876 113.729358745199 95.1867561811357 14.4988220995439 0.124298433227699 -0.0934520659949866
53.3000000000005 30.6176898273405 113.694978990151 95.1388823362697 14.5227351939975 0.123741113620702 -0.0934896544149415
53.4000000000005 30.6813008251026 113.66093274601 95.0909489425568 14.5470169168216 0.12319278410451 -0.093321043893891
53.5000000000005 30.7449157335783 113.627222842912 95.0429581696237 14.571662093364 0.122653069993187 -0.092942933215115
53.6000000000005 30.8085333673849 113.593852021784 94.9949121648711 14.5966655542388 0.122121497962177 -0.0923521061166256
53.7000000000005 30.8721525621709 113.56082292872 94.9468130542279 14.6220221413889 0.121597497497807 -0.0915454215236373
53.8000000000005 30.9357721794114 113.528138109361 94.8986629429044 14.6477267141494 0.121080402709575 -0.0905197987623106
53.9000000000005 30.9993911111583 113.495800003275 94.8504639161464 14.6737741553102 0.120569454511985 -0.089272197577084
54.0000000000005 31.0630082847409 113.463810938341 94.8022180399891 14.7001593771794 0.120063803181107 -0.0877995928554704
54.1000000000005 31.1266226673916 113.43217312513 94.7539273620156 14.7268773276263 0.119562467565351 -0.0861210565342528
54.2000000000005 31.1902332704132 113.400888651457 94.7055939122483 14.7539229956235 0.119064217679883 -0.0842566234630878
54.3000000000005 31.253839152256 113.369959477357 94.6572197043765 14.7812914155124 0.118567727557216 -0.0822046032204657
54.4000000000005 31.3174394210899 113.33938743021 94.608806737116 14.8089776707672 0.118071624889082 -0.0799631317508021
54.5000000000005 31.3810332372423 113.309174199891 94.5603569955739 14.8369768977395 0.117574494493565 -0.0775301234699507
54.6000000000005 31.4446198155137 113.279321333907 94.5118724526137 14.8652842894022 0.117074881974788 -0.0749032199632902
54.7000000000005 31.5081984273696 113.249830232539 94.4633550702198 14.8938950990943 0.116571297577101 -0.072079735194585
54.8000000000005 31.5717684030071 113.220702143981 94.4148068008629 14.9228046442655 0.116062220235648 -0.0690565971224293
54.9000000000005 31.6353291332947 113.191938159488 94.3662295888646 14.9520083102203 0.115546101828454 -0.0658302855453175
55.0000000000005 31.6988800715843 113.163539208507 94.317625371762 14.9815015538623 0.115021371634374 -0.0623967659803297
55.1000000000005 31.7624207353816 113.135506053845 94.2689960816716 15.0112799074236 0.114486463508374 -0.0587892200204691
55.2000000000005 31.8259507075319 113.107839287277 94.2203436466112 15.04133898179 0.113939897347424 -0.0550410798879366
55.3000000000005 31.8894696363776 113.08053932631 94.1716699917182 15.0716744688021 0.113380231528229 -0.0511478181826221
55.4000000000005 31.9529772354507 113.053606411403 94.1229770404267 15.1022821431534 0.112806045762109 -0.0471042788803518
55.5000000000005 32.0164732830475 113.027040603204 94.0742667156435 15.1331578642727 0.112215944174747 -0.0429046241063013
55.6000000000005 32.0799576217041 113.000841779781 94.0255409409234 15.1642975782061 0.111608558497977 -0.0385422767806874
55.7000000000005 32.1434301575772 112.975009633863 93.9768016416451 15.1956973194994 0.110982551389284 -0.0340098585964581
55.8000000000005 32.2068908597338 112.949543670073 93.9280507461866 15.2273532130807 0.110336619895068 -0.029299122730018
55.9000000000005 32.2703397593556 112.924443202163 93.879290187101 15.2592614761425 0.109669499077768 -0.0244008806111567
56.0000000000005 32.3337769488635 112.899707350254 93.8305219022921 15.2914184200239 0.108979965829695 -0.0193049220419103
56.1000000000005 32.39720258095 112.875335038105 93.7817478361815 15.3238204520757 0.108266951350824 -0.0140713295226193
56.2000000000005 32.4606168671125 112.851324991368 93.7329699406489 15.3564640770681 0.107529878331054 -0.00876169133286742
56.3000000000005 32.5240200750562 112.827675738342 93.684190175399 15.3893458974406 0.106768351073948 -0.0033668487066972
56.4000000000005 32.5874125256836 112.804385611696 93.6354105081009 15.4224626130939 0.105982048846808 0.00212289837947742
56.5000000000005 32.6507945901104 112.78145275024 93.5866329145203 15.4558110211656 0.105170725682392 0.00771782138004045
56.6000000000005 32.7141666867257 112.758875100692 93.5378593786501 15.4893880158047 0.104334210326653 0.0134287965096
56.7000000000005 32.7775292783081 112.736650419444 93.4890918928422 15.5231905879475 0.10347240634543 0.0192673411637297
56.8000000000005 32.8408828692019 112.714776274333 93.440332457939 15.5572158250917 0.102585292400441 0.0252456533333941
56.9000000000005 32.9042280025598 112.693250046406 93.3915830834043 15.5914609110722 0.10167292271158 0.0313766538496412
57.0000000000005 32.96756525766 112.672068931685 93.3428457874552 15.625923125836 0.100735427719495 0.0376740312223123
57.1000000000005 33.0308952472907 112.651229942981 93.2941225971815 15.6605998452013 0.0997731312527574 0.0440715723373464
57.2000000000005 33.0942186149118 112.630729912675 93.245415548357 15.6954885402059 0.0987869002463656 0.0504985033357388
57.3000000000005 33.1575360311527 112.61056549802 93.1967266844709 15.7305867754114 0.0977777942805053 0.0569620481737225
57.4000000000005 33.2208481901727 112.590733187421 93.1480580554498 15.7658922067964 0.0967469454277038 0.06346910201188
57.5000000000005 33.2841558061929 112.571229306752 93.0994117163691 15.8014025796342 0.0956955542759756 0.0700261947266478
57.6000000000005 33.3474596102163 112.552050025679 93.0507897261635 15.8371157263704 0.0946248860424251 0.0766394486772789
57.7000000000006 33.4107603469339 112.533191363975 93.0021941463384 15.8730295644996 0.0935362667652774 0.0833145300759748
57.8000000000006 33.47405877182 112.51464919784 92.9536270396805 15.9091420944439 0.0924310795577277 0.0900565932741678
57.9000000000006 33.5373556484134 112.496419266224 92.9050904689688 15.9454513974293 0.0913107609105672 0.096870217292777
58.0000000000006 33.6006517457857 112.47849717714 92.8565864956855 15.9819556333639 0.0901767970255683 0.103759333992714
58.1000000000006 33.6639478361856 112.460878414016 92.8081171787192 16.0186530387042 0.0890307970479069 0.110662363253343
58.2000000000006 33.7272446926611 112.443558342724 92.7596845728675 16.0555419240293 0.0878747149517461 0.117510717593706
58.3000000000006 33.7905430863594 112.426532220366 92.711290726829 16.0926206708778 0.0867106043342524 0.124295833945614
58.4000000000006 33.8538437838399 112.409795204747 92.6629376809955 16.1298877282919 0.0855405324768934 0.13100711952326
58.5000000000006 33.9171475445976 112.393342363871 92.6146274652355 16.1673416093509 0.0843665722481997 0.137631833403591
58.6000000000006 33.9804551187966 112.37716868544 92.5663620966783 16.204980887705 0.0831907938709665 0.144154970879767
58.7000000000006 34.0437672452045 112.361269086354 92.5181435774981 16.2428041941084 0.0820152565419937 0.15055915370317
58.8000000000006 34.1070846493188 112.34563842221 92.4699738926978 16.2808102129529 0.0808419998950587 0.156824529711955
58.9000000000006 34.170408041675 112.330271496797 92.4218550078927 16.3189976788016 0.0796730353048064 0.162928685844577
59.0000000000006 34.2337381163261 112.315163071597 92.3737888670948 16.357365372922 0.078510337038924 0.168846578880418
59.1000000000006 34.2970755494788 112.300307875296 92.3257773904979 16.3959121198174 0.0773558698184032 0.174530808088909
59.2000000000006 34.3604209981534 112.285700613565 92.2778224722932 16.4346367836957 0.0762116873288586 0.179928360131921
59.3000000000006 34.4237750986731 112.271335979547 92.2299259785642 16.4735382647811 0.0750798093028437 0.185001496750729
59.4000000000006 34.4871384651725 112.257208664616 92.1820897452113 16.5126154955633 0.0739621741393535 0.189709518370316
59.5000000000006 34.5505116882365 112.243313369152 92.1343155758786 16.5518674370445 0.0728606286489486 0.194008893587862
59.6000000000006 34.6138953336598 112.229644813305 92.0866052398804 16.5912930749867 0.0717769180483688 0.197853443852615
59.7000000000006 34.6772899413152 112.216197747775 92.0389604701269 16.6308914161584 0.0707126763390583 0.201194586063063
59.8000000000006 34.7406960241174 112.202966964575 91.9913829610513 16.6706614845817 0.0696694172251387 0.203981634095693
59.9000000000006 34.8041140670681 112.189947307806 91.9438743665361 16.7106023177793 0.0686485257483024 0.206162158141392
60.0000000000006 34.8675445263721 112.17713368443 91.896436297839 16.7507129630218 0.0676512508360658 0.207682398322688
60.1000000000006 34.9309878286075 112.164521075027 91.849070321531 16.790992473582 0.0666787113859442 0.208541841145969
60.2000000000006 34.9944443698933 112.152104544371 91.8017779577255 16.8314399051952 0.0657319368622211 0.208742851165221
60.3000000000006 35.0579145149702 112.139879251491 91.7545606790486 16.8720543130384 0.0648118411405621 0.208235226797993
60.4000000000006 35.1213985962618 112.127840459552 91.7074199099012 16.9128347489146 0.0639192101092365 0.206969119124394
60.5000000000006 35.184896912955 112.115983545713 91.6603570257316 16.9537802584455 0.0630547011817423 0.204895543270937
60.6000000000006 35.2484097300939 112.104304011 91.6133733523091 16.9948898782629 0.0622188445929166 0.201966895912466
60.7000000000006 35.3119372776771 112.092797490167 91.5664701649973 17.0361626332018 0.0614120466677613 0.198137466282689
60.8000000000006 35.3754797497543 112.081459761562 91.5196486880267 17.077597533492 0.0606345952391702 0.193363928272235
60.9000000000006 35.4390373035127 112.070286756995 91.4729100937684 17.1191935719507 0.0598866673728919 0.187605802232212
61.0000000000006 35.5026100583497 112.059274571603 91.4262555020066 17.1609497211743 0.0591683395379738 0.180825877236588
61.1000000000006 35.5661980949281 112.048419473685 91.3796859792313 17.2028649307474 0.058479594460457 0.173141870011291
61.2000000000006 35.6298014542585 112.03771791379 91.3332025384132 17.2449381248696 0.057820334634324 0.164684153039559
61.3000000000006 35.6934201368814 112.0271665319 91.2868061400089 17.2871682010476 0.0571904425717504 0.155439525889912
61.4000000000006 35.7570541020708 112.016762163862 91.240497693449 17.3295540292057 0.0565898042868824 0.145398083459106
61.5000000000006 35.8207032670125 112.006501847789 91.1942780586456 17.3720944508129 0.0560183239395618 0.134553429313559
61.6000000000006 35.8843675059588 111.996382830466 91.1481480474995 17.4147882780094 0.0554759396775688 0.122902898877622
61.7000000000006 35.9480466493596 111.986402573751 91.1021084254073 17.4576342927339 0.0549626405995051 0.110447803051593
61.8000000000006 36.0117404829768 111.976558760981 91.0561599127686 17.5006312458502 0.0544784847360949 0.0971937040212182
61.9000000000006 36.0754487469844 111.966849303372 91.0103031864932 17.5437778562745 0.0540236179323737 0.0831507357165722
62.0000000000006 36.1391711350594 111.957272346425 90.9645388815084 17.5870728101015 0.0535982934795419 0.0683339811580614
62.1000000000006 36.2029072934775 111.947826276286 90.9188675922801 17.6305147597476 0.0532028504792177 0.0529607008894273
62.2000000000006 36.2666568203841 111.938509725027 90.8732898746967 17.6741023234939 0.0528376122517111 0.0372610307389386
62.3000000000006 36.3304192655107 111.929321573177 90.8278062488745 17.7178340860489 0.0525030320777112 0.0212762959709968
62.4000000000006 36.3941941300682 111.920260951174 90.7824172023254 17.7617085995118 0.0521997424565076 0.00505207509191312
62.5000000000006 36.4579808666579 111.911327240777 90.7371231931386 17.805724384352 0.0519285598021368 -0.011361418262336
62.6000000000006 36.5217788792032 111.902520076473 90.6919246531631 17.8498799303879 0.0516904877864281 -0.0279089800355764
62.7000000000006 36.5855875229112 111.893839346885 90.6468219911891 17.8941736977659 0.0514867191512993 -0.0445301147423745
62.8000000000006 36.6494061042746 111.885285196186 90.6018155961301 17.93860411794 0.0513186358076474 -0.0611588205539782
62.9000000000006 36.7132338811226 111.876858025506 90.5569058402047 17.9831695946501 0.0511878070341366 -0.077723495447046
63.0000000000006 36.7770700627326 111.868558494339 90.5120930821186 18.0278685049018 0.0510959855980054 -0.0941470013445895
63.1000000000006 36.8409138100157 111.860387521937 90.4673776702527 18.0726991999534 0.0510450690538388 -0.110237116579833
63.2000000000006 36.9047642359012 111.852346288072 90.4227599460088 18.1176600065186 0.0510369846172516 -0.125798359694842
63.3000000000006 36.9686204061077 111.844436232271 90.3782402475568 18.1627492285167 0.0510737571598669 -0.140743766247867
63.4000000000006 37.0324813401217 111.836659052413 90.3338189137403 18.2079651490378 0.0511575196402036 -0.154986163001521
63.5000000000006 37.0963460122785 111.829016703325 90.2894962879872 18.2533060323161 0.0512904910963068 -0.168439627548543
63.6000000000006 37.1602133529485 111.821511395359 90.2452727222213 18.2987701257035 0.0514749532248019 -0.181021144199895
63.7000000000006 37.2240822498393 111.814145592985 90.2011485807736 18.3443556616436 0.0517132259133459 -0.192652402611234
63.8000000000006 37.2879515494225 111.806922013373 90.1571242442932 18.3900608596445 0.0520076421673539 -0.203261669024238
63.9000000000006 37.3518200584933 111.799843624981 90.113200113659 18.4358839282533 0.0523605229336414 -0.212785646316325
64.0000000000006 37.4156865458723 111.792913646138 90.0693766138907 18.4818230670288 0.0527741523690965 -0.221171230307279
64.1000000000006 37.4795497442695 111.786135543589 90.0256541980541 18.5278764685183 0.0532505919679192 -0.228252986401967
64.2000000000006 37.5434083525767 111.779513029874 89.9820333510244 18.5740423203077 0.0537911508916069 -0.233896615131063
64.3000000000006 37.6072610389962 111.77305005777 89.9385145928834 18.6203188072577 0.0543968154677406 -0.238116975824716
64.4000000000006 37.671106444554 111.766750813572 89.8950984821749 18.666704113814 0.0550683894170108 -0.240945302922385
64.5000000000006 37.7349431867348 111.76061971033 89.8517856191536 18.7131964263204 0.0558064817611133 -0.242428160189781
64.6000000000006 37.7987698632281 111.754661381084 89.8085766490348 18.7597939353316 0.0566114993645505 -0.242625938474913
64.7000000000006 37.8625850557885 111.748880672103 89.7654722652431 18.8064948379261 0.0574836439349534 -0.24161097993108
64.8000000000006 37.9263873342111 111.74328263612 89.7224732126622 18.8532973400193 0.0584229131538413 -0.239465431033705
64.9000000000006 37.9901752604219 111.737872525569 89.6795802908836 18.9001996586763 0.059429105493646 -0.236278936512981
65.0000000000006 38.0539473926843 111.732655785823 89.6367943574566 18.9472000244247 0.060501828182262 -0.232146286768326
65.1000000000006 38.1177022899293 111.727638048407 89.5941163311171 18.9942966835601 0.0616403682346313 -0.227183142301923
65.2000000000006 38.1814385164265 111.722825123684 89.5515471945086 19.0414879002442 0.0628432857151706 -0.221511833473817
65.3000000000006 38.2451546471234 111.718222992175 89.50908799561 19.0887719580803 0.0641088454408582 -0.215236917158198
65.4000000000006 38.3088492732644 111.713837795349 89.4667398486531 19.136147161482 0.0654351721162457 -0.208458044162922
65.5000000000006 38.3725210080536 111.709675826396 89.4245039350222 19.1836118370341 0.0668202660684506 -0.201268661378528
65.6000000000005 38.4361684923483 111.70574352099 89.3823815041525 19.2311643348535 0.0682620183626478 -0.193755085193816
65.7000000000005 38.4997904003722 111.702047448062 89.3403738744289 19.2788030299502 0.0697582249644609 -0.185995915932092
65.8000000000005 38.5633854454415 111.698594300568 89.2984824340847 19.326526323588 0.0713065997109502 -0.178061752362199
65.9000000000005 38.6269523856938 111.695390886258 89.2567086421005 19.3743326446456 0.0729047859430491 -0.170015159440839
66.0000000000005 38.6904900298096 111.692444118444 89.2150540291029 19.4222204509772 0.0745503667218807 -0.161910840863845
66.1000000000005 38.7539972427231 111.689761006761 89.1735201982345 19.4701882307582 0.0762407591158982 -0.153869618822671
66.2000000000005 38.81747295149 111.6873486477 89.1321088252788 19.5182345034249 0.0779728845319227 -0.146000425399388
66.3000000000005 38.8809161515703 111.685214214573 89.0908216568924 19.5663578195854 0.079743528337464 -0.138329165787728
66.4000000000005 38.9443259131842 111.68336494724 89.0496605080926 19.6145567605255 0.0815494581657531 -0.130875411758754
66.5000000000005 39.00770138754 111.681808141841 89.0086272597153 19.6628299376986 0.0833874248478107 -0.12365321519409
66.6000000000005 39.0710418129058 111.680551140519 88.9677238558735 19.7111759922155 0.0852541624316556 -0.116671876361207
66.7000000000005 39.1343465205087 111.679601321148 88.9269523014164 19.7595935943349 0.0871463874773325 -0.10993665447116
66.8000000000005 39.1976149402434 111.678966087053 88.8863146593867 19.8080814429533 0.0890607978115161 -0.103449413541269
66.9000000000005 39.2608466061688 111.678652856745 88.8458130484802 19.8566382650946 0.0909940709055137 -0.0972092007956863
67.0000000000005 39.3240411617754 111.678669053638 88.8054496405035 19.9052628154007 0.0929428620325103 -0.0912127579309625
67.1000000000005 39.3871983650039 111.679022095787 88.7652266578002 19.9539538756 0.0949037495391978 -0.0855485015860419
67.2000000000005 39.4503180931018 111.679719385767 88.7251463698345 20.002710253423 0.096873080960291 -0.0802948973257553
67.3000000000005 39.5134003474493 111.680768300958 88.6852110876366 20.0515307801128 0.0988471392996639 -0.0754322535924057
67.4000000000004 39.5764452581482 111.682176183966 88.6454231574053 20.100414307383 0.100822192822706 -0.0709410456152454
67.5000000000004 39.6394530882383 111.683950333062 88.6057849540782 20.149359704354 0.102794490984067 -0.0668021545900675
67.6000000000004 39.7024242375155 111.68609799262 88.5662988749025 20.1983658544889 0.104760261132147 -0.0629970499226048
67.7000000000004 39.7653592459281 111.688626343551 88.5269673330048 20.2474316525301 0.106715706028909 -0.0595079245934222
67.8000000000004 39.8282587965267 111.691542493734 88.487792750962 20.2965560014355 0.108657002217534 -0.0563177922596142
67.9000000000004 39.8911237179449 111.694853468461 88.4487775543714 20.3457378093147 0.110580299259495 -0.0534105535672694
68.0000000000004 39.9539549863874 111.698566200864 88.4099241654209 20.3949759863653 0.112481719857027 -0.0507710379238364
68.1000000000004 40.0167537271028 111.702687522371 88.3712349964327 20.4442694417877 0.11435736160014 -0.0484631256630593
68.2000000000004 40.0795212153369 111.707224153508 88.332712442704 20.4936170801442 0.116203305363183 -0.046545764456675
68.3000000000004 40.1422588767772 111.712182695623 88.2943588735635 20.5430177963057 0.118015622810669 -0.0449985727532246
68.4000000000004 40.2049682874356 111.717569622958 88.2561766227266 20.5924704698436 0.119790379364875 -0.0438030874089457
68.5000000000004 40.2676511729333 111.723391274744 88.2181679786221 20.6419739593988 0.121523637993217 -0.0429426983770665
68.6000000000004 40.3303094071665 111.729653847289 88.1803351747201 20.6915270970518 0.123211464176851 -0.0424025827011061
68.7000000000004 40.3929450103387 111.736363386068 88.1426803798591 20.7411286826925 0.124849932004938 -0.0421696403961338
68.8000000000004 40.4555601463423 111.743525777818 88.1052056885735 20.7907774783902 0.126435131329667 -0.0422324342014812
68.9000000000004 40.5181571194774 111.751146742623 88.0679131114211 20.8404722027626 0.127963175919888 -0.042581134765513
69.0000000000004 40.5807383704949 111.759231826008 88.0308045653102 20.8902115253465 0.129430212544431 -0.0432074725464428
69.1000000000004 40.6433064719523 111.767786391038 87.9938818638116 20.9399940609506 0.130832430621781 -0.0441488347562389
69.2000000000003 40.7058641228061 111.776815610609 87.957146707064 20.9898183635852 0.132166075523488 -0.0454418833050946
69.3000000000003 40.7684141421284 111.786324460242 87.9206006706485 21.0396829193155 0.133427467236887 -0.0470798809681008
69.4000000000003 40.8309594620525 111.796317711071 87.8842451940559 21.0895861386908 0.13461301435199 -0.0490580345550731
69.5000000000003 40.8935031200203 111.806799922834 87.8480815691398 21.1395263491576 0.135719227706237 -0.0513734769864628
69.6000000000003 40.9560482503366 111.817775436872 87.8121109285682 21.1895017874724 0.136742734724506 -0.0540252633337669
69.7000000000003 41.0185980750418 111.829248369123 87.7763342342767 21.2395105921151 0.137680294370121 -0.057014381525588
69.8000000000003 41.0811558941117 111.841222603114 87.7407522659197 21.2895507957012 0.138528812622866 -0.0603437783729003
69.9000000000003 41.143725075003 111.853701782961 87.7053656093237 21.3396203173956 0.139285358414908 -0.064018401647706
70.0000000000003 41.2063090415616 111.866689306361 87.6701746449392 21.3897169553252 0.139947179958492 -0.0680452589737748
70.1000000000003 41.2689112623164 111.88018831761 87.6351795363278 21.439838379008 0.140511914691521 -0.0723861127354977
70.2000000000003 41.3315352381788 111.894201701326 87.6003802195537 21.489982122204 0.140978179895643 -0.0770043802113369
70.3000000000003 41.3941844896264 111.908732077911 87.5657763948709 21.5401455768355 0.141344997049662 -0.081912260320251
70.4000000000003 41.4568625435275 111.923781799718 87.5313675193146 21.5903259873292 0.141611609567102 -0.0871235080068642
70.5000000000003 41.5195729196807 111.939352947241 87.4971527993276 21.6405204449745 0.141777495018631 -0.092653521681103
70.6000000000003 41.5823191171084 111.955447325303 87.4631311833863 21.6907258822811 0.14184237730441 -0.0985194411768877
70.7000000000003 41.6451046001484 111.97206645925 87.4293013546273 21.7409390673381 0.141806238851613 -0.104740255632951
70.8000000000003 41.7079327843849 111.989211591134 87.3956617234735 21.7911565981713 0.141669332938583 -0.111336920438411
70.9000000000002 41.7708070224671 112.006883675909 87.3622104202604 21.8413748971018 0.141432196278052 -0.118332481935966
71.0000000000002 41.8337305898604 112.025083377617 87.3289452878623 21.8915902051042 0.141095662023655 -0.125752207990607
71.1000000000002 41.8967066705733 112.043811065566 87.295863874333 21.9417985761687 0.140660831643529 -0.133595546748312
71.2000000000002 41.9597383426978 112.063066810151 87.2629634259165 21.9919958717658 0.14012896144081 -0.141864938543878
71.3000000000002 42.0228285634644 112.082850377782 87.2302408809987 22.0421777555714 0.139501597868331 -0.150593785977224
71.4000000000002 42.0859801541825 112.10316122545 87.1976928644291 22.0923396882954 0.138780633764252 -0.159818149512601
71.5000000000002 42.1491957853241 112.123998495289 87.1653156818571 22.142476922513 0.137968324990929 -0.169576891550681
71.6000000000002 42.2124779618159 112.145361009131 87.1331053140678 22.1925844974969 0.137067309043441 -0.179911798305012
71.7000000000002 42.2758290085924 112.167247263064 87.1010574113185 22.2426572340492 0.136080626067579 -0.190867666522209
71.8000000000002 42.3392510564687 112.18965542199 87.0691672876745 22.2926897293333 0.135011742775017 -0.202492337849642
71.9000000000002 42.4027460283868 112.212583314181 87.0374299153456 22.3426763517059 0.133864579785508 -0.21483665828399
72.0000000000002 42.4663156260949 112.236028425838 87.0058399190217 22.3926112355486 0.132643542966951 -0.227954333330935
72.1000000000002 42.5299613173241 112.259987895682 86.9743915702844 22.442488276144 0.131353780405467 -0.241759081668783
72.2000000000002 42.5936843237691 112.28445851038 86.9430787839688 22.4923011256896 0.130001828587045 -0.25615491639646
72.3000000000002 42.6574856103888 112.309436702116 86.9118951194765 22.5420431922003 0.128594882338914 -0.271181872180366
72.4000000000002 42.7213658757937 112.334918546996 86.88083378404 22.5917076395507 0.127140585018868 -0.286877754700406
72.5000000000002 42.7853255435355 112.360899763487 86.8498876360619 22.641287387559 0.125647056413955 -0.303276960995657
72.6000000000002 42.8493647543189 112.38737571086 86.8190491884538 22.6907751120733 0.124122923934439 -0.320408981331196
72.7000000000001 42.9134833591595 112.414341387623 86.7883106119754 22.7401632450556 0.122577356778041 -0.338296532782944
72.8000000000001 42.9776809135138 112.441791429967 86.7576637385739 22.7894439746677 0.121020102480753 -0.356953276557309
72.9000000000001 43.0419566724027 112.469720110202 86.7271000647225 22.8386092453558 0.119461524953791 -0.37638107870394
73.0000000000001 43.1063095865498 112.498121335195 86.6966107547604 22.8876507579356 0.11791264269303 -0.396566790029448
73.1000000000001 43.1707382995664 112.526988644836 86.6661866442938 22.9365599697201 0.116385236237741 -0.417332090095853
73.2000000000001 43.2352411465003 112.556315211037 86.6358182452348 22.9853280957459 0.114892004230425 -0.438464696968571
73.3000000000001 43.2998161542559 112.586093838116 86.6054957549926 23.0339461127914 0.11344620516706 -0.459867442895286
73.4000000000001 43.3644610434419 112.616316963726 86.5752090673003 23.0824047644939 0.112061546586225 -0.481414707566036
73.5000000000001 43.4291732313464 112.646976659804 86.5449477831058 23.1306945665095 0.110752150917859 -0.502950059984264
73.6000000000001 43.4939498360107 112.678064633514 86.5147012214616 23.1788058116724 0.109532503243866 -0.524284789795389
73.7000000000001 43.5587876813868 112.709572228202 86.4844584304157 23.2267285751547 0.108417377895586 -0.545197757241435
73.8000000000001 43.6236833035597 112.741490424337 86.4542081979011 23.2744527196261 0.107421741333987 -0.565437020042032
73.9000000000001 43.6886329580183 112.773809840464 86.4239390626268 23.3219679004132 0.106560629702137 -0.584723672438067
74.0000000000001 43.7536326279563 112.806520734151 86.3936393249676 23.3692635706595 0.10584900084411 -0.602758235559564
74.1000000000001 43.8186780336088 112.839613002962 86.3632970579065 23.4163289865294 0.105301523211316 -0.61908653730497
74.2000000000001 43.8837646431527 112.873076186135 86.332900119326 23.463153213579 0.104932141786993 -0.633258842462684
74.3000000000001 43.948887686011 112.906899468028 86.3024361677247 23.5097251360854 0.104753766661867 -0.644992745927916
74.4 44.0140421676286 112.941071682272 86.2718926792822 23.5560334675419 0.104778064396373 -0.65404605117501
74.5 44.0792228851165 112.975581315947 86.2412569649775 23.6020667611989 0.105015257630797 -0.660231663217399
74.6 44.1444244436902 113.010416513757 86.2105161877055 23.6478134206033 0.105473954434696 -0.66343003697827
74.7 44.2096412738523 113.04556508221 86.1796573793951 23.6932617101397 0.106161018711996 -0.663597773293856
74.8 44.2748676492667 113.081014493791 86.1486674581264 23.7383997655699 0.107081490511138 -0.660771323457878
74.9 44.3400977052724 113.116751891141 86.1175332452481 23.7832156045734 0.108238561500614 -0.655065327361549
75 44.4053254579882 113.152764091234 86.086241482495 23.8276971372879 0.109633606602889 -0.646665769004572
75.1 44.4705448239822 113.189037589576 86.0547788491308 23.8718321768872 0.111266148217146 -0.635748308576528
75.2 44.5357496411408 113.225558565067 86.0231319797466 23.9156084511474 0.113133545544052 -0.622551659101514
75.3 44.6009336917413 113.262312886511 85.9912874837253 23.9590136165201 0.115231391368228 -0.607424900798511
75.4 44.6660907265115 113.299286119795 85.9592319653616 24.0020352731938 0.117553825589923 -0.590731520705752
75.5 44.7312144888991 113.336463535086 85.9269520440076 24.044660980193 0.120093762685136 -0.572833206864138
75.6 44.7962987394446 113.373830114025 85.8944343742181 24.0868782704771 0.122843119270145 -0.554076232675393
75.7 44.8613372801757 113.411370556928 85.8616656658963 24.1286746660397 0.125793030919192 -0.534781021355485
75.8 44.9263239789412 113.449069289981 85.828632704439 24.1700376930078 0.128934050029155 -0.515235031319224
75.9 44.9912527936004 113.486910472442 85.7953223708819 24.2109548967408 0.132256319304021 -0.495688749498
76 45.056117795981 113.524878003834 85.7617216620457 24.2514138569298 0.135749718020298 -0.476354346837522
76.1 45.1209131955496 113.562955531167 85.7278177106737 24.2914022027169 0.139403935539188 -0.457392924270894
76.1999999999999 45.1856333634503 113.601126456763 85.6935978053827 24.3309076283458 0.143208395516179 -0.43893383189136
76.2999999999999 45.2502728580055 113.639373947598 85.6590494101386 24.3699179101596 0.147152402749861 -0.421089436168757
76.3999999999999 45.3148264503664 113.677680945256 85.6241601835437 24.4084209241295 0.151225229896547 -0.403943443692473
76.4999999999999 45.3792891494525 113.716030175896 85.5889179981177 24.4464046634034 0.15541614838064 -0.387554788695141
76.5999999999999 45.4436562260382 113.754404160224 85.553310959578 24.4838572558558 0.159714443226496 -0.371961498210716
76.6999999999999 45.5079232358723 113.792785223468 85.5173274261202 24.5207669816361 0.164109415087193 -0.35718434867052
76.7999999999999 45.5720860417094 113.831155505345 85.4809560276992 24.5571222907182 0.168590372553046 -0.343230199743611
76.8999999999999 45.6361408341337 113.869496970036 85.444185685309 24.5929118204492 0.173146617552028 -0.330094947033897
76.9999999999999 45.7000841510467 113.907791416155 85.407005630264 24.6281244130987 0.177767426350191 -0.31776607585758
77.0999999999999 45.7639128957245 113.946020486742 85.3694054234538 24.6627491334162 0.182442055238977 -0.306223263788152
77.1999999999999 45.8276243540911 113.984165679755 85.3313749739444 24.6967752864064 0.187159777517438 -0.29544091018806
77.2999999999999 45.8912162123453 114.022208359851 85.2929045559165 24.7301924356577 0.191909742546736 -0.285391877312916
77.3999999999999 45.9546865735974 114.060129770664 85.2539848249492 24.762990421889 0.196680922986169 -0.276047562056642
77.4999999999999 46.01803397261 114.097911047108 85.2146068342788 24.7951593815045 0.201462097976328 -0.267378771032948
77.5999999999999 46.0812573884711 114.135533227673 85.1747620510579 24.8266897651481 0.206241841026614 -0.259356405980875
77.6999999999999 46.1443562550594 114.172977266733 85.1344423726131 24.8575723562589 0.211008513521835 -0.251951991972209
77.7999999999999 46.207330469161 114.21022404684 85.0936401427047 24.8877982896259 0.215750264640961 -0.245138077138756
77.8999999999998 46.2701803961006 114.247254391027 85.0523481677847 24.9173590699426 0.220455038359558 -0.238888528785361
77.9999999999998 46.3329068727516 114.284049075108 85.0105597332556 24.9462465903622 0.225110588095611 -0.233178747070565
78.0999999999998 46.3955112078274 114.320588839985 84.9682686196537 24.9744531510061 0.229704894286627 -0.227981738467394
78.1999999999998 46.4579951801593 114.356854404013 84.9254691168657 25.0019714762677 0.234227361694907 -0.223266326908672
78.2999999999998 46.5203610363973 114.392826475553 84.8821560333564 25.0287947290589 0.23866763457298 -0.219005130309198
78.3999999999998 46.5826114870957 114.428485765588 84.8383247034291 25.0549165238513 0.243015228367857 -0.21517359079313
78.4999999999998 46.6447497003804 114.463813000337 84.7939709944113 25.0803309396724 0.247259567401898 -0.211749773900201
78.5999999999998 46.7067792931024 114.498788933881 84.7490913138398 25.1050325330998 0.25139002971239 -0.208714185217756
78.6999999999998 46.7687043194215 114.533394360773 84.7036826166465 25.1290163512576 0.255395998744365 -0.206049604466034
78.7999999999998 46.8305292567733 114.567610128666 84.6577424123437 25.1522779448112 0.259266921491085 -0.203740936721897
78.8999999999998 46.8922589891877 114.601417150926 84.6112687722092 25.1748133809625 0.262992372568716 -0.201775080210626
78.9999999999998 46.9538987879381 114.634796419252 84.5642603364722 25.1966192564457 0.266562123599556 -0.200140809996579
79.0999999999998 47.0154542895329 114.667729016295 84.5167163214687 25.2176927105028 0.269966371744131 -0.198822865002718
79.1999999999998 47.0769314714837 114.700196128293 84.4686365260301 25.238031437349 0.273196266696564 -0.197806078822683
79.2999999999998 47.1383366266516 114.732179057725 84.4200213359226 25.2576336973446 0.276243498271119 -0.197082012046662
79.3999999999998 47.1996763357045 114.763659235992 84.3708717275189 25.2764983276555 0.279100212063904 -0.196643875671072
79.4999999999998 47.2609574373639 114.794618236084 84.321189271441 25.2946247528948 0.2817590833788 -0.196486444391484
79.5999999999998 47.3221869965049 114.825037785258 84.270976136202 25.3120129957645 0.284213390649513 -0.196605984946741
79.6999999999997 47.3833722702002 114.854899777712 84.2202350918491 25.3286636876972 0.286457087332404 -0.197000198048713
79.7999999999997 47.4445206718163 114.884186287254 84.1689695136054 25.3445780794971 0.288484871259978 -0.197668172521827
79.8999999999997 47.5056397332867 114.912879579982 84.1171833855126 25.3597580519821 0.290292250484059 -0.198610350408823
79.9999999999997 47.5667370657002 114.940962126951 84.0648813040731 25.3742061266247 0.291875604705871 -0.199828501833644
80.0999999999997 47.6278203183971 114.968416616848 84.0120684818245 25.3879254761222 0.293232675456414 -0.201291438628827
80.1999999999997 47.688897137809 114.995225968564 83.9587507491453 25.4009199330933 0.294363860924111 -0.202965144011415
80.2999999999997 47.7499751281992 115.021373343519 83.9049345515706 25.4131939940228 0.295270845501421 -0.204848993696769
80.3999999999997 47.8110618132362 115.046842157889 83.8506269453391 25.4247528213338 0.295956163498668 -0.206943467066858
80.4999999999997 47.8721645976183 115.071616094836 83.7958355928726 25.4356022453872 0.296423203356508 -0.209250094092088
80.5999999999997 47.933290728869 115.095679116728 83.7405687582543 25.4457487664823 0.296676205574317 -0.211771407699895
80.6999999999997 47.994447259459 115.119015477371 83.6848353027087 25.4551995568564 0.296720254700262 -0.214510899738007
80.7999999999997 48.0556410094077 115.141609734227 83.6286446800803 25.4639624626852 0.296561265858446 -0.217472978702544
80.8999999999997 48.1168785295134 115.163446760642 83.5720069323127 25.4720460060827 0.296205966406582 -0.22066292734896
80.9999999999997 48.1781660653546 115.184511758074 83.5149326849278 25.4794593871012 0.295661873423229 -0.224086858251653
81.0999999999997 48.2395095222386 115.204790268298 83.4574331424454 25.4862124856396 0.294937725614531 -0.227700711990288
81.1999999999997 48.3009144322821 115.224268185226 83.3995200822671 25.4923158609681 0.294044748087597 -0.231455532234441
81.2999999999997 48.3623859257075 115.242931765711 83.3412058446596 25.4977807452005 0.292995095689317 -0.235350853114371
81.3999999999997 48.4239287052444 115.260767639966 83.2825033212004 25.5026190343832 0.291801317825518 -0.239386369155122
81.4999999999996 48.4855470227577 115.277762821961 83.2234259431665 25.5068432794926 0.29047630083034 -0.243561843778896
81.5999999999996 48.5472446580902 115.293904719823 83.1639876699208 25.5104666774315 0.289033212322687 -0.247877012983043
81.6999999999996 48.6090249001339 115.309181146233 83.1042029773003 25.513503062027 0.287485448286963 -0.252331483437934
81.7999999999996 48.6708905301276 115.323580328828 83.0440868460037 25.5159668950268 0.285846583506663 -0.256924624423326
81.8999999999996 48.7328438071704 115.337090920598 82.9836547499784 25.517873257097 0.284130325859247 -0.261655453200437
81.9999999999996 48.7948864559278 115.349702010287 82.9229226448082 25.5192378388187 0.282350474860149 -0.26652251362765
82.0999999999996 48.8570196565336 115.36140313277 82.8619069560595 25.5200769316 0.280521232156253 -0.27146775901854
82.1999999999996 48.919244037577 115.372184278904 82.8006245665493 25.5204074163659 0.278658123077424 -0.276426393893414
82.2999999999996 48.9815596738134 115.382035904043 82.7390928008758 25.5202467466094 0.276776761266424 -0.281385591672336
82.3999999999996 49.0439660873882 115.390948936019 82.6773294088723 25.5196129292215 0.274892433940143 -0.286331412360139
82.4999999999996 49.1064622516229 115.39891478311 82.6153525490179 25.5185245052348 0.273020060454733 -0.291248789423971
82.5999999999996 49.1690465971974 115.405925341999 82.5531807718497 25.5170005305678 0.271174155491584 -0.296121542151621
82.6999999999996 49.2317170205966 115.411973005746 82.490833003374 25.5150605567696 0.269368796456346 -0.300932417068375
82.7999999999996 49.2944708946848 115.417050671744 82.428328528478 25.5127246117631 0.267617594661825 -0.305663161699404
82.8999999999996 49.3573050812712 115.42115174969 82.3656869743414 25.51001318059 0.265933669846831 -0.310294633501678
82.9999999999996 49.4202159455281 115.424270169546 82.302928293848 25.5069471861546 0.264329627606187 -0.314806946041625
83.0999999999996 49.483199372155 115.426400389475 82.2400727489725 25.5035479699044 0.262817777622262 -0.319133252846175
83.1999999999995 49.5462507838488 115.427537403044 82.1771408935306 25.4998372708643 0.261410754460931 -0.323201254559222
83.2999999999995 49.6093651632013 115.427676744568 82.1141535543109 25.4958372004878 0.260120645354588 -0.326982728152536
83.3999999999995 49.6725370769956 115.426814493713 82.0511318115699 25.4915702158625 0.258958702062978 -0.330450226253654
83.4999999999995 49.7357607021003 115.424947280079 81.9880969795023 25.4870590928514 0.257935311611113 -0.333577581935563
83.5999999999995 49.7990298527619 115.422072287777 81.9250705867111 25.4823268992339 0.257059969599294 -0.336340430950656
83.6999999999995 49.8623380091287 115.418187260011 81.8620743566782 25.4773969678481 0.256341256294407 -0.338716734859891
83.7999999999995 49.9256783468405 115.413290503655 81.7991301882347 25.4722928697314 0.255786815786651 -0.340687286699369
83.8999999999995 49.9890437675236 115.407380893835 81.7362601360309 25.4670383872625 0.255403338541809 -0.342236179912449
83.9999999999995 50.0524269300347 115.400457878507 81.6734863910072 25.4616574873027 0.255196547698154 -0.343351221420091
84.0999999999995 50.1158202823133 115.392521482987 81.6108312608586 25.4561742943163 0.255171429667699 -0.34400898648995
84.1999999999995 50.1792160940474 115.383572313234 81.548317150357 25.4506130629463 0.255332916813381 -0.344185274574569
84.2999999999995 50.2426064907187 115.373611555949 81.485966541313 25.4449981492062 0.255685101724736 -0.343873412308191
84.3999999999995 50.3059834885585 115.36264097743 81.4238019723945 25.4393539811268 0.256230978222153 -0.343071761824712
84.4999999999995 50.3693390299681 115.350662922369 81.36184601894 25.4337050293828 0.256972435366341 -0.341783763446198
84.5999999999995 50.432665019233 115.337680312659 81.3001212727725 25.4280757779182 0.257910256891878 -0.340017846776141
84.6999999999995 50.495953358373 115.323696646194 81.2386503220126 25.4224906945726 0.259044125933836 -0.337787213631553
84.7999999999995 50.55919598297 115.308715995676 81.177455730892 25.4169742017071 0.260372634767813 -0.335109502468314
84.8999999999995 50.6223848978161 115.292743007409 81.116560019567 25.4115506468306 0.261893299142296 -0.332006349436724
84.9999999999994 50.6855122122207 115.275782900112 81.055985643932 25.4062442732252 0.263602576674325 -0.328502865580685
85.0999999999994 50.7485701748261 115.257841463662 80.9957549754369 25.4010791905853 0.265496145167914 -0.324631675205928
85.1999999999994 50.8115512080428 115.238925056507 80.9358902810061 25.3960793459784 0.267569688023171 -0.32042260125007
85.2999999999994 50.8744479425389 115.219040599669 80.8764137032175 25.3912684956259 0.269818129299558 -0.315900323269365
85.3999999999994 50.937253251462 115.198195569409 80.8173472405824 25.3866701770065 0.272235388466997 -0.31109109111153
85.4999999999994 50.9999602840245 115.176397989831 80.75871272783 25.3823076809722 0.274814394422621 -0.306022176052325
85.5999999999994 51.0625624982734 115.153656425502 80.7005318161917 25.378204023864 0.277547100560741 -0.300721343008821
85.6999999999994 51.125053692865 115.129979974056 80.642825953685 25.3743819196278 0.280424500616825 -0.295216358090409
85.7999999999994 51.187428037663 115.105378258808 80.5856163653987 25.3708637519306 0.283436645145127 -0.289534542725651
85.8999999999994 51.2496801029696 115.079861421363 80.5289240337762 25.3676715462758 0.286572658644126 -0.283702382372407
85.9999999999994 51.3118048871946 115.053440114229 80.4727696789005 25.3648269421196 0.289820757514365 -0.277745194645573
86.0999999999994 51.3737978427479 115.026125493359 80.417173738824 25.3623511650703 0.293168812641532 -0.271729900367664
86.1999999999994 51.4356548996102 114.997929209 80.3621563510946 25.3602650012694 0.296606060405154 -0.26571275877779
86.2999999999994 51.4973724861902 114.968863392208 80.3077373373151 25.3585887773073 0.300121585407921 -0.259701374804163
86.3999999999994 51.5589475484319 114.938940639678 80.253936188899 25.3573423423208 0.303703786544024 -0.253702428728701
86.4999999999994 51.6203775675127 114.908173998491 80.2007720528713 25.3565450501741 0.30734037308417 -0.247721662080348
86.5999999999994 51.6816605759877 114.876576950875 80.1482637176699 25.3562157416396 0.311018364698298 -0.241763879679705
86.6999999999993 51.7427951722147 114.844163398959 80.0964295989471 25.356372726579 0.314724096239934 -0.235832965487623
86.7999999999993 51.8037805328884 114.810947649528 80.0452877253704 25.3570337661243 0.318443228153428 -0.229931909874728
86.8999999999993 51.8646164235098 114.776944398778 79.9948557244241 25.3582160548587 0.322160763379673 -0.224062845992034
86.9999999999993 51.9253032066145 114.742168717071 79.9451508082103 25.3599362029978 0.325861071627629 -0.218227093014751
87.0999999999993 51.9858418475725 114.706636033679 79.8961897592741 25.3622102186266 0.329528201813565 -0.212455019619226
87.1999999999993 52.0462339176149 114.670362121116 79.8479889170479 25.3650534913974 0.333146797785571 -0.20677292806007
87.2999999999993 52.1064815938285 114.633363078455 79.8005641658668 25.368480779936 0.336701361335434 -0.201175302902906
87.3999999999993 52.166587656571 114.595655314241 79.7539309236038 25.372506200708 0.340176023925895 -0.195656465562294
87.4999999999993 52.2265554844333 114.557255529384 79.7081041303281 25.3771432169424 0.343554598306546 -0.190210620332511
87.5999999999993 52.2863890466355 114.51818070006 79.6630982369642 25.3824046275538 0.346820639694326 -0.184831894405843
87.6999999999993 52.3460928927415 114.478448060603 79.6189271939504 25.388302556066 0.349957516507378 -0.179514371769033
87.7999999999993 52.4056721395872 114.438075086406 79.5756044398972 25.3948484395343 0.352948490443747 -0.174252120878625
87.8999999999993 52.4651324553281 114.397079476811 79.5331428902465 25.4020530174689 0.355776805479426 -0.169039215938681
87.9999999999993 52.5244800405263 114.355479138012 79.4915549259299 25.4099263207576 0.358425785125376 -0.163869751590486
88.0999999999993 52.5837216062126 114.313292165924 79.4508523820708 25.4184776606788 0.360879452846853 -0.158776255471832
88.1999999999993 52.6428643489362 114.270536828446 79.411046537817 25.4277156202585 0.36312421560578 -0.153787544232882
88.2999999999993 52.7019159232322 114.227231546162 79.372148109041 25.4376480515762 0.365147459963206 -0.148892670393482
88.3999999999993 52.7608844120576 114.183394872437 79.3341672421718 25.4482820754147 0.366937126194152 -0.144081327013114
88.4999999999992 52.8197782953461 114.139045473489 79.2971135080684 25.4596240809998 0.368481790586376 -0.139343805943006
88.5999999999992 52.8786064167438 114.09420210845 79.260995895895 25.4716797257406 0.36977074674555 -0.134670952494981
88.6999999999992 52.9373779485957 114.048883609446 79.2258228069951 25.4844539349691 0.370794084387225 -0.130054116517722
88.7999999999992 52.9961023552721 114.003108861655 79.191602048766 25.4979509016803 0.371542764085914 -0.125485099761418
88.8999999999992 53.0547893549336 113.956896783385 79.1583408285334 25.5121740862718 0.372008686471949 -0.12095609935861
88.9999999999992 53.1134488798525 113.910266306141 79.1260457474254 25.527126216284 0.372184754426284 -0.116459647150479
89.0999999999992 53.1720910353953 113.863236354709 79.0947227943199 25.5428092862569 0.372065607558974 -0.112046199498576
89.1999999999992 53.2307260573274 113.815825827734 79.0643773416751 25.5592245606289 0.371649750951797 -0.107763668874964
89.2999999999992 53.2893642673041 113.768053579519 79.0350141461416 25.5763725843582 0.370937598574805 -0.1036015984981
89.3999999999992 53.3480160283193 113.719938402315 79.0066373510586 25.5942531965856 0.369930777440804 -0.0995502825877328
89.4999999999992 53.4066917010036 113.671499008625 78.9792504890224 25.6128655444147 0.368632087841124 -0.0956006834823963
89.5999999999992 53.465401600972 113.622754013512 78.9528564844551 25.632208096692 0.367045452671061 -0.0917443521887399
89.6999999999992 53.5241559573948 113.573721916903 78.9274576561729 25.652278657787 0.365175856569697 -0.0879733520894773
89.7999999999992 53.5829648729477 113.524421085897 78.9030557199543 25.6730743813725 0.363029275805606 -0.0842801855254874
89.8999999999992 53.6418382852868 113.474869737071 78.8796517911094 25.6945917842045 0.360612600016161 -0.0806577229224163
89.9999999999992 53.700785930181 113.425085918785 78.8572463870478 25.7168267599023 0.357933547045005 -0.0770991341146048
90.0999999999992 53.759817306389 113.375087493532 78.8358394298871 25.7397745927904 0.355000922439928 -0.0736395225473915
90.1999999999992 53.818941641765 113.324892121386 78.8154302501037 25.7634299733488 0.351825604861766 -0.0703138842266155
90.2999999999991 53.8781678599298 113.27451724626 78.7960175928277 25.7877870177446 0.348419437936062 -0.0671157835327905
90.3999999999991 53.9375045490017 113.223980083261 78.7775996251788 25.8128392889719 0.3447947643298 -0.0640392403952689
90.4999999999991 53.9969599331755 113.173297606083 78.7601739436442 25.8385798180534 0.340964302697421 -0.0610786851450003
90.5999999999991 54.0565418472103 113.122486534411 78.7437375814542 25.8650011252424 0.336941027621956 -0.0582289184212345
90.6999999999991 54.1162577138343 113.071563321318 78.72828701596 25.8920952412242 0.332738053989683 -0.0554850757611791
90.7999999999991 54.1761145240576 113.020544140661 78.7138181760095 25.9198537283182 0.328368527046128 -0.0528425965202028
90.8999999999991 54.2361188203618 112.969444874484 78.7003264493248 25.9482677016792 0.323845519181565 -0.0502971967675753
90.9999999999991 54.2962766827201 112.91828110041 78.6878066898785 25.9773278504993 0.319181934279154 -0.0478448458106286
91.0999999999991 54.3565937173391 112.867068079111 78.6762532253196 26.0070244592501 0.314390758313436 -0.0455169323964511
91.1999999999991 54.4170750469584 112.815820743467 78.6656598656786 26.037347429973 0.309486031942345 -0.0433456116509088
91.2999999999991 54.4777253011184 112.764553692053 78.6560199153175 26.0682863072314 0.304481821380513 -0.0413286180781363
91.3999999999991 54.5385486084557 112.713281184316 78.6473261861591 26.0998303041117 0.299391808086232 -0.0394642728985284
91.4999999999991 54.5995485921122 112.662017135828 78.6395710109661 26.1319683282641 0.294229216692519 -0.0377514915138321
91.5999999999991 54.6607283681815 112.610775113529 78.6327462566184 26.1646890079433 0.289006753496775 -0.0361897959321
91.6999999999991 54.7220905470587 112.559568330977 78.6268433373926 26.1979807180505 0.283736555208119 -0.0347793320484275
91.7999999999991 54.7836372375511 112.508409643597 78.6218532282395 26.2318316061732 0.278430147509749 -0.0335208917290754
91.8999999999991 54.8453700536045 112.457311543925 78.6177664780632 26.2662296186273 0.273098412877643 -0.0324159397071109
91.999999999999 54.9072901234956 112.406286156859 78.6145732229994 26.3011625264975 0.267751567010661 -0.0314666453814848
92.099999999999 54.969398101276 112.355345234968 78.6122631997122 26.3366179516564 0.262399201131777 -0.0306817482475973
92.199999999999 55.0316941787809 112.304500155336 78.6108257591796 26.3725833922131 0.257050500523303 -0.0300709603622405
92.299999999999 55.0941780956604 112.253761920344 78.6102498817168 26.4090462465124 0.251714156242943 -0.0296391147717804
92.399999999999 55.1568491498757 112.203141159983 78.6105241924877 26.4459938365627 0.246398313157478 -0.0293919583272222
92.499999999999 55.2197062100983 112.152648134233 78.6116369770351 26.4834134314433 0.241110567602435 -0.0293362060051077
92.599999999999 55.2827477299488 112.102292735441 78.6135761968108 26.5212922707103 0.235857969948413 -0.0294795991021902
92.699999999999 55.3459717639468 112.052084490696 78.6163295047061 26.5596175878033 0.230647031442837 -0.0298309671999819
92.799999999999 55.4093759850513 112.002032564211 78.6198842605817 26.598376633452 0.225483734723874 -0.0304002937625454
92.899999999999 55.4729577036732 111.952145759693 78.6242275467977 26.6375566990825 0.220373547436978 -0.0311987851498076
92.999999999999 55.5367138880443 111.90243252273 78.6293461837443 26.6771451402238 0.215321438427796 -0.032238942762813
93.099999999999 55.6006411857647 111.852900943208 78.6352267453814 26.7171293998606 0.210331873762179 -0.0335151352568316
93.199999999999 55.6647359446782 111.803558758989 78.6418555750291 26.7574970303853 0.205408825213416 -0.0350214463648256
93.299999999999 55.7289942302063 111.754413362751 78.6492188017957 26.7982357119943 0.200555951049771 -0.036771868293825
93.399999999999 55.7934118418889 111.70547181008 78.6573023572556 26.8393332696849 0.195776645893417 -0.0387816337991096
93.499999999999 55.857984330815 111.656740827603 78.6660919921376 26.8807776901969 0.191074055120936 -0.0410672575626079
93.599999999999 55.9227070179412 111.60822682113 78.6755732930131 26.9225571389553 0.186451090127819 -0.0436465685878646
93.699999999999 55.9875750132345 111.559935883792 78.6857316989836 26.9646599770124 0.181910444234641 -0.0465387304488032
93.7999999999989 56.0525832355717 111.511873804173 78.6965525183695 27.00707477799 0.177454609036799 -0.0497642455986327
93.8999999999989 56.1177264333393 111.464046074454 78.7080209453976 27.0497903450219 0.173085891033735 -0.053344939191109
93.9999999999989 56.1829992056746 111.416457898549 78.7201220768891 27.0927957276959 0.168806428402165 -0.0573039170523913
94.0999999999989 56.2483960242129 111.369114200268 78.7328409289345 27.1360802389054 0.164618042306798 -0.0616118331024213
94.1999999999989 56.3139112531838 111.32201963225 78.7461624532138 27.1796334693388 0.160521816281969 -0.0662354051681047
94.2999999999989 56.3795391644024 111.275178586817 78.7600715524189 27.2234452959721 0.156518708911326 -0.0711930339491081
94.3999999999989 56.4452739504167 111.228595207592 78.7745530953217 27.2675058882007 0.152609742363227 -0.0765033344561686
94.4999999999989 56.511109737879 111.182273401149 78.7895919318294 27.3118057138786 0.148796010099829 -0.0821848922471418
94.5999999999989 56.5770406012053 111.136216848655 78.8051729080391 27.3563355453594 0.14507868436543 -0.0882559563184773
94.6999999999989 56.6430605765066 111.090429017522 78.8212808812921 27.4010864655355 0.141459023323183 -0.0947340588122377
94.7999999999989 56.7091636757731 111.044913173052 78.8379007352294 27.4460498738792 0.137938377693127 -0.101635551307783
94.8999999999989 56.7753439012967 110.999672390082 78.8550173948459 27.4912174924821 0.134518196728368 -0.108975047522196
94.9999999999989 56.8415952603155 110.954709564637 78.8726158415458 27.5365813720954 0.131200033345851 -0.116764762868425
95.0999999999989 56.9079117798195 110.910027425568 78.8906811281798 27.5821338981085 0.127985393490233 -0.124960382426883
95.1999999999989 56.9742875203545 110.865628546155 78.9091983936462 27.6278677949257 0.12487529911892 -0.133509511472816
95.2999999999989 57.0407165869266 110.821515355582 78.9281528763809 27.6737761262759 0.121870794150908 -0.142406353685711
95.3999999999989 57.1071931387599 110.777690150367 78.9475299274104 27.7198522939216 0.118973100442556 -0.151639527720578
95.4999999999988 57.1737113990339 110.734155105789 78.9673150233871 27.7660900363044 0.116183610711894 -0.161191100501044
95.5999999999988 57.2402656646439 110.690912287317 78.9874937796262 27.8124834271929 0.113503879115177 -0.171035571827894
95.6999999999988 57.3068503159844 110.647963662037 79.0080519631409 27.8590268743283 0.110935609148278 -0.181138839211126
95.7999999999988 57.3734598267523 110.605311110078 79.0289755056786 27.9057151180714 0.108480638554373 -0.191457182649477
95.8999999999988 57.4400887737674 110.562956436044 79.0502505167571 27.9525432300493 0.106140920954567 -0.201936320952891
95.9999999999988 57.5067318468103 110.520901380437 79.0718632967001 27.9995066118019 0.103918503975113 -0.212510603336631
96.0999999999988 57.5733838584227 110.479147631083 79.0938003496541 28.0466009933626 0.101815347400403 -0.223038484321114
96.1999999999988 57.6400397524093 110.437696834438 79.1160483960998 28.0938224301253 0.0998328454817752 -0.233365242223149
96.2999999999988 57.7066946089796 110.396550606589 79.1385943840811 28.1411672953611 0.0979722973908733 -0.24338896684666
96.3999999999988 57.7733436484726 110.35571054415 79.1614254999303 28.1886322710211 0.0962350293460678 -0.252998339311033
96.4999999999988 57.8399822349072 110.31517823514 79.1845291789725 28.2362143384735 0.0946223526723222 -0.262073921325101
96.5999999999988 57.9066058794137 110.274955269869 79.2078931162304 28.2839107692407 0.0931355201588975 -0.270489966922575
96.6999999999988 57.9732102435472 110.235043251821 79.2315052771296 28.3317191157363 0.0917756816508753 -0.27811676125525
96.7999999999988 58.0397911424875 110.195443808539 79.2553539082037 28.379637202002 0.0905438400306511 -0.284823454195702
96.8999999999988 58.106344548127 110.156158602508 79.2794275477986 28.4276631144446 0.089440808935118 -0.290481314196156
96.9999999999988 58.1728665920487 110.117189342038 79.3037150367781 28.4757951925735 0.0884671736979596 -0.294967283917942
97.0999999999988 58.2393535683659 110.078537792121 79.3282055291904 28.5240320196897 0.0876230099302207 -0.298153459139357
97.1999999999988 58.3058019356164 110.040205784561 79.3528885019404 28.572372412353 0.0869071324594082 -0.299938373673566
97.2999999999987 58.3722083163573 110.00219522625 79.3777537619394 28.6208154067404 0.0863178503613811 -0.300258585976598
97.3999999999987 58.4385694956528 109.964508106733 79.4027914522598 28.6693602437823 0.0858532106609346 -0.299070161995298
97.4999999999987 58.5048824192485 109.927146505727 79.4279920582521 28.7180063542503 0.0855109992182551 -0.29634999079341
97.5999999999987 58.5711441914712 109.89011260065 79.4533464136614 28.766753343846 0.0852887504266182 -0.29209632534049
97.6999999999987 58.6373520728669 109.853408674151 79.4788457067448 28.8156009782894 0.0851837654848864 -0.286328523961475
97.7999999999987 58.7035034775849 109.817037121635 79.5044814863876 28.8645491684072 0.0851931386630911 -0.279086024816009
97.8999999999987 58.7695959705216 109.781000458788 79.5302456682206 28.913597955221 0.0853137906850913 -0.270426638470746
97.9999999999987 58.8356272642323 109.745301329108 79.5561305407367 28.9627474950362 0.0855425081044446 -0.260424286444758
98.0999999999987 58.9015952156234 109.709942511389 79.5821287713648 29.0119980445205 0.0858757444495101 -0.249231391913237
98.1999999999987 58.967497822379 109.674926926133 79.6082334114275 29.0613499455331 0.0863089559456818 -0.237020833558675
98.2999999999987 59.0333332189879 109.640257639234 79.6344378982654 29.1108036093218 0.0868374083299984 -0.223909894010744
98.3999999999987 59.0990996723838 109.605937864589 79.6607360562452 29.1603595004694 0.0874564699107943 -0.21001637241359
98.4999999999987 59.1647955772461 109.571970966667 79.6871220977246 29.2100181208316 0.0881616546548893 -0.195455972464241
98.5999999999987 59.2304194509845 109.538360463079 79.7135906240174 29.2597799934742 0.0889486619798837 -0.18034015178277
98.6999999999987 59.2959699284249 109.505110027148 79.740136626359 29.3096456466107 0.0898134128651617 -0.1647744537134
98.7999999999987 59.3614457562174 109.472223490475 79.7667554868711 29.3596155975396 0.0907520821082468 -0.148857311257939
98.8999999999987 59.4268457869866 109.439704845513 79.7934429795268 29.4096903365821 0.0917611267365886 -0.132679288976023
98.9999999999987 59.4921689732455 109.407558248132 79.8201952711162 29.4598703110194 0.0928373107261803 -0.11632271259837
99.0999999999986 59.5574143611143 109.375788020146 79.8470089221643 29.5101559090507 0.093977524085077 -0.099975493793044
99.1999999999986 59.6225810843069 109.344398650707 79.8738808866415 29.5605474442827 0.0951781979713499 -0.0838147160969829
99.2999999999986 59.6876683590698 109.313394794815 79.9008085086049 29.6110451415693 0.0964359263916935 -0.0678924074699606
99.3999999999986 59.7526754793139 109.282781270696 79.9277895176313 29.6616491233828 0.0977476683586027 -0.0522509919091407
99.4999999999986 59.817601811505 109.252563057141 79.9548220242038 29.7123593962055 0.0991107440130957 -0.0369243585848337
99.5999999999986 59.8824467893168 109.222745290838 79.9819045150978 29.7631758369215 0.100522829121058 -0.0219389332588232
99.6999999999986 59.9472099080706 109.193333263706 80.0090358487679 29.8140981792086 0.101981948489903 -0.0073147157524025
99.7999999999986 60.0118907189869 109.164332420235 80.0362152507339 29.8651259999296 0.103486468757419 0.00693374173780402
99.8999999999986 60.076488823273 109.135748354816 80.0634423089676 29.9162587055242 0.105035090927698 0.0207964314212642
99.9999999999986 60.1410038660703 109.10758680908 80.090716969279 29.967495518401 0.106626842947145 0.0342670706140417
100.099999999999 60.2054355303234 109.079853669194 80.1180395306612 30.0188354633759 0.108260941490397 0.0472224040081261
100.199999999999 60.2697835314672 109.052554962272 80.1454106395586 30.0702773553447 0.109936370555948 0.0595497526047514
100.299999999999 60.334047614325 109.025696850503 80.1728312814007 30.1218197900826 0.111652223923762 0.0712628614900001
100.399999999999 60.3982275507992 108.999285624386 80.2003027710588 30.1734611362774 0.113407811221441 0.0823774199097605
100.499999999999 60.4623231374871 108.973327695937 80.2278267432614 30.2251995276098 0.115202639057095 0.0929105494109236
100.599999999999 60.5263341932047 108.947829591884 80.2554051430096 30.2770328548339 0.1170363937331 0.102880383980948
100.699999999999 60.5902605564315 108.922797946875 80.2830402159926 30.3289587578569 0.11890892555334 0.112305728559668
100.799999999999 60.6541020826927 108.898239496675 80.3107344990031 30.3809746178198 0.120820234710785 0.121205783510652
100.899999999999 60.7178586418918 108.874161071371 80.3384908103523 30.4330775491777 0.122770458723608 0.129599924082806
100.999999999999 60.7815301156062 108.850569588572 80.3663122402857 30.4852643917798 0.124759861372137 0.137507525209598
101.099999999999 60.8451163944024 108.827472046592 80.3942021413641 30.5375317030123 0.126788748787605 0.144840668105429
101.199999999999 60.9086173762648 108.804875517117 80.4221641179537 30.58987575156 0.128857197413241 0.151519117007722
101.299999999999 60.9720329678664 108.782787136569 80.4502020134541 30.6422925152799 0.130965193276602 0.157573540517937
101.399999999999 61.0353630869344 108.761214096958 80.478319896636 30.6947776806934 0.133112680284104 0.163034344213238
101.499999999999 61.0986076646174 108.74016363671 80.5065220479434 30.7473266425409 0.135299546131641 0.167931592183483
101.599999999999 61.1617666478048 108.719643031496 80.534812945797 30.7999345033374 0.137525610377503 0.172294936667327
101.699999999999 61.2248400013886 108.699659585067 80.5631972528972 30.8525960729264 0.1397906145561 0.176153553251222
101.799999999998 61.2878277104563 108.68022062008 80.5916798025266 30.9053058680354 0.142094214217585 0.179536080036054
101.899999999998 61.3507297824032 108.66133346893 80.6202655848532 30.9580581118305 0.144435972778832 0.182470559961615
101.999999999998 61.4135462489504 108.643005464579 80.6489597332334 31.0108467334712 0.146815357076003 0.184984386016597
102.099999999998 61.4762771681006 108.625243931388 80.6777675104935 31.0636653677346 0.149231726271419 0.187018475098154
102.199999999998 61.538922627239 108.608056175948 80.7066942946658 31.1165073564467 0.151684255703757 0.188518318498149
102.299999999998 61.6014827493254 108.591449477922 80.7357455633373 31.1693657544997 0.154171870800312 0.189517099539019
102.399999999998 61.6639577002095 108.575431080888 80.7649268774525 31.2222333376761 0.156693237843112 0.190047200839837
102.499999999998 61.7263476958148 108.560008183177 80.7942438650952 31.2751026105423 0.159246760778582 0.190140122205436
102.599999999998 61.7886530091029 108.545187928723 80.8237022052701 31.3279658143423 0.16183058004109 0.189826398963364
102.699999999998 61.8508739767747 108.530977397901 80.8533076116845 31.3808149348911 0.164442573261963 0.189135523567778
102.799999999998 61.9130110056649 108.517383598368 80.8830658165302 31.4336417104688 0.167080357742938 0.188095872926235
102.899999999998 61.9750645787837 108.504413455914 80.9129825542648 31.4864376397137 0.169741294594573 0.186734643380764
102.999999999998 62.0370352609585 108.492073805294 80.943063545394 31.5391939895162 0.172422494448391 0.185077794831371
103.099999999998 62.0989237040627 108.480371381096 80.9733144802615 31.5919018029541 0.175120901675608 0.18312194940224
103.199999999998 62.1607306527035 108.469312809039 81.0037410030607 31.6445519083166 0.177833504571949 0.180862636802333
103.299999999998 62.2224569518321 108.45890459839 81.0343486964101 31.6971349308907 0.180557060709063 0.178322365308688
103.399999999998 62.2841035548135 108.449153134828 81.0651430661494 31.7496413058361 0.183288019699461 0.175522467967458
103.499999999998 62.3456715309932 108.440064673319 81.0961295261446 31.8020612911015 0.186022531719302 0.172483068454741
103.599999999998 62.4071620726649 108.431645330994 81.1273133830931 31.8543849803418 0.188756457640155 0.169223054957316
103.699999999998 62.4685765013776 108.423901080026 81.1586998213287 31.9066023158343 0.191485380766206 0.16576006226501
103.799999999998 62.5299162735202 108.416837740508 81.1902938876267 31.9587031013958 0.194204620180778 0.162110461898201
103.899999999998 62.5911829851225 108.41046097333 81.2221004760088 32.0106770152988 0.196909245713998 0.15828935986819
103.999999999998 62.6523783758106 108.404776273053 81.2541243125484 32.0625136231886 0.19959409455144 0.154310601395279
104.099999999998 62.7135043318818 108.399788960807 81.2863699401918 32.1142023910213 0.20225386053987 0.150182166567763
104.199999999998 62.7745628890974 108.395504177539 81.3188417040125 32.1657326985691 0.204883309764401 0.145910143234443
104.299999999998 62.8355562362196 108.391926878196 81.3515437375609 32.217093854362 0.207477056835264 0.141503830371132
104.399999999998 62.8964867182492 108.389061826259 81.3844799496469 32.2682751111967 0.210029509400203 0.136971507692762
104.499999999998 62.9573568386621 108.386913588308 81.4176540111392 32.319265681667 0.212534889707014 0.132320443890214
104.599999999998 63.0181692605641 108.385486528566 81.4510693417634 32.3700547536939 0.21498725799509 0.127556906467878
104.699999999998 63.0789268067093 108.384784803462 81.4847290969017 32.420631506056 0.217380537704359 0.122686172382646
104.799999999998 63.1396324583308 108.384812356184 81.5186361543918 32.4709851239201 0.219708542467342 0.117712538673109
104.899999999998 63.2002893527344 108.38557291123 81.5527931013251 32.5211048143711 0.22196500483474 0.112639332254357
104.999999999998 63.2609007796142 108.387069968969 81.5872022208466 32.5709798219429 0.224143606655931 0.107468918057421
105.099999999998 63.3214701760777 108.389306800221 81.6218654790106 32.6205994441438 0.22623825762908 0.102240868509019
105.199999999998 63.3820011211251 108.392286441608 81.6567845131273 32.6699530468684 0.228243856756511 0.0969907095581223
105.299999999998 63.442497330916 108.396011692843 81.6919606238912 32.7190300795193 0.230155561304284 0.0917138431608139
105.399999999998 63.5029626537678 108.400485114783 81.7273947690011 32.7678200900138 0.231968561801354 0.0864054155994015
105.499999999998 63.5634010641508 108.405709027514 81.7630875568352 32.8163127397871 0.233678106901951 0.0810602886879898
105.599999999998 63.6238166556382 108.411685508433 81.7990392401286 32.8644978187946 0.235279528994934 0.0756730086478829
105.699999999998 63.6842136328048 108.418416390332 81.8352497096484 32.9123652605153 0.236768270388221 0.0702377722199995
105.799999999998 63.7445963020744 108.425903259482 81.8717184878711 32.959905156954 0.238139909883956 0.0647483895959027
105.899999999998 63.8049690615161 108.434147453714 81.9084447226584 33.0071077736443 0.239390189547103 0.0591982437198055
105.999999999998 63.8653363896002 108.443150060507 81.9454271809332 33.0539635646515 0.240515041462558 0.053580245485126
106.099999999998 63.9257028329409 108.452911915089 81.9826642424256 33.1004631875332 0.241510934953021 0.0479534182456616
106.199999999998 63.986072993424 108.463433599194 82.0201538952102 33.1465975172067 0.242375860033493 0.0423739776381848
106.299999999998 64.0464515155115 108.474715441435 82.0578937357944 33.1923576570425 0.243108375382053 0.0368304632770026
106.399999999998 64.1068430734263 108.486757518326 82.0958809709989 33.237734948864 0.243707295870516 0.0313116529423572
106.499999999998 64.1672523579458 108.499559655325 82.1341124199079 33.2827209829051 0.244171700195219 0.0258064891847194
106.599999999998 64.2276840628296 108.513121427877 82.1725845158181 33.3273076077683 0.244500937459476 0.0203040071070506
106.699999999998 64.2881428709229 108.52744216246 82.2112933081891 33.3714869403826 0.244694632632474 0.0147932628189399
106.799999999998 64.3486334399742 108.542520937629 82.2502344645923 33.4152513759612 0.244752690829523 0.00926326207830706
106.899999999998 64.409160388211 108.558356585061 82.289403272661 33.4585935979596 0.244675300380495 0.00370288862609577
106.999999999998 64.4697282797166 108.574947690594 82.3287946420401 33.5015065880331 0.244462934676441 -0.00189916824287513
107.099999999998 64.5303416096581 108.592292595298 82.3684031063907 33.5439836359439 0.244116646490142 -0.00749338089865402
107.199999999998 64.5910047895706 108.610389397022 82.4082228268253 33.5860183481349 0.243638939211363 -0.0130305181954048
107.299999999998 64.6517221331504 108.6292359532 82.4482475989752 33.6276046529231 0.243032861592245 -0.0185222345304112
107.399999999998 64.7124978425982 108.648829884146 82.4884708614884 33.6687368043595 0.242301695908226 -0.0239798560093958
107.499999999998 64.7733359954605 108.669168576359 82.528885704582 33.7094093860387 0.241448940817293 -0.0294144510019228
107.599999999998 64.8342405319979 108.690249185844 82.5694848785958 33.7496173149081 0.240478293775856 -0.0348368964461924
107.699999999998 64.8952152431116 108.712068641419 82.6102608025444 33.7893558450771 0.239393633178488 -0.0402579403985695
107.799999999998 64.9562637588572 108.734623648026 82.6512055726707 33.8286205716262 0.238199000386571 -0.045688261291473
107.899999999998 65.0173895375677 108.757910690049 82.6923109709982 33.8674074344166 0.236898581816776 -0.0511385242800036
107.999999999998 65.0785958556113 108.781926034621 82.7335684738846 33.9057127218991 0.235496691254793 -0.0566194350263648
108.099999999998 65.139885797792 108.806665734953 82.7749692606041 33.9435330748722 0.233997996243266 -0.0620970302476867
108.199999999998 65.2012622483003 108.832125634061 82.8165042227158 33.9808654888948 0.232408225281502 -0.0675357631777581
108.299999999998 65.2627278821653 108.858301369504 82.8581639754251 34.017707313289 0.230733403700158 -0.0729436767572569
108.399999999998 65.3242851576106 108.885188378515 82.899938869729 34.0540562487971 0.228979583442206 -0.078328373951292
108.499999999998 65.385936309478 108.91278190316 82.9418190045926 34.0899103451886 0.227152819040411 -0.0836970448593895
108.599999999998 65.447683343716 108.941076995483 82.9837942391257 34.1252679988656 0.225259144959726 -0.0890564886800947
108.699999999998 65.509528032921 108.970068522659 83.0258542047582 34.1601279504695 0.223304554388747 -0.0944131309082364
108.799999999998 65.5714719129112 108.999751172148 83.0679883174172 34.194489282487 0.221294979538602 -0.0997730361381132
108.899999999998 65.6335162803148 109.030119456841 83.1101857897024 34.2283514168561 0.219236273486125 -0.105141916776084
108.999999999998 65.6956621911464 109.061167720216 83.152435643063 34.2617141125725 0.217134193575897 -0.110525137992116
109.099999999998 65.7579104603313 109.092890141496 83.194726719973 34.2945774632609 0.214994526977243 -0.115911009025249
109.199999999998 65.8202616617976 109.125280741017 83.2370476960942 34.3269418938465 0.212823503101717 -0.121285704125256
109.299999999998 65.8827161286157 109.158333386136 83.279387092407 34.358808154939 0.21062736473293 -0.126650570370415
109.399999999998 65.9452739538377 109.192041797349 83.3217332873288 34.3901773163182 0.208412213137113 -0.132006195201531
109.499999999998 66.0079349923772 109.226399554414 83.3640745288306 34.4210507603828 0.206183993922937 -0.1373523825608
109.599999999998 66.0706988639066 109.261400102476 83.4063989465552 34.4514301756008 0.203948484233827 -0.142688127868797
109.699999999998 66.1335649567251 109.297036758193 83.4486945639349 34.481317549959 0.201711281166587 -0.148011592827597
109.799999999998 66.1965324325539 109.333302715862 83.490949310308 34.510715164413 0.199477791295059 -0.153320081166746
109.899999999998 66.2596002322125 109.37019105354 83.5331510330375 34.5396255863367 0.197253221175334 -0.158610016516472
109.999999999998 66.3227670821293 109.407694739173 83.5752875096275 34.5680516629725 0.195042568703558 -0.16387692371212
110.099999999998 66.3860315016185 109.445806636721 83.6173464598231 34.5959965148603 0.192850689851066 -0.169117167949136
110.199999999998 66.4493918103517 109.484519512286 83.6593155572258 34.6234635287406 0.190682531375596 -0.174325061275941
110.299999999998 66.5128461351817 109.523826040254 83.7011824396833 34.6504563491191 0.188542927125279 -0.179491468420649
110.399999999998 66.5763924171773 109.563718809447 83.7429347191968 34.6769788693049 0.186436518759029 -0.184606048954564
110.499999999998 66.6400284193659 109.604190329266 83.7845599918092 34.703035222428 0.184367747186433 -0.189657257238572
110.599999999998 66.7037517351613 109.645233035839 83.8260458474932 34.7286297724576 0.182340844091852 -0.194632357249883
110.699999999998 66.7675597974294 109.686839298174 83.8673798800398 34.7537671052189 0.180359823450606 -0.199517454546504
110.799999999998 66.8314498881503 109.7290014243 83.908549696947 34.7784520194119 0.178428472960639 -0.204297547456044
110.899999999998 66.8954191486297 109.771711667417 83.9495429293075 34.8026895176283 0.176550345335787 -0.208956599349862
110.999999999998 66.9594645902186 109.814962232047 83.9903472416972 34.8264847973696 0.174728749426117 -0.213477633481334
111.099999999998 67.0235831054685 109.858745280161 84.0309503420333 34.8498432420696 0.172966722591025 -0.217869485026921
111.199999999998 67.0877714789949 109.903052936951 84.0713399906309 34.8727704122362 0.171266998869974 -0.222141499097045
111.299999999998 67.1520263969053 109.947877295663 84.1115040072295 34.8952720368976 0.169632113741213 -0.226276272849957
111.399999999998 67.2163444558539 109.99321042206 84.1514302772192 34.9173540051681 0.168064422437933 -0.230255768148146
111.499999999998 67.2807221723778 110.039044358878 84.191106757835 34.9390223578186 0.166566091217296 -0.234061460055282
111.599999999998 67.3451559925154 110.085371130275 84.2305214843526 34.9602832788471 0.165139088424748 -0.2376745065554
111.699999999998 67.4096423016782 110.132182746287 84.2696625762835 34.981143087049 0.163785175434 -0.241075937858412
111.799999999998 67.4741774347491 110.179471207279 84.3085182435698 35.0016082275877 0.162505897563045 -0.244246862861347
111.899999999998 67.5387576863793 110.227228508394 84.3470767927795 35.0216852635646 0.161302575084168 -0.247168689443869
111.999999999998 67.603379321459 110.275446644012 84.3853266333018 35.0413808675904 0.160176294457882 -0.24982335451734
112.099999999998 67.6680385857159 110.324117612179 84.4232562835231 35.0607018133743 0.159127841834711 -0.252226610029977
112.199999999998 67.7327317159817 110.37323341863 84.460854376518 35.0796549678203 0.158157549728517 -0.254397422621995
112.299999999998 67.7974549493804 110.422786079733 84.4981096645054 35.0982472844094 0.15726551545368 -0.256323757405978
112.399999999998 67.8622045320823 110.472767625026 84.5350110228199 35.1164857970879 0.156451661613381 -0.257994593622764
112.499999999998 67.9269767280318 110.523170099728 84.5715474538631 35.1343776141742 0.155715731878729 -0.259400069069506
112.599999999998 67.9917678276564 110.573985567255 84.6077080910563 35.1519299122673 0.155057287349382 -0.260531610564055
112.699999999998 68.056574156539 110.625206111734 84.643482202792 35.1691499301541 0.154475703574308 -0.261382047060116
112.799999999998 68.1213920840436 110.676823840519 84.6788591963863 35.1860449627173 0.1539701682976 -0.261945702358901
112.899999999998 68.1862180318767 110.728830886704 84.7138286220308 35.2026223548425 0.153539679983807 -0.262218464925029
112.999999999998 68.251048482573 110.781219411639 84.7483801767443 35.2188894953266 0.153183047160301 -0.262197832905125
113.099999999998 68.3158799878647 110.833981607426 84.7825037082939 35.2348538108057 0.152898896808414 -0.261930175846169
113.199999999998 68.3807091762588 110.887109698941 84.8161892182913 35.2505227602278 0.15268574121636 -0.261463553235616
113.299999999998 68.4455327587629 110.940595944655 84.8494268632005 35.265903830704 0.152542026506978 -0.260799872341327
113.399999999998 68.5103475338087 110.994432636976 84.8822069545213 35.2810045339044 0.152466135398147 -0.259941882058103
113.499999999998 68.5751503920327 111.048612102579 84.9145199589419 35.295832402474 0.152456388048817 -0.258893128944211
113.599999999998 68.6399383209396 111.103126702729 84.9463564984909 35.310394986449 0.152511043135387 -0.257657904731745
113.699999999998 68.7047084094473 111.157968833613 84.9777073506893 35.3246998496733 0.152628299135675 -0.256241186512808
113.799999999998 68.769457852311 111.213130926661 85.0085634487033 35.3387545662145 0.15280629579642 -0.254648570904005
113.899999999998 68.8341839544248 111.268605448878 85.038915881496 35.3525667167804 0.153043115757367 -0.252886203567769
113.999999999998 68.8988841349984 111.324384903166 85.0687558939796 35.3661438851348 0.15333678630721 -0.250960705491846
114.099999999998 68.9635559315912 111.380461828645 85.0980748871457 35.3794936545371 0.153685309669305 -0.248922205908527
114.199999999998 69.0281970036336 111.436828800687 85.1268644176106 35.3926236047743 0.154086778948293 -0.246820118090795
114.299999999998 69.0928051348537 111.493478430248 85.1551161956794 35.405541310698 0.154539344016678 -0.244660153015876
114.399999999998 69.1573782352195 111.550403362921 85.1828220828256 35.4182543413555 0.155041189853643 -0.242447804774264
114.499999999998 69.2219143427719 111.607596277976 85.2099740891489 35.4307702591431 0.155590535839741 -0.240188328576841
114.599999999998 69.2864116253723 111.665049887406 85.2365643708321 35.443096618959 0.156185634888243 -0.23788672298467
114.699999999998 69.3508683823705 111.722756934964 85.2625852275991 35.455240967357 0.156824772421733 -0.235547716136232
114.799999999998 69.4152830461974 111.780710195206 85.2880291001717 35.4672108416998 0.157506265204983 -0.233175755751873
114.899999999998 69.4796541838918 111.838902472534 85.3128885677275 35.4790137693123 0.158228460043804 -0.23077500261873
114.999999999998 69.5439804985617 111.897326600239 85.3371563453572 35.4906572666348 0.15898973236295 -0.228349327277831
115.099999999998 69.6082608307837 111.955975439536 85.360825281506 35.502148838386 0.159788541904325 -0.225921123437356
115.199999999998 69.6724941597931 112.014841878551 85.383888355003 35.5134959769719 0.16062361436959 -0.223510913624186
115.299999999998 69.7366796042547 112.073918831167 85.406338671044 35.524706162519 0.161493787358281 -0.221119290056448
115.399999999998 69.8008164228984 112.133199235806 85.428169456762 35.5357868631543 0.162397952292884 -0.218746526990431
115.499999999998 69.8649040151863 112.192676054216 85.4493740567822 35.5467455352943 0.163335050507166 -0.21639260548367
115.599999999998 69.9289419220272 112.252342270258 85.4699459287762 35.5575896239339 0.164304069273837 -0.214057237945482
115.699999999998 69.9929298265483 112.312190888691 85.4898786390167 35.5683265629354 0.165304037779568 -0.211739892318966
115.799999999998 70.056867554931 112.372214933956 85.5091658579328 35.5789637753181 0.166334023053446 -0.209439815741119
115.899999999998 70.1207550773203 112.432407448962 85.527801355664 35.5895086735467 0.167393125855366 -0.207156057588067
115.999999999998 70.184592508815 112.49276149387 85.5457789976153 35.5999686598207 0.168480476529401 -0.204887491806796
116.099999999998 70.2483801105496 112.553270144886 85.5630927400114 35.6103511263653 0.169595234284343 -0.202634425392506
116.199999999998 70.3121182909481 112.613926493116 85.579736625444 35.6206634557613 0.170736592256795 -0.200396919415422
116.299999999998 70.3758076072712 112.674723643622 85.5957047784013 35.6309130213769 0.171903760925273 -0.198173283085484
116.399999999998 70.4394487673564 112.735654714538 85.6109914007898 35.641107187839 0.173095960024531 -0.195961737522959
116.499999999998 70.50304263148 112.796712836207 85.6255907674561 35.6512533115067 0.174312414173504 -0.193760433753452
116.599999999998 70.5665902143497 112.857891150294 85.6394972217093 35.6613587409431 0.175552348487813 -0.191567469840686
116.699999999998 70.6300926872299 112.919182808924 85.6527051708419 35.6714308173894 0.176814984184198 -0.189380907176128
116.799999999998 70.6935513802056 112.980580973802 85.6652090816527 35.6814768752372 0.178099534180471 -0.187198785942238
116.899999999998 70.7569677845915 113.042078815339 85.6770034759678 35.6915042425015 0.179405198698354 -0.185019139771979
116.999999999998 70.8203435554872 113.103669511781 85.6880829261628 35.7015202412937 0.180731160874084 -0.1828400096336
117.099999999998 70.8836805144923 113.165346248337 85.6984420506969 35.7115321882934 0.182076523614837 -0.180657169933959
117.199999999998 70.9469806527071 113.2271022164 85.7080755099639 35.7215473951913 0.183440124969993 -0.178467404069296
117.299999999998 71.0102461342028 113.288930612998 85.7169780029488 35.7315731690579 0.184820703849868 -0.17627026710729
117.399999999998 71.0734792997143 113.350824640339 85.7251442642008 35.7416168126837 0.186216954954648 -0.174065303166999
117.499999999998 71.1366826704174 113.412777505354 85.7325690608195 35.7516856249178 0.187627526097856 -0.17185205287202
117.599999999998 71.1998589517837 113.474782419246 85.7392471894404 35.7617869010067 0.189051015648473 -0.169630060502147
117.699999999998 71.2630110375097 113.536832597035 85.7451734732204 35.7719279329336 0.190485970111661 -0.167398880837606
117.799999999998 71.3261420135192 113.598921257102 85.7503427588237 35.7821160097563 0.191930881868323 -0.165158085704011
117.899999999998 71.3892551620344 113.661041620739 85.7547499134073 35.792358417947 0.193384187094158 -0.162907270205433
117.999999999998 71.4523539657132 113.723186911694 85.7583898216069 35.8026624417303 0.194844263881743 -0.160646058656937
118.099999999998 71.5154421118503 113.785350355718 85.7612573825387 35.813035363421 0.196309348652797 -0.158373557816989
118.199999999998 71.5785234967067 113.847525180182 85.7633475072236 35.8234844637184 0.197777287264213 -0.156089968309064
118.299999999998 71.6416022300357 113.909704613865 85.7646551170837 35.8340170218943 0.19924577772448 -0.153796534675269
118.399999999998 71.7046826396198 113.971881886804 85.7651751428608 35.8446403159377 0.200712452997282 -0.151494443401041
118.499999999998 71.7677692757225 114.034050230154 85.7649025235514 35.8553616226983 0.202174882793234 -0.149184826978237
118.599999999998 71.8308669154418 114.096202876039 85.7638322053419 35.8661882180304 0.203630575783776 -0.146868768124472
118.699999999998 71.8939805669533 114.158333057415 85.7619591405431 35.877127376936 0.205076982260206 -0.144547304115934
118.799999999998 71.957115473633 114.22043400792 85.7592782865253 35.8881863737082 0.206511497261686 -0.1422214311853
118.899999999998 72.0202771180471 114.282498961732 85.7557846046535 35.8993724820752 0.207931464191307 -0.139892108952367
118.999999999998 72.0834712257975 114.344521153426 85.7514730592219 35.9106929753432 0.209334178937916 -0.137560264835478
119.099999999998 72.1467037692113 114.40649381783 85.7463386163972 35.9221551265392 0.210716853174885 -0.135227152109717
119.199999999998 72.2099809708632 114.468410189914 85.7403762433736 35.9337662085255 0.212076495986139 -0.132894397883744
119.299999999998 72.2733093069022 114.53026350474 85.7335809080664 35.9455334940433 0.213410044999735 -0.130563414860169
119.399999999997 72.3366955101297 114.592046997462 85.7259475790163 35.9574642557283 0.214714415279165 -0.128235547822365
119.499999999997 72.4001465728033 114.653753903301 85.7174712253037 35.9695657661261 0.21598650736837 -0.125912078616268
119.599999999997 72.4636697491525 114.715377457543 85.7081468164614 35.9818452977065 0.217223215879362 -0.123594231068293
119.699999999997 72.5272725575943 114.776910895522 85.6979693223884 35.9943101228781 0.21842143860062 -0.121283175780154
119.799999999997 72.590962782635 114.83834745261 85.6869337132627 36.0069675140037 0.21957808609772 -0.11898003476574
119.899999999997 72.6547484764473 114.899680364206 85.6750349594551 36.0198247434144 0.22069009176847 -0.116685885885268
119.999999999997 72.7186379601094 114.960902865721 85.6622680314424 36.0328890834247 0.221754422309644 -0.114401767046009
