#t s x y z curvature torsion
5 0 73.114451180848 100.9837217123 7.05990051536178 0.156122761541774 -0.163074201514759
5.1 0.0599198978624762 73.124969285603 100.942499634352 7.10209653320531 0.155301606818153 -0.165336853384139
5.2 0.119808374835179 73.1360140246017 100.901274753179 7.14411025223607 0.154493542201122 -0.167582069060411
5.3 0.179666896694212 73.1475799148335 100.860045743542 7.18593657871399 0.1536996688504 -0.169807110387707
5.4 0.239496836299615 73.1596614733802 100.818811280313 7.22757041901917 0.152921061212372 -0.172009141261964
5.5 0.299299476240537 73.1722532174953 100.777570038573 7.26900667975472 0.152158766497325 -0.174185232107475
5.6 0.359076011508158 73.1853496646851 100.7363206937 7.31024026784954 0.151413804182534 -0.176332365291116
5.7 0.418827552193887 73.1989453327883 100.695061921472 7.35126609066115 0.150687165537765 -0.178447441510652
5.8 0.478555126210902 73.2130347400568 100.653792398157 7.39207905607843 0.149979813167728 -0.18052728718403
5.9 0.538259682036318 73.2276124052354 100.612510800612 7.43267407262452 0.149292680568263 -0.182568662850234
6 0.597942091472757 73.2426728476424 100.571215806376 7.47304604955956 0.148626671693771 -0.184568272584228
6.1 0.657603152428391 73.2582105872554 100.529906093771 7.51318989699138 0.147982668022353 -0.18650026191343
6.2 0.717243591760955 73.2742201449433 100.488580342195 7.55310052619077 0.147361543687541 -0.188337971640696
6.3 0.776864068260106 73.2906960430701 100.44723723287 7.59277285042617 0.146764130198636 -0.190076937301425
6.4 0.836465175695024 73.307632806245 100.405875449786 7.63220178600291 0.146191206261259 -0.191712814397218
6.49999999999999 0.896047445877695 73.3250249620773 100.364493680646 7.67138225331037 0.145643496859887 -0.193241404085802
6.59999999999999 0.955611351736382 73.3428670419326 100.323090617812 7.71030917786908 0.1451216724164 -0.194658678908721
6.69999999999999 1.0151573103954 73.3611535816883 100.281664959257 7.74897749137791 0.144626348029995 -0.195960808339261
6.79999999999999 1.07468568625805 73.3798791224885 100.240215409503 7.78738213276116 0.144158082801817 -0.197144183816788
6.89999999999999 1.13419679408861 73.3990382115003 100.198740680575 7.82551804921572 0.143717379248793 -0.198205442981557
6.99999999999999 1.19369090209046 73.418625402669 100.157239492945 7.8633801972582 0.143304682811833 -0.19914149280633
7.09999999999999 1.25316823498116 73.4386352574841 100.115710576493 7.90096354378789 0.142920375105127 -0.199904097551029
7.19999999999999 1.31262897716447 73.459062346014 100.074152671812 7.938263067561 0.14256473993321 -0.200444705462993
7.29999999999999 1.37207327616004 73.4799012486244 100.0325645324 7.97527376170904 0.142237956492198 -0.200760454885744
7.39999999999999 1.43150124611664 73.5011465579653 99.9909449271953 8.0119906366684 0.141940101933422 -0.200849154624025
7.49999999999999 1.49091297129728 73.5227928809681 99.9492926431261 8.04840872312582 0.141671151560721 -0.200709299191087
7.59999999999999 1.55030850952468 73.5448348408435 99.9076064876607 8.08452307496384 0.141430979380056 -0.200340076761343
7.69999999999999 1.6096878955798 73.5672670790788 99.8658852913568 8.12032877220628 0.141219359003267 -0.199741369644462
7.79999999999999 1.66905114454646 73.5900842574351 99.8241279104121 8.15582092396367 0.141035964901325 -0.198913747223156
7.89999999999999 1.72839825509469 73.613281059945 99.7823332292131 8.19099467137867 0.140880374002954 -0.197858451427588
7.99999999999999 1.78772921269619 73.6368521949101 99.7405001628857 8.22584519057159 0.140752067628775 -0.196577374971521
8.09999999999999 1.84704399277035 73.6607923969062 99.698627659854 8.26036769560085 0.140650405424576 -0.195035854595511
8.19999999999999 1.90634256388602 73.6850964289993 99.656714704647 8.29455744181502 0.140574530343391 -0.193200193050154
8.29999999999999 1.96562489121603 73.7097590854949 99.6147603213309 8.3284097301987 0.140523434938114 -0.191074768930211
8.39999999999999 2.02489094001128 73.7347751948975 99.57276357719 8.36191991210985 0.140495990885821 -0.1886646558121
8.49999999999999 2.08414067895025 73.7601396228781 99.5307235864153 8.39508339403226 0.140490953867594 -0.185975542193381
8.59999999999999 2.14337408334877 73.7858472752421 99.4886395137946 8.42789564232798 0.140506968894443 -0.18301364470065
8.69999999999999 2.2025911382205 73.8118931008966 99.4465105784014 8.46035218798975 0.140542576042727 -0.179785615989772
8.79999999999999 2.26179184117989 73.8382720948183 99.4043360572849 8.4924486313934 0.14059621656069 -0.176298448822105
8.89999999999999 2.32097620517849 73.8649793010208 99.3621152891593 8.52418064705036 0.140666239308145 -0.172559377688986
8.99999999999999 2.38014426106682 73.8920098155228 99.3198476780929 8.55554398836 0.140750907491392 -0.168575779447581
9.09999999999999 2.43929605997847 73.9193587893129 99.277532697193 8.58653449236615 0.140848383570194 -0.164361310793547
9.19999999999999 2.49843167564848 73.9470214312644 99.2351698921586 8.61714808461782 0.140956668823568 -0.159929967355708
9.29999999999998 2.55755120684347 73.9749930109178 99.1927588844997 8.64738078429485 0.14107367460872 -0.155289518612583
9.39999999999998 2.61665477969683 74.0032688612122 99.1502993746247 8.6772287094378 0.141197251712039 -0.150447442872391
9.49999999999998 2.67574254982064 74.0318443812149 99.1077911449238 8.7066880821819 0.141325198062148 -0.145410838852939
9.59999999999998 2.73481470418418 74.0607150388505 99.0652340628511 8.735755233991 0.141455266515261 -0.14018634234982
9.69999999999998 2.79387146275371 74.0898763736302 99.0226280840073 8.7644266108915 0.141585172693399 -0.134780048274407
9.79999999999998 2.85291307988918 74.1193239993816 98.9799732552229 8.7926987787063 0.141712602858681 -0.129197438114573
9.89999999999998 2.91193984549361 74.1490536069776 98.9372697176404 8.82056842828872 0.141835221813097 -0.123443312757085
9.99999999999998 2.97095208591251 74.1790609670658 98.8945177097969 8.84803238075648 0.141950680814759 -0.117521730440493
10.1 3.02995016458325 74.2093419327853 98.8517175706887 8.87508759271725 0.142056635785424 -0.111485278681972
10.2 3.08893448251744 74.2398924421513 98.8088697423421 8.90173116127759 0.142150791352498 -0.105385577041581
10.3 3.14790547875227 74.2707085195961 98.7659747711383 8.92796032850164 0.142230885800388 -0.0992240219952238
10.4 3.20686363064254 74.3017862771796 98.7230333086448 8.95377248565318 0.142294687102537 -0.0930011812447803
10.5 3.2658094539127 74.333121915785 98.6800461124283 8.97916517742926 0.142339997683593 -0.0867167885120153
10.6 3.32474350246807 74.3647117263164 98.6370140468685 9.00413610619393 0.142364659114286 -0.0803697385709844
10.7 3.38366636796878 74.3965520908953 98.5939380839704 9.0286831362119 0.142366556754154 -0.0739580818155033
10.8 3.44257867916966 74.4286394840571 98.550819304178 9.05280429788221 0.14234362435831 -0.0674790177354895
10.9 3.50148110103121 74.4609704739483 98.507658897187 9.07649779197192 0.142293848663568 -0.0609288866649587
11 3.56037433360566 74.493541723523 98.4644581627581 9.0997619938498 0.142215273971817 -0.0543031592250287
11.1 3.61925911070568 74.5263499917218 98.4212185115059 9.1225954577023 0.14210605778717 -0.0476659465846813
11.2 3.67813619838237 74.5593921341854 98.3779414650647 9.14499692028914 0.141964632223086 -0.0410807606709875
11.3 3.73700639326883 74.5926651027868 98.3346286546711 9.16696530353028 0.141789559698872 -0.0345411430427717
11.4 3.79587052078671 74.6261659446981 98.2912818191232 9.18849971663252 0.141579482782669 -0.0280401521620249
11.5 3.85472943320925 74.6598918014397 98.247902802716 9.20959945819838 0.141333123966333 -0.0215703718002872
11.6 3.91358400758944 74.6938399079291 98.204493553176 9.23026401833498 0.141049285501863 -0.0151239137605294
11.7 3.97243514356185 74.7280075915298 98.1610561195975 9.25049308076295 0.140726849303715 -0.00869241503896922
11.8 4.03128376102826 74.7623922711006 98.1175926503767 9.27028652492526 0.140364776922246 -0.00226702941768172
11.9 4.09013079773545 74.7969914560445 98.0741053911475 9.28964442809618 0.139962109593981 0.00416158650380177
12 4.14897720675552 74.8318027453574 98.0305966827169 9.30856706749011 0.139517968374371 0.0106032928351683
12.1 4.20782395387599 74.8668238266626 97.9870689589806 9.32705492234698 0.139031643813084 0.0170052761804165
12.2 4.2666720148615 74.9020524748616 97.9435247443444 9.34510867540668 0.138502863843841 0.0233137679379805
12.3 4.32552237254382 74.9374865498106 97.899966649888 9.36272921283256 0.137931522365268 0.0295375861282233
12.4 4.38437601386777 74.9731239936146 97.8563973690343 9.37991762352393 0.137317585700604 0.0356855469604456
12.5 4.44323392695997 75.0089628279053 97.8128196731985 9.39667519840513 0.136661088621003 0.0417664843346509
12.6 4.50209709823164 75.0450011511205 97.7692364074386 9.41300342971455 0.135962130512588 0.0477892726069422
12.7 4.56096650952211 75.0812371357825 97.7256504861049 9.42890401029365 0.135220871683236 0.0537628524713807
12.8 4.61984313529135 75.1176690257766 97.6820648884897 9.44437883287601 0.134437529806557 0.0596962599361557
12.9 4.67872793986761 75.1542951336299 97.6384826544773 9.45942998937634 0.133612376502284 0.0655986584055041
13 4.73762187475718 75.19111383779 97.5949068801939 9.47405977017953 0.132745734053236 0.0714793739416997
13.1 4.79652587601812 75.2281235798982 97.5513407136499 9.48827066340602 0.131838081697949 0.0773112562632144
13.2 4.85544086161301 75.2653228619141 97.5077873501902 9.50206535356162 0.130890378691263 0.0830649724027369
13.3 4.91436772862742 75.3027102428665 97.4642500274579 9.51544671862503 0.129903727851131 0.0887464883895965
13.4 4.97330735055151 75.3402843354548 97.4207320201655 9.52841782651976 0.128879259999006 0.094361481616962
13.5 5.03226057473039 75.3780438026463 97.3772366348588 9.54098193156249 0.127818128410638 0.0999153646646927
13.6 5.09122821998788 75.4159873542721 97.333767204681 9.55314247091127 0.12672150342862 0.105413309255747
13.7 5.15021107442445 75.4541137436242 97.2903270841368 9.56490306101391 0.125590567236526 0.110860270453098
13.8 5.20920989338877 75.4924217640518 97.2469196438561 9.57626749405624 0.124426508793636 0.116261011307888
13.9 5.26822539762164 75.5309102455581 97.2035482653581 9.58723973441038 0.123230518931853 0.121620128158869
14 5.32725827157121 75.5695780513965 97.1602163358156 9.5978239150831 0.122003785614282 0.126942076787959
14.1 5.38630916187198 75.6084240746702 97.1169272428229 9.60802433414292 0.120747607857997 0.132222820418119
14.2 5.44537867586397 75.6474472350024 97.0736843692769 9.61784545059802 0.119463747090714 0.13745560690249
14.3 5.50446737998288 75.6866464753864 97.0304910885438 9.62729187887965 0.118154067101822 0.142640276871888
14.4 5.5635757982574 75.7260207591066 96.9873507597383 9.63636838277628 0.116820409883627 0.147776062834159
14.5 5.62270441104229 75.7655690666626 96.944266723007 9.6450798693466 0.115464589947581 0.152861583011991
14.6 5.68185365398394 75.8052903926928 96.9012422948125 9.65343138283252 0.114088388763475 0.157894834356772
14.7 5.7410239172108 75.8451837428984 96.8582807632163 9.66142809857216 0.112693549319572 0.162873185057496
14.8 5.80021554474025 75.8852481309673 96.8153853831632 9.66907531691292 0.111281770800295 0.167793366874528
14.9 5.85942883409301 75.9254825754976 96.772559371764 9.67637845712437 0.109854703380352 0.172651467644984
15 5.91866403610537 75.9658860969216 96.7298059035796 9.68334305131136 0.108413943131865 0.177442924292997
15.1 5.97792135492537 76.0064577144405 96.6871281059193 9.68997473831413 0.106961134758583 0.182188848121097
15.2 6.03720094806657 76.0471964432302 96.6445290545183 9.69627925727449 0.105498296071758 0.18690838633651
15.3 6.09650292634637 76.0881012923397 96.6020117701806 9.70226244035438 0.104027500705354 0.191592698575272
15.4 6.1558273539229 76.1291712628606 96.5595792158 9.70793020512029 0.102550766755185 0.196231781472945
15.5 6.21517424854468 76.1704053461075 96.5172342933978 9.71328854691497 0.101070051561038 0.200814414406319
15.6 6.27454358200616 76.2118025217987 96.4749798411587 9.71834353122913 0.0995872464849771 0.205328107145854
15.7 6.33393528079614 76.2533617562363 96.4328186304672 9.72310128607308 0.0981041716827765 0.209759050367886
15.8 6.39334922692696 76.2950820004868 96.3907533629452 9.72756799434839 0.0966225708666192 0.214092070122538
15.9 6.45278525893129 76.3369621885612 96.3487866674874 9.73174988621962 0.0951441060623869 0.218310587262201
16 6.51224317301406 76.3790012355959 96.3069210972988 9.73565323148593 0.0936703523674583 0.222396582923868
16.1 6.57172272434278 76.4211980360461 96.2651591269497 9.73928433195094 0.0922028733294035 0.226386564916719
16.2 6.63122362836989 76.4635514622353 96.2235031499286 9.74264951374469 0.0907434697924462 0.230316687355575
16.3 6.6907455620395 76.5060603638036 96.1819554774551 9.74575511952404 0.0892939543427493 0.234165889185398
16.4 6.75028816504217 76.5487235675124 96.1405183377891 9.74860750062523 0.0878560686401408 0.237911164800028
16.5 6.80985104120585 76.5915398770609 96.0991938755601 9.75121300921455 0.0864314781997554 0.241527501589804
16.6 6.86943376001525 76.6345080729048 96.0579841510955 9.75357799043908 0.0850217670762423 0.244987832633576
16.7 6.92903585824762 76.6776269120727 96.0168911397496 9.75570877457734 0.08362843246995 0.248263007145684
16.8 6.98865684171324 76.7208951279841 95.9759167312323 9.75761166919005 0.0822528792857766 0.251321781345848
16.9 7.04829618708887 76.7643114302669 95.9350627289376 9.75929295127076 0.0808964146840157 0.254130832072879
17 7.10795334383306 76.8078745045746 95.8943308492729 9.7607588593966 0.0795602426747621 0.256654795176779
17.1 7.16762773616947 76.8515830124144 95.8537227210021 9.76201558589017 0.0782454804896171 0.258931584543581
17.2 7.22731876506032 76.895435591236 95.8132398849839 9.76306926927277 0.0769532339221337 0.261002361182387
17.3 7.28702581005683 76.9394308551861 95.772883794909 9.76392598745721 0.075684554608297 0.262833682559403
17.4 7.34674823113031 76.9835673961246 95.7326558184317 9.76459175123189 0.0744404177919271 0.264390217224736
17.5 7.40648537054491 77.0278437846506 95.6925572383158 9.76507249775619 0.0732217180179633 0.265634832917785
17.6 7.46623655476673 77.0722585711287 95.6525892535816 9.76537408405577 0.0720292649872293 0.266528716205341
17.7 7.52600109640268 77.116810286715 95.6127529806517 9.76550228051788 0.070863779651653 0.267031524223315
17.8 7.58577829616154 77.1614974443832 95.5730494544982 9.76546276438672 0.0697258906367752 0.267101568264983
17.9 7.64556744483124 77.2063185399512 95.5334796297885 9.76526111325877 0.0686161310926232 0.26669602781478
18 7.70536782526517 77.2512720531068 95.4940443820322 9.76490279857808 0.0675349360783986 0.265771192482603
18.1 7.76517871437037 77.296356448437 95.4547445087333 9.76439317915442 0.0664825929127651 0.264377053974028
18.2 7.82499938503959 77.3415701765412 95.4155807307123 9.763737495273 0.0654591134413822 0.26257384507824
18.3 7.88482910793329 77.386911675354 95.3765536938526 9.76294086430631 0.0644644055750834 0.260332597697393
18.4 7.94466715318096 77.4323793715528 95.3376639710174 9.76200827691757 0.0634983252289954 0.257624329589625
18.5 8.00451279204892 77.4779716819671 95.298912063971 9.76094459328698 0.0625606769563048 0.254420212542098
18.6 8.06436529857587 77.5236870149894 95.2602984053019 9.75975453933798 0.061651215144325 0.250691742112542
18.7 8.12422395117507 77.5695237719844 95.2218233603441 9.75844270296346 0.0607696458289833 0.246410905821234
18.8 8.18408803420293 77.6154803486996 95.1834872291002 9.75701353025203 0.0599156291817314 0.241550346825602
18.9 8.24395683949305 77.6615551366749 95.1452902481629 9.75547132171426 0.0590887827196596 0.236083520327483
19 8.30382966785615 77.7077465246531 95.1072325926378 9.75382022850888 0.0582886852857374 0.229984840316074
19.1 8.36370583054347 77.754052899987 95.0693143780635 9.75206424869813 0.0575147870552292 0.223346047873739
19.2 8.42358465062572 77.8004726499734 95.031535662285 9.75020722425853 0.056766145540845 0.216273893130587
19.3 8.48346546419946 77.8470041630037 94.9938964472086 9.74825284000933 0.0560417410810731 0.208766520005424
19.4 8.54334762148271 77.8936458296405 94.9563966805088 9.74620462329651 0.0553405798742544 0.200822574973746
19.5 8.60323048784696 77.9403960436918 94.9190362573345 9.74406594370585 0.0546616985520776 0.192441144954352
19.6 8.66311344479189 77.9872532032856 94.8818150220143 9.74184001277589 0.0540041688525498 0.183621699012028
19.7 8.72299589086635 78.034215711944 94.8447327697624 9.739529883711 0.053367102384298 0.174364037046753
19.8 8.78287724253986 78.0812819796574 94.8077892483842 9.7371384510944 0.0527496554734785 0.164668248954722
19.9 8.84275693502853 78.1284504239587 94.770984159982 9.73466845060118 0.0521510340867745 0.154534687770514
20 8.90263442307917 78.175719470998 94.7343171626608 9.73212245871134 0.0515704988241072 0.143963960596872
20.1 8.96250918171391 78.2230875566111 94.697787872228 9.72950289245125 0.0510072670422114 0.133083467517147
20.2 9.02238070689107 78.2705531272486 94.6613958637364 9.72681200987382 0.0504602176392363 0.1220322961442
20.3 9.08224851600039 78.3181146405507 94.6251406726327 9.72405191241406 0.0499282176558284 0.110828049032067
20.4 9.14211214825493 78.365770565782 94.5890217957476 9.72122454798342 0.0494102276636522 0.0994873695779669
20.5 9.20197116502773 78.4135193842602 94.5530386922819 9.71833171409249 0.048905301460838 0.0880259848195675
20.6 9.26182515014052 78.4613595897862 94.5171907847915 9.71537506097375 0.048412585384967 0.0764587732425107
20.7 9.32167371010943 78.5092896890733 94.4814774601725 9.71235609470426 0.0479313172737018 0.0647998550815761
20.8 9.38151647435221 78.5573082021764 94.4458980706467 9.70927618032844 0.0474608251019744 0.0530627025755916
20.9 9.44135309536159 78.6054136629213 94.4104519347469 9.70613654498075 0.0470005253245353 0.0412602675638537
21 9.50118324884896 78.6536046193343 94.3751383383019 9.70293828100844 0.0465499209458626 0.0294051238588193
21.1 9.56100663386032 78.7018796340674 94.3399565354168 9.69968234911551 0.0461085221958624 0.0176157730488612
21.2 9.6208229728303 78.750237284709 94.3049057493112 9.69636958205794 0.0456756136282276 0.0060163859141868
21.3 9.68063201150862 78.798676163807 94.2699851727998 9.69300068973858 0.0452504827170355 -0.00537290369689743
21.4 9.74043351881166 78.8471948787781 94.2351939686314 9.68957626485335 0.0448324905165205 -0.0165328503264743
21.5 9.80022728663771 78.8957920518117 94.2005312698229 9.68609678855866 0.0444210646126112 -0.0274449634993917
21.6 9.86001312965029 78.9444663197755 94.1659961799927 9.68256263613882 0.0440156919979862 -0.0380913878608036
21.7 9.91979088503222 78.9932163341195 94.1315877736944 9.67897408267346 0.0436159119156255 -0.0484547988648438
21.8 9.97956041221305 79.042040760781 94.0973050967509 9.6753313087049 0.0432213087076531 -0.0585183155082291
21.9 10.0393215925713 79.0909382800889 94.0631471665877 9.67163440590562 0.0428315047075458 -0.0682654309007619
22 10.0990743291139 79.139907586669 94.0291129725668 9.66788338274567 0.0424461532099151 -0.077679961032555
22.1 10.1588185461325 79.1889473893464 93.9952014763187 9.66407817017038 0.0420648974645691 -0.086687985681856
22.2 10.2185541888181 79.2380564110082 93.9614116120215 9.66021862754727 0.0416872596706381 -0.0952141796518293
22.3000000000001 10.2782812227969 79.2872333883623 93.9277422865506 9.65630454929606 0.0413127325236537 -0.103240998905686
22.4000000000001 10.3379996336181 79.3364770716547 93.8941923795741 9.65233567178772 0.0409408051375419 -0.110751599554844
22.5000000000001 10.3977094262122 79.3857862243863 93.8607607436486 9.64831168025392 0.0405709557195147 -0.117729839012278
22.6000000000001 10.4574106243221 79.435159623029 93.827446204313 9.64423221569653 0.0402026447062019 -0.124160278016804
22.7000000000001 10.5171032699053 79.4845960567419 93.7942475601838 9.640096881797 0.0398353083963477 -0.130028178370169
22.8000000000001 10.5767874225094 79.5340943270878 93.7611635830496 9.63590525182585 0.0394683531101954 -0.135319490815271
22.9000000000001 10.6364631586174 79.5836532477491 93.7281930179656 9.6316568755521 0.0391011499084091 -0.140020827162104
23.0000000000001 10.6961305709658 79.6332716442446 93.6953345833485 9.62735128615271 0.0387330298918247 -0.144119410513549
23.1000000000001 10.7557897678314 79.6829483536464 93.6625869710728 9.6229880071215 0.0383632914532718 -0.147600410455548
23.2000000000001 10.8154408722896 79.7326822243246 93.6299488466109 9.61856655916338 0.0379912307168806 -0.150448554545663
23.3000000000001 10.8750840214406 79.7824721157603 93.5974188492831 9.61408646705166 0.0376161044031017 -0.152650911226734
23.4000000000001 10.9347193656083 79.8323168983863 93.564995592552 9.6095472664706 0.0372371161847089 -0.154194515023102
23.5000000000001 10.9943470675075 79.8822154534283 93.5326776643182 9.6049485108576 0.0368534150746015 -0.155066120526285
23.6000000000001 11.0539673013829 79.9321666727462 93.5004636272154 9.60028977824519 0.0364640944766291 -0.155251891284585
23.7000000000001 11.1135802521155 79.9821694586759 93.468352018907 9.59557067810315 0.0360681919012222 -0.154737013936797
23.8000000000001 11.1731861142984 80.0322227238704 93.4363413523808 9.59079085818059 0.0356646893480195 -0.153505226479716
23.9000000000001 11.2327850912813 80.0823253911414 93.4044301162455 9.58595001134802 0.0352525143552282 -0.151538247615649
24.0000000000001 11.2923773941817 80.1324763933005 93.3726167750256 9.58104788243943 0.0348305417185411 -0.148815091322273
24.1000000000001 11.3519632408654 80.182674673003 93.3408997694616 9.57608427508466 0.0343976436763495 -0.145362534130367
24.2000000000001 11.4115428549113 80.2329191826441 93.3092775169022 9.57105905828881 0.0339528387628236 -0.141203347013832
24.3000000000001 11.4711164645897 80.2832088843912 93.2777484119362 9.56597217236967 0.0334951560383124 -0.136304200624798
24.4000000000001 11.5306843018349 80.3335427502684 93.2463108271181 9.56082363464222 0.0330235915743144 -0.130625759263619
24.5000000000001 11.5902466011984 80.3839197622438 93.2149631136962 9.55561354509335 0.0325371127140806 -0.124121368925175
24.6000000000001 11.6498035987827 80.4343389123165 93.1837036023422 9.5503420920567 0.0320346630104758 -0.11673547755746
24.7000000000001 11.7093555311582 80.4847992026035 93.1525306038798 9.54500955788738 0.0315151679256041 -0.108401724022001
24.8000000000001 11.7689026342623 80.5352996454267 93.1214424100136 9.53961632463673 0.0309775414082997 -0.0990406138273848
24.9000000000001 11.8284451422855 80.5858392634001 93.0904372940581 9.53416287972712 0.0304206935035236 -0.0885566759063192
25.0000000000001 11.8879832865435 80.6364170895164 93.0595135116665 9.52864982162669 0.0298435392021564 -0.0768349626403824
25.1000000000001 11.9475172943413 80.687032167236 93.0286693015627 9.52307786550782 0.0292450762263327 -0.063849218831067
25.2000000000001 12.0070473878534 80.7376835506054 92.9979028863569 9.51744784848204 0.0286246012976762 -0.0495554481441851
25.3000000000001 12.0665737830642 80.7883703044566 92.9672124735713 9.51176073375947 0.0279815239694471 -0.0337715462794931
25.4000000000001 12.1260966887415 80.839091504636 92.9365962567496 9.50601761438486 0.0273153134931895 -0.0162785433470702
25.5000000000001 12.1856163054267 80.8898462382362 92.9060524165693 9.50021971695709 0.0266255155319986 0.00318793475980149
25.6000000000001 12.2451328244425 80.9406336038258 92.8755791219544 9.4943684053489 0.0259117727916427 0.0249484721095903
25.7000000000001 12.3046464269229 80.9914527116812 92.8451745311874 9.48846518442644 0.0251738507548877 0.0493935962075035
25.8000000000001 12.3641572828693 81.0423026840171 92.8148367930223 9.48251170376895 0.0244116701140725 0.0770012929536842
25.9000000000001 12.4236655502377 81.0931826552174 92.7845640477966 9.47650976138835 0.0236253480671454 0.108359393427419
26.0000000000001 12.4831713740598 81.144091772066 92.7543544285439 9.47046130744889 0.0228152514250424 0.144194195590384
26.1000000000001 12.5426748856065 81.1950291939774 92.7242060621083 9.46436844796706 0.0219821323805448 0.18519864783384
26.2000000000001 12.6021762016139 81.2459940932138 92.6941170703034 9.45823344799903 0.0211274103733681 0.232229101325781
26.3000000000001 12.6616754236115 81.2969856550684 92.6640855711875 9.45205873352733 0.0202530678317601 0.286575412878203
26.4000000000001 12.7211726373326 81.3480030780361 92.6341096803833 9.44584689283501 0.0193617206302277 0.349833958555511
26.5000000000001 12.7806679121945 81.3990455739833 92.6041875123993 9.43960067786013 0.0184568031062814 0.423973629349525
26.6000000000001 12.8401613008545 81.4501123683177 92.5743171819519 9.43332300555021 0.0175428153969717 0.511400676117127
26.7000000000001 12.8996528388439 81.5012027001579 92.5444968052869 9.42701695921675 0.0166256538886042 0.615001598542114
26.8000000000001 12.959142544287 81.5523158225038 92.5147245015012 9.42068578988965 0.0157130498967175 0.738118328023848
26.9000000000001 13.018630417709 81.6034510024059 92.4849983938644 9.41433291767175 0.0148151426727106 0.88436361665443
27.0000000000001 13.0781164419391 81.6546075211355 92.4553166111405 9.40796193309326 0.0139452033173382 1.05710680902587
27.1000000000001 13.1376005821128 81.7057846743525 92.4256772889111 9.40157659844333 0.0131205215072703 1.25785403399631
27.2000000000001 13.1970827857835 81.7569817722211 92.3960785709305 9.39518084850559 0.0123632956535441 1.4844620714532
27.3000000000001 13.2565629831534 81.808198139394 92.3665186105642 9.3887787897807 0.0117009673758825 1.7285604814412
27.4000000000001 13.3160410874245 81.8594331149447 92.3369955722598 9.38237469911294 0.0111658652259557 1.97159112802861
27.5000000000001 13.3755169952697 81.9106860522972 92.3075076330191 9.37597302229379 0.010793291307868 2.1832908485788
27.6000000000001 13.4349905874277 81.9619563191562 92.27805298387 9.3695783726656 0.01061739209505 2.32636515612413
27.7000000000001 13.4944617294221 82.0132432974376 92.2486298313387 9.3631955297252 0.0106652143454307 2.36948257882753
27.8000000000001 13.5539302724098 82.064546383198 92.219236398922 9.35682943772753 0.0109510212956558 2.30269431919862
27.9000000000001 13.6133960541594 82.115864986565 92.1898709285594 9.35048520428927 0.0114737586831202 2.14305347172424
28.0000000000001 13.6728589001614 82.1671985316676 92.1605316821046 9.34416809899247 0.0122190352185317 1.92519034412462
28.1000000000001 13.7323186248739 82.2185464565625 92.1312169427999 9.33788355196312 0.0131640829427162 1.68515385445135
28.2000000000001 13.7917750330793 82.2699082130708 92.1019250167785 9.33163715179799 0.0142827773905578 1.45015044855165
28.3000000000001 13.8512279213157 82.3212832663865 92.0726542346459 9.32543464183718 0.0155498425777581 1.23594426077846
28.4000000000001 13.9106770794133 82.3726710945948 92.04340295309 9.31928191578494 0.0169430172023197 1.04885308701311
28.5000000000001 13.9701222921533 82.4240711881869 92.0141695564931 9.31318501330547 0.0184436684362868 0.889418409895581
28.6000000000001 14.0295633410511 82.475483049575 91.9849524585437 9.30715011561864 0.0200366106029847 0.75532143842151
28.7000000000001 14.0890000062553 82.5269061926073 91.9557501038486 9.30118354109577 0.021709603836772 0.643186105840744
28.8000000000001 14.148432068563 82.5783401420827 91.9265609695442 9.29529174085541 0.0234527922408162 0.549524857955785
28.9000000000001 14.2078593115444 82.6297844332659 91.8973835669087 9.28948129435909 0.0252581948825084 0.471160444986716
29.0000000000001 14.2672815237734 82.6812386114021 91.8682164429741 9.28375890500709 0.0271192848448851 0.405367921383853
29.1000000000001 14.3266985011568 82.7327022312265 91.8390581821363 9.27813139571186 0.0290305272886174 0.349898733362474
29.2000000000001 14.3861100492986 82.7841748563224 91.8099074077346 9.27260570389028 0.0309867361826313 0.302933255222349
29.3000000000002 14.4455159857913 82.8356560580983 91.78076278355 9.2671888749807 0.0329832681668574 0.262981982860159
29.4000000000002 14.5049161425085 82.8871454146132 91.7516230152728 9.26188805537887 0.0350160024837355 0.228833120262311
29.5000000000002 14.564310367941 82.9386425093975 91.7224868519681 9.25671048535146 0.0370812260726544 0.199502232148069
29.6000000000002 14.6236985295706 82.9901469302728 91.6933530875418 9.25166349194963 0.0391755450564527 0.174188822989901
29.7000000000002 14.6830805162673 83.0416582681723 91.6642205622068 9.24675448192257 0.0412958162786278 0.152240350427403
29.8000000000002 14.7424562406995 83.0931761159609 91.6350881639484 9.24199093463105 0.0434390940657264 0.133123043155737
29.9000000000002 14.8018256417454 83.1447000672555 91.6059548299907 9.23738039496097 0.0456025885796821 0.116398516390864
30.0000000000002 14.8611886868913 83.1962297152451 91.576819548262 9.23293046623692 0.0477836330320826 0.101705144987967
30.1000000000002 14.9205453746022 83.2477646515034 91.5476813588561 9.22864880312464 0.0499795942014004 0.0887913161648064
30.2000000000002 14.9798957365633 83.2993044645964 91.5185393553565 9.22454310424498 0.0521876634635728 0.0774465323819027
30.3000000000002 15.0392398396321 83.3508487381708 91.489392685817 9.22062110405569 0.0544050340657133 0.0674499188148162
30.4000000000002 15.0985777876161 83.4023970488382 91.4602405536052 9.21689056444465 0.0566289507144162 0.0586156724963256
30.5000000000002 15.1579097229441 83.4539489640512 91.4310822182423 9.21335926631213 0.0588566979258785 0.0507868918885289
30.6000000000002 15.2172358282197 83.5055040399793 91.4019169962412 9.21003500115289 0.0610855907339159 0.0438305778474027
30.7000000000002 15.2765563276393 83.5570618193852 91.3727442619462 9.20692556263844 0.0633129673178027 0.0376335722013781
30.8000000000002 15.335871488259 83.6086218295006 91.3435634483712 9.2040387381992 0.0655361832114571 0.0320992475596441
30.9000000000002 15.3951816210943 83.6601835799027 91.3143740480394 9.20138230060668 0.0677526068315161 0.0271448002267804
31.0000000000002 15.4544870820357 83.71174656039 91.2851756138218 9.19896399955568 0.069959616120006 0.0226990283890509
31.1000000000002 15.5137882725612 83.7633102388507 91.2559677597683 9.19679155325328 0.0721546365352837 0.0187416275184525
31.2000000000002 15.5730856401484 83.8148740589256 91.2267501617374 9.19487264018479 0.0743352617934949 0.0152541213297619
31.3000000000002 15.6323796782471 83.8664374371508 91.1975225575116 9.19321489132888 0.0764991335744296 0.0121819037158754
31.4000000000002 15.6916709259361 83.9179997598952 91.1682847467125 9.19182588254965 0.0786439007485007 0.0094777219427084
31.5000000000002 15.7509599673367 83.9695603802903 91.1390365907065 9.19071312699558 0.0807672193794206 0.00710057715738919
31.6000000000002 15.8102474307707 84.0211186151594 91.1097780125118 9.18988406749834 0.0828667533468263 0.00501480813162795
31.7000000000002 15.8695339876524 84.0726737419475 91.0805089967043 9.18934606897176 0.0849401755235668 0.00318932496158016
31.8000000000002 15.9288203511007 84.1242249956508 91.0512295893245 9.18910641081066 0.0869851694537213 0.00159696596119444
31.9000000000002 15.9881072742611 84.1757715657462 91.0219398977837 9.1891722792898 0.0889994314862071 0.000213956167594476
32.0000000000002 16.0473955483254 84.2273125931214 90.9926400907705 9.18955075996273 0.0909806733248385 -0.00098055004108334
32.1000000000002 16.1066860002393 84.2788471669988 90.9633303981494 9.19024883008467 0.092926763166555 -0.00197955459469611
32.2000000000002 16.1659794900821 84.3303743217286 90.9340111106625 9.19127335165861 0.0948361434906857 -0.00277648314460057
32.3000000000002 16.2252769081283 84.3818930332477 90.9046825791283 9.19263106606348 0.0967074195338688 -0.00338898585536762
32.4000000000002 16.2845791716358 84.4334022154062 90.8753452134437 9.19432858930552 0.0985392242697 -0.0038324823717251
32.5000000000002 16.3438872213755 84.4849007162895 90.8459994815781 9.19637240729369 0.10033022182796 -0.00412045105170943
32.6000000000002 16.4032020179003 84.5363873145403 90.8166459085673 9.19876887111503 0.102079111126575 -0.00426467352237509
32.7000000000002 16.4625245375511 84.5878607156799 90.7872850755078 9.20152419231001 0.103784629691284 -0.0042754419901775
32.8000000000002 16.5218557681998 84.6393195484309 90.757917618551 9.20464443814793 0.105445557639672 -0.00416173546215972
32.9000000000002 16.5811967047292 84.6907623610385 90.7285442278969 9.20813552690226 0.107060721808601 -0.0039313698090036
33.0000000000002 16.6405483442486 84.7421876175923 90.6991656467885 9.21200322312604 0.108629000005553 -0.00359112579194307
33.1000000000002 16.6999116810534 84.7935936943487 90.669782670501 9.21625313295995 0.110149510776015 -0.0031388578316
33.2000000000002 16.7592877014567 84.8449788760559 90.6403961452028 9.22089070029061 0.111622171747895 -0.00257210051484717
33.3000000000002 16.8186773787433 84.896341352287 90.6110069664917 9.22592120506738 0.113047143193311 -0.0018958586594202
33.4000000000002 16.8780816681145 84.9476792137765 90.581616077803 9.23134976246932 0.114424645211934 -0.00111442782837888
33.5000000000002 16.9375015015211 84.9989904487572 90.5522244688127 9.23718132210487 0.115754960818924 -0.000231475275912869
33.6000000000002 16.9969377823888 85.0502729392962 90.5228331738406 9.24342066721159 0.117038439008986 0.000749890448729434
33.7000000000002 17.0563913802444 85.1015244576318 90.4934432702536 9.25007241385586 0.118275497793378 0.00182705940995841
33.8000000000002 17.1158631252516 85.15274266251 90.4640558768691 9.25714101013254 0.119466627208249 0.00299786812340681
33.9000000000002 17.1753538026655 85.2039250955212 90.4346721523575 9.26463073536472 0.120612392294912 0.00426055402241064
34.0000000000002 17.2348641472138 85.2550691774362 90.4052932936462 9.27254569930342 0.121713436053869 0.00561371544603712
34.1000000000002 17.2943948374276 85.3061722045523 90.3759205343223 9.28088984135627 0.122770640129741 0.00704360244538039
34.2000000000002 17.3539464902237 85.3572313452668 90.3465551430402 9.28966693057141 0.123785594898644 0.00853720683787779
34.3000000000002 17.4135196562588 85.4082436372312 90.3171984219386 9.29888056753799 0.124760117456925 0.0100945180110968
34.4000000000002 17.4731148156595 85.4592059847338 90.2878517050612 9.30853418704179 0.125696093086416 0.0117155494884918
34.5000000000002 17.532732373861 85.5101151560918 90.2585163567782 9.31863106074994 0.126595475812982 0.0134003205187733
34.6000000000002 17.592372657556 85.5609677810421 90.2291937702074 9.3291742998955 0.127460288899455 0.01514883801122
34.7000000000002 17.652035910762 85.611760348133 90.1998853656348 9.34016685796218 0.128292625279584 0.0169610785876662
34.8000000000002 17.7117222910203 85.6624892021163 90.1705925889363 9.351611533369 0.129094647939137 0.0188369705860546
34.9000000000002 17.7714318657334 85.713150541338 90.1413169099986 9.36351097215494 0.129868590249553 0.0207763758947076
35.0000000000002 17.8311646086542 85.7637404151304 90.1120598211401 9.37586767066361 0.130616756258657 0.0227790715372735
35.1000000000002 17.8909203965501 85.8142547212231 90.0828228355378 9.3886839782412 0.131341576404803 0.0248128814768264
35.2000000000002 17.9506990064779 85.8646892036661 90.0536074857925 9.40196210027978 0.132045763187154 0.0268464155482045
35.3000000000002 18.010500114369 85.9150394520525 90.024415322848 9.41570410213728 0.13273212467879 0.028880313134617
35.4000000000002 18.0703232942779 85.9653009012534 89.9952479150495 9.42991191340284 0.133403504049629 0.0309148989312256
35.5000000000002 18.1301680178837 86.0154688311715 89.9661068472064 9.44458733217541 0.13406277710426 0.0329501910144323
35.6000000000002 18.1900336542342 86.0655383664961 89.9369937196563 9.45973202934241 0.134712849759123 0.0349859078940198
35.7000000000002 18.2499194697388 86.1155044764571 89.9079101473287 9.47534755285828 0.135356655452742 0.0370214749145528
35.8000000000002 18.3098246284166 86.1653619745792 89.8788577588079 9.4914353320232 0.135997152481624 0.0390560304082795
35.9000000000002 18.3697481924059 86.2151055184362 89.8498381953968 9.50799668176161 0.136637321254363 0.0410884319049938
36.0000000000002 18.4296891227397 86.2647296094055 89.8208531101805 9.5250328069009 0.137280161456075 0.0431172627572043
36.1000000000002 18.4896462804116 86.31422859245 89.7919041670969 9.54254480644353 0.137928615905111 0.0451014144351911
36.2000000000002 18.5496184281761 86.3635966566303 89.7629930401978 9.56053367767022 0.138585333613069 0.0470010591306496
36.3000000000002 18.6096042337714 86.4128278374656 89.7341214133924 9.57900031981449 0.139252860664908 0.0488163432995214
36.4000000000002 18.6696022738263 86.4619160200258 89.7052909803809 9.59794553756827 0.139933705371217 0.0505472306741216
36.5000000000002 18.7296110380043 86.5108549420502 89.6765034445959 9.61737004458102 0.140630333766406 0.052193534298669
36.6000000000003 18.7896289333671 86.5596381970665 89.6477605191428 9.63727446695882 0.141345165168828 0.0537549477116069
36.7000000000003 18.8496542889592 86.6082592375105 89.6190639267414 9.65765934676351 0.142080567800883 0.0552310752916563
36.8000000000003 18.909685360613 86.6567113778445 89.5904153996667 9.67852514551182 0.142838854469515 0.0566214616805381
36.9000000000003 18.9697203359767 86.7049877976771 89.5618166796898 9.69987224767444 0.143622278306592 0.0579256201865354
37.0000000000003 19.0297573397639 86.7530815448821 89.5332695180191 9.7217009641752 0.144433028571534 0.059143060020376
37.1000000000003 19.0897944392398 86.8009855387463 89.5047756752461 9.74401153587042 0.145273067920106 0.0602422283018614
37.2000000000003 19.1498296502739 86.8486925738737 89.4763369214222 9.76680413651648 0.146143639962806 0.0611936477165477
37.3000000000003 19.2098609444383 86.8961953260055 89.4479550364661 9.79007887443772 0.147045719413113 0.062000056545193
37.4000000000003 19.2698862565424 86.9434863585964 89.4196318107022 9.81383579368248 0.147980164545846 0.0626643341921854
37.5000000000003 19.3299034922468 86.9905581294191 89.3913690454029 9.83807487515941 0.148947714553375 0.0631895028940438
37.6000000000003 19.3899105357382 87.0374029971695 89.3631685533325 9.86279603777382 0.149948987200139 0.0635787260817608
37.7000000000003 19.4499052574587 87.0840132280719 89.3350321592902 9.88799913956399 0.150984476757931 0.0638353035724307
37.8000000000003 19.5098855218835 87.130381002483 89.3069617006525 9.91368397883751 0.152054552203155 0.0639626638310362
37.9000000000003 19.5698491953411 87.176498421498 89.2789590279173 9.93985029530759 0.15315945565669 0.0639643535793441
38.0000000000003 19.6297941538682 87.2223575135545 89.251026005246 9.96649777122939 0.154299301046603 0.0638440250651085
38.1000000000003 19.6897182910997 87.2679502410597 89.2231645110081 9.99362603251575 0.155473915805671 0.0635915010497912
38.2000000000003 19.7496195263429 87.3132685075712 89.1953764383434 10.0212346493162 0.156682361946298 0.0631981793008989
38.3000000000003 19.809495813028 87.3583041663904 89.1676636957729 10.0493231352336 0.15792339626617 0.0626701313205576
38.4000000000003 19.86934514719 87.4030490297094 89.1400282078284 10.0778909460049 0.159195627029894 0.0620133798221413
38.5000000000003 19.9291655757895 87.4474948777807 89.1124719156826 10.1069374781598 0.160497515418392 0.0612338619648943
38.6000000000003 19.988955204851 87.491633468086 89.0849967777797 10.1364620676809 0.161827377186561 0.0603373945259237
38.7000000000003 20.0487122074048 87.5354565445057 89.0576047704654 10.1664639886632 0.163183384511043 0.0593296413343288
38.8000000000003 20.1084348312164 87.5789558464878 89.0302978886174 10.1969424519733 0.16456356801541 0.0582160832273668
38.9000000000003 20.1681214062881 87.6221231182173 89.0030781462757 10.2278966039093 0.165965818965878 0.0570019907265284
39.0000000000003 20.2277703521173 87.6649501177852 88.9759475772728 10.2593255248599 0.16738789163553 0.0556923995013061
39.1000000000003 20.2873801846929 87.7074286263621 88.9489082358601 10.2912282279546 0.168827344016563 0.0542970931595757
39.2000000000003 20.3469495231988 87.7495504574851 88.9219621972366 10.3236036574557 0.170281355694717 0.0528257147127561
39.3000000000003 20.4064770963601 87.7913074666321 88.8951115578282 10.3564506864982 0.171746917632625 0.0512826494614817
39.4000000000003 20.4659617484031 87.83269156091 88.8683584354683 10.3897681145723 0.17322089790436 0.049671939875545
39.5000000000003 20.5254024446149 87.8736947087465 88.8417049695759 10.4235546649965 0.174700045727006 0.0479972761176232
39.6000000000003 20.5847982764819 87.9143089495822 88.8151533213322 10.4578089823894 0.176180995767694 0.0462619891006591
39.7000000000003 20.6441484663893 87.9545264035633 88.7887056738587 10.4925296301432 0.177660272759084 0.0444690457449939
39.8000000000003 20.7034523718601 87.9943392812332 88.7623642323939 10.5277150878961 0.17913429645833 0.0426210460547756
39.9000000000003 20.7627094893132 88.0337398932252 88.7361312244712 10.5633637490048 0.180599386983708 0.0407202216996227
40.0000000000003 20.8219194573223 88.072720659954 88.7100089000959 10.5994739180172 0.182051770565899 0.0387684357111284
40.1000000000003 20.881082059351 88.1112741212955 88.6839995319163 10.6360438081495 0.183487646822971 0.0367838760648682
40.2000000000003 20.9401972258666 88.1493929459219 88.6581054152265 10.6730715388675 0.18490338234892 0.0347837204358467
40.3000000000003 20.9992650357121 88.187069939767 88.6323288675431 10.7105551337359 0.186295340545793 0.0327678556797166
40.4000000000003 21.0582857168779 88.2242980541477 88.6066722280137 10.7484925183717 0.187659827955298 0.0307359263379806
40.5000000000003 21.1172596467491 88.2610703938725 88.5811378568195 10.786881518402 0.188993101173723 0.0286873385030123
40.6000000000003 21.1761873518146 88.2973802253504 88.5557281345767 10.8257198574226 0.190291374268212 0.0266212627164716
40.7000000000003 21.235069506825 88.3332209846987 88.5304454617395 10.8650051549551 0.191550826698666 0.0245366357599994
40.8000000000003 21.2939069333875 88.3685862858521 88.5052922580018 10.9047349244051 0.192767611745917 0.0224321611863453
40.9000000000003 21.3527005979846 88.4034699286711 88.4802709616995 10.9449065710204 0.193937865437732 0.0203063084226093
41.0000000000003 21.4114516094069 88.4378659070502 88.4553840292124 10.9855173898483 0.195057715957145 0.0181573103089965
41.1000000000003 21.4701612155872 88.4717684169962 88.4306339343597 11.0265645637095 0.196123473908559 0.0160079245612166
41.2000000000003 21.5288307997426 88.5051718639066 88.4060231676002 11.0680451615714 0.197132187911163 0.0138800691332361
41.3000000000003 21.587461875751 88.538070867821 88.3815542347417 11.1099561379393 0.198081119654783 0.0117705387929386
41.4000000000003 21.6460560830094 88.570460267873 88.3572296554569 11.1522943326472 0.198967572069543 0.00967612220705026
41.5000000000003 21.7046151808923 88.602335126712 88.333051961791 11.195056470665 0.199788896856398 0.00759359148076969
41.6000000000003 21.7631410428148 88.633690734924 88.30902369667 11.2382391619046 0.20054250213348 0.00551969087084874
41.7000000000003 21.8216356499052 88.664522615454 88.2851474124087 11.2818389010269 0.201225860144809 0.00345112465357932
41.8000000000003 21.8801010842916 88.6948265280262 88.2614256692186 11.3258520672483 0.201836514976845 0.00138454404674918
41.9000000000003 21.9385395220079 88.7245984735667 88.2378610337163 11.3702749241475 0.202372090223795 -0.000683466882037857
42.0000000000003 21.996953225527 88.753834698624 88.2144560774311 11.4151036194721 0.202830296543814 -0.0027564064467609
42.1000000000003 22.0553445359295 88.7825316997564 88.1912133753084 11.4603341849623 0.203209148247442 -0.00481484976365624
42.2000000000003 22.1137158646862 88.8106862270203 88.1681355040785 11.5059625366186 0.203507599198155 -0.00683941951340203
42.3000000000003 22.172069685099 88.8382952851785 88.1452250402868 11.5519844760957 0.203724922092912 -0.00883366821909291
42.4000000000003 22.2304085235975 88.8653561340098 88.1224845581903 11.5983956925407 0.203860501897822 -0.0108010455634294
42.5000000000003 22.288734950974 88.891866288585 88.0999166276486 11.6451917644481 0.203913837559858 -0.0127449170580997
42.6000000000003 22.3470515735709 88.9178235195411 88.077523812015 11.6923681615149 0.203884543267612 -0.0146685821508748
42.7000000000003 22.4053610244391 88.9432258533576 88.055308666028 11.7399202464955 0.203772349241265 -0.0165752919316925
42.8000000000003 22.4636659544797 88.9680715726312 88.0332737337023 11.7878432770572 0.203577102036249 -0.0184682665249123
42.9000000000003 22.5219690235854 88.9923592163514 88.0114215462202 11.8361324076345 0.203298764352263 -0.0203507123285629
43.0000000000003 22.5802728917982 89.0160875801756 87.9897546198225 11.884782691285 0.202937414340567 -0.0222258391952287
43.1000000000003 22.6385802104956 89.0392557166699 87.9682754537003 11.9337890815598 0.202493458839415 -0.0240802721691053
43.2000000000003 22.696893613622 89.0618629346492 87.9469865278996 11.9831464347878 0.201968273837659 -0.0259000314430668
43.3000000000003 22.7552157090566 89.0839087962322 87.9258903012579 12.032849513409 0.201363555163903 -0.0276873115762124
43.4000000000003 22.8135490702743 89.1053931129954 87.9049892093535 12.0828929897209 0.200681097222523 -0.0294441568840135
43.5000000000003 22.8718962283502 89.1263159420932 87.8842856624553 12.1332714496408 0.199922785893534 -0.0311724740773025
43.6000000000004 22.9302596643171 89.1466775823772 87.863782043473 12.1839793964681 0.199090591148926 -0.0328740436546018
43.7000000000004 22.9886418018886 89.1664785705162 87.8434807059069 12.2350112546468 0.198186559436895 -0.0345505301309772
43.8000000000004 23.0470450005517 89.1857196771157 87.8233839717977 12.2863613735274 0.197212805886541 -0.0362034912258043
43.9000000000004 23.1054715490386 89.2044019028378 87.8034941296762 12.3380240311297 0.196171506385686 -0.037834386065002
44.0000000000004 23.1639236591806 89.2225264745208 87.7838134325138 12.3899934379049 0.195064889583528 -0.0394445825179561
44.1000000000004 23.2224034601494 89.2400948412779 87.7643440956771 12.4422637405057 0.193895361155733 -0.0410308391853889
44.2000000000004 23.2809129930642 89.2571086700537 87.7450882950252 12.494829025757 0.192665892108602 -0.0425892516889307
44.3000000000004 23.3394542059818 89.273569839803 87.7260481653646 12.5476833251361 0.191379612035228 -0.0441199925139042
44.4000000000004 23.3980289493856 89.2894804351271 87.7072257990461 12.600820619454 0.190039666871677 -0.045623052729041
44.5000000000004 23.4566389722134 89.3048427398891 87.6886232445668 12.6542348435438 0.188649209235185 -0.0470982417887603
44.6000000000004 23.5152859184206 89.3196592308296 87.6702425051722 12.7079198909495 0.187211389072656 -0.0485451863539951
44.7000000000004 23.5739713240724 89.3339325711819 87.6520855374586 12.7618696186147 0.185729344659077 -0.0499633282004364
44.8000000000004 23.6326966149565 89.3476656042875 87.6341542499749 12.8160778515716 0.18420619397826 -0.0513519213103733
44.9000000000004 23.6914631047067 89.3608613472118 87.6164505018248 12.8705383876292 0.182645026512927 -0.052710028191527
45.0000000000004 23.7502719934291 89.3735229843589 87.5989761012688 12.9252450020622 0.181048895466251 -0.0540365155058575
45.1000000000004 23.809124366813 89.3856538610835 87.5817328043341 12.9801914522991 0.179420846121255 -0.0553367908432511
45.2000000000004 23.8680211956192 89.3972574771842 87.5647223136129 13.035371482584 0.177764018861093 -0.0566161217903237
45.3000000000004 23.9269633353884 89.4083374801028 87.5479462775439 13.0907788285745 0.176081540404739 -0.0578728570307958
45.4000000000004 23.9859515265352 89.4188976580061 87.5314062898819 13.1464072219142 0.174376482424421 -0.0591051275772801
45.5000000000004 24.0449863949146 89.428941932863 87.515103889176 13.202250394804 0.172651855600479 -0.0603108380292478
45.6000000000004 24.1040684528523 89.4384743535223 87.499040558247 13.2583020845733 0.170910604143526 -0.0614876576252802
45.7000000000004 24.1631981006211 89.4474990887899 87.4832177236651 13.3145560382513 0.169155600775563 -0.0626330111886869
45.8000000000004 24.2223756283497 89.4560204205064 87.4676367552273 13.3710060171387 0.167389642155946 -0.0637440700878641
45.9000000000004 24.2816012183455 89.4640427366247 87.4522989654355 13.4276458013786 0.165615444737023 -0.0648177433545901
46.0000000000004 24.3408749478167 89.471570524287 87.4372056089739 13.4844691945284 0.163835641031058 -0.0658506690885376
46.1000000000004 24.4001967919668 89.478608362917 87.4223578821955 13.5414700281215 0.162052714317874 -0.0668627754193961
46.2000000000004 24.4595666272084 89.4851609176823 87.407756922845 13.5986421659922 0.160268818633564 -0.0678752055397151
46.3000000000004 24.518984234084 89.4912329338994 87.3934038103789 13.6559795079991 0.158485977672863 -0.0688860913570306
46.4000000000004 24.5784493002244 89.4968292318094 87.3792995665227 13.7134759935093 0.156706147136837 -0.0698933967541349
46.5000000000004 24.6379614235637 89.5019547013683 87.3654451558359 13.7711256048756 0.154931213187352 -0.070894908713879
46.6000000000004 24.6975201158051 89.5066142970366 87.3518414862776 13.8289223709119 0.153162991112231 -0.0718882286288492
46.7000000000004 24.7571248061262 89.5108130325701 87.3384894097721 13.8868603703698 0.151403224182105 -0.0728707638765292
46.8000000000004 24.8167748451136 89.5145559758093 87.3253897227745 13.944933735415 0.149653582681559 -0.0738397197579872
46.9000000000004 24.876469508912 89.5178482434699 87.312543166836 14.0031366551028 0.14791566309621 -0.0747920919157304
47.0000000000004 24.9362080035799 89.5206949959327 87.2999504291695 14.0614633788549 0.146190987440893 -0.0757246593590788
47.1000000000004 24.9959894696234 89.5231014320584 87.2876121432277 14.1199082199233 0.144480907183157 -0.0766752182452064
47.2000000000004 25.0558129863591 89.525072784635 87.2755288895984 14.1784655585357 0.142786329585109 -0.077684304465464
47.3000000000004 25.1156775755196 89.5266143174347 87.2637011977085 14.2371298442344 0.141108027678671 -0.0787526220426437
47.4000000000004 25.1755822045997 89.5277313229034 87.252129547846 14.2958955978965 0.139446739559018 -0.0798808453730618
47.5000000000004 25.2355257902667 89.5284291198748 87.2408143731936 14.3547574137416 0.137803168871029 -0.0810696121890653
47.6000000000004 25.2955072018447 89.5287130512852 87.2297560618631 14.4137099613402 0.136177985317132 -0.0823195159796694
47.7000000000004 25.3555252648703 89.5285884818868 87.2189549589295 14.4727479876218 0.134571825180059 -0.0836310978667623
47.8000000000004 25.4155787647132 89.5280607959626 87.2084113684646 14.5318663188826 0.132985291856088 -0.0850048379073512
47.9000000000004 25.4756664502612 89.5271353950406 87.1981255555716 14.5910598627939 0.131418956394068 -0.0864411458626321
48.0000000000004 25.5357870376634 89.5258176956073 87.1880977484189 14.6503236104099 0.129873358037544 -0.0879403513738033
48.1000000000004 25.5959392141157 89.5241131268483 87.1783281402881 14.7096526381641 0.128348924834803 -0.0895543373567007
48.2000000000004 25.6561216413089 89.5220271290449 87.168816891988 14.7690421095527 0.126845749474391 -0.0913386493460995
48.3000000000004 25.7163329579205 89.5195651536435 87.1595641351958 14.8284872760254 0.125363856451582 -0.0932991326025583
48.4000000000004 25.7765717817133 89.5167326639817 87.1505699761649 14.8879834775644 0.123903287244435 -0.095441740482587
48.5000000000004 25.8368367116103 89.5135351360408 87.1418344994457 14.9475261432508 0.122464101909846 -0.0977725204539646
48.6000000000004 25.8971263297626 89.5099780591972 87.1333577716068 15.0071107918311 0.121046380767966 -0.100297596734978
48.7000000000004 25.9574392036126 89.506066936975 87.1251398449568 15.0667330322837 0.119650226179898 -0.103023149076416
48.8000000000004 26.017773887955 89.5018072877978 87.1171807612653 15.1263885643857 0.118275764426529 -0.105955387204128
48.9000000000004 26.0781289269991 89.4972046457407 87.1094805554838 15.1860731792795 0.11692314769252 -0.109100520344738
49.0000000000004 26.1385028564334 89.4922645612821 87.1020392594676 15.2457827600391 0.115592556162073 -0.112464721269406
49.1000000000004 26.1988942054867 89.4869926020743 87.0948569057053 15.3055132822285 0.114284149916379 -0.116093516208901
49.2000000000004 26.2593014987093 89.4813943541827 87.0879335312685 15.3652608142398 0.112997932026403 -0.120035376008968
49.3000000000004 26.319723257029 89.475475424518 87.0812691823225 15.4250215170736 0.111733923070757 -0.12430083439056
49.4000000000004 26.3801579985049 89.4692414437377 87.0748639188555 15.4847916438997 0.11049221841165 -0.1289003625948
49.5000000000004 26.4406042390571 89.4626980691657 87.0687178194175 15.5445675396086 0.109272992625484 -0.133844285213466
49.6000000000004 26.5010604931896 89.4558509877119 87.0628309858591 15.6043456403643 0.108076504273604 -0.139142678763993
49.7000000000004 26.5615252747117 89.4487059187919 87.0572035480699 15.6641224731557 0.106903101019909 -0.144805250653841
49.8000000000004 26.6219970974655 89.4412686172465 87.0518356687169 15.7238946553489 0.105753225098248 -0.150841195987869
49.9000000000004 26.6824744760659 89.4335448762616 87.0467275479836 15.7836588942394 0.104627419125877 -0.157259029491285
50.0000000000004 26.7429559266601 89.4255405302875 87.0418794283081 15.8434119866038 0.103526332254064 -0.164066389787111
50.1000000000004 26.8034399677063 89.4172614579638 87.0372915991154 15.9031508182466 0.102450683613174 -0.171264448001546
50.2000000000004 26.8639251206359 89.4087135851751 87.0329644013802 15.9628723633995 0.10140114242582 -0.178853928166562
50.3000000000004 26.924409910161 89.3999028884403 87.02889823176 16.0225736837497 0.100378468392791 -0.186839928783046
50.4000000000004 26.9848928644558 89.3908353984329 87.0250935465585 16.0822519273207 0.0993835626856506 -0.195225862294193
50.5000000000004 27.0453725153595 89.3815172035063 87.0215508656832 16.1419043273475 0.0984174755076719 -0.204013114540021
50.6000000000004 27.1058473986166 89.3719544532193 87.0182707766026 16.2015282011527 0.0974814137765468 -0.213200663613512
50.7000000000005 27.1663160541637 89.3621533618616 87.0152539383032 16.2611209490214 0.0965767488386507 -0.222784657656565
50.8000000000005 27.2267770264716 89.3521202119788 87.0125010852469 16.3206800530769 0.0957050241031961 -0.23275795262481
50.9000000000005 27.2872288649536 89.3418613578983 87.0100130313282 16.3802030761563 0.0948679624602024 -0.243109612962064
51.0000000000005 27.3476701244487 89.3313832292541 87.0077906738314 16.4396876606856 0.0940674733189132 -0.253824380406384
51.1000000000005 27.4080993657914 89.3206923345035 87.0058349973642 16.4991315275538 0.0933055900609524 -0.264817322697066
51.2000000000005 27.468515156494 89.3097952641941 87.0041470771763 16.5585324749396 0.0925842524332002 -0.275998564950298
51.3000000000005 27.5289160715625 89.2986986936034 87.0027280809165 16.6178883770206 0.0919054882573144 -0.28733838871517
51.4000000000005 27.5893006944085 89.2874093851294 87.001579269775 16.6771971826349 0.0912714785114878 -0.298802208814648
51.5000000000005 27.6496676178466 89.2759341906719 87.0007019996024 16.736456913942 0.0906845559278931 -0.310350323716741
51.6000000000005 27.7100154451836 89.264280054014 87.0000977220275 16.7956656650829 0.0901472020538095 -0.321937737693524
51.7000000000005 27.7703427914103 89.2524540132036 86.9997679855766 16.8548216008407 0.0896620425912593 -0.333514076267826
51.8000000000005 27.8306482845047 89.2404632029348 86.9997144367918 16.9139229553005 0.0892318408407529 -0.345023617630387
51.9000000000005 27.8909305668575 89.2283148569289 86.9999388213493 16.9729680305105 0.0888594890944131 -0.356405462686428
52.0000000000005 27.9511882968279 89.2160163103163 87.0004429851787 17.0319551951418 0.0885479978532232 -0.367593865188429
52.1000000000005 28.0114201504469 89.2035750019969 87.0012288755468 17.0908828831501 0.0883003627976148 -0.37841564069861
52.2000000000005 28.0716248233995 89.1909984764622 87.0022985412544 17.1497495924694 0.0881191528586944 -0.388700994012291
52.3000000000005 28.1318010334706 89.1782943842503 87.0036541305802 17.2085538837853 0.0880067874905344 -0.398386771511791
52.4000000000005 28.1919475232285 89.1654704818616 87.0052978883354 17.2672943793414 0.0879656265268448 -0.407411911291986
52.5000000000005 28.2520630628182 89.1525346316549 87.0072321528857 17.3259697617453 0.0879979487879699 -0.415718667161454
52.6000000000005 28.3121464528632 89.1394948017423 87.0094593531725 17.3845787727762 0.0881059308133047 -0.423253844113951
52.7000000000005 28.3721965274782 89.1263590658852 87.0119820057344 17.4431202121916 0.0882916261345518 -0.429969999510509
52.8000000000005 28.432212157398 89.1131356033893 87.0148027117286 17.5015929365336 0.0885569455143715 -0.435826561713158
52.9000000000005 28.4921922532228 89.0998326990003 87.0179241539521 17.5599958579367 0.0889036385680309 -0.440790818174239
53.0000000000005 28.5521357687853 89.0864587427994 87.0213490938633 17.618327942934 0.0893332771597594 -0.444838728537217
53.1000000000005 28.6120417046465 89.0730222300744 87.0250803685682 17.6765882112673 0.0898470721093064 -0.447863702644
53.2000000000005 28.6719091118809 89.0595317605587 87.0291208868971 17.7347757347828 0.0904453154502969 -0.449784950128599
53.3000000000005 28.7317370963705 89.0459960360662 87.0334736231706 17.7928896365402 0.0911278118750245 -0.450633033255025
53.4000000000005 28.7915248233029 89.0324238574936 87.0381416100564 17.8509290900092 0.0918940385102098 -0.450449792280495
53.5000000000005 28.8512715216962 89.0188241217986 87.0431279313904 17.9088933182665 0.0927431501975225 -0.449287175992996
53.6000000000005 28.9109764889333 89.0052058189784 87.048435714998 17.9667815931955 0.093673988609298 -0.447205836710634
53.7000000000005 28.9706390952976 88.991578029048 87.0540681255159 18.0245932346837 0.0946850947222238 -0.444273560388733
53.8000000000005 29.0302587884991 88.9779499190178 87.0600283572129 18.0823276098216 0.0957747240974819 -0.440563605681333
53.9000000000005 29.089835098179 88.9643307398729 87.066319626812 18.1399841321008 0.0969408643768571 -0.436153023777028
54.0000000000005 29.1493676403841 88.9507298235502 87.0729451663111 18.1975622606126 0.0981812543943125 -0.431121024372209
54.1000000000005 29.2088561220004 88.9371565798988 87.0799082157768 18.2550614992505 0.0994932346071028 -0.425502941100983
54.2000000000005 29.2683003452538 88.9236204931475 87.0872120154102 18.3124813960161 0.100873237880421 -0.419347465279854
54.3000000000005 29.3277002124153 88.9101311171279 87.0948597957663 18.3698215425893 0.102317286942396 -0.412752160209913
54.4000000000005 29.3870557304517 88.8966980700046 87.1028547672458 18.4270815740021 0.103821187354585 -0.405810388084045
54.5000000000005 29.4463670154642 88.8833310289884 87.1112001095585 18.4842611683167 0.105380555414565 -0.398610253885387
54.6000000000005 29.5056342968884 88.8700397250478 87.119898961188 18.5413600463031 0.106990844713025 -0.391233836822249
54.7000000000005 29.5648579214318 88.8568339376219 87.1289544088549 18.5983779711169 0.108647371092462 -0.383756688771271
54.8000000000005 29.6240383567245 88.8437234893328 87.1383694769806 18.6553147479775 0.110345335863331 -0.376247571010088
54.9000000000005 29.6831761946592 88.8307182406972 87.1481471171518 18.7121702238457 0.11207984723434 -0.368768395677733
55.0000000000005 29.7422721543964 88.8178280848394 87.1582901975833 18.7689442871017 0.113845939988287 -0.361374336626669
55.1000000000005 29.8013270850123 88.8050629421942 87.1688014925703 18.8256368672245 0.115638507514883 -0.354103204698052
55.2000000000005 29.860341967796 88.7924327549731 87.1796836716121 18.8822479345174 0.117452055158344 -0.346991510411436
55.3000000000005 29.9193179182071 88.7799474810295 87.1909392877064 18.9387774999481 0.119280965700717 -0.340082812590341
55.4000000000005 29.978256187381 88.7676170874862 87.2025707653166 18.9952256150352 0.121119601037733 -0.333414744071859
55.5000000000005 30.0371581631156 88.7554515443543 87.2145803883266 19.0515923717354 0.122962318237883 -0.32701954643058
55.6000000000005 30.0960253703127 88.7434608181523 87.2269702879954 19.107877902332 0.124803484740193 -0.320924622989995
55.7000000000005 30.1548594708485 88.7316548655244 87.2397424309115 19.1640823793221 0.126637492917174 -0.315153092491146
55.8000000000005 30.2136622628496 88.7200436268597 87.2528986069481 19.2202060153045 0.128458774217101 -0.309724330010923
55.9000000000005 30.2724356793544 88.7086370199109 87.2664404172173 19.276249062868 0.130261813084553 -0.304654485372979
56.0000000000005 30.3311817863375 88.6974449334129 87.2803692620252 19.3322118144783 0.132041160837305 -0.299956972415642
56.1000000000005 30.3899027800784 88.6864772207029 87.2946863288328 19.3880946023638 0.133791488477891 -0.29563618246595
56.2000000000005 30.4486009838305 88.6757436933652 87.3093925803936 19.4438977983265 0.135507715444796 -0.291693735300649
56.3000000000005 30.5072788437372 88.6652541149417 87.3244887433359 19.4996218133662 0.137184903970729 -0.288136175278701
56.4000000000005 30.5659389240501 88.6550181946668 87.3399752969214 19.5552670972319 0.138818234049793 -0.284969044936387
56.5000000000005 30.6245839016738 88.6450455812039 87.3558524618099 19.6108341379692 0.140403018146983 -0.282197169559886
56.6000000000005 30.6832165600332 88.6353458563818 87.3721201888248 19.6663234614687 0.141934716404519 -0.279824913228841
56.7000000000005 30.7418397822618 88.6259285289312 87.388778147718 19.7217356310135 0.143408952359438 -0.277856408629537
56.8000000000005 30.8004565437113 88.6168030282207 87.4058257159349 19.7770712468274 0.144821529166812 -0.276295763091122
56.9000000000005 30.8590699037871 88.6079786979934 87.4232619673794 19.832330945623 0.14616844631625 -0.275147243203342
57.0000000000005 30.917682997116 88.5994647901033 87.4410856611793 19.8875154001492 0.147445916815333 -0.27441544030541
57.1000000000005 30.9762990240587 88.5912704582595 87.4592952304812 19.9426253187303 0.148650554133497 -0.27407641183652
57.2000000000005 31.0349212405714 88.5834047519798 87.4778887720256 19.9976614445607 0.149779887000547 -0.2741031227227
57.3000000000005 31.0935529474728 88.5758766110753 87.4968640377032 20.0526245543814 0.150831848164677 -0.274496513831447
57.4000000000005 31.1521974792315 88.5686948603433 87.5162184268911 20.1075154569134 0.15180461648109 -0.275258408661876
57.5000000000005 31.2108581923266 88.5618682042688 87.5359489788189 20.1623349912811 0.15269663095649 -0.276391522659283
57.6000000000005 31.2695384532119 88.5554052217264 87.5560523649352 20.2170840254359 0.153506604812206 -0.277899467761738
57.7000000000006 31.3282416259116 88.5493143606813 87.5765248812735 20.2717634545799 0.15423353953962 -0.279786751656241
57.8000000000006 31.3869710592809 88.543603932891 87.5973624408189 20.3263741995897 0.154876738931648 -0.28205877091808
57.9000000000006 31.4457300739659 88.5382821086064 87.6185605658738 20.38091720544 0.155435823090989 -0.284721796807489
58.0000000000006 31.504521949099 88.5333569112738 87.6401143804247 20.4353934396271 0.155910742431366 -0.287782952200606
58.1000000000006 31.5633499087733 88.5288362122455 87.6620186025522 20.4898038905784 0.156302005860151 -0.291195199246115
58.2000000000006 31.6222171084102 88.5247277257454 87.6842675379824 20.5441495656961 0.156611310758817 -0.294907118902356
58.3000000000006 31.681126621246 88.521039004479 87.7068550765374 20.5984314884697 0.156840864353137 -0.298920211192855
58.4000000000006 31.7400814249686 88.5177774354975 87.7297746897267 20.6526506952234 0.156993169018095 -0.303236314234689
58.5000000000006 31.7990843884964 88.5149502360716 87.7530194283825 20.7068082318484 0.157071027821401 -0.307857468449711
58.6000000000006 31.8581382589358 88.5125644495653 87.7765819202952 20.7609051505359 0.157077549974683 -0.312785766917858
58.7000000000006 31.9172456487539 88.5106269413101 87.8004543678492 20.8149425065099 0.157016156270047 -0.31802318894267
58.8000000000006 31.9764090232028 88.5091443944782 87.8246285456578 20.8689213547594 0.15689058457497 -0.323571413760972
58.9000000000006 32.0356306880331 88.5081233059572 87.8490957981995 20.922842746772 0.156704895457294 -0.329431611335256
59.0000000000006 32.0949127775316 88.5075699822232 87.8738470374527 20.9767077272656 0.156463478005426 -0.335604207104984
59.1000000000006 32.1542572429296 88.507490535227 87.8988727405868 21.0305173309084 0.156171272986007 -0.342009082692298
59.2000000000006 32.2136658414972 88.5078908785894 87.9241629490915 21.0842725786778 0.15583438135172 -0.348557819743527
59.3000000000006 32.2731401268677 88.508776724582 87.949707271557 21.1379744733091 0.155459327574367 -0.355236335683698
59.4000000000006 32.3326814402782 88.5101535814187 87.9754948878924 21.1916239943846 0.155052824088639 -0.362028578621927
59.5000000000006 32.3922909024902 88.5120267505578 88.0015145536001 21.245222093409 0.154621764171065 -0.368916309363024
59.6000000000006 32.4519694063911 88.5144013240049 88.0277546040495 21.2987696888846 0.154173214470816 -0.37587889177308
59.7000000000006 32.511717610287 88.5172821816153 88.0542029587511 21.3522676613864 0.153714407092836 -0.382893097739533
59.8000000000006 32.5715359318933 88.5206739883972 88.0808471256302 21.405716848638 0.153252731107568 -0.389932934332393
59.9000000000006 32.6314245430289 88.5245811918142 88.1076742053014 21.4591180405866 0.152795723342167 -0.396969502052014
60.0000000000006 32.6913833650201 88.5290080190875 88.134670895342 21.5124719744783 0.152351058285615 -0.403970894327704
60.1000000000006 32.7514120648295 88.5339584745061 88.1618234946144 21.5657793299248 0.151926646106518 -0.410823444078695
60.2000000000006 32.8115100522854 88.5394363369151 88.1891179088356 21.6190407237481 0.151530888478167 -0.417406413793728
60.3000000000006 32.8716764790352 88.5454451576581 88.2165396593149 21.6722567042593 0.151172228399035 -0.423673702944516
60.4000000000006 32.931910238668 88.5519882586992 88.2440738929395 21.7254277453153 0.150859000482722 -0.429577889464203
60.5000000000006 32.9922099676293 88.5590687307514 88.2717053922071 21.7785542403676 0.150599403743706 -0.435070826056895
60.6000000000006 33.0525740468886 88.5666894314052 88.2994185852602 21.83163649651 0.150401473617787 -0.440104334075589
60.7000000000006 33.1130006043377 88.5748529832568 88.3271975559186 21.8846747285268 0.150273053455881 -0.44463098544559
60.8000000000006 33.1734875178949 88.5835617720368 88.3550260537136 21.9376690529413 0.150221765803664 -0.448604957432953
60.9000000000006 33.2340324192903 88.592817944739 88.3828875039206 21.9906194820636 0.150254983857085 -0.451982939182918
61.0000000000006 33.294632698506 88.6026234077484 88.4107650175929 22.0435259180393 0.150379803554184 -0.454725063440342
61.1000000000006 33.3552855088728 88.6129798249759 88.4386414016385 22.0963881469002 0.150603038847275 -0.456729833271389
61.2000000000006 33.4159877733889 88.6238886161459 88.4664991700318 22.1492058326952 0.150931197042482 -0.457902062440087
61.3000000000006 33.4767361931882 88.6353509554729 88.4943205579046 22.2019785118209 0.151370273434143 -0.45822069037992
61.4000000000006 33.5375272571792 88.6473677704911 88.5220875367716 22.2547055874326 0.151925690800414 -0.457673472822789
61.5000000000006 33.5983572522174 88.6599397408906 88.5497818298002 22.3073863238575 0.152602282677621 -0.456257473260277
61.6000000000006 33.6592222737459 88.6730672973524 88.5773849270793 22.3600198410078 0.153404282717975 -0.453979295558081
61.7000000000006 33.7201182368595 88.6867506203848 88.6048781008889 22.4126051087945 0.154335320482652 -0.450855042272397
61.8000000000006 33.7810408877493 88.7009896391585 88.6322424209693 22.4651409415407 0.155398423824017 -0.446909997541587
61.9000000000006 33.8419858154859 88.7157840303428 88.6594587697904 22.5176259923948 0.156596027810966 -0.442178048119837
62.0000000000006 33.9029484641 88.7311332169409 88.686507857821 22.5700587477442 0.157929989937164 -0.436700869802827
62.1000000000006 33.9639241449433 88.74703636713 88.7133702388233 22.6224375216442 0.159401574870596 -0.430503632603236
62.2000000000006 34.0249080499254 88.7634923932014 88.7400263258056 22.6747604506485 0.161011330923256 -0.423620112447755
62.3000000000006 34.0858952665857 88.7804999507597 88.7664564086433 22.7270254896618 0.162759159261535 -0.416113635446293
62.4000000000006 34.1468807939194 88.7980574380216 88.7926406723589 22.7792304081934 0.16464437721487 -0.408050997008508
62.5000000000006 34.2078595582662 88.8161629951191 88.8185592154264 22.8313727866269 0.166665758908396 -0.399500996547518
62.6000000000006 34.2688264291865 88.8348145034036 88.8441920680762 22.8834500124897 0.168821578044655 -0.390533034847678
62.7000000000006 34.3297762352754 88.854009584749 88.8695192105997 22.9354592767222 0.171109651731744 -0.381215820716496
62.8000000000006 34.3907037798635 88.8737456008545 88.8945205916538 22.9873975699481 0.173527384331724 -0.371616222611523
62.9000000000006 34.4516038565564 88.8940196525488 88.9191761465659 23.0392616787428 0.176071810413201 -0.361798289308365
63.0000000000006 34.5124712645614 88.9148285790931 88.9434658156384 23.0910481819041 0.178739636031953 -0.351822452361212
63.1000000000006 34.5733008237805 88.9361689574913 88.9673695624598 23.1427534467474 0.181527267078791 -0.341754327730469
63.2000000000006 34.6340873903029 88.9580371019735 88.9908673923741 23.1943736260942 0.184430791519108 -0.331654361093778
63.3000000000006 34.6948258733422 88.9804290639219 89.0139393713546 23.2459046570168 0.187446004888526 -0.321568493506048
63.4000000000006 34.7555112524709 89.003340631969 89.0365656450367 23.2973422602743 0.19056844334074 -0.311537724426083
63.5000000000006 34.816138594413 89.0267673321036 89.0587264577564 23.3486819397762 0.193793408124993 -0.301598099350906
63.6000000000006 34.8767030693129 89.0507044277765 89.0804021715891 23.3999189820455 0.197115986749902 -0.291780804710068
63.7000000000006 34.9371999664248 89.0751469200061 89.1015732853883 23.4510484556813 0.200531070983608 -0.282112348829738
63.8000000000006 34.9976247091639 89.1000895474839 89.1222204538244 23.5020652108226 0.204033371929965 -0.272614808618119
63.9000000000006 35.057972869463 89.1255267866806 89.1423245064235 23.552963878611 0.207617432490703 -0.263306123310165
64.0000000000006 35.1182401813754 89.151452851951 89.161866466606 23.603738870654 0.211277637580679 -0.254200418709728
64.1000000000006 35.1784225538912 89.177861695654 89.1808275707051 23.6543843785224 0.215008319585309 -0.245336708270485
64.2000000000006 35.2385160836335 89.2047470086215 89.1991892864632 23.7048943741464 0.218804042484561 -0.236747050434337
64.3000000000006 35.2985170685806 89.2321022215183 89.2169333301999 23.7552626124903 0.222659288012472 -0.22843096641271
64.4000000000006 35.358422021689 89.2599205065518 89.2340416834584 23.8054826351257 0.2265683522393 -0.220386182750278
64.5000000000006 35.4182276836556 89.2881947791953 89.2504966096314 23.8555477738391 0.230525342235498 -0.212608896621701
64.6000000000006 35.477931034735 89.3169176999115 89.2662806705866 23.9054511542396 0.234524173037301 -0.205094019065609
64.7000000000006 35.5375293055505 89.346081675876 89.2813767432931 23.9551856993665 0.238558565294163 -0.197835395556693
64.8000000000006 35.5970199868391 89.3756788627004 89.2957680364465 24.0047441332969 0.242622043974126 -0.190826003970582
64.9000000000006 35.6564008380678 89.4057011661559 89.3094381070955 24.0541189847531 0.246707938491546 -0.184058130571225
65.0000000000006 35.7156698948596 89.4361402438964 89.3223708772672 24.1033025907106 0.250809384613938 -0.177523525021931
65.1000000000006 35.7748254751959 89.4669875072008 89.334550650558 24.152287100039 0.254919504007939 -0.171239910212182
65.2000000000006 35.8338661850996 89.4982341231919 89.3459621278072 24.2010644780131 0.259031918794263 -0.16522139247655
65.3000000000006 35.8927909250628 89.5298710182683 89.3565904204446 24.2496265130329 0.263140196663043 -0.159454368012024
65.4000000000006 35.9515988961056 89.5618888820143 89.3664210629198 24.2979648242141 0.267237671854809 -0.153925766514619
65.5000000000006 36.0102896046891 89.5942781711277 89.3754400250983 24.3460708690108 0.271317448675863 -0.148623060343679
65.6000000000005 36.0688628663981 89.6270291133475 89.3836337246557 24.3939359508399 0.275372408172424 -0.14353426714634
65.7000000000005 36.1273188083402 89.6601317113821 89.390989039473 24.4415512267042 0.279395218145353 -0.138647947173222
65.8000000000005 36.1856578702061 89.693575746837 89.3974933200318 24.4889077148162 0.283378346669646 -0.133953196305829
65.9000000000005 36.2438808039387 89.727350784143 89.4031344018091 24.5359963022211 0.287314079252702 -0.129439635664753
66.0000000000005 36.30198867196 89.7614461744838 89.4079006176724 24.5828077524212 0.291194539740159 -0.125097398505928
66.1000000000005 36.3599828439341 89.7958510597456 89.4117808102177 24.6293327130218 0.295012019216004 -0.120939509092492
66.2000000000005 36.417864992734 89.8305543770258 89.414764342623 24.6755617239763 0.298759898087376 -0.116976702825675
66.3000000000005 36.475637090887 89.8655448645601 89.4168411057347 24.7214852273497 0.302431725188898 -0.113196816162828
66.4000000000005 36.533301406625 89.90081106821 89.4180015236693 24.7670935776803 0.306020928920015 -0.109588637425135
66.5000000000005 36.5908604988792 89.9363413479703 89.418236559358 24.8123770523649 0.309520839579463 -0.106141833224104
66.6000000000005 36.6483172111653 89.9721238844779 89.4175377200919 24.8573258620431 0.31292471467535 -0.102846881050377
66.7000000000005 36.7056746643364 90.00814668552 89.4158970630666 24.9019301609826 0.316225767093489 -0.0996950075175838
66.8000000000005 36.762936248181 90.0443975925418 89.4133072009266 24.9461800574636 0.319417195964953 -0.0966781317861716
66.9000000000005 36.8201056118492 90.0808642871556 89.4097613073106 24.9900656241642 0.322492220041953 -0.0937888137366591
67.0000000000005 36.8771866530905 90.1175342976484 89.4052531223963 25.0335769085447 0.325444113347203 -0.0910202064530471
67.1000000000005 36.934183506314 90.1543950055049 89.3997769583998 25.0767039432395 0.328266493388963 -0.0883757229339714
67.2000000000005 36.9911005299646 90.1914336523098 89.393327703909 25.1194367566341 0.330954094296212 -0.0858580246291556
67.3000000000005 37.0479422941679 90.2286373476134 89.3859008252544 25.1617653839088 0.333502018302905 -0.0834600727805474
67.4000000000004 37.1047135680971 90.2659930771753 89.3774923667128 25.203679878268 0.335905509186482 -0.0811754717451033
67.5000000000004 37.161419306636 90.3034877112249 89.3680989506667 25.2451703221765 0.338159980525787 -0.078998415916594
67.6000000000004 37.2180646363271 90.3411080127197 89.3577177777631 25.2862268385947 0.340261044135498 -0.076923641909548
67.7000000000004 37.2746548406154 90.3788406456049 89.3463466270727 25.3268396022154 0.342204538386011 -0.0749463854959591
67.8000000000004 37.331195344402 90.4166721830728 89.3339838562489 25.3669988506996 0.343986556106342 -0.0730623427878161
67.9000000000004 37.3876916979231 90.4545891158218 89.3206284016868 25.4066948959123 0.345603471766281 -0.0712676352908503
68.0000000000004 37.4441495599736 90.4925778603159 89.3062797786824 25.4459181351584 0.34705196763342 -0.0695587784396025
68.1000000000004 37.5005746805144 90.5306247670553 89.2909380815365 25.4846590624097 0.348329396669019 -0.0679361426068193
68.2000000000004 37.5569728831247 90.5687161291501 89.2746039822295 25.522908279281 0.349434800264128 -0.0663993714932635
68.3000000000004 37.6133500482274 90.6068381916613 89.2572787254672 25.5606565053721 0.350367873060273 -0.0649445011928352
68.4000000000004 37.6697120967601 90.6449771612449 89.2389641222977 25.5978945883605 0.351128622614768 -0.0635679820723414
68.5000000000004 37.726064973971 90.6831192158071 89.2196625436722 25.6346135140839 0.351717369183618 -0.0622666458023587
68.6000000000004 37.7824146333449 90.7212505141599 89.1993769140075 25.6708044166229 0.352134743539732 -0.0610376760421991
68.7000000000004 37.8387670206821 90.7593572056764 89.1781107047468 25.7064585883837 0.352381682860269 -0.0598785824250681
68.8000000000004 37.8951280583476 90.7974254399464 89.1558679279215 25.7415674901808 0.352459424743942 -0.0587871775563877
68.9000000000004 37.9515036297077 90.8354413764315 89.132653129713 25.7761227613197 0.352369499435699 -0.0577615567529369
69.0000000000004 38.0078995637708 90.8733911941211 89.1084713840139 25.8101162296793 0.352113720357146 -0.0568000803282825
69.1000000000004 38.0643216200423 90.9112611011844 89.0833282859569 25.8435399217707 0.351694429096553 -0.0558983155851728
69.2000000000003 38.1207754735819 90.9490373445468 89.0572299445952 25.8763860721549 0.351115249813508 -0.0550514250147439
69.3000000000003 38.1772667003845 90.9867062192734 89.0301829734285 25.9086471312385 0.350380299577914 -0.0542575332363145
69.4000000000003 38.2338007633944 91.0242540778756 89.0021944800798 25.9403157724294 0.349493905385946 -0.0535149950393873
69.5000000000003 38.2903829992513 91.0616673396151 88.9732720559403 25.9713848992672 0.348460576243491 -0.0528223810826792
69.6000000000003 38.3470186057684 91.0989324998081 88.9434237658137 26.001847652555 0.347284974894407 -0.0521784654825667
69.7000000000003 38.4037126301387 91.1360361391291 88.9126581375611 26.0316974174898 0.345971889475928 -0.0515822151453386
69.8000000000003 38.4604699578585 91.1729649329151 88.8809841517452 26.0609278307939 0.344526205371285 -0.051032780737165
69.9000000000003 38.5172953023551 91.2097056604697 88.8484112312749 26.089532787846 0.342952877507691 -0.0505294891931014
70.0000000000003 38.574193195302 91.2462452143667 88.8149492310501 26.1175064498116 0.341256903331949 -0.05007183769359
70.1000000000003 38.6311679775878 91.2825706097392 88.7806084275887 26.1448432507431 0.339443514955415 -0.0496556321109333
70.2000000000003 38.6882237905716 91.3186689931697 88.7453995082018 26.171537903851 0.337518821896416 -0.0492762953050196
70.3000000000003 38.7453645671862 91.3545276505695 88.709333559022 26.1975854056768 0.335489150279691 -0.0489329778358644
70.4000000000003 38.8025940236373 91.3901340146592 88.6724220525793 26.2229810394378 0.333360795344231 -0.0486249632456316
70.5000000000003 38.8599156520733 91.4254756724343 88.6346768353599 26.2477203783403 0.331139990222488 -0.0483516632610837
70.6000000000003 38.9173327142099 91.4605403726306 88.5961101153653 26.271799288893 0.32883287665435 -0.0481126139800333
70.7000000000003 38.9748482358715 91.4953160331896 88.5567344496707 26.2952139342201 0.326445477765916 -0.0479074729982504
70.8000000000003 39.0324650024122 91.5297907487244 88.516562731984 26.3179607773749 0.323983673008939 -0.0477360174452137
70.9000000000002 39.0901855549743 91.5639527979844 88.4756081802046 26.3400365846527 0.321453175324541 -0.047598142916023
71.0000000000002 39.1480121875402 91.5977906513213 88.4338843239817 26.3614384289042 0.318859510561313 -0.0474938632779921
71.1000000000002 39.205946944709 91.6312929781265 88.3914049922685 26.3821636928119 0.316208218935916 -0.0474211211322673
71.2000000000002 39.2639916195347 91.6644486535369 88.3481843007292 26.4022100712021 0.31350552350593 -0.0473773927800862
71.3000000000002 39.3221477505345 91.6972467632854 88.3042366387797 26.4215755709108 0.310757696211442 -0.0473621380214572
71.4000000000002 39.3804166190378 91.7296766078199 88.2595766564818 26.4402585096858 0.307970822627192 -0.0473748899582245
71.5000000000002 39.4387992475053 91.7617277063943 88.2142192514327 26.4582575150514 0.305150782062992 -0.0474152531543124
71.6000000000002 39.4972963987994 91.7933898011594 88.1681795556541 26.475571523173 0.302303230026387 -0.0474829023481766
71.7000000000002 39.555908576358 91.8246528612539 88.1214729224815 26.4921997777227 0.299433582977603 -0.0475775817035538
71.8000000000002 39.6146360252197 91.8555070868954 88.0741149134532 26.5081418287431 0.296547005288519 -0.0476991045906317
71.9000000000002 39.673478733853 91.8859429134713 88.0261212851997 26.523397531513 0.293648398300677 -0.0478473539172048
72.0000000000002 39.7324364367375 91.9159510156297 87.9775079763325 26.5379670454121 0.290742391362044 -0.0480222829945355
72.1000000000002 39.7915086176172 91.9455223113357 87.9282910943384 26.5518508327532 0.287833534061981 -0.048226071406341
72.2000000000002 39.8506945126759 91.9746479650231 87.8784869025922 26.56504965678 0.284926918646894 -0.0484604523212575
72.3000000000002 39.909993112585 92.0033193884499 87.8281118076724 26.5775645775419 0.282027626287932 -0.0487247784596896
72.4000000000002 39.9694031647062 92.0315282406499 87.7771823467961 26.589396946935 0.279140524577424 -0.0490184204547179
72.5000000000002 40.0289231761589 92.0592664278489 87.7257151752586 26.6005484037089 0.276270258148667 -0.0493407638184359
72.6000000000002 40.0885514177365 92.0865261033809 87.6737270538727 26.6110208684754 0.273421240841107 -0.0496912062654365
72.7000000000001 40.1482859286248 92.1132996676053 87.6212348364083 26.6208165387158 0.270597649272294 -0.0500691554453455
72.8000000000001 40.2081245218776 92.1395797678226 87.568255457032 26.629937883789 0.267803417681234 -0.0504740270877453
72.9000000000001 40.2680647906031 92.1653592981911 87.5148059177462 26.6383876399392 0.265042233901084 -0.0509052436212862
73.0000000000001 40.3281041148157 92.1906313996437 87.4609032758292 26.646168805304 0.262317536331585 -0.051362233279302
73.1000000000001 40.3882396688846 92.2153894597686 87.4065646312822 26.6532846348995 0.259632686516795 -0.0518517847454373
73.2000000000001 40.4484684289393 92.2396271117814 87.351807114492 26.659738635024 0.256991518341246 -0.0523803270081508
73.3000000000001 40.5087871793319 92.2633382311851 87.2966478744369 26.665534556184 0.254397856352148 -0.0529467123375831
73.4000000000001 40.5691925192452 92.2865169315211 87.2411040671072 26.6706763854381 0.251855341458681 -0.0535497332809695
73.5000000000001 40.6296808700475 92.3091575600847 87.1851928439337 26.6751683387186 0.249367425113168 -0.0541881160479725
73.6000000000001 40.6902484833827 92.3312546936404 87.1289313402171 26.6790148531536 0.246937364041322 -0.054860514653838
73.7000000000001 40.7508914499569 92.3528031341378 87.0723366635561 26.6822205793877 0.244568215409862 -0.0555655059353535
73.8000000000001 40.8116057089838 92.3737979044268 87.0154258822766 26.6847903739046 0.242262832332739 -0.0563015856023939
73.9000000000001 40.8723870582544 92.3942342439733 86.9582160138601 26.6867292913482 0.240023859624034 -0.0570671654300647
74.0000000000001 40.9332311647926 92.4141076045749 86.9007240133727 26.6880425768441 0.237853729719871 -0.0578605717626881
74.1000000000001 40.9941335760487 92.4334136460572 86.8429667619046 26.6887356583191 0.235754719302568 -0.0586894201586872
74.2000000000001 41.0550897311918 92.4521482314813 86.7849610552919 26.6888141387483 0.233729146390129 -0.0595612964545097
74.3000000000001 41.11609497186 92.4703074211072 86.726723593556 26.6882837882237 0.231779217277468 -0.06047432395578
74.4 41.1771445530387 92.4878874658678 86.6682709706242 26.6871505359503 0.229906964775441 -0.0614264978060849
74.5 41.238233654457 92.5048848008245 86.6096196640623 26.6854204622404 0.228114242115105 -0.0624156832764091
74.6 41.2993573924927 92.5212960386221 86.5507860248062 26.6830997905077 0.226402716811214 -0.0634396160331861
74.7 41.3605108325616 92.537117962944 86.4917862668944 26.680194879261 0.224773864476539 -0.0644959045154872
74.8 41.4216890019655 92.5523475219677 86.4326364571996 26.6767122140988 0.223228962593444 -0.0655820345180717
74.9 41.4828869031759 92.5669818218197 86.3733525051616 26.6726583997027 0.22176908425869 -0.0666953760309828
75 41.5440995275306 92.5810181200308 86.3139501525186 26.668040151832 0.220395091930711 -0.0678331923385563
75.1 41.6053218693058 92.5944538189953 86.254444963055 26.6628642893277 0.219107569897997 -0.0689951135706198
75.2 41.6665489397583 92.6072864595312 86.1948523127529 26.6571377263926 0.217906651640082 -0.0701810700951786
75.3 41.7277757804785 92.6195137146968 86.1351873809681 26.6508674655679 0.216792228741567 -0.0713886541136404
75.4 41.7889974765977 92.6311333837087 86.0754651420098 26.6440605909854 0.215764011571879 -0.0726154042521315
75.5 41.8502091702085 92.6421433858635 86.0157003567359 26.63672426163 0.214821524456666 -0.0738588194875515
75.6 41.9114060739983 92.6525417544598 85.9559075641482 26.6288657046022 0.213964101023546 -0.0751163739836852
75.7 41.9725834850853 92.6623266307197 85.8961010729879 26.6204922083807 0.213190879776527 -0.076385532586874
75.8 42.0337367990428 92.6714962577107 85.8362949533306 26.6116111160847 0.21250079995227 -0.0776637666647285
75.9 42.0948615241009 92.6800489742675 85.7765030281817 26.6022298187368 0.21189259771048 -0.0789485699743125
76 42.1559532955122 92.6879832089134 85.716738865072 26.5923557485252 0.211364802711751 -0.0802374742255122
76.1 42.2170078900583 92.6952974738137 85.6570157676643 26.5819963720874 0.210915540407681 -0.0815216620322263
76.1999999999999 42.2780212403788 92.7019903595303 85.5973467676741 26.571159184339 0.210541956513715 -0.0827934900925509
76.2999999999999 42.3389894485346 92.7080605318159 85.5377446175833 26.5598517036868 0.210240820265578 -0.0840524193974673
76.3999999999999 42.3999087991277 92.7135067292099 85.4782217836664 26.5480814677873 0.210008723626625 -0.0852980874718331
76.4999999999999 42.4607757722345 92.7183277606658 85.4187904390297 26.5358560293262 0.209842083489734 -0.0865303095221761
76.5999999999999 42.5215870561549 92.722522503178 85.3594624566498 26.5231829517981 0.209737144239233 -0.087749077559127
76.6999999999999 42.5823395599678 92.7260898994095 85.3002494024117 26.5100698052855 0.209689980707833 -0.0889545575617046
76.7999999999999 42.6430304258819 92.7290289553189 85.2411625281484 26.4965241622386 0.20969650156671 -0.0901470848430296
76.8999999999999 42.7036570413734 92.7313387377872 85.1822127646784 26.4825535932549 0.209752453192301 -0.0913271577740322
76.9999999999999 42.7642170510959 92.7330183722457 85.1234107148452 26.4681656628582 0.209853424058471 -0.0924954300303275
77.0999999999999 42.8247083685298 92.7340670403457 85.0647666465734 26.4533679253069 0.209994595730344 -0.0936457106029705
77.1999999999999 42.8851291867549 92.7344839787533 85.0062904863829 26.4381679211382 0.210170005652835 -0.0947737288673929
77.2999999999999 42.9454779872576 92.7342684807949 84.947991814067 26.4225731755827 0.210373349967059 -0.0958832723072398
77.3999999999999 43.0057535475209 92.7334198992286 84.8898798578288 26.4065911977153 0.210598251510584 -0.0969783025929402
77.4999999999999 43.0659549479368 92.7319376490564 84.8319634894349 26.3902294796353 0.2108382696669 -0.0980629384757468
77.5999999999999 43.1260815780532 92.7298212103385 84.7742512193693 26.3734954956453 0.211086910773415 -0.09914144117537
77.6999999999999 43.1861331421464 92.7270701310061 84.716751191987 26.3563967014308 0.211337639174255 -0.100218202505801
77.7999999999999 43.2461096641095 92.723684029675 84.6594711806684 26.3389405332402 0.211583889005917 -0.101297735877402
77.8999999999998 43.3060114916466 92.7196625984591 84.6024185829726 26.3211344070635 0.211819076797874 -0.102384670313564
77.9999999999998 43.365839299764 92.7150056057836 84.5456004157915 26.3029857178123 0.21203661496669 -0.103483747538161
78.0999999999998 43.4255940935176 92.7097128992397 84.489023310522 26.2845018385306 0.21222969085087 -0.104600607915664
78.1999999999998 43.4852772092254 92.7037844095126 84.4326935087146 26.2656901204146 0.212390597509265 -0.105742971262607
78.2999999999998 43.5448903127778 92.6972201570336 84.3766168589307 26.2465578948888 0.212511494687906 -0.106918921446259
78.3999999999998 43.6044353961133 92.6900202597061 84.3207988140775 26.2271124764911 0.212584667940733 -0.108136746345437
78.4999999999998 43.6639147725964 92.6821849406721 84.2652444287598 26.2073611657896 0.212602547806103 -0.109404967710682
78.5999999999998 43.7233310713384 92.673714536079 84.2099583566327 26.1873112522989 0.212557729773065 -0.1107323781891
78.6999999999998 43.7826872304682 92.6646095028466 84.1549448477541 26.1669700173967 0.212442994975491 -0.112128085666206
78.7999999999998 43.8419864893692 92.6548704264343 84.1002077459372 26.1463447372403 0.212251331526604 -0.11360156518683
78.8999999999998 43.9012323798991 92.6444980286072 84.0457504861025 26.1254426856832 0.211975956380938 -0.115162718859983
78.9999999999998 43.9604287166128 92.6334931752034 83.9915760916311 26.1042711371916 0.211610337584841 -0.116821944272688
79.0999999999998 44.0195795859769 92.6218568839241 83.9376871717439 26.0828373697863 0.211148116900497 -0.118596829488191
79.1999999999998 44.0786893336221 92.6095903327199 83.8840859196005 26.0611486686519 0.210582856365872 -0.120506777101103
79.2999999999998 44.1377625480518 92.596694869695 83.830774112221 26.0392123314381 0.209908400251637 -0.122565972306345
79.3999999999998 44.1968040423462 92.5831720236068 83.7777531111255 26.0170356742277 0.209118999961893 -0.124789576937536
79.4999999999998 44.2558188348779 92.56902351439 83.7250238630028 25.9946260375302 0.208209332164005 -0.12719388430456
79.5999999999998 44.3148121291422 92.55425126368 83.6725869003773 25.9719907922758 0.207174515801005 -0.129796494354686
79.6999999999997 44.3737892927705 92.5388574053361 83.6204423422767 25.9491373458089 0.206010127762669 -0.132616512295086
79.7999999999997 44.4327558357983 92.5228442959653 83.5685898949005 25.9260731478816 0.204712217018435 -0.135674774423318
79.8999999999997 44.49171738827 92.5062145254454 83.5170288522868 25.9028056966478 0.203277317046091 -0.138994105658833
79.9999999999997 44.5506796772595 92.488970927449 83.4657580969805 25.879342544657 0.201702456435673 -0.142599614127983
80.0999999999997 44.6096485033623 92.4711165899644 83.4147761007363 25.8556913048612 0.199985243940573 -0.146524056304692
80.1999999999997 44.6686297158721 92.4526548657535 83.3640809261377 25.8318596569804 0.198124119621286 -0.150802496909517
80.2999999999997 44.7276291853657 92.4335893826529 83.3136702305432 25.8078553547757 0.196118154528572 -0.155467967222263
80.3999999999997 44.7866527752526 92.4139240538102 83.2635412709479 25.7836862336799 0.193966974950233 -0.160557298198938
80.4999999999997 44.8457063132868 92.393663087919 83.2136909088815 25.7593602184418 0.191670757244581 -0.16611168347446
80.5999999999997 44.9047955631808 92.3728109994545 83.1641156153049 25.734885330771 0.189230221438036 -0.172177330929438
80.6999999999997 44.9639261964292 92.3513726189076 83.1148114755085 25.7102696969823 0.186646624062995 -0.178806218514648
80.7999999999997 45.0231037644487 92.3293531030204 83.0657741940088 25.6855215556397 0.183921750835395 -0.186056972759008
80.8999999999997 45.0823336711367 92.3067579450207 83.0169990994461 25.6606492652016 0.181057909909425 -0.193995891524714
80.9999999999997 45.1416211459529 92.283592984857 82.968481149482 25.6356613116646 0.178057926601162 -0.20269813615915
81.0999999999997 45.200971217601 92.2598644193951 82.9202149357462 25.6105663161999 0.17492546004345 -0.212229040840706
81.1999999999997 45.2603886878941 92.2355788116066 82.8721946900789 25.5853730425652 0.171665954691127 -0.222657432692831
81.2999999999997 45.3198781051811 92.2107430972024 82.8244142940591 25.5600904039497 0.168285668723535 -0.23407986424985
81.3999999999997 45.3794437384368 92.1853645902583 82.7768672898276 25.5347274695956 0.16479135271338 -0.246605777945395
81.4999999999996 45.4390895526487 92.1594509888025 82.7295468909609 25.5092934714102 0.161190257296658 -0.260359303906928
81.5999999999996 45.4988191855803 92.1330103804025 82.6824459933436 25.483797810579 0.157490151236335 -0.275481268830294
81.6999999999996 45.5586359259594 92.1060512477525 82.6355571860416 25.4582500641786 0.153699352248298 -0.29213140905828
81.7999999999996 45.6185426931377 92.0785824742608 82.5888727621757 25.4326599917886 0.149826773329417 -0.310490758090992
81.8999999999996 45.6785420182568 92.0506133496368 82.542384729794 25.407037542105 0.145881987767683 -0.33076414127634
81.9999999999996 45.7386360269521 92.022153575478 82.4960848227456 25.3813928595525 0.14187531651924 -0.353182650739171
82.0999999999996 45.7988264236224 91.9932132708012 82.449964511602 25.3557362908701 0.137818326606054 -0.377934151180568
82.1999999999996 45.8591144773426 91.9638029761042 82.404015015841 25.3300783909851 0.13372508082645 -0.405208257171131
82.2999999999996 45.9195010096317 91.9339336536992 82.3582273192351 25.3044299270836 0.129611065128161 -0.43527464526293
82.3999999999996 45.9799863841562 91.9036166865775 82.3125921865025 25.2788018819693 0.125492978185653 -0.468419414836647
82.4999999999996 46.0405704983248 91.8728638772175 82.2671001800058 25.2532054573954 0.121388953921386 -0.504937747437941
82.5999999999996 46.1012527767346 91.8416874463934 82.2217416764515 25.2276520773962 0.117318823913863 -0.545121402633637
82.6999999999996 46.1620321664222 91.8101000319825 82.1765068835895 25.2021533916189 0.113304419431859 -0.589238865368337
82.7999999999996 46.2229071338748 91.7781146877742 82.1313858569118 25.1767212786556 0.109369908806559 -0.637505399622546
82.8999999999996 46.283875663751 91.7457448822775 82.086368516352 25.1513678493748 0.105542159248672 -0.690039834722305
82.9999999999996 46.3449352592638 91.7130044975297 82.0414446629846 25.1261054502532 0.101851102079315 -0.746804930486023
83.0999999999996 46.4060829442045 91.6799078278282 81.9966039957702 25.1009466666568 0.0983304036668466 -0.807320114390985
83.1999999999995 46.467315267273 91.6464695764945 81.9518361294962 25.0759043248061 0.0950185273931399 -0.870694912264454
83.2999999999995 46.5286283098657 91.6127048476381 81.9071306157531 25.0509914903989 0.0919573796074751 -0.935766770968519
83.3999999999995 46.5900176962103 91.5786291359526 81.8624769651061 25.026221465918 0.0891915640688229 -1.00084225600022
83.4999999999995 46.6514786050584 91.544258316435 81.8178646693129 25.0016077878876 0.0867676140097226 -1.06365351824946
83.5999999999995 46.7130057828076 91.5096086341057 81.7732832235414 24.9771642241296 0.084732730440899 -1.1213970903093
83.6999999999995 46.7745935579511 91.4746966937282 81.7287221485876 24.9529047710204 0.0831329900078156 -1.17089488965872
83.7999999999995 46.8362358567593 91.4395394495286 81.6841710130929 24.9288436507474 0.0820110871335028 -1.20889842909522
83.8999999999995 46.8979262201025 91.4041541949159 81.6396194557623 24.9049953085653 0.0814038138910368 -1.23251456823867
83.9999999999995 46.9596578213267 91.3685585522011 81.595057207582 24.8813744100528 0.0813396203393444 -1.23967382012571
84.0999999999995 47.0214234851521 91.332770462249 81.5504741140541 24.8579958383074 0.0818366018954039 -1.22928188295869
84.1999999999995 47.0832157087802 91.2968081723541 81.5058601578759 24.8348746895354 0.0829009135555853 -1.20168328060972
84.2999999999995 47.1450266871324 91.2606902196084 81.4612054827471 24.8120262645686 0.084526563993479 -1.15881920662708
84.3999999999995 47.2068483400716 91.2244354124941 81.4165004176219 24.7894660587762 0.0866966947129776 -1.10362779003713
84.4999999999995 47.2686723402198 91.1880628124081 81.3717355009774 24.7672097519146 0.0893857380485911 -1.03955079470955
84.5999999999995 47.3304901412088 91.1515917151859 81.3269015050824 24.745273197978 0.0925620177648442 -0.970046414019793
84.6999999999995 47.3922930062547 91.1150416326258 81.2819894602666 24.7236724150481 0.0961903581886059 -0.898215977806872
84.7999999999995 47.4540720369508 91.0784322740134 81.2369906791888 24.7024235751445 0.100234375313142 -0.826588831052891
84.8999999999995 47.5158182021791 91.0417835276456 81.1918967811064 24.6815429940748 0.104658273614731 -0.757053678761013
84.9999999999994 47.577522367043 91.005115442355 81.1466997161436 24.6610471212847 0.109428107883353 -0.690894567338164
85.0999999999994 47.6391753217821 90.9684482089893 81.1013917895472 24.6409525296516 0.114512281130598 -0.628848979303366
85.1999999999994 47.7007678119416 90.931802140731 81.0559656855917 24.6212759038058 0.119881012043998 -0.571284902933499
85.2999999999994 47.7622905718231 90.8951976504718 81.0104144905979 24.6020340247152 0.125507157504747 -0.518321102696763
85.3999999999994 47.8237343588275 90.8586552270274 80.9647317155999 24.5832437527977 0.13136642410931 -0.469868880428367
85.4999999999994 47.8850899871776 90.8221954113067 80.9189113190007 24.5649220109769 0.137437193308517 -0.425707417956229
85.5999999999994 47.9463483608455 90.7858387724824 80.8729477292262 24.5470857677381 0.143700274583819 -0.385539854353912
85.6999999999994 48.0075005055614 90.7496058841604 80.82683586738 24.5297520201836 0.150138627139077 -0.349032905468565
85.7999999999994 48.0685375997825 90.7135173005499 80.7805711698981 24.5129377770892 0.156737076484609 -0.31584352376429
85.8999999999994 48.1294510044975 90.6775935326329 80.7341496112032 24.4966600419593 0.163482041974032 -0.285635911535655
85.9999999999994 48.190232291744 90.6418550243343 80.6875677263598 24.4809357960833 0.17036128424638 -0.258091657442687
86.0999999999994 48.2508732717789 90.6063221286809 80.6408226336625 24.4657819815537 0.177363561781638 -0.23296990147923
86.1999999999994 48.3113660204366 90.5710150836706 80.5939120555172 24.4512154833166 0.184478043940502 -0.21004703101688
86.2999999999994 48.3717029091915 90.5359539874098 80.5468343349854 24.4372531087642 0.191694400544091 -0.189067379266919
86.3999999999994 48.4318766351168 90.5011587729608 80.4995884506206 24.423911566359 0.199002732383338 -0.169801277897721
86.4999999999994 48.4918802489376 90.4666491831786 80.4521740312385 24.411207444221 0.206393417653273 -0.152043295998461
86.5999999999994 48.5517071809703 90.4324447455478 80.4045913706883 24.3991571887146 0.213856979261371 -0.135610137926614
86.6999999999993 48.6113512647996 90.3985647470193 80.3568414426227 24.3877770830357 0.221383971609895 -0.120338433824539
86.7999999999993 48.6708067585476 90.3650282088467 80.3089259152687 24.3770832257987 0.228964885688059 -0.106082565376738
86.8999999999993 48.730068363582 90.3318538614236 80.2608471661982 24.3670915096234 0.236590071581309 -0.0927126085769729
86.9999999999993 48.7891312405112 90.2990601191196 80.2126082970987 24.3578175997223 0.244249677780929 -0.0801124358355411
87.0999999999993 48.8479910223835 90.2666650551623 80.1642131484268 24.3492769124972 0.251933893062477 -0.0682657674089838
87.1999999999993 48.9066438267306 90.2346863776737 80.1156663110192 24.3414845943838 0.259633728811524 -0.0571568467040643
87.2999999999993 48.9650862693561 90.2031414086403 80.0669731299819 24.3344555013278 0.267340046051789 -0.0466888796657706
87.3999999999993 49.0233154772008 90.1720470640403 80.0181397055359 24.3282041785088 0.275043221485038 -0.0367760125559766
87.4999999999993 49.0813290984641 90.1414198340132 79.9691728937467 24.3227448400737 0.282733124183375 -0.0273417945220162
87.5999999999993 49.1391253097962 90.111275763031 79.9200803072535 24.3180913488707 0.290399106803945 -0.0183178588106116
87.6999999999993 49.1967028204459 90.0816304300684 79.8708703159985 24.3142571961827 0.298030011486799 -0.00964279074685291
87.7999999999993 49.2540608732514 90.0524989287739 79.8215520479562 24.3112554814607 0.305614190703922 -0.00126115481601028
87.8999999999993 49.3111992423684 90.0238958476401 79.7721353898624 24.3090988920578 0.313139543380489 0.00687734295495378
87.9999999999993 49.3681182276345 89.9958352501742 79.7226309879439 24.3077996829627 0.320593566609246 0.0148185776241219
88.0999999999993 49.4248186455474 89.968330655131 79.6730502485354 24.3073696565628 0.327963827400638 0.0225283095753475
88.1999999999993 49.4813018185122 89.9413950183618 79.6234053357867 24.3078201431777 0.335239185791047 0.0299723300627627
88.2999999999993 49.5375695653442 89.9150407187656 79.5737091619828 24.3091619835485 0.342408530803339 0.0371903269336338
88.3999999999993 49.5936241906873 89.8892795458567 79.5239753749525 24.3114055120965 0.349460422446833 0.0442180822861408
88.4999999999992 49.6494684717131 89.8641226873943 79.474218345367 24.3145605402123 0.356383166094684 0.0510880206290906
88.5999999999992 49.7051056420095 89.8395807170124 79.4244531540364 24.3186363395447 0.363164899000238 0.0578296801785516
88.6999999999992 49.7605393726489 89.8156635818489 79.3746955792081 24.3236416252893 0.369793688516233 0.0644701197741628
88.7999999999992 49.8157737504353 89.7923805901761 79.3249620838638 24.3295845394775 0.376257641418593 0.0710342716861237
88.8999999999992 49.8708132533465 89.7697403990294 79.2752698030171 24.3364726342652 0.382545023561199 0.0775452487457329
88.9999999999992 49.9256627232029 89.7477510018377 79.2256365310111 24.344312855222 0.388644388895041 0.0840246127148128
89.0999999999992 49.980327335696 89.7264197161537 79.176080708693 24.3531115246936 0.394545436121379 0.0904070767272761
89.1999999999992 50.0348125700272 89.7057531740112 79.1266214073919 24.362874327099 0.400241182909098 0.0966250685341593
89.2999999999992 50.0891241822173 89.6857573189497 79.0772783047806 24.3736062991325 0.405725693918013 0.102694149133681
89.3999999999992 50.1432681795313 89.6664374056648 79.0280716575413 24.3853118219009 0.410993398890491 0.108628046534735
89.4999999999992 50.1972507941464 89.6477979997608 78.9790222739081 24.3979946131327 0.416039157785767 0.114438922223438
89.5999999999992 50.2510784560611 89.6298429775025 78.9301514862091 24.4116577193895 0.420858324936401 0.120137604975766
89.6999999999992 50.3047577653298 89.612575525567 78.8814811234089 24.426303508276 0.425446811480481 0.1257337969746
89.7999999999992 50.3582954637042 89.5959981407956 78.8330334836509 24.4419336606504 0.429801145351411 0.131236256255935
89.8999999999992 50.4116984057669 89.5801126299464 78.7848313067999 24.4585491628349 0.433918528151341 0.136652958739204
89.9999999999992 50.4649735296423 89.5649201094452 78.7368977469843 24.4761502988259 0.437796888287424 0.141991242461667
90.0999999999992 50.5181278274336 89.5504210052261 78.6892563450734 24.4947366425892 0.441435625967952 0.147202804126201
90.1999999999992 50.5711683171525 89.5366150548492 78.6419309994549 24.5143070525467 0.444837618529075 0.152235316087121
90.2999999999991 50.6241020193664 89.5235013154026 78.5949459325015 24.5348596716296 0.44800691401351 0.157089167406141
90.3999999999991 50.6769359367221 89.5110781736828 78.5483256553363 24.5563919295233 0.450947964786784 0.161764201779529
90.4999999999991 50.7296770348947 89.4993433564629 78.5020949325351 24.5789005449972 0.453665581175816 0.166259878230936
90.5999999999991 50.7823322248946 89.488293940761 78.4562787468273 24.6023815282339 0.456164881913756 0.170575418747525
90.6999999999991 50.8349083467134 89.4779263641078 78.4109022637972 24.6268301831594 0.458451242350744 0.174709944077489
90.7999999999991 50.8874121542719 89.4682364348152 78.3659907965852 24.6522411097719 0.460530241403137 0.178662598589273
90.8999999999991 50.9398503016206 89.4592193422443 78.3215697705892 24.6786082064721 0.462407608220404 0.18243266482737
90.9999999999991 50.9922293303287 89.4508696670732 78.2776646881661 24.7059246723922 0.464089169520393 0.186019668232429
91.0999999999991 51.0445556580382 89.4431813916243 78.2343010933113 24.7341830098071 0.465581380159208 0.189397432892304
91.1999999999991 51.0968355694881 89.4361479117144 78.1915045357777 24.7633750286622 0.466892902248224 0.192536351596234
91.2999999999991 51.1490752125028 89.4297620523733 78.1493005337719 24.7934918564745 0.468032584627203 0.195431429579585
91.3999999999991 51.2012805972217 89.4240160850866 78.1077145360895 24.8245239503508 0.469008759118133 0.198078288088134
91.4999999999991 51.2534575971648 89.4189017450964 78.0667718842287 24.8564611090867 0.46982915285177 0.200473280706084
91.5999999999991 51.3056119518806 89.4144102487023 78.0264977745042 24.8892924852666 0.47050080973368 0.202613597548868
91.6999999999991 51.3577492709595 89.4105323105623 77.9869172201611 24.9230065973625 0.471030022008027 0.204497356408121
91.7999999999991 51.409875039184 89.4072581609945 77.9480550134886 24.9575913418337 0.471422272710574 0.206123680015001
91.8999999999991 51.461994622579 89.404577563277 77.9099356879334 24.9930340052263 0.471682189624993 0.207492758704698
91.999999999999 51.5141132751172 89.40247983095 77.872583480214 25.0293212762725 0.471813511189644 0.208605897936234
92.099999999999 51.5662361458385 89.40095384514 77.8360222924985 25.0664392580652 0.47181979461632 0.209484267852731
92.199999999999 51.6183682864082 89.3999880725119 77.8002756562481 25.1043734821958 0.471706584987532 0.210144958912148
92.299999999999 51.6705146597599 89.3995705848093 77.7653667002914 25.1431089278725 0.471479181795476 0.210584863983029
92.399999999999 51.7226801499173 89.3996890790222 77.7313181205638 25.1826300430011 0.471141865475331 0.210802039488481
92.499999999999 51.7748695726686 89.4003308975782 77.6981521499114 25.2229207653419 0.470697866449151 0.210795732848136
92.599999999999 51.8270876868251 89.4014830485336 77.665890527895 25.2639645436658 0.470149346965745 0.210566396540185
92.699999999999 51.8793392057946 89.4031322257647 77.6345544705939 25.3057443589109 0.469497395761655 0.21011568839697
92.799999999999 51.9316288092052 89.4052648291596 77.6041646404097 25.3482427453388 0.468742035426546 0.209446458061949
92.899999999999 51.9839611543091 89.4078669848087 77.5747411158703 25.3914418116912 0.467882242218419 0.20856271987418
92.999999999999 52.0363408869052 89.4109245651968 77.5463033614337 25.4353232623466 0.466915977942192 0.207469612767317
93.099999999999 52.0887726515051 89.4144232093745 77.5188701973632 25.4798684185037 0.465840703484912 0.206210712505105
93.199999999999 52.1412611001592 89.4183483426319 77.4924597714602 25.525058240086 0.464654888999582 0.204827089696018
93.299999999999 52.1938108994725 89.4226851949044 77.4670895355096 25.570873349472 0.463356729254846 0.203321620903822
93.399999999999 52.2464267366355 89.4274188186801 77.4427762235841 25.6172940559457 0.4619437194512 0.201698060917348
93.499999999999 52.2991133247342 89.432534106888 77.4195358304184 25.6643003801749 0.460412695850391 0.199960999425584
93.599999999999 52.3518754071631 89.4380158107858 77.397383589784 25.7118720786887 0.458759883927351 0.198115813213138
93.699999999999 52.4047177609522 89.4438485578481 77.3763339528641 25.7599886683561 0.456980953378382 0.196168614737226
93.7999999999989 52.45764519883 89.4500168696544 77.3564005666285 25.8086294508637 0.455071079228182 0.194126198058742
93.8999999999989 52.5106625698542 89.4565051797772 77.3375962522076 25.8577735371938 0.45302500820564 0.191995983145318
93.9999999999989 52.5637747584511 89.46329785167 77.3199329832683 25.9073998721028 0.450837129482191 0.189785959652817
94.0999999999989 52.6169866816819 89.4703791965252 77.3034218645225 25.9574872586059 0.448502391069098 0.187549799759162
94.1999999999989 52.6703032837228 89.4777334903504 77.2880731137351 26.0080143826562 0.446018976657866 0.185335806983073
94.2999999999989 52.723729526586 89.4853449890599 77.2738960526129 26.0589598383103 0.443385952000704 0.183144716665428
94.3999999999989 52.7772703793554 89.4931979427843 77.2608991011921 26.1103021530891 0.440602449556198 0.180977791730133
94.4999999999989 52.83093080701 89.5012766101501 77.2490897723599 26.1620198133436 0.437667674468714 0.178836808203662
94.5999999999989 52.8847157588222 89.5095652725598 77.2384746663765 26.2140912896225 0.434580911443173 0.176724042123713
94.6999999999989 52.9386301562798 89.5180482484706 77.2290594653971 26.2664950620385 0.431341532209918 0.174642258282848
94.7999999999989 52.9926788804872 89.5267099076751 77.2208489279938 26.3192096456357 0.427949003262717 0.172594701230012
94.8999999999989 53.0468667590046 89.5355346855803 77.2138468836774 26.3722136157562 0.424402893554159 0.170585089075384
94.9999999999989 53.1011985520903 89.5445070974872 77.2080562274195 26.4254856334068 0.420702881825575 0.16861761067085
95.0999999999989 53.1556789382495 89.5536117528263 77.2034789143096 26.4790044705758 0.41684957036522 0.166734700864176
95.1999999999989 53.2103124974405 89.5628333682419 77.20011595774 26.5327490342275 0.412847012947988 0.16497409125044
95.2999999999989 53.2651036898626 89.5721567777525 77.1979674365422 26.5866983869465 0.408700441631405 0.163333654358774
95.3999999999989 53.3200568338889 89.5815669417608 77.1970325056509 26.6408317662604 0.404415419860504 0.161811779266424
95.4999999999988 53.3751760850416 89.5910489560191 77.1973094069028 26.6951286039117 0.399997775440088 0.160407377239178
95.5999999999988 53.4304654160988 89.6005880605947 77.1987954798362 26.7495685451302 0.395453535695676 0.159119890157866
95.6999999999988 53.4859285983398 89.6101696488353 77.2014871724902 26.8041314679052 0.390788865225198 0.157949302239341
95.7999999999988 53.5415691839306 89.619779276334 77.2053800522036 26.8587975022571 0.386010006596389 0.156896155589822
95.8999999999988 53.5973904894445 89.6294026698954 77.210468816415 26.9135470495103 0.381123224288382 0.155961570161453
95.9999999999988 53.6533955805055 89.6390257365001 77.2167473034608 26.9683608015648 0.376134752123773 0.155147268786979
96.0999999999988 53.7095872574946 89.6486345722459 77.2242085034579 27.0232197601137 0.371051260792152 0.154466790122595
96.1999999999988 53.7659680411797 89.6582154706381 77.232844571316 27.0781052544349 0.365881412838922 0.153930890606756
96.2999999999988 53.8225401568075 89.6677549292311 77.2426468451645 27.132998955565 0.360634343573013 0.153537975914342
96.3999999999988 53.8793055190171 89.6772396556206 77.2536058669113 27.187882889047 0.35531908452277 0.153286970287925
96.4999999999988 53.936265718812 89.6866565734105 77.2657114028827 27.2427394476235 0.349944495558902 0.153177324058775
96.5999999999988 53.9934220125959 89.6959928281798 77.2789524644644 27.2975514039303 0.34451920407643 0.153209025017142
96.6999999999988 54.0507753132145 89.7052357934498 77.2933173287424 27.3523019231894 0.339051551181072 0.153382614033372
96.7999999999988 54.1083261829417 89.7143730766508 77.3087935591429 27.4069745759023 0.333549544738652 0.153699205424116
96.8999999999988 54.1660748283409 89.7233925250894 77.3253680260734 27.4615533505429 0.328020819068128 0.154160512590684
96.9999999999988 54.2240210969268 89.7322822319152 77.3430269275629 27.5160226662514 0.322472600997463 0.154768879522592
97.0999999999988 54.2821644754954 89.7410305420573 77.3617558099749 27.5703673854488 0.316912186164247 0.155533056359007
97.1999999999988 54.3405040887236 89.7496260573598 77.3815395905861 27.6245728244103 0.311348482358774 0.15645837830668
97.2999999999987 54.399038696172 89.7580576396855 77.4023625849069 27.6786247586602 0.305790558464934 0.157542709051615
97.3999999999987 54.4577666902783 89.7663144132193 77.4242085358668 27.7325094263238 0.300247113217773 0.158784078494602
97.4999999999987 54.5166860967058 89.7743857667404 77.4470606430737 27.7862135314025 0.294726440560005 0.160180644748989
97.5999999999987 54.5757945769991 89.7822613558946 77.4709015920718 27.8397242470484 0.289236401682748 0.161730655240626
97.6999999999987 54.6350894334339 89.7899311054673 77.4957135836002 27.8930292188381 0.283784403125005 0.163432406979041
97.7999999999987 54.6945676159471 89.7973852116552 77.5214783628512 27.9461165680483 0.278377380285085 0.165284206084967
97.8999999999987 54.7542257310322 89.8046141443393 77.5481772487286 27.9989748949293 0.273021785694665 0.167284326765614
97.9999999999987 54.8140600524833 89.8116086493568 77.5757911631063 28.05159328198 0.267723581406108 0.169430969973607
98.0999999999987 54.8740665338202 89.8183597507475 77.6043006600898 28.1039612971629 0.262488383867129 0.171733174711978
98.1999999999987 54.9342408209609 89.8248587523104 77.6336859553644 28.1560689955692 0.25732197143764 0.174198580196432
98.2999999999987 54.994578263029 89.8310972374126 77.6639269557617 28.2079069171509 0.252229940869469 0.176822738864267
98.3999999999987 55.0550739234832 89.837067068108 77.6950032889133 28.2594660829036 0.247217565179228 0.179600485058618
98.4999999999987 55.1157225928354 89.8427603842309 77.726894332907 28.3107379909889 0.242289786657879 0.182525814435049
98.5999999999987 55.1765188029105 89.8481696024886 77.7595792459432 28.3617146128577 0.237451211548027 0.185591758558637
98.6999999999987 55.2374568425505 89.8532874155544 77.7930369959915 28.4123883893728 0.232706105844339 0.188790256116796
98.7999999999987 55.2985307746654 89.8581067911608 77.8272463904475 28.462752226932 0.228058391705987 0.192112022625943
98.8999999999987 55.3597344545345 89.8626209711921 77.8621861057888 28.512799493591 0.223511644010513 0.195546420946952
98.9999999999987 55.421061549268 89.8668234707775 77.8978347172316 28.5625240151863 0.21906908662534 0.199081335457109
99.0999999999986 55.4825055582818 89.870708077362 77.9341707283484 28.6119200714205 0.214733547031351 0.20272814311136
99.1999999999986 55.5440598333353 89.8742688492043 77.9711725996626 28.6609823909794 0.210507398913469 0.206498850725959
99.2999999999986 55.6057175958634 89.8775001124186 78.0088187746503 28.7097061441887 0.206392801370765 0.210379675046711
99.3999999999986 55.6674719537168 89.8803964574448 78.0470877047203 28.7580869347019 0.202391747065768 0.214354800594316
99.4999999999986 55.7293159186171 89.8829527354949 78.0859578741538 28.8061207911505 0.198506050214921 0.218406235059577
99.5999999999986 55.7912424243254 89.8851640550004 78.1254078250451 28.8538041587954 0.194737333103615 0.222513681945189
99.6999999999986 55.8532443454701 89.8870257780599 78.165416182242 28.9011338911767 0.19108701097667 0.226654436885277
99.7999999999986 55.9153145169802 89.8885335168859 78.2059616782857 28.9481072417651 0.187556275216671 0.230803314402258
99.8999999999986 55.9774457540724 89.8896831302518 78.2470231783515 28.9947218556116 0.184146074792573 0.234932612106282
99.9999999999986 56.0396308727417 89.8904707199398 78.2885797051894 29.0409757609988 0.18085709603655 0.239012119122709
100.099999999999 56.101862710649 89.8908926271762 78.3306104639943 29.0868673610787 0.177689572650348 0.243054144370009
100.199999999999 56.1641341469443 89.8909454287794 78.3730948654789 29.1323954251795 0.174642838565728 0.24707601326186
100.299999999999 56.2264381186558 89.8906259325734 78.4160125443783 29.1775590792731 0.171715951457996 0.251051692344287
100.399999999999 56.288767635776 89.8899311725139 78.4593433761556 29.2223577961117 0.168907859871692 0.254953215845117
100.499999999999 56.3511157964155 89.888858403802 78.5030674936385 29.2667913853519 0.166217381371113 0.258750798300761
100.599999999999 56.4134758020644 89.8874050979989 78.5471653036561 29.3108599836779 0.163643180155638 0.262412990610287
100.699999999999 56.4758409729464 89.8855689381402 78.5916175036749 29.3545640449262 0.161183744427554 0.265906879920705
100.799999999999 56.5382047634501 89.8833478138499 78.6364050984363 29.3979043302088 0.158837363844382 0.269198331974652
100.899999999999 56.60056077762 89.8807398164549 78.681509416592 29.4408818980373 0.156602107431415 0.272252272534211
100.999999999999 56.6629027846908 89.8777432340993 78.7269121273414 29.4834980944468 0.154475802364348 0.275033002375599
101.099999999999 56.7252247345941 89.8743565468578 78.7725952569896 29.525754543124 0.152455825883995 0.2775708168243
101.199999999999 56.7875207720481 89.8705784218256 78.8185412034714 29.5676531356494 0.150538606925591 0.279906603214683
101.299999999999 56.8497852469574 89.8664077081496 78.8647327457113 29.6091960220281 0.14872032368087 0.282020401033065
101.399999999999 56.9120127231898 89.8618434320357 78.9111530509489 29.6503856013346 0.146997101638487 0.283892523303135
101.499999999999 56.9741979870781 89.8568847917556 78.9577856819868 29.6912245123621 0.145365003745358 0.285503697761628
101.599999999999 57.0363360557087 89.8515311526533 79.0046146044374 29.7317156242711 0.143820021865607 0.286835197249257
101.699999999999 57.0984221850045 89.8457820421517 79.0516241939707 29.7718620272393 0.142358069655522 0.28786895513918
101.799999999998 57.1604518776051 89.8396371447596 79.0987992435614 29.8116670231101 0.140974976961352 0.288587661848472
101.899999999998 57.2224208905514 89.8330962970778 79.1461249707367 29.8511341160418 0.139666485832047 0.288974838866347
101.999999999998 57.2843252427758 89.8261594828065 79.1935870248229 29.8902670031573 0.138428248227102 0.289014887162398
102.099999999998 57.3461612223522 89.8188268277565 79.241171494124 29.9290695652045 0.137255690181418 0.288770860107867
102.199999999998 57.4079253923298 89.8110985950004 79.2888649112829 29.9675458575311 0.136143679221729 0.288316380701121
102.299999999998 57.4696145932138 89.8029751803761 79.3366542540346 30.0057001018547 0.135087058088454 0.287652483485319
102.399999999998 57.5312259439022 89.7944571081286 79.3845269441441 30.0435366783452 0.134080799159594 0.286780251482558
102.499999999998 57.5927568422534 89.7855450265578 79.4324708462738 30.0810601177204 0.133120005581855 0.285700703571854
102.599999999998 57.654204965347 89.7762397036659 79.4804742668515 30.1182750933412 0.132199912515688 0.284414683875279
102.699999999998 57.7155682694575 89.7665420228049 79.5285259529376 30.155186413306 0.131315888491836 0.282922754308284
102.799999999998 57.7768449897537 89.7564529783241 79.5766150910935 30.1917990125468 0.130463436889064 0.281225091069134
102.899999999998 57.838033639741 89.7459736712177 79.6247313062485 30.2281179449235 0.129638197546343 0.279321385714893
102.999999999998 57.8991330104561 89.7351053047722 79.6728646605683 30.2641483753194 0.128835948534505 0.277210751118889
103.099999999998 57.9601421693939 89.7238491802186 79.7210056522691 30.2998955717465 0.1280525580247 0.274965429278805
103.199999999998 58.0210604582504 89.7122066925006 79.7691452130497 30.3353648977167 0.127283885218522 0.272663277115403
103.299999999998 58.0818874879939 89.7001793263401 79.8172747020149 30.3705618052884 0.126526015787551 0.270310417900868
103.399999999998 58.1426231327187 89.6877686524185 79.8653858982157 30.4054918283785 0.125775320126432 0.267911737477526
103.499999999998 58.2032675232153 89.6749763235626 79.9134709931371 30.4401605760853 0.12502844856993 0.265470885819893
103.599999999998 58.2638210403169 89.6618040709309 79.9615225831854 30.4745737260109 0.124282326288372 0.262990286714567
103.699999999998 58.3242843080412 89.6482537001993 80.0095336621759 30.508737017584 0.123534147908959 0.260471153658961
103.799999999998 58.3846581865491 89.6343270877477 80.0574976138199 30.542656245382 0.122781371901219 0.257913510327723
103.899999999998 58.4449437649391 89.6200261768455 80.1054082042127 30.5763372524541 0.122021714759099 0.255316214199157
103.999999999998 58.5051423538932 89.605352973838 80.1532595743209 30.6097859236435 0.121253145000533 0.252676982249905
104.099999999998 58.5652554781758 89.5903095443326 80.2010462324423 30.6430081789149 0.120473888178743 0.250037284283194
104.199999999998 58.6252848685125 89.5748980093908 80.2487630459514 30.6760099667978 0.119682474615404 0.247440093377434
104.299999999998 58.6852324520877 89.5591205417361 80.2964052312313 30.7087972581264 0.118877733313129 0.244883709922519
104.399999999998 58.7451003424527 89.5429793619668 80.343968342891 30.741376039897 0.118058775031747 0.242365365604146
104.499999999998 58.8048908293465 89.52647673477 80.391448262955 30.7737523091282 0.117224980938455 0.239881271076263
104.599999999998 58.8646063684717 89.5096149651349 80.4388411900532 30.8059320667226 0.116375990997531 0.237426659692961
104.699999999998 58.924249571239 89.4923963945663 80.4861436286108 30.8379213113279 0.115511692088182 0.234995827684055
104.799999999998 58.9838231945022 89.4748233972988 80.5333523780383 30.869726033198 0.114632205843755 0.232582171327077
104.899999999998 59.0433301302953 89.4568983765095 80.5804645219206 30.9013522080538 0.113737876203358 0.230178221824998
104.999999999998 59.1027733955915 89.4386237605324 80.6274774172076 30.932805790945 0.112829256674959 0.227775678777285
105.099999999998 59.1621561220852 89.4200019990692 80.6743886833904 30.9640927101119 0.111907123338359 0.22538880887513
105.199999999998 59.2214815457895 89.4010355593524 80.7211961913382 30.9952188608839 0.110972546747879 0.22303184652158
105.299999999998 59.2807529961036 89.3817269221808 80.7678980512708 31.0261900996668 0.110026811731082 0.220695266401461
105.399999999998 59.3399738847314 89.3620785779067 80.8144926003919 31.0570122379664 0.109071377248736 0.218368805470347
105.499999999998 59.3991476946894 89.3420930224209 80.8609783905085 31.0876910364126 0.108107860206155 0.216041497048705
105.599999999998 59.458277969425 89.3217727531372 80.9073541756506 31.1182321987841 0.107138019122816 0.213701708536714
105.699999999998 59.5173683020565 89.3011202649773 80.953618899691 31.1486413660331 0.106163737720248 0.211337184231823
105.799999999998 59.5764223247426 89.2801380463562 80.9997716839649 31.1789241103094 0.105187008501845 0.208935094670568
105.899999999998 59.6354436981916 89.2588285751665 81.0458118148896 31.2090859289856 0.104209916412548 0.206482093853131
105.999999999998 59.6944361013175 89.2371943147635 81.0917387315843 31.2391322386809 0.103234622680385 0.203964385582612
106.099999999998 59.7534032210523 89.2152377099539 81.1375520134925 31.2690683692902 0.102263317061346 0.201373192016304
106.199999999998 59.8123487423914 89.1929611830825 81.1832513680723 31.2988995581279 0.101298107651979 0.198700744996979
106.299999999998 59.8712763387845 89.1703671303673 81.2288366186616 31.3286309443601 0.100341103646113 0.195934339715754
106.399999999998 59.9301896627537 89.1474579183333 81.2743076924106 31.3582675635532 0.099394433951128 0.193061174952714
106.499999999998 59.9890923366672 89.1242358802497 81.3196646082177 31.3878143422249 0.0984602345123754 0.190068457483739
106.599999999998 60.0479879436719 89.1007033125667 81.3649074646649 31.4172760923966 0.0975406365902298 0.186943515448142
106.699999999998 60.1068800187854 89.0768624713531 81.4100364279539 31.4466575061452 0.0966377561531046 0.183673920019166
106.799999999998 60.165772040152 89.0527155687336 81.4550517198412 31.475963150155 0.0957536845545561 0.180247614404387
106.899999999998 60.2246674204627 89.0282647693255 81.499953605574 31.5051974602697 0.0948904806618056 0.176653048930006
106.999999999998 60.2835694985416 89.0035121866763 81.5447423818256 31.534364736044 0.0940501645990576 0.172879320669499
107.099999999998 60.3424815311105 88.9784598797142 81.5894183646435 31.5634691353083 0.0932346053554364 0.168930999346736
107.199999999998 60.4014066849696 88.9531098495443 81.6339818777108 31.592514669058 0.0924451980091491 0.164817281061399
107.299999999998 60.460348029958 88.9274640371228 81.6784332414044 31.6215051971674 0.0916831934440743 0.160535387443243
107.399999999998 60.5193085322808 88.9015243212771 81.7227727621675 31.650444424429 0.0909498092430448 0.156083412201632
107.499999999998 60.5782910479559 88.875292516739 81.7670007218939 31.6793358966047 0.0902462335274695 0.15146038164589
107.599999999998 60.6372983163739 88.8487703721782 81.8111173673123 31.7081829964775 0.0895736305108785 0.146666308551184
107.699999999998 60.6963329539728 88.8219595682355 81.8551228993707 31.7369889399031 0.0889331477689667 0.141702239339566
107.799999999998 60.7553974480307 88.7948617155562 81.8990174626208 31.7657567718611 0.0883259252173276 0.136570294719176
107.899999999998 60.8144941505778 88.7674783528232 81.9428011346021 31.7944893625068 0.0877531057533668 0.131273704338538
107.999999999998 60.8736252724326 88.7398109447906 81.9864739152266 31.8231894032226 0.0872158475020236 0.125816836174433
108.099999999998 60.9327928773753 88.7118608803354 82.0300357161788 31.8518594026889 0.0867151966878466 0.120241313690724
108.199999999998 60.9919988767745 88.683629470986 82.0734863507335 31.8805016834606 0.0862516846299702 0.114593600223007
108.299999999998 61.0512450251397 88.6551179506636 82.1168255246313 31.9091183798261 0.0858257733161615 0.108886428008863
108.399999999998 61.1105329160666 88.6263274758992 82.1600528273714 31.9377114361723 0.0854380117064494 0.10313280901077
108.499999999998 61.1698639782597 88.5972591260709 82.2031677235211 31.9662826053682 0.0850890501505755 0.0973459981279605
108.599999999998 61.2292394716263 88.567913903639 82.2461695440237 31.9948334471494 0.084779654910961 0.0915394635719892
108.699999999998 61.2886604834491 88.5382927343834 82.2890574775083 32.023365326502 0.0845107226446327 0.0857268643643014
108.799999999998 61.3481279246437 88.5083964676391 82.331830561598 32.0518794120466 0.0842832946924991 0.0799220345028535
108.899999999998 61.407642526111 88.4782258765328 82.3744876742192 32.0803766744226 0.0840985710157878 0.074138972760012
108.999999999998 61.46720483519 88.4477816582191 82.4170275249103 32.108857884672 0.0839579236157922 0.0683918366008092
109.099999999998 61.526815212239 88.4170644341318 82.4594486461474 32.1373236126494 0.0838627857830766 0.0627513052376805
109.199999999998 61.5864738277617 88.3860747506287 82.5017493851081 32.1657742261022 0.0838142913549137 0.0572890549165076
109.299999999998 61.6461806607206 88.3548130806334 82.5439278965471 32.194209891452 0.0838136493072886 0.0520201234890238
109.399999999998 61.7059354973533 88.3232798256715 82.5859821361097 32.222630575246 0.0838622702190104 0.0469585631684463
109.499999999998 61.7657379300837 88.2914753179203 82.6279098536622 32.2510360456349 0.0839617682212024 0.0421174231592901
109.599999999998 61.8255873565223 88.25939982226 82.6697085866225 32.2794258738502 0.08411396167132 0.0375087246473591
109.699999999998 61.8854829785676 88.2270535383241 82.7113756532904 32.3077994356817 0.0843208725318198 0.0331434266331929
109.799999999998 61.9454238016194 88.1944366025496 82.7529081461781 32.336155912955 0.0845847244473226 0.0290313818478502
109.899999999998 62.005408633919 88.1615490902283 82.7943029253404 32.364494295009 0.0849079395254607 0.0251812827643389
109.999999999998 62.0654360860268 88.1283910175566 82.8355566117055 32.3928133801731 0.0852931338453715 0.0216005986106039
110.099999999998 62.1255045704697 88.0949623436934 82.8766655804212 32.4211117772682 0.0857430258284093 0.0183403050422886
110.199999999998 62.1856123020186 88.0612629730001 82.9176259546176 32.4493879077056 0.0862601601276087 0.0154484487711302
110.299999999998 62.2457572993029 88.0272927577418 82.9584336002267 32.4776400091051 0.086847135307323 0.0129255265993573
110.399999999998 62.3059373870379 87.9930515009724 82.9990841212177 32.505866139513 0.0875066742212114 0.0107698582167817
110.499999999998 62.366150198424 87.958538959425 83.039572854849 32.5340641816417 0.0882416110651036 0.00897757944501249
110.599999999998 62.4263931777167 87.9237548464035 83.0798948669198 32.5622318471099 0.0890548785891896 0.00754265730905444
110.699999999998 62.4866635829818 87.8886988346734 83.1200449470218 32.5903666806832 0.0899494956816568 0.00645693126452288
110.799999999998 62.5469584890511 87.8533705593532 83.1600176037905 32.6184660645137 0.0909285555383941 0.00571018395616494
110.899999999998 62.6072747906974 87.8177696208055 83.1998070601574 32.6465272223808 0.0919952146228625 0.00529024360830818
110.999999999998 62.6676092060443 87.781895587528 83.2394072486014 32.6745472239308 0.0931526826135754 0.00518311872908333
111.099999999998 62.7279582802521 87.7457479990462 83.2788118064249 32.7025229889323 0.0944041181867372 0.00537934402388015
111.199999999998 62.788318390045 87.7093263688374 83.3180140716608 32.7304512919154 0.0957523161979594 0.00586761079071292
111.299999999998 62.8486857499546 87.6726301873361 83.3570070805823 32.7583287677861 0.0971999533688562 0.00662899116627321
111.399999999998 62.9090564193912 87.6356589249718 83.3957835658442 32.7861519178262 0.0987496735844839 0.00764357927352459
111.499999999998 62.9694263100068 87.5984120352072 83.434335954648 32.8139171157064 0.100404084752656 0.00889078072646645
111.599999999998 63.0297911933463 87.5608889575772 83.4726563669071 32.841620613501 0.102165757700399 0.0103496033338038
111.699999999998 63.0901467088079 87.5230891207272 83.5107366134124 32.869258547701 0.104037226959078 0.0119989410664598
111.799999999998 63.1504883719334 87.485011945452 83.5485681939974 32.8968269452288 0.106020993244014 0.0138178439178502
111.899999999998 63.2108115830501 87.4466568477341 83.5861422957036 32.9243217294516 0.108119527395204 0.0157857671975
111.999999999998 63.2711116362881 87.4080232417827 83.6234497909457 32.9517387261954 0.110335275521633 0.0178827949658164
112.099999999998 63.3313837290176 87.3691105430686 83.6604812357073 32.9790736697594 0.112670562501229 0.0200561414398966
112.199999999998 63.3916229722517 87.3299181712644 83.6972268685171 33.0063222089346 0.115127271442577 0.0222579230309356
112.299999999998 63.4518244028485 87.2904455529453 83.7336766114098 33.033479913035 0.117707124335858 0.0244770465571009
112.399999999998 63.5119829966711 87.2506921241954 83.7698200716674 33.0605422779344 0.120411787029604 0.0267036079883542
112.499999999998 63.5720936821979 87.2106573332096 83.8056465435911 33.0875047321016 0.123242876235539 0.0289288930355785
112.599999999998 63.6321513545883 87.1703406428964 83.841145010273 33.1143626426379 0.126201965875058 0.0311453546167851
112.699999999998 63.6921508902268 87.1297415334801 83.8763041453678 33.1411113213122 0.129290592431051 0.0333465708261084
112.799999999998 63.7520871617715 87.0888595051035 83.911112314865 33.1677460305984 0.132510259000103 0.0355271871171906
112.899999999998 63.8119550537327 87.0476940804302 83.94555757886 33.1942619897109 0.135862437761931 0.0376828463764464
112.999999999998 63.8717494786082 87.0062448072468 83.9796276933262 33.2206543806413 0.139348570611347 0.0398101103165311
113.099999999998 63.9314653936206 86.9645112610575 84.0133101119166 33.2469183541817 0.142969979615581 0.0418562946323142
113.199999999998 63.9910978185013 86.9224930474677 84.0465919885424 33.2730490356145 0.146727581349148 0.0437756875114683
113.299999999998 64.0506418550004 86.880189804032 84.0794601819243 33.2990415295546 0.150622113824664 0.0455760702149964
113.399999999998 64.1100927074379 86.8376012018921 84.1119012609206 33.324890924458 0.154654210561043 0.0472652917887079
113.499999999998 64.169445703892 86.7947269474063 84.143901509885 33.3505922971175 0.158824387963095 0.0488511646532245
113.599999999998 64.2286963180248 86.751566783779 84.175446934025 33.3761407171587 0.163133029578196 0.0503413762174656
113.699999999998 64.2878401915642 86.7081204926899 84.2065232647597 33.4015312515352 0.167580367079326 0.0517434154752582
113.799999999998 64.3468731574594 86.664387895924 84.237115965078 33.4267589690247 0.172166457844651 0.0530645132901964
113.899999999998 64.4057912637232 86.6203688570006 84.2672102348964 33.4518189447246 0.176891159015016 0.0543115949625697
113.999999999998 64.4645907979758 86.5760632828033 84.2967910164174 33.4767062645476 0.181754097931448 0.0554912436038994
114.099999999998 64.5232683127082 86.5314711251975 84.3258429995074 33.5014160296975 0.186754602851132 0.0565651262373921
114.199999999998 64.5818206515252 86.4865923823499 84.3543506275961 33.5259433606188 0.191891544774577 0.0574995098246642
114.299999999998 64.6402449767655 86.4414270992896 84.3822981048998 33.5502833996125 0.197163381332248 0.0583068861845101
114.399999999998 64.6985387980734 86.3959753681696 84.4096694041656 33.5744313129256 0.202568144024044 0.0589988043250391
114.499999999998 64.7567000016553 86.3502373285182 84.436448274436 33.5983822928217 0.208103388977933 0.059585894410523
114.599999999998 64.8147268801878 86.3042131674891 84.4626182488135 33.62213155965 0.213766144153722 0.0600778983021217
114.699999999998 64.8726181633519 86.2579031201121 84.4881626522249 33.6456743639152 0.219552853193046 0.0604837049463853
114.799999999998 64.9303730489549 86.2113074695439 84.513064609186 33.6690059883477 0.225459316209953 0.0608113891566586
114.899999999998 64.9879912345974 86.1644265473188 84.5373070515661 33.6921217499727 0.231480627912705 0.0610682525961512
114.999999999998 65.0454729498262 86.1172607335989 84.5608727263523 33.7150170021804 0.237611113571617 0.0612608659786522
115.099999999998 65.1028189887094 86.0698104574146 84.5837442034146 33.7376871367767 0.243844316427952 0.0613697544220963
115.199999999998 65.1600307427994 86.0220761966239 84.6059038832883 33.7601275855402 0.250173086853202 0.0613770036578487
115.299999999998 65.2171102344841 85.9740584771627 84.6273340049978 33.7823338205263 0.256589350873758 0.0612903860194594
115.399999999998 65.2740601505926 85.9257578720144 84.6480166538982 33.8043013538775 0.26308399036315 0.0611169021436206
115.499999999998 65.3308838760961 85.8771750001689 84.6679337695167 33.826025737615 0.269646779446968 0.0608628427542403
115.599999999998 65.3875855277686 85.8283105255816 84.6870671533946 33.8475025634298 0.276266324863384 0.0605338486698013
115.699999999998 65.4441699876515 85.7791651561328 84.7053984769293 33.8687274624742 0.282930011981319 0.0601349689624478
115.799999999998 65.5006429361497 85.7297396425863 84.7229092892158 33.8896961051536 0.289623958378817 0.0596707172461577
115.899999999998 65.5570108845678 85.680034777549 84.7395810248882 33.9104042009171 0.296332977069217 0.0591451261187314
115.999999999998 65.6132812068782 85.6300513944293 84.7553950119624 33.9308474980495 0.303040551632324 0.0585617997883363
116.099999999998 65.6694621704881 85.5797903663912 84.7703324796597 33.9510217834516 0.309728956145787 0.057918306074046
116.199999999998 65.7255629656848 85.5292526051605 84.7843745657821 33.9709228821355 0.316379656498978 0.0572120094063778
116.299999999998 65.7815937334424 85.478439059458 84.7975023229447 33.9905466559959 0.32297294813778 0.0564457381020483
116.399999999998 65.837565591557 85.4273507132868 84.8096967243597 34.0098890022969 0.329487867818419 0.0556221182240598
116.499999999998 65.8934906589424 85.3759885842128 84.8209386696015 34.0289458521473 0.335902257606179 0.0547436193189689
116.599999999998 65.9493820778009 85.3243537216458 84.8312089903734 34.0477131689758 0.342192853755592 0.0538125979378468
116.699999999998 66.0052540333772 85.2724472051204 84.8404884562728 34.066186947007 0.348335402153758 0.0528313388029221
116.799999999998 66.0611217709954 85.2202701425772 84.8487577805576 34.0843632097364 0.354304801544459 0.0518020934213717
116.899999999998 66.1170016100815 85.1678236686436 84.8559976259118 34.102238008406 0.360075275169134 0.0507271158763954
116.999999999998 66.1729109548808 85.1151089429148 84.8621886102118 34.1198074204797 0.365620570748816 0.0496086955018353
117.099999999998 66.2288683015811 85.0621271482371 84.8673113122663 34.1370675481191 0.370914338427638 0.0484573862015335
117.199999999998 66.2848932414843 85.0088794890493 84.8713462768876 34.1540145166585 0.375930836241435 0.0472827467280996
117.299999999998 66.3410064599215 84.9553671898726 84.8742740182659 34.1706444730818 0.380644750879168 0.0460857674678931
117.399999999998 66.3972297310271 84.901591493859 84.876075022674 34.186953584498 0.385031330966225 0.0448676451549855
117.499999999998 66.4535859083475 84.8475536613414 84.8767297511472 34.2029380366184 0.389066683448839 0.0436297886409693
117.599999999998 66.5100989111694 84.7932549683839 84.8762186421617 34.2185940322323 0.392728077848499 0.0423738207264708
117.699999999998 66.5667937064888 84.7386967053328 84.8745221143153 34.2339177896834 0.39599425215043 0.0411015758116108
117.799999999998 66.6236962865943 84.6838801753663 84.8716205690056 34.2489055413465 0.39884571348674 0.0398150932421714
117.899999999998 66.6808336422881 84.6288066930455 84.8674943931101 34.2635535321033 0.401265026374238 0.038516606299046
117.999999999998 66.7382337318259 84.5734775828643 84.8621239616652 34.2778580178194 0.403237081122848 0.0372085269234224
118.099999999998 66.7959254457093 84.517894177807 84.8554896405287 34.2918152638267 0.404749414266914 0.035903148972651
118.199999999998 66.8539385674611 84.4620578180815 84.8475717885973 34.305421543582 0.405792649424696 0.0346116442645252
118.299999999998 66.9123037305913 84.4059698502993 84.8383507588943 34.3186731377693 0.406360417157168 0.0333349831127369
118.399999999998 66.9710523722656 84.3496316268322 84.8278068992135 34.3315663335784 0.406449390017216 0.03207427221427
118.499999999998 67.0302166841152 84.2930445051754 84.815920552745 34.3440974239887 0.406059348718652 0.0308307265695215
118.599999999998 67.0898295605859 84.2362098473104 84.8026720587016 34.3562627070541 0.405193197567442 0.0296056408651378
118.699999999998 67.1499245452442 84.1791290190686 84.788041752945 34.3680584851876 0.403856928514087 0.0284003608384559
118.799999999998 67.2105357754902 84.121803389494 84.7720099686119 34.3794810644458 0.40205953476616 0.0272162551512352
118.899999999998 67.2716979261371 84.0642343302067 84.7545570367403 34.3905267538136 0.399812876425512 0.0260546883081797
118.999999999998 67.3334461523255 84.0064232147658 84.7356632868958 34.4011918644886 0.397131502032209 0.0249169951080887
119.099999999998 67.3958160322376 83.9483714180375 84.7153090477926 34.4114727091711 0.394032445300505 0.0238086352285065
119.199999999998 67.4588435100203 83.8900803156848 84.6934746477841 34.4213656014902 0.390535016557794 0.0227343656105381
119.299999999998 67.5225648393009 83.8315512839684 84.6701404150218 34.4308668557765 0.386660481812647 0.0216943884344809
119.399999999997 67.5870165278022 83.7727856996685 84.6452866774833 34.4399727869715 0.382431751830921 0.0206888401894606
119.499999999997 67.6522352834878 83.7137849400126 84.6188937629957 34.4486797105417 0.377873074346455 0.0197177815882371
119.599999999997 67.7182579625782 83.6545503826022 84.5909419992584 34.4569839423931 0.373009722421275 0.0187811901357427
119.699999999997 67.7851215197343 83.5950834053404 84.5614117138668 34.4648817987855 0.367867685829737 0.0178789552441646
119.799999999997 67.852862960663 83.5353853863591 84.5302832343348 34.4723695962472 0.362473371720807 0.0170108757459366
119.899999999997 67.9215192973517 83.4754577039458 84.4975368881184 34.479443651489 0.356853320018456 0.0161766595966794
119.999999999997 67.9911275060931 83.4153017364712 84.4631530026386 34.4861002813186 0.351033938124055 0.0153759255343935
