#t s x y z curvature torsion
5 0 125.947810654978 102.079140906638 9.05825744781272 0.0471671195574768 -0.200453519507931
5.1 0.0799236145445251 125.963402521463 102.082713109106 9.13656400712231 0.0465596179302287 -0.204807614458899
5.2 0.159905724209281 125.979148895155 102.086539141615 9.21488738203178 0.0459693399073805 -0.209188921736199
5.3 0.239945200652115 125.995052088678 102.090613779037 9.29322513509424 0.045396694086704 -0.213587539818368
5.4 0.32004088157142 126.011114414616 102.094931796221 9.37157482887152 0.0448420939309513 -0.217992533510946
5.5 0.40019157219405 126.027338185508 102.099487967986 9.44993402593341 0.0443059569067671 -0.222391916799679
5.6 0.480396046753162 126.043725713847 102.104277069117 9.52830028885699 0.0437887034557343 -0.226772648595996
5.7 0.560653049956279 126.060279312077 102.109293874355 9.60667118022592 0.0432907557932761 -0.231120643526176
5.8 0.640961298443598 126.077001292593 102.114533158396 9.68504426262968 0.0428125365307512 -0.235420800021212
5.9 0.721319482237174 126.093893967734 102.119989695878 9.7634170986629 0.0423544671209083 -0.239657047737278
6 0.801726266180995 126.110959649784 102.125658261379 9.84178725092464 0.0419169661283776 -0.243812416244498
6.1 0.882180291372275 126.128200650963 102.131533629406 9.92015228201879 0.0415004320475713 -0.247863532516635
6.2 0.962680176581637 126.145619283297 102.137610574324 9.99850975458388 0.0411051943861944 -0.251787618963547
6.3 1.04322451965502 126.163217858176 102.143883870131 10.0768572313975 0.0407315556805999 -0.255567780803073
6.4 1.12381189889663 126.180998685789 102.150348290162 10.15519227551 0.0403798045040092 -0.259186991513963
6.49999999999999 1.20444087443461 126.198964074549 102.156998606799 10.2335124503796 0.0400502134054246 -0.2626282669682
6.59999999999999 1.28510998956981 126.21711633053 102.163829591181 10.3118153200071 0.0397430368238837 -0.265874854236935
6.69999999999999 1.36581777210798 126.235457756887 102.170836012905 10.3900984490708 0.0394585090076867 -0.268910432133344
6.79999999999999 1.44656273567581 126.253990653296 102.178012639739 10.4683594030617 0.0391968419680584 -0.27171931995969
6.89999999999999 1.52734338102116 126.272717315374 102.185354237325 10.5465957484181 0.0389582235010644 -0.274286690187312
6.99999999999999 1.60815819729782 126.291640034114 102.192855568888 10.6248050526605 0.0387428153111476 -0.276598780337381
7.09999999999999 1.68900566333561 126.310761095306 102.20051139494 10.7029848845297 0.0385507224619284 -0.27863962848791
7.19999999999999 1.76988424890631 126.330082778748 102.208316472861 10.7811328141987 0.0383819045663382 -0.280398089601403
7.29999999999999 1.85079241599678 126.349607356931 102.216265556188 10.8592464136738 0.0382362598347684 -0.2818699722881
7.39999999999999 1.93172862006339 126.369337093519 102.224353393785 10.9373232572696 0.0381136534678404 -0.283053039767837
7.49999999999999 2.01269131125572 126.389274241811 102.232574729002 11.0153609220881 0.0380139177893438 -0.283947055355641
7.59999999999999 2.09367893560932 126.409421043216 102.240924298843 11.0933569884958 0.0379368526772915 -0.284553794232861
7.69999999999999 2.17468993620796 126.429779725714 102.249396833129 11.1713090406029 0.037882226293458 -0.284877021110869
7.79999999999999 2.25572275431562 126.450352502331 102.257987053661 11.2492146667408 0.0378497761009939 -0.28492243435885
7.89999999999999 2.3367758304788 126.471141569604 102.266689673384 11.3270714599409 0.0378392101580992 -0.284697578332848
7.99999999999999 2.41784760559934 126.492149106049 102.27549939555 11.4048770184123 0.0378502086670994 -0.284211726497864
8.09999999999999 2.49893652197969 126.513377270624 102.28441091288 11.4826289460245 0.037882395542932 -0.283485857962133
8.19999999999999 2.58004102437204 126.534828201001 102.293418906538 11.5603248528957 0.0379352513119336 -0.282545869946945
8.29999999999999 2.66115956107645 126.556504011371 102.302518044674 11.6379623562497 0.0380082090800863 -0.281410295348483
8.39999999999999 2.74229058502833 126.57840679006 102.311702980781 11.7155390813798 0.0381006883625677 -0.280098356604035
8.49999999999999 2.82343255484183 126.600538597135 102.320968352049 11.7930526626158 0.0382120984077636 -0.278629717724983
8.59999999999999 2.90458393580865 126.622901462018 102.330308777722 11.870500744292 0.0383418415237086 -0.27702424621067
8.69999999999999 2.98574320085317 126.645497381089 102.339718857449 11.9478809817137 0.0384893163701115 -0.27530178928041
8.79999999999999 3.06690883144442 126.668328315299 102.349193169637 12.0251910421257 0.0386539211813599 -0.273481968042728
8.89999999999999 3.14807931846595 126.691396187779 102.358726269812 12.1024286056788 0.0388350568921315 -0.271583992220308
8.99999999999999 3.22925316304429 126.714702881447 102.368312688962 12.179591366398 0.0390321301406332 -0.269626497221822
9.09999999999999 3.31042887734099 126.738250236612 102.377946931894 12.2566770331554 0.0392445342190022 -0.267648411539953
9.19999999999999 3.39160498540328 126.762040048471 102.387623475366 12.3336833308086 0.0394715889695813 -0.26568949908287
9.29999999999998 3.47278002422189 126.786074064322 102.397336765716 12.410608001753 0.0397126144039697 -0.263768104251608
9.39999999999998 3.55395254483822 126.810353980661 102.407081216269 12.4874488076387 0.0399669561633543 -0.261901162154811
9.49999999999998 3.63512111340638 126.834881440289 102.416851204749 12.564203531094 0.0402339881434355 -0.260104169375536
9.59999999999998 3.71628431220811 126.859658029403 102.426641070687 12.6408699774479 0.0405131149083925 -0.258391176211038
9.69999999999998 3.7974407406224 126.884685274696 102.436445112826 12.7174459764537 0.0408037739067854 -0.256774797091684
9.79999999999998 3.87858901605185 126.909964640459 102.446257586528 12.7939293840115 0.0411054374999442 -0.25526623583323
9.89999999999998 3.95972777480803 126.935497525673 102.456072701186 12.8703180838918 0.0414176148218053 -0.25387532262569
9.99999999999998 4.04085567295808 126.961285261112 102.465884617624 12.9466099894583 0.0417398534832511 -0.252610559764972
10.1 4.121971387141 126.987329106447 102.475687445522 13.0228030453938 0.0420717538276302 -0.251452528916859
10.2 4.20307361550713 127.013630247509 102.485475241101 13.0988952295028 0.0424130020904869 -0.250380500399729
10.3 4.28416107902788 127.040189793976 102.495242005496 13.1748845547067 0.0427633225083972 -0.249399452965017
10.4 4.3652325229413 127.06700877721 102.504981683405 13.2507690711164 0.0431224641911247 -0.248513598459983
10.5 4.44628671818561 127.094088148108 102.514688161746 13.3265468681065 0.0434902021896703 -0.247726410000934
10.6 4.52732246281676 127.121428774954 102.524355268308 13.4022160763906 0.0438663384953349 -0.24704065094688
10.7 4.60833858341193 127.149031441262 102.53397677041 13.4777748700963 0.0442507029766834 -0.246458404026429
10.8 4.68933393646139 127.176896843633 102.543546373558 13.5532214688395 0.0446431542582927 -0.245981100003281
10.9 4.77030740975072 127.205025589597 102.553057720097 13.6285541398 0.0450435805463065 -0.245609545388268
11 4.85125792373642 127.233418195466 102.562504387874 13.7037711997959 0.045451900405643 -0.245343948848397
11.1 4.93218443292104 127.262075084183 102.571879888902 13.778871017361 0.0458680480473414 -0.245144493702003
11.2 5.0130859273388 127.290996583182 102.581177668487 13.8538520148834 0.0462919190057794 -0.244973905477661
11.3 5.09396143432247 127.32018292227 102.590391105477 13.9287126709009 0.0467234021173567 -0.244835540987837
11.4 5.17481002037555 127.349634231521 102.599513512958 14.0034515224569 0.0471623938263407 -0.244732445173613
11.5 5.25563079304194 127.379350539174 102.608538138974 14.0780671674597 0.0476087992117269 -0.244667348753811
11.6 5.3364229027691 127.40933176952 102.617458167241 14.1525582670409 0.0480625329861422 -0.244642666862192
11.7 5.41718554476609 127.439577740804 102.626266717859 14.2269235479145 0.0485235204663551 -0.244660498575203
11.8 5.49791796085693 127.470088163114 102.634956848033 14.3011618047359 0.0489916985142758 -0.244722627092099
11.9 5.57861944133071 127.500862636278 102.643521552784 14.3752719024601 0.0494670164495045 -0.244830520457584
12 5.65928932678958 127.531900647755 102.651953765666 14.4492527787012 0.0499494369318393 -0.244985332678004
12.1 5.73992701000078 127.563201570527 102.660246359505 14.5231034460962 0.0504388858144843 -0.245149593158583
12.2 5.82053193787981 127.594764660851 102.668392147732 14.5968229948048 0.0509350906919026 -0.245291219283949
12.3 5.90110361379412 127.626589055657 102.676383887227 14.6704105953548 0.051437719010234 -0.245418987592363
12.4 5.98164159996463 127.65867376982 102.684214281758 14.7438655016234 0.0519464287085772 -0.245541357102267
12.5 6.0621455198329 127.691017693419 102.691875985448 14.8171870538229 0.0524608702561027 -0.245666449793056
12.6 6.1426150603863 127.723619588996 102.699361606228 14.8903746814878 0.0529806887013526 -0.245802034286791
12.7 6.22304997443997 127.756478088817 102.706663709312 14.9634279064605 0.0535055257317577 -0.245955512454366
12.8 6.30345008287356 127.789591692133 102.713774820647 15.0363463458781 0.0540350217422502 -0.246133908683201
12.9 6.38381527682155 127.822958762444 102.720687430386 15.1091297151584 0.0545688179119783 -0.246343861410641
13 6.46414551981558 127.856577524752 102.727393996343 15.1817778309866 0.0551065582894143 -0.246591616618795
13.1 6.54444084987483 127.89044606284 102.733886947491 15.2542906142906 0.0556478642938285 -0.246813831314775
13.2 6.62470138146559 127.924562316787 102.740158688282 15.3266680929378 0.0561922377980115 -0.246951937462126
13.3 6.70492730719776 127.958924081126 102.746201605065 15.3989104037246 0.0567391178107063 -0.247018925558244
13.4 6.78511889936327 127.993529003255 102.752008073327 15.4710177940868 0.0572879066601054 -0.247027597446355
13.5 6.8652765113856 128.028374581849 102.757570464973 15.5429906237986 0.0578379727939788 -0.246990534659623
13.6 6.94540057917585 128.063458165282 102.762881155602 15.6148293666733 0.0583886536973332 -0.246920070948255
13.7 7.02549162238975 128.098776950041 102.767932531777 15.6865346122622 0.0589392589192497 -0.246828269137173
13.8 7.10555024557895 128.134327979146 102.772716998307 15.7581070675544 0.0594890732010075 -0.246726902368724
13.9 7.18557713923115 128.170108140564 102.777226985522 15.8295475586769 0.0600373597008182 -0.246627439581842
14 7.26557308069272 128.20611416563 102.781454956543 15.9008570325938 0.0605833633099697 -0.246541035151773
14.1 7.34553893495745 128.242342627477 102.785393414566 15.9720365587856 0.0611263663755675 -0.24644534816435
14.2 7.42547565503815 128.278789939882 102.789034910092 16.0430873303933 0.0616658419297089 -0.246315847599483
14.3 7.50538428148516 128.315452357154 102.792372048078 16.1140106640044 0.0622012870251641 -0.246160164217845
14.4 7.58526594151703 128.352325974433 102.795397495048 16.1848079989037 0.0627321709085171 -0.245985920094985
14.5 7.66512184804197 128.389406728007 102.7981039862 16.2554808963042 0.0632579373697561 -0.245800715795535
14.6 7.74495329857609 128.426690395625 102.80048433252 16.326031038577 0.063778007215483 -0.245612118797169
14.7 7.8247616740528 128.464172596816 102.802531427889 16.396460228482 0.0642917808609634 -0.24542765334041
14.8 7.90454843751861 128.5018487932 102.804238256191 16.4667703883984 0.0647986410358686 -0.245254791745553
14.9 7.98431513270986 128.53971428881 102.805597898427 16.5369635595549 0.065297955599082 -0.24510094725055
15 8.06406338250649 128.577764230397 102.80660353982 16.6070419012602 0.0657890804583809 -0.244973468365913
15.1 8.14379488724926 128.615993607757 102.807248476934 16.6770076901245 0.0662713542077033 -0.244871558701139
15.2 8.22351142269011 128.654397253974 102.807526124908 16.7468633190423 0.0667440746212435 -0.244795167872409
15.3 8.30321483720777 128.692969845545 102.807430025018 16.8166112955729 0.0672065245313175 -0.244752657248423
15.4 8.38290704864127 128.73170590243 102.806953852352 16.8862542400809 0.0676579833601429 -0.24475231496197
15.5 8.4625900409639 128.770599788111 102.806091423499 16.9557948838696 0.0680977307554605 -0.244802357310609
15.6 8.54226586080343 128.809645709648 102.804836704231 17.0252360673131 0.0685250503291029 -0.244910931560258
15.7 8.6219366138067 128.848837717729 102.803183817194 17.0945807379886 0.0689392334939531 -0.245086120078712
15.8 8.70160446084723 128.888169706732 102.801127049588 17.1638319488094 0.0693395833962112 -0.245335945586984
15.9 8.78127161407483 128.927635414776 102.798660860853 17.2329928561569 0.0697254189390209 -0.245668377353089
16 8.86094033280723 128.967228423776 102.795779890358 17.3020667180135 0.0700960788960946 -0.246091338093363
16.1 8.94061291924237 129.006942159521 102.792478965046 17.3710568920568 0.070451074957039 -0.246574901079063
16.2 9.02029171346193 129.046769892253 102.788753106115 17.4399668327689 0.0707905328201076 -0.247081886753964
16.3 9.09997908692857 129.086704738537 102.784597533236 17.508800086043 0.0711147310683318 -0.247609571078357
16.4 9.17967743541438 129.126739663638 102.780007667802 17.5775602828056 0.0714239502693414 -0.248155567705486
16.5 9.25938917191637 129.166867483915 102.774979136146 17.6462511325992 0.0717184732401888 -0.248717812539789
16.6 9.33911671958269 129.207080869219 102.769507772751 17.7148764171664 0.0719985854145942 -0.24929454900617
16.7 9.41886250465058 129.247372345285 102.763589623463 17.7834399840332 0.0722645753130057 -0.249884313857012
16.8 9.49862894939828 129.287734296133 102.757220948704 17.8519457400925 0.072516735115507 -0.250485923297172
16.9 9.57841846511227 129.328158966459 102.750398226688 17.9203976451879 0.0727553613377187 -0.251098459283037
17 9.65823344507093 129.368638464034 102.743118156631 17.9887997056968 0.0729807556100094 -0.251721255839819
17.1 9.73807625754748 129.409164762103 102.735377661905 18.0571559681047 0.0731934252417289 -0.252348945126354
17.2 9.81794923886598 129.449729701944 102.72717389155 18.1254705123272 0.0733946802857146 -0.252965497110469
17.3 9.89785468663341 129.490324995823 102.718504217655 18.1937474443934 0.0735860277043375 -0.253554769219908
17.4 9.9777948532186 129.530942230099 102.7093662311 18.2619908888779 0.0737689664530659 -0.254101072669309
17.5 10.0577719394793 129.571572868345 102.699757737229 18.3302049813226 0.0739449827838764 -0.254589188338635
17.6 10.1377880887375 129.612208254456 102.689676751538 18.3983938606595 0.0741155456650236 -0.25500439178435
17.7 10.2178453810036 129.652839615771 102.679121495349 18.4665616616321 0.0742821023415719 -0.255332486157975
17.8 10.2979458274469 129.693458066185 102.668090391493 18.534712507218 0.0744460740641957 -0.255559841732018
17.9 10.3780913651123 129.734054609265 102.656582059986 18.6028505010508 0.0746088520115616 -0.255673440669821
18 10.4582838518793 129.774620141364 102.644595313713 18.6709797198426 0.0747717934363405 -0.255660925644732
18.1 10.5385250616429 129.815145454722 102.632129154097 18.7391042057934 0.0749362412293446 -0.255522382607756
18.2 10.6188166792627 129.855621240116 102.619182766631 18.807227958687 0.0751035965025001 -0.255256949618792
18.3 10.69916029457 129.896038088397 102.605755516025 18.8753549271857 0.0752752572291468 -0.254851914175067
18.4 10.7795573961642 129.936386491573 102.591846941214 18.9434889998115 0.0754525939016402 -0.254295330170327
18.5 10.8600093654494 129.976656843882 102.577456750353 19.0116339959141 0.0756369471003996 -0.253576074247468
18.6 10.940517470926 130.016839442858 102.562584815823 19.0797936566399 0.0758296254320127 -0.252683900522354
18.7 11.021082862733 130.056924490407 102.54723116922 19.1479716358998 0.0760319038550194 -0.25160949229678
18.8 11.1017065674375 130.096902093875 102.531395996362 19.2161714913383 0.0762450224099195 -0.250344509405379
18.9 11.182389483066 130.136762267116 102.515079632285 19.2843966753013 0.0764701853664579 -0.248881629953293
19 11.2631323743731 130.176494931567 102.49828255624 19.3526505258053 0.0767085607991489 -0.24721458532214
19.1 11.343935868347 130.216089917318 102.481005386662 19.4209362575005 0.0769613758914907 -0.245315868919256
19.2 11.4248004500812 130.255536964282 102.463248875243 19.489256952514 0.0772301939746709 -0.24315503106193
19.3 11.5057264592546 130.294825723595 102.445013898759 19.5576155509855 0.0775166123001267 -0.240723502727631
19.4 11.5867140870622 130.333945759119 102.42630145001 19.6260148414814 0.0778221638207394 -0.238014497487801
19.5 11.66776337347 130.372886548936 102.407112628722 19.6944574514052 0.0781483171717326 -0.235023046973757
19.6 11.7488742047814 130.411637486854 102.387448632451 19.7629458374074 0.0784964773586626 -0.231746017918267
19.7 11.830046311507 130.450187883903 102.367310747487 19.8314822757949 0.0788679871516559 -0.228182109781076
19.8 11.9112792665299 130.488526969838 102.34670033976 19.9000688529417 0.0792641291776233 -0.224331832527716
19.9 11.9925724835584 130.52664389464 102.325618845741 19.9687074556983 0.0796861286935415 -0.220197464727033
20 12.0739252158598 130.564527730015 102.304067763347 20.0373997618019 0.0801351570174436 -0.215782992655638
20.1 12.155336555296 130.602167470902 102.282048642876 20.1061472303259 0.0806122628598345 -0.211135525944327
20.2 12.2368054323632 130.639552037133 102.259563078693 20.1749510931657 0.0811181626650748 -0.206305007924575
20.3 12.3183306183311 130.676670275496 102.23661270284 20.243812349153 0.0816534696526354 -0.20130140662547
20.4 12.3999107282862 130.713510961946 102.213199179397 20.3127317592066 0.0822187707221451 -0.196135270979931
20.5 12.4815442243517 130.750062803831 102.189324198877 20.381709841522 0.0828146297249775 -0.190817629238831
20.6 12.5632294190558 130.786314442107 102.164989472616 20.4507468667618 0.0834415908768078 -0.185359887420185
20.7 12.6449644788448 130.822254453564 102.140196727167 20.5198428532459 0.0841001822790141 -0.179773729346104
20.8 12.7267474277413 130.857871353048 102.114947698692 20.5889975621418 0.0847909195189978 -0.174071019662884
20.9 12.8085761511488 130.893153595675 102.089244127353 20.6582104926544 0.0855143093177486 -0.168263711127299
21 12.8904483998011 130.928089579061 102.063087751709 20.7274808772164 0.0862708531964518 -0.16236375722434
21.1 12.9723617938609 130.962667645547 102.036480303133 20.7968076766868 0.0870609623597392 -0.156404510129731
21.2 13.0543138271757 130.996876084672 102.00942350108 20.8661895757648 0.0878847001890873 -0.150420373590543
21.3 13.1363018716641 131.030703136264 101.981919050458 20.9356249789507 0.0887420611710307 -0.144424172496761
21.4 13.2183231817575 131.064136993766 101.953968639846 21.005112006723 0.0896330642736965 -0.138427844213455
21.5 13.3003748988754 131.097165807575 101.925573939738 21.0746484917229 0.0905577560074655 -0.13244243387355
21.6 13.3824540559382 131.129777688383 101.896736600787 21.1442319749394 0.0915162132421657 -0.126478099935653
21.7 13.4645575819218 131.161960710514 101.867458252054 21.2138597018943 0.0925085457823771 -0.120544128681864
21.8 13.5466823064619 131.193702915266 101.837740499251 21.283528618827 0.0935348987064325 -0.114648956365564
21.9 13.6288249645106 131.224992314246 101.807584922984 21.3532353688793 0.0945954544738791 -0.108800197734105
22 13.7109822010562 131.255816892709 101.776993077006 21.4229762882808 0.0956904348070357 -0.103004679742397
22.1 13.7931505759357 131.286164612929 101.745966486485 21.4927474025647 0.0968199832628747 -0.0972937332498093
22.2 13.8753265693533 131.31602341826 101.71450664712 21.5625444236013 0.0979838035329261 -0.091698149677143
22.3000000000001 13.9575065890187 131.345381238982 101.682615026364 21.6323627487044 0.099181507235236 -0.0862225070879576
22.4000000000001 14.0396869778398 131.374225998845 101.650293065471 21.7021974605549 0.100412731656782 -0.0808702997857454
22.5000000000001 14.1218640215425 131.402545621644 101.61754218159 21.7720433271557 0.101677139662288 -0.0756440343995967
22.6000000000001 14.2040339561943 131.430328037787 101.584363769845 21.8418948017863 0.102974419456571 -0.07054532352139
22.7000000000001 14.2861929756356 131.457561190867 101.550759205427 21.9117460229578 0.104304284213933 -0.0655749759947642
22.8000000000001 14.3683372388218 131.484233044236 101.516729845674 21.9815908143678 0.105666471590317 -0.0607330831535803
22.9000000000001 14.450462877078 131.510331587575 101.482277032164 22.0514226848552 0.107060743126346 -0.0560191005124456
23.0000000000001 14.5325660012715 131.535844843466 101.447402092793 22.121234828355 0.108486883556434 -0.0514319245602614
23.1000000000001 14.614642708944 131.560760873985 101.412106343891 22.1910201239048 0.10994460839855 -0.0470013597750506
23.2000000000001 14.6966890924188 131.585067787802 101.376391092877 22.2607711369941 0.111433273189914 -0.0427552919794605
23.3000000000001 14.7787012494507 131.608753748588 101.340257642329 22.3304801243212 0.112952120344681 -0.0386890304615405
23.4000000000001 14.8606752947153 131.631806983932 101.303707294607 22.4001390398932 0.114500364364371 -0.0347975064963357
23.5000000000001 14.9426073710986 131.654215794272 101.266741356495 22.469739541178 0.116077189174605 -0.0310753498340784
23.6000000000001 15.024493660736 131.675968561838 101.229361143843 22.5392729952549 0.117681745562956 -0.0275169573584062
23.7000000000001 15.1063303957933 131.697053759583 101.19156798621 22.6087304849668 0.119313148717333 -0.0241165543654915
23.8000000000001 15.1881138689781 131.717459960118 101.15336323151 22.6781028150716 0.120970475864206 -0.0208682489203898
23.9000000000001 15.2698404437706 131.737175844655 101.114748250652 22.7473805183935 0.122652764010426 -0.0177660797723967
24.0000000000001 15.3515065643632 131.756190211933 101.075724442182 22.8165538619747 0.124359007792323 -0.0148040582857883
24.1000000000001 15.4331087653137 131.774491987163 101.03629323693 22.8856128532486 0.126088149417021 -0.0119856051640883
24.2000000000001 15.5146436813741 131.792070230955 100.996456102617 22.9545472467827 0.127839044375043 -0.00931362509069387
24.3000000000001 15.5961080582422 131.80891414824 100.956214548391 23.0233465524653 0.129610468862443 -0.00678144686785876
24.4000000000001 15.6774987634489 131.825013097197 100.915570129332 23.0920000442622 0.13140112340302 -0.00438253505664072
24.5000000000001 15.7588127968884 131.840356598164 100.874524450958 23.1604967689949 0.133209630688423 -0.0021105073179828
24.6000000000001 15.8400473009476 131.854934342563 100.833079173726 23.2288255551185 0.135034533637091 4.08515405814157e-005
24.7000000000001 15.921199570213 131.868736201818 100.791236017536 23.2969750215003 0.136874293691272 0.00207757848094859
24.8000000000001 16.0022670607316 131.881752236274 100.748996766237 23.3649335861977 0.138727289374267 0.00400552379387098
24.9000000000001 16.0832473988001 131.893972704119 100.706363272129 23.4326894752367 0.1405918151335 0.00583034502511074
25.0000000000001 16.1641383892566 131.9053880703 100.663337460466 23.5002307313899 0.142466080496891 0.00755750299516912
25.1000000000001 16.2449380232691 131.915989015458 100.619921333964 23.5675452229788 0.144348150883971 0.00918626354908955
25.2000000000001 16.3256444860967 131.925766445219 100.576116977368 23.6346206532985 0.146235761634779 0.0107160584224855
25.3000000000001 16.4062561655695 131.934711500381 100.531926562171 23.7014445716234 0.148126477324932 0.0121522961731207
25.4000000000001 16.4867716603753 131.942815567466 100.487352351402 23.7680043848354 0.1500177489429 0.0135001813360775
25.5000000000001 16.5671897875921 131.950070289279 100.442396704409 23.8342873690764 0.151906915421004 0.0147647142831772
25.6000000000001 16.6475095894054 131.95646757547 100.397062081643 23.9002806813999 0.153791205807626 0.0159506925592279
25.7000000000001 16.7277303389683 131.96199961309 100.351351049448 23.9659713714239 0.155667742128017 0.0170627135142502
25.8000000000001 16.8078515453644 131.966658877162 100.30526628484 24.0313463929825 0.15753354298181 0.0181051780702157
25.9000000000001 16.8878729576314 131.970438141233 100.258810580301 24.0963926157788 0.159385527919576 0.019082295464537
26.0000000000001 16.9677945678037 131.973330487937 100.211986848556 24.1610968370363 0.16122052264231 0.0199980888315873
26.1000000000001 17.0476166129705 131.975329319534 100.164798127352 24.2254457931893 0.163035311466292 0.0208386379149421
26.2000000000001 17.127339577231 131.976428367717 100.11724758391 24.2894261725403 0.164826766004462 0.0215904045148204
26.3000000000001 17.2069641950265 131.976621701607 100.069338518571 24.3530246303787 0.166591682183375 0.0222576450200272
26.4000000000001 17.2864914544104 131.975903735028 100.021074368123 24.4162278050667 0.168326736116145 0.0228443535756761
26.5000000000001 17.3659225993079 131.974269233744 99.9724587091152 24.479022334164 0.17002849165479 0.0233542736597968
26.6000000000001 17.4452591306851 131.971713322714 99.9234952611729 24.5413948705511 0.171693408981084 0.0237909089878206
26.7000000000001 17.5245028065833 131.968231493328 99.8741878903108 24.6033320985538 0.173317854247869 0.0241575337629809
26.8000000000001 17.6036556409771 131.963819610657 99.8245406122482 24.6648207500665 0.174898110272626 0.0244572022644825
26.9000000000001 17.6827199014148 131.958473920697 99.7745575957234 24.7258476206768 0.176430388275846 0.0246927577720584
27.0000000000001 17.7616981054032 131.952191057611 99.7242431658082 24.7863995857893 0.177910840641543 0.0248668408099951
27.1000000000001 17.8405930155005 131.944968050913 99.6736018071929 24.8464636167154 0.179335829369372 0.0249844757785223
27.2000000000001 17.9194076330901 131.936802330932 99.6226381667197 24.9060267958843 0.180702707277573 0.0250498733860778
27.3000000000001 17.9981451910276 131.92769172994 99.5713570540043 24.9650763298215 0.182009070857769 0.0250641968647248
27.4000000000001 18.0768091454965 131.917634481566 99.5197634413057 25.0235995612473 0.183252516406291 0.025028471362397
27.5000000000001 18.155403167156 131.906629220146 99.4678624633663 25.0815839811429 0.184430650317566 0.0249435923290499
27.6000000000001 18.2339311315752 131.894674980072 99.4156594172525 25.1390172408147 0.185541099678538 0.0248103325813374
27.7000000000001 18.3123971089486 131.881771195143 99.3631597621952 25.1958871639599 0.186581523097301 0.0246293481080471
27.8000000000001 18.3908053530918 131.86791769791 99.3103691194304 25.2521817587317 0.187549621697906 0.0244011826728957
27.9000000000001 18.4691602897158 131.85311471903 99.2572932720393 25.3078892298045 0.188443150201006 0.0241262712387153
28.0000000000001 18.5474665039832 131.837362886611 99.2039381647888 25.3629979904387 0.189259928012093 0.0238049422446891
28.1000000000001 18.6257287273548 131.820663225573 99.1503099039698 25.4174966745495 0.189997828051555 0.0234400998281257
28.2000000000001 18.7039518237818 131.803017157188 99.0964147571701 25.4713741488464 0.190654720229573 0.0230345590319295
28.3000000000001 18.7821407753184 131.784426499101 99.0422591528829 25.5246195251579 0.19122854735683 0.0225883636190044
28.4000000000001 18.8603006670543 131.764893465532 98.9878496800511 25.5772221728283 0.191717357893422 0.0221014592234636
28.5000000000001 18.9384366713242 131.744420667496 98.9331930876081 25.6291717311168 0.192119316327632 0.0215736896720707
28.6000000000001 19.0165540312133 131.723011113009 98.8782962840194 25.6804581215969 0.192432713029141 0.02100479215217
28.7000000000001 19.0946580433785 131.700668207307 98.8231663368241 25.7310715605564 0.192655973481452 0.0203943911721837
28.8000000000001 19.1727540402122 131.677395753053 98.7678104721758 25.7810025713963 0.192787666804142 0.0197419912208175
28.9000000000001 19.2508473713767 131.653197950555 98.7122360743844 25.8302419970305 0.192826513478928 0.0190469680450701
29.0000000000001 19.3289433847399 131.628079397978 98.656450685457 25.8787810122849 0.192771392203183 0.0183085584261023
29.1000000000001 19.4070474067674 131.602045091479 98.6004620045913 25.9266111362331 0.192621694894977 0.017541391213215
29.2000000000001 19.4851647229764 131.575100423356 98.5442778864086 25.9737242428537 0.192378367927413 0.0167595066630811
29.3000000000002 19.5633005596935 131.547251175147 98.4879063359907 26.0201125674318 0.192042844996066 0.0159611486638852
29.4000000000002 19.6414600667663 131.518503508743 98.431355502657 26.0657687112841 0.191616688666007 0.0151445538037826
29.5000000000002 19.719648300826 131.48886395742 98.3746336736936 26.1106856464179 0.191101582512697 0.0143079402367216
29.6000000000002 19.7978702091105 131.458339416876 98.3177492680812 26.1548567201918 0.190499322618649 0.0134494963466976
29.7000000000002 19.8761306138677 131.426937136262 98.2607108302248 26.1982756599754 0.189811808512581 0.0125673691170606
29.8000000000002 19.9544341973632 131.394664709222 98.2035270236822 26.2409365778094 0.189041033642799 0.01165965208599
29.9000000000002 20.0327854875072 131.36153006492 98.1462066248924 26.2828339750652 0.188189075475752 0.0107243727850883
30.0000000000002 20.1111888441168 131.327541459083 98.0887585169048 26.3239627471054 0.187258085311666 0.00975947954546399
30.1000000000002 20.1896484458098 131.292707465002 98.0311916830861 26.3643181878579 0.186250533689568 0.00879132604626335
30.2000000000002 20.268168277156 131.257036963884 97.9735152002647 26.4038959921675 0.18516997301171 0.00784651297580342
30.3000000000002 20.346752115699 131.220539133499 97.9157382304473 26.4426922525034 0.184020266504068 0.00692338471893987
30.4000000000002 20.4254035198391 131.183223436177 97.8578700119715 26.4807034534444 0.182805316622955 0.00602040177232636
30.5000000000002 20.504125818058 131.145099606768 97.7999198506383 26.5179264660783 0.181529047863614 0.0051361315033868
30.6000000000002 20.5829220994924 131.106177640612 97.7418971108436 26.5543585424005 0.180195390123721 0.00426924001655732
30.7000000000002 20.6617952058434 131.066467781499 97.6838112067098 26.5899973097141 0.178808262721673 0.00341848500187982
30.8000000000002 20.7407477246006 131.025980509636 97.6256715932182 26.6248407650287 0.177371559155637 0.00258270947861906
30.9000000000002 20.8197819835602 130.984726529612 97.5674877573399 26.6588872694598 0.175889132672133 0.00176083633605459
31.0000000000002 20.8989000466071 130.942716758362 97.5092692091686 26.6921355426282 0.174364782699512 0.000951863598499654
31.1000000000002 20.9781037107295 130.899962313148 97.4510254730458 26.724584657058 0.172802212901699 0.000163617479887006
31.2000000000002 21.0573945041205 130.856474499923 97.3927660785372 26.7562340325489 0.171204933958839 -0.000595728326225559
31.3000000000002 21.1367736851365 130.812264802682 97.3345005510289 26.7870834304813 0.169576344932365 -0.00132652070516368
31.4000000000002 21.2162422422093 130.767344873195 97.2762384021728 26.817132948095 0.167919753599471 -0.00202900108656494
31.5000000000002 21.2958008947729 130.72172652076 97.2179891203273 26.8463830127672 0.166238367816947 -0.00270330659358149
31.6000000000002 21.3754500951718 130.67542170195 97.1597621609973 26.8748343762905 0.164535287752979 -0.00334947071848261
31.7000000000002 21.4551900315107 130.628442510364 97.1015669372742 26.9024881091504 0.162813498962698 -0.00396742357050465
31.8000000000002 21.5350206314031 130.580801166379 97.0434128102766 26.9293455948037 0.161075866274663 -0.0045569917364556
31.9000000000002 21.6149415665819 130.532510006896 96.9853090795901 26.9554085239557 0.159325128450437 -0.00511789779084757
32.0000000000002 21.694952258325 130.483581475095 96.9272649737078 26.9806788888387 0.157563893575207 -0.00564975948172329
32.1000000000002 21.7750518836597 130.434028110162 96.8692896404698 27.005158977452 0.155794763974761 -0.00614592239216219
32.2000000000002 21.8552393823357 130.38386253652 96.8113921374931 27.0288513668235 0.154020717573371 -0.00659926198160092
32.3000000000002 21.9355134646737 130.333097451787 96.7535814225752 27.0517589137879 0.152244714443518 -0.00700848093038452
32.4000000000002 22.015872620359 130.281745614232 96.6958663440874 27.0738847447863 0.150469563438907 -0.00737210759230289
32.5000000000002 22.09631512814 130.229819830214 96.6382556313683 27.0952322456282 0.148697918680074 -0.00768849592056827
32.6000000000002 22.1768390663815 130.177332941617 96.5807578851164 27.1158050512529 0.146932276637205 -0.00795582560029306
32.7000000000002 22.2574423244252 130.124297813289 96.5233815677834 27.1356070354923 0.145174973754606 -0.00817210247308994
32.8000000000002 22.3381226147081 130.070727320479 96.4661349939675 27.1546423008321 0.143428184568039 -0.00833515931046473
32.9000000000002 22.4188774855911 130.016634336275 96.4090263208061 27.1729151681742 0.141693920267991 -0.00844265699181992
33.0000000000002 22.4997043348543 129.962031719038 96.3520635383689 27.1904301665982 0.139974027669203 -0.00849208612004788
33.1000000000002 22.5806004237699 129.90693229987 96.2952544600955 27.2071920231431 0.138270127633943 -0.00850276170011197
33.2000000000002 22.6615628906458 129.851348870654 96.238606714374 27.2232056530871 0.136583452653916 -0.00849507177996579
33.3000000000002 22.7425887620601 129.795294173617 96.182127739022 27.2384761514962 0.134915065576433 -0.00846794718398365
33.4000000000002 22.8236749633958 129.738780891463 96.1258247769081 27.2530087852716 0.133265925516482 -0.0084202613809092
33.5000000000002 22.9048183296994 129.681821637545 96.0697048716189 27.2668089852157 0.131636887789975 -0.00835083032986284
33.6000000000002 22.9860156168805 129.624428946026 96.0137748631249 27.2798823380994 0.130028703956503 -0.00825841246997277
33.7000000000002 23.0672635132272 129.566615262046 95.9580413834476 27.2922345787281 0.128442021962819 -0.00814170885396093
33.8000000000002 23.1485586512186 129.508392931889 95.9025108523251 27.3038715820088 0.12687738638485 -0.00799936340274201
33.9000000000002 23.2298976196088 129.449774193144 95.8471894728789 27.3147993550164 0.125335238769317 -0.00782996326574263
34.0000000000002 23.3112769757642 129.390771164874 95.7920832272804 27.3250240290603 0.123815918081505 -0.00763203925516246
34.1000000000002 23.3926932582078 129.331395837801 95.73719787244 27.3345518517894 0.122319554515244 -0.00742549207677077
34.2000000000002 23.474142998681 129.271660065037 95.6825389362972 27.3433891802949 0.120845762513905 -0.00723154228100001
34.3000000000002 23.5556227325726 129.211575554196 95.6281117156344 27.3515424767452 0.119393984027696 -0.00705068361710589
34.4000000000002 23.6371290086645 129.151153860057 95.5739212744904 27.3590183050189 0.117963599595917 -0.00688344432702669
34.5000000000002 23.7186583988278 129.09040637724 95.5199724425981 27.3658233273762 0.116553929569501 -0.00673038847012831
34.6000000000002 23.8002075076935 129.029344332887 95.4662698138214 27.3719643011295 0.115164235371269 -0.0065921174025067
34.7000000000002 23.881772982291 128.96797877934 95.412817744592 27.3774480753156 0.113793720810695 -0.0064692714504115
34.8000000000002 23.9633515216548 128.906320586824 95.3596203523473 27.3822815873661 0.112441533471641 -0.00636253180553953
34.9000000000002 24.0449398863939 128.844380436124 95.3066815139667 27.3864718597788 0.11110676619123 -0.0062726226847985
35.0000000000002 24.1265349082236 128.782168811263 95.2540048642089 27.3900259967893 0.109788458651373 -0.00620031380235953
35.1000000000002 24.2081334994325 128.7196959922 95.2015937941711 27.3929511810711 0.108485534187602 -0.00616942854244927
35.2000000000002 24.2897326617181 128.656972047847 95.1494514503059 27.3952546712008 0.107196616584846 -0.00620539002615688
35.3000000000002 24.3713294934416 128.594006829936 95.0975807348589 27.3969438010613 0.105920243613884 -0.00631154764694105
35.4000000000002 24.4529211961548 128.530809967208 95.0459843068646 27.398025980011 0.104654936175417 -0.00649145996518342
35.5000000000002 24.5345050809562 128.467390859625 94.994664583164 27.3985086930801 0.103399200199346 -0.00674891801743913
35.6000000000002 24.6160785747038 128.40375867257 94.9436237394221 27.3983995011691 0.102151528664596 -0.00708797174811227
35.7000000000002 24.6976392260936 128.339922331056 94.8928637111458 27.3977060412456 0.100910403758371 -0.00751295994589353
35.8000000000002 24.7791847116084 128.275890513933 94.8423861947013 27.3964360265417 0.099674299194141 -0.0080285441300508
35.9000000000002 24.8607128413441 128.211671648091 94.7921926483318 27.394597246752 0.0984416827100249 -0.00863974689075655
36.0000000000002 24.9422215647224 128.14727390267 94.7422842931752 27.3921975682307 0.0972110187695619 -0.00935199525450201
36.1000000000002 25.0237089760363 128.082705183304 94.6926621143196 27.3892449342048 0.0959807513751978 -0.0101842654926263
36.2000000000002 25.1051733184141 128.017973127455 94.6433268628557 27.3857473653966 0.0947492672302066 -0.011157058511099
36.3000000000002 25.1866129839123 127.953085102497 94.5942790604566 27.3817129616848 0.0935149936357397 -0.0122789554904011
36.4000000000002 25.2680265120107 127.888048204885 94.5455190049538 27.377149904175 0.0922764242366829 -0.0135593216191962
36.5000000000002 25.3494125879425 127.822869259367 94.4970467759517 27.3720664572857 0.0910321195604905 -0.0150084032996645
36.6000000000003 25.4307700409327 127.757554818191 94.4488622404415 27.3664709708345 0.0897807077255598 -0.0166374374365017
36.7000000000003 25.5120978423576 127.692111160321 94.4009650584159 27.3603718821242 0.088520885344088 -0.018458774552371
36.8000000000003 25.5933951038425 127.62654429064 94.3533546884833 27.3537777180289 0.0872514186479822 -0.0204860177896629
36.9000000000003 25.6746610753098 127.560859939169 94.306030393482 27.3466970970804 0.085971144870334 -0.0227341801401436
37.0000000000003 25.7558951429926 127.495063560272 94.2589912460948 27.3391387315538 0.0846789739203701 -0.0252198626693094
37.1000000000003 25.8370968273989 127.4291603319 94.2122361344705 27.3311114295453 0.0833739073927362 -0.0279396362175293
37.2000000000003 25.9182657805112 127.363155155648 94.1657637680512 27.3226240968231 0.0820550991334902 -0.0308899730958743
37.3000000000003 25.9994017810757 127.297052658893 94.1195726839153 27.3136857381032 0.0807218183657832 -0.0340900869491347
37.4000000000003 26.0805047291688 127.230857197736 94.0736612533269 27.3043054580993 0.0793734350364236 -0.0375613183179614
37.5000000000003 26.1615746407858 127.16457285999 94.0280276882913 27.2944924625631 0.0780094206181531 -0.0413274034495376
37.6000000000003 26.2426116424936 127.098203468161 93.9826700481112 27.2842560593253 0.0766293493617222 -0.0454147807537708
37.7000000000003 26.3236159661631 127.031752582423 93.9375862459433 27.2736056593365 0.075232900068809 -0.0498529404902484
37.8000000000003 26.404587943793 126.965223503608 93.8927740553538 27.2625507777079 0.0738198584703543 -0.0546748240603543
37.9000000000003 26.4855280024378 126.898619276179 93.8482311168752 27.2511010347522 0.0723901203097156 -0.059917280094073
38.0000000000003 26.5664366592521 126.831942691219 93.8039549445621 27.239266157024 0.0709436952486374 -0.0656215853856571
38.1000000000003 26.6473145166634 126.765196289411 93.7599429325431 27.2270559783546 0.0694807189483386 -0.0718195681678613
38.2000000000003 26.7281622576694 126.698382364146 93.7161923614667 27.2144804407104 0.0680014795179712 -0.0785468395306274
38.3000000000003 26.808980641253 126.631502964937 93.672700404675 27.2015495946097 0.0665064006707575 -0.0858586774359097
38.4000000000003 26.8897704979498 126.564559900943 93.6294641342719 27.188273599363 0.0649960420465711 -0.0938172329135636
38.5000000000003 26.9705327255921 126.497554744509 93.5864805271864 27.1746627233074 0.063471108645058 -0.102492448802443
38.6000000000003 27.0512682852383 126.430488834703 93.5437464712361 27.1607273440415 0.0619324621995778 -0.11196309191313
38.7000000000003 27.1319781972971 126.363363280846 93.5012587711912 27.1464779486591 0.0603811348386291 -0.122317903209215
38.8000000000003 27.2126635378517 126.29617896605 93.4590141548375 27.1319251339839 0.058818345445962 -0.133656864988338
38.9000000000003 27.2933254351927 126.228936550755 93.4170092790402 27.1170796068035 0.0572455192045388 -0.146092574317689
39.0000000000003 27.3739650665654 126.161636476263 93.3752407358077 27.1019521841042 0.0556643108942115 -0.159751696454578
39.1000000000003 27.4545836551053 126.094278968312 93.3337050583637 27.0865537932781 0.0540766922143352 -0.174707971455589
39.2000000000003 27.5351824661492 126.02686404169 93.292398727453 27.0708954716286 0.0524851554234723 -0.191037359108638
39.3000000000003 27.6157628016339 125.959391507478 93.2513181782382 27.054988364096 0.0508925538695475 -0.208891867355642
39.4000000000003 27.6963259939133 125.891860981334 93.2104598074297 27.0388437202802 0.049302073637587 -0.228437650819154
39.5000000000003 27.7768733998183 125.824271891816 93.1698199804243 27.0224728914377 0.0477172718900634 -0.249854416009394
39.6000000000003 27.8574063949855 125.756623488696 93.129395038444 27.0058873274775 0.0461421213473758 -0.273333661709978
39.7000000000003 27.9379263684516 125.688914851293 93.0891813056752 26.9890985739578 0.0445810612862076 -0.299075173594
39.8000000000003 28.0184347175076 125.621144896785 93.0491750964067 26.9721182690824 0.0430390551359942 -0.327280981966836
39.9000000000003 28.0989328428054 125.553312388536 93.0093727221693 26.9549581406969 0.0415216542317901 -0.358145739260263
40.0000000000003 28.1794221437098 125.485415944417 92.9697704988743 26.9376300032853 0.0400350664311252 -0.391842199202253
40.1000000000003 28.2599040138972 125.417454045129 92.9303647539315 26.9201457549589 0.0385861886915723 -0.428452523875757
40.2000000000003 28.3403798374186 125.349425042607 92.8911518328336 26.9025173742531 0.0371825467857851 -0.467985155111196
40.3000000000003 28.4208509855748 125.281327168619 92.8521281043842 26.8847569164363 0.0358324425285028 -0.510388816929842
40.4000000000003 28.501318814217 125.213158543444 92.8132899653921 26.8668765096265 0.0345450231467459 -0.555460492021368
40.5000000000003 28.5817846612292 125.144917184548 92.7746338453442 26.8488883509005 0.0333302820169729 -0.602790998070906
40.6000000000003 28.662249844173 125.076601015272 92.7361562110795 26.8308047024028 0.032199007678152 -0.651706442132126
40.7000000000003 28.742715658081 125.008207873504 92.6978535714621 26.8126378874554 0.0311626595361578 -0.701214348059801
40.8000000000003 28.8231833733859 124.939735520364 92.6597224820552 26.7944002866666 0.0302331476594321 -0.749968947486709
40.9000000000003 28.9036542339715 124.871181648884 92.6217595497941 26.7761043340405 0.0294224978437897 -0.796275394531748
41.0000000000003 28.9841294553324 124.802543892683 92.5839614376596 26.7577625130859 0.0287423942956034 -0.838154434911244
41.1000000000003 29.0646102228307 124.733819834651 92.54632486935 26.7393873529328 0.0282036113506632 -0.873516381924983
41.2000000000003 29.1450976901107 124.665007015505 92.5088466339019 26.7209914246358 0.0278153881076106 -0.900345736365842
41.3000000000003 29.2255929777799 124.596102942056 92.4715235901831 26.7025873379511 0.0275848224172218 -0.916925522498665
41.4000000000003 29.3060971722197 124.527105095371 92.4343526713359 26.6841877383005 0.0275163322085362 -0.922125793376183
41.5000000000003 29.3866113244378 124.458010938918 92.3973308892174 26.665805303743 0.0276112934677417 -0.915590798236512
41.6000000000003 29.4671364489471 124.38881792672 92.3604553388404 26.6474527419457 0.0278679279035788 -0.897800547571695
41.7000000000003 29.5476735226585 124.319523511501 92.3237232028143 26.6291427871551 0.0282814628506619 -0.869987626181237
41.8000000000003 29.6282234837744 124.250125152842 92.2871317557858 26.6108881971682 0.0288445322549865 -0.833935079040858
41.9000000000003 29.708787230672 124.180620325328 92.2506783688796 26.592701750304 0.0295477444557232 -0.791713909178106
42.0000000000003 29.7893656207633 124.111006526701 92.2143605141394 26.5745962423747 0.0303803228694959 -0.745425856730605
42.1000000000003 29.8699594693213 124.041281286017 92.178175768944 26.5565844836557 0.0313306611608008 -0.697055137062414
42.2000000000003 29.950569548287 123.971442172122 92.1421218197814 26.5386792958339 0.0323866787022985 -0.648299516794527
42.3000000000003 30.0311965850761 123.901486802885 92.1061964643967 26.5208935088988 0.0335364997579337 -0.60044621051051
42.4000000000003 30.1118412613146 123.831412854755 92.0703976132962 26.5032399580108 0.0347688363454963 -0.55442415037544
42.5000000000003 30.1925042114624 123.761218072312 92.0347232912288 26.4857314803696 0.036073180732876 -0.510847079463129
42.6000000000003 30.2731860213121 123.69090027783 91.9991716386661 26.4683809120816 0.0374399047630939 -0.470072028517709
42.7000000000003 30.3538872263552 123.620457380838 91.9637409132835 26.4512010850277 0.0388602899807361 -0.432259606815889
42.8000000000003 30.4346083100051 123.549887387675 91.9284294914405 26.4342048237315 0.040326510392955 -0.39742834156261
42.9000000000003 30.5153497016689 123.479188411054 91.8932358696615 26.4174049422266 0.0418315856398433 -0.365499694873855
43.0000000000003 30.5961117746595 123.408358679616 91.8581586661164 26.400814240925 0.0433693179205433 -0.336333177641876
43.1000000000003 30.676894843974 123.337396547469 91.8231966220707 26.3844455034932 0.0449342446220677 -0.30980693291888
43.2000000000003 30.757699164803 123.266300503021 91.7883486025443 26.3683114939597 0.046521641873941 -0.285769972725097
43.3000000000003 30.8385249331594 123.195069176067 91.7536135949618 26.3524249544071 0.0481273959968909 -0.264008601451435
43.4000000000003 30.9193722872355 123.123701344172 91.7189907070106 26.3367986028945 0.0497479113597077 -0.244315729698167
43.5000000000003 31.00024130862 123.052195939035 91.6844791644692 26.3214451313887 0.0513800463503682 -0.226495737399339
43.6000000000004 31.0811320233355 122.98055205285 91.6500783090356 26.3063772036961 0.0530210570609649 -0.21036707015749
43.7000000000004 31.162044402699 122.908768944667 91.615787596155 26.2916074533937 0.0546685482594937 -0.19576331366371
43.8000000000004 31.2429783640012 122.836846046753 91.5816065928485 26.2771484817608 0.0563204310213256 -0.182533281284663
43.9000000000004 31.323933771007 122.764782970954 91.5475349755405 26.2630128557098 0.0579748863146599 -0.170540490201696
44.0000000000004 31.4049104342758 122.692579515055 91.5135725278874 26.2492131057185 0.0596303338308448 -0.15966228365102
44.1000000000004 31.4859081113056 122.620235669143 91.4797191386012 26.2357617237547 0.0612853850121388 -0.149791668274634
44.2000000000004 31.5669265065795 122.547751621962 91.4459747991516 26.2226711610427 0.0629387590321818 -0.140833615427863
44.3000000000004 31.6479652716308 122.475127767257 91.4123396011628 26.2099538254269 0.0645893242000092 -0.132700718429776
44.4000000000004 31.7290240049957 122.402364710117 91.3788137336886 26.1976220785755 0.0662361018705464 -0.125314845634964
44.5000000000004 31.8101022519728 122.329463273309 91.3453974804833 26.1856882331792 0.0678782525589425 -0.118606183581906
44.6000000000004 31.8911995041884 122.256424503623 91.3120912172726 26.1741645501491 0.0695150642253067 -0.11251235035629
44.7000000000004 31.9723151989691 122.183249678208 91.2788954090241 26.1630632358149 0.0711459424286216 -0.106977585675781
44.8000000000004 32.0534487185241 122.109940310912 91.2458106072183 26.1523964391235 0.0727704020915802 -0.101952018556215
44.9000000000004 32.1345993889396 122.036498158626 91.2128374471195 26.1421762488365 0.0743880606553342 -0.0973910099741856
45.0000000000004 32.2157664789889 121.962925227615 91.1799766450462 26.132414690729 0.0759986324363518 -0.0932545659660472
45.1000000000004 32.2969491987895 121.889223779844 91.1472289956298 26.1231237247754 0.077601897545453 -0.0895061491822585
45.2000000000004 32.3781466989709 121.815396338713 91.1145953687494 26.1143152420234 0.0791976110142177 -0.0861134394087902
45.3000000000004 32.4593580714056 121.74144569334 91.082076705645 26.1060010606754 0.080785565312627 -0.0830482295473714
45.4000000000004 32.5405823504303 121.667374902259 91.0496740147077 26.0981929218568 0.0823656116983087 -0.080285107603292
45.5000000000004 32.6218185138906 121.593187297106 91.0173883672572 26.0909024853732 0.0839376575901923 -0.0778011544433706
45.6000000000004 32.7030654839888 121.518886486294 90.9852208933194 26.0841413254671 0.0855016644904729 -0.0755756759003898
45.7000000000004 32.7843221279344 121.444476358696 90.9531727774036 26.0779209265746 0.0870576463923442 -0.073589965313925
45.8000000000004 32.8655872584025 121.369961087325 90.9212452542804 26.0722526790824 0.0886056686199915 -0.0718270929571975
45.9000000000004 32.9468596338032 121.295345133012 90.8894396047589 26.0671478750844 0.0901458470548241 -0.0702717191788995
46.0000000000004 33.0281379583669 121.220633248092 90.8577571514647 26.0626177041389 0.0916783477075196 -0.0689099284356146
46.1000000000004 33.1094208820924 121.145830480028 90.826199254621 26.0586732490188 0.0932033917397774 -0.0677013362711877
46.2000000000004 33.1907070016573 121.070942173776 90.7947673079437 26.0553254813066 0.0947212531990207 -0.0666090176625904
46.3000000000004 33.2719948640429 120.995973970908 90.7634627348206 26.0525852565922 0.0962322120535384 -0.0656257702672198
46.4000000000004 33.3532829711346 120.920931807469 90.732286984604 26.0504633095143 0.0977365436655546 -0.064745059350376
46.5000000000004 33.4345697842078 120.845821911784 90.7012415289073 26.0489702487963 0.0992345179780824 -0.0639609495276288
46.6000000000004 33.5158537282539 120.770650802261 90.6703278579013 26.0481165522815 0.100726398881054 -0.063268044529086
46.7000000000004 33.5971331961495 120.6954252852 90.6395474766112 26.0479125619694 0.102212443740791 -0.0626614339377389
46.8000000000004 33.6784065526676 120.620152452599 90.608901901213 26.0483684790504 0.103692903079138 -0.0621366460035723
46.9000000000004 33.7596721383302 120.544839679956 90.57839265533 26.0494943589421 0.105168020390373 -0.0616896057501726
47.0000000000004 33.8409282731049 120.469494624079 90.5480212663296 26.0513001063247 0.106638032085562 -0.0613165977057104
47.1000000000004 33.9221732599613 120.394125220867 90.5177892616307 26.0537954701693 0.10810315474407 -0.0609937986221442
47.2000000000004 34.0034053887195 120.31873968249 90.4876981652934 26.0569900385861 0.109563537968645 -0.060699180825855
47.3000000000004 34.0846229408776 120.243346493027 90.4577494953263 26.0608932332121 0.111019287365516 -0.0604320447835238
47.4000000000004 34.1658241947109 120.167954403505 90.4279447612761 26.0655143034179 0.112470475131849 -0.0601917819290776
47.5000000000004 34.2470074302043 120.092572426915 90.3982854618272 26.0708623205079 0.113917140147101 -0.0599778670672467
47.6000000000004 34.3281709337962 120.017209833223 90.3687730824028 26.0769461719204 0.115359288175604 -0.0597898516277178
47.7000000000004 34.4093130029274 119.941876144384 90.339409092765 26.0837745554274 0.116796892177393 -0.0596273576725058
47.8000000000004 34.4904319503912 119.866581129356 90.3101949446147 26.0913559733349 0.118229892724715 -0.0594900725718173
47.9000000000004 34.5715261084779 119.791334799116 90.2811320691926 26.0996987266823 0.119658198523163 -0.0593777442824997
48.0000000000004 34.6525938329098 119.716147401671 90.2522218748789 26.1088109094433 0.121081687035908 -0.0592901771561555
48.1000000000004 34.7336335065796 119.641029417045 90.2234657447984 26.1187004027097 0.122500153814281 -0.0592126894828286
48.2000000000004 34.814643543601 119.565991551594 90.1948650345393 26.1293748684763 0.123913148876815 -0.059131826075149
48.3000000000004 34.8956223944541 119.491044730593 90.1664210701611 26.1408417424093 0.125320113905723 -0.0590492257548684
48.4000000000004 34.9765685513437 119.416200090153 90.1381351463172 26.153108226215 0.126720432213773 -0.058966470905669
48.5000000000004 35.057480553228 119.34146896911 90.1100085243816 26.1661812799928 0.128113430069138 -0.0588850923123157
48.6000000000004 35.1383569904845 119.266862900912 90.0820424305754 26.1800676145879 0.129498378211716 -0.0588065738068219
48.7000000000004 35.2191965091966 119.192393605507 90.0542380540938 26.1947736839452 0.130874493564897 -0.0587323567696233
48.8000000000004 35.2999978150466 119.118072981233 90.0265965452324 26.2103056774615 0.132240941145201 -0.0586638445201994
48.9000000000004 35.3807596768002 119.043913096709 89.9991190135144 26.2266695123391 0.133596836174193 -0.0586024066295907
49.0000000000004 35.4614809293669 118.969926182716 89.9718065258169 26.2438708259388 0.134941246397334 -0.0585493831782542
49.1000000000004 35.5421604764617 118.896124624055 89.9446601045008 26.2619149681551 0.136273234715835 -0.0584935938572581
49.2000000000004 35.6227972938507 118.822520950375 89.9176807256215 26.2808069943737 0.137591963658642 -0.0584240748656784
49.3000000000004 35.7033904347924 118.749127824429 89.8908693173435 26.3005516599053 0.138896544745867 -0.0583424450556586
49.4000000000004 35.7839390361134 118.675958029318 89.864226758437 26.3211534150011 0.140185995327861 -0.0582502906631069
49.5000000000004 35.8644423239143 118.603024455684 89.8377538767759 26.3426163998909 0.141459240381911 -0.0581491684260243
49.6000000000004 35.9448996188435 118.530340088918 89.8114514478376 26.3649444398213 0.142715114613699 -0.0580406086208108
49.7000000000004 36.0253103409157 118.457917996356 89.7853201932012 26.3881410400934 0.143952364868375 -0.0579261180564769
49.8000000000004 36.1056740138531 118.385771314479 89.7593607790469 26.4122093811008 0.145169652858096 -0.0578071830910126
49.9000000000004 36.1859902689245 118.313913236116 89.7335738146545 26.4371523133679 0.146365558211118 -0.0576852726994436
50.0000000000004 36.2662588482614 118.242356997643 89.7079598509027 26.4629723525877 0.147538581848285 -0.0575618416493851
50.1000000000004 36.3464796076299 118.171115866194 89.6825193787694 26.4896716746996 0.148687275403185 -0.057441421914742
50.2000000000004 36.4266525187464 118.100203127134 89.6572528278778 26.5172521120028 0.149810621489546 -0.0573276743787673
50.3000000000004 36.5067776713821 118.029632072186 89.6321605651564 26.5457151518972 0.150907658273002 -0.057220780428807
50.4000000000004 36.5868552752183 117.959415987835 89.6072428935445 26.5750619366601 0.1519773559383 -0.0571209761423364
50.5000000000004 36.6668856613683 117.889568143722 89.5825000506993 26.6052932632626 0.153018619227889 -0.0570285510572398
50.6000000000004 36.7468692835471 117.820101781058 89.5579322077034 26.636409583186 0.154030290231813 -0.0569438473030834
50.7000000000005 36.8268067188699 117.751030101021 89.5335394677712 26.6684110022382 0.155011151431104 -0.056867259089581
50.8000000000005 36.9066986682657 117.682366253161 89.5093218649569 26.7012972803698 0.155959928995801 -0.0567992325393288
50.9000000000005 36.9865459564881 117.61412332381 89.485279362861 26.735067831491 0.156875296338634 -0.0567402658705015
51.0000000000005 37.0663495317067 117.54631432448 89.4614118533375 26.7697217232875 0.15775587792017 -0.0566909099337673
51.1000000000005 37.1461104646726 117.47895218026 89.4377191551929 26.8052576770288 0.158600213098906 -0.0566554826504553
51.2000000000005 37.2258299476034 117.412049717974 89.4142010126594 26.8416740671664 0.15940663734239 -0.0566385153809008
51.3000000000005 37.305509293004 117.345619653735 89.3908570932985 26.8789689203963 0.160173403387977 -0.0566409728411694
51.4000000000005 37.3851499320967 117.279674580255 89.3676869856791 26.9171399145116 0.160898726332882 -0.0566638942857481
51.5000000000005 37.4647534126703 117.214226954158 89.3446901970478 26.9561843772473 0.161580789434616 -0.0567083976371446
51.6000000000005 37.5443213963263 117.149289083279 89.3218661509984 26.9960992851241 0.16221775015196 -0.0567756842823192
51.7000000000005 37.6238556551094 117.084873113977 89.299214185142 27.0368812622935 0.162807746405371 -0.0568670445856119
51.8000000000005 37.703358067512 117.020991018433 89.2767335487766 27.0785265793815 0.163348903030037 -0.0569838641801627
51.9000000000005 37.7828306138423 116.957654581962 89.254423400557 27.1210311523333 0.163839338394169 -0.0571276311030668
52.0000000000005 37.8622753709481 116.894875390317 89.2322828061649 27.1643905412579 0.164277171149196 -0.0572999438538202
52.1000000000005 37.9416945063083 116.832664817005 89.2103107359892 27.208599949326 0.164660692977134 -0.0574966784720879
52.2000000000005 38.0210902719522 116.771034010919 89.1885060630865 27.2536542230748 0.164988864401304 -0.0577129405324936
52.3000000000005 38.1004649990751 116.70999388476 89.1668675618519 27.2995478562785 0.165260806971741 -0.0579493493147862
52.4000000000005 38.1798210928305 116.649555103768 89.1453939069688 27.3462749952267 0.165475638599315 -0.0582066447131567
52.5000000000005 38.2591610268903 116.58972807447 89.1240836723708 27.3938294440544 0.165632476810412 -0.0584856915645564
52.6000000000005 38.338487337755 116.530522933422 89.1029353302024 27.4422046700741 0.165730441994118 -0.058787484874074
52.7000000000005 38.4178026188104 116.471949535959 89.0819472497803 27.4913938091066 0.165768660623192 -0.0591131560025696
52.8000000000005 38.4971095141307 116.414017444938 89.0611176965544 27.5413896708121 0.165746268430618 -0.0594639798925338
52.9000000000005 38.57641071203 116.356735919482 89.0404448310691 27.5921847440217 0.165662413521545 -0.0598413834312795
53.0000000000005 38.6557089383603 116.300113903729 89.0199267079244 27.6437712020681 0.165516259400784 -0.0602469550574061
53.1000000000005 38.7350069495286 116.244160015641 88.999561274763 27.6961409081506 0.165307217200164 -0.0606768077679836
53.2000000000005 38.8143075244674 116.188882537554 88.9793463719283 27.749285421559 0.165035648437781 -0.0611258319007925
53.3000000000005 38.8936134545085 116.134289411143 88.9592797338272 27.8031960060828 0.164702198304258 -0.0615939766977373
53.4000000000005 38.9729275327073 116.080388234115 88.9393589909637 27.8578636392793 0.164307566469693 -0.0620812817323819
53.5000000000005 39.0522525434807 116.027186256977 88.9195816719987 27.9132790217767 0.163852503665251 -0.0625878783205205
53.6000000000005 39.1315912525995 115.974690379799 88.8999452058095 27.9694325865751 0.163337808044308 -0.0631139914940836
53.7000000000005 39.2109463975471 115.922907148982 88.8804469235495 28.026314508349 0.162764321348577 -0.0636599425577541
53.8000000000005 39.2903206782509 115.87184275402 88.8610840607078 28.0839147127492 0.162132924903769 -0.0642261522356485
53.9000000000005 39.3697167481935 115.821503024267 88.8418537591689 28.1422228857049 0.161444535470631 -0.0648131444612221
54.0000000000005 39.4491372059115 115.771893425701 88.8227530692723 28.2012284827254 0.160700100977403 -0.065421550823314
54.1000000000005 39.5285845868822 115.723019057681 88.8037789518815 28.2609207381948 0.159900561118156 -0.066044289539525
54.2000000000005 39.6080613557475 115.674884649453 88.784928280691 28.3212886744644 0.15904673751365 -0.066674453724083
54.3000000000005 39.6875698987571 115.627494556023 88.7661978451406 28.3823211104336 0.158139434138381 -0.0673130950002561
54.4000000000005 39.7671125164826 115.580852753788 88.7475843535674 28.4440066699298 0.157179468353557 -0.0679613699966099
54.5000000000005 39.8466914168487 115.53496283615 88.7290844363676 28.5063337900801 0.156167666975308 -0.0686205490777652
54.6000000000005 39.926308708486 115.489828009132 88.7106946491575 28.5692907296826 0.155104862335468 -0.0692920259875064
54.7000000000005 40.0059663944059 115.445451086999 88.6924114759359 28.6328655775789 0.153991888355178 -0.069977328546751
54.8000000000005 40.0856663659979 115.401834487871 88.6742313322448 28.6970462610252 0.152829576647107 -0.0706781305506588
54.9000000000005 40.1654103973515 115.358980229341 88.6561505683316 28.7618205540642 0.151618752665293 -0.0713962650500276
55.0000000000005 40.2452001398992 115.316889924095 88.6381654723104 28.8271760858973 0.150360231915498 -0.0721337392182848
55.1000000000005 40.3250371173726 115.275564775592 88.6202722733589 28.8931003492958 0.149055075806176 -0.0728724777714308
55.2000000000005 40.4049227208257 115.235005575566 88.6024671458447 28.9595807100536 0.147705365226815 -0.0735917377553389
55.3000000000005 40.4848582035209 115.195212706097 88.5847462158056 29.0266044190804 0.146313413393872 -0.0742895623800298
55.4000000000005 40.5648446763773 115.156186143504 88.5671055683597 29.0941586255362 0.144881497725232 -0.0749638498690731
55.5000000000005 40.6448831042905 115.117925462298 88.5495412551506 29.1622303900053 0.14341185179613 -0.0756123429574913
55.6000000000005 40.7249743033163 115.080429839138 88.5320493017924 29.2308066976702 0.141906657731628 -0.0762326174759543
55.7000000000005 40.8051189386961 115.043698056789 88.5146257153148 29.2998744714862 0.140368039052571 -0.0768220699369303
55.8000000000005 40.885317523699 115.007728508077 88.4972664916086 29.3694205853549 0.138798053985511 -0.0773779040280401
55.9000000000005 40.9655704192574 114.972519199845 88.4799676228706 29.4394318772991 0.137198689243727 -0.0778971158733311
56.0000000000005 41.045877834368 114.938067756908 88.462725105049 29.509895162636 0.135571854282774 -0.0783764779337453
56.1000000000005 41.1262398271986 114.904371426057 88.4455349452954 29.5807972471369 0.133919478190421 -0.0788148516864056
56.2000000000005 41.2066563060263 114.871427081258 88.4283931696 29.6521249397871 0.132243824161187 -0.0792099533362846
56.3000000000005 41.2871270286951 114.839231231882 88.4112958308903 29.7238650645348 0.130547199938599 -0.0795563522165014
56.4000000000005 41.3676516020413 114.807780032137 88.3942390173131 29.7960044716423 0.128831852636311 -0.079848181796661
56.5000000000005 41.448229482134 114.777069290548 88.3772188605228 29.8685300490208 0.127099962920831 -0.0800791047928145
56.6000000000005 41.5288599753355 114.747094479424 88.3602315439705 29.9414287335656 0.125353639711318 -0.0802422759188099
56.7000000000005 41.6095422401488 114.717850744343 88.3432733111925 30.0146875224921 0.123594915388522 -0.08033030210681
56.8000000000005 41.6902752898196 114.689332913624 88.3263404740989 30.0882934846704 0.121825741499938 -0.0803351999705914
56.9000000000005 41.7710579956611 114.661535507801 88.3094294212626 30.1622337719607 0.120047984950352 -0.08024835024693
57.0000000000005 41.8518890910664 114.634452749104 88.2925366262081 30.2364956305489 0.118263424664598 -0.080060448937107
57.1000000000005 41.9327671761679 114.608078570923 88.2756586556999 30.31106641227 0.116473717519829 -0.0797627803255154
57.2000000000005 42.0136907228814 114.582406627124 88.2587921780406 30.3859335856218 0.114680306097425 -0.079346272299074
57.3000000000005 42.0946580799192 114.557430300956 88.2419339713891 30.4610847459939 0.112884516901838 -0.0787999141839532
57.4000000000005 42.1756674780779 114.533142713794 88.2250809320881 30.5365076255878 0.111087591048881 -0.0781118038065483
57.5000000000005 42.2567170359965 114.50953673389 88.2082300829908 30.6121901033238 0.109290683232227 -0.0772690732742597
57.6000000000005 42.337804766363 114.486604985109 88.1913785817887 30.6881202147493 0.10749486109171 -0.0762578073897309
57.7000000000006 42.4189285825465 114.464339855677 88.1745237293388 30.7642861619463 0.105701104991784 -0.0750629536889645
57.8000000000006 42.5000863056269 114.442733506917 88.1576629779908 30.8406763234389 0.103910308220955 -0.0736682229701333
57.9000000000006 42.581275671799 114.421777881999 88.1407939399148 30.9172792641011 0.102123277632859 -0.0720559789728985
58.0000000000006 42.6624943401262 114.401464714676 88.1239143954282 30.9940837450646 0.100340734753679 -0.0702071157158208
58.1000000000006 42.7437399006087 114.381785538041 88.1070223013151 31.0710787336129 0.0985633346957005 -0.0681138093927973
58.2000000000006 42.8250098822059 114.362731693526 88.0901157989282 31.1482534127186 0.0967917266312172 -0.0657674877122981
58.3000000000006 42.9063017602625 114.344294340546 88.0731932217413 31.2255971896784 0.0950265154437984 -0.0631453838134751
58.4000000000006 42.9876129638763 114.326464466379 88.0562531026848 31.3030997043903 0.0932682485733182 -0.0602227884162695
58.5000000000006 43.0689408835321 114.309232896074 88.0392941814727 31.3807508376188 0.0915174191687825 -0.0569728657640969
58.6000000000006 43.150282879001 114.292590302341 88.0223154119298 31.4585407192584 0.0897744699581629 -0.0533664499978082
58.7000000000006 43.2316362874889 114.276527215456 88.0053159693189 31.5364597365986 0.0880397979261228 -0.049371820077001
58.8000000000006 43.3129984320227 114.261034033156 87.9882952576681 31.6144985425881 0.0863137599055158 -0.0449544513360101
58.9000000000006 43.3943666300588 114.246101030539 87.9712529170976 31.6926480640988 0.0845966792075793 -0.0400767419894492
59.0000000000006 43.475738202307 114.231718369959 87.9541888311474 31.7708995101907 0.0828888534372215 -0.0346977131662282
59.1000000000006 43.5571104817214 114.217876110915 87.9371031340511 31.8492443803251 0.0811904994262401 -0.0288590215041946
59.2000000000006 43.6384808217707 114.204564219521 87.9199962166382 31.927674471259 0.0795015869866 -0.0226084885298015
59.3000000000006 43.7198466025418 114.191772576954 87.9028687287518 32.0061818805884 0.0778220687610283 -0.0159092203606192
59.4000000000006 43.8012052360435 114.179490987491 87.8857215802939 32.0847590089739 0.0761519561811079 -0.0087208304992065
59.5000000000006 43.8825541715857 114.167709186531 87.8685559422182 32.1633985623134 0.0744913280669982 -0.000999118736935329
59.6000000000006 43.9638909012715 114.156416848618 87.8513732475225 32.2420935539165 0.0728403404881026 0.00730426460470925
59.7000000000006 44.04521296561 114.145603595459 87.8341751922412 32.3208373066779 0.0711992380637178 0.0162421625573108
59.8000000000006 44.1265179592531 114.135259003954 87.8169637364383 32.3996234552513 0.0695683669045246 0.0258722532687384
59.9000000000006 44.2078035368621 114.125372614211 87.7997411051992 32.478445948223 0.0679481894233138 0.0362573742848455
60.0000000000006 44.2890674191104 114.11593393757 87.7825097896243 32.5572990502857 0.0663393012685787 0.0474658070360992
60.1000000000006 44.3703073988074 114.106932464598 87.7652725477742 32.636177344378 0.0647423510599758 0.0594801383483138
60.2000000000006 44.4515213466529 114.098357672249 87.748032404409 32.7150757329392 0.0631577637408301 0.0722778153381066
60.3000000000006 44.5327072157966 114.090199028946 87.7307926476619 32.7939894369163 0.0615860601633862 0.0859275613695695
60.4000000000006 44.6138630459547 114.082445998835 87.7135568245055 32.872913993886 0.0600279749489413 0.100503316090681
60.5000000000006 44.6949869675742 114.075088046006 87.6963287361716 32.9518452561427 0.0584844765463097 0.116084035860952
60.6000000000006 44.7760772060787 114.068114638714 87.6791124335714 33.0307793887866 0.0569567897867444 0.132753218592786
60.7000000000006 44.857132086205 114.061515253606 87.6619122127153 33.1097128678116 0.0554464211191088 0.150598044217368
60.8000000000006 44.9381500364399 114.05527937994 87.6447326101323 33.1886424781931 0.0539551866577759 0.169707989948054
60.9000000000006 45.0191295935672 114.049396523808 87.627578398291 33.2675653119763 0.0524852430883609 0.19017274136014
61.0000000000006 45.1000694073321 114.043856212359 87.6104545810181 33.3464787663637 0.0510391213391308 0.21207917701091
61.1000000000006 45.1809682452244 114.038647997998 87.5933663888778 33.4253805417865 0.0496196801363447 0.235412047585625
61.2000000000006 45.2618249972254 114.033761461997 87.5763192734558 33.5042686395317 0.048229878101585 0.260135581376053
61.3000000000006 45.3426386802447 114.029186216618 87.5593188988731 33.583141358243 0.0468730224455657 0.286287645398861
61.4000000000006 45.4234084424753 114.024911906633 87.5423711322054 33.6619972899788 0.0455528719667694 0.31388139141664
61.5000000000006 45.5041335678187 114.020928210842 87.5254820338615 33.7408353162521 0.0442736580838354 0.342895716012256
61.6000000000006 45.5848134803911 114.017224843571 87.5086578479614 33.8196546040715 0.043040100047609 0.373263825919675
61.7000000000006 45.6654477491097 114.013791556185 87.4919049927145 33.8984546019813 0.0418574110158283 0.40486005429203
61.8000000000006 45.7460360923573 114.010618138592 87.4752300507977 33.977235036102 0.0407312908272279 0.437485416231849
61.9000000000006 45.8265783827247 114.007694420751 87.4586397597333 34.0559959061709 0.0396679005068641 0.47085288735481
62.0000000000006 45.9070746518248 114.00501027418 87.4421410022678 34.1347374815826 0.0386738129047012 0.504574034475315
62.1000000000006 45.9875250951364 114.002555613427 87.4257407966772 34.2134602973745 0.0377557538949621 0.537971105616704
62.2000000000006 46.0679300759204 114.000320396645 87.4094462851952 34.2921651487902 0.036919890002149 0.570279895780467
62.3000000000006 46.1482901266428 113.998294623897 87.3932647176754 34.3708530822329 0.0361721071839953 0.600845399755527
62.4000000000006 46.2286059493468 113.996468334555 87.3772034333749 34.4495253847953 0.0355179809306472 0.628961166823736
62.5000000000006 46.3088784158903 113.994831604669 87.361269842666 34.5281835737357 0.0349625591458492 0.653905830026171
62.6000000000006 46.3891085680683 113.993374544341 87.3454714087483 34.6068293859539 0.0345101349413324 0.674990134687253
62.7000000000006 46.4692976175987 113.992087295088 87.3298156293601 34.6854647674669 0.0341640248020718 0.691610352339035
62.8000000000006 46.5494469459497 113.990960027215 87.3143100184905 34.7640918628846 0.0339263704283294 0.703301564683307
62.9000000000006 46.6295581039872 113.989982937185 87.2989620880909 34.8427130048861 0.0337979830343916 0.709782882875044
63.0000000000006 46.7096328114145 113.989146244984 87.2837793297867 34.921330703695 0.0337782463256682 0.710986951407493
63.1000000000006 46.7896729559671 113.988440191484 87.2687691966072 34.9999476365428 0.0338651188152453 0.70712279380528
63.2000000000006 46.8696805919393 113.987855035566 87.2539390851787 35.0785666367999 0.034055288850914 0.698596236870875
63.3000000000006 46.9496579373916 113.987381050636 87.239296319094 35.1571906822649 0.0343442273043662 0.685922859841453
63.4000000000006 47.0296073706522 113.987008520908 87.2248481327467 35.2358228831216 0.0347263181157079 0.669740095755867
63.5000000000006 47.1095314264866 113.986727737676 87.2106016551819 35.3144664698836 0.0351950495591167 0.650755020932693
63.6000000000006 47.1894327919307 113.986528995584 87.1965638939479 35.3931247813386 0.0357432238611354 0.629693496541491
63.7000000000006 47.2693143017667 113.986402588901 87.1827417189474 35.4718012524928 0.0363631682863479 0.607256493800205
63.8000000000006 47.349178933622 113.986338807789 87.1691418462889 35.5504994025157 0.0370469338810164 0.58408706819197
63.9000000000006 47.4290298026722 113.986327934579 87.1557708221384 35.6292228226841 0.0377864722110135 0.560749046936908
64.0000000000006 47.5088701559311 113.986360240039 87.14263500657 35.7079751643268 0.0385737847069584 0.537716596524261
64.1000000000006 47.5887033661063 113.986425979652 87.1297405574001 35.7867601267612 0.0394009843231573 0.515359826545994
64.2000000000006 47.6685329248803 113.986515389962 87.1170934135501 35.8655814450215 0.0402602065193583 0.493975606914984
64.3000000000006 47.7483624353922 113.986618685103 87.1046992772179 35.9444428770606 0.0411438465398522 0.473800332031223
64.4000000000006 47.8281956040891 113.986726053405 87.0925635955788 36.0233481907434 0.0420446699230273 0.455000865869834
64.5000000000006 47.9080362320588 113.986827654001 87.0806915424684 36.1023011508328 0.0429558481617959 0.437686440736213
64.6000000000006 47.9878882058396 113.986913613428 87.0690880000664 36.1813055059747 0.0438709805434171 0.42192017417303
64.7000000000006 48.0677554877026 113.986974022241 87.0577575405787 36.2603649756843 0.044784105962995 0.407729527675755
64.8000000000006 48.1476421054059 113.986998931612 87.0467044079212 36.3394832373313 0.0456897079370834 0.395115373463862
64.9000000000006 48.2275521414215 113.98697834994 87.0359324994026 36.4186639131258 0.0465827154491936 0.38405957335262
65.0000000000006 48.3074897216421 113.986902239459 87.0254453474075 36.4979105571036 0.0474585016950635 0.374531123256033
65.1000000000006 48.3874590035493 113.986760512863 87.0152461011147 36.5772266420889 0.0483129498902692 0.366415729960543
65.2000000000006 48.4674641631638 113.986543030569 87.0053375091283 36.6566155460443 0.0491426269949332 0.359594177708461
65.3000000000006 48.547509379705 113.986239599571 86.9957219044278 36.7360805368704 0.0499445331288316 0.354021738893633
65.4000000000006 48.6275988191203 113.985839972923 86.9864011902299 36.8156247565928 0.050716030508487 0.349655106029529
65.5000000000006 48.7077366172107 113.985333849247 86.9773768258873 36.8952512055267 0.0514548489453065 0.346453324118862
65.6000000000005 48.7879268624055 113.98471087224 86.9686498127856 36.9749627264403 0.0521590934401685 0.344378352572369
65.7000000000005 48.8681735782193 113.983960630182 86.9602206802416 37.0547619887196 0.0528272539977271 0.343395324588636
65.8000000000005 48.9484807054254 113.983072655441 86.9520894714013 37.1346514725316 0.0534582177512916 0.343472554637173
65.9000000000005 49.0288520839839 113.982036423986 86.9442557291369 37.214633452989 0.0540512834685219 0.344581329546607
66.0000000000005 49.1092914347669 113.980841354889 86.9367184819454 37.294709984314 0.0546061784905698 0.34669550547265
66.1000000000005 49.1898023411654 113.979476809873 86.9294762299539 37.37488288405 0.0551233342088002 0.34960967999057
66.2000000000005 49.2703882315701 113.977932093784 86.9225269337219 37.4551537185194 0.05560460753579 0.353106741449686
66.3000000000005 49.3510523643558 113.976196457452 86.9158680101456 37.5355237914408 0.0560524076962378 0.357145578062715
66.4000000000005 49.4317978140085 113.974259101468 86.9094963311592 37.6159941337932 0.0564694292062347 0.361685563809849
66.5000000000005 49.5126274575203 113.972109180012 86.9034082225441 37.6965654937263 0.0568586575156785 0.366685531066429
66.6000000000005 49.593543961055 113.969735804675 86.897599462737 37.7772383264725 0.0572233747980479 0.372102781528425
66.7000000000005 49.6745497669229 113.967128048279 86.8920652816399 37.8580127842575 0.0575671655881865 0.377892134841574
66.8000000000005 49.7556470809047 113.964274948701 86.8868003594283 37.9388887062118 0.0578939219306553 0.384005021281388
66.9000000000005 49.8368378599634 113.961165512696 86.8817988253603 38.0198656082819 0.0582078476579864 0.390388632398185
67.0000000000005 49.9181238003827 113.95778871972 86.8770542565857 38.1009426731411 0.0585134613681084 0.39698515153163
67.1000000000005 49.9995063263596 113.954133525775 86.8725596769654 38.1821187400922 0.0588155500443188 0.403685311019728
67.2000000000005 50.0809865788168 113.950188867974 86.8683075561715 38.2633922947338 0.0591190068483409 0.410381024289917
67.3000000000005 50.1625654040231 113.945943670894 86.8642898094975 38.3447614580295 0.0594289387657636 0.417007980191415
67.4000000000004 50.2442433424722 113.941386853645 86.8604977979489 38.4262239751418 0.059750704780837 0.423496446708663
67.5000000000004 50.3260206183194 113.936507336961 86.8569223283445 38.5077772042565 0.0600899080390318 0.429771532051109
67.6000000000004 50.4078971294159 113.931294050299 86.8535536534175 38.5894181054074 0.0604523845020223 0.43575372090056
67.7000000000004 50.4898724379724 113.925735938926 86.8503814719171 38.6711432293011 0.0608441877635161 0.441359718047691
67.8000000000004 50.5719457618836 113.919821971016 86.8473949287095 38.7529487061413 0.0612715697849725 0.446503621001551
67.9000000000004 50.6541159667422 113.913541144746 86.8445826148792 38.8348302344539 0.0617409574385883 0.45109842753162
68.0000000000004 50.7363815585784 113.906882495387 86.8419325678304 38.9167830699113 0.0622589249091552 0.455057863034089
68.1000000000004 50.8187406773958 113.899835102448 86.8394322715014 38.9988020142072 0.0628321427206441 0.458087682847388
68.2000000000004 50.9011910925883 113.892388098215 86.83706865952 39.0808814052367 0.0634671520553935 0.459918481711899
68.3000000000004 50.9837302019257 113.884530679792 86.834828125826 39.1630151105877 0.0641701529729699 0.460515992795119
68.4000000000004 51.0663550324147 113.876252122529 86.8326965382336 39.2451965223383 0.0649469532010329 0.459864662721762
68.5000000000004 51.1490622419682 113.867541793513 86.8306592521089 39.3274185519034 0.0658029371929746 0.457968813581878
68.6000000000004 51.2318481218276 113.858389165045 86.8287011240451 39.409673624882 0.0667430435110375 0.454852976837301
68.7000000000004 51.3147085997226 113.848783828128 86.8268065255397 39.4919536759041 0.067771751497591 0.450561363378928
68.8000000000004 51.3976392437541 113.838715505946 86.8249593566706 39.5742501434777 0.0688930777930211 0.445156500204971
68.9000000000004 51.4806352669853 113.828174067355 86.8231430597723 39.6565539648361 0.0701105828081803 0.438717127773653
69.0000000000004 51.5636915327277 113.817149540357 86.8213406331124 39.7388555707845 0.0714273868076048 0.431335505440622
69.1000000000004 51.6468025605975 113.805632125608 86.8195346446426 39.8211448806413 0.0728461317682209 0.423008025213868
69.2000000000003 51.7299625355634 113.793612210274 86.8177072476843 39.9034112996229 0.0743687156715156 0.413758143508943
69.3000000000003 51.8131653235052 113.781080382836 86.8158402015277 39.9856437224317 0.0759963361378968 0.403731079717066
69.4000000000003 51.8964044896202 113.768027448251 86.813914893965 40.0678305392882 0.077729585495013 0.393073758390337
69.5000000000003 51.9796733173792 113.754444443131 86.8119123638995 40.1499596420571 0.0795685167456702 0.381930566012298
69.6000000000003 52.0629648278925 113.740322650926 86.809813323953 40.2320184303725 0.0815127128431892 0.370439732451019
69.7000000000003 52.1462717996337 113.725653617098 86.8075981830745 40.313993817765 0.0835613566752543 0.358730449550248
69.8000000000003 52.2295867884698 113.710429164305 86.8052470691487 40.3958722377866 0.0857132995106107 0.34692076488329
69.9000000000003 52.3129021479469 113.694641407578 86.8027398516036 40.477639650137 0.0879671260840335 0.335116226226436
70.0000000000003 52.3962100497807 113.678282769499 86.8000561640193 40.55928154679 0.0903212149485342 0.323409205784355
70.1000000000003 52.4795025045384 113.661345995389 86.7971754267407 40.6407829581586 0.0927737428334461 0.3118785091541
70.2000000000003 52.5627713833983 113.64382416867 86.7940768696063 40.7221284603003 0.0953225618166067 0.300592573391622
70.3000000000003 52.6460084424096 113.625710726665 86.7907395549733 40.8033021847597 0.097965357977827 0.289608807810259
70.4000000000003 52.7292053476601 113.60699947658 86.7871424008591 40.8842878294494 0.100699734602494 0.278972855163684
70.5000000000003 52.8123537003468 113.587684611491 86.7832642040863 40.9650686695719 0.103523243737135 0.268719716432319
70.6000000000003 52.8954450616499 113.567760726327 86.7790836634288 41.0456275685403 0.106433411585265 0.258874961837003
70.7000000000003 52.9784709773521 113.547222833859 86.7745794027577 41.1259469889004 0.10942775825322 0.249455959656397
70.8000000000003 53.0614230021399 113.526066380684 86.7697299941868 41.2060090032513 0.112503812430666 0.240473071575223
70.9000000000002 53.1442927235266 113.504287263209 86.7645139812182 41.2857953051673 0.115659121625733 0.231930778676706
71.0000000000002 53.2270717853346 113.481881843642 86.758909901888 41.3652872201191 0.118891258579171 0.223828715196461
71.1000000000002 53.3097519107419 113.458846965974 86.7528963119452 41.4444657164687 0.122197687828413 0.216144831471429
71.2000000000002 53.3923249265245 113.435179971964 86.7464518088813 41.5233114183822 0.125575312277565 0.20885953894634
71.3000000000002 53.4747827910658 113.410878717123 86.739555058122 41.6018046236094 0.129020805945493 0.201970629884687
71.4000000000002 53.5571176232118 113.385941586693 86.7321848200709 41.6799253231807 0.132530739132456 0.195473150321498
71.5000000000002 53.6393217301417 113.360367511629 86.7243199771853 41.7576532211784 0.13610157607561 0.189360009299552
71.6000000000002 53.7213876340773 113.334155984579 86.7159395610524 41.8349677545075 0.139729671033069 0.183622507377807
71.7000000000002 53.8033080977215 113.307307075864 86.7070227794653 41.9118481126663 0.143411263314793 0.17825078926724
71.8000000000002 53.8850761483121 113.279821449462 86.6975490434992 41.9882732575175 0.147142471760068 0.173234226838708
71.9000000000002 53.9666851001769 113.251700378986 86.6874979945873 42.0642219430592 0.150919289143261 0.168561739485567
72.0000000000002 54.0481285756694 113.222945763665 86.6768495315972 42.1396727351954 0.154737576969642 0.16422205903407
72.1000000000002 54.1294005244728 113.19356014423 86.6655838378754 42.2146040315788 0.15859317853203 0.160184181044477
72.2000000000002 54.2104952437935 113.163546716307 86.6536814074896 42.2889940833126 0.162482205257077 0.156416897219454
72.3000000000002 54.2914074036918 113.132909337484 86.6411230694283 42.3628210213732 0.166400568744422 0.152909208519839
72.4000000000002 54.3721320734244 113.101652531884 86.6278900109984 42.436062884892 0.170343838597237 0.149650878006021
72.5000000000002 54.4526647460812 113.069781494646 86.6139638011908 42.5086976495093 0.174307234377618 0.146632414995285
72.6000000000002 54.5330013612672 113.037302096404 86.5993264140458 42.5807032557279 0.178285619395065 0.143845059809728
72.7000000000001 54.6131383256802 113.004220887763 86.5839602520199 42.6520576372667 0.182273496735947 0.14128076923977
72.8000000000001 54.693072531431 112.970545103783 86.5678481693509 42.7227387494143 0.186265007962324 0.138932202884312
72.9000000000001 54.7728013719509 112.936282668454 86.5509734954241 42.7927245973826 0.190253934915673 0.136792710547074
73.0000000000001 54.8523227553263 112.901442199177 86.5333200581381 42.8619932646607 0.19423370507361 0.134856320872812
73.1000000000001 54.9316351149449 112.866033011148 86.5148722071843 42.930522941346 0.198197756466035 0.133109592293859
73.2000000000001 55.0107374184172 112.830065119311 86.4956148350822 42.9982919518973 0.202140597394402 0.131536355216686
73.3000000000001 55.0896291767682 112.793549234125 86.4755333925173 43.0652787814191 0.206056714938501 0.130127917898954
73.4000000000001 55.1683104525754 112.756496754909 86.4546139014346 43.1314621013678 0.209940222239237 0.128876658067385
73.5000000000001 55.2467818659678 112.718919763078 86.4328429680459 43.1968207952352 0.213784869747457 0.127775925416542
73.6000000000001 55.3250445983258 112.680831015388 86.4102077958371 43.2613339842327 0.217584060703629 0.126819958386975
73.7000000000001 55.40310039356 112.642243937182 86.3866961985752 43.3249810529746 0.221330871115235 0.126003813435529
73.8000000000001 55.4809515568504 112.603172615634 86.3622966133161 43.3877416751619 0.225018074469055 0.125323305276038
73.9000000000001 55.558600950731 112.563631792988 86.3369981134111 43.4495958392664 0.228638171371011 0.124774956840505
74.0000000000001 55.6360519884093 112.523636859805 86.3107904215149 43.5105238742142 0.232183424254704 0.124355957880039
74.1000000000001 55.7133086242535 112.483203848174 86.2836639225766 43.5705064750888 0.235645919020023 0.124058317241371
74.2000000000001 55.7903753422984 112.442349424076 86.2556096764227 43.6295247293376 0.239017649915848 0.123874593654545
74.3000000000001 55.867257144233 112.401090877617 86.226619429303 43.6875601442561 0.242290457527741 0.123803732485543
74.4 55.9439595353431 112.359446112409 86.1966856250272 43.7445946749757 0.245456051194893 0.123845267535195
74.5 56.020488507401 112.317433634924 86.1658014160866 43.8006107524701 0.248506064235106 0.123999309323643
74.6 56.096850518396 112.27507254384 86.1339606747749 43.8555913115629 0.251432113786962 0.124266539465113
74.7 56.1730524690496 112.232382519402 86.1011580043101 43.9095198189339 0.254225864883397 0.124648210777547
74.8 56.2491016760784 112.189383812766 86.0673887499549 43.9623803011265 0.256879098267116 0.125146152875549
74.9 56.3250058421837 112.146097235354 86.0326490101389 44.0141573725542 0.259383781351759 0.125762783059061
75 56.4007730227679 112.102544148207 85.9969356475793 44.0648362635079 0.261732141636238 0.126501122382887
75.1 56.4764115894941 112.058746451209 85.9602463002595 44.1144028480917 0.263917312821075 0.127341311369219
75.2 56.5519301932117 112.014726569075 85.9225793886931 44.1628436703125 0.26593505338206 0.128259943639514
75.3 56.6273377309147 111.970507429108 85.8839341137598 44.2101459654826 0.267781967928241 0.129255688458091
75.4 56.7026433139411 111.926112435715 85.8443104508262 44.2562976797768 0.269454955076945 0.13032787543286
75.5 56.7778562352828 111.881565444797 85.8037091437244 44.3012874897176 0.270951240332968 0.13147648624429
75.6 56.8529859359717 111.836890738141 85.7621316987308 44.3451048216609 0.272268406978624 0.13270215246038
75.7 56.9280419706044 111.792112997812 85.7195803785436 44.3877398712814 0.273404424634612 0.134006158934553
75.8 57.0030339720685 111.747257280543 85.6760581962621 44.4291836230583 0.274357675177808 0.13539045240179
75.9 57.0779716155448 111.702348992127 85.6315689093647 44.469427869761 0.275126975734177 0.13685765501394
76 57.1528645818567 111.657413861807 85.5861170136871 44.5084652319343 0.275711598509993 0.138411082646779
76.1 57.2277225202402 111.61247791666 85.5397077372745 44.5462891772024 0.276112077898359 0.140045366041042
76.1999999999999 57.3025550105606 111.567567455742 85.4923470309337 44.5828940348387 0.276332592358135 0.141749390362265
76.2999999999999 57.3773715258263 111.522709023635 85.444041550413 44.618274998322 0.276378575017867 0.143518702656511
76.3999999999999 57.4521813966604 111.477929383757 85.3947986352826 44.6524281231588 0.276255882214579 0.145349250345331
76.4999999999999 57.5269937782569 111.433255491669 85.3446262876887 44.6853503245238 0.27597074763497 0.147237359338433
76.5999999999999 57.6018176198856 111.388714468369 85.293533151107 44.7170393749004 0.275529733816545 0.149179716589701
76.6999999999999 57.6766616369805 111.344333573603 85.2415284890968 44.7474939017211 0.274939681764549 0.151173356594268
76.7999999999999 57.751534285828 111.30014017916 85.1886221640548 44.7767133850083 0.274207659429127 0.153215651416917
76.8999999999999 57.8264437408511 111.256161742177 85.1348246159688 44.8046981550144 0.273340909764415 0.155304303934093
76.9999999999999 57.9013978744706 111.21242577844 85.0801468411716 44.8314493898625 0.272346799051916 0.157437344047136
77.0999999999999 57.9764042395042 111.168959835686 85.0246003711084 44.856969113208 0.271232677545022 0.159614707847278
77.1999999999999 58.0514700539962 111.12579146685 84.9681972514549 44.8812601924493 0.270005568000418 0.161837522641952
77.2999999999999 58.1266021882265 111.082948203175 84.9109500221267 44.9043263383317 0.268672392678998 0.164106144552622
77.3999999999999 58.2018071537502 111.040457527275 84.8528716976389 44.9261721051009 0.267240022778158 0.166421331493531
77.4999999999999 58.2770910943983 110.998346846197 84.7939757474801 44.9468028906772 0.265715241268337 0.168784255470955
77.5999999999999 58.3524597791476 110.956643464473 84.7342760764856 44.9662249368299 0.264104708616585 0.171196516965179
77.6999999999999 58.4279185967646 110.915374557183 84.6737870052112 44.9844453293514 0.262414931614534 0.173660161406473
77.7999999999999 58.5034725521169 110.874567143014 84.6125232503066 45.001471998232 0.260652235472507 0.176177697777932
77.8999999999998 58.5791262640437 110.834248057315 84.5504999048889 45.0173137178336 0.25882273928714 0.178752119376906
77.9999999999998 58.6548839646752 110.794443925161 84.4877324189161 45.0319801070645 0.256932334943508 0.181386926784804
78.0999999999998 58.7307495001395 110.75518113439 84.4242365794678 45.0454816293854 0.254987262727163 0.184044964055998
78.1999999999998 58.8067263340368 110.716485808278 84.3600284885978 45.0578295884462 0.252995794464361 0.186682002824134
78.2999999999998 58.882817556544 110.67838377724 84.2951245350274 45.0690361126311 0.250966284466882 0.189291438130745
78.3999999999998 58.9590258976297 110.640900550162 84.2295413634109 45.0791141352334 0.248906519376513 0.191866849157329
78.4999999999998 59.0353537429375 110.604061285718 84.1632958435087 45.0880773744631 0.246823685714274 0.194402056208035
78.5999999999998 59.111803152048 110.567890763687 84.0964050393594 45.0959403134541 0.244724342793929 0.196891184864625
78.6999999999998 59.1883758788784 110.532413356264 84.0288861784526 45.1027181802714 0.242614400839316 0.19932873665047
78.7999999999998 59.2650733939788 110.497652999379 83.9607566209014 45.1084269279183 0.240499104124108 0.201709665356002
78.8999999999998 59.3418969084861 110.463633164013 83.8920338286149 45.1130832143437 0.238383018941626 0.204029458058088
78.9999999999998 59.4188473994949 110.430376827512 83.8227353344711 45.1167043824495 0.236270026207 0.206284219705105
79.0999999999998 59.4959256365086 110.397906445005 83.752878711557 45.1193084400544 0.234163532458285 0.208480347939943
79.1999999999998 59.5731322061451 110.366243923423 83.6824815441777 45.1209140387339 0.232067189575435 0.210621864795344
79.2999999999998 59.6504675309737 110.335410602146 83.6115614033538 45.1215404498082 0.229984383398873 0.212702052574175
79.3999999999998 59.727931886868 110.30542723624 83.540135824087 45.1212075392052 0.227918029046162 0.214714550934135
79.4999999999998 59.8055254214112 110.276313979813 83.4682222826935 45.1199357422808 0.225870562943005 0.216653430670492
79.5999999999998 59.8832481732951 110.24809036936 83.3958381741382 45.1177460386395 0.22384393761579 0.218513269759134
79.6999999999997 59.9611000925488 110.220775307106 83.3230007893677 45.1146599269541 0.221839619176291 0.22028923048009
79.7999999999997 60.0390810614345 110.194387044358 83.2497272926444 45.1106993997863 0.219858587436209 0.22197713639785
79.8999999999997 60.1171909158522 110.16894316485 83.1760346988801 45.1058869184069 0.217901338595572 0.223573547947521
79.9999999999997 60.1954294670956 110.144460568091 83.1019398509692 45.100245387616 0.215967890453541 0.225075835415523
80.0999999999997 60.2737965237458 110.120955452728 83.0274593971791 45.0937981306031 0.214057704066234 0.226498265251372
80.1999999999997 60.3522919120035 110.098443300337 82.9526097699988 45.0865688648436 0.21216948930967 0.227857671094566
80.2999999999997 60.4309154917749 110.076938860306 82.8774071686921 45.0785816806261 0.21030156843 0.22915652985637
80.3999999999997 60.5096671707671 110.05645613514 82.8018675433101 45.0698610206157 0.208451988254032 0.230398155134248
80.4999999999997 60.5885469180228 110.037008365788 82.7260065787597 45.0604316594578 0.206618534258019 0.231586729917068
80.5999999999997 60.6675547768748 110.018608016967 82.649839678872 45.0503186833811 0.204798745906449 0.23272733669573
80.6999999999997 60.7466908772416 110.001266762483 82.5733819504711 45.0395474698016 0.202989933210278 0.233825985437628
80.7999999999997 60.8259554471913 109.984995470564 82.4966481874423 45.0281436669256 0.201189194449957 0.234889640049069
80.8999999999997 60.9053488237074 109.969804189177 82.4196528548008 45.0161331733531 0.199393435005863 0.235926244139661
80.9999999999997 60.9848714625917 109.955702131354 82.3424100727603 45.0035421176816 0.197599387236033 0.236944747060387
81.0999999999997 61.0645239473664 109.942697660574 82.2649336008756 44.9903968381173 0.195803730715616 0.237962025226977
81.1999999999997 61.1443069950821 109.930798277529 82.187236824121 44.9767238622931 0.194003460895803 0.23899392085723
81.2999999999997 61.2242214558396 109.920010610418 82.1093327438799 44.9625498876119 0.192195692533254 0.240049125393771
81.3999999999997 61.3042683094738 109.910340406638 82.0312339708698 44.9479017617961 0.190377582236181 0.241137055827267
81.4999999999996 61.3844486614912 109.901792524524 81.9529527181416 44.9328064634455 0.188546337838217 0.242267894258657
81.5999999999996 61.4647637383467 109.894370925084 81.874500794079 44.917291082595 0.186699228076666 0.243452633003664
81.6999999999996 61.5452148820645 109.888078663746 81.7958895953976 44.9013828012724 0.184833592550091 0.24470312616581
81.7999999999996 61.6258035442125 109.882917882095 81.7171301001446 44.8851088740559 0.18294685193544 0.246032148679338
81.8999999999996 61.7065312792441 109.878889799612 81.6382328606979 44.868496608632 0.181036518451574 0.247453463921011
81.9999999999996 61.7873997372245 109.875994705419 81.5592079967651 44.8515733463533 0.179100206563959 0.248981901086314
82.0999999999996 61.868410655828 109.874231950117 81.4800651885102 44.8343664428475 0.177135886664634 0.250660345982884
82.1999999999996 61.9495658482565 109.873599940369 81.4008136729658 44.8169032499639 0.175142702377574 0.252527502592916
82.2999999999996 62.0308671819704 109.874096140394 81.3214622487927 44.7992111011148 0.173120378237152 0.254593077099431
82.3999999999996 62.1123165541459 109.875717076209 81.2420192843257 44.7813172979539 0.171068983012854 0.256867211142522
82.4999999999996 62.1939158674289 109.878458339959 81.1624927257465 44.7632490971066 0.168988915381091 0.25936052601851
82.5999999999996 62.2756670062026 109.882314594256 81.0828901052564 44.7450336968994 0.166880890123031 0.262084163017011
82.6999999999996 62.3575718134404 109.88727957652 81.0032185492489 44.7266982240907 0.164745924965294 0.265049818847588
82.7999999999996 62.4396320682114 109.893346103312 80.9234847864826 44.7082697206003 0.162585328184814 0.268269774846605
82.8999999999996 62.5218494639046 109.900506074675 80.8436951562537 44.6897751302396 0.160400687108856 0.271756918300921
82.9999999999996 62.6042255872289 109.908750478466 80.7638556165691 44.6712412854413 0.158193857642823 0.275524753817509
83.0999999999996 62.6867618979786 109.918069394738 80.6839717523828 44.6526948940312 0.155967059019183 0.279603901138355
83.1999999999995 62.7694597079524 109.928452001069 80.6040487855023 44.6341625270679 0.153723214473094 0.284022740224311
83.2999999999995 62.8523201565237 109.939886580333 80.5240915887316 44.6156706093989 0.151465692005064 0.288791716607184
83.3999999999995 62.9353441857646 109.952360529433 80.4441047016834 44.5972454112843 0.14919819524945 0.293920913300687
83.4999999999995 63.0185325168872 109.965860368072 80.3640923466555 44.5789130400629 0.146924750639086 0.299419829683079
83.5999999999995 63.1018856281168 109.980371747513 80.2840584445072 44.5606994318181 0.144649696498571 0.30529710633242
83.6999999999995 63.1854037340334 109.995879459355 80.2040066305356 44.5426303430432 0.142377674091441 0.31156018812493
83.7999999999995 63.2690867664106 110.012367444299 80.1239402703523 44.5247313423072 0.140113620596092 0.318214917554805
83.8999999999995 63.3529343565772 110.029818800913 80.0438624757593 44.5070278019208 0.13786276393122 0.325265050191795
83.9999999999995 63.4369458193141 110.048215794403 79.9637761206261 44.4895448896016 0.135630619280696 0.332711684698153
84.0999999999995 63.5211201382528 110.067539865371 79.8836838568134 44.4723075601277 0.133422945569084 0.340537096150684
84.1999999999995 63.6054559516325 110.087771638261 79.8035881313453 44.4553405466649 0.131245623573255 0.348719964873267
84.2999999999995 63.6899515365616 110.108890929043 79.7234912067476 44.4386683512667 0.129104786114605 0.357250009198044
84.3999999999995 63.7746047935888 110.130876752577 79.643395182634 44.4223152350491 0.127006859988021 0.366111419310535
84.4999999999995 63.8594132327108 110.153707329981 79.5633020173394 44.4063052083525 0.124958565673228 0.375281896166717
84.5999999999995 63.9443739608468 110.177360095985 79.4832135495542 44.3906620209033 0.12296691661622 0.384731629725292
84.6999999999995 64.0294836707602 110.201811706295 79.403131519958 44.3754091519759 0.121039217270839 0.394422245249766
84.7999999999995 64.1147386314053 110.227038044954 79.3230575928537 44.3605698005549 0.119183058960934 0.404305759648146
84.8999999999995 64.2001346796743 110.253014231697 79.242993377801 44.3461668754966 0.117406312510438 0.414323605219641
84.9999999999994 64.2856672135153 110.279714629316 79.1629404512503 44.3322229856911 0.115717116495143 0.424405795055339
85.0999999999994 64.3713311863893 110.30711285111 79.0829003782201 44.3187604301969 0.114124012704736 0.434399128802092
85.1999999999994 64.4571211028701 110.335181770666 79.0028747350948 44.3058011876615 0.112636310925433 0.444125318050258
85.2999999999994 64.5430310151935 110.36389353758 78.9228651352694 44.2933669039318 0.11126346624649 0.453459977802197
85.3999999999994 64.6290545211306 110.393219595499 78.8428732559146 44.2814788789507 0.110014845956286 0.462269833870549
85.4999999999994 64.7151847633052 110.423130700263 78.7629008647862 44.2701580536256 0.108899657676567 0.470415292542402
85.5999999999994 64.801414429867 110.453596938046 78.6829498470335 44.2594249966982 0.107926870789357 0.477753815770399
85.6999999999994 64.8877357564257 110.484587743493 78.6030222320082 44.2492998916133 0.107105132876057 0.484144049492113
85.7999999999994 64.9741405291522 110.516071917857 78.5231202200728 44.239802523388 0.106442683641936 0.489450570405918
85.8999999999994 65.060620088957 110.548017647143 78.4432462094098 44.2309522654806 0.105947269511947 0.493549028864198
85.9999999999994 65.1471653366545 110.580392520242 78.3634028228302 44.2227680666599 0.105626062665346 0.496331384353124
86.0999999999994 65.2337667391284 110.613163547124 78.2835929344968 44.2152684378841 0.105485660555399 0.497706797015445
86.1999999999994 65.320414338841 110.646297178318 78.2038196944231 44.2084714394299 0.105532182172861 0.497605507881675
86.2999999999994 65.4070977705298 110.679759327689 78.124086547327 44.2023946686587 0.105770897716531 0.495989831446678
86.3999999999994 65.4938062811881 110.713515396499 78.04439724926 44.197055248033 0.106206105266403 0.49285496466383
86.4999999999994 65.5805287508363 110.747530297532 77.9647558841507 44.1924698131427 0.106841118168949 0.48822953394732
86.5999999999994 65.6672537139041 110.781768479203 77.8851668803489 44.1886545007313 0.107678278530176 0.482174365955285
86.6999999999993 65.7539693811504 110.816193949682 77.805635027169 44.1856249367225 0.10871899665592 0.474779582303521
86.7999999999993 65.8406636620464 110.850770301005 77.726165491434 44.1833962242457 0.109963814687261 0.466160279166565
86.8999999999993 65.9273241875571 110.885460733197 77.6467638340192 44.181982931663 0.111412491274994 0.456451175463197
86.9999999999993 66.0139383332598 110.920228078385 77.5674360263959 44.181399080595 0.113064103063289 0.445800681703114
87.0999999999993 66.1004932427566 110.95503482494 77.4881884671675 44.1816581338682 0.114916946223386 0.434348487895151
87.1999999999993 66.1869758517095 110.989843142219 77.4090279984067 44.1827729814111 0.116967996343849 0.422249825846894
87.2999999999993 66.2733729129052 111.024614906837 77.3299619214872 44.1847559209426 0.119213633938093 0.409678181042897
87.3999999999993 66.3596710214289 111.059311729538 77.2509980127172 44.1876186366091 0.121649991676279 0.396796938234744
87.4999999999993 66.445856639427 111.093894982093 77.1721445389644 44.1913721775428 0.124273088412639 0.383755872248288
87.5999999999993 66.5319161203734 111.128325824196 77.0934102732816 44.1960269364199 0.127078951506413 0.370688837190995
87.6999999999993 66.6178357327732 111.16256523036 77.0148045105317 44.2015926280188 0.130063725684924 0.357712546914562
87.7999999999993 66.7036016832456 111.196574016814 76.9363370830137 44.2080782677785 0.133223767731158 0.344926282120561
87.8999999999993 66.7892001389304 111.230312868397 76.8580183760876 44.2154921503565 0.136555727135289 0.332412332651718
87.9999999999993 66.8746172491708 111.263742365458 76.7798593437996 44.2238418281872 0.140056613503909 0.320236981134357
88.0999999999993 66.9598391666088 111.296823010875 76.7018715243706 44.2331340900919 0.143723782291234 0.308406746226801
88.1999999999993 67.0448520721773 111.32951526036 76.6240670521041 44.2433749412346 0.147554618217696 0.29692056895308
88.2999999999993 67.1296422112047 111.36177956109 76.5464586602107 44.2545695864931 0.151546513177738 0.285814308686089
88.3999999999993 67.2141959333764 111.393576393614 76.4690596800528 44.2667224151765 0.155696924425876 0.275114267783452
88.4999999999992 67.2984997319415 111.424866313898 76.3918840402519 44.2798369857938 0.160003392724996 0.264838343836799
88.5999999999992 67.3825402818771 111.455609995354 76.3149462657959 44.2939160108231 0.164463553043962 0.25499718145985
88.6999999999992 67.4663044768988 111.485768270882 76.2382614771465 44.3089613414805 0.169075138883452 0.245595279312703
88.7999999999992 67.5497794652065 111.515302174907 76.1618453893463 44.3249739524887 0.173835981307354 0.236632022308186
88.8999999999992 67.6329526838502 111.544172985416 76.0857143111264 44.3419539268463 0.178744003726747 0.228102620697208
88.9999999999992 67.715811891601 111.572342265994 76.0098851440133 44.3599004405964 0.183797213435825 0.219998947002522
89.0999999999992 67.79834520036 111.599771907808 75.9343753812915 44.3788117477517 0.188994014152008 0.212322915058826
89.1999999999992 67.8805411088379 111.626424170231 75.8592031031898 44.3986851692808 0.194334080150496 0.20506666464281
89.2999999999992 67.9623885449897 111.652261717983 75.7843869624857 44.4195170924015 0.199817210324962 0.19820605758344
89.3999999999992 68.0438769117092 111.67724765692 75.709946166333 44.4413029739357 0.205442934126955 0.19171793817602
89.4999999999992 68.124996132045 111.701345569761 75.635900457946 44.4640373438206 0.211210457549689 0.185580165924641
89.5999999999992 68.2057366936852 111.724519551818 75.5622700982821 44.4877138086191 0.21711860677115 0.179771626459394
89.6999999999992 68.2860896925992 111.746734246729 75.4890758477255 44.5123250550309 0.223165769550628 0.174272225642993
89.7999999999992 68.3660468757033 111.767954882185 75.4163389477702 44.5378628534033 0.229349834560293 0.169062870913957
89.8999999999992 68.4456006824084 111.78814730566 75.3440811027036 44.564318061242 0.235668128935259 0.164125443218836
89.9999999999992 68.5247442848876 111.807278020144 75.2723244612895 44.5916806267221 0.242117354441724 0.159442762223783
90.0999999999992 68.6034716269464 111.825314219915 75.2010915984082 44.6199395922234 0.24869341358197 0.154986054171588
90.1999999999992 68.6817774627311 111.842223827436 75.1304054955772 44.6490830984988 0.255390960978951 0.150728879910898
90.2999999999991 68.7596573972859 111.85797553311 75.0602895186275 44.6790983904513 0.262203565532591 0.146658689901151
90.3999999999991 68.8371079262917 111.872538836163 74.9907673942604 44.7099718235443 0.269123736631856 0.142763504792895
90.4999999999991 68.9141264732207 111.885884085565 74.9218631865617 44.7416888702363 0.276142857976276 0.139031883546873
90.5999999999991 68.9907114235142 111.897982520952 74.8536012735145 44.7742341264156 0.283251126260655 0.135452894243845
90.6999999999991 69.0668621554294 111.908806313553 74.7860063235138 44.8075913178347 0.29043749669619 0.132016087584521
90.7999999999991 69.1425790671824 111.918328607109 74.7191032718796 44.8417433065452 0.297689637571946 0.128711473065951
90.8999999999991 69.2178635999946 111.926523558798 74.6529172973707 44.8766720973324 0.304993896270655 0.125529497792529
90.9999999999991 69.2927182566373 111.933366380161 74.5874737986984 44.91235884415 0.3123352793318 0.122461027880069
91.0999999999991 69.3671466152366 111.938833377942 74.5227983709383 44.9487838567526 0.319697795349631 0.11947806493247
91.1999999999991 69.4411533425107 111.942901992877 74.4589167792879 44.9859266124737 0.327065355299756 0.11655094804414
91.2999999999991 69.5147442139829 111.945550833262 74.395854926088 45.0237657810644 0.334420470672603 0.113668975687859
91.3999999999991 69.5879261344241 111.946759706466 74.3336388151902 45.0622792546782 0.341743862052067 0.110822208689314
91.4999999999991 69.6607071536999 111.946509650361 74.2722945162226 45.1014441780528 0.349014473234802 0.108001398956889
91.5999999999991 69.7330964773032 111.944782964752 74.211848128855 45.1412369786925 0.356209513309872 0.105197931026618
91.6999999999991 69.8051044710228 111.941563242816 74.1523257470645 45.1816333970507 0.363304530178988 0.102403774580289
91.7999999999991 69.8767426591933 111.936835402528 74.0937534234011 45.2226085167116 0.370273518715786 0.0996114462081489
91.8999999999991 69.9480237159788 111.930585718094 74.0361571332532 45.2641367945729 0.377089066302538 0.0968139787313086
91.999999999999 70.0189614491606 111.922801851385 73.9795627391127 45.3061920910277 0.383722537818598 0.0940048964176554
92.099999999999 70.0895707760003 111.913472883182 73.923995954869 45.3487477002684 0.390145087738352 0.0911780083390088
92.199999999999 70.1598676927942 111.902589339514 73.8694823108321 45.3917763837457 0.396330235215865 0.0883246064115253
92.299999999999 70.2298692421047 111.890143205562 73.8160471206084 45.4352504116387 0.402251679064083 0.0854355246106785
92.399999999999 70.2995934758774 111.876127934654 73.7637154487057 45.4791416074806 0.407882747732302 0.0825025254259512
92.499999999999 70.3690594125862 111.86053845708 73.7125120781671 45.5234213929059 0.413196672175582 0.0795182488175352
92.599999999999 70.4382869880994 111.843371188902 73.6624614782041 45.5680608323967 0.418166884014832 0.0764761638262539
92.699999999999 70.5072970000873 111.824624040758 73.6135877718303 45.6130306780306 0.422767334858489 0.0733705203503132
92.799999999999 70.5761110458509 111.804296426681 73.5659147034949 45.6583014142272 0.426972831548118 0.0701962987695928
92.899999999999 70.6447514535217 111.782389272904 73.5194656067158 45.7038433024953 0.430759381053126 0.066949155323563
92.999999999999 70.7132412066571 111.758905026673 73.4742633717133 45.7496264261797 0.434104537831056 0.0636253613617434
93.099999999999 70.7816038623381 111.733847664906 73.4303304131277 45.7956207352075 0.436988467179361 0.0602356220382339
93.199999999999 70.8498634631133 111.707222698958 73.3876886399241 45.8417960908024 0.439396443242208 0.0567895256317118
93.299999999999 70.9180444442584 111.679037169501 73.3463594308497 45.8881223101217 0.441316960931328 0.0532826570452718
93.399999999999 70.9861715381111 111.649299637504 73.3063636120782 45.9345692108613 0.442741206799308 0.0497112798878192
93.499999999999 71.0542696762032 111.618020175065 73.2677214349388 45.9811066558604 0.443663206935254 0.0460722336247193
93.599999999999 71.1223638896736 111.585210356244 73.2304525536444 46.0277045977053 0.444079932036946 0.0423628244346207
93.699999999999 71.1904792084675 111.550883247898 73.1945760030208 46.0743331233344 0.443991356768011 0.0385807096571875
93.7999999999989 71.2586405598447 111.515053400508 73.160110176235 46.1209624986416 0.443400471831135 0.0347237760138857
93.8999999999989 71.3268726667274 111.477736839015 73.127072802524 46.1675632130814 0.442313248588105 0.0307900119936925
93.9999999999989 71.3951999464193 111.438951053653 73.0954809249235 46.2141060242728 0.440738557463161 0.0267773749730554
94.0999999999989 71.4636464102532 111.398714990677 73.0653508780478 46.2605620026051 0.438688495337459 0.0226919994777899
94.1999999999989 71.5322355657103 111.357049040472 73.0366982672043 46.3069025758826 0.436179519099661 0.0185393423870373
94.2999999999989 71.6009903237231 111.313975018997 73.0095379508945 46.3530995740678 0.433230763107042 0.0143160923217942
94.3999999999989 71.6699329108983 111.269516146603 72.9838840246498 46.3991252740636 0.42986330174271 0.0100186332819517
94.4999999999989 71.7390847861868 111.223697026751 72.9597498049185 46.4449524444966 0.4260998610136 0.0056429091505116
94.5999999999989 71.8084665621958 111.176543624733 72.9371478129525 46.4905543905012 0.421964521542543 0.00118428886998938
94.6999999999989 71.8780979313116 111.128083246384 72.9160897586942 46.5359049985024 0.417482419969588 -0.00336256779924878
94.7999999999989 71.9479975967346 111.078344516807 72.8965865246638 46.5809787810003 0.412679455311355 -0.00800384428834902
94.8999999999989 72.0181832084741 111.027357359086 72.8786481498457 46.6257509213528 0.407582006180485 -0.012746701574068
94.9999999999989 72.0886713042914 110.975152973009 72.8622838135757 46.6701973185597 0.402216663990638 -0.0175994137126731
95.0999999999989 72.1594772555912 110.921763813583 72.8475018195377 46.7142946319418 0.396610858003484 -0.0225246989841115
95.1999999999989 72.2306152198564 110.867223564432 72.8343095826125 46.7580203230998 0.390795123253958 -0.027485708124947
95.2999999999989 72.3020981032748 110.811567098173 72.8227136229674 46.8013526909707 0.384800042398785 -0.0324927113840596
95.3999999999989 72.3739375324518 110.754830431668 72.8127195629981 46.8442709041639 0.37865511808243 -0.0375566120173687
95.4999999999988 72.4461438335929 110.697050681076 72.8043321243804 46.8867550331932 0.372388584866445 -0.0426890178843802
95.5999999999988 72.5187260186244 110.638266016905 72.7975551251219 46.9287860827087 0.366027261033278 -0.0479023113447302
95.6999999999988 72.5916917777505 110.578515619071 72.7923914766133 46.970346023728 0.359596438518221 -0.0532097187478329
95.7999999999988 72.6650474779315 110.517839631943 72.7888431806805 47.011417825869 0.353119808524512 -0.0586253806798622
95.8999999999988 72.7387981667629 110.456279119404 72.7869113266357 47.0519854895806 0.346619419883791 -0.0641644239682004
95.9999999999988 72.8129475812403 110.3938760199 72.7865960883294 47.0920340783753 0.340115666911989 -0.0698430362310052
96.0999999999988 72.8874981608021 110.33067310143 72.7878967213529 47.1315497507544 0.333628190825741 -0.075599745684831
96.1999999999988 72.9624510617579 110.266713914845 72.7908115641656 47.1705197841703 0.327178599114262 -0.0813691633812992
96.2999999999988 73.0378061700187 110.202042742866 72.7953380491854 47.2089325787738 0.320787855993128 -0.0871619442583896
96.3999999999988 73.1135621176563 110.136704547412 72.8014727178036 47.2467776531989 0.31447539516286 -0.0929880218690465
96.4999999999988 73.1897163057376 110.070744916863 72.8092112355519 47.2840456400406 0.308259131982899 -0.0988565306712345
96.5999999999988 73.2662649330074 110.004210013323 72.8185484072672 47.3207282813329 0.30215549355384 -0.104775720486267
96.6999999999988 73.3432030298896 109.937146519884 72.8294781922587 47.356818424027 0.296179463087955 -0.110752864446341
96.7999999999988 73.420524497301 109.86960158789 72.8419937194738 47.3923100154689 0.290344635161229 -0.116794162070405
96.8999999999988 73.4982221497908 109.801622784199 72.8560873026638 47.427198098878 0.284663278707181 -0.122904639524935
96.9999999999988 73.5762877625447 109.733258038446 72.8717504555507 47.4614788088248 0.279146404917256 -0.129088049628837
97.0999999999988 73.6547121217712 109.664555590348 72.8889739069239 47.4951493667092 0.273803614404841 -0.135343035498808
97.1999999999988 73.7334850768141 109.595563937995 72.9077476139555 47.5282080762438 0.268642549050747 -0.141668413449019
97.2999999999987 73.8125955913815 109.526331788666 72.9280607709866 47.5606543189499 0.263669720745148 -0.148066255879617
97.3999999999987 73.8920317951654 109.456908010634 72.9499018165328 47.592488549659 0.258890816547538 -0.154537351059818
97.4999999999987 73.971781036729 109.387341585016 72.9732584402192 47.623712292014 0.254310764078108 -0.161081152676886
97.5999999999987 74.0518299374716 109.317681557613 72.9981175897161 47.6543281339707 0.249933792060866 -0.167695745513933
97.6999999999987 74.1321644464567 109.247976990762 73.0244654776752 47.6843397232991 0.245763485533789 -0.174377831128805
97.7999999999987 74.2127698959086 109.178276915173 73.0522875886648 47.7137517630849 0.241802835435388 -0.181122737479336
97.8999999999987 74.2936310572012 109.108630281783 73.0815686861059 47.7425700072309 0.238054282457147 -0.187924456269949
97.9999999999987 74.3747321971822 109.039085913595 73.1122928192074 47.7708012559584 0.234519755208795 -0.194775711425383
98.0999999999987 74.4560571346623 108.969692457503 73.144443330023 47.7984533510329 0.231201337217549 -0.201567201753723
98.1999999999987 74.5375892964398 108.900498335473 73.1780028636398 47.8255351638237 0.228103123698442 -0.208175590373892
98.2999999999987 74.6193117726631 108.831551694112 73.212953386321 47.8520565651717 0.225229186582486 -0.214570280122405
98.3999999999987 74.7012073734389 108.762900353597 73.2492762067807 47.8780283880912 0.222582886241004 -0.220719326891142
98.4999999999987 74.783258687274 108.694591756579 73.2869519975804 47.9034623901959 0.220166830076673 -0.226590126934687
98.5999999999987 74.8654481411127 108.626672917088 73.3259608165238 47.9283712161247 0.217982828957926 -0.232150186461001
98.6999999999987 74.9477580617067 108.55919036944 73.3662821280536 47.952768359968 0.21603185256391 -0.237367951317116
98.7999999999987 75.0301707380566 108.492190117142 73.4078948246465 47.9766681276936 0.21431398486811 -0.242213668056823
98.8999999999987 75.1126684846653 108.425717581793 73.4507772482092 48.0000855995727 0.212828381079709 -0.246660242492321
98.9999999999987 75.195233705348 108.359817551995 73.4949072114744 48.0230365926058 0.211573227374234 -0.250684058586453
99.0999999999986 75.2778489571701 108.294534132457 73.5402620194103 48.0455376228956 0.210546063515684 -0.25428170547094
99.1999999999986 75.3604970101389 108.229910698381 73.5868184909961 48.0676058666254 0.209744988833657 -0.25744754892756
99.2999999999986 75.4431608962182 108.16598986325 73.6345529819251 48.0892591175032 0.209167826661392 -0.260160581975224
99.3999999999986 75.5258239547441 108.102813451882 73.6834414076733 48.1105157428102 0.20881175482303 -0.262404039624458
99.4999999999986 75.608469878363 108.040422473702 73.733459266582 48.1313946393979 0.208673258688777 -0.26416579899103
99.5999999999986 75.6910827594714 107.978857096 73.7845816629405 48.1519151896837 0.208748090078759 -0.265438641809563
99.6999999999986 75.773647136961 107.9181566172 73.8367833300688 48.1720972176475 0.209031232226157 -0.266220367985037
99.7999999999986 75.8561480430598 107.858359440122 73.8900386534001 48.1919609448273 0.209516870818973 -0.266513756897581
99.8999999999986 75.9385710500507 107.799503045246 73.9443216935637 48.2115269463159 0.210198370963996 -0.266326381346234
99.9999999999986 76.0209023166361 107.741623963979 73.9996062094676 48.2308161067569 0.211068259763475 -0.265670286701021
100.099999999999 76.1031286336674 107.684757751966 74.0558656813649 48.2498495763738 0.212118275487153 -0.264584882186382
100.199999999999 76.1852374680524 107.628938963699 74.113073333508 48.2686487278631 0.213339598642956 -0.263111683631477
100.299999999999 76.267217003145 107.574201130403 74.171202155752 48.2872351154781 0.214722756845901 -0.261270767241129
100.399999999999 76.3490561769503 107.520576739219 74.2302249247464 48.3056304349769 0.216257571166525 -0.259084136569888
100.499999999999 76.4307447188539 107.468097212431 74.2901142251097 48.3238564836026 0.217933152600304 -0.256575182439284
100.599999999999 76.5122731846545 107.416792886701 74.3508424706046 48.3419351200646 0.219737900971951 -0.253768156936302
100.699999999999 76.5936329896249 107.366692992296 74.4123819253133 48.3598882245189 0.221659506269443 -0.250687677696763
100.799999999999 76.6748164393166 107.317825632317 74.4747047248122 48.3777376585491 0.223684952567205 -0.24735827523127
100.899999999999 76.7558167578068 107.270217761935 74.537782897347 48.3955052251467 0.225800524868627 -0.243803992429265
100.999999999999 76.8366281130773 107.223895167613 74.6015883850081 48.4132126286926 0.22799181936113 -0.240048041820928
101.099999999999 76.9172456391494 107.178882446478 74.6660930649248 48.430881434958 0.230244148535029 -0.236127355978737
101.199999999999 76.9976654533732 107.135202989102 74.7312687709629 48.4485330316441 0.232543790486094 -0.232071155912029
101.299999999999 77.0778846669236 107.092878970997 74.7970873167002 48.4661885902886 0.234876931494718 -0.227889464170654
101.399999999999 77.1579013909615 107.051931347526 74.8635205189044 48.4838690287102 0.237229297904957 -0.223591172220275
101.499999999999 77.2377147396557 107.012379848961 74.9305402210318 48.5015949734738 0.239586170216036 -0.219184018066653
101.599999999999 77.3173248298544 106.974242975521 74.9981183167242 48.5193867223557 0.241932404945029 -0.214674582089374
101.699999999999 77.3967327771414 106.937537992429 75.0662267733075 48.5372642068089 0.244252464930677 -0.210068297472369
101.799999999998 77.4759406880157 106.902280924955 75.1348376552889 48.5552469544285 0.246530458660701 -0.205369471627493
101.899999999998 77.5549516479429 106.868486553469 75.2039231478552 48.5733540514165 0.24875018907895 -0.200581315092986
101.999999999998 77.6337697050376 106.836168408486 75.2734555803705 48.5916041050478 0.250895212170039 -0.195705974499372
102.099999999998 77.7123998490689 106.80533876591 75.3434074498197 48.610015206308 0.252949531577266 -0.190828121425387
102.199999999998 77.7908479836137 106.776008647311 75.4137514428474 48.6286048970383 0.254899686805614 -0.186023949733141
102.299999999998 77.869120888723 106.748187832973 75.4844604542294 48.6473901485185 0.25673317091579 -0.181282043389415
102.399999999998 77.9472261783984 106.721884879978 75.5555076039383 48.6663873445557 0.258437886288619 -0.17659096106086
102.499999999998 78.0251722552176 106.697107140488 75.6268662541564 48.6856122647465 0.260002196027044 -0.171939302531166
102.599999999998 78.1029682622715 106.673860780021 75.6985100262875 48.705080067739 0.261414978920638 -0.167315757269744
102.699999999998 78.1806240325099 106.652150795725 75.7704128179691 48.7248052744955 0.262665686775571 -0.162709136742737
102.799999999998 78.2581500356141 106.631981034661 75.8425488200845 48.744801751554 0.263744402829242 -0.15810839172312
102.899999999998 78.335557322534 106.61335421208 75.9148925337751 48.765082694291 0.264641899916971 -0.153502615555129
102.999999999998 78.4128574678527 106.596271929699 75.9874187874525 48.7856606101832 0.265349697029419 -0.148881034050587
103.099999999998 78.4900625101253 106.58073469403 76.0601027537492 48.8065473022011 0.265860353462623 -0.14429815212571
103.199999999998 78.5671848896244 106.566741936042 76.1329199648737 48.8277538556117 0.266168300080636 -0.139807264924852
103.299999999998 78.6442373827562 106.554292034199 76.2058463239139 48.849290633436 0.266269255880926 -0.135396212207323
103.399999999998 78.7212330351287 106.543382338828 76.2788581145456 48.8711672753158 0.266160015688983 -0.131053264430856
103.499999999998 78.7981850944883 106.534009196544 76.3519320106786 48.8933926965121 0.265838453495774 -0.126767084381536
103.599999999998 78.8751069438834 106.526167974666 76.4250450861032 48.9159750869031 0.265303516605267 -0.122526681243319
103.699999999998 78.9520120353775 106.519853085642 76.4981748241371 48.9389219099822 0.26455521030382 -0.118321357942746
103.799999999998 79.0289138246303 106.515058011467 76.5712991272716 48.9622399018561 0.263594573005415 -0.114140652388284
103.899999999998 79.1058257066543 106.511775328107 76.6443963268182 48.985935070243 0.262423642068606 -0.109974273038515
103.999999999998 79.1827609530456 106.509996729918 76.7174451925553 49.0100126934708 0.261045410714807 -0.105812029064959
104.099999999998 79.2597326509642 106.509713054092 76.7904249423421 49.0344773195572 0.259463935452878 -0.101683645820127
104.199999999998 79.3367536440427 106.510914305755 76.8633152508908 49.0593327674294 0.257684770321002 -0.0976188268208747
104.299999999998 79.4138364755065 106.513589684724 76.9360962564012 49.0845821335745 0.255714448301288 -0.0936075217237101
104.399999999998 79.4909933341771 106.517727612913 77.008748566353 49.1102278008281 0.253560243042413 -0.0896398165438214
104.499999999998 79.5682360037373 106.523315761765 77.0812532632659 49.1362714472467 0.251230080808604 -0.0857058662059081
104.599999999998 79.6455758154342 106.530341079682 77.1535919104596 49.1627140549785 0.248732450173217 -0.0817958261459171
104.699999999998 79.7230236043641 106.538789819462 77.2257465578139 49.1895559191355 0.246076310847076 -0.0778997829179991
104.799999999998 79.8005896694491 106.548647565729 77.297699747529 49.2167966566647 0.243271002984308 -0.0740076836502396
104.899999999998 79.8782837371835 106.559899262364 77.3694345198849 49.24443521522 0.240326158232873 -0.0701092641204948
104.999999999998 79.9561149291995 106.572529239938 77.4409344190021 49.2724698820335 0.237251613689291 -0.0661939751364903
105.099999999998 80.0340917336454 106.586521243192 77.5121834985017 49.3008982929456 0.234057679918469 -0.0623352228736911
105.199999999998 80.1122219798044 106.60185845974 77.5831663245687 49.3297174455521 0.230756137829338 -0.0586081272542378
105.299999999998 80.1905128153886 106.618523551875 77.6538679724257 49.3589237228037 0.227359147135558 -0.0550047963434275
105.399999999998 80.2689706879972 106.636498689602 77.7242740202094 49.3885129207223 0.223878814287044 -0.0515177851998884
105.499999999998 80.347601331384 106.655765583713 77.794370542747 49.4184802762758 0.220327111816859 -0.0481400830070318
105.599999999998 80.4264097564403 106.676305518868 77.8641441053338 49.4488204952536 0.216715806503697 -0.0448651053504957
105.699999999998 80.5054002467455 106.698099386672 77.9335817575093 49.4795277801407 0.213056396440367 -0.0416866916079725
105.799999999998 80.5845763585204 106.721127718754 78.0026710268345 49.5105958579932 0.209360056916068 -0.0385991074061046
105.899999999998 80.6639409247979 106.745370719841 78.0713999126685 49.5420180083132 0.205637594858398 -0.0355970520810091
105.999999999998 80.7434960636158 106.770808300841 78.1397568799455 49.5737870909233 0.201899411442382 -0.0326756710804336
106.099999999998 80.8232431899504 106.797420111828 78.2077308528914 49.6058955738615 0.198155286145689 -0.0298700775211773
106.199999999998 80.9031830293088 106.825185572639 78.2753112071816 49.6383355617864 0.194413842856071 -0.027218749539226
106.299999999998 80.9833156296351 106.854083897427 78.34248775814 49.6710988256785 0.190683173788791 -0.0247228182548504
106.399999999998 81.0636403740886 106.884094116812 78.4092507473788 49.7041768330525 0.186971023821247 -0.0223842487627662
106.499999999998 81.1441559963321 106.915195099958 78.4755908293789 49.7375607781887 0.183284781468655 -0.0202058935384394
106.599999999998 81.2248605982422 106.947365576635 78.5414990580689 49.7712416123652 0.179631474164655 -0.018191545604395
106.699999999998 81.3057516698786 106.98058415929 78.6069668734056 49.8052100740895 0.176017767281968 -0.0163459903740285
106.799999999998 81.3868261115524 107.014829365115 78.6719860879538 49.8394567193299 0.172449966326408 -0.0146750548249435
106.899999999998 81.4680802578385 107.050079638117 78.7365488734661 49.8739719517478 0.168934021749911 -0.0131856523477633
106.999999999998 81.5495099033769 107.086313371183 78.8006477474627 49.908746052929 0.165475535844536 -0.0118858212791919
107.099999999998 81.6311103302956 107.123508928091 78.8642755598249 49.9437692126049 0.162079587877081 -0.0107906726346242
107.199999999998 81.7128763365445 107.161644663931 78.9274254797425 49.9790315585871 0.158750208338353 -0.00991715274868929
107.299999999998 81.7948022639534 107.200698941527 78.9900909835579 50.0145231859783 0.155490965599227 -0.00927782011940168
107.399999999998 81.87688202657 107.240650146257 79.0522658429652 50.050234186097 0.152305164953815 -0.00888644930393778
107.499999999998 81.9591091396863 107.281476700833 79.1139441132216 50.0861546753906 0.14919586064932 -0.00875802965369517
107.599999999998 82.0414767494948 107.323157080066 79.1751201213595 50.1222748243503 0.146165867602664 -0.00890874466937826
107.699999999998 82.1239776632937 107.365669825639 79.2357884543985 50.1585848864238 0.143217772636482 -0.00935592857234346
107.799999999998 82.206604380174 107.408993560877 79.2959439475574 50.1950752269297 0.140353945107262 -0.0101179965424454
107.899999999998 82.2893491221195 107.453107005517 79.355581672466 50.2317363519713 0.137576546843246 -0.0112143450207848
107.999999999998 82.3722038654658 107.497988990481 79.414696925377 50.2685589373498 0.134887541354624 -0.0126652185451365
108.099999999998 82.4551603725917 107.543618472588 79.4732852153498 50.3055338574343 0.132288604055058 -0.0144824121856447
108.199999999998 82.5382102220368 107.589974547845 79.5313422516969 50.3426522128692 0.129780874498633 -0.0166775650564907
108.299999999998 82.6213448341332 107.637036461116 79.5888639295584 50.3799053553369 0.127365327368753 -0.0192713952176832
108.399999999998 82.7045554948516 107.684783614359 79.6458463147395 50.4172849111585 0.125042887998867 -0.0222846353463967
108.499999999998 82.7878333795907 107.733195574816 79.7022856285203 50.4547828048499 0.122814439594227 -0.0257377300952686
108.599999999998 82.871169576976 107.782252083196 79.7581782324642 50.4923912826788 0.120680830324956 -0.029650485777817
108.699999999998 82.9545551126675 107.83193306186 79.8135206132278 50.5301029362209 0.118642880432171 -0.0340416715150301
108.799999999998 83.0379809731812 107.882218623013 79.8683093673696 50.567910725916 0.116701389506012 -0.0389285721703028
108.899999999998 83.1214381297319 107.933089076881 79.9225411861594 50.6058080046252 0.1148571441103 -0.0443264947924618
108.999999999998 83.2049175621084 107.984524939903 79.9762128403874 50.6437885411863 0.113110925940173 -0.0502482318847116
109.099999999998 83.288410282516 108.036506942855 80.0293211652301 50.6818465437947 0.111463237875515 -0.056567694382921
109.199999999998 83.3719073573101 108.089016037381 80.0818630465807 50.7199766787986 0.10991349706692 -0.0631474994434397
109.299999999998 83.4553999231274 108.142033398483 80.1338354111003 50.7581740778558 0.108460945551681 -0.0699793794328073
109.399999999998 83.5388792005092 108.195540425424 80.1852352177342 50.7964343405065 0.107104943005523 -0.0770523919788771
109.499999999998 83.6223365070837 108.249518742563 80.2360594492843 50.8347535365691 0.105844967872387 -0.0843527455181918
109.599999999998 83.7057632704403 108.303950200192 80.2863051039817 50.8731282085367 0.104680618088069 -0.0918636491545257
109.699999999998 83.7891510407491 108.358816875375 80.3359691870598 50.9115553739726 0.103611611401094 -0.0995651936593151
109.799999999998 83.8724915031738 108.414101072787 80.3850487023263 50.9500325279071 0.102637785285196 -0.1074342706546
109.899999999998 83.9557764901303 108.469785325549 80.433540643736 50.9885576452331 0.101759096430793 -0.115444537019466
109.999999999998 84.0389979934408 108.525852396069 80.4814419869635 51.027129183102 0.100975619796597 -0.12356643129294
110.099999999998 84.1221481764391 108.582285276888 80.5287496810153 51.0657460832706 0.100287456893438 -0.131708754461393
110.199999999998 84.2052193862445 108.639067191832 80.5754606408599 51.104407773148 0.0996944447193191 -0.139776836006145
110.299999999998 84.2882041664704 108.696181597926 80.6215717426463 51.1431141635471 0.0991963902921406 -0.147732583103812
110.399999999998 84.3710952700668 108.753612187606 80.66707981994 51.1818656451373 0.0987931493004744 -0.15553696811808
110.499999999998 84.4538856721499 108.811342890948 80.7119816599995 51.220663084847 0.0984846184956713 -0.163150476174178
110.599999999998 84.5365685828532 108.86935787789 80.7562740000516 51.2595078222667 0.0982707278492906 -0.170533586481281
110.699999999998 84.6191374602404 108.927641560461 80.7999535235679 51.2984016660514 0.0981514325273263 -0.177647276811238
110.799999999998 84.7015860233177 108.986178595005 80.8430168565404 51.3373468903234 0.0981267047279109 -0.184453539084883
110.899999999998 84.7839082651834 109.044953884408 80.8854605637573 51.376346231075 0.0981965254212435 -0.190915892989513
110.999999999998 84.8660984663503 109.103952580323 80.9272811450791 51.4154028825715 0.0983608760214731 -0.196999884093254
111.099999999998 84.9481512082293 109.163160085379 80.9684750317627 51.4545204936281 0.0986195435047252 -0.202563623700826
111.199999999998 85.0300613856081 109.222562054972 81.0090385840385 51.4937031606307 0.0989715332124475 -0.207474811086918
111.299999999998 85.1118242161279 109.282144397986 81.0489680918687 51.5329554122869 0.0994155823899468 -0.211719582037174
111.399999999998 85.1934352485011 109.341893277091 81.0882597769589 51.572282191121 0.0999503260766733 -0.215289987550661
111.499999999998 85.2748903706226 109.401795109032 81.1269097948176 51.6116888348426 0.10057428222833 -0.218183943663346
111.599999999998 85.3561858176253 109.461836564913 81.1649142368156 51.6511810577157 0.101285838280938 -0.22040505949925
111.699999999998 85.4373181798746 109.52200457048 81.2022691322458 51.6907649319284 0.102083239175875 -0.221962352499562
111.799999999998 85.5182844108967 109.582286306406 81.238970450383 51.7304468689611 0.102964576833067 -0.222869863882557
111.899999999998 85.5990818352281 109.642669208578 81.2750141025431 51.7702336009562 0.103927781029991 -0.223146190602609
111.999999999998 85.6797081561714 109.70314096838 81.3103959441431 51.8101321620871 0.104970611622399 -0.222813952296472
112.099999999998 85.7601614634237 109.763689532955 81.3451117767855 51.8501498699125 0.106090561330301 -0.221903482977509
112.199999999998 85.8404402402157 109.824303104889 81.3791573509959 51.890294306356 0.107284582963941 -0.220451113382874
112.299999999998 85.9205433693368 109.884970140404 81.4125283706162 51.9305732977323 0.108549365631321 -0.218492428509396
112.399999999998 86.000470138468 109.945679346984 81.4452204978518 51.970994894398 0.109881423793258 -0.21606422003927
112.499999999998 86.0802202450954 110.006419680965 81.4772293583426 52.011567350388 0.111277095381105 -0.213203872048137
112.599999999998 86.1597938009808 110.067180345134 81.5085505462342 52.0522991030519 0.112732540770205 -0.20994880280039
112.699999999998 86.2391913361389 110.127950786322 81.5391796292501 52.0931987526905 0.114243742587567 -0.206335969961559
112.799999999998 86.3184138022765 110.188720693003 81.5691121537623 52.1342750421922 0.115806506353538 -0.202401443362906
112.899999999998 86.3974625756389 110.249479992886 81.5983436498636 52.1755368366695 0.117416461977904 -0.198180046593446
112.999999999998 86.4763394592101 110.310218850514 81.6268696364384 52.216993103095 0.119069066151163 -0.193705066277855
113.099999999998 86.5550466842346 110.370927664853 81.6546856262238 52.2586528899985 0.120759694828058 -0.189050825126386
113.199999999998 86.6335869116585 110.431597066822 81.6817871305859 52.3005253087229 0.122483928970225 -0.184285568190854
113.299999999998 86.7119632345423 110.492217916644 81.7081696635764 52.3426195186409 0.124237315276692 -0.179430772944237
113.399999999998 86.7901791804423 110.552781301135 81.7338287457049 52.3849447139315 0.126015283209994 -0.174506067656018
113.499999999998 86.868238713082 110.613278530985 81.7587599077008 52.4275101104168 0.127813148262339 -0.169529271486537
113.599999999998 86.9461462332381 110.673701138045 81.7829586942747 52.4703249323982 0.129626116130219 -0.16451645567026
113.699999999998 87.0239065787905 110.73404087261 81.80642066788 52.5133983994932 0.131449287932515 -0.159482020831063
113.799999999998 87.1015250238852 110.794289700703 81.8291414124748 52.5567397134719 0.133277666600479 -0.154438786009434
113.899999999998 87.1790072771611 110.854439801359 81.8511165372831 52.6003580450933 0.135106164552183 -0.149398085555585
113.999999999998 87.2563594789898 110.914483563909 81.8723416805565 52.6442625209423 0.136929612751917 -0.14436987061052
114.099999999998 87.3335881976964 110.974413585247 81.8928125133177 52.6884622103249 0.138742910075657 -0.139403982599271
114.199999999998 87.4107004251014 111.034222666631 81.9125247426187 52.7329661136974 0.140541465300223 -0.134545149908632
114.299999999998 87.4877035720503 111.093903809302 81.9314741135724 52.7777831549878 0.142320814657101 -0.129794200722976
114.399999999998 87.5646054634306 111.153450209641 81.9496564108988 52.8229221754512 0.144076495053009 -0.125151403822103
114.499999999998 87.6414143323047 111.21285525431 81.9670674604536 52.8683919275839 0.14580405375231 -0.120616557096571
114.599999999998 87.7181388131249 111.272112515384 81.9837031307563 52.9142010690374 0.147499059328521 -0.116189066011479
114.699999999998 87.7947879340147 111.331215745494 81.9995593345181 52.9603581565326 0.149157113833009 -0.111868012707197
114.799999999998 87.8713711081011 111.390158872962 82.0146320301708 53.0068716397736 0.150773866108541 -0.107652216446705
114.899999999998 87.9478981238887 111.44893599694 82.0289172233943 53.0537498553626 0.152345026151574 -0.10354028614123
114.999999999998 88.0243791346702 111.507541382548 82.0424109686451 53.1010010207132 0.153866380407048 -0.0995306656516947
115.099999999998 88.1008246469987 111.565969455995 82.0551093706596 53.1486332280389 0.155334003311523 -0.0956616930338892
115.199999999998 88.1772455089729 111.624214799258 82.0670085853045 53.1966544402668 0.15674486562365 -0.0919680228887372
115.299999999998 88.2536528996641 111.682272143643 82.0781048187718 53.2450724918389 0.158096270394427 -0.088442726405033
115.399999999998 88.3300583187358 111.740136362902 82.0883943261206 53.2938950914383 0.159385667753389 -0.0850792022188474
115.499999999998 88.406473575593 111.797802466333 82.0978734097946 53.343129824791 0.160610663458286 -0.0818711629669592
115.599999999998 88.4829107780615 111.855265591885 82.1065384181391 53.3927841574656 0.161769027362926 -0.0788126200140951
115.699999999998 88.5593823206287 111.912520999257 82.1143857439183 53.4428654376748 0.16285870165649 -0.0758978669405093
115.799999999998 88.6359008722782 111.969564062999 82.1214118228321 53.4933808990759 0.16387780873106 -0.0731214623044317
115.899999999998 88.7124793639538 112.026390265614 82.1276131320339 53.5443376635716 0.164824658539433 -0.0704782120699887
115.999999999998 88.7891309756915 112.082995190659 82.132986188647 53.5957427441107 0.165697755314428 -0.0679631520457835
116.099999999998 88.8658691234807 112.139374515863 82.1375275482784 53.6476030475074 0.166495830709813 -0.0655714379136867
116.199999999998 88.9427074464814 112.195524006639 82.1412338034332 53.6999253777296 0.167217926095136 -0.0632982805398453
116.299999999998 89.0196597955846 112.251439510612 82.1441015816775 53.7527164403813 0.167863307103336 -0.0611391152735857
116.399999999998 89.0967402224498 112.307116952541 82.1461275437025 53.805982847655 0.168431437593239 -0.059089569250355
116.499999999998 89.1739629684797 112.362552329258 82.1473083813853 53.8597311233017 0.168921980848492 -0.0571454440894805
116.599999999998 89.2513424537498 112.417741704608 82.1476408158485 53.9139677076013 0.169334799752171 -0.0553026997920359
116.699999999998 89.3288932659313 112.472681204385 82.1471215955214 53.9686989623328 0.169669955909757 -0.0535574398548552
116.799999999998 89.4066301492492 112.527367011275 82.1457474941996 54.0239311757448 0.169927707706288 -0.0519058976166009
116.899999999998 89.4845679935123 112.581795359789 82.1435153091058 54.0796705675254 0.170108507298787 -0.0503444238329942
116.999999999998 89.5627218232566 112.635962531208 82.1404218589499 54.1359232937729 0.170212996557829 -0.0488694754543494
117.099999999998 89.641106787045 112.689864848537 82.1364639819948 54.1926954519553 0.170241954890036 -0.0474673748541189
117.199999999998 89.7197381470841 112.743498671956 82.1316385342605 54.2499930855995 0.170196152198445 -0.0461253500532479
117.299999999998 89.7986312693549 112.796860395524 82.1259423880806 54.3078221882924 0.170076484589525 -0.0448413297738272
117.399999999998 89.8778016140239 112.849946444371 82.1193724307971 54.3661887074115 0.169884015464127 -0.0436132923372806
117.499999999998 89.9572647260226 112.902753271917 82.1119255634604 54.4250985478446 0.169619968670088 -0.0424392617858245
117.599999999998 90.037036225822 112.955277357084 82.1035986995293 54.4845575757101 0.169285720862099 -0.0413173045186819
117.699999999998 90.1171318004297 113.007515201509 82.0943887635718 54.5445716220765 0.168882793144263 -0.0402455264063312
117.799999999998 90.1975671946376 113.059463326759 82.0842926899647 54.6051464866829 0.168412842076202 -0.0392220703665498
117.899999999998 90.2783582025459 113.111118271548 82.073307421594 54.6662879416585 0.167877650129 -0.0382451143643877
117.999999999998 90.359520659388 113.162476588947 82.061429908555 54.7280017352429 0.167279115680527 -0.0373128698114085
118.099999999998 90.4410704336736 113.213534843618 82.0486571068595 54.7902935954883 0.166619185351771 -0.0364141601006812
118.199999999998 90.5230234195501 113.264289609456 82.0349859773246 54.8531692335056 0.165899675759154 -0.0355387027291402
118.299999999998 90.605395529163 113.314737468283 82.0204134849221 54.9166343455515 0.165122442738428 -0.0346860743028237
118.399999999998 90.688202685149 113.364875008959 82.00493659831 54.9806946146598 0.164289430164871 -0.0338558506868775
118.499999999998 90.7714608133788 113.414698826504 81.9885522893705 55.0453557122547 0.163402660316387 -0.0330476066258216
118.599999999998 90.8551858359694 113.464205521222 81.9712575327483 55.1106232997638 0.162464224137391 -0.0322609154826493
118.699999999998 90.939393664579 113.513391697827 81.9530493053888 55.1765030302318 0.161476271479948 -0.0314953490861049
118.799999999998 91.024100193998 113.562253964566 81.9339245860759 55.2430005499339 0.160441001397546 -0.0307504776783499
118.899999999998 91.109321296045 113.610788932344 81.9138803549709 55.310121499989 0.159360652560905 -0.0300258699598398
118.999999999998 91.195072813777 113.658993213848 81.8929135931503 55.3778715179728 0.158237493861279 -0.0293210932137362
119.099999999998 91.2813705560146 113.706863422677 81.8710212821475 55.4462562395188 0.157073782388233 -0.0286308769194383
119.199999999998 91.3682302919972 113.754396172668 81.8482004035969 55.5152812995731 0.155871659929153 -0.0279504319947371
119.299999999998 91.4556677458483 113.801588077696 81.8244479391331 55.5849523327766 0.154633250193444 -0.0272800288934235
119.399999999997 91.5436985911186 113.848435751676 81.7997608703919 55.6552749735021 0.153360684858447 -0.0266199139479528
119.499999999997 91.6323384455906 113.894935808564 81.7741361790156 55.7262548558784 0.15205609609368 -0.0259703093902442
119.599999999997 91.7216028663528 113.941084862358 81.7475708466578 55.7978976138143 0.150721609440614 -0.0253314134949504
119.699999999997 91.8115073451471 113.986879527105 81.720061854988 55.8702088810227 0.149359337077544 -0.0247034008314863
119.799999999997 91.9020673039889 114.032316416903 81.6916061856968 55.9431942910448 0.147971371492576 -0.0240864226253695
119.899999999997 91.9932980910598 114.077392145905 81.6622008205007 56.0168594772737 0.146559779583605 -0.0234806072107007
119.999999999997 92.0852149768695 114.122103328323 81.6318427411468 56.091210072979 0.145126597198238 -0.0228860605743057
