#t s x y z curvature torsion
5 0 128.859023207164 111.138419245058 4.82447942601246 0.188606653576504 -0.0964940902788019
5.1 0.0745363428394276 128.876543556534 111.124185725922 4.89551540770367 0.188326668307874 -0.0982648224854733
5.2 0.148887258351044 128.893766828102 111.109003851236 4.96623264912993 0.188026466584905 -0.100035226316871
5.3 0.223059944662914 128.910686141221 111.09288437235 5.0366278665722 0.187707811420652 -0.101803791742549
5.4 0.297061370939105 128.927294615284 111.075838040661 5.10669777634923 0.187372480669478 -0.10356895179016
5.5 0.370898280299276 128.943585369702 111.057875607648 5.17643909483847 0.187022262356726 -0.105329082300974
5.6 0.444577192980826 128.959551523875 111.039007824899 5.24584853849692 0.186658950128228 -0.107082501941221
5.7 0.518104409735965 128.975186197169 111.01924544414 5.31492282388207 0.186284338830896 -0.1088274725014
5.8 0.591486015455485 128.990482508889 110.998599217266 5.38365866767282 0.185900220235712 -0.110562199511527
5.9 0.664727883011227 129.005433578252 110.977079896371 5.45205278669033 0.185508378910417 -0.112284833216814
6 0.737835677308854 129.020032524366 110.954698233778 5.52010189791896 0.185110588248163 -0.113993469929121
6.1 0.810814859545739 129.034272466205 110.931464982071 5.58780271853067 0.184708578376093 -0.115683164576743
6.2 0.883670691739587 129.04814652276 110.907390894247 5.65515196600099 0.184303944862481 -0.117349088178406
6.3 0.956408241620244 129.061647813611 110.882486724167 5.72214635845741 0.183898225429375 -0.118989469226623
6.4 1.02903238772576 129.07476945966 110.856763227115 5.78878261511928 0.183492924775307 -0.12060253585118
6.49999999999999 1.1015478246108 129.087504583879 110.83023116037 5.85505745674123 0.183089512036379 -0.122186519788705
6.59999999999999 1.17395906815514 129.099846312052 110.802901283777 5.92096760605661 0.182689418434337 -0.123739660601707
6.69999999999999 1.24627046096353 129.111787773518 110.774784360313 5.98650978822094 0.182294035105701 -0.125260210141467
6.79999999999999 1.31848617784791 129.123322101917 110.745891156657 6.05168073125535 0.181904711107902 -0.126746437236829
6.89999999999999 1.3906102313841 129.134442435933 110.716232443759 6.11647716648998 0.181522751595539 -0.128196632588846
6.99999999999999 1.46264647753444 129.145141920037 110.685818997411 6.18089582900744 0.181149416160395 -0.129609113855107
7.09999999999999 1.5345986213316 129.155413705244 110.654661598814 6.24493345808863 0.180785885072528 -0.130974355718639
7.19999999999999 1.60647022268286 129.165250950177 110.622771035215 6.30858679772033 0.180433156885379 -0.132283023983456
7.29999999999999 1.67826470237455 129.174646822915 110.59015810069 6.37185259725974 0.180092136786759 -0.133533831967928
7.39999999999999 1.74998534812768 129.18359450315 110.55683359699 6.43472761216079 0.179763667290709 -0.134725611509507
7.49999999999999 1.82163532061949 129.192087184355 110.52280833439 6.49720860470284 0.179448527947418 -0.13585731801385
7.59999999999999 1.89321765946039 129.200118075957 110.488093132539 6.55929234471937 0.179147435228066 -0.136928035015656
7.69999999999999 1.9647352891177 129.2076804055 110.452698821305 6.6209756103267 0.178861042574892 -0.137936978199557
7.79999999999999 2.03619102477891 129.214767420817 110.416636241628 6.68225518865267 0.178589940611046 -0.138883498832944
7.89999999999999 2.10758757814696 129.221372392199 110.379916246364 6.74312787656533 0.178334657501102 -0.139767086574817
7.99999999999999 2.17892756316074 129.227488614564 110.342549701138 6.80359048140166 0.178095659455537 -0.140587371626774
8.09999999999999 2.25021350163898 129.233109409656 110.304547485186 6.86363982169783 0.177873284515062 -0.141319642970616
8.19999999999999 2.32144782895471 129.238228129063 110.265920492158 6.923272727961 0.177667531601232 -0.141939762556479
8.29999999999999 2.39263289987578 129.242838159313 110.226679630795 6.98248604354613 0.177478243075635 -0.142448561046193
8.39999999999999 2.46377099431126 129.246932927779 110.186835825556 7.04127662557442 0.177305171179482 -0.142847175567039
8.49999999999999 2.5348643228207 129.250505908629 110.146400017252 7.09964134585324 0.177147980739771 -0.143137040018428
8.59999999999999 2.60591503186945 129.25355062876 110.105383163671 7.15757709179604 0.177006252139134 -0.143319873467039
8.69999999999999 2.67692520881938 129.256060673749 110.063796240206 7.21508076734234 0.17687948453561 -0.143397666781823
8.79999999999999 2.74789688664406 129.258029693787 110.021650240486 7.27214929387766 0.176767099319174 -0.143372667663783
8.89999999999999 2.8188320483587 129.259451409627 109.978956177002 7.32877961115347 0.176668443790559 -0.143247364259449
8.99999999999999 2.88973263115515 129.260319618523 109.935725081737 7.38496867820715 0.176582795048595 -0.143024467557825
9.09999999999999 2.96060053023425 129.260628200172 109.891968006777 7.44071347427117 0.176509428073242 -0.142695798258344
9.19999999999999 3.03143760238186 129.260371122619 109.847696024487 7.49601099940336 0.176447807308603 -0.142252441603092
9.29999999999998 3.10224566940288 129.259542448064 109.80292022658 7.55085827440887 0.176397390180848 -0.141696325542388
9.39999999999998 3.17302652138383 129.258136338636 109.757651722747 7.60525234048315 0.176357565071825 -0.141029584118756
9.49999999999998 3.24378191973601 129.256147062162 109.711901639272 7.65919025884428 0.176327654609036 -0.140254540603424
9.59999999999998 3.31451360000781 129.253568997941 109.665681117651 7.71266911036514 0.176306919164441 -0.139373689624275
9.69999999999998 3.38522327445562 129.25039664251 109.619001313202 7.76568599520575 0.176294560545854 -0.138389678465048
9.79999999999998 3.45591263436423 129.246624615419 109.571873393687 7.81823803244551 0.176289725871294 -0.137305287739629
9.89999999999998 3.52658335210754 129.242247665002 109.524308537919 7.87032235971545 0.176291511606594 -0.136123411613361
9.99999999999998 3.59723708294084 129.237260674142 109.476317934384 7.9219361328305 0.176298967756014 -0.134847037769758
10.1 3.66787546651944 129.231658666071 109.427912779841 7.97307652541718 0.176311071781521 -0.133456573974086
10.2 3.73850012820103 129.225436810719 109.379104277637 8.02374072842252 0.17632663333593 -0.131932798050988
10.3 3.80911268021097 129.218590432496 109.329903635264 8.07392594932133 0.176344375782368 -0.130279375731216
10.4 3.87971472252545 129.21111501863 109.280322061637 8.12362941120469 0.176362970474385 -0.128500033441297
10.5 3.95030784338882 129.203006227535 109.230370764351 8.17284835186394 0.176381043022263 -0.126598526094596
10.6 4.02089361945119 129.194259897171 109.180060946939 8.22158002287453 0.176397179743419 -0.124578605181309
10.7 4.09147361551702 129.184872053405 109.129403806135 8.26982168868 0.176409934270592 -0.122443987379547
10.8 4.16204938389552 129.174838918378 109.078410529132 8.31757062567592 0.176417834295747 -0.120198323867268
10.9 4.23262246334535 129.164156918863 109.027092290841 8.36482412129376 0.176419388425284 -0.117845170489561
11 4.3031943776066 129.152822694633 108.975460251152 8.41157947308488 0.176413093121444 -0.11538795890705
11.1 4.37376663352439 129.140833106801 108.923525552179 8.45783398779982 0.176397525698866 -0.112832446438267
11.2 4.44434071900914 129.128185245659 108.871299315176 8.50358498034727 0.176371604435625 -0.110183350487034
11.3 4.51491810128096 129.114876437231 108.818792636607 8.54882977244776 0.176334328165009 -0.107442345235864
11.4 4.58550022507992 129.100904249319 108.766016583882 8.59356569116695 0.176284694200664 -0.104610972972761
11.5 4.65608851061125 129.086266497535 108.71298219108 8.63779006744442 0.176221703422868 -0.101690625678646
11.6 4.72668435121335 129.070961251327 108.659700454677 8.68150023462229 0.176144365402227 -0.0986825270222946
11.7 4.7972891107456 129.054986840006 108.606182329267 8.72469352697405 0.176051703548916 -0.0955877147611613
11.8 4.86790412069566 129.038341858778 108.552438723288 8.76736727823316 0.175942760277694 -0.092407023532031
11.9 4.9385306770056 129.021025174767 108.498480494746 8.80951882012186 0.175816602174854 -0.0891410680251772
12 5.00917003661716 129.003035933047 108.444318446937 8.85114548087983 0.175672325162055 -0.0857902264965985
12.1 5.07982341374881 128.984373562601 108.389963324195 8.89224458380356 0.175509234723081 -0.0824110975133079
12.2 5.15049197618235 128.965037780444 108.335425808118 8.93281344606174 0.1753273803617 -0.0790588610516899
12.3 5.22117684210445 128.945028591107 108.280716515037 8.97284937821158 0.175127039469914 -0.0757315701497956
12.4 5.29187907724554 128.924346284288 108.225845993972 9.01234968399114 0.17490854165562 -0.0724272674999831
12.5 5.36259969209439 128.902991432429 108.170824724606 9.05131166012235 0.174672266760345 -0.0691439892876121
12.6 5.43333963918725 128.880964888302 108.115663115257 9.08973259611393 0.174418642874597 -0.0658797686480864
12.7 5.50409981047756 128.858267782583 108.060371500851 9.12760977406447 0.174148144355482 -0.0626326388059375
12.8 5.57488103479436 128.834901521438 108.004960140902 9.16494046846532 0.173861289853147 -0.0594006359307675
12.9 5.64568407539497 128.810867784098 107.949439217478 9.20172194600366 0.173558640349853 -0.0561818017738605
13 5.71650962761855 128.786168520444 107.893818833179 9.2379514653654 0.173240797218892 -0.0529741861213445
13.1 5.78735831665229 128.760805948601 107.838109009106 9.27362627705364 0.1729083099736 -0.0497712317644084
13.2 5.8582306955662 128.734782552993 107.782319682662 9.30874362360666 0.172561399773657 -0.0465667642307189
13.3 5.92912724380836 128.708101083555 107.726460704955 9.3433007408308 0.172200223115578 -0.0433593516679041
13.4 6.00004836583509 128.680764555395 107.670541838031 9.37729485943299 0.171824961243822 -0.0401474779278861
13.5 6.07099438970386 128.652776248478 107.614572752101 9.41072320666866 0.171435820242343 -0.0369295423287992
13.6 6.14196556562729 128.624139707311 107.558563022776 9.44358300798965 0.171033031144328 -0.0337038592286942
13.7 6.21296206449046 128.594858740623 107.502522128292 9.47587148869216 0.170616850064311 -0.0304686574451709
13.8 6.28398397633665 128.564937421051 107.446459446741 9.50758587556465 0.170187558356167 -0.0272220795204227
13.9 6.35503130882365 128.534380084822 107.390384253301 9.53872339853575 0.169745462801238 -0.0239621808542846
14 6.42610398565548 128.503191331434 107.334305717466 9.5692812923222 0.169290895830124 -0.0206869287272252
14.1 6.49720184501389 128.471376023257 107.278232900305 9.59925679809978 0.168824397328262 -0.0174718554302347
14.2 6.56832463854184 128.438939282947 107.222174752589 9.62864716577274 0.168347249109485 -0.0143929203143126
14.3 6.63947203186174 128.405886485298 107.166140115096 9.65744965776243 0.167860909017314 -0.0114488690888649
14.4 6.71064360592723 128.372223246923 107.110137719773 9.68566155339453 0.167366820328275 -0.00863871194135743
14.5 6.78183885870537 128.337955415835 107.054176190939 9.7132801533091 0.166866405245924 -0.00596171264719687
14.6 6.85305720716334 128.30308906104 106.998264046481 9.74030278387086 0.16636105869752 -0.00341737708572619
14.7 6.92429798955416 128.267630462119 106.942409699055 9.76672680157932 0.165852142428343 -0.00100544121866626
14.8 6.99556046799499 128.231586098823 106.886621457283 9.79254959747889 0.165340979391585 0.00127414138579201
14.9 7.06684383133041 128.194962640657 106.83090752695 9.81776860156914 0.164828848429125 0.00342121243710291
15 7.1381471982722 128.157766936468 106.775276012209 9.84238128721492 0.164316979242153 0.00543542212540995
15.1 7.20946962080305 128.12000600405 106.71973491677 9.86638517556623 0.163806471527983 0.00732218263212089
15.2 7.28081008774183 128.081687020214 106.664292145007 9.88977784023002 0.163298064625404 0.00908688467940486
15.3 7.35216752826821 128.042817312023 106.608955502839 9.91255691258159 0.162792366631791 0.0107289397209773
15.4 7.42354081547354 128.003404348489 106.553732698517 9.93472008732799 0.162289928532257 0.0122476695231297
15.5 7.4949287700015 127.963455732293 106.49863134341 9.95626512808095 0.161791241892387 0.0136423121139172
15.6 7.56633016377241 127.922979191496 106.44365895279 9.97718987293004 0.161296736776856 0.0149120273794663
15.7 7.63774372378158 127.88198257126 106.388822946616 9.99749224001563 0.160806779892572 0.0160559022049288
15.8 7.70916813596177 127.84047382556 106.334130650323 10.017170233102 0.160321672956471 0.0170729550616309
15.9 7.78060204909939 127.798461008903 106.279589295604 10.0362219471503 0.159841651286866 0.0179621399321263
16 7.85204407879427 127.755952268042 106.225206021199 10.0546455738915 0.159366882618953 0.0187223494860101
16.1 7.92349281147428 127.712955833681 106.170987873663 10.0724394074175 0.158897431485136 0.0193428767971476
16.2 7.99494680899346 127.669480011842 106.116941807814 10.089601850226 0.158433141454961 0.0198128860787098
16.3 8.06640461464522 127.62553317439 106.063074686342 10.106131420423 0.15797371607619 0.0201309911882906
16.4 8.13786475968324 127.581123749221 106.009393279091 10.122026759379 0.157518750710491 0.0202957471470108
16.5 8.20932576978762 127.536260210434 105.955904262328 10.1372866394037 0.157067733348681 0.0203056430999015
16.6 8.28078617143931 127.490951068513 105.90261421801 10.1519099714203 0.156620045767945 0.0201590929191117
16.7 8.35224449818907 127.445204860498 105.849529633058 10.1658958126397 0.156174965032451 0.0198544233592149
16.8 8.42369929680684 127.399030140163 105.796656898621 10.1792433742349 0.15573166533712 0.0193898596374316
16.9 8.49514913329644 127.352435468188 105.744002309347 10.1919520290157 0.155289220196215 0.0187635083632501
17 8.56659259876428 127.305429402341 105.691572062652 10.2040213191025 0.154846604976526 0.0179733376989848
17.1 8.63802831509639 127.258020487683 105.63937225799 10.2154509635445 0.154402816357212 0.0170698906678484
17.2 8.70945493965699 127.21021724763 105.587408896142 10.22624086447 0.153957244878038 0.0161042714057818
17.3 8.78087116781833 127.162028177196 105.535687878546 10.2363911095102 0.153509361530481 0.0150751215762876
17.4 8.85227573465834 127.113461737086 105.484215006653 10.2459019727562 0.153058606665532 0.013981010243548
17.5 8.92366741662461 127.064526347819 105.432995981277 10.254773915659 0.152604390519455 0.0128204276951907
17.6 8.99504503319178 127.015230383861 105.38203640195 10.2630075879292 0.152146093834415 0.0115917786988376
17.7 9.0664074485075 126.965582167747 105.331341766272 10.2706038284375 0.151683068575845 0.0102933751559736
17.8 9.13775357302404 126.915589964212 105.280917469265 10.2775636661146 0.151214638749528 0.00892342812423232
17.9 9.20908236511043 126.865261974313 105.230768802725 10.2838883208511 0.150740101319952 0.00748003917154204
18 9.28039283264252 126.814606329562 105.180900954577 10.2895792043979 0.150258727233115 0.00596119101880544
18.1 9.35168403459461 126.763631086052 105.131319008182 10.2946379212887 0.149769619277382 0.00438167983147078
18.2 9.42295508330753 126.712344218695 105.082027940574 10.2990662703523 0.149271268732217 0.00275659083536424
18.3 9.49420514844416 126.660753615717 105.033032617957 10.3028662477205 0.148761961688425 0.00108409426717813
18.4 9.56543346141979 126.60886707326 104.984337790124 10.3060400504258 0.148239922281904 -0.000637857096269206
18.5 9.63663931959211 126.556692289988 104.935948084839 10.3085900800218 0.147703316599043 -0.00241154959506884
18.6 9.70782209017788 126.504236861689 104.887868002211 10.3105189462029 0.147150256712036 -0.00423953226724275
18.7 9.77898121389374 126.451508275883 104.840101909079 10.3118294704251 0.146578804845281 -0.0061246426055966
18.8 9.85011620831824 126.398513906424 104.792654033384 10.3125246895256 0.14598697767385 -0.00807003482120275
18.9 9.92122667097319 126.34526100811 104.745528458557 10.3126078593436 0.145372750755883 -0.0100792109562288
19 9.99231228212385 126.29175671128 104.698729117886 10.3120824583402 0.144734063101128 -0.0121560552751527
19.1 10.06337280727 126.238008016462 104.65225978891 10.3109521911638 0.144068959608323 -0.0142480072379838
19.2 10.1344080986467 126.184021789941 104.60612408785 10.3092209907921 0.143376021220673 -0.016300899930331
19.3 10.2054180947084 126.129804761695 104.560325464211 10.3068930170606 0.142653975791446 -0.0183165547753421
19.4 10.2764028188055 126.075363524258 104.51486719544 10.3039726537674 0.141901563955235 -0.0202968475993473
19.5 10.3473623777695 126.020704531624 104.469752381577 10.3004645057235 0.141117539525822 -0.0222437147044258
19.6 10.4182969604407 125.965834098143 104.424983939924 10.2963733958027 0.140300669952203 -0.0241591598682413
19.7 10.4892068361425 125.91075839743 104.380564599697 10.291704361992 0.13944973683074 -0.026045262361088
19.8 10.5600923531089 125.855483461257 104.336496896686 10.2864626544416 0.138563536469848 -0.0279041860816862
19.9 10.6309539368701 125.800015178462 104.292783167916 10.280653732515 0.137640880506222 -0.0297381899424017
20 10.7017920886036 125.744359293843 104.249425546307 10.2742832618393 0.136680596569853 -0.0315496396525933
20.1 10.7726073834273 125.688521407085 104.206425955347 10.2673571113434 0.135681587617473 -0.0333330692855963
20.2 10.8434004679575 125.632506972238 104.16378610429 10.2598813499856 0.134643020067379 -0.0350825377507318
20.3 10.9141720560589 125.576321298599 104.121507484653 10.2518622426933 0.133564167793999 -0.036799796187032
20.4 10.9849229239433 125.519969552162 104.079591367225 10.2433062459924 0.132444354879396 -0.0384866147702756
20.5 11.0556539053224 125.463456757074 104.038038799099 10.234220003624 0.131282953963438 -0.0401447901839797
20.6 11.1263658866567 125.406787797106 103.996850600705 10.2246103421624 0.130079384569602 -0.0417761540358517
20.7 11.1970598025065 125.349967417112 103.956027362839 10.2144842666314 0.128833111405572 -0.0433825823120573
20.8 11.2677366309983 125.293000224495 103.915569443696 10.2038489561226 0.127543642639327 -0.0449660060199674
20.9 11.3383973894154 125.23589069067 103.875476965899 10.1927117594116 0.126210528152389 -0.0465284231619805
21 11.409043129922 125.178643152531 103.835749813533 10.181080190576 0.12483335777256 -0.0480719122470505
21.1 11.4796749354466 125.121261813899 103.796387629158 10.1689619246232 0.123411695139768 -0.0496013167747329
21.2 11.5502939160864 125.06375074675 103.757389810412 10.1563647934024 0.121944877856061 -0.0511222034357389
21.3 11.6209012065855 125.006113891831 103.718755505567 10.143296782237 0.12043220071059 -0.0526380086199382
21.4 11.6914979642838 124.948355059054 103.680483608669 10.1297660268414 0.118872978531474 -0.0541524716862837
21.5 11.7620853671852 124.890477927873 103.642572754663 10.1157808102473 0.117266546051337 -0.0556696794718244
21.6 11.8326646121401 124.832486047662 103.605021314524 10.1013495597317 0.115612257818419 -0.0571941183307201
21.7 11.903236913155 124.774382838096 103.567827390375 10.0864808437439 0.113909488169587 -0.0587307351996245
21.8 11.9738034998415 124.716171589531 103.530988810619 10.0711833688323 0.112157631282992 -0.0602850095294447
21.9 12.0443656160165 124.657855463382 103.494503125062 10.0554659765722 0.110356101333132 -0.061863038362664
22 12.1149245184684 124.5994374925 103.458367600041 10.0393376404926 0.108504332775285 -0.0634716373791263
22.1 12.1854814758382 124.54092058158 103.42257921364 10.0228074629838 0.106602071393205 -0.0651662585884977
22.2 12.2560377660853 124.482307508151 103.387134653389 10.005884671689 0.10465026826939 -0.0670051887463039
22.3000000000001 12.3265946701804 124.423600925081 103.352030320218 9.98857861458749 0.102650243314703 -0.0690012292287355
22.4000000000001 12.39715346468 124.364803363673 103.317262334898 9.97089875456212 0.1006033944306 -0.0711688591899254
22.5000000000001 12.4677154147823 124.305917236783 103.282826544563 9.95285466394677 0.0985111918421511 -0.0735244920631392
22.6000000000001 12.5382817679266 124.246944841939 103.24871852924 9.93445601907407 0.0963751727797688 -0.076086779425083
22.7000000000001 12.6088537479373 124.187888364458 103.214933608381 9.91571259482303 0.0941969365592689 -0.0788769724433384
22.8000000000001 12.6794325497122 124.128749880567 103.181466847383 9.89663425916664 0.0919781401144232 -0.0819193535455589
22.9000000000001 12.7500193344507 124.069531360522 103.148313064124 9.87723096771948 0.0897204940442512 -0.0852417542194533
23.0000000000001 12.8206152254179 124.010234671723 103.115466835486 9.85751275828539 0.0874257592444543 -0.0888761788933027
23.1000000000001 12.8912213042484 123.950861581817 103.082922503892 9.83748974542773 0.0850957134105041 -0.0929192712007273
23.2000000000001 12.9618386079963 123.891413761233 103.050674184 9.81717211562932 0.0827320615988254 -0.0974831711909982
23.3000000000001 13.0324681272618 123.831892784318 103.018715769809 9.79657012394904 0.0803365376371277 -0.102634102467705
23.4000000000001 13.1031108050246 123.772300129909 102.987040941927 9.77569409126813 0.0779109396658186 -0.108449737999219
23.5000000000001 13.1737675359568 123.712637181883 102.955643174842 9.7545544015591 0.075457135678438 -0.115021553612957
23.6000000000001 13.2444391662011 123.652905229719 102.924515744194 9.73316149915466 0.0729770713141687 -0.122457753206794
23.7000000000001 13.315126493601 123.593105469041 102.893651734053 9.71152588601664 0.0704727804059424 -0.130886924478841
23.8000000000001 13.3858302683769 123.533239002179 102.863044044187 9.68965811900495 0.067946398937405 -0.140462633178797
23.9000000000001 13.4565511942342 123.473306838718 102.832685397337 9.66756880714647 0.0654001832601585 -0.151369229317613
24.0000000000001 13.5272899298941 123.413309896051 102.802568346489 9.64526860890401 0.0628365336951 -0.163829226259584
24.1000000000001 13.5980470910003 123.353248999934 102.772685282226 9.62276822944759 0.0602582450405436 -0.178217805519022
24.2000000000001 13.6688232516004 123.293124885019 102.743028442023 9.60007841798654 0.057669221978444 -0.194982705743225
24.3000000000001 13.7396189439693 123.232938195339 102.713589924516 9.57720996525626 0.0550738989331592 -0.214548122189229
24.4000000000001 13.8104346580912 123.172689484775 102.684361705716 9.55417370106569 0.0524770931001372 -0.237431695516899
24.5000000000001 13.8812708415843 123.112379217528 102.655335655304 9.53098049184728 0.0498840948743427 -0.264267083380231
24.6000000000001 13.9521279000664 123.052007768578 102.626503552918 9.50764123820688 0.0473007861369346 -0.295831710214361
24.7000000000001 14.0230061979324 122.99157542416 102.597857104449 9.48416687247359 0.0447337951833292 -0.333080149190906
24.8000000000001 14.0939060595084 122.931082382222 102.569387958333 9.46056835624975 0.0421906999346936 -0.377182724635154
24.9000000000001 14.1648277705503 122.870528752898 102.541087721839 9.43685667796075 0.0396802946375205 -0.429566881857272
25.0000000000001 14.2357715800532 122.809914558975 102.512947977367 9.41304285040498 0.0372129393455962 -0.491954516262879
25.1000000000001 14.3067377023292 122.749239736368 102.484960298717 9.38913790831401 0.0348009189035747 -0.566368172282319
25.2000000000001 14.3777263191138 122.688504134968 102.457116266895 9.36515290617915 0.0324587362593055 -0.655135595674639
25.3000000000001 14.4487375813307 122.627707520385 102.429407484719 9.34109891675463 0.0302041357170919 -0.760768979238455
25.4000000000001 14.5197716107925 122.566849576064 102.401825590958 9.31698702982722 0.0280590961738653 -0.885600189691636
25.5000000000001 14.5908285020098 122.505929905408 102.374362274449 9.29282835099606 0.0260508314341031 -1.03105300535344
25.6000000000001 14.6619083240896 122.444948033898 102.347009288217 9.26863400045251 0.0242127168962691 -1.19631892294554
25.7000000000001 14.7330111226965 122.383903411222 102.319758463595 9.24441511176009 0.0225847417934037 -1.37630347342602
25.8000000000001 14.8041369220502 122.322795413396 102.292601724342 9.22018283063424 0.0212127587008878 -1.55915371360001
25.9000000000001 14.8752857269338 122.26162334489 102.26553110076 9.19594831372226 0.0201455169994473 -1.72471777856427
26.0000000000001 14.9464575246874 122.20038644075 102.238538743817 9.17172272738313 0.0194286555051495 -1.84651985733006
26.1000000000001 15.0176522871552 122.139083868723 102.211616939277 9.14751724647426 0.0190961279677555 -1.89932580459722
26.2000000000001 15.0888699723651 122.077714731402 102.184758122171 9.12334305331624 0.0191617735620028 -1.87004261827956
26.3000000000001 15.1601105256063 122.016278068419 102.157954892132 9.09921133710971 0.0196148446753741 -1.76461800533473
26.4000000000001 15.2313738802029 121.954772858653 102.13120002907 9.07513329353033 0.0204224210263391 -1.6048616715987
26.5000000000001 15.3026599581622 121.893198022448 102.10448650886 9.0511201243305 0.021537300955326 -1.41803678881013
26.6000000000001 15.3739686706849 121.831552423819 102.077807519023 9.02718303694121 0.0229072490478269 -1.22732355128055
26.7000000000001 15.4452999185208 121.769834872671 102.051156474423 9.00333324407378 0.0244821458075875 -1.04775599567571
26.8000000000001 15.5166535921516 121.708044127006 102.024527032945 8.97958196332168 0.0262179085335658 -0.886752469388538
26.9000000000001 15.5880295717875 121.64617889514 101.997913111187 8.95594041676227 0.0280777728957034 -0.746476144084623
27.0000000000001 15.6594277271647 121.584237837909 101.971308900147 8.93241983055864 0.030032021826528 -0.626142174851705
27.1000000000001 15.730847917137 121.52221957093 101.944708880802 8.90903143455923 0.0320569611082624 -0.524177977661371
27.2000000000001 15.802289989187 121.460122667876 101.918107836963 8.88578646184227 0.0341336968479923 -0.438447643104411
27.3000000000001 15.8737537790534 121.397945666386 101.891500861188 8.86269614811999 0.0362474979245585 -0.366286755036628
27.4000000000001 15.9452391102491 121.335687074994 101.864883357965 8.83977173108757 0.0383869414866287 -0.305344638787547
27.5000000000001 16.0167457933396 121.273345380109 101.838251046796 8.81702444977001 0.0405431509368861 -0.253635787269553
27.6000000000001 16.0882736249844 121.210919052987 101.811599965274 8.79446554386895 0.0427092125851046 -0.20952163505367
27.7000000000001 16.1598223867474 121.148406556702 101.78492647216 8.77210625310954 0.0448797340958134 -0.171666113651249
27.8000000000001 16.2313918436879 121.085806353129 101.758227250468 8.74995781658725 0.0470505116026889 -0.138985716959922
27.9000000000001 16.3029817427372 121.02311690991 101.731499310538 8.72803147211476 0.0492182786651125 -0.11060298462623
28.0000000000001 16.374591810873 120.960336707434 101.704739993122 8.70633845556874 0.051380516403911 -0.0858065173431583
28.1000000000001 16.446221753118 120.897464245816 101.677946972396 8.68489000022959 0.0535353042214617 -0.0641977970241078
28.2000000000001 16.5178712508355 120.834498052082 101.651118257369 8.66369733593474 0.0556811960616726 -0.045447960512688
28.3000000000001 16.5895399610708 120.771436687866 101.624252189209 8.64277168775887 0.0578171456534051 -0.0291230689137934
28.4000000000001 16.661227516207 120.708278757302 101.597347436947 8.62212427450788 0.0599424316483575 -0.014866335753219
28.5000000000001 16.7329335234817 120.64502291493 101.570402993133 8.60176630720556 0.062056594366159 -0.00238296194483007
28.6000000000001 16.8046575643586 120.581667873601 101.543418169484 8.58170898758034 0.0641593863715894 0.00857186356112194
28.7000000000001 16.8763991937622 120.51821241238 101.51639259253 8.56196350655204 0.0662507336725953 0.0182024696251004
28.8000000000001 16.9481579391863 120.454655384449 101.489326199272 8.54254104271858 0.0683307051345812 0.0266802521595979
28.9000000000001 17.0199332996851 120.390995725011 101.462219232824 8.52345276084273 0.0703994882972507 0.0341496894980968
29.0000000000001 17.0917247447558 120.327232459197 101.435072238064 8.50470981033884 0.0724573702179941 0.0407331541474581
29.1000000000001 17.1635317131115 120.263364710004 101.407886057239 8.48632332373615 0.0745046146462476 0.0464041610087535
29.2000000000001 17.2353536111323 120.199391707225 101.380661824249 8.46830441453393 0.0765411235421528 0.0511408973421262
29.3000000000002 17.3071898106179 120.135312798878 101.353400955621 8.45066417351258 0.0785667427537241 0.0550466093492061
29.4000000000002 17.3790396461503 120.071127463625 101.326105140171 8.43341366443649 0.0805813588145881 0.058210617482055
29.5000000000002 17.4509024122757 120.006835323224 101.298776328611 8.41656391973353 0.0825848918026918 0.0607104617199447
29.6000000000002 17.5227773605095 119.942436154984 101.271416723165 8.40012593617453 0.0845772907225445 0.0626136738071879
29.7000000000002 17.5946636961625 119.877929904221 101.244028767177 8.38411067055278 0.0865585309865744 0.0639792463072702
29.8000000000002 17.6665605749835 119.813316696711 101.216615134724 8.36852903536348 0.0885286136573239 0.0648588547172877
29.9000000000002 17.7384670996166 119.748596851143 101.189178720228 8.35339189448323 0.0904875661780391 0.0652978779000074
30.0000000000002 17.8103823158661 119.683770891577 101.161722628062 8.33871005884952 0.0924354443730174 0.0653362534227442
30.1000000000002 17.8823052088448 119.618839559835 101.134250162115 8.3244942821406 0.094372391711659 0.0649625980294814
30.2000000000002 17.9542347008863 119.553803826322 101.106764813924 8.31075525646564 0.0962987776064583 0.0641658259258088
30.3000000000002 18.0261696542611 119.488664896839 101.079270247223 8.29750360808097 0.098214971499982 0.0629795788686065
30.4000000000002 18.0981088756959 119.423424217836 101.051770281071 8.28474989311661 0.100121279022681 0.0614337762219908
30.5000000000002 18.1700511208083 119.358083481583 101.02426887292 8.27250459330316 0.102017943613271 0.0595550658345325
30.6000000000002 18.2419950983733 119.292644631364 100.996770101692 8.26077811169879 0.103905149024513 0.0573672034947126
30.7000000000002 18.3139394744123 119.22710986665 100.969278150853 8.24958076841609 0.105783022618126 0.0548913738544532
30.8000000000002 18.3858828760952 119.161481648288 100.941797291482 8.23892279634901 0.107651639369405 0.0521464633182184
30.9000000000002 18.4578238954474 119.095762703682 100.914331865346 8.22881433689979 0.109511026515383 0.0491492934024769
31.0000000000002 18.5297610928525 119.029956031973 100.886886267973 8.2192654357059 0.111361168792994 0.0459148215719388
31.1000000000002 18.6016930003176 118.964064909248 100.859464931745 8.21028603834332 0.11320191639809 0.0424719156624169
31.2000000000002 18.6736181239005 118.898092894294 100.83207230945 8.20188598541659 0.115032709606583 0.0388471519212981
31.3000000000002 18.745534944304 118.832043835769 100.804712859037 8.19407500609193 0.116852900347999 0.0350496725542799
31.4000000000002 18.8174419165063 118.765921879926 100.777391028818 8.18686271101707 0.118661861616381 0.0310872628391365
31.5000000000002 18.8893374689979 118.699731478354 100.750111242709 8.18025858521748 0.120458996612582 0.0269664574466859
31.6000000000002 18.9612200026387 118.633477395725 100.722877885451 8.17427198099257 0.122243748322141 0.0226926378687801
31.7000000000002 19.0330878891302 118.56716471754 100.695695287851 8.16891211081196 0.124015609536629 0.0182701222850451
31.8000000000002 19.1049394691002 118.50079885787 100.668567712002 8.16418804021168 0.12577413332913 0.0137022490461567
31.9000000000002 19.1767730497965 118.434385567103 100.641499336523 8.16010868069042 0.12751894399749 0.00899145489937082
32.0000000000002 19.2485869023907 118.367930939687 100.614494241785 8.15668278260572 0.129249748490724 0.00413934894940557
32.1000000000002 19.3203792589594 118.301441421799 100.587556395162 8.15391892807196 0.13096637451308 -0.00079514395850526
32.2000000000002 19.3921483108042 118.23492381694 100.560689636788 8.1518255239025 0.132668827114954 -0.00575739947325298
32.3000000000002 19.4638922107758 118.168385286311 100.533897666609 8.15041079466428 0.134357159139421 -0.0107528355053081
32.4000000000002 19.5356090769921 118.101833347115 100.507184031932 8.1496827757766 0.136031441831419 -0.0157868739865548
32.5000000000002 19.6072969963033 118.035275870783 100.480552115004 8.1496493066117 0.137691770238173 -0.0208649467901722
32.6000000000002 19.6789540274418 117.968721081198 100.454005120587 8.15031802359521 0.139338269047062 -0.0259924991133113
32.7000000000002 19.750578203862 117.902177552927 100.427546063531 8.15169635330675 0.140971098859311 -0.0311749902885634
32.8000000000002 19.822167536275 117.835654209441 100.401177756349 8.1537915055804 0.142590462899473 -0.0364178919226578
32.9000000000002 19.8937200148857 117.769160321343 100.374902796792 8.15661046660526 0.14419661416196 -0.0417266832467188
33.0000000000002 19.9652336113417 117.702705504596 100.348723555426 8.16015999202593 0.145789862996235 -0.0471068435071405
33.1000000000002 20.0367062804378 117.636299718674 100.322642163301 8.16444660008165 0.147370761377352 -0.0524385656510152
33.2000000000002 20.108135962477 117.569953262817 100.296660502136 8.16947656574827 0.148940606554116 -0.0576066979498599
33.3000000000002 20.1795205878125 117.503676767467 100.27078020089 8.17525591742597 0.150500855831472 -0.0626228471134506
33.4000000000002 20.250858082324 117.437481183805 100.245002634837 8.18179043462991 0.152052937169302 -0.0674975798056516
33.5000000000002 20.322146372994 117.371377773211 100.219328924749 8.18908564571945 0.153598244030841 -0.0722405282312754
33.6000000000002 20.3933833935558 117.305378096734 100.193759936072 8.19714682562731 0.155138130544623 -0.0768604848630571
33.7000000000002 20.4645670902196 117.239494004552 100.168296278102 8.20597899358881 0.156673906943453 -0.0813654875425004
33.8000000000002 20.5356954274826 117.173737625437 100.142938303164 8.21558691087105 0.158206835248832 -0.0857628960083278
33.9000000000002 20.6067663940247 117.108121356217 100.117686105792 8.22597507850213 0.159738125173951 -0.0900594608087541
34.0000000000002 20.6777780086957 117.042657851242 100.092539521902 8.23714773500032 0.161268930223466 -0.0942613853956947
34.1000000000002 20.7487283265994 116.977360011828 100.067498127989 8.24910885406963 0.162800205896944 -0.0983499839842661
34.2000000000002 20.8196154454227 116.912240975197 100.042561240751 8.26186214142007 0.164332282166651 -0.102308358637481
34.3000000000002 20.890437512167 116.847314102141 100.017727917806 8.27541102936598 0.165865257570322 -0.106144768776286
34.4000000000002 20.9611927299131 116.782592964177 99.9929969588387 8.28975867054918 0.167399132458125 -0.109867173465883
34.5000000000002 21.0318793644265 116.718091330691 99.9683669067635 8.30490793162835 0.168933807112063 -0.113483268752182
34.6000000000002 21.1024957505844 116.653823156074 99.9438360488878 8.32086138696853 0.170469080347038 -0.117000521336555
34.7000000000002 21.1730402986073 116.589802566863 99.9194024180759 8.33762131233048 0.17200464859107 -0.12042619892852
34.8000000000002 21.2435115000812 116.526043848878 99.895063793912 8.35518967856015 0.173540105445204 -0.123767397562756
34.9000000000002 21.3139079337537 116.462561434366 99.8708177038639 8.3735681452781 0.175074941726709 -0.127031066181044
35.0000000000002 21.3842282710869 116.399369889134 99.8466614244462 8.39275805456894 0.176608546001483 -0.130224028747136
35.1000000000002 21.4544712815955 116.33648389963 99.8225919824797 8.41276042474841 0.178140438025109 -0.133241326419998
35.2000000000002 21.5246358391513 116.273918258339 99.7986061588421 8.43357594614981 0.179670903366556 -0.135978088781306
35.3000000000002 21.5947209312885 116.211687844936 99.7747004985452 8.45520498203631 0.181200179933113 -0.13844102463769
35.4000000000002 21.6647256698128 116.149807605765 99.7508713233033 8.47764757153264 0.182728199746412 -0.140636687261208
35.5000000000002 21.7346493015334 116.088292533249 99.7271147441976 8.50090343263437 0.184254579753215 -0.142571544675567
35.6000000000002 21.8044912190203 116.027157645305 99.7034266743405 8.52497196521727 0.18577861396738 -0.14425203608729
35.7000000000002 21.8742509713272 115.966417964753 99.6798028415404 8.54985225404659 0.18729926699807 -0.145684615522504
35.8000000000002 21.9439282746221 115.906088498734 99.6562388009657 8.5755430717864 0.188815169020758 -0.146875783713533
35.9000000000002 22.0135230226607 115.846184218119 99.6327299478093 8.60204288200889 0.190324612250422 -0.147832109327341
36.0000000000002 22.0830352970352 115.786720036923 99.6092715299535 8.62934984220373 0.19182554897662 -0.148560240588671
36.1000000000002 22.1524653771148 115.727710791737 99.5858586606165 8.65746180677156 0.193315574430269 -0.149089663375083
36.2000000000002 22.2218137491577 115.669171221688 99.5624863305514 8.68637632960727 0.194791897425366 -0.149449695422818
36.3000000000002 22.2910811137963 115.61111594973 99.5391494191052 8.71609066564187 0.196251428670281 -0.149646824152549
36.4000000000002 22.3602683925155 115.55355946446 99.5158427048298 8.74660177197406 0.197690808077371 -0.149687566397463
36.5000000000002 22.429376733497 115.496516101958 99.4925608760755 8.77790630898601 0.199106411925897 -0.149578455093336
36.6000000000003 22.4984075167839 115.440000027622 99.469298541584 8.81000064145915 0.200494361568722 -0.149326024559029
36.7000000000003 22.5673623586969 115.384025218008 99.4460502410826 8.84288083969 0.201850533717511 -0.148936794913288
36.8000000000003 22.6362431154389 115.328605442665 99.4228104558771 8.87654268060594 0.203170572331876 -0.148417256124517
36.9000000000003 22.7050518858228 115.273754245973 99.3995736194454 8.91098164888102 0.20444990213059 -0.147773852105771
37.0000000000003 22.773791013057 115.219484928982 99.3763341280311 8.94619293805175 0.205683743727391 -0.147012965222077
37.1000000000003 22.8424630855463 115.165810531231 99.3530863512422 8.98217145164563 0.206867126372733 -0.14612972039165
37.2000000000003 22.9110709371011 115.112743812123 99.329824642796 9.01891180464074 0.207994878828978 -0.145119321412037
37.3000000000003 22.9796176472242 115.060297231167 99.3065433516322 9.05640832576566 0.209061634450207 -0.143988138801334
37.4000000000003 23.0481065406893 115.008482927777 99.2832368331717 9.09465506013044 0.210061853195132 -0.142742427510517
37.5000000000003 23.116541185895 114.957312701053 99.2598994605809 9.13364577187034 0.21098984517029 -0.141388308328335
37.6000000000003 23.1849253919202 114.906797989558 99.2365256360361 9.17337394678954 0.211839795744546 -0.139931750275319
37.7000000000003 23.2532632042255 114.856949851101 99.2131098019882 9.21383279500483 0.212605792107567 -0.138378554003703
37.8000000000003 23.3215588989557 114.807778942517 99.1896464524261 9.25501525358934 0.213281851115512 -0.136734336160589
37.9000000000003 23.3898169757991 114.759295499447 99.1661301441421 9.29691398921625 0.213861948238593 -0.135004514612751
38.0000000000003 23.4580421493695 114.711509316118 99.1425555079958 9.33952140080252 0.214340047395128 -0.133194294365447
38.1000000000003 23.5262393390173 114.664429725298 99.1189172601117 9.38282962220471 0.214710849540482 -0.131379879702315
38.2000000000003 23.5944136555024 114.618065582812 99.0952102113451 9.42683052627031 0.214972039789675 -0.129630266343008
38.3000000000003 23.6625703824964 114.572425263636 99.0714292723521 9.47151573232995 0.215122260010653 -0.1279399571198
38.4000000000003 23.7307149562007 114.527516662538 99.0475694569265 9.516876615045 0.215160410325509 -0.126303806875671
38.5000000000003 23.7988529448784 114.483347194915 99.0236258852715 9.56290431330738 0.215085650700609 -0.124716999375993
38.6000000000003 23.8669900284164 114.439923797609 98.9995937872703 9.60958973913934 0.214897401256909 -0.123175025402314
38.7000000000003 23.9351319779618 114.397252929737 98.9754685057575 9.65692358659326 0.21459534123355 -0.121673661909334
38.8000000000003 24.0032846356803 114.355340573515 98.9512454997897 9.70489634065139 0.214179406558736 -0.12020895211917
38.9000000000003 24.0714538946836 114.314192235085 98.926920347917 9.75349828612569 0.213649786004403 -0.118777186440193
39.0000000000003 24.1396456791691 114.273812945339 98.9024887514538 9.80271951655758 0.213006915921611 -0.117374884085211
39.1000000000003 24.2078659248235 114.234207260696 98.8779465377557 9.85254994308488 0.212251217607756 -0.115998619990119
39.2000000000003 24.2761205595716 114.195379262588 98.8532896636425 9.90297930245469 0.211382322253862 -0.114647388747024
39.3000000000003 24.3444154846242 114.157332553673 98.8285142191956 9.95399716286824 0.210399834596412 -0.113321600712253
39.4000000000003 24.4127565555167 114.120070252767 98.8036164317011 10.0055929289717 0.209303585835811 -0.112021801313539
39.5000000000003 24.4811495630716 114.083594989714 98.7785926695989 10.0577558468141 0.208093629222336 -0.110748672450345
39.6000000000003 24.5496002143248 114.047908900264 98.7534394464317 10.1104750088053 0.206770234115523 -0.109503034675736
39.7000000000003 24.6181141134654 114.013013620952 98.7281534247946 10.1637393586739 0.205333878555656 -0.108285850302101
39.8000000000003 24.6866967428362 113.97891028397 98.702731420284 10.2175376964253 0.203785240403257 -0.10709822763439
39.9000000000003 24.7553534440424 113.945599512049 98.6771704054466 10.2718586832995 0.202125187119487 -0.105941426541345
40.0000000000003 24.8240893992147 113.913081413328 98.6514675137286 10.3266908467291 0.200354764271422 -0.104816865624748
40.1000000000003 24.8929096124434 113.881355576428 98.6256200433815 10.3820225853471 0.19847599879679 -0.103757167211904
40.2000000000003 24.961818890727 113.850421070479 98.599625460226 10.4378421752939 0.196494342073757 -0.102789199355476
40.3000000000003 25.0308218238529 113.820276457753 98.5734813975235 10.4941377798204 0.194416212959226 -0.101906075324161
40.4000000000003 25.0999227652313 113.79091981126 98.5471856547051 10.5508974601902 0.192248148049805 -0.101101129315911
40.5000000000003 25.169125814621 113.762348732532 98.5207361960586 10.6081091866321 0.189996765784036 -0.100367857949288
40.6000000000003 25.2384348027776 113.734560369413 98.4941311494138 10.6657608492921 0.187668732170753 -0.0996998633462575
40.7000000000003 25.3078532780095 113.707551433841 98.4673688048295 10.7238402691855 0.18527072838237 -0.0990907973201296
40.8000000000003 25.3773844946192 113.681318219639 98.4404476132787 10.782335209149 0.182809420406968 -0.098534306230952
40.9000000000003 25.4470314031989 113.655856620297 98.4133661853356 10.8412333847934 0.180291430914749 -0.0980239761076384
41.0000000000003 25.5167966427419 113.631162146762 98.3861232898611 10.9005224754549 0.177723313452416 -0.0975532776996325
41.1000000000003 25.5866825345035 113.607229945224 98.3587178526985 10.9601901351274 0.175111495732443 -0.0971160652148439
41.2000000000003 25.6566910770045 113.584054814976 98.3311489556006 11.0202240028515 0.172462169936573 -0.0967062390575029
41.3000000000003 25.7268239412191 113.561631226443 98.3034158357491 11.0806117117297 0.169781393420868 -0.0963169959172816
41.4000000000003 25.797082466763 113.539953339285 98.2755178855061 11.1413408974001 0.167075108145718 -0.0959411878597053
41.5000000000003 25.8674676595772 113.519015020495 98.2474546521741 11.2023992064883 0.164349126307312 -0.0955712630105196
41.6000000000003 25.9379801910696 113.498809862507 98.2192258377572 11.2637743050606 0.161609118233743 -0.0951992044845904
41.7000000000003 26.0086203986522 113.479331201295 98.1908312987209 11.325453887076 0.158860602459427 -0.0948164676690375
41.8000000000003 26.0793882876107 113.460572134475 98.1622710457533 11.3874256828393 0.156108937868606 -0.0944139160601781
41.9000000000003 26.1502835342401 113.44252553941 98.1335452435251 11.4496774674528 0.153359317786061 -0.0939817559980068
42.0000000000003 26.2213054901805 113.425184091313 98.1046542104503 11.5121970692699 0.150616765873241 -0.0935094708313051
42.1000000000003 26.2924531878859 113.408540281365 98.0755984184891 11.5749723783705 0.147886193018289 -0.092930402830883
42.2000000000003 26.3637253471505 113.392586435304 98.0463784940581 11.637991355658 0.145172563215521 -0.0921724556745192
42.3000000000003 26.4351203826397 113.377314733213 98.0169952217485 11.7012420435287 0.142480696560317 -0.0912152708178718
42.4000000000003 26.5066364124215 113.362717229763 97.9874495491526 11.7647125771616 0.139815209229787 -0.0900369792515412
42.5000000000003 26.5782712674489 113.348785874489 97.9577425917312 11.828391195832 0.137180516986708 -0.0886141623826249
42.6000000000003 26.650022501921 113.335512532054 97.9278756376822 11.8922662542251 0.134580839943116 -0.0869218305784946
42.7000000000003 26.7218874044562 113.322889002521 97.8978501528089 11.9563262337494 0.132020208467432 -0.0849334238831444
42.8000000000003 26.7938630100088 113.310907041623 97.8676677853877 12.0205597538503 0.129502470134138 -0.0826208400530249
42.9000000000003 26.8659461124697 113.299558381027 97.8373303710369 12.0849555833237 0.127031297629781 -0.0799544956835065
43.0000000000003 26.9381332778886 113.28883474861 97.8068399375844 12.1495026516296 0.124610197548589 -0.0769034268456492
43.1000000000003 27.0104208582396 113.27872788865 97.7761987099155 12.2141900601546 0.12224223290999 -0.0734996285384686
43.2000000000003 27.0828050049917 113.269229580118 97.7454091142861 12.2790070921527 0.119929196102954 -0.0697820582183819
43.3000000000003 27.1552816812329 113.260331650134 97.7144737812787 12.3439432193293 0.117672522578902 -0.0657287510702899
43.4000000000003 27.2278466732066 113.252025985519 97.6833955482238 12.408988107104 0.115473594272831 -0.0613171880589231
43.5000000000003 27.3004956018738 113.244304544268 97.6521774616014 12.4741316198213 0.113333750044449 -0.0565244520124977
43.6000000000004 27.3732239345174 113.237159367034 97.6208227794415 12.5393638259626 0.11125429627319 -0.0513274217170878
43.7000000000004 27.4460269963765 113.230582588598 97.5893349737257 12.6046750033572 0.109236517611689 -0.0457030088941847
43.8000000000004 27.5188999823062 113.224566449351 97.5577177327876 12.6700556443935 0.107281687904035 -0.0396284430361648
43.9000000000004 27.5918379684565 113.21910330677 97.5259749637143 12.7354964612312 0.105391081271991 -0.0330816090501868
44.0000000000004 27.6648359239687 113.214185646896 97.4941107947472 12.8009883910115 0.103565983371201 -0.0260414424084151
44.1000000000004 27.7378887226914 113.20980609574 97.4621295777224 12.8665226010891 0.10180741968281 -0.0184395090076724
44.2000000000004 27.8109911550194 113.205957428862 97.4300358915379 12.9320904947767 0.100115314163062 -0.0102059424321915
44.3000000000004 27.8841379399105 113.202632576312 97.3978345482242 12.9976837183918 0.0984893471599072 -0.00131951869503189
44.4000000000004 27.9573237367549 113.199824625739 97.3655306000428 13.0632941688187 0.0969292563248179 0.00823944139552178
44.5000000000004 28.0305431569694 113.197526825434 97.3331293466232 13.1289140010888 0.0954348566213857 0.0184886490955512
44.6000000000004 28.103790775337 113.195732587372 97.3006363420997 13.1945356359612 0.0940060614157919 0.0294433601779841
44.7000000000004 28.1770611411162 113.194435490248 97.2680574022487 13.2601517675041 0.0926429046700558 0.041115814369038
44.8000000000004 28.2503487889484 113.193629282526 97.2353986116263 13.3257553706748 0.0913455642257522 0.0535145931428873
44.9000000000004 28.3236482495942 113.193307885473 97.2026663307047 13.3913397089009 0.0901143861280655 0.0666438876371209
45.0000000000004 28.3969540605273 113.193465396204 97.16986720301 13.4568983416612 0.0889499098874527 0.0805026698757515
45.1000000000004 28.4702607764068 113.194096090598 97.1370081622127 13.5224251320259 0.087852468084345 0.0949525486256774
45.2000000000004 28.5435629790304 113.195194422985 97.1040964380164 13.587914253152 0.0868209279454796 0.10984812517098
45.3000000000004 28.6168552859851 113.196755017641 97.0711395589932 13.6533601921254 0.0858539824012279 0.125171756240404
45.4000000000004 28.6901323584855 113.198772657051 97.0381453542172 13.7187577527576 0.0849505911322337 0.140903335011481
45.5000000000004 28.7633889088157 113.201242270045 97.0051219548515 13.7841020583417 0.0841099958550795 0.15701989330313
45.6000000000004 28.8366197074402 113.204158919944 96.9720777957349 13.8493885544096 0.0833317353038371 0.173495138899123
45.7000000000004 28.9098195898301 113.207517792693 96.9390216169691 13.9146130114879 0.0826156597538158 0.190298932426966
45.8000000000004 28.9829834630544 113.211314185006 96.9059624655059 13.9797715278546 0.0819619448927081 0.207396712482
45.9000000000004 29.0561063121819 113.215543492503 96.8729096967335 14.0448605322955 0.0813711047978247 0.224748882534968
46.0000000000004 29.1291832065424 113.220201197848 96.8398729760642 14.1098767868609 0.0808440037291541 0.242310178979298
46.1000000000004 29.2022093058712 113.225282858856 96.8068622804375 14.1748173895592 0.080381752144191 0.259832462389444
46.2000000000004 29.2751798658745 113.230784095671 96.7738878976471 14.2396797754257 0.079985324673141 0.277060978313981
46.3000000000004 29.3480902424024 113.2367005756 96.7409604201454 14.3044617134645 0.0796558135496807 0.293934729989721
46.4000000000004 29.4209358950229 113.243027997018 96.7080907366722 14.3691613019661 0.0793945097253742 0.310391552881803
46.5000000000004 29.4937123905201 113.249762073243 96.675290023798 14.4337769637611 0.0792028790275801 0.32636874679694
46.6000000000004 29.5664154063611 113.256898516407 96.6425697374699 14.4983074414747 0.0790825372668826 0.341803848636736
46.7000000000004 29.6390407341553 113.264433021329 96.6099416045555 14.5627517927812 0.0790352245314883 0.356635532866889
46.8000000000004 29.7115842831279 113.272361249387 96.5774176143875 14.6271093856584 0.0790627789515608 0.370804618153457
46.9000000000004 29.7840420836252 113.280678812392 96.5450100103082 14.6913798936416 0.0791671102735574 0.384255149924015
47.0000000000004 29.8564102906717 113.289381256457 96.5127312812146 14.7555632910783 0.0793501736208146 0.396935520801141
47.1000000000004 29.9286851876275 113.298464045848 96.4805941530625 14.8196598484038 0.0796137859058856 0.408765472827254
47.2000000000004 30.0008631907969 113.307922546203 96.4486115793407 14.8836701279741 0.0799590942045906 0.419684100454778
47.3000000000004 30.0729408562984 113.317752006153 96.416796728926 14.9475949813125 0.0803869721454085 0.429680389117806
47.4000000000004 30.1449148878107 113.327947538313 96.3851629729072 15.0114355469135 0.0808981572278003 0.438753675551416
47.5000000000004 30.2167821443464 113.338504100253 96.3537238713697 15.0751932480678 0.0814932429611333 0.446913621533369
47.6000000000004 30.2885396480255 113.349416475468 96.3224931601795 15.1388697906874 0.0821726752166864 0.454179892056329
47.7000000000004 30.360184591851 113.36067925434 96.2914847377675 15.2024671611312 0.0829367527523277 0.460581551859659
47.8000000000004 30.4317143474895 113.372286815114 96.2607126519145 15.2659876240296 0.0837856317528779 0.466156208848662
47.9000000000004 30.5031264730594 113.384233304862 96.2301910865343 15.3294337201102 0.0847193341239718 0.470948944951376
48.0000000000004 30.5744187209296 113.396512620452 96.1999343484592 15.3928082640223 0.0857377591868578 0.47501108361547
48.1000000000004 30.645589045519 113.409118389628 96.1699568541186 15.4561143420774 0.0868407843043101 0.478081692908922
48.2000000000004 30.7166356107933 113.422043954911 96.1402731134886 15.5193553077689 0.0880283506483303 0.479912791513254
48.3000000000004 30.7875567969839 113.435282364698 96.1108977071114 15.5825347716568 0.0892998861867859 0.480589156890216
48.4000000000004 30.8583512070234 113.448826367174 96.0818452603842 15.6456565890335 0.0906541825282073 0.480207236701027
48.5000000000004 30.9290176729554 113.462668404346 96.053130417744 15.7087248475032 0.0920894129833249 0.478872607455512
48.6000000000004 30.999555262265 113.47680060607 96.0247678168517 15.7717438545619 0.0936031584636234 0.476697299946077
48.7000000000004 31.069963284063 113.491214784079 95.9967720627762 15.8347181251775 0.0951924399126018 0.473797136574329
48.8000000000004 31.1402412950538 113.505902426016 95.9691577021792 15.8976523693692 0.0968537559238068 0.470289206967532
48.9000000000004 31.2103891052152 113.520854689457 95.9419391974991 15.9605514797876 0.098583124245756 0.466289582428326
49.0000000000004 31.2804067831191 113.536062395943 95.9151309011353 16.0234205192946 0.100376125979717 0.461911340259785
49.1000000000004 31.3502946608466 113.551516025082 95.888747029634 16.086264708559 0.102228088369863 0.457179656478765
49.2000000000004 31.4200533391709 113.56720571047 95.862801637897 16.1490894140624 0.104134486240235 0.452108596553014
49.3000000000004 31.4896836941745 113.583121240256 95.8373085934533 16.2119001371481 0.106090477062042 0.446788596747236
49.4000000000004 31.5591868841271 113.599252059533 95.8122815507548 16.2747025034795 0.108090791090957 0.441305689548726
49.5000000000004 31.6285643558184 113.615587272796 95.7877339254727 16.337502252515 0.110129772519534 0.435740756143888
49.6000000000004 31.6978178502285 113.632115646405 95.7636788687935 16.4003052269829 0.112201420679923 0.43016903534448
49.7000000000004 31.7669494074488 113.648825611042 95.7401292417165 16.4631173623556 0.114299431067434 0.42465986354352
49.8000000000004 31.8359613707679 113.665705264173 95.7170975893491 16.5259446763247 0.116417236090809 0.419276614559304
49.9000000000004 31.9048563898354 113.682742372507 95.6945961152043 16.5887932582755 0.118548045567792 0.414076805639654
50.0000000000004 31.9736374228233 113.699924374459 95.6726366554964 16.6516692587617 0.120684887077929 0.409112335739208
50.1000000000004 32.0423077375218 113.71723838271 95.6512306533792 16.7145788789515 0.12282048504722 0.404256474058452
50.2000000000004 32.1108709117496 113.734671189518 95.6303891316503 16.7775283593229 0.124946699430276 0.399396884380759
50.3000000000004 32.179330833669 113.752209278963 95.6101226615657 16.8405239664563 0.127054851406961 0.394599846839031
50.4000000000004 32.2476917010849 113.769838841952 95.5904413301214 16.9035719790758 0.129135912744426 0.389927444048777
50.5000000000004 32.3159580191285 113.787545791306 95.5713547072756 16.9666786740625 0.131180565698219 0.385437742015523
50.6000000000004 32.3841345961914 113.805315776865 95.5528718131721 17.0298503124677 0.133179264448936 0.381185081746433
50.7000000000005 32.4522265380039 113.823134200584 95.535001085362 17.093093125526 0.135122298090766 0.377220461281557
50.8000000000005 32.5202392397597 113.840986231631 95.5177503460272 17.1564133006678 0.136999855207621 0.373591989887742
50.9000000000005 32.5881783761999 113.858856821488 95.5011267692026 17.2198169675332 0.138802090076291 0.370345398793029
51.0000000000005 32.6560498895858 113.876730719045 95.4851368479985 17.2833101839844 0.140519190521516 0.36752459571646
51.1000000000005 32.7238599755057 113.894592485761 95.4697863620666 17.3468989221688 0.142142512635882 0.365079930478047
51.2000000000005 32.7916150667442 113.912426512428 95.4550803513782 17.4105890558726 0.143667799409107 0.362921907213067
51.3000000000005 32.8593218160586 113.930217039989 95.441023106028 17.4743863511522 0.145091948132134 0.361036275157197
51.4000000000005 32.9269870782007 113.947948181964 95.4276181623513 17.5382964582563 0.146411953477311 0.359412072535268
51.5000000000005 32.9946178911317 113.96560394693 95.4148682992832 17.6023249035984 0.14762492610214 0.358041396343944
51.6000000000005 33.0622214564428 113.983168261012 95.402775534719 17.6664770817279 0.148728112097738 0.356919212585985
51.7000000000005 33.129805118999 114.000624990365 95.3913411218736 17.7307582473032 0.149718913024896 0.356043202512975
51.8000000000005 33.1973763458347 114.017957963655 95.3805655456412 17.7951735070626 0.150594906290086 0.355413641254118
51.9000000000005 33.2649427043277 114.035150994548 95.370448518955 17.8597278117971 0.15135386563535 0.35503330594588
52.0000000000005 33.3325118396888 114.052187904193 95.3609889791471 17.924425948322 0.151993781531782 0.35490741111306
52.1000000000005 33.4000914517971 114.069052543728 95.3521850842153 17.9892725314248 0.152512452460496 0.355051365279504
52.2000000000005 33.4676892712472 114.085728817316 95.3440342066733 18.0542719951834 0.152906227261395 0.355498710439677
52.3000000000005 33.5353130341752 114.102200706543 95.3365329212679 18.119428582687 0.153171337407642 0.356285278948514
52.4000000000005 33.6029704558819 114.11845229534 95.3296769902789 18.1847463351272 0.153304368990275 0.357449280969873
52.5000000000005 33.6706692034076 114.134467794936 95.3234613487271 18.2502290808648 0.153302304038453 0.359031619887531
52.6000000000005 33.7384168671377 114.150231568802 95.3178800895815 18.3158804244972 0.153162561132689 0.361076253003823
52.7000000000005 33.8062209315224 114.1657281576 95.3129264489667 18.3817037359253 0.15288303542027 0.363630600644103
52.8000000000005 33.8740887450036 114.180942304132 95.3085927913709 18.4477021394201 0.152462138259447 0.366746006534024
52.9000000000005 33.9420274892548 114.195858978286 95.3048705948527 18.5138785026904 0.151898836853889 0.370478251849937
53.0000000000005 34.0100441478442 114.210463401985 95.3017504362491 18.5802354259493 0.151192694395048 0.374888124299459
53.1000000000005 34.0781454744775 114.224741074095 95.2992219766492 18.6467752310316 0.150345001913589 0.379909596388846
53.2000000000005 34.1463379618069 114.238677794348 95.2972739537946 18.7134999518157 0.149361965815072 0.385436950406084
53.3000000000005 34.2146278127852 114.25225968475 95.2958941920618 18.7804113279584 0.148251227827367 0.391477988334606
53.4000000000005 34.2830209141112 114.26547321 95.2950696193713 18.8475107999335 0.147020724188303 0.398043561375099
53.5000000000005 34.3515228111859 114.278305197872 95.294786284363 18.914799504122 0.145678666034522 0.405147333654835
53.6000000000005 34.4201386845878 114.290742859598 95.2950293735715 18.9822782679008 0.144233522691746 0.41280552720985
53.7000000000005 34.4888733280967 114.302773810251 95.2957832286016 19.0499476047328 0.142694008421173 0.421036631562776
53.8000000000005 34.5577311282842 114.314386089121 95.2970313633033 19.1178077092558 0.141069073146471 0.429861058899035
53.9000000000005 34.6267160456818 114.325568180104 95.2987564809479 19.1858584523724 0.139367897646903 0.439300722931493
54.0000000000005 34.6958315975252 114.336309032078 95.3009404914027 19.2540993763391 0.137599893649522 0.449378516027186
54.1000000000005 34.7650808420863 114.346598079176 95.3035645283672 19.3225296898859 0.135775244180531 0.460155819076375
54.2000000000005 34.8344663649915 114.356425258081 95.3066089681876 19.3911482641189 0.133906532445649 0.471664489057083
54.3000000000005 34.9039902683899 114.365781017801 95.3100534526769 19.4599536304096 0.132007160668626 0.483877966568085
54.4000000000005 34.9736541626584 114.37465632647 95.3138769135133 19.5289439790674 0.130090805540138 0.496760659992656
54.5000000000005 35.0434591602866 114.383042678032 95.3180575966997 19.598117158042 0.128171404284015 0.510265710064498
54.6000000000005 35.1134058718712 114.390932098939 95.3225730870221 19.6674706716257 0.126263139648451 0.524332610410389
54.7000000000005 35.1834944041551 114.39831715483 95.3274003325096 19.7370016791561 0.124380421952851 0.538884754157863
54.8000000000005 35.2537243600427 114.405190957228 95.332515668893 19.8067069937186 0.122537866015529 0.553827015744715
54.9000000000005 35.3240948405139 114.411547170222 95.3378948440641 19.8765830808486 0.120750260525055 0.56904352333392
55.0000000000005 35.3946044483585 114.41738001716 95.3435130425348 19.9466260572341 0.119032527246472 0.584395828002001
55.1000000000005 35.465251293618 114.422684287324 95.3493449099438 20.0168316893847 0.117399729805842 0.599657959240976
55.2000000000005 35.5360329998993 114.427455342344 95.3553645787931 20.0871953914265 0.115867141604639 0.614571306787145
55.3000000000005 35.6069467103059 114.431689121924 95.3615456973092 20.1577122206803 0.114449877921548 0.628915487428514
55.4000000000005 35.6779890941438 114.435382149299 95.367861459534 20.2283768723648 0.113162703725483 0.642452934801583
55.5000000000005 35.7491563550558 114.43853153669 95.3742846354632 20.299183674268 0.112019899561222 0.654934416378468
55.6000000000005 35.8204442404989 114.441134990752 95.3807876011852 20.3701265814167 0.111035113610946 0.666106462014568
55.7000000000005 35.8918480524512 114.44319081802 95.3873423690191 20.4411991707476 0.110221204000174 0.675720540425079
55.8000000000005 35.9633626592356 114.444697930364 95.3939206176536 20.5123946357775 0.109590077203875 0.68354357883022
55.9000000000005 36.0349825083511 114.445655850435 95.4004937222853 20.5837057812736 0.109152530012699 0.689369171201568
56.0000000000005 36.1067016402039 114.446064717115 95.4070327847572 20.6551250179241 0.108918103696147 0.693028605934546
56.1000000000005 36.178513702738 114.445925290757 95.4135086637662 20.7266443571042 0.108895766701085 0.694253591439616
56.2000000000005 36.2504119694618 114.445238952961 95.4198920068567 20.798255408132 0.109096007298529 0.69275744993225
56.3000000000005 36.3223893651999 114.444007692469 95.4261532869509 20.8699493818426 0.109527885310764 0.688439437270923
56.4000000000005 36.3944384957778 114.442234085606 95.4322628406649 20.9417170966533 0.110198038856257 0.681285183151667
56.5000000000005 36.4665516790132 114.439921276503 95.4381909066949 21.0135489847222 0.11111062107663 0.671367632339141
56.6000000000005 36.5387209767543 114.437072957321 95.4439076642015 21.0854350981092 0.112267312486039 0.658841809841659
56.7000000000005 36.6109382277994 114.433693348474 95.4493832711961 21.1573651149352 0.113667407124132 0.64393401348501
56.8000000000005 36.6831950815361 114.429787178861 95.4545879029256 21.2293283455425 0.115307964790183 0.626926736430292
56.9000000000005 36.7554830321351 114.425359666083 95.4594917902581 21.3013137386542 0.117184016833637 0.608141068108522
57.0000000000005 36.8277934531352 114.420416496672 95.4640652580682 21.3733098875343 0.119288809890676 0.587918449134926
57.1000000000005 36.900117632217 114.414963806341 95.4682787635918 21.4453050361154 0.121614074696186 0.566648977100308
57.2000000000005 36.9724468051075 114.409008160831 95.4721029339911 21.5172870842825 0.124150380665052 0.544705274915536
57.3000000000005 37.0447721870189 114.402556538309 95.4755086019122 21.5892435910174 0.126887505858757 0.52238678730482
57.4000000000005 37.1170850029092 114.395616312361 95.4784668402536 21.6611617766987 0.129814676966712 0.499960328701969
57.5000000000005 37.1893765173169 114.38819523501 95.4809489969028 21.7330285253706 0.132920766205222 0.477656102028784
57.6000000000005 37.2616380636655 114.380301419738 95.4829267294743 21.8048303870109 0.136194457063963 0.455666422006321
57.7000000000006 37.3338610728962 114.371943324503 95.4843720400467 21.8765535797991 0.139624378333565 0.434146564942978
57.8000000000006 37.4060371012856 114.36312973476 95.4852573099002 21.9481839923849 0.143199207797905 0.413217144779699
57.9000000000006 37.4781578573042 114.35386974648 95.4855553342539 22.019707186156 0.146907748314517 0.39296746352016
58.0000000000006 37.5502152273703 114.34417274917 95.4852393570034 22.091108397507 0.150738979814123 0.373459372659482
58.1000000000006 37.6222013004301 114.334048408814 95.4842831054559 22.1623725401729 0.154682199797051 0.354674495108352
58.2000000000006 37.6941083931313 114.323506648837 95.4826608250221 22.2334842092822 0.158727265531289 0.336577695573169
58.3000000000006 37.7659290785794 114.312557626042 95.4803473137939 22.3044276897711 0.162864101354191 0.319177202800963
58.4000000000006 37.8376562155762 114.301211704559 95.4773179570787 22.3751869665152 0.167082567691477 0.302469471552108
58.5000000000006 37.9092829762761 114.28947942973 95.4735487619307 22.445745734529 0.17137245698878 0.286441445697676
58.6000000000006 37.9808028720033 114.27737150198 95.4690163916834 22.5160874091635 0.175723484810555 0.271072553588339
58.7000000000006 38.0522097770412 114.264898750701 95.4636982004816 22.5861951363051 0.180125278180598 0.256336427657061
58.8000000000006 38.1234979502049 114.252072108126 95.4575722678132 22.6560518025741 0.18456736303975 0.242202356516268
58.9000000000006 38.1946620540067 114.23890258321 95.4506174330415 22.7256400455229 0.189039152496258 0.228636488071162
59.0000000000006 38.2656971712238 114.225401235506 95.442813329937 22.7949422638347 0.19352993735438 0.215602807830514
59.1000000000006 38.3365988187328 114.211579149128 95.4341404209545 22.8639406275649 0.198029626132632 0.203213233294457
59.2000000000006 38.4073629599131 114.197447408935 95.4245800248751 22.9326170894925 0.202531029037009 0.19155420996244
59.3000000000006 38.4779860183456 114.183017082331 95.4141143276074 23.0009533992932 0.207027680439289 0.180555163694614
59.4000000000006 38.5484648912202 114.168299203293 95.4027263863541 23.0689311188218 0.211513059094722 0.170151529416278
59.5000000000006 38.6187969611563 114.153304756473 95.3904001335231 23.1365316374382 0.215980547684414 0.160284278802659
59.6000000000006 38.688980106338 114.138044661312 95.3771203806389 23.2037361873333 0.220423400296176 0.150899451520975
59.7000000000006 38.7590127089192 114.122529756143 95.3628728222538 23.2705258588549 0.224834717446803 0.141947702451797
59.8000000000006 38.8288936616456 114.1067707823 95.3476440398595 23.3368816158332 0.229207428327818 0.13338387249443
59.9000000000006 38.898622372642 114.090778368227 95.3314215057982 23.4027843109068 0.233534280018158 0.125166587131471
60.0000000000006 38.9681987683108 114.074563013584 95.3141935871738 23.4682147008485 0.237807833461202 0.11725788457894
60.1000000000006 39.0376232942773 114.058135073391 95.2959495498585 23.5331534619172 0.242020044625651 0.10963219480582
60.2000000000006 39.1068969140447 114.041504743097 95.2766795649729 23.5975812058827 0.246161012854218 0.10226907221221
60.3000000000006 39.176021104527 114.024682045998 95.2563747216437 23.661478497762 0.250220273101471 0.0951417490602079
60.4000000000006 39.2449978482793 114.007676821579 95.2350270422363 23.7248258742277 0.254187254089059 0.0882248997000192
60.5000000000006 39.3138296224812 113.990498713897 95.2126294976813 23.7876038620431 0.258051322271127 0.0814945144787972
60.6000000000006 39.3825193846095 113.973157159957 95.1891760228016 23.8497929964979 0.261801833014817 0.0749277724939681
60.7000000000006 39.4510705547458 113.95566137809 95.1646615316392 23.9113738398421 0.26542818865978 0.0685029141747399
60.8000000000006 39.5194869944773 113.938020356337 95.1390819327822 23.9723269997221 0.268919903003586 0.0621991142237034
60.9000000000006 39.5877729823635 113.920242840824 95.112434144692 24.0326331476149 0.272266671640304 0.0559963550839923
61.0000000000006 39.6559331859655 113.902337324142 95.0847161110299 24.0922730372636 0.275458447458907 0.049875300830197
61.1000000000006 39.7239726305645 113.884312033865 95.05592681566 24.1512275231308 0.278486588010048 0.0439582223221643
61.2000000000006 39.7918966676773 113.866174924648 95.0260662892203 24.2094775793345 0.281347076978802 0.0383618036726313
61.3000000000006 39.8597109492525 113.847933679426 94.9951355942917 24.2670043198082 0.284037258110483 0.0330611394172251
61.4000000000006 39.9274214043135 113.829595714185 94.9631368021351 24.3237890189437 0.28655476093522 0.0280341839727973
61.5000000000006 39.9950342155003 113.81116818288 94.9300729691049 24.3798131322517 0.288897505842296 0.0232614082659455
61.6000000000006 40.0625557954878 113.792657982352 94.8959481130618 24.4350583170234 0.291063708497171 0.0187254986720458
61.7000000000006 40.1299927633676 113.774071757241 94.860767189786 24.4895064529913 0.293051883249321 0.0144110924378349
61.8000000000006 40.1973519210709 113.755415904898 94.8245360693904 24.5431396629901 0.294860845251891 0.010304544640209
61.9000000000006 40.2646402299054 113.736696580309 94.7872615127338 24.5959403336181 0.296489711072719 0.00639372244350128
62.0000000000006 40.3318647872704 113.717919701 94.7489511478337 24.6478911358982 0.297937897642504 0.00266782305519906
62.1000000000006 40.399032803576 113.699090951995 94.7096134462854 24.6989750459114 0.299205175326536 -0.000863874176536814
62.2000000000006 40.4661515785651 113.680215791715 94.6692576998315 24.7491753647211 0.300291861035353 -0.00419118654547069
62.3000000000006 40.5332284757618 113.661299460294 94.6278939973136 24.7984757364956 0.30119869533287 -0.00732189463081087
62.4000000000006 40.6002708965399 113.642346988838 94.5855332017741 24.8468601659204 0.301926782534572 -0.0102628496747648
62.5000000000006 40.6672862547373 113.62336320873 94.5421869275643 24.8943130355838 0.302477576609702 -0.0130200810378473
62.6000000000006 40.7342819519033 113.604352760929 94.4978675174524 24.9408191233624 0.302852864769075 -0.0155988910689671
62.7000000000006 40.8012653532188 113.585320105265 94.4525880197314 24.9863636198061 0.303054748909692 -0.0180039386030445
62.8000000000006 40.8682437641261 113.566269529747 94.4063621653268 25.0309321455239 0.303085625123718 -0.0202393121349264
62.9000000000006 40.9352244076939 113.547205159857 94.3592043449049 25.0745107685691 0.302948161508174 -0.0223085935418341
63.0000000000006 41.0022144027379 113.528130967853 94.3111295859805 25.1170860218243 0.302645274531655 -0.0242149131128017
63.1000000000006 41.0692207427752 113.509050782101 94.2621535299527 25.1586449204241 0.302180186381988 -0.0259256082980355
63.2000000000006 41.1362502774762 113.489968297256 94.2122924072728 25.1991749801265 0.301556581946498 -0.0274073506422607
63.3000000000006 41.2033096993297 113.470887086599 94.1615630078666 25.2386642380972 0.300778222386919 -0.0286615848916481
63.4000000000006 41.2704055329442 113.451810615221 94.1099826496891 25.2771012746436 0.299848817201255 -0.0296892791184889
63.5000000000006 41.3375441252942 113.432742253241 94.0575691472067 25.3144752349857 0.298771996137039 -0.0304909478264189
63.6000000000006 41.4047316367713 113.413685289021 94.0043407798799 25.3507758510265 0.29755128336826 -0.0310666640130418
63.7000000000006 41.4719740329627 113.39464294239 93.950316260645 25.3859934631232 0.296190074099192 -0.031416060188443
63.8000000000006 41.5392770770761 113.375618377854 93.8955147043971 25.4201190418573 0.29469161371706 -0.0315383181952416
63.9000000000006 41.6066463229251 113.356614717816 93.8399555964721 25.4531442098056 0.293058979571871 -0.0314321475423844
64.0000000000006 41.6740871083924 113.337635055797 93.7836587611293 25.4850612633109 0.291295065422696 -0.0310957517988433
64.1000000000006 41.7416045492101 113.318682469613 93.7266443300264 25.5158631940543 0.289403323313136 -0.0305702149540405
64.2000000000006 41.809203531203 113.299760033666 93.6689327105132 25.5455437054632 0.287390074891761 -0.0298954988427909
64.3000000000006 41.87688869873 113.280870828955 93.6105445534622 25.5740972160132 0.285262321698426 -0.0290674472239788
64.4000000000006 41.9446644431995 113.26201795219 93.5515007209172 25.6015188573655 0.283026961795077 -0.0280815330604339
64.5000000000006 42.0125348936577 113.243204524872 93.4918222537355 25.6278044723064 0.280690747906555 -0.0269328424143562
64.6000000000006 42.0805039094508 113.224433702379 93.4315303392295 25.652950612686 0.27826024890405 -0.0256160535660907
64.7000000000006 42.1485750748757 113.205708683039 93.3706462788082 25.676954537358 0.275741814841101 -0.0241254111009043
64.8000000000006 42.2167516957308 113.187032717219 93.3091914556193 25.6998142101182 0.273141545696406 -0.0224546946247304
64.9000000000006 42.285036797671 113.168409116398 93.2471873021909 25.7215282976442 0.270465263920387 -0.0205971816782326
65.0000000000006 42.3534331262722 113.149841262255 93.1846552680729 25.7420961674346 0.26771849083703 -0.0185456043298446
65.1000000000006 42.421943148691 113.131332615717 93.1216167875268 25.7615178858339 0.264906004272668 -0.0163103736928948
65.2000000000006 42.490569056484 113.11288672525 93.0580932484513 25.7797942183061 0.262030573991209 -0.0139021838597263
65.3000000000006 42.5593127686114 113.094507233233 92.9941059644455 25.79692663541 0.259094256896945 -0.0113131197374546
65.4000000000006 42.6281759345136 113.076197881562 92.9296761481097 25.8129173210229 0.256098827225806 -0.00853432984913938
65.5000000000006 42.6971599373866 113.05796251723 92.8648248843927 25.8277691806501 0.253045781788849 -0.00555589772275418
65.6000000000005 42.7662658976171 113.039805097913 92.7995731039393 25.8414858497345 0.249936346896888 -0.00236669530308037
65.7000000000005 42.8354946763318 113.021729697541 92.7339415564386 25.854071701966 0.246771486857633 0.00104578441337625
65.8000000000005 42.9048468790247 113.003740511887 92.6679507839708 25.8655318575917 0.243551913951253 0.00469561880971967
65.9000000000005 42.9743228592309 112.98584186414 92.6016210943554 25.8758721917246 0.240278099811358 0.00859867509991234
66.0000000000005 43.0439227222229 112.968038210491 92.5349725344988 25.885099342654 0.236950288163497 0.0127728624421656
66.1000000000005 43.1136463286439 112.95033414563 92.468024863812 25.8932207199621 0.23356917465767 0.0171486112299669
66.2000000000005 43.183493296393 112.932734406268 92.4007975294542 25.9002445076344 0.230137955303038 0.0216533394944921
66.3000000000005 43.2534629985903 112.915243869598 92.3333096462103 25.9061796544594 0.226660392526657 0.0263029142811824
66.4000000000005 43.323554561183 112.897867549777 92.2655799781946 25.9110358594222 0.223140143379043 0.0311143432996945
66.5000000000005 43.3937668620774 112.880610594324 92.1976269206241 25.914823556905 0.219580745379037 0.0361059210703136
66.6000000000005 43.4640985318361 112.863478280527 92.1294684815921 25.9175539018876 0.215985605016669 0.0412973912356461
66.7000000000005 43.5345479559064 112.846476011839 92.0611222638418 25.9192387551482 0.212357988930072 0.0467101272625451
66.8000000000005 43.6051132783437 112.829609314281 91.9926054465397 25.9198906684638 0.208701017773409 0.052367334054536
66.9000000000005 43.6757924069936 112.812883832847 91.9239347670494 25.9195228698112 0.20501766280059 0.0582942732445918
67.0000000000005 43.7465830200975 112.796305327903 91.8551265027048 25.9181492485672 0.201310745199088 0.0645185153092803
67.1000000000005 43.8174825741679 112.779879671544 91.7861964527186 25.9157843406491 0.197583093662455 0.0709998466290826
67.2000000000005 43.8884883101483 112.763612842859 91.7171599235857 25.9124433120793 0.193838082094034 0.0776941260836845
67.3000000000005 43.9595972532397 112.747510920391 91.6480317233615 25.908141938554 0.190079276478899 0.0846260356320568
67.4000000000004 44.0308062113201 112.731580073511 91.5788261594358 25.9028965834358 0.1863102838415 0.0918218349335524
67.5000000000004 44.1021117749401 112.715826553735 91.5095570364415 25.896724175686 0.182534741782974 0.0993094955870403
67.6000000000004 44.1735103189843 112.700256686054 91.4402376541622 25.8896421877976 0.178756310959714 0.107118838460676
67.7000000000004 44.2449980059628 112.684876860255 91.3708808054416 25.8816686137277 0.174978670477245 0.115281671804755
67.8000000000004 44.3165707908928 112.669693522245 91.3014987740913 25.8728219468297 0.17120551616965 0.123831926978107
67.9000000000004 44.3882244277304 112.654713165378 91.232103332799 25.863121157786 0.16744056172863 0.132805787395005
68.0000000000004 44.4599544773069 112.639942321779 91.1627057410378 25.8525856725406 0.163687542643931 0.142241804853042
68.1000000000004 44.5317563167405 112.625387553633 91.0933167429668 25.841235350212 0.159950262297167 0.152147098966549
68.2000000000004 44.6036251506831 112.61105544365 91.0239465651567 25.8290904604917 0.156232696929893 0.162526841032281
68.3000000000004 44.675556025022 112.596952583424 90.9546049138659 25.8161716597397 0.152538847409672 0.173419764711454
68.4000000000004 44.7475438423601 112.583085560954 90.8853009721406 25.802499966566 0.148872703027385 0.184866229287402
68.5000000000004 44.8195833788114 112.569460948142 90.8160433969072 25.788096737392 0.145238251806313 0.196908084545797
68.6000000000004 44.8916693020308 112.556085288289 90.7468403160659 25.772983642012 0.141639492344168 0.209588455607381
68.7000000000004 44.9637961904126 112.542965083585 90.6776993255835 25.7571826391555 0.138080446958607 0.222951427154922
68.8000000000004 45.035958553392 112.53010678261 90.6086274865859 25.7407159520478 0.134565175876595 0.237041602621294
68.9000000000004 45.1081508527867 112.517516767822 90.5396313224519 25.7236060439728 0.131097792170212 0.25190350991784
69.0000000000004 45.1803675251125 112.505201343058 90.4707168159053 25.7058755938336 0.127682477092388 0.267580821004537
69.1000000000004 45.2526030046656 112.493166721054 90.4018894062676 25.6875474716704 0.124323785084275 0.284072109624198
69.2000000000003 45.3248517437064 112.481419011735 90.3331539908385 25.6686447130214 0.121027599675211 0.301354650046368
69.3000000000003 45.3971082240446 112.469964212456 90.2645149367616 25.6491904903492 0.117800392527528 0.319429877046483
69.4000000000003 45.4693669659425 112.458808199002 90.1959760970176 25.6292080833119 0.114648936913258 0.338284563272675
69.5000000000003 45.5416225379093 112.447956716617 90.1275408265784 25.6087208489888 0.111580284466629 0.357887258022971
69.6000000000003 45.6138695674426 112.437415371043 90.0592119985596 25.5877521921066 0.108601732462003 0.378184365093684
69.7000000000003 45.6861027526188 112.427189619546 89.9909920203739 25.5663255352657 0.105720779115874 0.399095982592685
69.8000000000003 45.7583168744352 112.417284761954 89.9228828498842 25.5444642891663 0.102945064276471 0.420511707200211
69.9000000000003 45.8305068098027 112.407705931685 89.8548860115568 25.5221918228345 0.100282292871756 0.44228670105929
70.0000000000003 45.9026675450844 112.39845808678 89.7870026126142 25.4995314338483 0.0977401387049578 0.464238425245263
70.1000000000003 45.9747941900983 112.38954600096 89.7192333591419 25.4765063186237 0.095325989222092 0.486261243401581
70.2000000000003 46.0468819930186 112.380974255305 89.6515785709743 25.453139544257 0.093046455380386 0.508236499353227
70.3000000000003 46.1189263568974 112.372747231509 89.5840381934856 25.4294540243163 0.0909077483081693 0.529904428589616
70.4000000000003 46.190922856775 112.36486910576 89.5166118081603 25.4054724961902 0.088915685885212 0.550970381041521
70.5000000000003 46.2628672567405 112.357343842642 89.4492986431165 25.3812174984954 0.0870755304174247 0.571110310313707
70.6000000000003 46.3347555268469 112.350175189036 89.3820975836305 25.3567113484848 0.0853918126410339 0.589979406010191
70.7000000000003 46.4065838598072 112.343366668028 89.3150071826598 25.3319761194557 0.0838681480533016 0.607223882492429
70.8000000000003 46.4783486873934 112.336921572804 89.2480256713674 25.3070336181575 0.0825070534933278 0.6224955454828
70.9000000000002 46.5500466964645 112.330842960559 89.1811509696451 25.2819053621996 0.0813097734610977 0.635468309601283
71.0000000000002 46.6216748445441 112.325133646397 89.1143806966376 25.2566125574597 0.0802761265530677 0.645855410247836
71.1000000000002 46.6932303748248 112.319796197278 89.0477121812963 25.2311760755321 0.0794045253240746 0.653507318904771
71.2000000000002 46.7647108293781 112.314832927133 88.98114247372 25.2056164322282 0.0786924041097039 0.658330316735891
71.3000000000002 46.8361140586937 112.310245894942 88.9146683584914 25.1799537687469 0.078135885907194 0.660214867586299
71.4000000000002 46.9074382293622 112.306036903973 88.8482863688007 25.1542078338975 0.077729645410502 0.65912767172772
71.5000000000002 46.9786818309949 112.302207501072 88.7819928005993 25.1283979663631 0.0774669371887298 0.655112720778695
71.6000000000002 47.0498436823691 112.298758975951 88.7157837267528 25.1025430769632 0.0773396658002688 0.648287296959651
71.7000000000002 47.120922936735 112.295692360475 88.6496550111952 25.0766616309171 0.0773384930617333 0.638833448380428
71.8000000000002 47.1919190862269 112.29300842795 88.5836023230822 25.0507716301072 0.077452975296049 0.626985969201238
71.9000000000002 47.2628319653193 112.290707692413 88.5176211509447 25.024890595342 0.077671721863575 0.613018220695347
72.0000000000002 47.3336617532692 112.288790407914 88.4517068168425 24.9990355486189 0.0779825657463801 0.59722721203096
72.1000000000002 47.4044089754405 112.28725656788 88.3858544904942 24.9732229955834 0.0783731121804108 0.58030502385073
72.2000000000002 47.4750745022006 112.28610590627 88.3200592027926 24.9474689130641 0.0788322859853645 0.562891122808531
72.3000000000002 47.5456595434302 112.285337903316 88.2543158577603 24.9217887494975 0.0793497651394653 0.54519322530349
72.4000000000002 47.6161656408023 112.284951793066 88.1886192438908 24.8961974304304 0.0799157192607452 0.527392113708919
72.5000000000002 47.6865946591601 112.28494657099 88.1229640454656 24.8707093642165 0.0805208388426194 0.509641443772802
72.6000000000002 47.756948777077 112.285321001597 88.0573448538721 24.8453384477136 0.0811563507491639 0.492068699060095
72.7000000000001 47.8272304766333 112.286073626042 87.9917561789207 24.8200980719815 0.0818140222967762 0.474776946698203
72.8000000000001 47.8974425324445 112.287202769737 87.9261924601622 24.7950011279784 0.082486156210953 0.457847092922683
72.9000000000001 47.9675879999704 112.288706549966 87.8606480782054 24.7700600122585 0.0831655785932441 0.441340392706242
73.0000000000001 48.0376702031422 112.290582883489 87.7951173660342 24.7452866326694 0.0838456217846744 0.425301025285844
73.1000000000001 48.107692721372 112.292829494122 87.7295946203005 24.7206924140109 0.0845198871510896 0.409746768579431
73.2000000000001 48.1776593768601 112.295443919264 87.6640741119622 24.6962883027086 0.085181565679919 0.394698930911843
73.3000000000001 48.2475742235851 112.298423513806 87.5985500952645 24.6720847689842 0.0858240585550522 0.38018632518527
73.4000000000001 48.3174415365066 112.301765452998 87.5330168160667 24.6480918080394 0.0864411807448403 0.366226905638647
73.5000000000001 48.3872658001011 112.30546673528 87.4674685201443 24.6243189412027 0.0870271488450124 0.352829660253054
73.6000000000001 48.4570516962235 112.309524185107 87.4018994614905 24.6007752170756 0.0875765679642574 0.339996299539243
73.7000000000001 48.5268040913258 112.313934455783 87.3363039106191 24.5774692126787 0.0880844182011418 0.327722736153255
73.8000000000001 48.5965280230619 112.318694032282 87.2706761628657 24.5544090345982 0.0885460411079103 0.316000361236671
73.9000000000001 48.666228686315 112.323799234087 87.20501054669 24.5316023201324 0.0889571264127983 0.304817130527504
74.0000000000001 48.7359114186801 112.329246218008 87.1393014319779 24.5090562384377 0.0893136991683936 0.294158477597431
74.1000000000001 48.8055816854043 112.335030981032 87.0735432383271 24.4867774918401 0.0896125856058066 0.284232393196259
74.2000000000001 48.8752450629322 112.341149363504 87.0077304429147 24.4647723214359 0.0898529047196557 0.275219375446415
74.3000000000001 48.9449072198133 112.347597053186 86.9418575873016 24.4430465235802 0.0900347265751059 0.267064477219464
74.4 49.0145738966862 112.354369589652 86.8759192838186 24.4216054706651 0.090158568109478 0.259715840624591
74.5 49.0842508863595 112.361462368703 86.809910221936 24.400454132063 0.0902253517307456 0.253124657783056
74.6 49.1539440140916 112.368870646777 86.7438251746342 24.379597095069 0.0902363672088973 0.24724504102959
74.7 49.2236591181299 112.376589545364 86.6776590047726 24.3590385858447 0.0901932364797683 0.242033830003751
74.8 49.2934020305667 112.384614055417 86.6114066714604 24.3387824903604 0.0900978810396082 0.237450356188202
74.9 49.3631785585628 112.392939041764 86.5450632364261 24.318832375339 0.0899524916704606 0.233456180094608
75 49.4329944659883 112.401559247517 86.4786238703873 24.2991915091983 0.0897595002891951 0.230014812309292
75.1 49.5028554555425 112.41046929845 86.4120838594029 24.2798628829644 0.0895213685708217 0.22712945492167
75.2 49.5727671518772 112.419663706249 86.3454386107666 24.260849230401 0.0892400241442901 0.224812340006794
75.3 49.6427350864758 112.429136868975 86.2786836577334 24.2421530461509 0.0889174235640841 0.22304237685004
75.4 49.7127646834531 112.438883070395 86.2118146637883 24.2237766030934 0.0885557242801266 0.2217990952628
75.5 49.7828612457947 112.44889647929 86.144827426896 24.2057219696728 0.0881572689717656 0.221062465326047
75.6 49.8530299420459 112.459171148749 86.0777178837517 24.1879910272255 0.0877245712341939 0.22081269810346
75.7 49.9232757934747 112.469701015471 86.010482114031 24.170585487308 0.0872603026049048 0.221030029111157
75.8 49.9936036617297 112.480479899069 85.9431163446409 24.1535069090249 0.0867672809228334 0.221694485779219
75.9 50.0640182370144 112.491501501359 85.8756169539692 24.1367567163564 0.0862484600159612 0.222785639797957
76 50.1345240267915 112.502759405673 85.8079804761357 24.1203362154863 0.0857069207109799 0.224282345162766
76.1 50.2051253449956 112.514247076103 85.7402036052709 24.1042466121348 0.0851457499384173 0.226225751117622
76.1999999999999 50.2758263008607 112.525957855632 85.6722832005462 24.0884890290361 0.0845677134928453 0.228660373183456
76.2999999999999 50.3466307858982 112.537884961366 85.604216293111 24.0730645237782 0.0839756260774917 0.231568213752916
76.3999999999999 50.4175424604503 112.550021478642 85.5360000937793 24.0579741067882 0.0833724712518176 0.23492938960241
76.4999999999999 50.4885647407269 112.562360355089 85.4676320007473 24.0432187593216 0.0827614056471117 0.238721738832269
76.5999999999999 50.5597007863768 112.57489439469 85.3991096073087 24.0287994514522 0.0821457650449841 0.242920387060507
76.6999999999999 50.6309534886024 112.587616251839 85.330430709572 24.0147171600618 0.0815290722314872 0.247497274077724
76.7999999999999 50.7023254588304 112.600518425405 85.2615933141764 24.0009728868305 0.0809150464976083 0.252420644452153
76.8999999999999 50.7738190179468 112.613593252792 85.1925956460086 23.9875676762261 0.0803076146075435 0.257654508402949
76.9999999999999 50.8454361861061 112.626832903999 85.1234361559189 23.974502633494 0.0797109229962303 0.263158083275982
77.0999999999999 50.9171786731824 112.640229375707 85.0541135283958 23.9617789425613 0.0791291693004563 0.268813496936975
77.1999999999999 50.9890478713674 112.65377448597 84.9846266881463 23.9493978817077 0.078566044714396 0.274509508955062
77.2999999999999 51.0610448522458 112.667459870457 84.9149748038992 23.9373608335687 0.0780252414346932 0.280208183309077
77.3999999999999 51.1331703658403 112.681276979299 84.8451572911146 23.9256692929055 0.077510630918565 0.285867219936547
77.4999999999999 51.2054248401031 112.695217073967 84.7751738146513 23.9143248742893 0.0770262653495909 0.291439848294836
77.5999999999999 51.2778083807989 112.709271224142 84.7050242914334 23.9033293197857 0.0765763773953226 0.296874826735839
77.6999999999999 51.3503207717827 112.723430304588 84.6347088931187 23.8926845066386 0.0761653778793912 0.302116576328673
77.7999999999999 51.4229614756798 112.737684992028 84.564228048765 23.8823924549548 0.0757978509855776 0.307105478485317
77.8999999999998 51.4957296349765 112.752025762013 84.4935824474981 23.8724553353879 0.075478546624547 0.311778364856081
77.9999999999998 51.5686240735281 112.766442885801 84.4227730411785 23.8628754768229 0.0752123696291881 0.316069224205844
78.0999999999998 51.6416432984506 112.780926427199 84.3518010471171 23.8536553740144 0.0750041260992163 0.31993354571962
78.1999999999998 51.7147855012574 112.795466238777 84.2806679520339 23.8447976940368 0.0748578157088745 0.323341020145034
78.2999999999998 51.788048556367 112.810051956448 84.2093755191744 23.8363052797174 0.0747773849154233 0.326245481745129
78.3999999999998 51.8614300187461 112.824672993413 84.1379257966705 23.8281811518811 0.0747669630990199 0.328601700418003
78.4999999999998 51.9349271218362 112.839318534075 84.0663211259483 23.8204285115495 0.0748308500515899 0.330366428878971
78.5999999999998 52.0085367758287 112.853977527962 83.9945641501365 23.8130507421396 0.0749735006749581 0.331499549442585
78.6999999999998 52.0822555663154 112.868638683642 83.9226578224745 23.806051411663 0.0751995070939561 0.331965284299848
78.7999999999998 52.1560797533381 112.883290462643 83.8506054147212 23.7994342749249 0.0755135785211419 0.331733422428806
78.8999999999998 52.2300052708672 112.89792107337 83.7784105255625 23.7932032757227 0.0759205193447518 0.330780506945883
78.9999999999998 52.3040277267386 112.912518465023 83.70607708902 23.7873625490456 0.0764252060397417 0.329090920457334
79.0999999999998 52.3781424031271 112.927070321584 83.6336093828352 23.7819164231654 0.0770321880127121 0.326585980110057
79.1999999999998 52.4523442586908 112.941564057556 83.5610120362242 23.7768694189323 0.0777444737341421 0.323227823946233
79.2999999999998 52.5266279340624 112.955986818152 83.4882900360371 23.7722262419731 0.0785645313856511 0.319075330359037
79.3999999999998 52.6009877587423 112.970325481248 83.4154487322878 23.767991772093 0.079494646317996 0.314195356225882
79.4999999999998 52.675417758253 112.984566659388 83.3424938436602 23.7641710525701 0.08053692526445 0.308661158026059
79.5999999999998 52.7499116615256 112.998696701805 83.2694314630138 23.7607692794504 0.0816933060053438 0.302550647081958
79.6999999999997 52.8244629085342 113.012701696429 83.1962680628897 23.757791790842 0.0829655720558225 0.295944567923606
79.7999999999997 52.8990646581977 113.026567471904 83.1230105010167 23.7552440562096 0.084355371790455 0.288924688137111
79.8999999999997 52.9737097965661 113.040279599598 83.049666025817 23.7531316656696 0.0858642412976554 0.281572080675331
79.9999999999997 53.0483909453154 113.053823395622 82.9762422819119 23.7514603192839 0.0874936301834924 0.273965566574944
80.0999999999997 53.1231004706514 113.067183922918 82.9027473155617 23.7502358163205 0.0892447305586286 0.266104161105745
80.1999999999997 53.1978304946489 113.080345995466 82.8291895783766 23.7494640436161 0.0911178203158588 0.258000344219074
80.2999999999997 53.2725729121738 113.09329418784 82.7555779266399 23.7491509616613 0.0931127408497081 0.249745519935752
80.3999999999997 53.3473194100713 113.10601284687 82.6819216189037 23.7493025897884 0.0952291184832588 0.241423368475609
80.4999999999997 53.422061486584 113.118486103389 82.6082303135172 23.7499249913247 0.0974664092646451 0.233109028306969
80.5999999999997 53.4967904709147 113.130697883978 82.5345140661557 23.7510242587461 0.0998239418293896 0.224868667590637
80.6999999999997 53.5714975429303 113.142631922712 82.4607833273491 23.7526064988304 0.102300957357017 0.216759398450963
80.7999999999997 53.6461737530038 113.154271772903 82.3870489400107 23.7546778178102 0.104896645911493 0.208829476712175
80.8999999999997 53.7208100419894 113.165600818847 82.313322136966 23.7572443065272 0.107610178697711 0.201118725508695
80.9999999999997 53.7953972613284 113.176602287572 82.2396145384811 23.7603120255845 0.110440735978721 0.193659122331759
81.0999999999997 53.8699261932586 113.187259260636 82.1659381498223 23.7638869904721 0.113387332618024 0.186430176398816
81.1999999999997 53.9443875705317 113.197554687464 82.0923053596068 23.7679751559448 0.116448246902861 0.179415807385084
81.2999999999997 54.0187720945934 113.207471402547 82.0187289401652 23.7725823985062 0.119621639166939 0.17264336200274
81.3999999999997 54.0930704529977 113.216992144177 81.9452220486947 23.7777144981463 0.122905768789854 0.166133243008234
81.4999999999996 54.1672733365749 113.226099573239 81.8717982284439 23.7833771200503 0.126299008453263 0.159899835285569
81.5999999999996 54.2413714563483 113.234776291996 81.7984714098969 23.7895757963074 0.129799854597194 0.153952390514945
81.6999999999996 54.3153555601666 113.243004862883 81.7252559119579 23.7963159076197 0.133406934612937 0.148295850040707
81.7999999999996 54.3892164490223 113.250767827296 81.6521664431352 23.8036026650112 0.137119011295525 0.142931593739603
81.8999999999996 54.4629449930228 113.258047724381 81.5792181027258 23.8114410915363 0.140934985050592 0.137858109082238
81.9999999999996 54.5365321469859 113.264827109827 81.5064263819997 23.8198360039892 0.144853894314487 0.133071579370025
82.0999999999996 54.6099689657746 113.271088574709 81.4338071652464 23.8287919946922 0.148874860996168 0.128492628587161
82.1999999999996 54.683246623123 113.276814765806 81.3613767272366 23.838313415369 0.152996801776597 0.12404874400863
82.2999999999996 54.7563564399916 113.281988409629 81.2891517215853 23.8484043663064 0.157218363898404 0.119743619532442
82.3999999999996 54.8292899164139 113.28659233793 81.2171491655294 23.8590686875999 0.16153793861474 0.115579309312469
82.4999999999996 54.902038762996 113.290609513257 81.145386424568 23.8703099504797 0.165953649687036 0.11155644832842
82.5999999999996 54.9745949318405 113.294023054513 81.073881197103 23.8821314486364 0.170463339419751 0.107674456388067
82.6999999999996 55.0469506468089 113.296816262511 81.0026514990788 23.8945361895467 0.175064552482661 0.10393172451815
82.7999999999996 55.1190984330314 113.298972645539 80.9317156486229 23.9075268857996 0.179754517810756 0.100325783379031
82.8999999999996 55.1910311455658 113.300475944912 80.8610922506858 23.9211059464216 0.184530128907436 0.0968534539029586
82.9999999999996 55.2627419971025 113.301310160533 80.7908001816816 23.9352754682032 0.189387922916504 0.0935109807605902
83.0999999999996 55.334224584616 113.301459576441 80.7208585741254 23.9500372270739 0.194324201544556 0.0902710839879772
83.1999999999995 55.405472915173 113.300908786086 80.6512868012145 23.9653926707728 0.199335425273589 0.0871069371613004
83.2999999999995 55.4764814314023 113.29964271692 80.5821044612624 23.9813429148057 0.20441774166909 0.0840148671977322
83.3999999999995 55.5472450361531 113.297646654711 80.5133313620763 23.9978887396965 0.209566815522128 0.0809909229263905
83.4999999999995 55.6177591159391 113.294906267853 80.4449875053315 24.0150305882891 0.214777804909781 0.0780309189837694
83.5999999999995 55.6880195630211 113.291407631671 80.3770930709463 24.0327685630483 0.220045338222562 0.0751304743367333
83.6999999999995 55.7580227959895 113.28713725273 80.3096684014572 24.051102423362 0.225363492754462 0.0722850458235119
83.7999999999995 55.8277657786979 113.282082093138 80.2427339863933 24.0700315828421 0.23072577550615 0.0694899571145383
83.8999999999995 55.8972460373972 113.276229594857 80.1763104466515 24.0895551066264 0.236125106902112 0.0667404234703425
83.9999999999995 55.9664616759085 113.269567704007 80.1104185188708 24.1096717086798 0.241553808169189 0.0640315726899086
84.0999999999995 56.0354113887852 113.262084895201 80.0450790397084 24.1303797491702 0.247003462374164 0.0613179026222117
84.1999999999995 56.1040944751317 113.253770196562 79.9803129275337 24.1516772337725 0.252464418669078 0.0585562104784287
84.2999999999995 56.172510857422 113.244613216476 79.916141157569 24.1735618178673 0.257926006135421 0.055744607054401
84.3999999999995 56.2406611005457 113.234604171031 79.8525847344497 24.1960308126685 0.263376637417667 0.0528806729478351
84.4999999999995 56.3085464279939 113.223733911481 79.7896646646844 24.2190811914247 0.268803814521171 0.049961478540903
84.5999999999995 56.3761687348221 113.211993951712 79.7274019291153 24.2427095956206 0.274194144367953 0.0469836004695204
84.6999999999995 56.4435305971335 113.199376495704 79.6658174553787 24.2669123411785 0.279533365355102 0.0439431342563628
84.7999999999995 56.5106352778285 113.185874464998 79.6049320903655 24.2916854246599 0.284806386110921 0.0408357026799388
84.8999999999995 56.5774867283671 113.171481526157 79.5447665726812 24.317024529467 0.289997337543826 0.0376564594354096
84.9999999999994 56.6440895862981 113.156192118235 79.4853415051068 24.342925032044 0.295089639138241 0.0344000875306226
85.0999999999994 56.7104491683571 113.140001479973 79.4266773271249 24.3693820081643 0.300067254113547 0.0311193106175001
85.1999999999994 56.776571460086 113.122905670087 79.3687942891714 24.3963902414482 0.304918316602246 0.0278631270177683
85.2999999999994 56.8424631046404 113.104901570024 79.311712431263 24.4239442375415 0.309631707684499 0.0246209790118564
85.3999999999994 56.9081313905048 113.085986879798 79.2554515633494 24.4520382405244 0.314195943813283 0.0213831576008838
85.4999999999994 56.9735842373221 113.066160113567 79.2000312457321 24.4806662494062 0.318599241610775 0.018140701333254
85.5999999999994 57.0388301797363 113.045420595212 79.1454707694832 24.5098220346196 0.322829590341908 0.0148853066664674
85.6999999999994 57.1038783491884 113.023768453909 79.0917891368634 24.539499154516 0.326874831774743 0.0116092475803974
85.7999999999994 57.1687384536156 113.001204619707 79.039005041741 24.5696909718596 0.330722746964791 0.00830530247178189
85.8999999999994 57.2334207550123 112.977730819102 78.9871368500103 24.6003906703225 0.334361149323166 0.004966686598657
85.9999999999994 57.2979360448249 112.953349570614 78.9362025800103 24.631591270979 0.337777983142951 0.00158698858150209
86.0999999999994 57.3622956171778 112.928064180464 78.8862198828632 24.663285648782 0.340960815769264 -0.00186180865531841
86.1999999999994 57.4265112401709 112.90187874089 78.8372060207386 24.695466548557 0.343895089065436 -0.00540743219177857
86.2999999999994 57.4905951251328 112.874798135157 78.7891778398495 24.7281265997729 0.346566038554763 -0.00905585008721548
86.3999999999994 57.5545598925626 112.84682804521 78.742151741374 24.761258330831 0.348959446210986 -0.0128133977930169
86.4999999999994 57.6184185343059 112.817974959426 78.6961436522967 24.794854183335 0.351061791321214 -0.0166868528585177
86.5999999999994 57.6821843719985 112.788246180362 78.6511689962507 24.8289065263613 0.352860400295279 -0.0206835192117768
86.6999999999993 57.7458710118683 112.757649832514 78.6072426643585 24.8634076707297 0.354343592785049 -0.0248113222318583
86.7999999999993 57.8094922960145 112.72619487006 78.5643789860745 24.8983498832731 0.355500821403749 -0.0290789158799581
86.8999999999993 57.8730622503255 112.693891084621 78.5225917000259 24.933725401108 0.356322802341511 -0.0334958033020325
86.9999999999993 57.9365950292273 112.660749113006 78.4818939248545 24.9695264459051 0.356801634269287 -0.0380724724516202
87.0999999999993 58.0001048575542 112.626780444679 78.4422981302102 25.0057452381644 0.356932295797777 -0.0427230712132013
87.1999999999993 58.0636059715652 112.591997421741 78.4038161116802 25.0423740116318 0.356716825175369 -0.0473596475048512
87.2999999999993 58.1271125634013 112.556413219905 78.3664589757122 25.0794050280723 0.356160012597868 -0.0519902065497624
87.3999999999993 58.1906387284971 112.520041822 78.3302371284752 25.1168305921829 0.355267937799219 -0.0566226393025282
87.4999999999993 58.2541984149611 112.482897991179 78.2951602648698 25.1546430665121 0.35404790205089 -0.061264842621459
87.5999999999993 58.3178053750655 112.444997244124 78.2612373575405 25.1928348863787 0.352508347160385 -0.0659248341596972
87.6999999999993 58.3814731190262 112.406355824261 78.2284766458867 25.2313985747908 0.350658763260144 -0.0706108631620126
87.7999999999993 58.4452148712255 112.366990674966 78.1968856250744 25.2703267573647 0.348509587356249 -0.0753315183503524
87.8999999999993 58.5090435290132 112.326919412778 78.166471035047 25.3096121772436 0.346072094721853 -0.0800958340352099
87.9999999999993 58.5729716241922 112.286160300602 78.1372388495375 25.3492477100172 0.343358285276821 -0.0849133956509249
88.0999999999993 58.6370112871939 112.24473222092 78.1091942651743 25.3892263785681 0.340381096890727 -0.0897635850712514
88.1999999999993 58.7011742120086 112.202654648801 78.0823416930538 25.4295413660526 0.337155332515561 -0.0946244724713547
88.2999999999993 58.7654716190261 112.159947624456 78.0566847565726 25.4701860241411 0.333696636144259 -0.0995043582975537
88.3999999999993 58.8299142195338 112.1166317256 78.0322262917265 25.5111538793921 0.330021032160582 -0.104411866268838
88.4999999999992 58.8945121840278 112.072728039813 78.0089683475035 25.552438639554 0.326144783717317 -0.109356001761033
88.5999999999992 58.9592751144059 112.028258136897 77.9869121862779 25.5940341998677 0.322084257713489 -0.114346207439964
88.6999999999992 59.0242120200018 111.983244041235 77.9660582842032 25.635934649368 0.317855798065287 -0.119392417036104
88.7999999999992 59.0893312973948 111.937708204147 77.9464063316059 25.678134277186 0.313475608649983 -0.124505108104246
88.8999999999992 59.1546407139027 111.891673476251 77.9279552333787 25.7206275788508 0.30895964698238 -0.12969535463684
88.9999999999992 59.2201473946498 111.845163079821 77.9107031093741 25.7634092625919 0.304323529371377 -0.134974880312307
89.0999999999992 59.2858578130927 111.798200581093 77.8946472948159 25.8064742556151 0.299582572883553 -0.140320491795338
89.1999999999992 59.3517777852328 111.750809861287 77.8797843411734 25.8498177097026 0.294752064201339 -0.145707618141202
89.2999999999992 59.4179124680335 111.703015084343 77.8661100182117 25.8934350050977 0.289846761805517 -0.151146758176246
89.3999999999992 59.4842663614305 111.654840663374 77.8536193165054 25.9373217537139 0.284880708989142 -0.156648879390051
89.4999999999992 59.5508433134018 111.606311227063 77.8423064499697 25.9814738023175 0.279867192318926 -0.162225471214397
89.5999999999992 59.6176465278745 111.557451586066 77.832164858392 26.0258872357108 0.274818711607362 -0.167888603591737
89.6999999999992 59.6846785752537 111.508286699409 77.8231872099632 26.0705583799148 0.269746960561991 -0.173650991917178
89.7999999999992 59.7519414053632 111.458841640888 77.8153654038087 26.1154838053519 0.264662817208356 -0.179526069507469
89.8999999999992 59.8194363625895 111.409141565473 77.80869057252 26.1606603300293 0.25957634315078 -0.185528068702212
89.9999999999992 59.8871642030269 111.359211675701 77.8031530846862 26.2060850227215 0.254496790729612 -0.19167211176107
90.0999999999992 59.9551251133017 111.309077188136 77.7987425476501 26.2517552060476 0.249433428643498 -0.197934130929101
90.1999999999992 60.0233187278686 111.25876330122 77.7954478161251 26.2976684568074 0.244398040024082 -0.204277249718631
90.2999999999991 60.0917441404311 111.208295166687 77.7932570156845 26.3438225993566 0.239402565685778 -0.210696652033771
90.3999999999991 60.1603999152709 111.157697862369 77.7921575721116 26.3902156962403 0.234458284811136 -0.217185423072332
90.4999999999991 60.2292841015793 111.106996365069 77.7921362409741 26.4368460387216 0.229575799629752 -0.223734344423308
90.5999999999991 60.2983942506725 111.056215523423 77.7931791371992 26.4837121373095 0.224765025005985 -0.230331690720413
90.6999999999991 60.3677274358485 111.005380030765 77.7952717646483 26.5308127122872 0.220035181786103 -0.236963034348704
90.7999999999991 60.4372802746453 110.954514397995 77.7983990456919 26.5781466842403 0.215394792801225 -0.2436110659979
90.8999999999991 60.5070489532641 110.903642926443 77.8025453507845 26.6257131645853 0.210851680497534 -0.250255440208381
90.9999999999991 60.5770292529265 110.852789680735 77.8076945280391 26.6735114460971 0.20641296525541 -0.256872656248664
91.0999999999991 60.6472165779118 110.801978461701 77.8138299327484 26.7215409934396 0.202084863352918 -0.263468808578033
91.1999999999991 60.7176059842317 110.751232780298 77.8209344554951 26.7698014337355 0.197872136355921 -0.270053110100747
91.2999999999991 60.7881922073093 110.700575834138 77.8289905466838 26.8182925472397 0.193778783333651 -0.276602405619144
91.3999999999991 60.8589696896078 110.650030485034 77.8379802396624 26.8670142580532 0.18980825548342 -0.283091023607265
91.4999999999991 60.9299326088264 110.599619236587 77.8478851737905 26.9159666248386 0.185963455677673 -0.289490878175169
91.5999999999991 61.0010749065582 110.549364211771 77.8586866175065 26.9651498315355 0.182246735855533 -0.295771641378871
91.6999999999991 61.072390317274 110.499287130523 77.870365491395 27.0145641780757 0.178659892270861 -0.301900992791339
91.7999999999991 61.143872397504 110.449409287328 77.882902391255 27.0642100710989 0.175204158739816 -0.307844951193751
91.8999999999991 61.2155145550938 110.399751528803 77.896277611167 27.1140880146681 0.171880198152012 -0.313568290518763
91.999999999999 61.2873100784185 110.350334231287 77.910471166561 27.1641986009849 0.168688092632519 -0.319035038736108
92.099999999999 61.3592521653541 110.301177278542 77.925462817385 27.2145425010623 0.165627786964475 -0.324203019638872
92.199999999999 61.4313339497869 110.25230004241 77.9412320939083 27.2651204542935 0.162700492569019 -0.32901424449772
92.299999999999 61.5035485224646 110.203721370998 77.9577583292107 27.3159332552159 0.159907392888644 -0.333407542465441
92.399999999999 61.5758889499662 110.155459579814 77.9750206943059 27.3669817391711 0.15724916348134 -0.337320781583669
92.499999999999 61.6483482939165 110.107532443022 77.9929982333662 27.4182667679221 0.154725932565416 -0.340691866302575
92.599999999999 61.7209196304136 110.059957184698 78.0116698989473 27.4697892152709 0.152337243469699 -0.343459831419002
92.699999999999 61.7935960695504 110.012750470082 78.0310145872128 27.5215499526755 0.150082020019329 -0.345565996365485
92.799999999999 61.8663707749147 109.965928396832 78.0510111731591 27.5735498348675 0.147958535943047 -0.346955135067715
92.899999999999 61.9392369829527 109.919506486281 78.0716385458401 27.6257896854692 0.145964389392537 -0.347576609862004
92.999999999999 62.012188022084 109.873499674687 78.0928756435915 27.6782702826113 0.144096483613901 -0.347385414055438
93.099999999999 62.0852173313694 109.827922304643 78.1147014891499 27.7309923445987 0.142351110703776 -0.346521673965061
93.199999999999 62.1583184763463 109.782788120446 78.137095222007 27.7839565168527 0.140724423085162 -0.345136163460695
93.299999999999 62.231485158361 109.738110273539 78.1600361237497 27.8371633620895 0.139212468875066 -0.34320702956765
93.399999999999 62.3047112211113 109.693901331911 78.1835036406354 27.8906133517739 0.137811132792295 -0.340715840599461
93.499999999999 62.3779906566897 109.650173289654 78.2074774060625 27.9443068576225 0.136516128587509 -0.337647786659896
93.599999999999 62.4513176112084 109.60693757652 78.2319372630395 27.9982441431069 0.135322994926659 -0.333991787688595
93.699999999999 62.5246863899909 109.564205067475 78.2568632866548 28.0524253549562 0.134227094775294 -0.329740503109278
93.7999999999989 62.5980914623156 109.521986092257 78.2822358065468 28.1068505146604 0.133223618260067 -0.324890240994972
93.8999999999989 62.6715274656961 109.480290444929 78.308035429373 28.1615195099731 0.132307588921891 -0.319440768624976
93.9999999999989 62.7449892096821 109.439127393441 78.3342430612802 28.2164320864149 0.131473873217252 -0.313395030124749
94.0999999999989 62.8184716791779 109.398505689161 78.360839930383 28.2715878387759 0.130717161674119 -0.306745174801217
94.1999999999989 62.8919700375915 109.358433575969 78.3878076094892 28.3269862026276 0.130031874271771 -0.299486613358157
94.2999999999989 62.9654796303067 109.318918798202 78.4151280394463 28.3826264458521 0.129412246612642 -0.291630838945477
94.3999999999989 63.0389959879095 109.279968608148 78.4427835527343 28.4385076601802 0.128852381225026 -0.283190827390006
94.4999999999989 63.1125148288184 109.241589773533 78.4707568970681 28.4946287527296 0.12834627371935 -0.274180388393671
94.5999999999989 63.1860320612878 109.203788584991 78.499031258999 28.5509884375423 0.127887840757466 -0.264613501991148
94.6999999999989 63.2595437847749 109.16657086355 78.5275902875174 28.6075852271232 0.127470949558212 -0.254503656372187
94.7999999999989 63.3330462906572 109.129941968108 78.5564181176541 28.6644174239776 0.127089448706926 -0.243863201086183
94.8999999999989 63.406536062298 109.093906802915 78.5854993940831 28.7214831121495 0.126737200092214 -0.232702727142555
94.9999999999989 63.4800097744553 109.058469825048 78.6148192947233 28.7787801487597 0.126408111853293 -0.221030482843273
95.0999999999989 63.5534642919712 109.023635052016 78.6443635541347 28.836306155636 0.126096447487698 -0.209135180993721
95.1999999999989 63.626896666094 108.989406072472 78.6741184815624 28.8940585133578 0.125797826297104 -0.197299993520685
95.2999999999989 63.7003041259329 108.95578606484 78.7040709653946 28.9520343614251 0.125508652814732 -0.185520364714809
95.3999999999989 63.7736840679612 108.922777819061 78.7342084722679 29.0102306008412 0.125225858868421 -0.173788925673296
95.4999999999988 63.8470340453555 108.890383758458 78.7645190459675 29.0686438967881 0.124946883885332 -0.162095966692603
95.5999999999988 63.9203517573174 108.858605961595 78.7949913063265 29.127270681302 0.124669656305936 -0.150429884379687
95.6999999999988 63.9936350384481 108.827446184143 78.825614448126 29.1861071559482 0.124392576277204 -0.138777604896048
95.7999999999988 64.0668818482491 108.796905880748 78.8563782399945 29.245149294497 0.124114499743844 -0.127124986272798
95.8999999999988 64.140090260814 108.766986226888 78.8872730233083 29.3043928455988 0.123834724014175 -0.115457203835159
95.9999999999988 64.2132584547766 108.73768814074 78.9182897110904 29.3638333354595 0.123552974840179 -0.103759123544989
96.0999999999988 64.2863847035997 108.709012304982 78.9494197868692 29.4234660705342 0.123269159679543 -0.0920718246635693
96.1999999999988 64.3594673668114 108.680959186898 78.980655302448 29.4832861406983 0.122982648983162 -0.0804405165062055
96.2999999999988 64.4325048830203 108.653529054218 79.011988872913 29.5432884236302 0.12269296642094 -0.0688560270740526
96.3999999999988 64.505495763711 108.626721989257 79.0434136705534 29.6034675896714 0.122400010956273 -0.0573091637541504
96.4999999999988 64.57843858728 108.600537902997 79.0749234187398 29.6638181067047 0.122104044753342 -0.0457910468927923
96.5999999999988 64.6513319933445 108.57497654917 79.1065123858019 29.7243342450328 0.121805681777636 -0.0342934348730874
96.6999999999988 64.7241746773742 108.550037538334 79.138175378907 29.7850100822566 0.12150587703108 -0.022809043613622
96.7999999999988 64.7969653856955 108.525720351957 79.1699077379381 29.8458395081535 0.12120591634168 -0.0113318629489087
96.8999999999988 64.8697029109141 108.502024356495 79.2017053293719 29.9068162295559 0.120907406603085 0.000142528318519198
96.9999999999988 64.9423860877998 108.478948817473 79.2335645401571 29.9679337752298 0.120612266341074 0.0116166477588972
97.0999999999988 65.0150137896818 108.456492913546 79.2654822714975 30.0291855008018 0.12032264757491 0.0229511228616208
97.1999999999988 65.087584925538 108.434655750034 79.2974559301609 30.0905645949698 0.120040710124598 0.0340009050797037
97.2999999999987 65.1600984380192 108.413436371131 79.3294834135077 30.1520640889662 0.119768793006013 0.0447565629204774
97.3999999999987 65.2325533021593 108.392833771589 79.3615630920459 30.2136768673045 0.11950945300573 0.0552061598861864
97.4999999999987 65.3049485246396 108.372846908381 79.3936937918905 30.2753956785744 0.119265435841791 0.0653351999726975
97.5999999999987 65.3772831436247 108.353474712365 79.4258747772232 30.3372131462375 0.119039647231625 0.0751266303216089
97.6999999999987 65.4495562291878 108.334716099951 79.4581057327519 30.3991217794221 0.118835123795948 0.0845609038560716
97.7999999999987 65.5217668843404 108.316569984758 79.4903867461705 30.4611139837194 0.118655003753106 0.0936161045912211
97.8999999999987 65.5939142466746 108.299035289285 79.5227182906181 30.5231820719782 0.118502497397577 0.102268137665924
97.9999999999987 65.6659974906264 108.282110956573 79.5551012071388 30.5853182751007 0.118380857385653 0.11049098516398
98.0999999999987 65.7380158303582 108.265795961786 79.5875366870814 30.6475147528443 0.118293020255095 0.118185370704686
98.1999999999987 65.809968523164 108.250089321687 79.6200262529326 30.7097636047984 0.118240575988236 0.125255262515818
98.2999999999987 65.8818548731023 108.234990098767 79.6525717351777 30.7720568818041 0.118224697709658 0.13167903677328
98.3999999999987 65.9536742347649 108.220497403264 79.6851752475951 30.8343865975481 0.118246436212098 0.137436400837212
98.4999999999987 66.0254260171991 108.206610395101 79.7178391624905 30.8967447401637 0.118306691425388 0.142508749122685
98.5999999999987 66.0971096879678 108.193328285825 79.7505660859318 30.9591232838317 0.118406186229801 0.146879503936107
98.6999999999987 66.1687247773239 108.180650340548 79.7833588329828 31.0215142003811 0.118545442879518 0.150534427916229
98.7999999999987 66.2402708824744 108.168575879882 79.8162204029385 31.08390947089 0.118724762285374 0.153461895543812
98.8999999999987 66.311747671906 108.157104281881 79.8491539545588 31.1463010972866 0.118944206383437 0.155653112491087
98.9999999999987 66.3831548897406 108.146234983978 79.8821627813034 31.20868111395 0.119203583785264 0.157102273514804
99.0999999999986 66.4544923601158 108.135967484893 79.9152502865988 31.2710415993186 0.119502324943782 0.157846975373845
99.1999999999986 66.5257599922167 108.126301345671 79.948419959955 31.3333746877007 0.119839132017197 0.157930184323808
99.2999999999986 66.5969577869402 108.117236188529 79.9816753552394 31.3956725815973 0.12021231613575 0.157358471297946
99.3999999999986 66.668085844026 108.108771694839 80.0150200698009 31.4579275642266 0.120619912700922 0.156140928112381
99.4999999999986 66.7391443689362 108.100907603073 80.0484577236256 31.5201320120564 0.121059686018896 0.15428891004061
99.5999999999986 66.8101336794189 108.093643706755 80.0819919384935 31.5822784073363 0.12152913670091 0.151815733351383
99.6999999999986 66.881054211718 108.086979852406 80.1156263171347 31.6443593506299 0.122025511707388 0.148736336541535
99.7999999999986 66.9519065263915 108.080915937495 80.1493644223858 31.7063675733477 0.122545816887627 0.145066914731066
99.8999999999986 67.0226913137001 108.075451908383 80.1832097563461 31.7682959502786 0.123086831859131 0.140824536836864
99.9999999999986 67.0934093985293 108.070587758276 80.2171657395342 31.8301375121232 0.123645127060394 0.136026754959377
100.099999999999 67.1640617447957 108.066323525121 80.251235690072 31.8918854579911 0.124216936485547 0.130762199198508
100.199999999999 67.234649458962 108.062659288235 80.2854228035992 31.9535331670153 0.124797758291622 0.125120905195108
100.299999999999 67.3051737920188 108.059595161706 80.3197301350403 32.0150742077208 0.125382847435321 0.119121615452736
100.399999999999 67.3756361403458 108.057131286519 80.3541605811012 32.0765023465081 0.125967386861077 0.112781462855459
100.499999999999 67.4460380457408 108.055267822639 80.3887168627941 32.1378115561033 0.126546508042039 0.106115729745551
100.599999999999 67.5163811946116 108.054004941092 80.4234015079622 32.1989960240082 0.127115311978719 0.099137638912828
100.699999999999 67.5866674163117 108.053342816041 80.4582168338051 32.2600501609502 0.127668890631392 0.0918581737314177
100.799999999999 67.6568986806071 108.05328161687 80.4931649294031 32.3209686093323 0.128202348779262 0.0842859239834002
100.899999999999 67.7270770942627 108.053821500259 80.528247638242 32.3817462516826 0.128710826316933 0.0764269534156829
100.999999999999 67.7972048967405 108.05496260227 80.5634665407385 32.442378219105 0.129189521007717 0.0682846848025248
101.099999999999 67.8672844550115 108.056705030437 80.598822936865 32.5028598996742 0.129633903672184 0.0599999498304384
101.199999999999 67.9373182576009 108.05904885619 80.6343178313888 32.5631869454226 0.130040331020368 0.0517087525787597
101.299999999999 68.0073089081458 108.061994108121 80.669951925744 32.6233552757488 0.130405509533334 0.0434040868860431
101.399999999999 68.0772591184277 108.065540765586 80.7057256125182 32.6833610794171 0.130726315076653 0.0350774766771385
101.499999999999 68.1471717008196 108.069688752312 80.7416389700381 32.7432008165028 0.13099980042783 0.0267190352234601
101.599999999999 68.2170495601682 108.074437930012 80.7776917569564 32.802871220337 0.131223202958086 0.0183175108232027
101.699999999999 68.2868956851344 108.079788091991 80.8138834068382 32.8623692994524 0.131393952488269 0.00986031895778409
101.799999999998 68.3567131390226 108.085738956764 80.850213022747 32.9216923395279 0.131509679341536 0.00133356122463938
101.899999999998 68.4265050501279 108.092290161663 80.8866793718313 32.9808379053344 0.131568222611868 -0.00727796852691242
101.999999999998 68.4962746016336 108.099441256447 80.9232808799113 33.0398038426793 0.13156763867374 -0.0159907902113534
102.099999999998 68.5660250210979 108.107191696917 80.9600156260884 33.0985882803416 0.131506237608419 -0.024789266699605
102.199999999998 68.6357595696497 108.115540838487 80.996881337971 33.1571896317266 0.131382672670631 -0.0336586964553615
102.299999999998 68.7054815310787 108.124487929683 81.0338753884613 33.2156065958121 0.131195860431728 -0.042618792552046
102.399999999998 68.7751942007465 108.134032105599 81.070994793158 33.2738381578146 0.130944958334493 -0.0516903551264351
102.499999999998 68.844900874282 108.144172381362 81.1082362077821 33.3318835898453 0.130629370678432 -0.0608953112445426
102.599999999998 68.9146048361011 108.154907645587 81.1455959256032 33.3897424515661 0.130248755003905 -0.070256760488261
102.699999999998 68.9843093477932 108.166236653837 81.1830698748653 33.4474145908451 0.129803028947166 -0.0797990240285768
102.799999999998 69.0540176364222 108.178158022085 81.2206536162133 33.5049001444125 0.129292377649129 -0.0895476944713293
102.899999999998 69.1237328827838 108.190670220173 81.2583423401185 33.5621995385165 0.128717261822239 -0.099529683203901
102.999999999998 69.1934582096706 108.203771565268 81.2961308643052 33.6193134895789 0.128078426592866 -0.109773261189118
103.099999999998 69.2631966701934 108.217460215393 81.3340136313086 33.6762430047535 0.127377363577742 -0.120114707560384
103.199999999998 69.3329512363621 108.231734164661 81.3719847094695 33.7329893799413 0.126617635326182 -0.130378853832252
103.299999999998 69.4027247883983 108.246591242875 81.4100378026511 33.7895541913526 0.125803440100432 -0.140576041127261
103.399999999998 69.4725201048807 108.262029116828 81.4481662633926 33.8459392845262 0.124939130946918 -0.150714182492734
103.499999999998 69.5423398536736 108.278045291678 81.4863631061945 33.9021467632514 0.124029196536006 -0.160798708579964
103.599999999998 69.6121865836405 108.294637112323 81.5246210208043 33.9581789784892 0.123078242131758 -0.170832497813528
103.699999999998 69.6820627171499 108.311801764773 81.5629323855017 34.0140385172942 0.122090970638078 -0.180815793903474
103.799999999998 69.7519705433709 108.329536277523 81.6012892803844 34.0697281917363 0.121072163661202 -0.190746114214862
103.899999999998 69.8219122123548 108.347837522922 81.6396835006533 34.1252510278221 0.120026662525379 -0.20061815324687
103.999999999998 69.891889729892 108.366702218555 81.6781065698983 34.1806102544167 0.118959349178375 -0.210423686273728
104.099999999998 69.9619049531343 108.386126928612 81.716549753363 34.2358092921797 0.117875130312505 -0.220189529738832
104.199999999998 70.0319595870022 108.406108065411 81.7550040706735 34.2908517428771 0.116778940766573 -0.229940805836425
104.299999999998 70.1020551814234 108.426641891267 81.793460307207 34.3457413796464 0.115675737595219 -0.239662035388623
104.399999999998 70.1721931293188 108.4477245205 81.8319090249246 34.4004821376375 0.114570483340714 -0.249334341009719
104.499999999998 70.2423746652785 108.469351921456 81.8703405731828 34.4550781046684 0.113468129061336 -0.258935337310171
104.599999999998 70.3126008649003 108.491519918514 81.9087450995458 34.5095335118801 0.112373596598084 -0.268439059291212
104.699999999998 70.3828726447675 108.514224194108 81.9471125605971 34.5638527243924 0.111291759992096 -0.277815940875379
104.799999999998 70.4531907630358 108.537460290736 81.9854327327517 34.6180402319591 0.11022742597984 -0.287032856095103
104.899999999998 70.5235558206016 108.561223612983 82.023695223068 34.6721006396233 0.109185313520108 -0.296053235670524
104.999999999998 70.5939682628193 108.585509429529 82.0618894800596 34.726038658373 0.10817003233833 -0.304837271209466
105.099999999998 70.6644283817436 108.610312875203 82.1000048045471 34.7798590957617 0.107186208082904 -0.313257142306303
105.199999999998 70.7349363190792 108.635628954014 82.1380303615451 34.8335668456302 0.106238859268747 -0.321172560063687
105.299999999998 70.8054920701979 108.661452544648 82.1759551947771 34.8871668755465 0.105332850781129 -0.328521673242329
105.399999999998 70.8760954889153 108.687778406944 82.2137682422253 34.9406642133462 0.10447270000242 -0.335242094845669
105.499999999998 70.9467462927781 108.714601188405 82.2514583517209 34.9940639336389 0.103662541134027 -0.341272144440864
105.599999999998 71.0174440687953 108.741915430716 82.2890142965337 35.0473711443141 0.102906090816433 -0.346552193231151
105.699999999998 71.0881882795512 108.769715576251 82.3264247909617 35.1005909730473 0.102206615784243 -0.35102607006109
105.799999999998 71.1589782696434 108.797995974586 82.3636785059217 35.1537285538064 0.10156690333977 -0.354642477064182
105.899999999998 71.229813272382 108.826750889016 82.4007640845386 35.2067890133573 0.100989235442731 -0.357356356502829
105.999999999998 71.3006924166922 108.855974503064 82.4376701577352 35.2597774577705 0.10047536719079 -0.359130146616506
106.099999999998 71.3716147341651 108.885660926994 82.47438535977 35.3126989589732 0.100026571371776 -0.360048751952892
106.199999999998 71.4425791663795 108.915804204319 82.510898342403 35.3655585425019 0.0996438628543069 -0.360203879675075
106.299999999998 71.5135845727459 108.946398318304 82.5471977855837 35.4183611783026 0.0993279005670275 -0.359579937231559
106.399999999998 71.5846297385726 108.977437198459 82.5832724067674 35.471111772731 0.0990789361061116 -0.358168930244196
106.499999999998 71.6557133831428 109.008914727033 82.6191109701793 35.5238151605994 0.0988968141938213 -0.355970668309648
106.599999999998 71.7268341677623 109.040824745515 82.654702296079 35.576476097223 0.0987809772713064 -0.352992755613639
106.699999999998 71.7979907037401 109.073161061125 82.690035270024 35.6290992504669 0.0987304741926991 -0.349250365357957
106.799999999998 71.8691815602685 109.105917453312 82.7250988521339 35.6816891927922 0.0987439728648647 -0.344765807913039
106.899999999998 71.94040527217 109.139087680248 82.7598820863547 35.7342503933031 0.098819776567567 -0.339567912686605
106.999999999998 72.0116603474758 109.172665485327 82.7943741097226 35.7867872097932 0.0989558435874766 -0.333691252251055
107.099999999998 72.0829452747991 109.206644603654 82.8285641616254 35.8393038807853 0.0991498083661755 -0.327172122109071
107.199999999998 72.1542585302815 109.241018768469 82.8624415929988 35.8918045173936 0.0993990042297138 -0.320050768511834
107.299999999998 72.2255985837804 109.275781717387 82.8959958753552 35.944293094735 0.0997004976417667 -0.312373441107048
107.399999999998 72.2969639045728 109.310927198565 82.9292166097474 35.9967734431622 0.100051118284252 -0.304188192193388
107.499999999998 72.3683529667336 109.346448976869 82.9620935357296 36.0492492394904 0.100447488057268 -0.29554387119705
107.599999999998 72.4397642541717 109.382340840041 82.9946165403184 36.1017239982241 0.100886050315689 -0.286489180229503
107.699999999998 72.5111962652977 109.418596604861 83.0267756669538 36.1542010627837 0.101363098888627 -0.277071814668308
107.799999999998 72.5826475172985 109.45521012332 83.0585611244604 36.2066835967321 0.101874806489393 -0.267337705893065
107.899999999998 72.6541165499967 109.492175288778 83.089963296008 36.2591745750011 0.10241725219422 -0.257330376614832
107.999999999998 72.7256019292743 109.529486042133 83.1209727480731 36.3116767751184 0.102986447738947 -0.24709041296409
108.099999999998 72.7971022500471 109.567136377969 83.1515802393345 36.3641927684984 0.103578520160212 -0.236787568169954
108.199999999998 72.8686161390165 109.605120350201 83.1817767278753 36.4167249134085 0.104190247426191 -0.226577792165336
108.299999999998 72.9401422576218 109.643432076438 83.2115533740856 36.4692753521878 0.104818667325088 -0.216476065272856
108.399999999998 73.0116793049033 109.682065741859 83.2409015418706 36.5218460101407 0.10546093273397 -0.20649430549519
108.499999999998 73.0832260200676 109.721015603052 83.2698127997945 36.5744385944954 0.106114312973402 -0.196641615541021
108.599999999998 73.1547811847507 109.760275991868 83.2982789222233 36.6270545933615 0.106776194393649 -0.186924533710153
108.699999999998 73.2263436249881 109.799841319267 83.3262918904691 36.6796952746891 0.107444080338738 -0.177347282388272
108.799999999998 73.2979122128966 109.839706079162 83.3538438939327 36.7323616852262 0.108115590620805 -0.16791200928958
108.899999999998 73.3694858680784 109.879864852272 83.3809273312473 36.7850546494775 0.108788460625882 -0.158619017817179
108.999999999998 73.4410635587516 109.920312309967 83.4075348114223 36.8377747686622 0.109460540158676 -0.149466984014116
109.099999999998 73.5126443026123 109.961043218096 83.43365915497 36.8905224196889 0.110129812097828 -0.140496480597609
109.199999999998 73.5842271673204 110.002052440312 83.4592933946189 36.9432977545594 0.110794461755428 -0.131745051364328
109.299999999998 73.6558112704385 110.043334940114 83.4844307749732 36.996100700862 0.111452832430757 -0.123205094496434
109.399999999998 73.7273957790361 110.084885782389 83.5090647517578 37.0489309626936 0.112103402524201 -0.114868310396478
109.499999999998 73.7989799090906 110.126700134928 83.5331889910472 37.1017880215986 0.112744779953291 -0.106725869595777
109.599999999998 73.8705629247057 110.16877326995 83.5567973684946 37.1546711375079 0.113375696865739 -0.0987685574821416
109.699999999998 73.9421441371587 110.211100565619 83.5798839685607 37.2075793496774 0.113995004667275 -0.0909868982795654
109.799999999998 74.0137229037904 110.253677507565 83.6024430837429 37.260511477627 0.114601669374673 -0.0833712605786641
109.899999999998 74.0852986267524 110.296499690402 83.6244692138041 37.3134661220794 0.115194767296589 -0.0759119466342075
109.999999999998 74.1568707516228 110.339562819253 83.6459570650019 37.3664416658988 0.115773481040694 -0.0685992675118224
110.099999999998 74.2284387659064 110.382862711253 83.6669015493142 37.419436275041 0.116337094209221 -0.0614442205312699
110.199999999998 74.3000021974715 110.426395296825 83.687297783583 37.4724478997896 0.116884984379103 -0.0544574530837585
110.299999999998 74.3715606130018 110.470156620329 83.7071410884497 37.5254742767199 0.117416626323197 -0.0476289844757968
110.399999999998 74.4431136164085 110.514142840478 83.726426987208 37.5785129309504 0.117931589584121 -0.0409491135024057
110.499999999998 74.5146608471778 110.558350230742 83.7451512046539 37.6315611784035 0.118429534346345 -0.0344084483214318
110.599999999998 74.5862019786639 110.60277517975 83.7633096659358 37.6846161280679 0.118910207611635 -0.0279979294969972
110.699999999998 74.6577367163404 110.647414191692 83.7808984954039 37.73767468426 0.119373439654793 -0.0217088474567317
110.799999999998 74.7292647960226 110.692263886728 83.7979140154609 37.7907335488857 0.119819140737881 -0.015532855439592
110.899999999998 74.8007859820725 110.737321001387 83.8143527454112 37.8437892237022 0.120247298061234 -0.00946197882904458
110.999999999998 74.8723000655988 110.782582388971 83.8302114003112 37.8968380125796 0.120657972929908 -0.00348862169264934
111.099999999998 74.9438068626648 110.828045019926 83.8454868897834 37.9498760238041 0.121051384975646 0.00231292348452632
111.199999999998 75.0153062125649 110.873705981343 83.8601763158983 38.0028991734565 0.121428168813784 0.00786907493445121
111.299999999998 75.0867979762938 110.91956247424 83.8742769686912 38.0559031915213 0.121789105693971 0.0131875450156376
111.399999999998 75.1582820352058 110.965611809985 83.8877863207468 38.1088836290718 0.122135028131091 0.018275198875347
111.499999999998 75.2297582898395 111.011851406673 83.9007020217478 38.1618358654951 0.122466811828876 0.0231381013181221
111.599999999998 75.3012266589158 111.058278785512 83.9130218930238 38.2147551157193 0.122785367967685 0.0277815646150921
111.699999999998 75.3726870785174 111.104891567205 83.9247439221003 38.2676364374387 0.123091635825354 0.0322101968735361
111.799999999998 75.4441395014551 111.151687468334 83.9358662572473 38.3204747383401 0.123386575705888 0.0364279506493528
111.899999999998 75.5155838968255 111.198664297738 83.9463872020278 38.3732647833289 0.123671162153623 0.0404381715736748
111.999999999998 75.5870202497665 111.245819952902 83.9563052098473 38.4260012017548 0.123946377436326 0.0442436468207142
112.099999999998 75.6584485614025 111.293152416352 83.9656188785351 38.4786784946099 0.12421310710969 0.0478962865290712
112.199999999998 75.7298688487884 111.340659752401 83.9743269457901 38.5312910409885 0.124471846836522 0.0514477264632697
112.299999999998 75.8012811444974 111.388340104809 83.982428286818 38.5838331026747 0.124723005436561 0.0548997934467463
112.399999999998 75.8726854960948 111.436191694783 83.9899219128324 38.6362988279931 0.124967002288032 0.0582541115706312
112.499999999998 75.944081965676 111.484212819001 83.9968069695881 38.6886822556299 0.125204264942227 0.0615121137288708
112.599999999998 76.0154706294763 111.532401847631 84.0030827359157 38.7409773184554 0.125435226796333 0.064675053319568
112.699999999998 76.086851577556 111.580757222351 84.0087486222552 38.7931778473453 0.125660324821721 0.0677440160394759
112.799999999998 76.1582249135592 111.629277454373 84.0138041691902 38.8452775750029 0.12587999734692 0.0707199317775737
112.899999999998 76.2295907545473 111.677961122456 84.0182490459817 38.8972701397806 0.126094681893021 0.0736035865439789
112.999999999998 76.3009492309085 111.726806870935 84.0220830491021 38.9491490895019 0.126304813061876 0.0763956344342215
113.099999999998 76.3723004863418 111.775813407725 84.0253061007513 39.0009078852944 0.126510867665117 0.0790696952512579
113.199999999998 76.4436446779139 111.824979502043 84.0279182469082 39.0525399057175 0.126713500591368 0.0815989842783888
113.299999999998 76.5149819762105 111.874303981415 84.0299196542013 39.104038451637 0.126913394182571 0.0839833531146198
113.399999999998 76.5863125656124 111.92378572838 84.0313106063155 39.1553967513943 0.127111206903871 0.086222535454835
113.499999999998 76.6576366447043 111.973423677196 84.0320915003803 39.2066079659873 0.12730757018314 0.0883161724305452
113.599999999998 76.7289544268129 112.023216810544 84.0322628433583 39.2576651942503 0.127503085387153 0.090263837229894
113.699999999998 76.8002661406691 112.073164156226 84.0318252484335 39.308561478035 0.127698320940769 0.0920650588961777
113.799999999998 76.8715720311893 112.12326478387 84.0307794314 39.3592898073908 0.12789380959514 0.0937193451745487
113.899999999998 76.9428723603725 112.173517801633 84.0291262070499 39.4098431257454 0.128090045851104 0.095226204309164
113.999999999998 77.0141674083054 112.223922352897 84.0268664855623 39.4602143350852 0.128287483544903 0.0965851656560393
114.099999999998 77.085457474264 112.274477612992 84.0240012688961 39.5103963011153 0.12848655143199 0.0978248511639752
114.199999999998 77.1567428777358 112.325182786189 84.0205316473037 39.5603818578806 0.128687712418511 0.0989735043647261
114.299999999998 77.2280239590904 112.376037103451 84.0164587961511 39.6101638110203 0.128891421920841 0.100030129419224
114.399999999998 77.2993010801821 112.427039820457 84.0117839728582 39.6597349404837 0.129098110363639 0.100993759562348
114.499999999998 77.3705746250512 112.47819021565 84.0065085138446 39.7090880032255 0.129308181631223 0.101863468274461
114.599999999998 77.4418450007282 112.529487588277 84.0006338314747 39.7582157359007 0.129522011588434 0.102638379991977
114.699999999998 77.5131126381383 112.580931256431 83.9941614110026 39.8071108575602 0.129739946674606 0.103317680242459
114.799999999998 77.584377993101 112.632520555098 83.9870928075179 39.8557660723456 0.129962302576124 0.10390062518824
114.899999999998 77.6556415474198 112.684254834194 83.9794296428909 39.9041740721845 0.130189362980696 0.104386550501604
114.999999999998 77.7269038100606 112.736133456615 83.9711736027175 39.9523275394857 0.130421378418368 0.104774879525598
115.099999999998 77.7981653184079 112.788155796278 83.9623264332737 40.0002191498229 0.130658559537922 0.105085190777192
115.199999999998 77.8694266395162 112.840321236379 83.9528899386946 40.047841574323 0.130901064221684 0.105337032147379
115.299999999998 77.9406883712222 112.892629168134 83.9428659787266 40.0951874813029 0.131149022568516 0.105529895711253
115.399999999998 78.0119511432356 112.945078989732 83.9322564667047 40.1422495376119 0.131402543107306 0.105663335280337
115.499999999998 78.0832156182874 112.997670105285 83.9210633675387 40.1890204099615 0.131661712139571 0.105736969312096
115.599999999998 78.154482493333 113.050401923786 83.909288695699 40.2354927662553 0.131926593124732 0.10575048349133
115.699999999998 78.2257525008106 113.103273858058 83.8969345132032 40.2816592769202 0.132197226109642 0.105703632991217
115.799999999998 78.2970264099491 113.156285323718 83.8840029276018 40.3275126162357 0.13247362720426 0.105596244365621
115.899999999998 78.3683050281249 113.20943573812 83.8704960899645 40.3730454636648 0.13275578810509 0.105428217103465
115.999999999998 78.4395892022634 113.262724519318 83.856416192866 40.4182505051837 0.133043675668332 0.105199524803053
116.099999999998 78.5108798202807 113.316151085024 83.8417654683697 40.4631204346004 0.133337270899821 0.104922918756022
116.199999999998 78.5821778125205 113.369714851756 83.8265461859374 40.5076479545534 0.13363668976545 0.104610553703909
116.299999999998 78.6534841531325 113.423415234451 83.8107606501535 40.5518257767027 0.133942069845361 0.104261608573603
116.399999999998 78.7247998614905 113.47725164627 83.7944111983756 40.595646621601 0.134253530877576 0.103875322985602
116.499999999998 78.7961260036975 113.531223498403 83.7775001983824 40.6391032185534 0.134571173902287 0.1034509996025
116.599999999998 78.8674636941786 113.585330199878 83.7600300460218 40.6821883054769 0.134895080430089 0.102988006309899
116.699999999998 78.9388140973615 113.639571157368 83.7420031628587 40.7248946287598 0.135225311638047 0.102485778210532
116.799999999998 79.0101784294405 113.693945775001 83.7234219938229 40.767214943121 0.135561907593832 0.101943819440636
116.899999999998 79.0815579602249 113.748453454166 83.7042890048572 40.8091420114699 0.135904886512067 0.101361704754253
116.999999999998 79.152954015068 113.803093593321 83.684606680565 40.8506686047654 0.136254244042014 0.100739080911101
117.099999999998 79.2243679768733 113.857865587806 83.66437752187 40.891787501873 0.136609926145977 0.10008738383232
117.199999999998 79.2958012881129 113.91276882973 83.6436040439708 40.9324914893535 0.136971752369346 0.0994182052970181
117.299999999998 79.3672554527441 113.967802708061 83.6222887750467 40.972773361079 0.137339500367483 0.0987314994677868
117.399999999998 79.4387320381016 114.022966608789 83.6004342552587 41.0126259177812 0.13771293282179 0.098027245766003
117.499999999998 79.5102326768208 114.078259915097 83.5780430357623 41.0520419665963 0.138091797130573 0.0973054489090426
117.599999999998 79.5817590687935 114.133682007532 83.5551176777198 41.0910143206107 0.138475825119961 0.0965661388944982
117.699999999998 79.6533129831554 114.189232264169 83.5316607513133 41.1295357984064 0.138864732776993 0.0958093709270817
117.799999999998 79.7248962603024 114.244910060786 83.5076748347568 41.1675992236062 0.139258220005998 0.0950352252997271
117.899999999998 79.7965108139374 114.300714771029 83.4831625133091 41.2051974244191 0.139655970410209 0.0942438072148116
117.999999999998 79.8681586331425 114.35664576658 83.4581263782862 41.2423232331859 0.140057651099905 0.0934352465660493
118.099999999998 79.9398417844769 114.412702417332 83.4325690260789 41.2789694859254 0.140462895639575 0.0926123552530325
118.199999999998 80.0115624140654 114.468884091548 83.4064930572965 41.3151290219138 0.140871254302002 0.091778078297941
118.299999999998 80.083322749618 114.525190156021 83.3799010762315 41.3507946833443 0.14128224658264 0.0909327670231393
118.399999999998 80.1551251024153 114.581619976222 83.3527956904501 41.3859593150202 0.14169537848577 0.0900767769621121
118.499999999998 80.226971869286 114.638172916458 83.3251795103883 41.4206157640482 0.142110142698366 0.0892104674824063
118.599999999998 80.2988655345755 114.694848340019 83.2970551489475 41.4547568795327 0.142526018796612 0.0883342014306705
118.699999999998 80.3708086721046 114.751645609331 83.2684252210903 41.4883755122691 0.142942473486216 0.0874483448007933
118.799999999998 80.4428039471157 114.808564086112 83.2392923434364 41.5214645144374 0.143358960878741 0.0865532664082972
118.899999999998 80.5148541182057 114.865603131519 83.209659133858 41.5540167392967 0.143774922805179 0.085649337597972
118.999999999998 80.5869620392411 114.922762106301 83.1795282110757 41.586025040878 0.144189789168 0.0847369319586626
119.099999999998 80.6591306612563 114.980040370955 83.1489021942577 41.6174822736812 0.144602962378029 0.083816883979854
119.199999999998 80.7313630342937 115.037437285841 83.1177837027061 41.6483812924334 0.145013770659421 0.0828901600762098
119.299999999998 80.803662309126 115.094952211223 83.086175355765 41.6787149520074 0.145421517790224 0.0819573242882949
119.399999999997 80.8760317388964 115.15258450729 83.0540797728152 41.7084761074028 0.145825499986416 0.0810189285774109
119.499999999997 80.9484746807049 115.210333534158 83.0214995732736 41.7376576137291 0.146225006699329 0.0800755126898122
119.599999999997 81.0209945971406 115.268198651886 82.9884373765909 41.7662523261894 0.146619321455741 0.0791276040925785
119.699999999997 81.0935950577579 115.326179220485 82.9548958022505 41.7942531000637 0.147007722740585 0.0781757179341696
119.799999999997 81.1662797404931 115.38427459993 82.9208774697675 41.8216527906922 0.147389484922211 0.0772203570727831
119.899999999997 81.2390524330203 115.442484150171 82.8863849986865 41.8484442534589 0.14776387921961 0.0762620121294815
119.999999999997 81.3119170340443 115.500807231142 82.8514210085807 41.8746203437748 0.148130174711018 0.0753011615864203
