#t s x y z curvature torsion
5 0 61.3960557013065 87.1832130377817 3.68900431715327 0.045323132121667 -0.0724291188639295
5.1 0.0609730753395768 61.4471384117454 87.1545645733358 3.7059612654481 0.0449451940604558 -0.0735692689729425
5.2 0.121957517453847 61.4982951946488 87.1259366425882 3.72276981458458 0.0445686694411128 -0.0747354282951927
5.3 0.182953317349249 61.5495248684261 87.0973286045592 3.73943079563852 0.044193607112781 -0.0759281771257726
5.4 0.243960455139559 61.6008262514859 87.0687398182541 3.75594503964523 0.0438200560795139 -0.0771481029696381
5.5 0.304978900172881 61.6521981622342 87.0401696426504 3.77231337756733 0.0434480655413433 -0.0783957999789349
5.6 0.366008611159092 61.7036394190721 87.0116174366846 3.78853664026267 0.0430776849360069 -0.0796718683032593
5.7 0.427049536297388 61.7551488403946 86.9830825592394 3.80461565845224 0.0427089639820905 -0.0809769133568331
5.8 0.488101613403816 61.8067252445882 86.95456436913 3.82055126268806 0.0423419527226908 -0.0823115449820061
5.9 0.549164770039194 61.858367450029 86.9260622250918 3.83634428332103 0.0419767015702157 -0.083676376545972
6 0.61023892363688 61.9100742750811 86.8975754857668 3.85199555046887 0.0416132613520101 -0.0850720238713969
6.1 0.671323981630549 61.9618445380948 86.8691035096896 3.86750589398039 0.0412517009522205 -0.0865095952144478
6.2 0.732419841575942 62.0136770574123 86.84064565525 3.88287614330688 0.0408921605360498 -0.0880000513846984
6.3 0.793526391258847 62.0655706513917 86.8122012805934 3.89810712713727 0.0405347995006991 -0.0895437390553654
6.4 0.854643508801505 62.1175241384386 86.7837697434986 3.91319967294051 0.0401797790376389 -0.0911409324204942
6.49999999999999 0.915771062773263 62.1695363370372 86.755350401254 3.92815460650414 0.0398272621937245 -0.0927918241833967
6.59999999999999 0.976908912306346 62.2216060657824 86.7269426105337 3.94297275147311 0.0394774139320975 -0.0944965157547818
6.69999999999999 1.03805690721608 62.2737321434112 86.698545727274 3.95765492888835 0.0391304011929236 -0.096255006976965
6.79999999999999 1.09921488812574 62.3259133888343 86.6701591065497 3.97220195672554 0.0387863929530812 -0.0980671851016552
6.89999999999999 1.16038268659592 62.3781486211677 86.6417821024502 3.98661464943377 0.0384455602841004 -0.0999328131834978
6.99999999999999 1.22156012525818 62.4304366597644 86.6134140679562 4.00089381747422 0.0381080764081719 -0.101851517820657
7.09999999999999 1.28274701795295 62.4827763242475 86.5850543548144 4.01504026685041 0.0377741613941602 -0.103838452323891
7.19999999999999 1.34394316986856 62.535166434581 86.5567023133806 4.029054798418 0.0374442167432025 -0.105907278559821
7.29999999999999 1.40514837768055 62.5876058112372 86.5283572923806 4.04293820663528 0.0371186925474188 -0.108054929565474
7.39999999999999 1.46636242970164 62.6400932754019 86.5000186386391 4.05669127809318 0.0367980429982731 -0.110277843659317
7.49999999999999 1.52758510604672 62.6926276491808 86.4716856968076 4.07031479003695 0.0364827263692315 -0.112571923236816
7.59999999999999 1.58881617881282 62.7452077558065 86.4433578090914 4.08380950888767 0.0361732049779027 -0.11493249396702
7.69999999999999 1.65005541227355 62.7978324198449 86.4150343149781 4.09717618876391 0.035869945124945 -0.117354265058356
7.79999999999999 1.71130256308773 62.8505004674019 86.3867145509644 4.11041557000329 0.0355734170054682 -0.119831291299732
7.89999999999999 1.77255738052231 62.9032107263299 86.3583978502843 4.12352837768412 0.0352840945896668 -0.122356937830534
7.99999999999999 1.83381960668873 62.9559620264348 86.3300835426365 4.13651532014693 0.0350024554686049 -0.124923848506669
8.09999999999999 1.89508897679343 63.0087531996845 86.3017709539125 4.14937708750982 0.0347290163975844 -0.127518387090248
8.19999999999999 1.95636521941082 63.061583080478 86.2734594059435 4.16211435001985 0.0344644399374015 -0.130123773829229
8.29999999999999 2.01764805679599 63.1144505060664 86.2451482162917 4.17472775598845 0.0342094262964477 -0.132726599948476
8.39999999999999 2.07893720522664 63.167354317034 86.2168366980608 4.18721792956292 0.0339646769869527 -0.135312423139199
8.49999999999999 2.14023237536651 63.2202933577812 86.188524159706 4.19958546849166 0.0337308942217676 -0.137865789901899
8.59999999999999 2.20153327264928 63.273266477008 86.1602099048453 4.2118309418894 0.0335087802404354 -0.140370277334817
8.69999999999999 2.26283959768284 63.3262725281973 86.1318932320695 4.22395488800237 0.033299036564628 -0.142808556367176
8.79999999999999 2.32415104667382 63.379310370098 86.1035734347534 4.23595781197357 0.0331023631843088 -0.145162478277413
8.89999999999999 2.3854673118716 63.4323788672085 86.0752498008661 4.24784018360796 0.0329194576778872 -0.14741318568995
8.99999999999999 2.44678808203262 63.4854768902596 86.0469216127814 4.25960243513765 0.0327510142716521 -0.149541249119365
9.09999999999999 2.50811304290452 63.5386033166998 86.0185881470932 4.27124495899287 0.032597694546588 -0.151487310326062
9.19999999999999 2.5694418777499 63.5917570312303 85.9902486745399 4.28276810572063 0.0324600393584463 -0.153193122926713
9.29999999999998 2.63077426793781 63.6449369264642 85.9619024602085 4.29417218227885 0.0323385489162099 -0.15464105404397
9.39999999999998 2.69210989356885 63.6981419036368 85.9335487638482 4.30545745047821 0.0322337094976428 -0.155814277525405
9.49999999999998 2.75344843411438 63.751370873316 85.9051868401887 4.31662412542974 0.0321459924600149 -0.156697013412869
9.59999999999998 2.81478956906896 63.8046227561148 85.8768159392583 4.32767237399239 0.0320758533299122 -0.157274766765734
9.69999999999998 2.87613297861601 63.8578964834014 85.8484353067016 4.33860231322065 0.0320237309920244 -0.157534560413668
9.79999999999998 2.93747834430707 63.9111909980114 85.8200441840981 4.34941400881209 0.0319900469958375 -0.157465155953793
9.89999999999998 2.99882534975475 63.9645052549589 85.7916418092796 4.36010747355496 0.0319752049981406 -0.157057257269833
9.99999999999998 3.06017368133945 64.0178382221476 85.7632274166491 4.37068266577576 0.0319795903576197 -0.156303691059253
10.1 3.12152302893127 64.071188881083 85.7348002375046 4.38113948780677 0.032003462132473 -0.155156787032
10.2 3.18287308664423 64.1245562275955 85.7063595005356 4.39147778497143 0.0320466274585819 -0.153579927703767
10.3 3.24422355364357 64.1779392725938 85.6779044327535 4.40169734588453 0.032108761367432 -0.151586123679427
10.4 3.30557413496543 64.2313370428301 85.6494342605934 4.41179790327026 0.0321895151153904 -0.149190747331123
10.5 3.36692454232931 64.2847485816651 85.6209482110228 4.42177913480019 0.0322885175656516 -0.146411263668689
10.6 3.42827449494183 64.3381729498336 85.5924455126497 4.43164066393131 0.0324053767491666 -0.143266938545294
10.7 3.4896237202926 64.3916092262101 85.5639253968314 4.44138206074396 0.032539681574313 -0.139778532158623
10.8 3.55097195494185 64.445056508574 85.5353870987827 4.45100284277987 0.0326910036544985 -0.135967985899255
10.9 3.61231894530016 64.4985139143748 85.5068298586845 4.46050247588012 0.0328588992224857 -0.131858110138582
11 3.6736644484003 64.5519805814981 85.4782529227921 4.46988037502316 0.0330429111006299 -0.127472279837496
11.1 3.73500823266116 64.6054556690291 85.4496555445488 4.47913590518681 0.0332424401484724 -0.122829265160808
11.2 3.7963500786447 64.6589383579792 85.4210369858266 4.48826838283526 0.0334563554109741 -0.117955392606407
11.3 3.85768977979698 64.7124278519176 85.3923965184909 4.49727707899246 0.0336833876282379 -0.112884259749253
11.4 3.91902714315618 64.7659233775655 85.3637334260928 4.50616122294046 0.0339222621006703 -0.107647409047397
11.5 3.98036199002165 64.8194241853884 85.335047005566 4.51492000594182 0.0341717009084669 -0.102274087444824
11.6 4.04169415658323 64.8729295501889 85.3063365689241 4.52355258496193 0.0344304249440042 -0.0967910763630569
11.7 4.10302349451043 64.9264387716993 85.2776014449576 4.53205808639148 0.0346971557522084 -0.0912225853319165
11.8 4.16434987149963 64.9799511751743 85.2488409809312 4.54043560976879 0.0349706171806756 -0.0855902011329625
11.9 4.22567317177963 65.0334661119834 85.2200545442804 4.54868423150218 0.0352495368453539 -0.0799128842611925
12 4.28699329657355 65.0869829602038 85.1912415243093 4.55680300859241 0.0355326474224344 -0.0742070042812882
12.1 4.34831016451614 65.1405011252097 85.1624013338862 4.56479098236874 0.0358186172239718 -0.0685212518348786
12.2 4.40962371201191 65.1940200401799 85.1335334111149 4.57264718258233 0.0361058403941873 -0.0629024154344298
12.3 4.47093389350597 65.2475391663981 85.1046372209424 4.5803706324063 0.0363926507626639 -0.0573598654816841
12.4 4.53224068167834 65.3010579934709 85.0757122567413 4.58796035379307 0.0366773929154687 -0.0519001608886168
12.5 4.59354406757173 65.3545760395429 85.0467580418915 4.59541537284547 0.0369584223594631 -0.0465272670528716
12.6 4.65484406065151 65.4080928515115 85.0177741313619 4.60273472518773 0.0372341056036168 -0.0412427668064959
12.7 4.71614068879706 65.4616080052425 84.9887601132917 4.60991746133663 0.037502820181055 -0.0360460591377823
12.8 4.77743399822284 65.5151211057847 84.9597156105724 4.61696265207251 0.0377629546343975 -0.0309345412837746
12.9 4.8387240533284 65.5686317875854 84.9306402824291 4.62386939381035 0.0380129084833821 -0.0259037710164986
13 4.90001093647616 65.6221397147048 84.9015338260024 4.63063681397085 0.038251092193216 -0.0209476066666778
13.1 4.96129474769578 65.675644581028 84.8723959779225 4.63726407634799 0.0384759543209829 -0.0161075986286498
13.2 5.02257560430776 65.7291461103762 84.8432265156956 4.64375038638508 0.0386860633197512 -0.0114223257084352
13.3 5.08385364045738 65.7826440563674 84.8140252586142 4.65009499621886 0.0388800263254653 -0.00687942369520126
13.4 5.14512900657307 65.8361382021764 84.7847920684779 4.65629720963196 0.0390564615332734 -0.00246582908617878
13.5 5.20640186875679 65.8896283602923 84.7555268503082 4.66235638700203 0.0392139977090092 0.00183217881586793
13.6 5.26767240810635 65.9431143722746 84.726229553063 4.66827195025073 0.0393512737870418 0.00602896121328619
13.7 5.32894081997066 65.9965961085105 84.6969001703511 4.67404338779281 0.0394669385544891 0.0101395281770561
13.8 5.39020731313724 66.0500734679718 84.6675387411464 4.67967025948511 0.0395596504224703 0.0141795722612367
13.9 5.45147210895378 66.1035463779713 84.6381453505027 4.68515220157568 0.0396280772837014 0.0181655281565668
14 5.51273544038375 66.1570147939204 84.6087201302676 4.69048893165276 0.0396708964567519 0.0221146594975277
14.1 5.57399755099749 66.210478699081 84.5792632597874 4.69568025357869 0.0396868859080724 0.0259941246693942
14.2 5.63525869390882 66.2639381042164 84.5497749663399 4.70072606203 0.0396751973657574 0.0297709277731534
14.3 5.69651913067783 66.31739304698 84.5202555248833 4.70562634603767 0.0396350816401607 0.0334628178851398
14.4 5.75777913018378 66.3708435912016 84.4907052575327 4.71038119213361 0.0395657969424996 0.0370877029612326
14.5 5.81903896746522 66.4242898261698 84.4611245330285 4.71499078748199 0.0394666085883206 0.0406638141404573
14.6 5.88029892252943 66.4777318659142 84.4315137662024 4.7194554230105 0.039336788779232 0.0442098890252194
14.7 5.94155927913358 66.5311698484879 84.4018734174459 4.72377549654172 0.0391756164590805 0.0477453780898174
14.8 6.00282032354001 66.5846039352495 84.3722039921763 4.72795151592441 0.038982377242934 0.0512906797235346
14.9 6.06408234324814 66.638034310146 84.3425060403048 4.73198410216479 0.0387563634179826 0.0548674104172249
15 6.12534562570623 66.6914611789942 84.3127801557033 4.73587399255792 0.0384968740189807 0.0584987184689755
15.1 6.18661045700617 66.7448847687604 84.2830269756616 4.73962204379985 0.0382033251362696 0.0621619920358584
15.2 6.24787712057993 66.7983053267462 84.2532471800873 4.74322923460347 0.0378755793580527 0.0658316314881241
15.3 6.30914589593475 66.851723119541 84.2234414900498 4.74669666705408 0.0375136131180866 0.0695284337166799
15.4 6.3704170574209 66.9051384318814 84.1936106660673 4.7500255674687 0.0371174059662982 0.0732744960925083
15.5 6.43169087302403 66.9585515655072 84.1637555063833 4.75321728723607 0.0366869403393166 0.0770936054553171
15.6 6.49296760318417 67.0119628380183 84.1338768452437 4.75627330365688 0.0362222014011837 0.0810116900648408
15.7 6.55424749964428 67.0653725817302 84.103975551173 4.75919522078378 0.0357231769624857 0.0850573521283823
15.8 6.61553080433094 67.1187811425304 84.0740525252518 4.76198477026161 0.0351898574902815 0.0892625034493623
15.9 6.67681774826997 67.1721888787345 84.0441086993926 4.76464381216741 0.0346222362247336 0.0936631328877801
16 6.73810855054001 67.2255961599425 84.0141450346174 4.76717433585062 0.0340203094240533 0.098300242950035
16.1 6.79940341726703 67.2790033658924 83.9841625193267 4.76957846075395 0.0333841833122415 0.103180792512925
16.2 6.86070254067721 67.3324108852472 83.954162167383 4.77185843673514 0.032714392743916 0.10830923220528
16.3 6.92200609824124 67.3858191142134 83.9241450157211 4.77401664312151 0.0320115792601955 0.11373186018264
16.4 6.9833142519025 67.4392284550927 83.8941121217717 4.77605558726536 0.0312763843745152 0.119502322695001
16.5 7.04462714737903 67.4926393148313 83.8640645608789 4.77797790308015 0.0305094499669183 0.125683389203336
16.6 7.10594491354044 67.5460521035695 83.8340034237164 4.77978634957667 0.0297114189410806 0.132349198908918
16.7 7.16726766185985 67.5994672331906 83.8039298137044 4.78148380939927 0.0288829362145194 0.139588132447834
16.8 7.22859548594193 67.6528851158704 83.7738448444264 4.783073287362 0.0280246501356891 0.147506520891943
16.9 7.28992846112767 67.7063061626266 83.7437496370464 4.78455790898482 0.0271372144537589 0.15623348662124
17 7.35126664417584 67.7597307818678 83.7136453177251 4.78594091902976 0.0262212910122416 0.165927331548522
17.1 7.41261007302224 67.8131593779425 83.6835330150347 4.78722568002049 0.0252776423425318 0.176767104718365
17.2 7.47395876662436 67.8665923496733 83.6534138573146 4.78841567032868 0.0243074024801199 0.18896626345307
17.3 7.53531272490876 67.9200300888548 83.6232889698776 4.78951448116085 0.0233118146455862 0.202806541907882
17.4 7.59667192881604 67.9734729787367 83.5931594721573 4.7905258131122 0.0222921498069347 0.218645314035914
17.5 7.65803634043566 68.026921392507 83.5630264748529 4.79145347270359 0.0212497171840128 0.23694134023644
17.6 7.71940590322851 68.0803756917742 83.5328910770748 4.79230136891871 0.0201858787196493 0.258291183626073
17.7 7.7807805423344 68.1338362250505 83.5027543634891 4.79307350974111 0.0191020692428236 0.283481582042172
17.8 7.84216016496227 68.1873033262346 83.4726174014634 4.79377399869129 0.0179998249579887 0.313566137314045
17.9 7.90354466085976 68.2407773130942 83.4424812382112 4.79440703136382 0.0168808243714711 0.349979824496337
18 7.96493390286016 68.2942584857491 83.4123468979374 4.79497689196437 0.0157469482278717 0.394713606931854
18.1 8.02632774750282 68.3477471251568 83.3822153789883 4.79548794983341 0.0146004436160499 0.450657941568501
18.2 8.08772603572616 68.4012434916761 83.3520876511316 4.79594465562108 0.0134442894937382 0.521952966648898
18.3 8.14912859363465 68.4547478238296 83.3219646531666 4.79635153657654 0.0122821996627131 0.614601415860367
18.4 8.21053523333664 68.5082603371431 83.2918472906644 4.79671319148863 0.0111189037331605 0.737679560710931
18.5 8.27194575384789 68.5617812229883 83.2617364337126 4.79703428561302 0.00996074017512015 0.905245675485339
18.6 8.33335994205564 68.6153106474262 83.2316329146608 4.79731954559938 0.00881668447889269 1.1395220280848
18.7 8.39477757373735 68.6688487500497 83.2015375258655 4.79757375441859 0.00770019247304445 1.47591167040758
18.8 8.45619841462924 68.7223956428264 83.171451017435 4.79780174628987 0.00663258572800494 1.96925287839942
18.9 8.51762222153893 68.7759514089418 83.1413740949752 4.79800840160804 0.00564922686842277 2.6933787323772
19 8.57904874349647 68.8295161016417 83.1113074173335 4.79819864187061 0.00480969616241721 3.69645615543108
19.1 8.64047772293799 68.883089743081 83.0812515943554 4.79837742460041 0.00420830195212645 0
19.2 8.70190889691007 68.9366723233151 83.0512071849072 4.79854973814819 0.00396145832637878 0
19.3 8.76334199827925 68.9902637996539 83.0211746955799 4.79872059619083 0.00413756725248592 0
19.4 8.82477675695192 69.0438640961595 82.991154579661 4.79889503210952 0.00469159058060942 3.92428058597786
19.5 8.88621290110551 69.0974731031492 82.9611472361162 4.79907809336346 0.00551145518216651 2.87405798311053
19.6 8.9476501584243 69.1510906766981 82.931153008572 4.79927483586346 0.0064968580218224 2.09742288722636
19.7 9.00908825733452 69.2047166381422 82.9011721842972 4.79949031834555 0.00758225289622248 1.56671743916271
19.8 9.07052692823155 69.2583507735814 82.8712049931854 4.79972959674464 0.00872851570097627 1.20673677358538
19.9 9.13196590469381 69.3119928333821 82.8412516067365 4.79999771856815 0.00991218704078111 0.958171712548086
20 9.19340492467674 69.3656425316804 82.8113121370393 4.80029971726958 0.0111186096186203 0.78219357113303
20.1 9.25484373168061 69.4192995458911 82.7813866357653 4.80064060662982 0.0123381874485954 0.654187352130938
20.2 9.31628207587301 69.4729635163791 82.7514750934847 4.80102537533566 0.0135644883962756 0.558614722444341
20.3 9.37771971514234 69.5266340465437 82.7215774397966 4.80145898205931 0.0147928862466814 0.485672443264829
20.4 9.43915641609966 69.5803107030639 82.6916935437805 4.80194635073526 0.0160198468081836 0.428920079518164
20.5 9.50059195503795 69.6339930161515 82.6618232144602 4.80249236584478 0.0172425449924665 0.384019674218741
20.6 9.56202611884445 69.687680479803 82.6319662012679 4.80310186770032 0.0184586300913873 0.347979225289511
20.7 9.62345870586195 69.741372552052 82.6021221945077 4.80377964772999 0.0196660773188593 0.31868925742003
20.8 9.68488952669397 69.7950686552219 82.57229082582 4.804530443762 0.0208630912339545 0.294632408533838
20.9 9.74631840494991 69.8487681761779 82.5424716686449 4.80535893530913 0.0220480413281404 0.274697226711381
21 9.80774517792563 69.9024704665794 82.5126642386863 4.80626973885318 0.023219418116251 0.258056126218169
21.1 9.86916969721509 69.9561748431385 82.4828679943876 4.80726740314731 0.0243759044671027 0.243967537827687
21.2 9.93059182923637 70.0098805880226 82.453082337714 4.80835640498348 0.0255166527362434 0.231848820867734
21.3 9.99201145565431 70.063586949629 82.4233066157125 4.80954114614051 0.0266409524883588 0.221345576596763
21.4 10.0534284737262 70.1172931435033 82.393540122379 4.8108259507973 0.027748116833693 0.212181224843891
21.5 10.1148427965838 70.1709983532647 82.3637821005371 4.81221506296384 0.0288374751068221 0.20413752859627
21.6 10.1762543534506 70.2247017315302 82.3340317437161 4.81371264391231 0.0299083674947921 0.19704056065123
21.7 10.2376630897918 70.27840240084 82.3042881980305 4.81532276960811 0.0309601410806432 0.19075044895949
21.8 10.2990689673976 70.3320994545818 82.2745505640579 4.81704942814096 0.0319921469302308 0.185153785737498
21.9 10.3604719643955 70.385791957916 82.244817898718 4.81889651715594 0.0330037379596702 0.180157941272713
22 10.4218720751931 70.4394789486999 82.2150892171514 4.82086784128455 0.0339942673949709 0.175686757662046
22.1 10.4832693103468 70.4931594384173 82.1853634946071 4.82296710959696 0.0349631993660912 0.171598864937257
22.2 10.5446636963523 70.546832413213 82.1556396685779 4.82519793360497 0.0359104385560458 0.167766024600653
22.3000000000001 10.6060552753526 70.6004968351992 82.1259166415604 4.82756382666296 0.0368359865570572 0.164147813828831
22.4000000000001 10.6674441047887 70.6541516438668 82.0961932840627 4.83006820391956 0.0377398287699162 0.160710269997941
22.5000000000001 10.728830257003 70.7077957575016 82.06646843762 4.83271438229046 0.0386219342950684 0.157424667796612
22.6000000000001 10.7902138187961 70.7614280746006 82.0367409178122 4.83550558043127 0.0394822559437832 0.154266554157278
22.7000000000001 10.8515948909373 70.815047475288 82.0070095172798 4.8384449187104 0.0403207303483955 0.151214980382181
22.8000000000001 10.9129735876304 70.8686528227312 81.9772730087411 4.84153541918182 0.0411372781554807 0.148251886358809
22.9000000000001 10.9743500359328 70.9222429645566 81.9475301480078 4.84478000555799 0.0419318042892674 0.145361603007788
23.0000000000001 11.035724375131 70.9758167342662 81.9177796770027 4.84818150318266 0.042704198275386 0.142530447179612
23.1000000000001 11.0970967560708 71.0293729526546 81.8880203267798 4.85174263902154 0.0434544263729452 0.139708618127405
23.2000000000001 11.1584673404467 71.0829104292597 81.8582508206572 4.85546604211698 0.0441828049747007 0.136846418210187
23.3000000000001 11.2198363000637 71.1364279638971 81.8284698776327 4.85935424522034 0.0448897217377345 0.133932568373156
23.4000000000001 11.281203816083 71.1899243482283 81.7986762159116 4.86340968688826 0.0455755436593578 0.130956908995972
23.5000000000001 11.3425700782538 71.2433983673298 81.7688685564386 4.86763471359691 0.0462406175532003 0.127910219611726
23.6000000000001 11.403935284131 71.296848801262 81.7390456264295 4.87203158185609 0.046885270605197 0.124784067649473
23.7000000000001 11.4652996382823 71.3502744266388 81.709206162903 4.87660246032344 0.0475098110105913 0.121570680554932
23.8000000000001 11.5266633514827 71.4036740181961 81.6793489162128 4.88134943191859 0.0481145286935417 0.11826283668031
23.9000000000001 11.5880266398996 71.4570463503618 81.6494726535793 4.88627449593735 0.0486996961110941 0.114853771485839
24.0000000000001 11.6493897242685 71.5103901988243 81.6195761626214 4.89137957016584 0.0492655691437191 0.111337096159704
24.1000000000001 11.7107528290591 71.5637043420995 81.5896582548858 4.89666649300422 0.0498124411924246 0.107714147579456
24.2000000000001 11.7721161816363 71.6169875630386 81.5597177693124 4.90213702583809 0.0503408039746967 0.10398433848171
24.3000000000001 11.8334800114254 71.6702386501855 81.5297535755337 4.90779285603857 0.0508511898550642 0.100139097968781
24.4000000000001 11.8948445490885 71.7234563990747 81.4997645771123 4.91363560021014 0.0513441198071415 0.0961704160572678
24.5000000000001 11.9562100257138 71.776639613527 81.4697497147735 4.91966680744802 0.0518201045027037 0.0920707780126948
24.6000000000001 12.0175766720194 71.8297871069459 81.4397079696389 4.92588796259547 0.0522796455228228 0.0878331087974592
24.7000000000001 12.0789447175719 71.8828977036128 81.4096383664606 4.93230048950117 0.0527232366949214 0.0834507263811295
24.8000000000001 12.1403143900205 71.9359702399833 81.3795399768543 4.93890575427654 0.0531513655598895 0.0789173027434854
24.9000000000001 12.2016859143489 71.9890035659827 81.3494119225326 4.94570506855313 0.0535645149731607 0.0742268318395684
25.0000000000001 12.263059512145 72.041996546302 81.3192533785394 4.9526996927399 0.0539631648437846 0.0693736038943117
25.1000000000001 12.3244354008883 72.0949480616898 81.2890635764769 4.9598908392823 0.0543478116922455 0.0643820973184827
25.2000000000001 12.3858137932434 72.1478570101374 81.2588418075884 4.96727967596436 0.0547190248084254 0.0592756559355671
25.3000000000001 12.4471948963391 72.2007223077948 81.2285874254697 4.97486732932047 0.0550773970236697 0.0540474880096854
25.4000000000001 12.5085789110613 72.2535428897805 81.198299848635 4.9826548880902 0.0554235289886337 0.048691331796288
25.5000000000001 12.5699660313748 72.3063177109864 81.1679785630771 4.99064340667484 0.0557580309435084 0.0432014410616454
25.6000000000001 12.6313564436765 72.3590457468837 81.1376231248278 4.99883390859392 0.0560815246111563 0.0375725783234239
25.7000000000001 12.6927503261824 72.4117259943282 81.1072331625178 5.00722738994175 0.0563946452128355 0.0318000154657075
25.8000000000001 12.754147848347 72.4643574723654 81.0768083799374 5.01582482284393 0.0566980436062655 0.0258795415301786
25.9000000000001 12.8155491703205 72.5169392230368 81.0463485585964 5.02462715891389 0.0569923885436734 0.0198074775828541
26.0000000000001 12.8769544424412 72.5694703121845 81.0158535602845 5.03363533270941 0.0572783690481708 0.0135806986190001
26.1000000000001 12.9383638047682 72.6219498302508 80.9853233296201 5.04285026518421 0.0575566895772516 0.00725794744187366
26.2000000000001 12.9997773866369 72.6743768929126 80.9547578963104 5.05227286701134 0.0578280509153566 0.00089700195263821
26.3000000000001 13.0611953062173 72.7267506412992 80.9241573766754 5.06190404158117 0.0580931745738919 -0.00550568245124644
26.4000000000001 13.1226176700972 72.7790702420451 80.893521974883 5.07174468787111 0.0583528113398248 -0.0119528472563665
26.5000000000001 13.1840445729082 72.8313348873364 80.8628519841728 5.08179570331046 0.0586077423790079 -0.0184464156055677
26.6000000000001 13.2454760969982 72.8835437949583 80.83214778808 5.09205798664525 0.0588587803623839 -0.0249874726015327
26.7000000000001 13.3069123121503 72.935696208341 80.801409861659 5.10253244080305 0.0591067706037376 -0.0315762416185686
26.8000000000001 13.3683532753517 72.9877913966068 80.7706387727074 5.11321997575779 0.0593525921959962 -0.0382120573341061
26.9000000000001 13.4297990306153 73.0398286546166 80.7398351829896 5.12412151139463 0.059597159132372 -0.0448933361370758
27.0000000000001 13.4912496088545 73.0918073030167 80.7089998494607 5.13523798037474 0.0598414213971077 -0.0516175447081548
27.1000000000001 13.5527050278133 73.1437266882782 80.6781336254774 5.14657033099049 0.0600863365727214 -0.0583087094156224
27.2000000000001 13.6141652920134 73.1955861825411 80.6472374616714 5.15811952976886 0.0603327802101406 -0.0648920172682001
27.3000000000001 13.6756303926523 73.2473851829648 80.6163124059669 5.16988656343594 0.0605816300787656 -0.0713653193668521
27.4000000000001 13.7371003075115 73.2991231108838 80.5853596032611 5.18187244062974 0.0608337938813294 -0.0777256503269807
27.5000000000001 13.7985750009184 73.3507994109557 80.5543802950911 5.19407819360328 0.0610902079347976 -0.0839692527904461
27.6000000000001 13.8600544237622 73.4024135503093 80.5233758193013 5.20650487992771 0.0613518357732923 -0.0900916068785478
27.7000000000001 13.9215385135694 73.4539650176926 80.4923476097107 5.21915358419537 0.061619666662497 -0.0960874651471748
27.8000000000001 13.9830271946378 73.5054533226212 80.46129719578 5.23202541972297 0.061894714017084 -0.101950893512603
27.9000000000001 14.0445203782334 73.556877994526 80.4302262022791 5.24512153025466 0.0621780137124601 -0.107675318654413
28.0000000000001 14.1060179628508 73.6082385819017 80.3991363489539 5.25844309166511 0.0624706222850978 -0.113253582228097
28.1000000000001 14.1675198345387 73.6595346514467 80.3680294501803 5.27199131365357 0.0627735852707461 -0.11860630471678
28.2000000000001 14.2290258672451 73.7107657869904 80.3369074142576 5.28576744120097 0.0630878409393618 -0.123656594562703
28.3000000000001 14.2905359231072 73.7619315878832 80.3057722417895 5.29977275542589 0.0634142979613102 -0.128400636359349
28.4000000000001 14.3520498527546 73.8130316671733 80.2746260237054 5.31400857420364 0.0637538603083312 -0.13283471690497
28.5000000000001 14.41356749567 73.8640656497759 80.2434709392681 5.32847625277627 0.0641074236638532 -0.136955329733488
28.6000000000001 14.4750886806103 73.915033170642 80.2123092540806 5.34317718436252 0.0644758719342612 -0.140759277981327
28.7000000000001 14.5366132260898 73.9659338729275 80.1811433180945 5.35811280076785 0.0648600738750567 -0.144243774032527
28.8000000000001 14.598140940925 74.0167674061625 80.1499755636166 5.3732845729944 0.0652608798470281 -0.147406534395372
28.9000000000001 14.6596716248421 74.0675334244198 80.1188085033169 5.38869401185098 0.065679118717944 -0.1502458682657
29.0000000000001 14.7212050691478 74.1182315844845 80.0876447282359 5.40434266856307 0.0661155949254163 -0.152760758315048
29.1000000000001 14.7827410574628 74.1688615440158 80.0564869057795 5.42023213537357 0.0665710461102846 -0.154893094207043
29.2000000000001 14.8442793664787 74.2194229595392 80.0253377773897 5.43636404590406 0.0670460161278213 -0.156589312582079
29.3000000000002 14.9058197666751 74.2699154840032 79.9942001553922 5.45274007490794 0.0675409616467101 -0.157856622899141
29.4000000000002 14.9673620230445 74.3203387641659 79.9630769195194 5.46936193778403 0.0680562882267552 -0.158703370575005
29.5000000000002 15.0289058958596 74.3706924379751 79.9319710134211 5.48623139008099 0.0685923486410481 -0.159139012749111
29.6000000000002 15.0904511414835 74.4209761319475 79.9008854411747 5.50335022700168 0.0691494416567008 -0.159174076268195
29.7000000000002 15.1519975132208 74.471189458549 79.8698232637967 5.5207202829076 0.0697278112641791 -0.158820099118628
29.8000000000002 15.2135447622079 74.5213320135744 79.8387875957526 5.53834343082327 0.0703276463408553 -0.158089556880653
29.9000000000002 15.2750926383407 74.5714033735268 79.8077816014677 5.55622158194062 0.0709490807308484 -0.156995776147362
30.0000000000002 15.3366408912385 74.6214030929981 79.7768084918382 5.57435668512337 0.0715921937192087 -0.155552837049916
30.1000000000002 15.3981892712405 74.6713307020455 79.7458715207337 5.59275072640218 0.072256961881737 -0.1537482941425
30.2000000000002 15.4597375304038 74.7211857035054 79.7149739813112 5.61140572822735 0.0729431106308702 -0.151573245265424
30.3000000000002 15.5212854234467 74.7709675701429 79.6841192018442 5.63032374810675 0.0736502583786926 -0.149047790106272
30.4000000000002 15.5828327086682 74.820675741738 79.6533105413634 5.64950687700127 0.0743779673947005 -0.14619216769133
30.5000000000002 15.6443791488644 74.8703096221689 79.6225513852883 5.66895723771113 0.0751257466896332 -0.14302659854902
30.6000000000002 15.7059245122407 74.9198685764954 79.5918451410603 5.68867698326204 0.0758930551734113 -0.139571135284163
30.7000000000002 15.7674685733156 74.9693519280425 79.561195233775 5.70866829529151 0.0766793050416119 -0.135845523674524
30.8000000000002 15.8290111138128 75.0187589554834 79.5306051018146 5.72893338243498 0.0774838653473872 -0.13186907591884
30.9000000000002 15.890551923538 75.0680888899235 79.5000781924801 5.74947447871215 0.0783060657183742 -0.127660557193263
31.0000000000002 15.9520908012377 75.1173409119833 79.4696179576245 5.77029384191313 0.0791452001817654 -0.123238086341147
31.1000000000002 16.0136275554338 75.1665141488854 79.4392278492859 5.79139375197779 0.08000049383449 -0.11863055270852
31.2000000000002 16.0751620052263 75.215607671633 79.4089113153596 5.81277650919462 0.0808709962893257 -0.113866226757988
31.3000000000002 16.1366939810368 75.2646204924198 79.3786717953654 5.83444443194182 0.0817556993593279 -0.108960964332868
31.4000000000002 16.1982233252937 75.313551562131 79.348512716252 5.85639985424792 0.0826535784159371 -0.103929535611583
31.5000000000002 16.2597498930607 75.3623997678486 79.3184374882041 5.8786451233455 0.0835635961569149 -0.0987856090744995
31.6000000000002 16.3212735526035 75.4111639303558 79.2884495004484 5.90118259722492 0.0844847063064414 -0.093541748304101
31.7000000000002 16.3827941858933 75.4598428016422 79.2585521170601 5.92401464218802 0.0854158572422248 -0.088209420047003
31.8000000000002 16.4443116890427 75.5084350624081 79.2287486727693 5.94714363040187 0.0863559955469542 -0.0827990120506279
31.9000000000002 16.5058259726707 75.5569393195698 79.1990424687673 5.97057193745244 0.0873040694848326 -0.0773198592346309
32.0000000000002 16.5673369621946 75.6053541037642 79.1694367685134 5.99430193989838 0.0882590324058616 -0.0717802767269098
32.1000000000002 16.6288445980453 75.6536778668633 79.1399347935522 6.01833601282172 0.0892198374518976 -0.0662313481863391
32.2000000000002 16.6903488358254 75.7019089797369 79.1105397196331 6.04267652730222 0.0901854171621626 -0.0607208581334203
32.3000000000002 16.7518496464358 75.750045730647 79.0812546735925 6.06732584769749 0.0911547157431648 -0.0552508584331592
32.4000000000002 16.8133470161356 75.7980863238905 79.0520827305374 6.09228632884659 0.0921266998795482 -0.0498226908965764
32.5000000000002 16.8748409465118 75.8460288784512 79.0230269110404 6.1175603132708 0.093100360239242 -0.0444370513535862
32.6000000000002 16.9363314543571 75.8938714266523 78.9940901783349 6.14315012837427 0.0940747129541974 -0.0390940505539702
32.7000000000002 16.9978185714534 75.9416119128086 78.9652754355098 6.16905808364471 0.0950488010891461 -0.033793271684079
32.8000000000002 17.0593023442611 75.989248191879 78.9365855227049 6.19528646785415 0.0960216961095458 -0.0285338243962918
32.9000000000002 17.1207828335119 76.0367780281183 78.9080232143056 6.22183754625961 0.0969924993594386 -0.023314395283416
33.0000000000002 17.1822601137058 76.0841990937297 78.8795912161383 6.24871355780376 0.097960343558724 -0.0181332948579777
33.1000000000002 17.243734272513 76.1315089675328 78.8512921626845 6.27591671231604 0.0989244086471972 -0.0130522980960052
33.2000000000002 17.305205410157 76.1787051340297 78.8231286148037 6.30344918772262 0.0998839658550418 -0.00812966951135355
33.3000000000002 17.3666736389002 76.2257849834856 78.7951030587447 6.33131312727922 0.100838334426034 -0.00335826484607236
33.4000000000002 17.4281390825192 76.2727458124082 78.7672179056649 6.35951063681284 0.101786866471547 0.0012689516509429
33.5000000000002 17.4896018756961 76.3195848240421 78.7394754911692 6.38804378196386 0.102728946253259 0.00575888658665991
33.6000000000002 17.5510621633228 76.3662991288634 78.7118780748489 6.41691458542814 0.10366398958986 0.0101183011487872
33.7000000000002 17.612520099721 76.4128857450748 78.684427839821 6.44612502419913 0.104591443384671 0.0143537985954037
33.8000000000002 17.6739758477752 76.4593415991 78.6571268922662 6.47567702680997 0.105510785269407 0.0184718149405544
33.9000000000002 17.7354295779835 76.5056635260783 78.6299772609687 6.50557247057556 0.106421523360419 0.0224786123780391
34.0000000000002 17.7968814674231 76.5518482703594 78.6029808968546 6.53581317883468 0.107323196122796 0.0263802749800962
34.1000000000002 17.8583316986397 76.5978924860136 78.5761396725499 6.56640091819516 0.108215395607149 0.0301260534834222
34.2000000000002 17.9197804585822 76.6437927377456 78.5494553824303 6.59733739585843 0.109097833352148 0.0336673082639248
34.3000000000002 17.9812279377874 76.6895455028328 78.5229297439209 6.62862425714583 0.109970262904385 0.0370128143748358
34.4000000000002 18.0426743296286 76.7351471734671 78.4965643992875 6.66026308310426 0.110832454014103 0.0401709124473125
34.5000000000002 18.1041198295068 76.7805940591123 78.4703609174475 6.69225538811502 0.111684191193215 0.0431495293870461
34.6000000000002 18.165564633982 76.8258823888617 78.44432079578 6.72460261750246 0.112525272461428 0.0459561987948468
34.7000000000002 18.227008939843 76.8710083137953 78.4184454619367 6.75730614514283 0.113355508268242 0.0485980809238999
34.8000000000002 18.2884529431182 76.9159679093373 78.3927362756521 6.790367271073 0.114174720579624 0.0510819819926088
34.9000000000002 18.349896838026 76.9607571776136 78.3671945305545 6.82378721909923 0.114982742118499 0.0534143727907187
35.0000000000002 18.4113408158653 77.005372049809 78.3418214559757 6.85756713440589 0.115779415749892 0.0556014064983241
35.1000000000002 18.4727850638536 77.0498083885366 78.3166182187742 6.89170808116927 0.116564613411808 0.0576144402833326
35.2000000000002 18.5342297640773 77.0940619905151 78.2915859254579 6.92621104030091 0.117338288690691 0.0594255993240326
35.3000000000002 18.5956750928235 77.1381285900276 78.2667256250737 6.96107690752006 0.118100408666171 0.061041673315356
35.4000000000002 18.6571212200375 77.1820038626889 78.2420383123978 6.99630649155577 0.118850932238933 0.0624690881211974
35.5000000000002 18.7185683087406 77.2256834292241 78.2175249311377 7.03190051235395 0.119589809347761 0.0637139283655546
35.6000000000002 18.780016514402 77.2691628592476 78.1931863771347 7.06785959928444 0.120316980379222 0.0647819578463162
35.7000000000002 18.8414659842616 77.3124376750421 78.1690235015657 7.1041842893481 0.121032375760278 0.0656786379345519
35.8000000000002 18.9029168566036 77.3555033553372 78.1450371141455 7.14087502538383 0.12173591572466 0.0664091440287377
35.9000000000002 18.9643692599781 77.3983553390883 78.1212279863287 7.17793215427568 0.1224275102453 0.0669783801990732
36.0000000000002 19.0258233123702 77.4409890292556 78.0975968545122 7.21535592515991 0.123107059124866 0.0673909921202146
36.1000000000002 19.0872791203213 77.4833997965896 78.0741444232397 7.25314648763875 0.123774468104164 0.0676405571146625
36.2000000000002 19.1487367781953 77.5255829835887 78.0508713684734 7.29130389016845 0.124429692217691 0.0677205853188439
36.3000000000002 19.2101963679011 77.5675339088938 78.0277783410363 7.32982807888966 0.125072680437943 0.067635252984429
36.4000000000002 19.2716579587657 77.6092478718559 78.0048659701215 7.3687188966321 0.125703358959098 0.0673885014449617
36.5000000000002 19.3331216073666 77.6507201571091 77.9821348668042 7.40797608192594 0.126321631651289 0.0669840450049727
36.6000000000003 19.3945873573101 77.6919460391445 77.9595856275529 7.44759926801314 0.126927380676858 0.0664253771268166
36.7000000000003 19.4560552389539 77.7329207868841 77.9372188377424 7.48758798185882 0.127520467261874 0.0657157750983718
36.8000000000003 19.5175252690723 77.773639668254 77.9150350751646 7.52794164316263 0.128100732618511 0.0648583032920845
36.9000000000003 19.5789974504584 77.8140979547584 77.8930349135407 7.56865956337012 0.12866799901234 0.0638558151389945
37.0000000000003 19.6404717714636 77.8542909260528 77.8712189260335 7.6097409446841 0.129222070970539 0.0627109539168359
37.1000000000003 19.7019482054777 77.8942138745196 77.8495876887544 7.65118487908439 0.129762756430901 0.0614326963604326
37.2000000000003 19.7634267105508 77.9338621098805 77.8281417841608 7.69299034756585 0.130289923962938 0.0600295195793646
37.3000000000003 19.8249072294856 77.9732309639045 77.8068818041736 7.73515621993052 0.130803438310546 0.0585030322154146
37.4000000000003 19.8863896900812 78.0123157951535 77.7858083531831 7.77768125479794 0.131303140920839 0.0568546710613964
37.5000000000003 19.9478740053254 78.0511119937298 77.7649220510522 7.820564099624 0.131788851288978 0.0550856981084638
37.6000000000003 20.0093600735242 78.0896149860223 77.7442235361183 7.86380329071963 0.132260368418442 0.0531971968210675
37.7000000000003 20.0708477783669 78.1278202394548 77.7237134681961 7.90739725326965 0.132717472395421 0.0511900677147129
37.8000000000003 20.1323369889223 78.1657232672317 77.7033925315799 7.95134430135148 0.133159926073854 0.0490650232858779
37.9000000000003 20.1938275595661 78.2033196330862 77.6832614380458 7.99564263795396 0.13358747687065 0.0468225823548864
38.0000000000003 20.2553193298348 78.2406049560269 77.6633209298547 8.04029035499612 0.133999858668766 0.0444630638753786
38.1000000000003 20.3168121242146 78.2775749150835 77.6435717827473 8.08528543335495 0.134396816237133 0.0419992901267662
38.2000000000003 20.3783057520648 78.314225254025 77.6240148087652 8.13062574312798 0.134778170837529 0.0394435745254569
38.3000000000003 20.4398000080095 78.3505517860046 77.6046508586251 8.17630904449184 0.135143748354127 0.0367952051985262
38.4000000000003 20.501294672479 78.3865503981765 77.5854808239187 8.22233298879547 0.135493357591676 0.0340533128353117
38.5000000000003 20.562789512199 78.4222170563123 77.5665056393058 8.26869511966244 0.135826791978904 0.0312168630419346
38.6000000000003 20.6242842806182 78.4575478094163 77.5477262847069 8.31539287409328 0.136143831368666 0.0282846483811322
38.7000000000003 20.6857787182716 78.4925387943416 77.5291437874961 8.36242358356779 0.136444243935517 0.0252552800852875
38.8000000000003 20.7472725530798 78.5271862404058 77.5107592246936 8.40978447514729 0.136727788171785 0.0221271794952417
38.9000000000003 20.8087655005819 78.5614864740069 77.4925737251593 8.45747267257699 0.13699421498317 0.0188985692407392
39.0000000000003 20.8702572641024 78.5954359232392 77.4745884717851 8.50548519738826 0.137243269886193 0.0155674641497146
39.1000000000003 20.9317475348581 78.6290311225057 77.4568047036784 8.55381897000933 0.137474715610371 0.0121501313715255
39.2000000000003 20.9932359921911 78.6622687170418 77.439223718106 8.60247081109412 0.137688391472172 0.00866245354877178
39.3000000000003 21.0547223042322 78.6951454672158 77.421846871828 8.65143744340477 0.137884147666329 0.00510159735276518
39.4000000000003 21.1162061287077 78.7276582527397 77.4046755821913 8.70071549391237 0.138061825686218 0.0014645751461659
39.5000000000003 21.1776871137046 78.7598040768776 77.3877113282148 8.75030149590593 0.138221260083057 -0.00225176472059667
39.6000000000003 21.239164898388 78.7915800706534 77.3709556516736 8.80019189110154 0.138362280328603 -0.00605074771405872
39.7000000000003 21.3006391136704 78.8229834970595 77.3544101581837 8.85038303175137 0.138484712785477 -0.00993588302500758
39.8000000000003 21.3621093828338 78.8540117552637 77.338076518287 8.90087118275279 0.138588382788695 -0.0139108735606849
39.9000000000003 21.4235753221036 78.8846623848185 77.3219564685354 8.95165252375738 0.138673116842003 -0.0179796259547347
40.0000000000003 21.4850365411781 78.914933069868 77.3060518125757 9.00272315128003 0.138738744935234 -0.0221462605747511
40.1000000000003 21.5464926437167 78.944821643348 77.2903644222202 9.05407908081512 0.138785126012322 -0.0263835713718873
40.2000000000003 21.6079432279242 78.9743260909527 77.2748962381448 9.10571624913784 0.138812215315634 -0.0306644797791406
40.3000000000003 21.6693878874494 79.0034445545151 77.2596492696449 9.15763051707544 0.138819989739041 -0.0349935396691918
40.4000000000003 21.7308262124023 79.0321753351549 77.2446255940186 9.20981767246363 0.138808424975996 -0.0393754143697769
40.5000000000003 21.7922577903582 79.0605168964177 77.2298273559362 9.26227343311011 0.138777496800479 -0.0438148867042523
40.6000000000003 21.8536822073478 79.0884678674145 77.2152567668098 9.31499344975806 0.138727182465891 -0.0483168689227837
40.7000000000003 21.9150990488318 79.1160270459606 77.2009161041622 9.36797330904968 0.13865746222589 -0.0528864124220073
40.8000000000003 21.9765079006636 79.1431934017154 77.1868077109965 9.42120853648969 0.138568320982326 -0.0575287172419211
40.9000000000003 22.0379083500409 79.1699660793212 77.1729339951655 9.47469459940884 0.138459750065829 -0.0622491412433664
41.0000000000003 22.0992999864481 79.1963444015428 77.1592974287408 9.52842690992745 0.138331749154285 -0.0670532088968142
41.1000000000003 22.1606824025938 79.2223278723907 77.1459005473638 9.58240082792454 0.138184359641976 -0.0719002501550244
41.2000000000003 22.2220551954062 79.2479161798269 77.1327459491011 9.63661166415394 0.138017754643221 -0.0767490701218612
41.3000000000003 22.2834179671921 79.2731091974135 77.119836292049 9.69105468373337 0.137832135518482 -0.081604526981391
41.4000000000003 22.3447703268832 79.2979069855431 77.1071742914416 9.74572510978036 0.137627699003953 -0.086471476602202
41.5000000000003 22.4061118913139 79.3223097926538 77.0947627167418 9.80061812705393 0.137404637172813 -0.0913547844211155
41.6000000000003 22.4674422865298 79.3463180564442 77.0826043887316 9.85572888559619 0.137163137525297 -0.0962593371007234
41.7000000000003 22.5287611491262 79.3699324050881 77.0707021766019 9.91105250437398 0.136903383210074 -0.101190053933906
41.8000000000003 22.5900681276183 79.3931536584492 77.0590589950436 9.9665840749205 0.136625553380055 -0.106151897952624
41.9000000000003 22.6513628838419 79.4159828292963 77.0476778013372 10.0223186649769 0.136329823685489 -0.111149886717526
42.0000000000003 22.712645094387 79.4384211245183 77.0365615924436 10.0782513221341 0.136016366908594 -0.116189102757329
42.1000000000003 22.7739144520621 79.4604699463165 77.0257134020733 10.1343770774779 0.135685391332174 -0.121217877150247
42.2000000000003 22.8351706673791 79.4821308928314 77.0151362972178 10.1906909493384 0.135337245201495 -0.126183085762236
42.3000000000003 22.8964134700498 79.5034057573284 77.0048333733132 10.2471879472995 0.134972287360436 -0.131087596747667
42.4000000000003 22.9576426105313 79.5242965268174 76.9948077488652 10.3038630763129 0.134590845382938 -0.13593418273274
42.5000000000003 23.0188578616325 79.5448053806497 76.985062560054 10.360711340815 0.134193213600655 -0.140725545491107
42.6000000000003 23.0800590201813 79.5649346891161 76.9756009553386 10.4177277488446 0.133779651303863 -0.145464340905524
42.7000000000003 23.1412459087462 79.5846870120435 76.9664260900609 10.4749073161598 0.133350381118752 -0.150153204269648
42.8000000000003 23.2024183774094 79.6040650973927 76.9575411210509 10.5322450703559 0.132905587566063 -0.154794775960167
42.9000000000003 23.263576305588 79.6230718798559 76.9489492012306 10.5897360549821 0.132445415806243 -0.159391727502834
43.0000000000003 23.3247196038967 79.6417104794537 76.9406534742187 10.6473753336595 0.131969970576333 -0.163946788087414
43.1000000000003 23.3858482160428 79.6599842001064 76.9326570689202 10.7051579941963 0.131479368454143 -0.168407578606666
43.2000000000003 23.4469621205674 79.6778965275228 76.9249630937362 10.7630791526675 0.130973888060891 -0.172719382845342
43.3000000000003 23.5080613321562 79.6954511253568 76.9175746298058 10.8211339573989 0.130453793771968 -0.17688143887568
43.4000000000003 23.5691459028242 79.712651830681 76.9104947238689 10.8793175929158 0.129919277013422 -0.180892961881081
43.5000000000003 23.630215923153 79.729502649435 76.9037263811129 10.937625283889 0.129370452947645 -0.184753189972173
43.6000000000004 23.6912715235781 79.746007751873 76.8972725580211 10.9960522990813 0.128807357475248 -0.188461429483018
43.7000000000004 23.7523128757166 79.7621714680115 76.8911361552193 11.0545939552942 0.128229944566927 -0.192017099510095
43.8000000000004 23.8133401937266 79.7779982830777 76.8853200103235 11.113245621314 0.127638083937716 -0.195419775548685
43.9000000000004 23.8743537356874 79.7934928329564 76.8798268907877 11.1720027218587 0.127031559077234 -0.198669231937044
44.0000000000004 23.935353804992 79.8086598996389 76.8746594867506 11.2308607415241 0.126410065647514 -0.201765483001168
44.1000000000004 23.9963407517347 79.8235044066514 76.8698204038709 11.2898152287277 0.125773225589166 -0.204663241337705
44.2000000000004 24.0573149739381 79.8380314140082 76.865312155826 11.348861799586 0.125120623296225 -0.207315738922356
44.3000000000004 24.1182769183751 79.8522461119528 76.8611371559603 11.4079961416218 0.124451742706805 -0.209721194727819
44.4000000000004 24.1792270812187 79.8661538142222 76.8572977085977 11.4672140174044 0.123765948159627 -0.211878151596469
44.5000000000004 24.2401660086558 79.8797599512929 76.8537960003418 11.5265112681879 0.123062483332812 -0.21378550606412
44.6000000000004 24.3010942974576 79.8930700636268 76.8506340913754 11.5858838175492 0.122340470793159 -0.215442530983761
44.7000000000004 24.3620125954953 79.9060897949175 76.8478139067602 11.6453276750256 0.12159891215929 -0.216848890495694
44.8000000000004 24.4229216021888 79.9188248853358 76.8453372277371 11.7048389397529 0.120836688879893 -0.218004646936082
44.9000000000004 24.4838220688762 79.931281164776 76.8432056830257 11.7644138041035 0.120052563624321 -0.218910259299255
45.0000000000004 24.5447147990941 79.9434645461017 76.8414207401239 11.8240485573242 0.119245182277911 -0.219566572954091
45.1000000000004 24.605600648744 79.955381018373 76.8399836966066 11.8837395891642 0.118413123008467 -0.219942235408483
45.2000000000004 24.6664805258033 79.967036639584 76.8388956713761 11.943483393245 0.117555035482534 -0.220003545052599
45.3000000000004 24.7273553890496 79.9784375281562 76.8381575957941 12.0032765697742 0.116669498417133 -0.219748172526201
45.4000000000004 24.7882262463414 79.9895898539436 76.837770204767 12.0631158280013 0.115754974850106 -0.219173824246929
45.5000000000004 24.849094152785 80.0004998292169 76.8377340278283 12.1229979886636 0.114809815301368 -0.21827815525969
45.6000000000004 24.9099602087908 80.0111736996496 76.8380493802221 12.1829199864321 0.113832261578805 -0.217058662037723
45.7000000000004 24.9708255580143 80.021617735303 76.8387163539864 12.242878872357 0.112820451203542 -0.215512553336405
45.8000000000004 25.0316913851728 80.0318382216116 76.8397348090353 12.3028718163139 0.111772422427885 -0.213636596844408
45.9000000000004 25.0925589137363 80.0418414503683 76.8411043642432 12.3628961094493 0.110686119815482 -0.211426938813679
46.0000000000004 25.1534294034867 80.0516337107099 76.8428243885269 12.4229491666264 0.109559400356254 -0.20887889317812
46.1000000000004 25.2143041479293 80.0612212801005 76.8448939919419 12.4830285288553 0.108390097670183 -0.206004834061806
46.2000000000004 25.2751844711656 80.0706104152775 76.8473120171024 12.5431318653045 0.107176209907431 -0.202815072837169
46.3000000000004 25.3360717236209 80.0798073430979 76.8500770314275 12.6032569742524 0.105915747336263 -0.199299819591387
46.4000000000004 25.3969672772745 80.088818251348 76.853187319712 12.6634017836217 0.104606681941141 -0.195447351704455
46.5000000000004 25.4578725207952 80.0976492795501 76.8566408767093 12.7235643514965 0.10324695276215 -0.191243616301221
46.6000000000004 25.5187888546051 80.10630650977 76.8604353997147 12.7837428666403 0.101834471548568 -0.186671759798771
46.7000000000004 25.579717685878 80.1147959574238 76.8645682811494 12.8439356490138 0.100367128743176 -0.181711568174955
46.8000000000004 25.6406604234863 80.1231235620859 76.8690366011428 12.9041411502925 0.0988427998257481 -0.176338797247255
46.9000000000004 25.7016184729052 80.1312951782956 76.8738371201164 12.9643579543845 0.0972593520681438 -0.170524366280532
47.0000000000004 25.7625932310899 80.1393165663646 76.8789662713669 13.0245847779482 0.0956146517747042 -0.164233380653726
47.1000000000004 25.8235860813249 80.1471933832029 76.8844201536787 13.0848204708887 0.0939066750191415 -0.157513293294015
47.2000000000004 25.8845983876652 80.154931173625 76.8901945247007 13.1450640162994 0.0921338395402058 -0.150409079628761
47.3000000000004 25.9456314883723 80.1625353628769 76.8962847962597 13.205314528995 0.0902947276622967 -0.142870991008339
47.4000000000004 26.0066866890427 80.1700112496443 76.9026860304393 13.2655712534904 0.0883879901117074 -0.134839814284159
47.5000000000004 26.0677652558562 80.1773639990782 76.9093929356868 13.3258335619573 0.0864123495691037 -0.126244829981958
47.6000000000004 26.1288684089866 80.1845986358216 76.9163998629206 13.3861009521812 0.0843666053819526 -0.117001233603846
47.7000000000004 26.1899973161969 80.1917200370353 76.9237008016377 13.4463730455191 0.0822496398343645 -0.107006854162015
47.8000000000004 26.2511530866452 80.1987329254248 76.9312893760207 13.5066495848557 0.0800604265027445 -0.0961379447887977
47.9000000000004 26.3123367649272 80.2056418622659 76.9391588410455 13.566930432561 0.0777980414008108 -0.0842437368625363
48.0000000000004 26.3735493253825 80.2124512404309 76.9473020785882 13.6272155684472 0.0754616778630818 -0.0711393303679316
48.1000000000004 26.4347916666789 80.2191652774532 76.9557115935775 13.687505087702 0.0730508215315612 -0.0567870880725415
48.2000000000004 26.4960646063778 80.2257880095624 76.9643795113023 13.7477991982027 0.0705657474229038 -0.0411265571204834
48.3000000000004 26.557368875011 80.2323232881923 76.9732975776551 13.8080982162578 0.0680070902231817 -0.0238624361667051
48.4000000000004 26.6187051102651 80.238774777459 76.9824571605316 13.8684025617308 0.0653757169086852 -0.00462432088389868
48.5000000000004 26.6800738516329 80.2451459516785 76.9918492512742 13.9287127531383 0.0626727643298861 0.0170574805498381
48.6000000000004 26.7414755355704 80.2514400928831 77.0014644661166 13.98902940275 0.0598996935821032 0.0417855266737486
48.7000000000004 26.8029104911795 80.2576602883383 77.0112930476275 14.0493532116872 0.057058368034481 0.0703425029541223
48.8000000000004 26.8643789364398 80.2638094280597 77.0213248661544 14.1096849650219 0.0541511652719529 0.10375869477755
48.9000000000004 26.9258809750067 80.2698902023297 77.0315494212678 14.1700255268762 0.0511811385574928 0.1434097609974
49.0000000000004 26.9874165935997 80.2759050992142 77.0419558432049 14.2303758355213 0.0481522520450417 0.191160573991938
49.1000000000004 27.0489856599887 80.2818564021259 77.0525328943636 14.2907368984547 0.0450698759168329 0.249213252019077
49.2000000000004 27.110587921394 80.28774618859 77.0632689720854 14.3511097869131 0.041941696661375 0.320635502668621
49.3000000000004 27.1722230030052 80.2935763320642 77.0741521147121 14.4114956289529 0.0387779255398897 0.410212056298114
49.4000000000004 27.2338904069793 80.299348504961 77.0851700089333 14.4718956019652 0.0355922436056803 0.524834821968511
49.5000000000004 27.2955895121343 80.3050641817167 77.0963099971816 14.5323109251703 0.0324035618533753 0.674554617054445
49.6000000000004 27.3573195743426 80.3107246418598 77.1075590850296 14.5927428521113 0.0292388904654053 0.874088750054086
49.7000000000004 27.4190797276231 80.3163309730807 77.1189039485855 14.653192663148 0.0261380902292499 1.14465852933854
49.8000000000004 27.4808689859258 80.3218840742996 77.1303309418898 14.7136616579508 0.0231617528789427 1.51498720276659
49.9000000000004 27.5426862456034 80.3273846587361 77.1418261043115 14.7741511479951 0.0204038265258189 2.01668104761237
50.0000000000004 27.604530288562 80.3328332569776 77.1533751679438 14.8346624490543 0.0180093554688209 2.65992936159368
50.1000000000004 27.6663997860796 80.33823022009 77.1649635650437 14.8951968736811 0.0161895235951981 3.36546635862682
50.2000000000004 27.7282933032451 80.3435757238202 77.1765764365826 14.9557557233367 0.0152031390559895 3.88413783752317
50.3000000000004 27.7902093039357 80.3488697755664 77.1881986436197 15.0163402796296 0.0152614207657233 3.90731344366793
50.4000000000004 27.8521461563656 80.3541122224415 77.1998147797874 15.076951795204 0.0163962567787858 3.41953440997843
50.5000000000004 27.9141021392107 80.3593027593767 77.2114091838196 15.1375914846142 0.0184462096202339 2.7208593111876
50.6000000000004 27.976075448275 80.364440937226 77.2229659520793 15.1982605151994 0.0211771695963065 2.07347224794115
50.7000000000005 28.0380642036633 80.3695261708707 77.2344689510872 15.2589599979584 0.0243862208059527 1.56699346186859
50.8000000000005 28.1000664574227 80.3745577473235 77.2459018300497 15.3196909784236 0.0279296230786686 1.19482486534622
50.9000000000005 28.1620802016121 80.3795348338328 77.2572480333867 15.3804544275366 0.0317126100567551 0.925432293489329
51.0000000000005 28.2241033767616 80.3844564859873 77.26849081326 15.4412512325219 0.0356733296808884 0.729334071759444
51.1000000000005 28.286133880684 80.3893216558434 77.2796132421271 15.5020821877603 0.0397705115360377 0.58467012200317
51.2000000000005 28.3481695777147 80.3941292006652 77.2905982259657 15.5629479856187 0.0439751837893545 0.476283039189818
51.3000000000005 28.4102083085111 80.3988778932168 77.3014285191991 15.6238492071694 0.0482664354264561 0.393771258451006
51.4000000000005 28.4722479001425 80.4035664326666 77.3120867402928 15.6847863128665 0.0526286791745733 0.330013584116131
51.5000000000005 28.5342861762893 80.4081934555149 77.3225553873768 15.745759633221 0.0570498509136283 0.280079967577556
51.6000000000005 28.5963209674866 80.4127575465223 77.3328168538675 15.8067693594753 0.0615202714354718 0.240506183331418
51.7000000000005 28.6583501213532 80.4172572496367 77.3428534440899 15.8678155342776 0.0660319098277046 0.208818664368149
51.8000000000005 28.7203715127464 80.4216910789215 77.3526473888994 15.9288980423572 0.0705778953469365 0.183222784039021
51.9000000000005 28.7823830537809 80.4260575294834 77.3621808613043 15.9900166011988 0.0751521864953769 0.16239642109531
52.0000000000005 28.8443827036517 80.4303550884002 77.3714359920877 16.0511707517173 0.0797493418402143 0.14535144604416
52.1000000000005 28.9063684782129 80.4345822456452 77.3803948854385 16.1123598489447 0.0843643229088893 0.131323098097219
52.2000000000005 28.968338459576 80.438737504928 77.389039634817 16.1735830530312 0.088992264255555 0.119726224941407
52.3000000000005 29.0302908061793 80.4428193943226 77.3973523394141 16.2348393210445 0.0936284812923344 0.110121838587721
52.4000000000005 29.0922237627363 80.4468264768116 77.4053151208452 16.2961273990833 0.0982684418042201 0.102165704613018
52.5000000000005 29.1541356696707 80.4507573608269 77.412910139853 16.3574458144035 0.102907719769663 0.0955853385123702
52.6000000000005 29.2160249719619 80.454610710791 77.4201196130101 16.4187928675434 0.107541960767652 0.0901631962246406
52.7000000000005 29.2778902273373 80.4583852576576 77.4269258294217 16.4801666244495 0.112166856275518 0.0857242434476055
52.8000000000005 29.3397301137489 80.462079809453 77.4333111674285 16.5415649086028 0.116778124992762 0.0821266596356505
52.9000000000005 29.4015434360724 80.4656932618166 77.4392581113094 16.6029852931438 0.121371499892688 0.0792548128997212
53.0000000000005 29.4633291319698 80.4692246085422 77.444749267984 16.6644250929987 0.125942720089729 0.077013898686827
53.1000000000005 29.5250862768777 80.4726729520896 77.4497673837082 16.7258813570287 0.130487594611079 0.0752707040444149
53.2000000000005 29.5868140886033 80.4760375133341 77.4542953605729 16.7873508607974 0.135002189377359 0.0739141387875673
53.3000000000005 29.6485119323583 80.4793176393832 77.4583162725063 16.8488301009062 0.139482598163663 0.0729017924705426
53.4000000000005 29.7101793253557 80.4825128106309 77.4618133810791 16.9103152899472 0.143924874578904 0.0721982755626722
53.5000000000005 29.7718159403932 80.4856226477821 77.4647701513032 16.9718023514807 0.148325038047413 0.0717739789078069
53.6000000000005 29.8334216083601 80.4886469188787 77.4671702674295 17.0332869150114 0.152679082127052 0.0716040843727602
53.7000000000005 29.8949963196229 80.491585546324 77.4689976487467 17.0947643109661 0.156982985129345 0.0716677705754022
53.8000000000005 29.9565402242528 80.4944386139079 77.4702364653788 17.1562295656699 0.161232723015999 0.0719475712451021
53.9000000000005 30.0180536310583 80.4972063738319 77.4708711540839 17.2176773963238 0.165424284539825 0.0724288538383271
54.0000000000005 30.0795370053923 80.4998892537347 77.4708864340518 17.2791022059811 0.169553688593727 0.073099393544457
54.1000000000005 30.1409909657348 80.5024878636721 77.4702673226838 17.3404980785564 0.173617125725672 0.0738854850727844
54.2000000000005 30.2024162797818 80.5050030019432 77.4689991508659 17.4018587746533 0.177611319943232 0.0747213853097129
54.3000000000005 30.2638138612776 80.5074356579844 77.4670675769627 17.4631777294746 0.181533138106269 0.0756084318368211
54.4000000000005 30.3251847664543 80.5097870141088 77.4644586003063 17.5244480515513 0.185379480424897 0.0765480069246679
54.5000000000005 30.3865301893405 80.5120584472005 77.4611585746657 17.5856625215039 0.189147300542258 0.0775415431781682
54.6000000000005 30.447851455904 80.5142515304098 77.4571542217156 17.6468135908031 0.192833626982582 0.0785905284887597
54.7000000000005 30.5091500170258 80.5163680348478 77.452432644507 17.7078933805312 0.196435585868576 0.0796965103520273
54.8000000000005 30.5704274403101 80.5184099312812 77.4469813409354 17.7688936801427 0.19995042480014 0.0808610996030352
54.9000000000005 30.6316854007367 80.5203793918272 77.4407882172111 17.8298059462253 0.203375537770114 0.0820859735726326
55.0000000000005 30.6929256701684 80.522278791648 77.4338416013282 17.8906213012613 0.206708490985109 0.0833728786336504
55.1000000000005 30.7541501057672 80.5241107105986 77.4261302565034 17.9513305324239 0.209947201887599 0.0846665733103721
55.2000000000005 30.8153606383008 80.52587793365 77.417643393819 18.0119240913019 0.21309038609443 0.0859151216422107
55.3000000000005 30.8765592619666 80.5275834482028 77.4083706828443 18.0723920959811 0.216137057611339 0.087124785018687
55.4000000000005 30.9377480243531 80.529230440177 77.3983022614618 18.1327243340524 0.219086385733582 0.0883012338741622
55.5000000000005 30.9989290156412 80.5308222900539 77.387428745662 18.192910265657 0.221937713396571 0.0894496250360114
55.6000000000005 31.0601043570384 80.5323625689186 77.3757412393389 18.2529390265307 0.2246905755001 0.0905746675635453
55.7000000000005 31.1212761884793 80.5338550345021 77.3632313440847 18.3127994310486 0.227344717092577 0.0916806788200297
55.8000000000005 31.182446655627 80.5353036272235 77.3498911689852 18.3724799752695 0.229900111308445 0.0927716321806175
55.9000000000005 31.2436178962141 80.5367124662324 77.335713340415 18.4319688399809 0.232356976958965 0.0938511975468083
56.0000000000005 31.3047920257634 80.5380858454512 77.3206910118324 18.4912538937432 0.234715795684298 0.0949227756071855
56.1000000000005 31.3659711227732 80.5394282295787 77.3048178735365 18.5503226959693 0.236977482360447 0.095947107776122
56.2000000000005 31.4271572144996 80.5407442490976 77.2880881614275 18.6091625009157 0.239143815634519 0.096885837582717
56.3000000000005 31.4883522651952 80.5420386927514 77.270496663239 18.6677602639851 0.241216905533232 0.0977431828516902
56.4000000000005 31.549558165242 80.5433164990253 77.2520387237738 18.7261026489412 0.243199033301513 0.0985229350653248
56.5000000000005 31.6107767201624 80.5445827475875 77.2327102501008 18.7841760351572 0.245092655798339 0.0992285064856506
56.6000000000005 31.6720096394979 80.5458426507322 77.2125077167533 18.8419665248658 0.246900409494427 0.0998629705043926
56.7000000000005 31.7332585255872 80.5471015448209 77.1914281709258 18.8994599504078 0.248625114089254 0.100429096141666
56.8000000000005 31.7945248622749 80.5483648817252 77.1694692376718 18.9566418814818 0.250269775777209 0.100929377496777
56.9000000000005 31.8558100035814 80.5496382202684 77.1466291251011 19.0134976323929 0.251837590197479 0.101366058834747
57.0000000000005 31.9171151623626 80.5509272176676 77.1229066295774 19.0700122693025 0.253331945112314 0.101741155893046
57.1000000000005 31.9784413990365 80.5522376209534 77.0983011408713 19.1261706175096 0.254756568068681 0.102031270281997
57.2000000000005 32.039789611588 80.5535752577925 77.0728126461605 19.1819572695719 0.256115910910063 0.102212751984376
57.3000000000005 32.101160528852 80.5549460257985 77.0464417311025 19.2373565955597 0.257414618698838 0.102286934864891
57.4000000000005 32.1625547053265 80.5563558812465 77.0191895797544 19.2923527541483 0.258657364656294 0.102254982008708
57.5000000000005 32.2239725163723 80.5578108277643 76.9910579744486 19.3469297037443 0.259848843634765 0.102117909669898
57.6000000000005 32.2854141537519 80.5593169050245 76.9620492956678 19.4010712136102 0.260993766114526 0.101876608215986
57.7000000000006 32.3468796215089 80.5608801774359 76.932166521921 19.4547608749908 0.262096852781776 0.101531860442268
57.8000000000006 32.4083687321827 80.5625067228349 76.9014132296184 19.5079821122375 0.263162829742391 0.101084357559456
57.9000000000006 32.4698811033548 80.5642026211774 76.8697935929473 19.5607181939351 0.264196424418158 0.100534713154007
58.0000000000006 32.5314161545193 80.5659739432303 76.8373123837472 19.6129522440259 0.265202362169461 0.0998834753219674
58.1000000000006 32.5929731043174 80.5678267392589 76.8039749713395 19.6646672529622 0.26618549078173 0.0991237494548507
58.2000000000006 32.6545509693004 80.5697670276074 76.769787321166 19.7158460895318 0.26715110617647 0.0982480471474575
58.3000000000006 32.7161485661593 80.5718007830077 76.7347559904024 19.7664715143961 0.268104472340109 0.0972560424614765
58.4000000000006 32.777764515644 80.5739339247809 76.6988881223805 19.8165261943035 0.269050673046908 0.096147496634572
58.5000000000006 32.8393972469986 80.5761723050346 76.6621914409656 19.865992716328 0.269994604931796 0.0949222663453966
58.6000000000006 32.9010450028328 80.5785216968611 76.624674244932 19.9148536021081 0.270940971794763 0.0935803097453496
58.7000000000006 32.9627058443902 80.580987782534 76.5863454023405 19.9630913220856 0.271894280124853 0.0921216902327987
58.8000000000006 33.0243776571793 80.5835761417065 76.5472143449144 20.0106883097444 0.27285883583052 0.0905465779816797
58.9000000000006 33.0860581569258 80.5862922396085 76.5072910624164 20.0576269758497 0.273838742157249 0.0888552492305787
59.0000000000006 33.1477448958102 80.5891414152443 76.4665860970248 20.1038897226863 0.274837898770652 0.0870480833604682
59.1000000000006 33.2094352689918 80.5921288696001 76.4251105376676 20.1494589583148 0.275860111595498 0.0851305145788888
59.2000000000006 33.271126522438 80.5952596541205 76.3828760132341 20.1943171112631 0.276909373584417 0.0831074498980981
59.3000000000006 33.3328157637788 80.598538659865 76.3398946829419 20.2384466463256 0.277989448514261 0.0809787173936469
59.4000000000006 33.3944999745594 80.6019706069326 76.2961792255817 20.2818300807994 0.279103745647366 0.0787443528300283
59.5000000000006 33.4561760228065 80.6055600338975 76.2517428287199 20.3244500007357 0.28025531726853 0.0764045819640711
59.6000000000006 33.5178406758076 80.6093112872443 76.2065991779006 20.3662890771929 0.281446857465805 0.0739598001074546
59.7000000000006 33.5794906130449 80.6132285108026 76.1607624458476 20.4073300824883 0.282680702116659 0.0714105490802809
59.8000000000006 33.6411224392221 80.617315635183 76.114247281667 20.447555906451 0.283958830042066 0.0687574917710454
59.9000000000006 33.7027326973264 80.6215763672118 76.0670688000489 20.4869495726737 0.285282865294189 0.0660013845396336
60.0000000000006 33.7643178816651 80.6260141793665 76.0192425704697 20.5254942547655 0.28665408054684 0.0631430477452474
60.1000000000006 33.8258744508495 80.6306322992303 75.9707846063577 20.5631732926087 0.288073505480339 0.0601954943431739
60.2000000000006 33.887398841525 80.6354336994567 75.9217113532947 20.5999702087523 0.28954220315229 0.0571711823642996
60.3000000000006 33.9488874842243 80.6404210890257 75.8720396747743 20.6358687251458 0.291060890028199 0.0540701981432725
60.4000000000006 34.010336820026 80.6455969050109 75.8217868369977 20.6708527800101 0.292629822758392 0.0508926884123199
60.5000000000006 34.0717433171217 80.6509633043644 75.770970493631 20.7049065447123 0.294248799911701 0.0476388205457114
60.6000000000006 34.1331034871815 80.6565221557031 75.7196086705641 20.7380144406406 0.29591716488546 0.0443087424761924
60.7000000000006 34.1944139014413 80.6622750310946 75.6677197506687 20.7701611560798 0.297633810008931 0.0409025426123745
60.8000000000006 34.2556712064375 80.6682231978426 75.6153224585565 20.8013316630863 0.299397181865987 0.0374202100769304
60.9000000000006 34.3168721393091 80.674367610273 75.5624358453373 20.831511234363 0.301205287876526 0.0338615955582145
61.0000000000006 34.3780135425918 80.6807089015196 75.5090792733774 20.8606854601348 0.303055704187738 0.0302263730224679
61.1000000000006 34.4390923784475 80.6872473753384 75.4552724010288 20.8888402650119 0.304945727016627 0.0265325524218344
61.2000000000006 34.5001057428472 80.6939829986668 75.4010351666052 20.9159619245451 0.306872780983653 0.0227974227165827
61.3000000000006 34.5610508806762 80.700915396073 75.3463877704461 20.9420370810015 0.308833951040672 0.0190193251411487
61.4000000000006 34.6219252008954 80.7080438449493 75.2913506562279 20.9670527588318 0.310825838636742 0.0151964440673475
61.5000000000006 34.682726291125 80.7153672707346 75.2359444922459 20.9909963801258 0.31284456840478 0.0113267725017163
61.6000000000006 34.7434519315373 80.7228842421371 75.1801901526959 21.0138557800688 0.314885796720538 0.00740807896643924
61.7000000000006 34.8041001079696 80.7305929663568 75.1241086989566 21.0356192223966 0.316944722282486 0.0034378756417794
61.8000000000006 34.8646690241687 80.7384912843072 75.0677213608713 21.056275414852 0.319016098874345 -0.00058661233759235
61.9000000000006 34.9251571130755 80.7465766658385 75.0110495180303 21.07581352464 0.321094250476575 -0.00466847664194905
62.0000000000006 34.9855630470609 80.7548462049597 74.9541146810523 21.0942231938836 0.323173088901673 -0.00881115476906333
62.1000000000006 35.0458857470296 80.7632966150968 74.8969384728568 21.1114945550462 0.325246353574024 -0.0129937795212206
62.2000000000006 35.1061243904501 80.7719242252861 74.8395426096748 21.1276182454788 0.327308286309284 -0.0171959708042992
62.3000000000006 35.1662784186088 80.7807249787387 74.7819488813981 21.1425854197469 0.329352981582349 -0.0214223147914873
62.4000000000006 35.2263475430262 80.7896944323407 74.724179131667 21.1563877610829 0.331374182385275 -0.0256776077063804
62.5000000000006 35.2863317508765 80.7988277561884 74.6662552379481 21.1690174928043 0.33336529953442 -0.0299668827024721
62.6000000000006 35.3462313093253 80.8081197331239 74.6081990916125 21.1804673897327 0.335319434057597 -0.0342954371344064
62.7000000000006 35.4060467687094 80.8175647582709 74.550032578014 21.1907307896119 0.337229402783301 -0.038668860562685
62.8000000000006 35.4657789644798 80.8271568385698 74.4917775565662 21.1998016045269 0.339087767229994 -0.0430930638356485
62.9000000000006 35.5254290178394 80.8368895923138 74.4334558408214 21.2076743323222 0.340886865864925 -0.0475743096200102
63.0000000000006 35.5849983350015 80.8467562486839 74.3750891785479 21.2143440680204 0.342618849767246 -0.0521192447567325
63.1000000000006 35.6444886050008 80.8567496473212 74.3166992318179 21.2198065151954 0.344275998628069 -0.0567076869948539
63.2000000000006 35.7039017958363 80.866862238842 74.2583075573464 21.2240579961606 0.345851599745444 -0.0613192115445211
63.3000000000006 35.763240148825 80.8770860877486 74.1999355874676 21.2270954591525 0.34733916527585 -0.0659605439117108
63.4000000000006 35.8225061717002 80.887412876283 74.1416046113631 21.2289164843282 0.34873218889457 -0.0706386172863936
63.5000000000006 35.8817026306609 80.8978339083179 74.083335756299 21.2295192897186 0.350024179415523 -0.075360610482956
63.6000000000006 35.940832541353 80.9083401132462 74.0251499688641 21.2289027371812 0.351208696544804 -0.0801339877879344
63.7000000000006 35.9998991587536 80.9189220498725 73.967067996207 21.2270663383533 0.352279388568466 -0.0849665409763201
63.8000000000006 36.0589059659413 80.9295699103024 73.9091103672739 21.2240102606042 0.353230031739223 -0.0898664337690894
63.9000000000006 36.1178566617364 80.9402735238336 73.8512973740459 21.2197353329883 0.354054571095582 -0.0948422490033761
64.0000000000006 36.1767551472053 80.951022360846 73.793649052777 21.2142430521984 0.35474716241528 -0.0999030387893151
64.1000000000006 36.2356055110275 80.9618055367291 73.7361851652455 21.2075355884713 0.355302498113205 -0.105027943308045
64.2000000000006 36.2944120137116 80.9726118167691 73.6789251803841 21.1996157902848 0.355716691626262 -0.110195101449426
64.3000000000006 36.3531790708328 80.9834296234733 73.6218882568669 21.1904871859834 0.355986448041571 -0.115412660468875
64.4000000000006 36.4119112356776 80.994247044854 73.5650932260736 21.1801539841941 0.356108803134066 -0.120689095460788
64.5000000000006 36.4706131814273 81.0050518427494 73.5085585750691 21.1686210741958 0.356081145883962 -0.126033264629351
64.6000000000006 36.52928968291 81.0158314611452 73.452302429582 21.155894026289 0.355901240047045 -0.131454466108323
64.7000000000006 36.5879455979507 81.0265730344948 73.3963425369841 21.141979092165 0.355567244584707 -0.136962496477338
64.8000000000006 36.6465858483544 81.037263396041 73.3406962492693 21.1268832052754 0.355077732784394 -0.142567711084285
64.9000000000006 36.7052154005596 81.0478890861365 73.2853805060328 21.1106139812015 0.354431709925422 -0.148281086279175
65.0000000000006 36.7638392460066 81.0584363605653 73.2304118174495 21.0931797180238 0.353628629378001 -0.154114283610487
65.1000000000006 36.8224623812477 81.0688911989105 73.1758062473077 21.0745893966128 0.352668913841538 -0.160029939315993
65.2000000000006 36.8810897874954 81.0792393141436 73.121579397432 21.0548526788762 0.351555478748373 -0.16598692686447
65.3000000000006 36.9397264094197 81.0894661653143 73.0677463956395 21.0339799008189 0.350292189382341 -0.171991898520653
65.4000000000006 36.9983771343991 81.0995569714608 73.0143218850868 21.0119820635588 0.348883326128319 -0.178051647772992
65.5000000000006 37.0570467727739 81.1094967255682 72.9613200136705 20.988870824265 0.347333555816864 -0.184173148064843
65.6000000000005 37.1157400391501 81.1192702085259 72.9087544234281 20.9646584870948 0.345647902148614 -0.190363589025399
65.7000000000005 37.1744615347767 81.1288620030857 72.856638239938 20.9393579941317 0.343831715566184 -0.196630410153088
65.8000000000005 37.2332157310176 81.1382565078194 72.8049840617207 20.912982916323 0.341890642944142 -0.202981331828051
65.9000000000005 37.2920069539312 81.1474379510767 72.7538039496389 20.8855474444173 0.339830597466796 -0.209424383491314
66.0000000000005 37.3508393699681 81.156390404943 72.7031094162986 20.857066379902 0.337657729055164 -0.215967928773666
66.1000000000005 37.4097169727784 81.165097799229 72.6529114154954 20.8275551258997 0.33537868186314 -0.222579387693936
66.2000000000005 37.4686435708112 81.1735439362822 72.6032203328679 20.7970296769773 0.333001408904788 -0.22922241395078
66.3000000000005 37.5276227753788 81.1817125078853 72.5540459796115 20.7655066062004 0.330534248445887 -0.235899877583591
66.4000000000005 37.5866579899923 81.1895871129775 72.5053975873979 20.7330030511006 0.327985587882599 -0.242614514275467
66.5000000000005 37.6457524013366 81.1971512754067 72.4572838033416 20.6995366996014 0.325363819282919 -0.249368936426234
66.6000000000005 37.7049089718561 81.2043884616818 72.4097126849659 20.6651257759445 0.322677297753255 -0.256165642999674
66.7000000000005 37.7641304338974 81.2112820987258 72.3626916951692 20.6297890266152 0.319934302849305 -0.263007028454483
66.8000000000005 37.8234192853565 81.2178155916275 72.316227697191 20.5935457062688 0.317143003198918 -0.26989539105011
66.9000000000005 37.8827777867654 81.2239723413943 72.2703269495783 20.5564155636565 0.314311424454506 -0.276832940815339
67.0000000000005 37.9422079597558 81.2297357627048 72.2249951011515 20.5184188275509 0.311447420646274 -0.283821807396018
67.1000000000005 38.0017115868061 81.2350893016778 72.1802371860349 20.4795761926374 0.308558954467958 -0.290822543051351
67.2000000000005 38.0612902116384 81.2400164540796 72.1360576203562 20.4399088044885 0.305654978404125 -0.29778960029527
67.3000000000005 38.120945139479 81.244500784641 72.092460203182 20.399438242214 0.302744464746157 -0.304715404636928
67.4000000000004 38.1806774383232 81.2485259468134 72.0494481191231 20.3581865001948 0.29983605800301 -0.311591756083762
67.5000000000004 38.2404879417519 81.2520757025404 72.0070239410034 20.3161759697823 0.296938038619365 -0.31840988975347
67.6000000000004 38.3003772532137 81.2551339420298 71.9651896325291 20.2734294209968 0.29405829029186 -0.32516055041361
67.7000000000004 38.3603457516619 81.2576847035263 71.9239465509576 20.2299699842264 0.291204270786291 -0.331834081861732
67.8000000000004 38.4203935984292 81.259712193083 71.8832954497667 20.1858211319259 0.288382986150991 -0.338420531699618
67.9000000000004 38.4805207452255 81.261200804334 71.8432364813236 20.1410066603159 0.285600968217423 -0.34490977172404
68.0000000000004 38.5407269431413 81.2621351382661 71.8037691995542 20.0955506710811 0.282864255284311 -0.351291633713154
68.1000000000004 38.6010117525094 81.2625000229807 71.7648925626581 20.0494775530691 0.280178559604164 -0.357544021633172
68.2000000000004 38.6613745527943 81.2622805331816 71.7266049370275 20.0028119639693 0.277549823151781 -0.363640784056143
68.3000000000004 38.7218145513589 81.2614620089683 71.6889041042186 19.9555788119454 0.274983680628356 -0.369565717052235
68.4000000000004 38.782330792332 81.2600300743557 71.6517872691278 19.9078032372484 0.272485258399212 -0.375302778363481
68.5000000000004 38.8429221662278 81.2579706557834 71.615251068212 19.8595105938298 0.270059154723109 -0.380836323443831
68.6000000000004 38.9035874202277 81.2552700006244 71.5792915777112 19.8107264309538 0.267709422809487 -0.386151356325718
68.7000000000004 38.9643251690115 81.251914695695 71.5439043218692 19.7614764748104 0.265439556759726 -0.391233791171981
68.8000000000004 39.0251339060185 81.247891685763 71.5090842811552 19.7117866101279 0.263252480468908 -0.396070719707533
68.9000000000004 39.0860120150265 81.2431882920577 71.4748259004857 19.6616828617857 0.261150539579896 -0.40065067903939
69.0000000000004 39.1469577819333 81.2377922307786 71.4411230974454 19.6111913764268 0.259135496590078 -0.404963914014258
69.1000000000004 39.2079694065994 81.231691631564 71.407969270547 19.5603384040888 0.257208774870176 -0.409015491579914
69.2000000000003 39.2690450138699 81.224875054903 71.3753573084806 19.5091502803072 0.255372241811345 -0.412806384592934
69.3000000000003 39.3301826625768 81.2173315068667 71.3432796018759 19.4576534094177 0.253627546541342 -0.416323292724238
69.4000000000003 39.3913803539012 81.2090504527816 71.3117280560542 19.4058742483302 0.251975876158905 -0.419554663597732
69.5000000000003 39.4526360398413 81.2000218308642 71.2806941038184 19.3538392903222 0.250417948504571 -0.422490925878408
69.6000000000003 39.5139476317304 81.1902360658542 71.2501687182432 19.3015750488312 0.248954007959802 -0.425124701180915
69.7000000000003 39.575313008714 81.1796840826479 71.2201424254655 19.2491080412475 0.247583824392524 -0.427450989145362
69.8000000000003 39.6367300261014 81.1683573199325 71.1906053174739 19.1964647727069 0.246306695346381 -0.429467320657901
69.9000000000003 39.6981965235024 81.1562477438193 71.1615470648993 19.1436717198834 0.24512145154128 -0.431173875073104
70.0000000000003 39.7597103326675 81.1433478614776 71.1329569298049 19.090755314782 0.24402646572477 -0.432573558366181
70.1000000000003 39.8212692849212 81.129650734711 71.1048237785012 19.0377419285608 0.243019980806541 -0.433695193462615
70.2000000000003 39.8828712175402 81.1151499920447 71.0771360950085 18.984657856116 0.242101119515679 -0.434561321710872
70.3000000000003 39.9445139782555 81.0998398370339 71.049881996164 18.9315293026035 0.241269025830191 -0.435168932252933
70.4000000000003 40.0061954290223 81.0837150550824 71.0230492473761 18.8783823707241 0.24052255972763 -0.435516975795447
70.5000000000003 40.067913449647 81.0667710202047 70.9966252784035 18.8252430480371 0.23986029761148 -0.435606403891461
70.6000000000003 40.1296659412401 81.0490037017873 70.9705971991351 18.772137194275 0.239280535239932 -0.435440180462173
70.7000000000003 40.1914508294376 81.030409671351 70.9449518153687 18.7190905286569 0.238781293143338 -0.435023265457912
70.8000000000003 40.2532660673347 81.0109861093122 70.919675644591 18.6661286172034 0.238360324495358 -0.434362571346288
70.9000000000002 40.3151096380753 80.990730811745 70.8947549317564 18.6132768600498 0.238015125380573 -0.433466893838915
71.0000000000002 40.3769795570426 80.9696421971427 70.8701756650666 18.5605604787611 0.237742947379587 -0.432346818986689
71.1000000000002 40.4388738735874 80.9477193131173 70.845923591766 18.5080045036757 0.237541172372716 -0.431028835302116
71.2000000000002 40.5007906720313 80.924961841474 70.8219842343554 18.4556337620283 0.237408431285932 -0.429530446431099
71.3000000000002 40.5627280717501 80.9013700991611 70.7983429078669 18.4034728680517 0.237343569724751 -0.427850989780122
71.4000000000002 40.6246842269607 80.8769450375963 70.7749847375577 18.3515462138571 0.237345289964347 -0.425991070200119
71.5000000000002 40.6866573264682 80.8516882419294 70.7518946766193 18.2998779603442 0.237412148096366 -0.423952544191149
71.6000000000002 40.7486455933457 80.8256019303052 70.7290575238868 18.2484920281118 0.237542553060596 -0.421738489130826
71.7000000000002 40.8106472845053 80.7986889531272 70.7064579415489 18.1974120883681 0.237734767537136 -0.419353158352641
71.8000000000002 40.8726606901218 80.7709527923201 70.6840804728565 18.1466615538413 0.237986910661746 -0.416801923192995
71.9000000000002 40.9346841328659 80.7423975605932 70.6619095598332 18.0962635696895 0.238296962519642 -0.414091203400107
72.0000000000002 40.9967159669071 80.7130280007036 70.6399295609837 18.0462410044116 0.238662770362106 -0.41122838745977
72.1000000000002 41.05875457665 80.6828494846683 70.6181247690051 17.9966164407812 0.239082343476828 -0.408229106829604
72.2000000000002 41.1207983753272 80.6518680116555 70.5964794285149 17.9474121673965 0.239554723916436 -0.40510191325529
72.3000000000002 41.18284580382 80.6200902025234 70.5749777538293 17.8986501717948 0.240079128439341 -0.401844998848226
72.4000000000002 41.2448953296793 80.5875232930373 70.5536039467592 17.8503521341824 0.240654656120871 -0.398457540078351
72.5000000000002 41.3069454462148 80.5541751270364 70.5323422144073 17.8025394211883 0.241280283667553 -0.394939671233785
72.6000000000002 41.3689946716147 80.5200541496005 70.5111767869654 17.7552330796183 0.241954862456289 -0.391292447560407
72.7000000000001 41.431041548053 80.4851694002166 70.4900919355112 17.7084538302087 0.242677117273843 -0.387517798950628
72.8000000000001 41.4930846407496 80.4495305059456 70.4690719898057 17.66222206138 0.243445646726365 -0.383618475151903
72.9000000000001 41.5551225369388 80.4131476745891 70.4481013560902 17.6165578229911 0.244258925279862 -0.379597983627159
73.0000000000001 41.6171538447094 80.3760316878558 70.4271645348834 17.5714808200927 0.245115306891534 -0.375460521238715
73.1000000000001 41.6791771916883 80.3381938944901 70.4062461387661 17.5270104066972 0.246013233272881 -0.371218035479058
73.2000000000001 41.7411912239554 80.2996462024022 70.3853309098417 17.4831655799584 0.246951839157468 -0.366878040049328
73.3000000000001 41.8031946059411 80.2604010682649 70.3644037363748 17.439964975392 0.247930326529005 -0.362439185269601
73.4000000000001 41.8651860207807 80.2204714861128 70.3434496691055 17.3974268625067 0.24894775596563 -0.35790092550373
73.5000000000001 41.9271641707093 80.1798709759024 70.3224539375509 17.3555691404508 0.250003044697587 -0.353263467555445
73.6000000000001 41.9891277774407 80.1386135720729 70.3014019663075 17.3144093336585 0.251094966261352 -0.348527713130103
73.7000000000001 42.0510755824867 80.0967138121066 70.2802793913528 17.273964587497 0.252222151717007 -0.343695196315917
73.8000000000001 42.113006347374 80.0541867250893 70.2590720763472 17.2342516639128 0.253383092393998 -0.338768017085861
73.9000000000001 42.1749188537139 80.0110478202709 70.237766128936 17.1952869370785 0.254576144126864 -0.333748771801995
74.0000000000001 42.2368119030813 79.967313075626 70.2163479170514 17.1570863890392 0.255799532939798 -0.328640481729579
74.1000000000001 42.2986843166793 79.9229989263867 70.1948040851848 17.1196656053736 0.257051524552852 -0.323464160643796
74.2000000000001 42.3605349352868 79.8781222528648 70.1731215699088 17.0830397712255 0.258330912500508 -0.318237488880561
74.3000000000001 42.4223626204062 79.8327003664682 70.151287613488 17.047223668277 0.259636522132235 -0.312959141365926
74.4 42.4841662558686 79.7867509950064 70.1292897767397 17.0122316720918 0.260967046287187 -0.307628259062205
74.5 42.5459447493585 79.7402922679679 70.107115951864 16.9780777494733 0.262321046030708 -0.302244398677592
74.6 42.6076970337972 79.6933427017986 70.0847543752754 16.9447754558228 0.263696952711329 -0.296807480757946
74.7 42.6694220685447 79.6459211851795 70.0621936404335 16.912337932497 0.265093071315556 -0.291317736769308
74.8 42.7311188403789 79.5980469643044 70.0394227106735 16.8807779041664 0.266507585099054 -0.285775655714625
74.9 42.7927863642104 79.5497396281585 70.0164309320377 16.850107676173 0.267938561470793 -0.280181930814874
75 42.8544236834936 79.5010190937956 69.9932080461062 16.8203391318884 0.269383959108496 -0.27453740670983
75.1 42.9160298703111 79.4519055916034 69.9697442027917 16.7914837300802 0.270841746784093 -0.268866801836851
75.2 42.9776040255976 79.4024196502338 69.9460299722101 16.7635525025036 0.272310239977756 -0.263192645832912
75.3 43.0391452803427 79.3525820806831 69.9220563541992 16.7365560520638 0.273787768078478 -0.257512736473924
75.4 43.1006527970433 79.302413960038 69.8978147869131 16.7105045512024 0.275272565574371 -0.251825050896802
75.5 43.1621257709006 79.2519366152076 69.8732971553805 16.6854077402941 0.276762775479809 -0.246127712866111
75.6 43.2235634307072 79.2011716066565 69.8484958000631 16.6612749260416 0.278256453862015 -0.24041895995674
75.7 43.284965039392 79.1501407121376 69.8234035254139 16.6381149798716 0.279751575459415 -0.234697110862667
75.8 43.3463298941887 79.0988659104245 69.7980136084352 16.6159363363306 0.281246040382334 -0.228960533015556
75.9 43.407657326397 79.0473693650443 69.7723198072376 16.5947469914804 0.28273768188564 -0.223207610645772
76 43.4689467007018 78.9956734080102 69.7463163695978 16.5745545012942 0.28422427520376 -0.217436713402611
76.1 43.5301974140435 78.9438005235501 69.719998041459 16.5553659800736 0.285703752599133 -0.211685207578941
76.1999999999999 43.5914088945761 78.8917733317213 69.6933600739146 16.537188099435 0.287174827937632 -0.205987325224248
76.2999999999999 43.6525806017253 78.8396145717377 69.6663982263444 16.5200270887388 0.288636382809158 -0.200336909760016
76.3999999999999 43.7137120266382 78.7873470851836 69.6391087680344 16.5038887360859 0.290087258802162 -0.19472806260896
76.4999999999999 43.7748026924984 78.7349937992234 69.611488479738 16.488778389338 0.291526255561905 -0.189155123670808
76.5999999999999 43.8358521546655 78.6825777098107 69.5835346552381 16.4747009571361 0.292952129795265 -0.183612650745891
76.6999999999999 43.8968600006193 78.630121864898 69.5552451029085 16.46166090992 0.294363595216619 -0.178095398093123
76.7999999999999 43.9578258496891 78.577649347646 69.5266181472753 16.4496622809475 0.295759323430225 -0.172598294276528
76.8999999999999 44.0187493525473 78.5251832596332 69.4976526305785 16.4387086673138 0.297137945744352 -0.167116419439155
76.9999999999999 44.0796301904453 78.4727467040652 69.4683479143338 16.4288032309705 0.298498055911039 -0.161644982097789
77.0999999999999 44.1404680741919 78.4203627689912 69.4387038808369 16.4199486997605 0.299838388681918 -0.156219351808655
77.1999999999999 44.201262743364 78.3680545106985 69.4087209331802 16.4121473688512 0.301158343650093 -0.15087308087624
77.2999999999999 44.262013966663 78.3158449375614 69.3783999914951 16.4054011031813 0.302457450273048 -0.145599015261307
77.3999999999999 44.322721542777 78.2637569940671 69.3477424877056 16.3997113403064 0.303735184738723 -0.140390356995397
77.4999999999999 44.383385301274 78.21181354485 69.316750360226 16.3950790932599 0.30499096328321 -0.135240640242942
77.5999999999999 44.4440051034885 78.1600373587249 69.2854260486578 16.3915049534134 0.306224136409763 -0.130143706980844
77.6999999999999 44.504580843382 78.108451092721 69.2537724884868 16.3889890933385 0.307433984014914 -0.125093682404102
77.7999999999999 44.5651124483567 78.0570772761151 69.2217931057802 16.3875312696668 0.308619711427506 -0.120084950135657
77.8999999999998 44.6255998799991 78.0059382944656 69.1894918118838 16.3871308259515 0.309780446367469 -0.115112127303527
77.9999999999998 44.6860431347312 77.9550563736458 69.1568729981194 16.3877866955277 0.310915236831104 -0.110170039520967
78.0999999999998 44.7464422443575 77.9044535638957 69.123941530429 16.3894974043869 0.312023218599412 -0.105292865788852
78.1999999999998 44.8067972768503 77.8541517243353 69.0907027426628 16.3922610743893 0.313104115945726 -0.100513815109645
78.2999999999998 44.8671083380439 77.8041725086531 69.0571624264198 16.3960754273374 0.314157721625854 -0.0958266987715954
78.3999999999998 44.9273755738199 77.7545373512558 69.0233268195313 16.4009377893874 0.315183716599688 -0.0912257041481375
78.4999999999998 44.987599172441 77.7052674534365 68.9892025944919 16.4068450954748 0.316181660111289 -0.0867053661868936
78.5999999999998 45.047779366993 77.656383769543 68.9547968468906 16.4137938937389 0.317150980814366 -0.082260539313802
78.6999999999998 45.1079164379042 77.6079069931453 68.9201170838422 16.4217803499482 0.318090968970499 -0.0778863697715996
78.7999999999998 45.1680107155093 77.5598575432044 68.8851712124182 16.4308002519251 0.319000769747337 -0.0735782683928113
78.8999999999998 45.2280625826244 77.5122555502396 68.849967528078 16.440849013971 0.319879377644436 -0.0693318838004956
78.9999999999998 45.2880724770962 77.4651208424968 68.8145147030999 16.4519216812916 0.320725632073056 -0.0651430760270863
79.0999999999998 45.3480408942953 77.4184729321388 68.7788217749759 16.4640129344333 0.321538365446757 -0.0610370129453202
79.1999999999998 45.4079683897134 77.3723310019991 68.7428981338561 16.4771170940307 0.32231685109432 -0.057038543789082
79.2999999999998 45.467855582037 77.326713893772 68.706753507581 16.49122812634 0.323060336965717 -0.0531434312530439
79.3999999999998 45.5277031565173 77.2816400967659 68.6703979457644 16.5063396490836 0.323767884459788 -0.0493477313098571
79.4999999999998 45.587511868438 77.23712773668 68.6338418038387 16.5224449373053 0.324438360477054 -0.0456477644992631
79.5999999999998 45.6472825466326 77.1931945643794 68.5970957271011 16.539536929227 0.325070430891795 -0.0420400882387012
79.6999999999997 45.7070160970026 77.1498579446716 68.5601706347596 16.5576082321039 0.32566255548726 -0.0385214701392621
79.7999999999997 45.7667135059888 77.1071348450818 68.5230777039785 16.5766511280808 0.326212984393347 -0.0350888623038124
79.8999999999997 45.8263758439463 77.0650418246295 68.4858283539245 16.5966575800479 0.32671975606301 -0.0317393765792072
79.9999999999997 45.8860042683702 77.0235950226036 68.4484342298126 16.6176192374966 0.327180696817435 -0.028470260733097
80.0999999999997 45.9456000269087 76.9828101473691 68.4109071869454 16.639527442387 0.327593577069855 -0.0252911332699527
80.1999999999997 46.0051644598104 76.9427024659617 68.3732592745881 16.6623732353076 0.327956595875661 -0.022211569584171
80.2999999999997 46.0646990013735 76.9032867956852 68.335502719425 16.6861473623788 0.328267945401824 -0.0192289734863353
80.3999999999997 46.1242051809989 76.8645774964966 68.2976499088513 16.7108402824493 0.328525658230031 -0.0163409082355873
80.4999999999997 46.1836846241484 76.8265884634223 68.2597133742583 16.7364421743037 0.3287276066264 -0.0135450757213377
80.5999999999997 46.2431390531735 76.7893331189741 68.2217057743191 16.7629429438701 0.328871503241436 -0.0108392967045232
80.6999999999997 46.3025702879697 76.752824405565 68.1836398782742 16.7903322314277 0.328954903250289 -0.00822149210097966
80.7999999999997 46.3619802464082 76.7170747779253 68.1455285492163 16.818599418814 0.328975207932986 -0.00568966528307673
80.8999999999997 46.4213709444985 76.6820961955186 68.1073847273766 16.8477336366331 0.328929669685598 -0.00324188536586881
80.9999999999997 46.4807444962349 76.6479001149575 68.0692214134095 16.8777237714627 0.328815398441812 -0.000876271450759532
81.0999999999997 46.540103113048 76.6144974824611 68.0310516517014 16.9085584730735 0.328629582982747 0.00141203506352565
81.1999999999997 46.5994491020405 76.5818987273889 67.9928885142744 16.9402261619531 0.328370179042007 0.00362786066185925
81.2999999999997 46.6587848618562 76.5501137585061 67.954745086202 16.9727150376015 0.328035341573309 0.00577294705588613
81.3999999999997 46.7181128776279 76.5191519613259 67.9166344516202 17.0060130871324 0.327623221852381 0.00784896349533731
81.4999999999996 46.7774357158204 76.489022195493 67.8785696797617 17.0401080938843 0.327131968567909 0.00985751990246688
81.5999999999996 46.8367560189756 76.4597327921669 67.8405638109897 17.0749876460334 0.326559729502664 0.0118001794407606
81.6999999999996 46.8960765003408 76.4312915514055 67.8026298428324 17.1106391452051 0.32590465376963 0.0136784705374395
81.7999999999996 46.9553999383543 76.4037057395484 67.7647807160168 17.1470498150867 0.325164894564193 0.0154938983770693
81.8999999999996 47.0147291709695 76.3769820866004 67.7270293005027 17.1842067100391 0.324338612387135 0.0172479558912849
81.9999999999996 47.0740670897943 76.351126783615 67.6893883815169 17.222096723709 0.323423978688332 0.0189421342777233
82.0999999999996 47.1334166339994 76.3261454801076 67.6518706456188 17.2607065976468 0.322419354410912 0.0205891363543315
82.1999999999996 47.1927807832797 76.302043282243 67.6144886675818 17.3000229300788 0.321323850688425 0.0222016513442218
82.2999999999996 47.252162548853 76.2788247529884 67.5772548993464 17.3400321850688 0.320136862921845 0.0237811583316463
82.3999999999996 47.3115649637915 76.256493913041 67.54018165979 17.3807207018342 0.318857900083471 0.0253291493227877
82.4999999999996 47.3709910734314 76.2350542417848 67.5032811245275 17.4220747040674 0.317486579726643 0.0268471396171237
82.5999999999996 47.4304439258901 76.2145086782481 67.4665653157118 17.4640803092582 0.316022622808068 0.0283366782777562
82.6999999999996 47.4899265626877 76.1948596220604 67.4300460918351 17.5067235380146 0.314465848328102 0.0297993587491218
82.7999999999996 47.5494420094753 76.1761089344096 67.3937351375292 17.5499903233856 0.312816167789158 0.0312368297011339
82.8999999999996 47.6089932668652 76.1582579389991 67.3576439533666 17.5938665201819 0.311073579477583 0.0326508061733655
82.9999999999996 47.6685833013659 76.141307423005 67.3217838456609 17.6383379142984 0.30923816257259 0.0340430811093549
83.0999999999996 47.7282150363851 76.1252576380915 67.2861659163059 17.6833902320422 0.307310410430494 0.0354187097326468
83.1999999999995 47.7878913425061 76.1101083029381 67.2508010535969 17.7290091496339 0.305292274980192 0.0367822642891983
83.2999999999995 47.8476150259752 76.0958586096052 67.2156999255486 17.7751803031474 0.303186191895073 0.0381348772272532
83.3999999999995 47.9073888170421 76.0825072314116 67.1808729741952 17.8218892986224 0.300994727292227 0.039477684811614
83.4999999999995 47.9672153590532 76.070052330871 67.1463304099296 17.8691217221838 0.298720555034636 0.0408118346475926
83.5999999999995 48.0270971983316 76.0584915676268 67.1120822058412 17.9168631501608 0.296366434405414 0.0421384932887642
83.6999999999995 48.0870367748441 76.0478221063887 67.0781380920546 17.9650991592063 0.293935188274922 0.0434588540087312
83.7999999999995 48.1470364136509 76.0380406248683 67.0445075500684 18.013815336416 0.291429681870275 0.0447741447886504
83.8999999999995 48.20709831713 76.0291433217147 67.011199807093 18.0629972894477 0.288852802249144 0.0460856366083112
83.9999999999995 48.267224557968 76.0211259244505 66.9782238303899 18.1126306566405 0.286207438567186 0.0473946521118651
84.0999999999995 48.32741707287 76.0139836974526 66.9455883216455 18.162701117121 0.283496712484668 0.0487015009652837
84.1999999999995 48.3876776561003 76.007711451103 66.9133017122858 18.2131944005658 0.280724740826098 0.0500057969570004
84.2999999999995 48.4480079515946 76.0023035539096 66.8813721611751 18.2640962960928 0.277895922726423 0.0513078131654632
84.3999999999995 48.5084094452869 75.9977539457976 66.8498075532548 18.3153926608093 0.275014671285938 0.0526077548653585
84.4999999999995 48.5688834585781 75.9940561514448 66.8186154982182 18.3670694283462 0.272085387170793 0.0539057576982845
84.5999999999995 48.6294311429641 75.9912032936179 66.7878033291847 18.4191126173932 0.269112433781768 0.0552018855360479
84.6999999999995 48.6900534757982 75.9891881065085 66.7573781013754 18.4715083402331 0.266100114047859 0.0564961280544436
84.7999999999995 48.7507512571632 75.988002949069 66.7273465907869 18.5242428112767 0.263052648877343 0.0577883980644058
84.8999999999995 48.811525107822 75.9876398183482 66.6977152928665 18.5773023555975 0.259974157283104 0.0590785286292087
84.9999999999994 48.8723754682153 75.9880903628279 66.668490421187 18.6306734174661 0.256868638177786 0.0603662700124199
85.0999999999994 48.9333025984441 75.9893458957824 66.6396779061445 18.6843425688646 0.25374008773404 0.0616468527320207
85.1999999999994 48.9943065784931 75.9913974092729 66.611283394264 18.7382965174624 0.250592910934983 0.062914643401573
85.2999999999994 49.0553873076076 75.9942355897482 66.5833122490471 18.7925221132267 0.247431546834591 0.0641678527414696
85.3999999999994 49.1165445040504 75.9978508342794 66.5557695524266 18.8470063544952 0.244260322909093 0.0654044400374744
85.4999999999994 49.1777777059466 76.0022332668186 66.5286601062449 18.9017363940276 0.24108343851924 0.0666220978742266
85.5999999999994 49.2390862732028 76.0073727544581 66.5019884337323 18.9566995450581 0.237904950025532 0.0678182364086072
85.6999999999994 49.3004693904615 76.0132589236889 66.4757587809853 19.0118832873464 0.234728757481252 0.0689899672808941
85.7999999999994 49.3619260710472 76.01988117666 66.4499751184448 19.0672752732306 0.231558592817944 0.0701340872709255
85.8999999999994 49.4234551618608 76.0272287074368 66.4246411423744 19.122863333678 0.228398009433352 0.0712470618257903
85.9999999999994 49.4850553491792 76.0352905182603 66.3997602763387 19.1786354843378 0.225250373086012 0.0723250085712496
86.0999999999994 49.5467251652813 76.0440554358076 66.3753356727026 19.2345799315661 0.222118895544458 0.0733678186645739
86.1999999999994 49.6084629950671 76.0535121274927 66.3513702146759 19.2906850777704 0.219006781256353 0.0743749800704904
86.2999999999994 49.6702670813811 76.0636491178714 66.3278665197428 19.3469395250227 0.21591714578071 0.0753413925353246
86.3999999999994 49.7321355303166 76.0744548050864 66.3048269436372 19.4033320779918 0.212852973274826 0.0762614811774423
86.4999999999994 49.7940663172672 76.0859174773142 66.2822535843382 19.4598517468484 0.209817109048753 0.0771291744959942
86.5999999999994 49.8560572937206 76.0980253292117 66.260148286066 19.5164877501712 0.206812252946514 0.0779378834364643
86.6999999999993 49.9181061947594 76.1107664783637 66.2385126432785 19.5732295178523 0.203840953473649 0.078680481885429
86.7999999999993 49.9802106472288 76.124128981729 66.2173480046664 19.6300666940028 0.20090560259617 0.0793492889649063
86.8999999999993 50.0423681785388 76.1381008520875 66.1966554771499 19.6869891398587 0.198008431145821 0.0799360535356187
86.9999999999993 50.1045762260612 76.152670074487 66.1764359298741 19.7439869366861 0.195151504773257 0.0804319413046964
87.0999999999993 50.1668321470586 76.1678246226639 66.156689998219 19.801050388666 0.192336653101153 0.0808497299030647
87.1999999999993 50.2291332283417 76.1835524747712 66.13741808817 19.8581700252212 0.18956529477361 0.0812035184786526
87.2999999999993 50.2914766943722 76.1998416273531 66.1186203816033 19.9153366019308 0.186838688814778 0.0814856395808427
87.3999999999993 50.3538597149673 76.2166801086269 66.1002968419328 19.9725411008877 0.184158006159407 0.081687922313744
87.4999999999993 50.4162794133412 76.2340559917393 66.0824472197694 20.0297747310345 0.181524326557496 0.0818016851084803
87.5999999999993 50.4787328744935 76.2519574080217 66.0650710585819 20.0870289284995 0.178938635694613 0.0818177317097509
87.6999999999993 50.5412171539268 76.2703725602465 66.0481677003565 20.1442953569332 0.17640182252768 0.0817263507561998
87.7999999999993 50.6037292866739 76.2892897358827 66.0317362912578 20.2015659078435 0.173914676840206 0.0815173193449464
87.8999999999993 50.6662662966169 76.3086973203519 66.0157757872879 20.2588327009325 0.171477887036318 0.0811799109227597
87.9999999999993 50.72882520608 76.3285838102839 66.0002849599475 20.3160880844322 0.169092038196965 0.0807029078311923
88.0999999999993 50.7914030456501 76.3489378267276 65.9852624019026 20.373324635426 0.166757479616462 0.0801157883839231
88.1999999999993 50.8539968634501 76.3697481271871 65.9707065328409 20.4305351597849 0.164473961224349 0.0794514843277933
88.2999999999993 50.9166037325912 76.3910036146777 65.9566156058057 20.487712691128 0.16224107766596 0.0787033958296436
88.3999999999993 50.9792207579248 76.4126933456067 65.942987713719 20.5448504893979 0.160058405369224 0.0778646567352623
88.4999999999992 51.0418450828251 76.4348065376094 65.9298207959115 20.6019420394216 0.15792550132866 0.0769281434273262
88.5999999999992 51.1044738960334 76.4573325773857 65.9171126446524 20.6589810494713 0.155841902029409 0.0758864860087479
88.6999999999992 51.1671044385619 76.4802610285355 65.9048609116797 20.7159614498248 0.153807122551497 0.0747320819437358
88.7999999999992 51.2297340106567 76.5035816393953 65.8930631147302 20.7728773913267 0.151820655893828 0.0734571122796322
88.8999999999992 51.2923599788186 76.5272843508738 65.8817166440695 20.8297232439488 0.1498819725654 0.0720535605827095
88.9999999999992 51.3549797828809 76.5513593042883 65.8708187690221 20.8864935953511 0.147990520490031 0.0705132347068805
89.0999999999992 51.417590943114 76.5757968491469 65.8603666445013 20.9431832494338 0.146145562587941 0.0688829664386651
89.1999999999992 51.4801910666283 76.6005875495306 65.8503573175353 20.9997872246668 0.144345716253136 0.0672145191401148
89.2999999999992 51.5427778518548 76.6257221869223 65.8407877337851 21.056300751853 0.14258948883655 0.0655069620237546
89.3999999999992 51.6053490921788 76.6511917616355 65.8316547440575 21.1127192716692 0.140875446863051 0.063759343165487
89.4999999999992 51.6679026794391 76.6769874941896 65.8229551108193 21.1690384321978 0.139202215831414 0.0619706949150823
89.5999999999992 51.7304366073331 76.7031008266848 65.8146855147108 21.2252540864593 0.137568480092413 0.0601400400394346
89.6999999999992 51.7929489747376 76.7295234241773 65.8068425610591 21.2813622899441 0.135972982827578 0.0582663986961494
89.7999999999992 51.8554379889552 76.7562471760539 65.7994227863919 21.3373592981446 0.13441452614712 0.0563487963036872
89.8999999999992 51.9179019688949 76.7832641974079 65.7924226649514 21.3932415640873 0.132891971328313 0.054386272406217
89.9999999999992 51.9803393481968 76.8105668304132 65.7858386152074 21.4490057358648 0.131404239210937 0.052377890623944
90.0999999999992 52.0427486782824 76.8381476456526 65.779667006367 21.5046486541634 0.129950168359186 0.0503774456586454
90.1999999999992 52.1051286307134 76.865999442209 65.7739041647703 21.5601673496686 0.128528107526419 0.0484432892124192
90.2999999999991 52.16747799782 76.8941152446202 65.7685463800003 21.6155590401622 0.127136375841514 0.0465813985053238
90.3999999999991 52.2297956925365 76.9224882985975 65.7635899108787 21.6708211274972 0.125773408574828 0.0447978286241316
90.4999999999991 52.2920807480621 76.9511120666969 65.7590309914577 21.7259511945689 0.124437755586521 0.0430987207383058
90.5999999999991 52.3543323173871 76.9799802239901 65.7548658370123 21.7809470022851 0.123128079730111 0.0414903100698301
90.6999999999991 52.4165496726963 77.0090866537362 65.7510906500316 21.8358064865369 0.121843155224639 0.0399789333087259
90.7999999999991 52.4787322046622 77.0384254430521 65.747701626211 21.8905277551691 0.120581866006446 0.0385710351336193
90.8999999999991 52.5408794216392 77.0679908785844 65.7446949604442 21.9451090849508 0.11934320407434 0.0372731734817932
90.9999999999991 52.6029909487694 77.0977774421801 65.7420668528145 21.9995489185462 0.118126267835574 0.0360920231932168
91.0999999999991 52.6650665269924 77.1277798065289 65.7398135145822 22.0538458614805 0.116930174794303 0.0350687436521962
91.1999999999991 52.7271060115234 77.1579928300476 65.7379311740345 22.1079986789953 0.115753812725537 0.0342472137843521
91.2999999999991 52.7891093690719 77.1884115498425 65.7364160819921 22.16200629262 0.114596111441843 0.0336383954466627
91.3999999999991 52.8510766744827 77.2190311739136 65.7352645171784 22.2158677766331 0.11345612765839 0.0332534119206965
91.4999999999991 52.9130081072423 77.2498470733309 65.7344727915846 22.2695823545179 0.112333041711395 0.0331035481226197
91.5999999999991 52.9749039478817 77.280854774409 65.7340372558339 22.3231493954192 0.111226154373174 0.0332002459766196
91.6999999999991 53.0367645742853 77.3120499508834 65.7339543045468 22.3765684105997 0.11013488378898 0.0335550942127971
91.7999999999991 53.0985904579144 77.3434284160856 65.734220381705 22.4298390498959 0.109058762564898 0.0341798118119403
91.8999999999991 53.1603821599581 77.374986115119 65.7348319860166 22.4829610981748 0.107997435032632 0.0350862242617312
91.999999999999 53.2221403274167 77.406719117034 65.7357856762806 22.5359344717901 0.106950654721647 0.0362862317530099
92.099999999999 53.2838656891204 77.438623606997 65.7370780767446 22.5887592150332 0.105918249098621 0.0377897410962189
92.199999999999 53.3455590514779 77.4706958782771 65.7387058822944 22.6414354964413 0.104900021374156 0.0396067299785077
92.299999999999 53.4072212936152 77.502932323773 65.7406658632124 22.6939636047453 0.103895852100624 0.0417492072588267
92.399999999999 53.4688533622378 77.5353294273572 65.742954869767 22.746343944674 0.102905730680686 0.0442290932516969
92.499999999999 53.5304562664323 77.5678837552149 65.7455698367962 22.7985770327539 0.101929753550887 0.0470581492480397
92.599999999999 53.5920310724243 77.600591947181 65.7485077882904 22.8506634931086 0.100968122762352 0.0502478939456068
92.699999999999 53.6535788983014 77.6334507080787 65.7517658419754 22.9026040532582 0.100021144993239 0.0538095054478146
92.799999999999 53.7151009087077 77.666456799057 65.7553412138954 22.9543995399186 0.0990892310254766 0.0577537074100806
92.899999999999 53.7765983095188 77.6996070289292 65.7592312229965 23.006050874801 0.0981728957172048 0.0620906378369894
92.999999999999 53.8380723425048 77.7328982455103 65.7634332957093 23.0575590704114 0.097272758499273 0.0668296989396813
93.099999999999 53.8995242799889 77.766327326966 65.7679449705211 23.1089252258445 0.0963895270917272 0.0719362645744547
93.199999999999 53.9609554195248 77.7998911734433 65.7727639022601 23.1601505224392 0.0955239437976477 0.0773725171646441
93.299999999999 54.0223670786204 77.8335866994159 65.777887865649 23.2112362190822 0.0946768330973176 0.0831415325789865
93.399999999999 54.0837605894861 77.8674108263114 65.783314758571 23.2621836473723 0.0938491192310332 0.08924505458808
93.499999999999 54.1451372937966 77.9013604751495 65.7890426053246 23.3129942067804 0.0930418275723541 0.0956832943086836
93.599999999999 54.206498537475 77.9354325591799 65.7950695598784 23.3636693598082 0.0922560863525303 0.102454712994073
93.699999999999 54.2678456655049 77.9696239765206 65.801393909126 23.4142106271483 0.0914931287225043 0.109555788715982
93.7999999999989 54.3291800167787 78.0039316027957 65.8080140761408 23.4646195828431 0.0907542951271882 0.116980768031701
93.8999999999989 54.3905029189902 78.0383522837737 65.8149286234306 23.5148978494444 0.0900410359587731 0.124721404436765
93.9999999999989 54.4518156835788 78.0728828280054 65.8221362561928 23.5650470931727 0.0893549144441851 0.13276668632968
94.0999999999989 54.5131196007427 78.1075199994839 65.8296358255506 23.6150690190758 0.0886975617085062 0.141027273213013
94.1999999999989 54.5744159347537 78.1422605108679 65.8374263313078 23.6649653661567 0.0880705244408878 0.149408851271369
94.2999999999989 54.6357059199348 78.1771010181383 65.8455069234832 23.7147379024266 0.0874753902569889 0.157888730866879
94.3999999999989 54.6969907569299 78.2120381158172 65.8538769033625 23.7643884199275 0.0869138322503812 0.166441514702767
94.4999999999989 54.758271609046 78.2470683322098 65.8625357245331 23.8139187297539 0.0863876079044687 0.175039034802408
94.5999999999989 54.8195495986648 78.2821881246458 65.8714829939173 23.8633306570745 0.0858985576139144 0.183650326976609
94.6999999999989 54.8808258037305 78.317393874721 65.8807184728072 23.9126260361538 0.0854486027607786 0.192241650296084
94.7999999999989 54.9421012543218 78.3526818835388 65.8902420778982 23.9618067053737 0.0850397432898263 0.200776559183721
94.8999999999989 55.0033769293148 78.3880483669514 65.9000538823233 24.0108745022551 0.0846740547340244 0.209216035505224
94.9999999999989 55.0646537531451 78.423489450802 65.9101541166873 24.0598312584795 0.0843536846447503 0.217518687399365
95.0999999999989 55.1259325926906 78.4590011661889 65.9205431700724 24.1086787949177 0.084080725302404 0.225562029873515
95.1999999999989 55.1872142546351 78.4945794453449 65.9312215903132 24.1574189168312 0.0838568212773279 0.233226417100428
95.2999999999989 55.248499483861 78.5302201190714 65.9421900824146 24.206053409515 0.083683499954996 0.24047376236375
95.3999999999989 55.309788962276 78.5659189147872 65.9534495062389 24.254584034114 0.0835622817090725 0.247267285910697
95.4999999999988 55.3710833077162 78.6016714546001 65.9650008741644 24.3030125234455 0.0834946713970644 0.253572043925837
95.5999999999988 55.4323830729173 78.6374732533785 65.9768453487445 24.3513405778224 0.0834821499599363 0.259355463583619
95.6999999999988 55.493688744557 78.6733197168239 65.9889842403661 24.3995698608758 0.0835261662582252 0.264587869780026
95.7999999999988 55.5550007423753 78.709206139542 66.0014190049086 24.4477019953781 0.0836281292831787 0.269242988090842
95.8999999999988 55.6163194183768 78.7451277031148 66.0141512414023 24.4957385590659 0.0837894008804641 0.273298408181126
95.9999999999988 55.6776450561189 78.7810794741725 66.027182689688 24.5436810804626 0.0840112891206481 0.276735992261808
96.0999999999988 55.7389778701088 78.8170564024822 66.0405152280424 24.591531034719 0.0842948570448393 0.279508218170277
96.1999999999988 55.8003180057278 78.8530533194829 66.0541508699665 24.6392898399125 0.0846403483108973 0.281583238154973
96.2999999999988 55.8616655403145 78.8890649379501 66.0680917588422 24.6869588545091 0.0850477172527246 0.282974046386656
96.3999999999988 55.9230204846907 78.9250858521073 66.0823401617505 24.7345393752842 0.085516810281983 0.283698981135601
96.4999999999988 55.9843827846964 78.9611105377542 66.096898463258 24.7820326352613 0.0860473667823335 0.283781315934636
96.5999999999988 56.0457523227217 78.997133352394 66.1117691592018 24.8294398016501 0.0866390214400186 0.283248765915412
96.6999999999988 56.1071289192328 79.0331485353622 66.1269548504764 24.8767619737851 0.0872913079105852 0.282132926464626
96.7999999999988 56.1685123342926 79.0691502079542 66.1424582368189 24.9240001810636 0.0880036636972085 0.2804686630774
96.8999999999988 56.2299022690758 79.1051323735536 66.1582821105951 24.9711553808849 0.0887754360941001 0.278293472038262
96.9999999999988 56.2912983673776 79.14108891776 66.1744293505853 25.0182284565877 0.0896058890362019 0.275646831238881
97.0999999999988 56.3527002171316 79.1770136085253 66.190902915747 25.065220215413 0.09049405707225 0.272588268737118
97.1999999999988 56.4141073523414 79.2129000964969 66.2077058383728 25.1121313870778 0.0914382904917486 0.269184199836853
97.2999999999987 56.4755192560451 79.2487419158871 66.2248412157119 25.158962623905 0.0924367215419989 0.265484730764422
97.3999999999987 56.5369353636073 79.2845324855502 66.2423122009876 25.2057145015653 0.0934874275693574 0.261538444950638
97.4999999999987 56.5983550659107 79.3202651100671 66.2601219943911 25.2523875198426 0.0945884410846085 0.257391917743104
97.5999999999987 56.6597777124307 79.3559329808302 66.2782738340751 25.2989821033994 0.0957377596018513 0.253089328386168
97.6999999999987 56.7212026141825 79.3915291771282 66.2967709871478 25.3454986025425 0.0969333551378044 0.248672166173361
97.7999999999987 56.7826290465396 79.4270466672309 66.3156167406668 25.3919372939886 0.0981731832828246 0.244179024876205
97.8999999999987 56.8440562519155 79.4624783094741 66.3348143926326 25.4382983816295 0.0994551917840263 0.239645477658772
97.9999999999987 56.9054834423038 79.497816853344 66.354367242983 25.4845819972978 0.100777328599179 0.235104023290035
98.0999999999987 56.9669098016863 79.533054940568 66.3742785845788 25.5307882015526 0.102137483092021 0.230607830754258
98.1999999999987 57.0283344886903 79.5681851063379 66.394551693997 25.5769169849859 0.103533291957394 0.226207656059456
98.2999999999987 57.0897566400977 79.6031997808751 66.4151898218323 25.6229682708531 0.104962340686988 0.221927640293892
98.3999999999987 57.1511753745502 79.6380912911295 66.4361961828045 25.6689419182243 0.106422234779311 0.217788839269226
98.4999999999987 57.2125897960483 79.6728518624834 66.4575739458594 25.7148377251556 0.107910604677617 0.213809437434156
98.5999999999987 57.2739989972216 79.7074736204551 66.4793262242688 25.7606554318604 0.109425110307249 0.210004975813581
98.6999999999987 57.3354020623614 79.7419485924038 66.5014560657309 25.8063947238812 0.110963445272422 0.206388586567094
98.7999999999987 57.3967980702086 79.7762687092327 66.5239664424711 25.8520552352607 0.112523340773435 0.20297122806354
98.8999999999987 57.4581860964886 79.8104258070937 66.5468602413417 25.8976365517131 0.114102569307158 0.19976191557817
98.9999999999987 57.5195652161868 79.844411629091 66.5701402539229 25.9431382137962 0.11569894821353 0.196767943847037
99.0999999999986 57.5809345055725 79.8782178269961 66.5938091666351 25.9885597200892 0.117310367871158 0.193982472885773
99.1999999999986 57.6422930443679 79.9118359632462 66.6178695511648 26.0339005305633 0.118934857782509 0.191397585568425
99.2999999999986 57.7036399187101 79.9452575136624 66.6423238556889 26.0791600704371 0.120570495174922 0.189017063342288
99.3999999999986 57.7649742242625 79.9784738704508 66.6671743964112 26.1243377342226 0.122215380061391 0.186843819535565
99.4999999999986 57.8262950690687 80.011476345215 66.6924233491121 26.1694328897794 0.123867637982952 0.184880030648876
99.5999999999986 57.887601576126 80.0442561719683 66.7180727406981 26.2144448823686 0.125525422875664 0.183127256555618
99.6999999999986 57.9488928856709 80.0768045101464 66.744124440751 26.2593730387066 0.127186920094724 0.181586549806428
99.7999999999986 58.010168157171 80.1091124476193 66.7705801530773 26.3042166710189 0.128850349625755 0.1802585542941
99.8999999999986 58.0714265710164 80.1411710037041 66.7974414072579 26.3489750810941 0.130513969512508 0.179143593753746
99.9999999999986 58.1326673299059 80.1729711321769 66.8247095501971 26.3936475643375 0.132176079527514 0.178241750558281
100.099999999999 58.1938896599389 80.2045037243018 66.8523857377032 26.4382334138155 0.133835121949983 0.177499501907925
100.199999999999 58.255092811799 80.2357596122859 66.8804709268844 26.4827319240444 0.135489954786264 0.176864384239201
100.299999999999 58.3162760626808 80.2667295738164 66.9089658706094 26.5271423941317 0.137139527226724 0.176337882439499
100.399999999999 58.3774387183798 80.2974043370237 66.9378711127852 26.5714641306623 0.138782780327496 0.175921430681884
100.499999999999 58.4385801151613 80.3277745854614 66.9671869836634 26.6156964505752 0.140418649999813 0.175616428010531
100.599999999999 58.499699621389 80.357830963086 66.9969135951487 26.6598386840394 0.142046070186364 0.175424252750286
100.699999999999 58.5607966389084 80.3875640792364 67.0270508361063 26.7038901773309 0.143663976231869 0.175346275764203
100.799999999999 58.6218706041799 80.416964513614 67.0575983676694 26.7478502957087 0.145271308455075 0.175383872607376
100.899999999999 58.682920989159 80.4460228212622 67.0885556185467 26.7917184262916 0.146867015928661 0.175538434560291
100.999999999999 58.7439473019193 80.4747295375462 67.1199217803304 26.8354939809342 0.148450060473342 0.175811378606056
101.099999999999 58.8049490870278 80.5030751831513 67.1516958028366 26.8791763990843 0.150019500597627 0.176138025320429
101.199999999999 58.8659259259747 80.5310502695638 67.1838763903014 26.9227651501399 0.151574710485503 0.176455418877398
101.299999999999 58.9268774381676 80.5586453057782 67.2164619997502 26.9662597345358 0.153115101351123 0.176767526250007
101.399999999999 58.9878032820453 80.5858508054861 67.2494508402223 27.0096596843303 0.154640038233275 0.177078241225886
101.499999999999 59.0487031560127 80.6126572942845 67.2828408720287 27.0529645637726 0.156148842747841 0.177391392691101
101.599999999999 59.1095767991761 80.6390553168837 67.3166298060094 27.09617396987 0.157640796030424 0.177710752506754
101.699999999999 59.1704239918753 80.6650354443152 67.3508151027919 27.1392875329552 0.159115141872332 0.178040043047069
101.799999999998 59.2312445560024 80.6905882811403 67.3853939720481 27.1823049172538 0.160571090051094 0.178382944483281
101.899999999998 59.2920383551034 80.7157044726574 67.4203633717522 27.2252258214514 0.162007819856151 0.178743101883488
101.999999999998 59.3528052942549 80.7403747121103 67.4557200074388 27.2680499792611 0.163424483811595 0.179124132164299
102.099999999998 59.4135453197255 80.764589747909 67.4914603315061 27.3107771599662 0.164820336427187 0.179455513767844
102.199999999998 59.4742584187976 80.7883403911775 67.5275805437184 27.3534071683289 0.166195081732771 0.179667272005119
102.299999999998 59.5349446203982 80.8116175241327 67.5640765947511 27.3959398428876 0.167548447179065 0.179763785003514
102.399999999998 59.595603995996 80.8344121087914 67.600944190933 27.4383750536201 0.168880052384868 0.179749384845555
102.499999999998 59.6562366603885 80.8567151956884 67.6381787990359 27.4807126995825 0.170189410659598 0.179628367672693
102.599999999998 59.7168427723531 80.8785179325963 67.6757756510638 27.5229527065472 0.171475930881233 0.179405001091323
102.699999999998 59.777422535144 80.8998115732442 67.7137297490417 27.5650950246424 0.172738919730048 0.17908352927236
102.799999999998 59.8379761968237 80.9205874860367 67.7520358698053 27.6071396259903 0.173977584278961 0.178668176049336
102.899999999998 59.8985040504117 80.9408371627731 67.7906885697895 27.6490865023457 0.175191034939621 0.178163146350529
102.999999999998 59.9590064338366 80.9605522273659 67.8296821898179 27.6909356627349 0.176378288761482 0.177572626218093
103.099999999998 60.0194837296869 80.9797244445545 67.8690108599275 27.7326871310785 0.177538412233726 0.176858375804492
103.199999999998 60.0799363650049 80.9983457284598 67.9086685051137 27.7743409433998 0.178670923157861 0.175981083339716
103.299999999998 60.1403648115816 81.0164081507394 67.9486488534128 27.8158971439833 0.17977534199795 0.174943348761925
103.399999999998 60.2007695864032 81.0339039485848 67.9889454449052 27.8573557811185 0.180851049951875 0.173747816333297
103.499999999998 60.2611512519958 81.050825532712 68.0295516407535 27.8987169028282 0.181897291462452 0.172397166206237
103.599999999998 60.3215104166347 81.0671654953533 68.0704606322416 27.9399805525967 0.18291317726718 0.170894102714751
103.699999999998 60.3818477344008 81.0829166182481 68.1116654498128 27.9811467650978 0.183897687985772 0.169241339690506
103.799999999998 60.4421639050614 81.0980718806337 68.1531589721086 28.0222155619229 0.184849678239772 0.167441583114795
103.899999999998 60.5024596737562 81.1126244672368 68.1949339350069 28.0631869473096 0.18576788129711 0.165497511359501
103.999999999998 60.5627358304683 81.1265677762646 68.2369829406608 28.1040609038695 0.186650914231326 0.163411753265071
104.099999999998 60.6229932092663 81.1398954273736 68.2792984665539 28.1448373883171 0.187497428177172 0.161184308703905
104.199999999998 60.683232687502 81.1526012690734 68.3218728750007 28.1855163272194 0.18830654226516 0.158813163922031
104.299999999998 60.7434551853228 81.1646793846922 68.3646984237748 28.2260976127962 0.189077404541601 0.156297911470493
104.399999999998 60.8036616652532 81.176124097776 68.4077672771817 28.2665810987412 0.189809050012144 0.153638168600457
104.499999999998 60.8638531316533 81.1869299774672 68.4510715171485 28.306966596044 0.190500405134551 0.150833547357722
104.599999999998 60.9240306300261 81.1970918438819 68.4946031543144 28.3472538688114 0.191150292816831 0.147883622616939
104.699999999998 60.984195246157 81.2066047734875 68.5383541391197 28.3874426300894 0.191757437910764 0.144787898107185
104.799999999998 61.0443481050695 81.2154641044814 68.5823163728966 28.4275325376851 0.1923204731889 0.141545770396457
104.899999999998 61.1044903697778 81.2236654421676 68.6264817189586 28.4675231899882 0.192837945790101 0.138156490837238
104.999999999998 61.1646232398227 81.2312046643358 68.6708420136904 28.5074141217928 0.193308324118549 0.134619125399505
105.099999999998 61.2247479495784 81.2380779266077 68.7153890776305 28.5472048001392 0.193730139199902 0.130971772298881
105.199999999998 61.2848657664301 81.2442816669963 68.7601147263598 28.5868946206724 0.194102400897558 0.127250521921156
105.299999999998 61.3449779890428 81.2498126084615 68.8050107808979 28.6264829053138 0.194424212992709 0.123451250581106
105.399999999998 61.4050859456227 81.2546677606769 68.8500690779063 28.66596890045 0.194694644628435 0.119569788635685
105.499999999998 61.4651909920768 81.2588444217661 68.8952814798827 28.7053517751408 0.194912734203696 0.115601885094435
105.599999999998 61.5252945100589 81.2623401800401 68.9406398853574 28.7446306193282 0.195077493519788 0.111543171114567
105.699999999998 61.5853979048968 81.2651529157327 68.9861362390874 28.7838044420449 0.195187912169765 0.10738912214118
105.799999999998 61.6455026033961 81.2672808027379 69.0317625422526 28.8228721696224 0.19524296216057 0.103135018473253
105.899999999998 61.7056100515146 81.268722310346 69.0775108626501 28.8618326439 0.195241602759403 0.098775903972364
105.999999999998 61.7657217119047 81.2694762049801 69.1233733448901 28.9006846204331 0.195182785553978 0.0943065426585167
106.099999999998 61.8258390613195 81.2695415519028 69.1693422205588 28.9394267667365 0.195065567629561 0.0897957984018678
106.199999999998 61.8859635878323 81.2689177161383 69.2154098175468 28.9780576614334 0.194889454080291 0.0853116324502435
106.299999999998 61.9460967878402 81.2676043614041 69.2615685672588 29.0165757957022 0.19465410011781 0.0808472494591997
106.399999999998 62.0062401630024 81.2656014482589 69.307811010989 29.0549795756293 0.194359205693275 0.0763958745592156
106.499999999998 62.066395217186 81.2629092322199 69.3541298062633 29.0932673245966 0.194004514421678 0.0719507253667074
106.599999999998 62.1265634534287 81.2595282618809 69.400517733183 29.1314372856682 0.193589812562785 0.0675049829669468
106.699999999998 62.1867463709227 81.2554593770292 69.4469677007675 29.1694876239788 0.193114928057209 0.0630517617083652
106.799999999998 62.2469454620279 81.2507037067638 69.4934727532971 29.2074164291199 0.19257972961841 0.0585840776509561
106.899999999998 62.3071622093201 81.2452626676123 69.540026076656 29.2452217175284 0.191984125881986 0.0540948154809023
106.999999999998 62.36739808268 81.2391379616492 69.5866210046754 29.2829014348729 0.191328064615455 0.0495766936677321
107.099999999998 62.4276545364206 81.2323315745898 69.6332510254312 29.3204534584789 0.190611607164446 0.0451091768505685
107.199999999998 62.4879330062367 81.2248457732914 69.6799097863716 29.3578756007185 0.189835165768893 0.0407726311269779
107.299999999998 62.548234905656 81.2166831017442 69.7265910964724 29.3951656148517 0.18899929616813 0.0365611990903881
107.399999999998 62.6085616224096 81.2078463764687 69.7732889272224 29.432321201833 0.188104618506776 0.0324693027837649
107.499999999998 62.6689145149688 81.1983386818902 69.8199974135629 29.4693400171551 0.187151810106104 0.028491628761891
107.599999999998 62.7292949092665 81.1881633657131 69.8667108548282 29.5062196776929 0.186141598403618 0.0246231131025926
107.699999999998 62.7897040956098 81.1773240342952 69.9134237156853 29.5429577685473 0.185074754062152 0.0208589264705584
107.799999999998 62.8501433257938 81.1658245480221 69.960130627074 29.5795518498886 0.183952084257567 0.0171944592802267
107.899999999998 62.9106138104193 81.1536690166813 70.0068263871469 29.6159994638007 0.182774426148976 0.0136253070169733
107.999999999998 62.9711167164229 81.1408617948371 70.0535059622094 29.652298141125 0.181542640540884 0.0101472557206088
108.099999999998 63.0316531648054 81.1274074771885 70.1001644876174 29.6884454083264 0.18025767102321 0.00682586187975954
108.199999999998 63.0922242281811 81.1133108935129 70.1467972675757 29.7244387949482 0.17892074374692 0.00372897251130081
108.299999999998 63.1528309275613 81.0985771025569 70.1933997721467 29.76027584256 0.177533181079083 0.000856460926558634
108.399999999998 63.2134742290339 81.0832113855117 70.2399676331592 29.7959541142936 0.176096329099706 -0.00179110031581142
108.499999999998 63.27415504074 81.0672192394732 70.2864966400757 29.831471204402 0.174611548176216 -0.00421242431021376
108.599999999998 63.3348742101626 81.0506063709016 70.3329827358587 29.8668247478178 0.173080204052254 -0.00640549068833149
108.699999999998 63.3956325217288 81.0333786890815 70.3794220128382 29.9020124297121 0.171503659463145 -0.0083675219609132
108.799999999998 63.4564306947239 81.0155422995811 70.4258107085782 29.9370319950532 0.169883266292669 -0.0100949547517565
108.899999999998 63.5172693815172 80.9971034977127 70.4721452017439 29.9718812581653 0.168220358284345 -0.0115834053022933
108.999999999998 63.5781491660937 80.9780687619919 70.5184220079684 30.0065581122872 0.166516244322952 -0.0128276285516402
109.099999999998 63.6390705628744 80.9584447475902 70.5646377756953 30.0410605391276 0.164772261793404 -0.0137990590590435
109.199999999998 63.7000340153818 80.938238279582 70.6107892813978 30.0753866183334 0.162989958842466 -0.0144670085087294
109.299999999998 63.7610398940725 80.9174563456754 70.6568734232112 30.1095345367364 0.161170926496223 -0.0148214289414349
109.399999999998 63.8220884940697 80.8961060887374 70.7028872139414 30.1435025975132 0.159316735633428 -0.0148509486015839
109.499999999998 63.8831800332353 80.8741947993119 70.7488277740497 30.1772892293409 0.157428931883455 -0.0145427818493512
109.599999999998 63.9443146505955 80.8517299081377 70.7946923246374 30.2108929955541 0.155509031424151 -0.0138826265994949
109.699999999998 64.0054924051124 80.8287189786669 70.84047818043 30.2443126033008 0.153558517725289 -0.0128545478970602
109.799999999998 64.0667132747938 80.8051696995818 70.8861827427621 30.2775469126988 0.151578839291749 -0.0114408461657323
109.899999999998 64.127977156137 80.7810898773139 70.9318034925614 30.3105949459918 0.149571408464539 -0.00962190846115382
109.999999999998 64.1892838638971 80.7564874285611 70.977337983334 30.3434558967058 0.147537601350127 -0.00737604099648712
110.099999999998 64.2506331311564 80.7313703728086 71.0227838341472 30.376129138777 0.145478801064046 -0.00471747935560951
110.199999999998 64.3120246092712 80.705746824908 71.06813872259 30.4086142349356 0.143396535647354 -0.00166053409967034
110.299999999998 64.3734578670318 80.6796249878088 71.1134003776722 30.4409109432026 0.14129237044729 0.00181974335643602
110.399999999998 64.4349323897301 80.6530131453491 71.1585665726999 30.4730192226424 0.139167871037214 0.00575072241508838
110.499999999998 64.4964475785504 80.6259196550482 71.2036351181507 30.5049392390877 0.137024607144061 0.0101624079516748
110.599999999998 64.5580027503003 80.5983529408998 71.2486038545481 30.5366713708637 0.134864158003663 0.0150876735831925
110.699999999998 64.6195971374713 80.570321486165 71.2934706453361 30.5682162145121 0.132688119280455 0.0205625134907364
110.799999999998 64.6812298886288 80.541833826165 71.3382333697545 30.5995745905162 0.130498111707644 0.0266263120040795
110.899999999998 64.7429000691247 80.5128985410741 71.3828899157129 30.6307475490246 0.1282957916256 0.0333221291170866
110.999999999998 64.80460666213 80.4835242487128 71.427438172666 30.661736375576 0.126082863622524 0.040696998642449
111.099999999998 64.8663485699703 80.4537195973526 71.471876024505 30.6925425967822 0.123861101651605 0.048711760548241
111.199999999998 64.9281246154047 80.4234932588326 71.516201342886 30.7231679849365 0.121632386586023 0.0573236204383512
111.299999999998 64.9899335422782 80.3928539224668 71.5604119816687 30.7536145598956 0.119398707295842 0.0665799772815407
111.399999999998 65.051774016124 80.3618102892635 71.6045057717917 30.7838845898858 0.1171621701672 0.0765318936318727
111.499999999998 65.1136446250728 80.3303710661562 71.6484805161643 30.8139805922692 0.114925016284724 0.0872342174754211
111.599999999998 65.1755438810825 80.2985449602347 71.6923339845593 30.8439053343091 0.112689641107292 0.0987456431408354
111.699999999998 65.2374702214889 80.2663406729763 71.736063908505 30.8736618339355 0.110458616866951 0.111128683936725
111.799999999998 65.2994220108769 80.2337668944768 71.7796679761773 30.9032533605109 0.108234717924677 0.124449520986348
111.899999999998 65.3613975432725 80.2008322976816 71.8231438272922 30.9326834355958 0.1060209493116 0.138777682436472
111.999999999998 65.4233950446584 80.1675455326169 71.8664890479976 30.9619558337143 0.1038205786699 0.15418549481373
112.099999999998 65.4854126758018 80.1339152206411 71.9097011657927 30.9910745830815 0.101637108578979 0.170627042348818
112.199999999998 65.5474485351326 80.0999499492306 71.9527776451365 31.0200439653371 0.0994741098209507 0.188045501535803
112.299999999998 65.6095006612325 80.0656582681193 71.9957158848098 31.0488685127549 0.0973354180871653 0.206497053928843
112.399999999998 65.6715670353399 80.0310486859737 72.0385132159673 31.0775530044594 0.0952252235888488 0.226034461971945
112.499999999998 65.7336455841334 79.996129667087 72.0811669002161 31.1061024626031 0.0931481023664002 0.246704680316816
112.599999999998 65.7957341828051 79.9609096280736 72.1236741276943 31.1345221485449 0.0911090485528053 0.268545826428599
112.699999999998 65.8578306584245 79.9253969345637 72.1660320151493 31.1628175590273 0.0891135067356097 0.291583412018198
112.799999999998 65.9199327935943 79.8895998978986 72.2082376040173 31.1909944223544 0.0871674032307571 0.315825749218245
112.899999999998 65.9820383303996 79.8535267718243 72.2502878585007 31.21905869457 0.0852771746677743 0.341258475492533
112.999999999998 66.0441449746507 79.8171857491869 72.2921796636476 31.2470165556348 0.0834497918080773 0.36783819640258
113.099999999998 66.1062504004135 79.7805849586488 72.3339098234544 31.2748744055818 0.081692653780958 0.395387539967014
113.199999999998 66.1683522546503 79.7437324619814 72.3754750596044 31.3026388600662 0.0800131986765819 0.423684906975387
113.299999999998 66.2304481616597 79.7066362528169 72.4168720118179 31.3303167443853 0.0784192065976639 0.452559151161038
113.399999999998 66.2925357275658 79.6693042559772 72.4580972388391 31.3579150868927 0.0769188784915824 0.481787435664984
113.499999999998 66.3546125450226 79.6317443268231 72.4991472194455 31.3854411123906 0.075520779082704 0.511090840221851
113.599999999998 66.4166761981396 79.5939642506051 72.5400183534593 31.4129022355218 0.0742337563441839 0.540132205220903
113.699999999998 66.4787242676255 79.5559717418131 72.580706962757 31.4403060541613 0.0730668350235584 0.568517242251411
113.799999999998 66.5407543361454 79.5177744435266 72.6212092922803 31.4676603428084 0.0720290829731784 0.595799947138304
113.899999999998 66.6027639938905 79.4793799267648 72.6615215110461 31.4949730459787 0.071129450857893 0.621493181867166
113.999999999998 66.6647508443529 79.4407956898365 72.7016397131576 31.5222522715956 0.0703765882175426 0.645084894437164
114.099999999998 66.7267125102997 79.4020291577067 72.7415599188263 31.5495062843807 0.069778538665401 0.666055943735923
114.199999999998 66.7886466398699 79.3630876817752 72.7812780757239 31.5767434991896 0.0693422207168344 0.683926420640386
114.299999999998 66.8505509126569 79.3239785407063 72.820790061164 31.6039724742115 0.0690735346857157 0.698281395842306
114.399999999998 66.9124230458593 79.2847089416714 72.8600916846132 31.6312019041155 0.0689772841630967 0.708786341188484
114.499999999998 66.974260800553 79.2452860216067 72.8991786902141 31.6584406131945 0.069057024212214 0.715210162425146
114.599999999998 67.0360619880851 79.2057168484727 72.9380467593083 31.6856975485093 0.0693149502124854 0.717441719916835
114.699999999998 67.0978244765782 79.1660084225119 72.9766915129593 31.7129817730323 0.0697518357150206 0.715497657346643
114.799999999998 67.1595461975394 79.1261676775073 73.0151085144762 31.7403024587915 0.0703670235768736 0.709520496463222
114.899999999998 67.2212251525635 79.0862014820413 73.0532932719359 31.7676688800148 0.0711584699287222 0.699767315529669
114.999999999998 67.2828594201203 79.0461166407536 73.0912412407069 31.7950904062737 0.0721228359503828 0.686590612068406
115.099999999998 67.3444471624193 79.005919895607 73.1289478259716 31.8225764956423 0.0732556292366854 0.670469669725605
115.199999999998 67.4059866323902 78.9656179273246 73.1664083852344 31.8501366882502 0.0745514214829786 0.651921203668119
115.299999999998 67.4674761808539 78.9252173572684 73.2036182307929 31.8777806008335 0.0760040356989484 0.631418812705588
115.399999999998 67.5289142637951 78.884724749489 73.240572632195 31.9055179216798 0.0776067131170008 0.609429045221936
115.499999999998 67.590299449676 78.8441466127837 73.2772668186952 31.9333584055881 0.0793522764081986 0.586393397824611
115.599999999998 67.6516304267811 78.803489402753 73.313695981711 31.9613118688287 0.0812332787017586 0.562715175344999
115.699999999998 67.712906010582 78.7627595238583 73.3498552772791 31.9893881841032 0.0832421337430229 0.538751164777274
115.799999999998 67.774125151114 78.7219633314792 73.3857398285119 32.0175972755041 0.0853712247756423 0.514807604018784
115.899999999998 67.8352869403504 78.6811071339705 73.4213447280538 32.0459491134752 0.0876129916210083 0.49113965645926
115.999999999998 67.8963906195642 78.6401971947197 73.4566650405376 32.0744537097714 0.0899599968645695 0.467953508176395
116.099999999998 67.9574355866684 78.5992397342042 73.4916958050334 32.103121112439 0.0924050626275488 0.44544159559124
116.199999999998 68.0184214036652 78.5582409320447 73.5264320373077 32.1319614013358 0.0949415827074037 0.423745417329723
116.299999999998 68.0793478044372 78.5172069290515 73.5608687315988 32.1609846850178 0.0975632890282134 0.402936710423868
116.399999999998 68.1402147026726 78.4761438292662 73.5950008622027 32.1902010981662 0.100264163361592 0.383060075112492
116.499999999998 68.2010221997792 78.4350577020042 73.6288233850513 32.2196207990338 0.103038427208607 0.364137909857552
116.599999999998 68.2617705927721 78.3939545838969 73.6623312392908 32.2492539668923 0.105880525921106 0.346174845952605
116.699999999998 68.3224603821221 78.3528404809337 73.6955193488598 32.2791107994792 0.108785108795952 0.329161621087224
116.799999999998 68.3830922795549 78.3117213705045 73.7283826240676 32.3092015104448 0.111747006566483 0.31307838483509
116.899999999998 68.4436672157843 78.2706032034414 73.7609159631728 32.339536326799 0.114761207437916 0.297897463797077
116.999999999998 68.5041863481683 78.2294919060615 73.793114253961 32.3701254863586 0.11782283256995 0.283585634271493
117.099999999998 68.5646510682764 78.1883933822033 73.8249723753157 32.40097923521 0.120927198384834 0.270107296256478
117.199999999998 68.6250630095454 78.1473135151262 73.8564851985812 32.4321078255838 0.124070053044817 0.257421452792017
117.299999999998 68.6854240553329 78.10625816906 73.887647588401 32.4635215147759 0.12724729295343 0.245483867486554
117.399999999998 68.745736347087 78.0652331906165 73.9184544033485 32.4952305644798 0.130454852648448 0.234250972313092
117.499999999998 68.8060022924369 78.0242444101964 73.9489004965506 32.5272452401354 0.133688682900752 0.223680376211949
117.599999999998 68.8662245731798 77.983297643396 73.9789807163098 32.5595758102774 0.136944730594723 0.213731221831185
117.699999999998 68.9264061531464 77.9423986924134 74.0086899067286 32.5922325458837 0.140218920451809 0.204364423012705
117.799999999998 68.9865502859263 77.9015533474553 74.0380229083313 32.6252257197242 0.143507138639724 0.195542809840707
117.899999999998 69.0466605224329 77.8607673881433 74.0669745586881 32.6585656057092 0.14680521829707 0.187231202923011
117.999999999998 69.1067407182853 77.8200465849212 74.0955396930377 32.6922624782378 0.15010892699757 0.17939643436065
118.099999999998 69.1667950409929 77.7793967004536 74.1237131449058 32.7263266115524 0.153413989972442 0.171998555356084
118.199999999998 69.2268279770669 77.7388234908473 74.1514897466133 32.7607682792456 0.15671617957272 0.164999912294845
118.299999999998 69.2868443392899 77.6983327064155 74.1788643294999 32.7955977541534 0.160011201245433 0.158373740419716
118.399999999998 69.3468492738934 77.6579300922638 74.2058317240377 32.8308253084018 0.163294653858823 0.152095137408093
118.499999999998 69.4068482674708 77.6176213888689 74.2323867599398 32.8664612134581 0.166562026610586 0.146140956237039
118.599999999998 69.4668471535927 77.5774123326575 74.2585242662687 32.9025157401829 0.169808697938272 0.14048969770881
118.699999999998 69.5268521190954 77.5373086565847 74.2842390715456 32.9389991588823 0.173029936459863 0.135121404687456
118.799999999998 69.5868697100157 77.4973160907128 74.3095260038585 32.9759217393592 0.176220903970307 0.130017559535093
118.899999999998 69.6469068371412 77.4574403627904 74.3343798909717 33.0132937509655 0.179376660513916 0.125160985726239
118.999999999998 69.7069707811454 77.4176871988309 74.3587955604338 33.0511254626539 0.182492171544234 0.120535754245092
119.099999999998 69.7670691972837 77.3780623236868 74.3827678396859 33.0894271430296 0.185562315102871 0.116121683756235
119.199999999998 69.8272101196752 77.3385714615128 74.4062915561457 33.1282090603979 0.188581885248936 0.111900228284594
119.299999999998 69.8874019652378 77.2992203359447 74.4293615372317 33.1674814828015 0.191545608807405 0.107859494954688
119.399999999997 69.9476535371489 77.2600146701674 74.451972610363 33.2072546780539 0.194448162637997 0.103988471454022
119.499999999997 70.0079740277442 77.2209601869783 74.4741196029595 33.2475389137723 0.197284191211132 0.100276962228546
119.599999999997 70.0683730208226 77.1820626088503 74.4957973424407 33.2883444574109 0.200048326041656 0.0967155292011033
119.699999999997 70.1288604933337 77.143327657995 74.5170006562257 33.3296815762941 0.202735206868847 0.093295436697657
119.799999999997 70.1894468164199 77.1047610564269 74.537724371732 33.3715605376494 0.205339504445199 0.0900086003378636
119.899999999997 70.2501427557928 77.0663685260257 74.5579633163757 33.4139916086406 0.207855944768229 0.0868475395853182
119.999999999997 70.310959471423 77.0281557886005 74.5777123175704 33.456985056401 0.210279334562758 0.0838053336935476
