#t s x y z curvature torsion
5 0 63.6712740876208 85.5153423948833 2.66678459592341 0.230671040079439 0.0127228388058596
5.1 0.0773723456375682 63.7289457377345 85.4852176821528 2.7086529888413 0.231946851297087 0.0132571576094107
5.2 0.154086200776574 63.7863510314738 85.4545686610344 2.74927669282658 0.233072123108005 0.0138102683172895
5.3 0.230167715226461 63.8434936904267 85.4234030384104 2.78866980561588 0.234041677577378 0.0143826248558012
5.4 0.30564280943153 63.9003774362845 85.3917285212715 2.82684642498522 0.234850804962646 0.0149746991527928
5.5 0.380537150865995 63.9570059908359 85.3595528167161 2.86382064877267 0.23549530412957 0.0155869851508678
5.6 0.45487613034237 64.0133830759618 85.3268836319479 2.89960657490114 0.235971519148896 0.0162200033245887
5.7 0.52868483834287 64.0695124136304 85.2937286742752 2.93421830140113 0.236276371470635 0.0168743057226402
5.8 0.60198804148628 64.1253977258912 85.2600956511091 2.96766992643347 0.236407387134898 0.0175504815514136
5.9 0.674810159245168 64.1810427348702 85.2259922699622 2.99997554831204 0.23636271855307 0.0182491633130512
6 0.747175241027617 64.2364511627642 85.1914262384467 3.03114926552656 0.23614116048142 0.018971033520857
6.1 0.819106943741911 64.291626731847 85.1564052642854 3.06120517676808 0.235742124770752 0.0197258891470679
6.2 0.890628510055887 64.3465731647713 85.1209370556264 3.09015738102655 0.235165535068069 0.0205247139075086
6.3 0.9617627475963 64.4012941856223 85.0850293221343 3.11801997787141 0.234411924156873 0.0213701259314864
6.4 1.03253200898854 64.4557935212667 85.048689776385 3.14480706780412 0.233482460943194 0.0222649057399787
6.49999999999999 1.10295817272364 64.5100749027134 85.0119261352737 3.17053275261357 0.232378937263669 0.023212011187369
6.59999999999999 1.17306262493963 64.5641420664745 84.9747461214218 3.19521113573147 0.231103748934576 0.0242145942967823
6.69999999999999 1.24286624220207 64.6179987559254 84.9371574645844 3.21885632258766 0.229659871380638 0.0252760201669175
6.79999999999999 1.31238937535991 64.6716487226662 84.8991679030577 3.24148242096554 0.228050830272361 0.0263998882105724
6.89999999999999 1.38165183454513 64.7250957278816 84.8607851850861 3.26310354135741 0.226280667677885 0.0275900559799323
6.99999999999999 1.45067287537437 64.7783435437023 84.8220170702699 3.28373379731986 0.224353904299108 0.0288506658760264
7.09999999999999 1.51947118640279 64.8313959545724 84.7828713309786 3.3033873058252 0.222275498699281 0.0301946136301992
7.19999999999999 1.5880648778916 64.8842567588051 84.7433557539268 3.32207818751109 0.220050804975264 0.0316360553898419
7.29999999999999 1.65647147195573 64.9369297706155 84.7034781421628 3.3398205666715 0.217685527266337 0.0331815992421376
7.39999999999999 1.72470789407541 64.98941882234 84.6632463172185 3.35662857114593 0.21518567293848 0.0348383518171503
7.49999999999999 1.79279046596033 65.041727766664 84.6226681212665 3.3725163322046 0.212557505351084 0.0366139737631508
7.59999999999999 1.86073489976465 65.0938604788489 84.5817514192768 3.3874979844337 0.209807496680362 0.0385167422802963
7.69999999999999 1.92855629364556 65.1458208589599 84.5405041011733 3.40158766562064 0.206942281408899 0.0405556215799629
7.79999999999999 1.99626912864753 65.1976128340925 84.4989340839911 3.41479951663926 0.203968611047664 0.0427403422541565
7.89999999999999 2.06388726688845 65.2492403606006 84.4570493140327 3.42714768133512 0.200893310604224 0.0450814907118057
7.99999999999999 2.13142395101545 65.3007074263231 84.4148577690248 3.43864630641066 0.197723237254437 0.0475906099742605
8.09999999999999 2.19889180489374 65.3520180528192 84.3723674602804 3.44930954130116 0.194465267010846 0.0502918478074682
8.19999999999999 2.26630283551248 65.4031762977935 84.3295864349889 3.45915153780766 0.191126336515271 0.0532116842446253
8.29999999999999 2.3336684361171 65.4541862580079 84.2865227788337 3.46818644911311 0.187713336668882 0.0563670453952497
8.39999999999999 2.40099939049655 65.5050520723832 84.2431846187383 3.47642842855563 0.184233058433601 0.0597764659366382
8.49999999999999 2.4683058783481 65.5557779251096 84.1995801256179 3.48389162839241 0.180692167435462 0.0634602843926437
8.59999999999999 2.53559748165953 65.6063680487555 84.1557175171299 3.49059019856357 0.177097182458381 0.0674408632404538
8.69999999999999 2.60288319204817 65.6568267273782 84.1116050604257 3.49653828545604 0.173454457912205 0.0717428370112994
8.79999999999999 2.67017141899483 65.7071582996326 84.0672510749016 3.50175003066746 0.169770170324731 0.0763933919585962
8.89999999999999 2.7374699989112 65.7573671618817 84.0226639349501 3.50623956977008 0.16605030888095 0.0814225812779586
8.99999999999999 2.80478620497949 65.8074577713059 83.9778520727109 3.5100210310746 0.162300670016342 0.0868636802137022
9.09999999999999 2.87212675770539 65.8574346489891 83.9328239807914 3.51310853436387 0.158527037339109 0.0927194114369378
9.19999999999999 2.93949783618508 65.9073023823889 83.8875882141791 3.51551618884071 0.154735719929472 0.0989905303302815
9.29999999999998 3.00690509020202 65.9570656262448 83.8421533901055 3.51725808908092 0.150932998040597 0.105712427240854
9.39999999999998 3.07435365313433 66.0067291028694 83.7965281871021 3.51834831020048 0.147124944616555 0.112923956293192
9.49999999999998 3.14184815557936 66.0562976024174 83.7507213440257 3.51880090299255 0.143317433845511 0.12066775608102
9.59999999999998 3.20939273962145 66.1057759831536 83.7047416590836 3.51862988906438 0.139516153648386 0.128990585113732
9.69999999999998 3.27699107367433 66.1551691717212 83.6585979888586 3.51784925597433 0.135726622035386 0.137943665963935
9.79999999999998 3.34464636783261 66.2044821634101 83.6122992473345 3.51647295236882 0.131954207286782 0.147583028629616
9.89999999999998 3.41236138966983 66.2537200224255 83.5658544049211 3.51451488311931 0.128204151939456 0.157969838960602
9.99999999999998 3.48013848042488 66.302887882156 83.5192724874793 3.51198890445923 0.124481600591786 0.169170691615811
10.1 3.5479795715201 66.3519909454041 83.4725625753091 3.50890881912086 0.120791684301261 0.18117580600289
10.2 3.61588620132838 66.4010344836423 83.4257338011654 3.50528837146826 0.117139691007754 0.193967557403991
10.3 3.68385953210691 66.4500238337918 83.3787953458077 3.50114124262039 0.113530900308791 0.207607345091418
10.4 3.75190036712999 66.4989643940274 83.331756432577 3.49648104557047 0.109970555551567 0.22215932177558
10.5 3.82000916800728 66.5478616195429 83.2846263219363 3.49132132030507 0.106463896165971 0.237689684703259
10.6 3.888186072138 66.5967210183188 83.2374143060104 3.48567552892326 0.103016191971955 0.254265618356279
10.7 3.95643091025266 66.6455481468879 83.1901297031263 3.47955705075577 0.099632779091007 0.271953785710503
10.8 4.02474322399736 66.6943486061023 83.1427818523532 3.47297917748411 0.0963190969573512 0.290818243954191
10.9 4.09312228351946 66.7431280369 83.0953801080423 3.46595510825974 0.093080725734915 0.310917639461303
11 4.1615671050149 66.791892116071 83.0479338343675 3.45849794482318 0.0899234231893795 0.332301518635402
11.1 4.230076468209 66.8406465520107 83.0004523998442 3.45062068660198 0.0868532557091059 0.354955754107984
11.2 4.29864893391424 66.8893970801184 82.9529451713169 3.44233622525795 0.083876894854795 0.378830994373973
11.3 4.36728286194173 66.9381494572985 82.9054215065919 3.43365733783618 0.081001308888023 0.403890067200636
11.4 4.4359764290857 66.9869094561068 82.8578907465389 3.42459667936345 0.0782336637997457 0.430056245630383
11.5 4.50472764697455 67.0356828588837 82.8103622071706 3.41516677542535 0.0755813108177261 0.457203547086018
11.6 4.57353437974359 67.0844754518875 82.7628451717236 3.4053800147434 0.0730517550866399 0.485146469147183
11.7 4.64239436149336 67.1332930194271 82.715348882738 3.39524864175225 0.0706526009388651 0.513629916999903
11.8 4.71130521349954 67.1821413379957 82.6678825341381 3.38478474917681 0.0683914691386962 0.542320468046504
11.9 4.78026446114239 67.2310261704035 82.6204552633126 3.37400027060937 0.0662758819807645 0.570800538560746
12 4.84926955052529 67.2799532599109 82.5730761431945 3.36290697308682 0.0643131133826845 0.598567383004049
12.1 4.91831786475133 67.3289283243446 82.5257541743229 3.35151644968861 0.0625098888475948 0.624986427567519
12.2 4.98740673977032 67.3779570497754 82.4784982764049 3.33984011267824 0.0608717976880479 0.649371949122164
12.3 5.05653347965107 67.4270450830813 82.4313172786132 3.32788918802406 0.0594033504531562 0.671065513605238
12.4 5.12569537131316 67.476198024072 82.3842199093856 3.31567471046339 0.0581078390680854 0.689414083022872
12.5 5.19488969874469 67.5254214175971 82.3372147862041 3.30320751858762 0.0569870976312089 0.703811915196231
12.6 5.26411375668435 67.5747207456533 82.2903104053751 3.29049824992728 0.0560412916522934 0.71374536235758
12.7 5.33336486374595 67.6241014194925 82.2435151318089 3.27755733603712 0.0552687564179106 0.718835057686407
12.8 5.40264037496373 67.6735687717294 82.1968371888001 3.26439499758114 0.0546659028947146 0.718869416068405
12.9 5.47193769373812 67.7231280484489 82.1502846478067 3.25102123941772 0.0542272041465145 0.713824109779656
13 5.54125428316218 67.7727844013144 82.1038654182303 3.23744584568464 0.0539452672662477 0.703864219266665
13.1 5.61058767669255 67.82254287972 82.0575872372528 3.22367837494353 0.0538110259472142 0.689633682762465
13.2 5.67993548770573 67.8724084241087 82.0114576611571 3.2097281568675 0.0538142322100417 0.671906018267334
13.3 5.74929541722759 67.9223858622495 81.9654840604141 3.19560429284623 0.053943857009417 0.651226844754187
13.4 5.81866526055676 67.9724799066798 81.9196736162535 3.18131565813417 0.0541883406170178 0.628180583688604
13.5 5.88804291323871 68.0226951521932 81.8740333172911 3.16687090405822 0.0545358375651252 0.603355240412845
13.6 5.95742637642099 68.0730360733265 81.8285699561572 3.15227846022534 0.0549744423546509 0.577312939115233
13.7 6.02681376160264 68.1235070218477 81.7832901261238 3.13754653673017 0.0554923860016475 0.550567933545258
13.8 6.09620329478968 68.1741122242429 81.7382002177329 3.12268312636264 0.0560781978290231 0.523572455997641
13.9 6.1655933200684 68.2248557792041 81.6933064154238 3.10769600681562 0.0567208308138364 0.496709732618941
14 6.2349823026082 68.2757416551165 81.6486146941614 3.09259274289254 0.057409751871267 0.470292869887607
14.1 6.30436883111318 68.3267736875456 81.6041308160536 3.07738068870433 0.0581349851048081 0.444533555413932
14.2 6.37375161993741 68.3779555767121 81.5598603267205 3.06206698958931 0.0588870833520613 0.41958686117165
14.3 6.44312951119701 68.4292908849364 81.5158085510278 3.0466585833296 0.0596571631150117 0.395591207675231
14.4 6.51250147655872 68.480783034072 81.4719805885718 3.03116220109041 0.0604369154454871 0.372639595522896
14.5 6.58186661850769 68.5324353029366 81.4283813091534 3.01558436834875 0.0612185921646486 0.350787378497727
14.6 6.65122417109564 68.5842508247455 81.3850153482531 2.99993140582205 0.061994982895514 0.330059549710378
14.7 6.72057350017765 68.6362325845429 81.3418871025061 2.9842094303968 0.0627593860995193 0.310457268309945
14.8 6.78991410314776 68.6883834166348 81.2990007251762 2.96842435605728 0.0635055766647855 0.291963505666413
14.9 6.85924560818248 68.7407060020206 81.2563601216312 2.95258189481411 0.0642277720067336 0.274547793897901
15 6.92856777300377 68.7932028658259 81.213968944817 2.936687557633 0.0649205981277817 0.258170124971717
15.1 6.99788048315595 68.8458763747725 81.1718305907885 2.9207466554107 0.0655793080563722 0.242931032688406
15.2 7.06718374942401 68.8987287356343 81.1299481956799 2.90476430118122 0.0662005373483974 0.228906225215433
15.3 7.1364777038412 68.951761996197 81.0883246363337 2.88874541544529 0.0667815697549627 0.216016101565672
15.4 7.20576259501179 69.0049780472028 81.0469625323708 2.87269473272993 0.0673200517646868 0.204185553722625
15.5 7.27503878318359 69.0583786243344 81.0058642483155 2.85661680819545 0.0678139544938308 0.193344526565704
15.6 7.34430673511035 69.1119653101975 80.9650318957206 2.84051602424244 0.0682615402054337 0.183428299465152
15.7 7.41356701872878 69.1657395363044 80.9244673352926 2.82439659711875 0.0686613329743274 0.174377571154326
15.8 7.48282029767316 69.2197025850571 80.8841721790171 2.80826258352645 0.0690120930333737 0.166138409905894
15.9 7.55206732565049 69.2738555917306 80.8441477922839 2.7921178872288 0.0693127943708558 0.15866211554246
16 7.62130894069831 69.3281995464559 80.8043952960119 2.77596626565724 0.0695626051849642 0.151905027788518
16.1 7.69054605933683 69.3827352962269 80.7649155688216 2.75981133652531 0.0697610863792925 0.145840545158655
16.2 7.75977967039641 69.4374635475128 80.7257092504212 2.74365658462323 0.0699088262661983 0.14043959592375
16.3 7.82901082820432 69.4923848704109 80.6867767480777 2.72750536907099 0.0700067849677802 0.135662518196086
16.4 7.89824064561519 69.5474997034047 80.6481182443019 2.71136093075212 0.0700560659707423 0.131474627259183
16.5 7.9674702871669 69.6028083581458 80.6097337045809 2.69522639975442 0.070057904073873 0.127845721958691
16.6 8.03670096239032 69.6583110242359 80.5716228851098 2.67910480281062 0.0700136548313914 0.124749638158163
16.7 8.10593391929016 69.7140077740089 80.5337853405242 2.66299907073915 0.069924785286267 0.122163844490797
16.8 8.17517043801263 69.7698985673121 80.4962204316321 2.64691204588476 0.0697928658248823 0.120069075323719
16.9 8.24441182471426 69.8259832562889 80.458927333146 2.63084648955933 0.0696195630151981 0.118448995767925
17 8.31365940564485 69.8822615901601 80.4219050414151 2.61480508948249 0.0694066333143509 0.117289893584404
17.1 8.38291452145524 69.9387332199937 80.3851523821463 2.59879046721074 0.0691558456611274 0.116552766735326
17.2 8.45217852170991 69.9953977031616 80.3486680178285 2.58280518526371 0.06886875842597 0.116202062129799
17.3 8.52145275954997 70.0522545069985 80.3124504544074 2.5668517534819 0.068546926693069 0.116232238864447
17.4 8.59073858653625 70.1093030121486 80.2764980476637 2.55093263508167 0.0681919703921993 0.116639233488346
17.5 8.66003734770228 70.1665425158994 80.2408090095798 2.53505025269857 0.0678055716298901 0.117420302768776
17.6 8.72935037682498 70.2239722355154 80.2053814147075 2.51920699443061 0.0673894724212123 0.118573867933773
17.7 8.79867899191795 70.2815913115727 80.1702132065342 2.50340521988164 0.0669454728086786 0.120099357186896
17.8 8.86802449095207 70.3393988112921 80.1353022038503 2.48764726620467 0.066475429355882 0.121997043176047
17.9 8.93738814780721 70.3973937318741 80.1006461071166 2.47193545414515 0.0659812540093605 0.124267871992804
18 9.00677120845805 70.4555750038318 80.0662425048305 2.45627209408435 0.0654649133194561 0.126913280126312
18.1 9.07617488738483 70.5139414943312 80.0320888799214 2.44065949209367 0.0649285398426804 0.129944168129478
18.2 9.14560036392097 70.5724920106662 79.998182616867 2.42509995627585 0.0643747689055078 0.133368115835461
18.3 9.21504877809957 70.6312253040814 79.9645210106428 2.40959580383415 0.0638064053793663 0.137181220327184
18.4 9.28452122650172 70.6901400737314 79.931101276393 2.39414936842843 0.0632263119800828 0.141378437431837
18.5 9.35401875840524 70.7492349706449 79.8979205591291 2.3787630075422 0.0626374093247487 0.145953140828772
18.6 9.42354237224452 70.8085086016892 79.8649759434293 2.36343910984968 0.0620426762508701 0.150896645367555
18.7 9.49309301237799 70.8679595335346 79.8322644631368 2.34818010258287 0.0614451503355949 0.156197694661813
18.8 9.56267156616077 70.9275862966185 79.7997831110589 2.33298845889864 0.0608479285386278 0.161841915114757
18.9 9.63227886131913 70.9873873891101 79.7675288486656 2.31786670524579 0.0602541678755187 0.167811241250506
19 9.70191566362303 71.0473612808747 79.7354986157889 2.3028174287321 0.0596670860113467 0.174083320562767
19.1 9.77158267485522 71.1075064174143 79.703689340285 2.28784328446366 0.0590897604881281 0.180590667116461
19.2 9.84128053112055 71.1678212231977 79.6720979467591 2.27294700216256 0.0585245206808748 0.187268974353037
19.3 9.91100980153035 71.2283041034386 79.6407213629087 2.25813139095267 0.0579735430331479 0.194094234657285
19.4 9.98077098711737 71.2889534452631 79.6095565249278 2.24339934342384 0.0574390506988491 0.201038412974188
19.5 10.0505645199154 71.3497676188533 79.5786003828763 2.22875383966835 0.0569233126762251 0.208069187297371
19.6 10.1203907621993 71.4107449785915 79.5478499060481 2.21419795131727 0.0564286423076355 0.21514974010481
19.7 10.190250005884 71.4718838642032 79.5173020883405 2.19973484557696 0.0559573950382067 0.222238619431442
19.8 10.2601424720829 71.5331826019018 79.4869539536224 2.18536778926544 0.0555119653268952 0.229289690108903
19.9 10.3300683108233 71.5946395055318 79.4568025611033 2.17110015284884 0.0550947826107246 0.236252196890911
20 10.4000276009186 71.6562528777124 79.426845010702 2.15693541447781 0.0547083062345691 0.243070961312712
20.1 10.4700203499896 71.7180210109602 79.3970784483896 2.14287716402766 0.05435489986891 0.249739748118804
20.2 10.5400464943949 71.7799421882346 79.3675000708663 2.12892910723479 0.0540364778619182 0.256258807374675
20.3 10.6101058986739 71.8420146820265 79.3381071285449 2.11509507007757 0.0537548778960055 0.262577528574193
20.4 10.6801983548497 71.9042367528705 79.3088969278689 2.10137900325358 0.0535119782472054 0.268642994188274
20.5 10.7503235818232 71.9666066478352 79.2798668336039 2.08778498666046 0.0533096919424784 0.274400598045156
20.6 10.8204812248723 72.0291225990145 79.2510142711297 2.07431723387686 0.0531499599895086 0.279794792293329
20.7 10.8906708552627 72.0917828220174 79.2223367287319 2.06098009664331 0.0530347437242329 0.28476995629946
20.8 10.9608919699735 72.1545855144591 79.1938317598938 2.04777806934316 0.0529660163567242 0.289271373555787
20.9 11.0311439915455 72.2175288544513 79.1654969855884 2.03471579348345 0.0529457538345037 0.293246294950329
21 11.1014262680574 72.2806109990929 79.1373300965698 2.02179806217583 0.052975925177454 0.296645058918643
21.1 11.1717380732323 72.3438300829305 79.1093288556178 2.00902982459878 0.0530582549444396 0.299485827154162
21.2 11.2420786065621 72.4071842156396 79.0814910985357 1.99641618997403 0.0531935456496409 0.301811257340121
21.3 11.3124469932313 72.4706714777272 79.0538147319882 1.98396243030989 0.0533823801307658 0.30361476171421
21.4 11.3828422839676 72.5342899154545 79.0262977300928 1.9716739826587 0.053625350102598 0.30489426277194
21.5 11.4532634549336 72.5980375357306 78.9989381309642 1.9595564513557 0.053923054119795 0.305652207561518
21.6 11.5237094076705 72.6619123010051 78.9717340332581 1.94761561025783 0.0542760959471779 0.30589549098961
21.7 11.5941789691061 72.7259121241617 78.9446835927153 1.93585740498254 0.0546850833789463 0.305635290271426
21.8 11.6646708916366 72.7900348634106 78.9177850187054 1.92428795514665 0.0551506275322518 0.304886816022106
21.9 11.7351838532931 72.8542783171822 78.8910365707714 1.91291355660512 0.0556733426292782 0.303668988458962
22 11.8057164580031 72.91864021902 78.8644365551732 1.90174068368994 0.0562538462677465 0.302004049816582
22.1 11.8762672359788 72.9831182324761 78.8379833214054 1.89077599140248 0.0568925679068043 0.299890539004451
22.2 11.946834644713 73.0477099460638 78.8116752580292 1.88002631640025 0.057589159597359 0.297347357735504
22.3000000000001 12.0174170713157 73.1124128683589 78.7855107867652 1.86949867492262 0.0583430528660169 0.294429759987669
22.4000000000001 12.0880128353777 73.1772244231568 78.7594883558992 1.85920025951085 0.0591536547830338 0.291192545801419
22.5000000000001 12.1586201918793 73.2421419446338 78.7336064336626 1.84913843568175 0.0600203558181828 0.287689198714576
22.6000000000001 12.2292373341297 73.3071626725068 78.7078635016129 1.83932073860128 0.0609425378613761 0.283971150271371
22.7000000000001 12.2998623967433 73.3722837471941 78.6822580480137 1.82975486975816 0.0619195822312726 0.280087178595941
22.8000000000001 12.3704934586578 73.4375022049756 78.6567885612149 1.82044869363756 0.0629508775177406 0.276082941392737
22.9000000000001 12.4411285462007 73.5028149731532 78.631453523033 1.8114102343947 0.0640358271314943 0.272000638236455
23.0000000000001 12.5117656362086 73.5682188652115 78.6062514021312 1.80264767252845 0.0651738564565639 0.267878792755097
23.1000000000001 12.5824026592001 73.6337105759696 78.5811806473989 1.79416934154659 0.0663643799680889 0.263750110191158
23.2000000000001 12.6530375024521 73.6992866765225 78.5562396813061 1.78598372441201 0.0676066909369542 0.259646105353241
23.3000000000001 12.7236680127265 73.7649436086463 78.5314268931968 1.77809944943292 0.0689000901242963 0.255597497873334
23.4000000000001 12.7942919988879 73.8306776789921 78.5067406325568 1.77052528593421 0.07024393193111 0.251630885339504
23.5000000000001 12.8649072345704 73.8964850532723 78.4821792022815 1.76327013992023 0.0716376298194952 0.247768946124398
23.6000000000001 12.935511460904 73.9623617504459 78.4577408519431 1.75634304973767 0.0730806610885388 0.244030683966673
23.7000000000001 13.0061023893071 74.0283036369052 78.4334237710582 1.74975318173841 0.0745725710370639 0.240431699937425
23.8000000000001 13.0766777043521 74.0943064206611 78.4092260823552 1.74350982594234 0.0761129765522318 0.236984479527523
23.9000000000001 13.1472350667096 74.1603656455294 78.3851458350416 1.73762239170023 0.0777015691664511 0.233698684742054
24.0000000000001 13.2177721161803 74.2264766853167 78.3611809980713 1.73210040335658 0.0793381176266215 0.230581443150563
24.1000000000001 13.2882864748369 74.2926347380254 78.3373294534309 1.72695349585672 0.0810222841215305 0.227556395621873
24.2000000000001 13.3587757506749 74.3588348205604 78.3135889899058 1.72219140890454 0.0827530416183936 0.22456189864844
24.3000000000001 13.4292375423552 74.4250717647077 78.2899572980655 1.71782397744121 0.0845291884710798 0.221622814196527
24.4000000000001 13.4996694443298 74.4913402136145 78.2664319657299 1.71386112067444 0.0863495333249353 0.218760713437996
24.5000000000001 13.5700690519336 74.5576346182883 78.2430104734533 1.71031283105209 0.0882129004731524 0.215994122819665
24.6000000000001 13.6404339664176 74.6239492340966 78.2196901900091 1.70718916323571 0.0901181346608802 0.21333877901529
24.7000000000001 13.7107617999184 74.6902781172656 78.1964683678742 1.70450022307415 0.0920641053809118 0.210807885052359
24.8000000000001 13.781050180356 74.7566151213801 78.1733421387129 1.70225615657709 0.0940497107109375 0.20841236152426
24.9000000000001 13.8512967562545 74.822953893882 78.1503085088621 1.70046713888864 0.0960738807455371 0.206161088254361
25.0000000000001 13.921499201479 74.8892878725706 78.1273643548149 1.69914336326092 0.0981355806778164 0.20406113303064
25.1000000000001 13.9916552199178 74.95561028216 78.1045064187719 1.69829503001919 0.100233815758695 0.201976524936211
25.2000000000001 14.0617625509661 75.0219141323791 78.0817313059205 1.69793233530836 0.102367587410625 0.199783922060591
25.3000000000001 14.1318189771908 75.0881922199805 78.059035486101 1.69806545928439 0.104535796947817 0.197506546343548
25.4000000000001 14.2018223327892 75.1544371322912 78.0364152972023 1.69870455408699 0.106737233511467 0.19516561190436
25.5000000000001 14.271770511962 75.2206412508214 78.0138669486225 1.69985973180395 0.108970577285065 0.192780422112527
25.6000000000001 14.3416614771425 75.286796754874 77.9913865247312 1.70154105243545 0.111234402505592 0.190368472961521
25.7000000000001 14.4114932670582 75.3528956251543 77.9689699883303 1.70375851185834 0.113527180272352 0.187945560791323
25.8000000000001 14.4812640046004 75.4189296473787 77.9466131841157 1.70652202979051 0.115847281167299 0.185525892499406
25.9000000000001 14.5509719044764 75.4848904158848 77.9243118421388 1.70984143775515 0.118192977710873 0.183122196620408
26.0000000000001 14.6206152806175 75.55076933724 77.9020615812679 1.71372646704507 0.120562446685998 0.180745833807197
26.1000000000001 14.6901925533178 75.6165576338615 77.8798579126794 1.71818673668603 0.122953769143505 0.178361631737923
26.2000000000001 14.7597022560696 75.6822463478949 77.8576962441282 1.7232317413741 0.12536491299754 0.175937266630368
26.3000000000001 14.8291430420611 75.7478263457539 77.8355718861942 1.72887083934717 0.127793719839948 0.173486345054223
26.4000000000001 14.8985136903088 75.8132883229188 77.8134800593079 1.7351132402305 0.130237907338595 0.171021130440274
26.5000000000001 14.9678131113929 75.8786228087457 77.7914159008057 1.7419679928813 0.132695072848977 0.168552640063747
26.6000000000001 15.0370403527613 75.9438201712753 77.7693744719852 1.7494439732333 0.135162697232576 0.166090739705558
26.7000000000001 15.1061946035657 76.0088706220418 77.747350765161 1.75754987214129 0.137638148937316 0.163644235437378
26.8000000000001 15.1752751989918 76.0737642208822 77.7253397107194 1.76629418322574 0.140118688398732 0.16122096202446
26.9000000000001 15.2442816240483 76.1384908807448 77.7033361841746 1.77568519071728 0.142601472823031 0.158827867583158
27.0000000000001 15.3132135167769 76.2030403724985 77.6813350132233 1.78573095730136 0.145083561413999 0.1564710942161
27.1000000000001 15.3820706708731 76.2674023297892 77.6593309848614 1.79643931197329 0.147561903233618 0.154065834048948
27.2000000000001 15.4508530383537 76.3315662551379 77.6373188540761 1.80781783816816 0.150033251028325 0.15153312827247
27.3000000000001 15.5195607333036 76.3955215291883 77.615293356541 1.81987386258793 0.152494154434358 0.148886364680093
27.4000000000001 15.5881940355773 76.4592574211961 77.5932492228879 1.83261444430327 0.15494097727478 0.146137691055555
27.5000000000001 15.6567533937261 76.5227630995658 77.5711811930384 1.84604636386604 0.157369907728046 0.143298079370035
27.6000000000001 15.725239427071 76.5860276423873 77.5490840305362 1.86017611242164 0.159776969498005 0.140377387626763
27.7000000000001 15.7936529268656 76.6490400479732 77.5269525368793 1.87500988082146 0.162158034023356 0.137384419268624
27.8000000000001 15.8619948564956 76.7117892453948 77.504781565852 1.89055354873525 0.164508833761684 0.134326979983176
27.9000000000001 15.9302663506634 76.7742641050195 77.4825660378572 1.90681267376362 0.166824976576824 0.13121193170367
28.0000000000001 15.9984687135055 76.8364534490475 77.4603009542484 1.92379248055036 0.169101961251706 0.128045243580397
28.1000000000001 16.0666034156295 76.8983460620507 77.4379814116386 1.94149784998583 0.171335556862605 0.12483536517765
28.2000000000001 16.1346720908904 76.9599307015765 77.4156026156082 1.95993331077422 0.173522895441767 0.121585621702586
28.3000000000001 16.202676534443 77.0211961089127 77.3931598928859 1.97910303700158 0.175661375047695 0.11829368908146
28.4000000000001 16.2706187009811 77.0821310199175 77.370648702929 1.99901084806778 0.177748304302654 0.114957264982765
28.5000000000001 16.3385007023592 77.1427241758511 77.3480646494797 2.01966020870939 0.179780913303906 0.111574040996561
28.6000000000001 16.4063248045412 77.2029643342078 77.325403492122 2.04105422902261 0.181756365324369 0.10814167627783
28.7000000000001 16.4740934238528 77.2628402795479 77.3026611578388 2.0631956644861 0.183671769281704 0.1046577722674
28.8000000000001 16.541809122519 77.3223408343295 77.2798337525681 2.0860869159839 0.185524192946783 0.101119848131386
28.9000000000001 16.6094746034665 77.3814548697409 77.2569175727601 2.10973002982833 0.187310676853604 0.0975253165680782
29.0000000000001 16.6770927043756 77.4401713165318 77.2339091169338 2.13412669778283 0.189028248864814 0.093871459680528
29.1000000000001 16.7446663909657 77.4984791758362 77.2108050972144 2.15927825708899 0.190673985809886 0.0901753535129897
29.2000000000001 16.8121987494986 77.5563675297335 77.1876024503628 2.18518569060047 0.192245173102981 0.0864528978710746
29.3000000000002 16.879692978505 77.6138255511523 77.1642983475169 2.21184962718813 0.193739188300845 0.0826994931366846
29.4000000000002 16.9471523797863 77.6708425135127 77.1408902034256 2.23927034225222 0.195153470007721 0.0789105080219958
29.5000000000002 17.0145803487115 77.7274078003597 77.1173756856628 2.26744775823856 0.196485532208314 0.0750812480098401
29.6000000000002 17.0819803638131 77.7835109149963 77.0937527238415 2.29638144515473 0.197732978709307 0.071206923481835
29.7000000000002 17.1493559756906 77.8391414901163 77.0700195188284 2.32607062108636 0.198893517600933 0.0672826172469142
29.8000000000002 17.2167107952307 77.8942892974372 77.0461745519579 2.35651415271327 0.19996497564967 0.063303251151754
29.9000000000002 17.2840484811589 77.9489442573337 77.0222165942462 2.38771055582573 0.20094531253185 0.0592635515093829
30.0000000000002 17.3513727269378 78.0030964484706 76.998144715606 2.41965799584067 0.20183263482058 0.0551580130447342
30.1000000000002 17.4186872470662 78.0567361174244 76.9739582940041 2.45235428836342 0.202625431262519 0.0510201950439605
30.2000000000002 17.4859957636545 78.1098536880127 76.9496570231606 2.48579690093344 0.203323235700668 0.0468818714484503
30.3000000000002 17.5533019948006 78.1624397698821 76.9252409165442 2.51998295777547 0.203925944105825 0.0427348206649691
30.4000000000002 17.6206096436468 78.2144851668031 76.900710309908 2.55490924573463 0.204433592376224 0.0385709881403438
30.5000000000002 17.6879223873519 78.2659808849537 76.8760658637696 2.59057222025709 0.204846358631786 0.0343824338526815
30.6000000000002 17.7552438659703 78.3169181412042 76.8513085658909 2.62696801137071 0.205164565058266 0.0301612816288205
30.7000000000002 17.8225776712643 78.3672883714001 76.8264397337583 2.66409242966569 0.205388679300278 0.0258996698616226
30.8000000000002 17.8899273354768 78.4170832386465 76.8014610170623 2.70194097227522 0.205519315410609 0.021589703261775
30.9000000000002 17.9572963200902 78.4662946415922 76.7763744001776 2.74050882885615 0.205557234372142 0.0172234053241607
31.0000000000002 18.0246880045983 78.5149147227132 76.751182204643 2.7797908875696 0.205503344216977 0.0127926712031571
31.1000000000002 18.0921056753342 78.5629358765299 76.7258870915378 2.8197817411059 0.205359086076477 0.00838069072595349
31.2000000000002 18.1595525148541 78.6103507560801 76.7004920611632 2.86047569385986 0.205127580312545 0.00407022646706828
31.3000000000002 18.2270315928806 78.6571522749658 76.6750004458846 2.90186677202632 0.204812437868878 -0.000147014302904614
31.4000000000002 18.2945458584681 78.7033336076573 76.649415900278 2.94394873484607 0.204417354057636 -0.00427860520947845
31.5000000000002 18.3620981330379 78.7488881897287 76.6237423911738 2.98671508589604 0.203946091020937 -0.00833145836735424
31.6000000000002 18.4296911042786 78.7938097180948 76.5979841877006 3.03015908437951 0.203402460452335 -0.0123118755567218
31.7000000000002 18.497327320918 78.838092151247 76.5721458513278 3.07427375641623 0.20279030665847 -0.0162255937249012
31.8000000000002 18.5650091883688 78.8817297094899 76.5462322259101 3.11905190633266 0.202113490035966 -0.02007782546121
31.9000000000002 18.6327389652462 78.9247168751774 76.5202484277303 3.16448612795214 0.201375871031126 -0.0238732950589393
32.0000000000002 18.7005187607529 78.9670483929492 76.4941998355429 3.21056881588503 0.200581294645476 -0.0276162707056083
32.1000000000002 18.7683505329075 79.0087192699722 76.4680920806166 3.25729217679232 0.19973348042308 -0.0313026297671714
32.2000000000002 18.8362360872276 79.0497247763162 76.4419310367455 3.30464823995629 0.198835732521494 -0.0349280175963841
32.3000000000002 18.9041770751975 79.0900604456711 76.4157228101826 3.3526288660927 0.197891229032728 -0.0384958017217464
32.4000000000002 18.9721749930159 79.1297220761979 76.3894737295425 3.40122575547007 0.196903107891726 -0.0420090619151206
32.5000000000002 19.0402311809637 79.1687057313851 76.3631903357025 3.45043045600237 0.19587445592082 -0.0454706095782361
32.6000000000002 19.1083468233887 79.2070077409056 76.336879371704 3.5002343713417 0.194808298488136 -0.0488830059240974
32.7000000000002 19.1765229492923 79.2446247014723 76.310547772654 3.55062876897098 0.193707589790021 -0.0522485791602823
32.8000000000002 19.2447604334986 79.2815534776954 76.2842026556265 3.60160478829659 0.192575203763549 -0.0555694408854286
32.9000000000002 19.3130599983853 79.3177912029382 76.2578513095637 3.65315344874109 0.191413925629119 -0.0588475018778341
33.0000000000002 19.3814222161555 79.3533352801739 76.2315011851774 3.70526565783588 0.190226444059833 -0.0620844874476747
33.1000000000002 19.449847511635 79.3881833828217 76.2051598848184 3.75793221932132 0.189015428034995 -0.0652499619089889
33.2000000000002 19.5183361657773 79.4223334550636 76.178835151514 3.81114384144053 0.187783761437923 -0.0683122025572553
33.3000000000002 19.5868883202223 79.4557837108396 76.1525348558931 3.86489114572473 0.186534264201759 -0.0712706323444624
33.4000000000002 19.6555039826334 79.4885326323244 76.1262669822799 3.91916467597234 0.185269597191426 -0.0741243719195888
33.5000000000002 19.7241830325969 79.5205789683827 76.1000396147554 3.9739549072354 0.183992254505201 -0.0768722648687886
33.6000000000002 19.7929252280404 79.5519217330253 76.0738609232181 4.02925225480606 0.182704556531009 -0.0795129031672181
33.7000000000002 19.8617302121347 79.5825602038649 76.0477391494465 4.08504708320309 0.181408643737566 -0.082044652848405
33.8000000000002 19.9305975206434 79.6124939205717 76.0216825931595 4.14132971515835 0.180106471183842 -0.0844656798810956
33.9000000000002 19.9995265896838 79.6417226833296 75.9956995980785 4.19809044060324 0.178799803729834 -0.0867739761693215
34.0000000000002 20.0685167638625 79.6702465512922 75.9697985379884 4.25531952565524 0.177490211933102 -0.0889673855730803
34.1000000000002 20.1375673047031 79.6980658410089 75.9439878028412 4.31300722158065 0.176179138916424 -0.0910677606046072
34.2000000000002 20.2066773981583 79.7251811241009 75.9182757859462 4.37114377314185 0.174868142390883 -0.0930968341039946
34.3000000000002 20.2758461593498 79.7515932230268 75.8926708739221 4.42971942538175 0.173558739818504 -0.0950520428797616
34.4000000000002 20.3450726364532 79.7773032060969 75.8671814377349 4.48872442979275 0.172252342544509 -0.096930657856011
34.5000000000002 20.4143558148973 79.802312382459 75.8418158237794 4.5481490504619 0.170950251979412 -0.0987297974332241
34.6000000000002 20.4836946219005 79.826622297083 75.8165823449594 4.60798357021619 0.169653656117194 -0.100446441518371
34.7000000000002 20.5530879313209 79.850234725747 75.7914892717684 4.66821829676774 0.168363626384747 -0.102077446164868
34.8000000000002 20.6225345687984 79.8731516700221 75.7665448233703 4.72884356885902 0.167081114819064 -0.1036195587403
34.9000000000002 20.6920333171632 79.8953753522581 75.7417571586802 4.7898497624081 0.165806951569879 -0.105069433475884
35.0000000000002 20.7615829220889 79.9169082105687 75.7171343674447 4.85122729665384 0.164541842726401 -0.10642364726778
35.1000000000002 20.8311820979469 79.9377528938364 75.6926844613633 4.91296664028638 0.163286309220187 -0.107722100860082
35.2000000000002 20.9008295332985 79.9579122572303 75.6684153662513 4.97505831719279 0.162040530729406 -0.109006565925747
35.3000000000002 20.9705238951194 79.9773893590236 75.6443349168527 5.03749291122633 0.160804563141463 -0.110276393559277
35.4000000000002 21.0402638325512 79.9961874579237 75.6204508526947 5.10026107059093 0.159578403359983 -0.111530961130186
35.5000000000002 21.1100479806942 80.0143100104227 75.5967708139825 5.16335351221086 0.158361989211336 -0.112769678175103
35.6000000000002 21.1798749644563 80.0317606681467 75.5733023374951 5.22676102610048 0.157155199443812 -0.113991992488343
35.7000000000002 21.2497434024458 80.048543275206 75.5500528524797 5.29047447973393 0.155957853819394 -0.115197396380085
35.8000000000002 21.3196519109025 80.064661865545 75.5270296765473 5.35448482241479 0.154769713297572 -0.116385433099866
35.9000000000002 21.3895991076572 80.0801206602919 75.5042400115675 5.41878308964583 0.153590480312405 -0.117555703392141
36.0000000000002 21.4595836161107 80.0949240651089 75.4816909395637 5.4833604074987 0.152419799142667 -0.118707872181278
36.1000000000002 21.5296040692006 80.1090766675313 75.4593894186473 5.54820799697135 0.151257331758836 -0.119873022244696
36.2000000000002 21.5996591127039 80.1225832340295 75.4373422799673 5.61331717802674 0.150103006181252 -0.121082348804331
36.3000000000002 21.6697474068799 80.1354487063678 75.4155562272381 5.67867937282231 0.148956827939423 -0.122335715172642
36.4000000000002 21.7398676275462 80.147678197685 75.3940378372826 5.74428610862075 0.147818808850524 -0.1236329528981
36.5000000000002 21.8100184672461 80.1592769885662 75.3727935606146 5.81012902068846 0.146688965721232 -0.1249738594155
36.6000000000003 21.8801986365341 80.1702505231124 75.3518297220209 5.87619985519404 0.145567319106633 -0.126358195612449
36.7000000000003 21.9504068653763 80.1806044050118 75.331152521144 5.94249047210679 0.144453892124996 -0.127785683302534
36.8000000000003 22.0206419046678 80.1903443936101 75.3107680330638 6.00899284809512 0.143348709329383 -0.129256002601716
36.9000000000003 22.0909025278627 80.1994763999815 75.2906822088805 6.07569907942513 0.14225179563438 -0.130768789233651
37.0000000000003 22.1611875327177 80.208006482999 75.2709008762964 6.142601384859 0.141163175299772 -0.132323631753937
37.1000000000003 22.2314957431013 80.2159408453925 75.251429740235 6.20969210851914 0.140082947364792 -0.133942103309028
37.2000000000003 22.3018260097654 80.223285829471 75.2322743844112 6.27696372185784 0.139011542167228 -0.135645272246665
37.3000000000003 22.3721772083455 80.2300479119943 75.213440275316 6.34440882335667 0.137949539445691 -0.137431717709508
37.4000000000003 22.4425482364258 80.2362336987083 75.1949327671526 6.41202013733143 0.136897595525686 -0.139299710390297
37.5000000000003 22.5129380107952 80.2418499188691 75.1767571068094 6.47979051270273 0.135856439766368 -0.141247184212497
37.6000000000003 22.5833454649428 80.2469034197652 75.1589184388324 6.54771292176663 0.134826871063818 -0.143271706574808
37.7000000000003 22.6537695467985 80.2514011612411 75.1414218103979 6.61578045896512 0.133809754397458 -0.145370447389487
37.8000000000003 22.7242092167222 80.2553502102204 75.1242721762854 6.6839863396568 0.132806017406431 -0.147540147163188
37.9000000000003 22.794663445744 80.258757735229 75.1074744038504 6.75232389888739 0.131816646981459 -0.149777084442919
38.0000000000003 22.8651312140597 80.2616310009177 75.0910332779967 6.82078659016036 0.13084268585732 -0.152077043020059
38.1000000000003 22.9356115097795 80.2639773625993 75.0749535061434 6.88936798420244 0.129885168698645 -0.154438490168366
38.2000000000003 23.0061033278506 80.2658042611331 75.0592397230365 6.95806176759789 0.128944939706474 -0.156860624613966
38.3000000000003 23.0766056689986 80.2671192186921 75.0438964951657 7.02686174108966 0.128022835489134 -0.159339574456308
38.4000000000003 23.1471175387767 80.2679298348801 75.0289283250268 7.09576181774923 0.127119743612098 -0.161870962013099
38.5000000000003 23.2176379467959 80.2682437828601 75.0143396553775 7.16475602114142 0.126236600008768 -0.164449876036847
38.6000000000003 23.2881659061417 80.2680688054843 75.0001348734936 7.23383848348926 0.125374386311262 -0.167070845378551
38.7000000000003 23.358700432981 80.2674127114229 74.9863183154247 7.30300344383877 0.124534127086258 -0.169727814686579
38.8000000000003 23.4292405463598 80.2662833712941 74.9728942702503 7.37224524622379 0.123716886961785 -0.172414122866639
38.9000000000003 23.4997852681961 80.2646887137927 74.9598669843359 7.44155833783081 0.122923767630256 -0.175122485009233
39.0000000000003 23.5703336234679 80.2626367218202 74.947240665589 7.51093726716379 0.122155904713842 -0.177844978623566
39.1000000000003 23.6408846405849 80.260135428614 74.9350194877146 7.58037668219519 0.121414457952322 -0.180570051078699
39.2000000000003 23.7114373516078 80.257192913884 74.9232075944626 7.64987132815836 0.120700593557834 -0.183285563243032
39.3000000000003 23.78199079177 80.253817299968 74.9118091038531 7.71941604442958 0.120015509475159 -0.18598173752124
39.4000000000003 23.8525439988429 80.2500167479931 74.9008281123933 7.78900576105145 0.11936043921118 -0.18864815089055
39.5000000000003 23.9230960126824 80.245799454038 74.8902686992946 7.85863549524249 0.118736647606117 -0.191273754493979
39.6000000000003 23.9936458749744 80.2411736452952 74.8801349306884 7.92830034790676 0.118145426426931 -0.193846902770184
39.7000000000003 24.0641926291792 80.2361475762334 74.8704308638437 7.99799550014343 0.11758808978054 -0.196355392876543
39.8000000000003 24.1347353206776 80.2307295247595 74.8611605513831 8.06771620975645 0.11706596934817 -0.198786515067567
39.9000000000003 24.2052729971196 80.2249277883806 74.8523280454995 8.13745780776406 0.116580409445132 -0.201127114493149
40.0000000000003 24.2758047089782 80.2187506803667 74.8439374021732 8.20721569490849 0.116132761915487 -0.203363664684555
40.1000000000003 24.3463295103017 80.2122065259236 74.8359926853674 8.27698533815835 0.11572428832939 -0.205475127641699
40.2000000000003 24.4168464595175 80.2053036586559 74.8284979706926 8.34676226702554 0.115355877333732 -0.207442817026091
40.3000000000003 24.4873546200114 80.1980504177642 74.8214573477191 8.41654206941097 0.115028318218738 -0.209256608889727
40.4000000000003 24.5578530606631 80.1904551455324 74.8148749217572 8.48632038726472 0.114742389652881 -0.210906585657373
40.5000000000003 24.6283408564744 80.1825261848257 74.8087548156174 8.55609291223898 0.114498855891375 -0.212383123498825
40.6000000000003 24.6988170892978 80.1742718765883 74.8031011713704 8.62585538134111 0.114298463040279 -0.213676981437511
40.7000000000003 24.7692808486662 80.1657005573421 74.7979181521064 8.69560357258663 0.114141935403901 -0.214779390831607
40.8000000000003 24.8397312327263 80.1568205566843 74.793209943696 8.76533330065216 0.114029971944302 -0.215682143797777
40.9000000000003 24.9101673492764 80.1476401947855 74.7889807565491 8.83504041252849 0.113963242880857 -0.216377679042414
41.0000000000003 24.980588316911 80.1381677798881 74.7852348273754 8.90472078317355 0.11394238645849 -0.216859163549443
41.1000000000003 25.0509932662834 80.1284116058181 74.7819764209247 8.97437031117659 0.113967905974687 -0.217127047548877
41.2000000000003 25.1213813417317 80.1183799498675 74.7792098312163 9.04398491471344 0.114039864893943 -0.217185678104144
41.3000000000003 25.191751703625 80.108081071614 74.7769393814734 9.11356052824057 0.11415818112448 -0.217035318292661
41.4000000000003 25.2621035309755 80.0975232121102 74.7751694235459 9.18309309948022 0.114322726147878 -0.216677103374134
41.5000000000003 25.3324360240576 80.0867145930882 74.7739043373144 9.2525785864167 0.114533325104121 -0.216113025673388
41.6000000000003 25.4027484070234 80.0756634161627 74.773148530094 9.32201295429271 0.114789757087491 -0.215345910102938
41.7000000000003 25.4730399305182 80.0643778620348 74.7729064360377 9.39139217260567 0.115091755645871 -0.214379380846631
41.8000000000003 25.5433098742945 80.0528660896961 74.7731825155404 9.460712212104 0.115439009471946 -0.213217819907363
41.9000000000003 25.6135575498273 80.0411362356323 74.7739812546427 9.52996904178345 0.115831163274006 -0.211866318359054
42.0000000000003 25.6837823029316 80.0291964130269 74.7753071644342 9.59915862588345 0.116267818809533 -0.210330621303817
42.1000000000003 25.7539835163871 80.0170547109828 74.7771647804316 9.66827692089217 0.116748408564989 -0.20862984502988
42.2000000000003 25.8241606126875 80.0047191942045 74.7795586612796 9.7373198727805 0.117271816426282 -0.20678696992089
42.3000000000003 25.8943130570497 79.9921979038505 74.7824933857348 9.80628341481709 0.117836765899011 -0.204814060850828
42.4000000000003 25.964440360418 79.9794988588461 74.7859735489727 9.87516346561209 0.118441951709 -0.20272319314027
42.5000000000003 26.0345420823256 79.9666300572143 74.7900037588689 9.94395592716981 0.11908604348042 -0.200526357270222
42.6000000000003 26.1046178336088 79.9535994774065 74.7945886322804 10.0126566829413 0.119767689314048 -0.198235372027226
42.7000000000003 26.1746672789733 79.9404150796334 74.7997327913265 10.0812615958772 0.120485519247241 -0.195861806693373
42.8000000000003 26.2446901394131 79.9270848071954 74.8054408596703 10.1497665064799 0.121238148581699 -0.193416912620256
42.9000000000003 26.314686194482 79.913616587814 74.8117174587993 10.2181672308567 0.122024181067855 -0.190911564328395
43.0000000000003 26.3846552844165 79.9000183349619 74.8185672043072 10.2864595587721 0.122842211939693 -0.188356210012974
43.1000000000003 26.4545973121272 79.8862979492112 74.8259947021511 10.3546392517233 0.123690707225944 -0.185782631893034
43.2000000000003 26.5245122454567 79.8724633200323 74.8340045443027 10.4227020416063 0.124567635287446 -0.183224283335374
43.3000000000003 26.594400120295 79.8585223287345 74.8426013028579 10.4906436308826 0.125470839937653 -0.180693102674935
43.4000000000003 26.6642610438285 79.8444828518577 74.8517895235395 10.5584596933361 0.126398167703627 -0.178200133942842
43.5000000000003 26.7340951975004 79.8303527645815 74.8615737191764 10.6261458748533 0.127347471497046 -0.175755537475019
43.6000000000004 26.8039028396614 79.8161399441339 74.8719583631833 10.6936977942032 0.128316614093545 -0.173368609768178
43.7000000000004 26.8736843079102 79.8018522732001 74.8829478830399 10.7611110438174 0.129303471447943 -0.171047810993577
43.8000000000004 26.943440021119 79.7874976433313 74.8945466537702 10.8283811905703 0.130305935874177 -0.168800798640518
43.9000000000004 27.0131704811439 79.7730839583539 74.9067589914221 10.8955037765584 0.131321919119859 -0.166634465904143
44.0000000000004 27.0828762742157 79.7586191377777 74.9195891465462 10.9624743198813 0.132349355363433 -0.164554983544846
44.1000000000004 27.1525580720198 79.7441111202073 74.9330412976611 11.0292883154343 0.13338613044776 -0.162571473857387
44.2000000000004 27.2222166327073 79.729567866794 74.9471195443317 11.0959412360598 0.134429860472649 -0.160693688827264
44.3000000000004 27.2918528021937 79.7149973647973 74.9618278992693 11.1624285346011 0.135478110788895 -0.158927706721963
44.4000000000004 27.3614675152989 79.7004076311876 74.9771702800455 11.2287456463148 0.136528472938549 -0.157278955599274
44.5000000000004 27.4310617964692 79.6858067162509 74.9931505007914 11.2948879912954 0.137578568796645 -0.155752269799127
44.6000000000004 27.5006367600643 79.6712027071937 75.0097722638972 11.3608509769007 0.13862605480375 -0.154351945737004
44.7000000000004 27.5701936102091 79.6566037317478 75.0270391517114 11.4266300001772 0.13966862631151 -0.1530817963423
44.8000000000004 27.6397336402057 79.6420179617748 75.0449546182398 11.4922204502846 0.140704022060183 -0.151945203636117
44.9000000000004 27.7092582315057 79.6274536168709 75.0635219808449 11.5576177109218 0.141730028805086 -0.150945169014933
45.0000000000004 27.7787688522404 79.612918967972 75.0827444119455 11.6228171627514 0.142744486103877 -0.15008436095378
45.1000000000004 27.8482670553167 79.5984223409625 75.1026249306797 11.6878141858452 0.143745127098187 -0.1493764357899
45.2000000000004 27.9177544762485 79.5839721204093 75.1231663936393 11.7526041626409 0.144729091295204 -0.148837110568174
45.3000000000004 27.9872328309189 79.5695767536083 75.144371483243 11.8171824822015 0.14569342402304 -0.148471671760526
45.4000000000004 28.0567039128782 79.5552447547565 75.1662426951816 11.8815445449857 0.146635248983764 -0.148285127313764
45.5000000000004 28.1261695899745 79.5409847091269 75.1887823258255 11.9456857676395 0.147551777031782 -0.148282273514262
45.6000000000004 28.1956318003119 79.5268052772448 75.211992459634 12.0096015877865 0.148440315258402 -0.14846775847835
45.7000000000004 28.2650925475408 79.5127151990636 75.2358749565634 12.0732874688188 0.149298276380084 -0.148846142096262
45.8000000000004 28.3345538954858 79.4987232981405 75.2604314394755 12.1367389046881 0.150123188427037 -0.149421952350102
45.9000000000004 28.404017962121 79.4848384858126 75.2856632815462 12.1999514246967 0.150912704722748 -0.15019973792884
46.0000000000004 28.4734869129021 79.4710697653723 75.311571593674 12.2629205982878 0.151664614145709 -0.151184117100117
46.1000000000004 28.5429629534877 79.4574262362208 75.3381572119117 12.3256420398423 0.152376915159489 -0.152353004449533
46.2000000000004 28.612448322325 79.4439170974298 75.3654206855022 12.3881114136134 0.153048001013922 -0.153684154475265
46.3000000000004 28.6819452838818 79.4305516498023 75.3933622664475 12.450324439015 0.153676451140284 -0.155182149533103
46.4000000000004 28.7514561218602 79.4173392973425 75.4219818996821 12.5122768960482 0.154260972729084 -0.156851754249917
46.5000000000004 28.8209831319613 79.4042895487024 75.4512792132692 12.5739646307336 0.154800409833136 -0.158697934003635
46.6000000000004 28.8905286142027 79.391412018629 75.4812535085974 12.6353835605433 0.15529375257228 -0.160725871222191
46.7000000000004 28.9600948648074 79.3787164294113 75.5119037505768 12.6965296798332 0.155740146433786 -0.162940979201747
46.8000000000004 29.0296841676891 79.3662126123266 75.5432285578355 12.7573990652752 0.156138901660395 -0.165348913074352
46.9000000000004 29.0992987855565 79.3539105090882 75.5752261929163 12.8179878812892 0.156489502727926 -0.167955577479827
47.0000000000004 29.1689409506644 79.3418201732919 75.6078945524726 12.8782923854754 0.156791617912328 -0.170767130395411
47.1000000000004 29.2386128552461 79.3299517718438 75.641231157477 12.9383089340423 0.157045133310132 -0.173765827644091
47.2000000000004 29.3083166417923 79.3183155858907 75.6752331437327 12.9980339871274 0.157250224476309 -0.176934103669045
47.3000000000004 29.3780543934359 79.3069220104877 75.7098972531563 13.0574641138453 0.157407272854875 -0.180278710605983
47.4000000000004 29.4478281242792 79.2957815537685 75.745219825364 13.1165959972291 0.157516846918829 -0.183806570911959
47.5000000000004 29.5176397695666 79.2849048360962 75.7811967892695 13.1754264391665 0.157579710466033 -0.187524758291177
47.6000000000004 29.58749117573 79.2743025892145 75.8178236546819 13.2339523653372 0.157596831032528 -0.191440471628061
47.7000000000004 29.6573840903412 79.2639856553988 75.8550955039037 13.2921708301492 0.157569388457298 -0.195561000700501
47.8000000000004 29.7273201520057 79.253964986607 75.8930069833288 13.350079021676 0.15749878363593 -0.199893682302698
47.9000000000004 29.797300880237 79.2442516436309 75.9315522950404 13.4076742665932 0.157386647502838 -0.204445845209739
48.0000000000004 29.8673276653478 79.2348567952468 75.9707251884087 13.4649540351152 0.157234850284699 -0.209224742251203
48.1000000000004 29.9374017584016 79.2257917173339 76.0105189516783 13.5219159459382 0.157045406109591 -0.214211454863484
48.2000000000004 30.0075242613261 79.2170677911366 76.0509264032668 13.5785577713344 0.156820155957035 -0.219389272012416
48.3000000000004 30.0776961172697 79.2086964993529 76.0919398823356 13.6348774426324 0.156561072098949 -0.22476854620107
48.4000000000004 30.147918101056 79.2006894213676 76.1335512390712 13.6908730558502 0.15627037173416 -0.230359414716767
48.5000000000004 30.2181908096868 79.1930582284528 76.175751824957 13.7465428773329 0.155950529339292 -0.236171691931405
48.6000000000004 30.2885146529336 79.1858146789669 76.2185324830441 13.8018853493908 0.155604289672723 -0.242214739535493
48.7000000000004 30.3588898440572 79.1789706135558 76.2618835382229 13.8568990959385 0.155234681474406 -0.248497311777973
48.8000000000004 30.4293163906987 79.1725379503518 76.3057947874942 13.9115829281323 0.154845031889728 -0.255027372672138
48.9000000000004 30.4997940859876 79.1665286801746 76.35025549024 13.9659358500087 0.154438981633429 -0.261811882078111
49.0000000000004 30.570322499912 79.1609548617304 76.3952543584954 14.019957064123 0.154020500888617 -0.268856547696933
49.1000000000004 30.6409009710413 79.1558286167519 76.440779547323 14.0736459771458 0.153594109803111 -0.276042934735959
49.2000000000004 30.7115285996656 79.1511621235574 76.4868186478854 14.1270022043903 0.153165413037757 -0.283244574873592
49.3000000000004 30.7822042441247 79.1469676065989 76.5333586873641 14.1800255716214 0.152740330575984 -0.29045265084487
49.4000000000004 30.8529265188909 79.1432573244313 76.5803861315755 14.2327161157947 0.152324866749398 -0.297656463607449
49.5000000000004 30.9236937934397 79.1400435576198 76.6278868876913 14.2850740857551 0.151925105378023 -0.304843371554425
49.6000000000004 30.9945041918674 79.1373385966481 76.6758463069582 14.3370999429341 0.151547204526065 -0.311998746700706
49.7000000000004 31.0653555932552 79.1351547298257 76.7242491874179 14.388794362048 0.15119739075311 -0.319105953190512
49.8000000000004 31.1362456327793 79.1335042311963 76.7730797766271 14.4401582317959 0.15088195273746 -0.326146353746758
49.9000000000004 31.2071717035646 79.1323993484452 76.8223217743775 14.4911926555578 0.150607234153572 -0.333099349778857
50.0000000000004 31.278130959282 79.1318522908076 76.8719583354158 14.5418989520919 0.150379625692023 -0.33994246077002
50.1000000000004 31.3491203174994 79.1318752169555 76.9219720722021 14.5922786562116 0.150205604861632 -0.346600246205377
50.2000000000004 31.4201364640821 79.1324802223652 76.9723450586744 14.6423335188901 0.15009182815216 -0.352994118960291
50.3000000000004 31.4911758591365 79.1336793253596 77.0230588365647 14.6920655059184 0.150044893151007 -0.359095260870607
50.4000000000004 31.5622347440531 79.1354844526299 77.0740944227215 14.7414767959923 0.150071259680206 -0.364874855988856
50.5000000000004 31.633309149341 79.1379074247378 77.1254323164698 14.7905697787768 0.150177230027765 -0.370304586061746
50.6000000000004 31.7043949032209 79.1409599416165 77.1770525069721 14.8393470529718 0.150368929162719 -0.375357156454304
50.7000000000005 31.7754876409544 79.1446535680725 77.2289344805889 14.8878114243767 0.150652285211222 -0.380006839461275
50.8000000000005 31.8465828148873 79.1489997192874 77.2810572282396 14.9359659039555 0.151033010507726 -0.384230019561004
50.9000000000005 31.9176757051871 79.1540096463193 77.3333992527629 14.983813705902 0.151516583557593 -0.388005723380811
51.0000000000005 31.9887614312538 79.1596944216047 77.3859385762773 15.0313582457045 0.15210823225775 -0.391316116109605
51.1000000000005 32.059834963797 79.1660649244066 77.4386527475803 15.078603138191 0.15281278903008 -0.394082353132465
51.2000000000005 32.1308911378061 79.1731318248823 77.4915188505425 15.1255521950513 0.153634228707527 -0.396236754953917
51.3000000000005 32.2019246667209 79.1809055646447 77.5445135150272 15.1722094210334 0.154575944692825 -0.397785274664654
51.4000000000005 32.2729301572576 79.1893963359422 77.5976129288064 15.2185790096173 0.155640862130542 -0.398739724134218
51.5000000000005 32.3439021245623 79.1986140607866 77.6507928495136 15.264665338668 0.156831441299695 -0.399117611539666
51.6000000000005 32.4148350076318 79.2085683700795 77.7040286165979 15.3104729660896 0.158149685636513 -0.398941829813257
51.7000000000005 32.4857231849499 79.2192685827404 77.7572951632774 15.3560066254785 0.159597154163377 -0.398240211011729
51.8000000000005 32.5565609902909 79.2307236848329 77.8105670284924 15.4012712217771 0.161174977980026 -0.397044967337011
51.9000000000005 32.6273427286405 79.2429423086926 77.8638183688594 15.4462718269275 0.162883880374856 -0.395392043763392
52.0000000000005 32.6980626921893 79.2559327120538 77.9170229706243 15.4910136755246 0.164724200034159 -0.393320409768742
52.1000000000005 32.7687151764078 79.2697027572244 77.9701542617308 15.5355021604124 0.166696108630966 -0.390758157515917
52.2000000000005 32.8392944976585 79.2842598914895 78.023185326871 15.5797428267758 0.168800070066133 -0.387633738490111
52.3000000000005 32.9097950148002 79.2996111306362 78.0760889301072 15.6237413624166 0.171036037432842 -0.383991615646042
52.4000000000005 32.9802111525149 79.3157630437078 78.1288375404755 15.6675035865261 0.173403247280246 -0.379879612798646
52.5000000000005 33.0505374248033 79.3327217378056 78.1814033577049 15.711035438399 0.175900244558499 -0.375347890386019
52.6000000000005 33.1207684584758 79.3504928428901 78.2337583379357 15.7543429661488 0.178524910107532 -0.370447943166789
52.7000000000005 33.1908990165204 79.3690814965823 78.2858742194386 15.7974323154215 0.181274489812122 -0.365231654130196
52.8000000000005 33.2609240212284 79.3884923289656 78.3377225483332 15.8403097181108 0.184145624613685 -0.35975043218405
52.9000000000005 33.3308385769498 79.4087294473871 78.3892747043064 15.8829814810722 0.187134380672986 -0.354054453768016
53.0000000000005 33.4006379923573 79.4297964212593 78.4405019263317 15.9254539748377 0.190236279104758 -0.348192021075539
53.1000000000005 33.4703178020985 79.4516962669236 78.4913753383825 15.9677336223262 0.193446566611816 -0.342202774409982
53.2000000000005 33.5398737880639 79.47443143414 78.5418659750065 16.0098268874474 0.196760954723614 -0.336117211056908
53.3000000000005 33.6093020008596 79.4980037967011 78.5919448065493 16.0517402634343 0.200174891031901 -0.329966797419263
53.4000000000005 33.6785987810502 79.5224146446721 78.6415827642386 16.0934802610691 0.203683327119697 -0.323780963740372
53.5000000000005 33.7477607797571 79.5476646766922 78.6907507652642 16.1350533969054 0.207280730272435 -0.317586938198726
53.6000000000005 33.8167849784699 79.5737539922775 78.7394197378564 16.17646618149 0.210961094559703 -0.311409647316199
53.7000000000005 33.885668707935 79.6006820841225 78.787560646366 16.2177251075847 0.214717951515679 -0.305271675110319
53.8000000000005 33.954409665984 79.6284478304023 78.8351445163431 16.2588366383882 0.218544380733623 -0.299193272799314
53.9000000000005 34.0230059341593 79.6570494870747 78.8821424596169 16.2998071957581 0.22243302076589 -0.293192410697934
54.0000000000005 34.0914559929943 79.6864846801824 78.9285256993743 16.3406431484328 0.226376080785215 -0.287284864162191
54.1000000000005 34.1597587358198 79.71675039816 78.9742655952891 16.3813508002257 0.230365251496352 -0.281444850186106
54.2000000000005 34.2279134814101 79.7478429842794 79.0193336699279 16.4219363775067 0.234391365447075 -0.275648753814328
54.3000000000005 34.2959199859958 79.7797581294435 79.063701638403 16.4624060148723 0.238444638786643 -0.269912497619735
54.4000000000005 34.3637784536164 79.812490865118 79.1073414393013 16.5027657401024 0.242514788366085 -0.264250055141488
54.5000000000005 34.4314895441342 79.8460355562686 79.1502252656642 16.5430214590898 0.24659106329993 -0.258673569577799
54.6000000000005 34.4990543786945 79.8803858942975 79.1923255959667 16.5831789407699 0.250662281181806 -0.253193485845707
54.7000000000005 34.5664745424485 79.9155348899808 79.2336152250964 16.6232438020501 0.25471686953809 -0.247818691044054
54.8000000000005 34.6337520843525 79.9514748664053 79.274067295333 16.6632214927391 0.258742913047497 -0.242556659092132
54.9000000000005 34.7008895138698 79.9881974519052 79.3136553273275 16.7031172804765 0.262728206979846 -0.237413596031719
55.0000000000005 34.767889794407 80.0256935729996 79.3523532510812 16.7429362356624 0.266660317206049 -0.232394583130613
55.1000000000005 34.8347563334058 80.0639534475017 79.390135436846 16.7826832164231 0.270527394591507 -0.227492900564946
55.2000000000005 34.901492970937 80.1029665821216 79.4269767239661 16.8223628545191 0.274320431242659 -0.222691391926087
55.3000000000005 34.9681039704522 80.1427217814726 79.4628524444956 16.8619795436472 0.278030971347367 -0.217979422193461
55.4000000000005 35.0345940094393 80.1832071615707 79.4977384447572 16.9015374286838 0.281650389369765 -0.213347225131726
55.5000000000005 35.1009681681834 80.2244101635062 79.5316111068227 16.9410403949658 0.285169933585765 -0.208785831170098
55.6000000000005 35.1672319164819 80.2663175671164 79.5644473699927 16.9804920575703 0.288580774484111 -0.204287001529083
55.7000000000005 35.2333910982446 80.3089155046568 79.5962247522764 17.0198957505953 0.291874057755441 -0.199843167689361
55.8000000000005 35.2994519139157 80.3521894744738 79.626921371872 17.0592545164398 0.295040961506431 -0.195447375326719
55.9000000000005 35.3654209006668 80.3961243546765 79.6565159686466 17.0985710950841 0.298072757245055 -0.191093231902047
56.0000000000005 35.4313049103202 80.4407044168085 79.684987925616 17.1378479133699 0.300960874095133 -0.186774857137288
56.1000000000005 35.4971110849872 80.4859133395544 79.7123172903368 17.1770870743245 0.303697392657561 -0.182516413479079
56.2000000000005 35.5628468307851 80.531734223338 79.7384847940145 17.2162903476084 0.306276403918226 -0.17833765306689
56.3000000000005 35.6285197905916 80.5781496071838 79.763471864812 17.2554591628207 0.308692800352218 -0.174227199466725
56.4000000000005 35.6941378158669 80.6251414864709 79.787260638875 17.2945946039284 0.310941892435322 -0.170174625364073
56.5000000000005 35.7597089373802 80.6726913307202 79.8098339712679 17.3336974037393 0.313019447205051 -0.166170370936211
56.6000000000005 35.8252413348884 80.7207801013831 79.8311754469111 17.3727679383746 0.314921724975266 -0.162205667198191
56.7000000000005 35.8907433058383 80.7693882696284 79.8512693915177 17.4118062217424 0.3166455136611 -0.158272463515447
56.8000000000005 35.9562232331616 80.8184958341309 79.8701008825305 17.45081190001 0.318188160209352 -0.154363358560969
56.9000000000005 36.0216895522435 80.868082338859 79.8876557600581 17.4897842460772 0.319547598677417 -0.150471534090594
57.0000000000005 36.0871507171488 80.918126890862 79.9039206378126 17.5287221540488 0.320722374564238 -0.146590690985966
57.1000000000005 36.152615166219 80.9686081780922 79.918882914042 17.5676241337116 0.321711725498604 -0.1427051165827
57.2000000000005 36.2180912878203 81.0195044880896 79.9325307823731 17.6064883051116 0.322515746759323 -0.138799246661306
57.3000000000005 36.2835873874834 81.070793728863 79.9448532424227 17.6453123933854 0.323135164222679 -0.134867650550666
57.4000000000005 36.3491116555076 81.1224534506351 79.9558401103175 17.6840937236927 0.323571269762243 -0.130905235413902
57.5000000000005 36.4146721344376 81.1744608676207 79.9654820292111 17.7228292161521 0.323825921058291 -0.126907179504405
57.6000000000005 36.4802766864583 81.2267928798051 79.9737704798009 17.7615153807771 0.323901537760495 -0.12286886606498
57.7000000000006 36.5459329607785 81.2794260947227 79.9806977908447 17.8001483124123 0.323801094169823 -0.118785817630684
57.8000000000006 36.6116483610712 81.3323368492353 79.9862571496773 17.8387236856693 0.323528108668623 -0.114653630533725
57.9000000000006 36.6774300130414 81.3855012313104 79.9904426127276 17.8772367498626 0.323086630188458 -0.110467909456366
58.0000000000006 36.743284732183 81.4388951017997 79.9932491160352 17.9156823239456 0.322481222060266 -0.106224201918059
58.1000000000006 36.8092189918849 81.4924941162638 79.9946724855759 17.9540547915502 0.321717810072973 -0.101969479101257
58.2000000000006 36.8752388944096 81.5462737480046 79.9947094426119 17.9923480987118 0.320806168367272 -0.0977460205029288
58.3000000000006 36.9413501494633 81.6002093141622 79.993357596413 18.0305557584137 0.319757110914677 -0.0935428234493231
58.4000000000006 37.0075580576931 81.6542760030195 79.9906154320035 18.0686708578169 0.318581529543909 -0.0893495823731873
58.5000000000006 37.0738674969547 81.7084489013527 79.9864822977164 18.106686065594 0.31729032232391 -0.0851566182967792
58.6000000000006 37.140282911213 81.7627030217826 79.9809583927486 18.1445936392619 0.315894326004953 -0.0809548163231825
58.7000000000006 37.2068083020085 81.8170133301253 79.9740447547159 18.182385432516 0.314404252994076 -0.0767355701766149
58.8000000000006 37.2734472224113 81.8713547727431 79.9657432472077 18.2200529025632 0.312830633229928 -0.0724907329311547
58.9000000000006 37.3402027733729 81.9257023038951 79.9560565473423 18.2575871174556 0.311183761215681 -0.0682125731200402
59.0000000000006 37.4070776023747 81.9800309130885 79.9449881333212 18.2949787634235 0.309473648362941 -0.0638937354885622
59.1000000000006 37.4740739042333 82.0343156523727 79.9325422719675 18.3322181522308 0.307710058891364 -0.0595600146173126
59.2000000000006 37.5411934231944 82.088531662169 79.9187240058186 18.3692952290839 0.305902744766554 -0.0552373347299423
59.3000000000006 37.6084374550686 82.14265419338 79.9035391390903 18.40619958195 0.304061240668934 -0.0509191029198535
59.4000000000006 37.6758068506396 82.1966586280345 79.8869942231959 18.442920451429 0.302194759673325 -0.046599118662217
59.5000000000006 37.7433020210268 82.2505204998754 79.8690965422483 18.4794467406477 0.30031216193692 -0.0422715544523372
59.6000000000006 37.8109229449282 82.3042155149485 79.8498540985622 18.5157670251533 0.298421927807846 -0.0379309386810457
59.7000000000006 37.8786691776304 82.3577195721899 79.8292755981562 18.5518695628077 0.29653213513292 -0.0335721402207358
59.8000000000006 37.9465398616745 82.4110087840151 79.8073704362545 18.5877423036805 0.294650440512477 -0.0291903542106358
59.9000000000006 38.014533739063 82.4640594969064 79.7841486827896 18.6233728999437 0.292784064228167 -0.0247810885487491
60.0000000000006 38.0826491648942 82.5168483120019 79.759621067904 18.6587487157645 0.290939778559421 -0.0203401506131739
60.1000000000006 38.1508841223284 82.5693521056853 79.7337989674492 18.6938568372325 0.289123879991331 -0.0158801287751895
60.2000000000006 38.2192362392575 82.621548050232 79.7066943884048 18.728684083124 0.287342106296791 -0.011414010698836
60.3000000000006 38.2877028073114 82.6734136345961 79.6783199540951 18.7632170177989 0.285599656603049 -0.0069386165896364
60.4000000000006 38.3562808022798 82.724926685253 79.6486888893251 18.7974419649355 0.283901204508588 -0.00245100828050077
60.5000000000006 38.4249669053369 82.7760653870437 79.6178150055138 18.8313450212983 0.282250898999807 0.00205153936701428
60.6000000000006 38.4937575249371 82.8268083040198 79.5857126858275 18.8649120705055 0.280652367272421 0.00657156932891392
60.7000000000006 38.5626488192673 82.877134400288 79.5523968703134 18.898128796797 0.279108719238614 0.0111114756691033
60.8000000000006 38.6316367191491 82.9270230608547 79.5178830410322 18.9309806988015 0.277622553528548 0.0156735392408335
60.9000000000006 38.7007169512825 82.9764541124707 79.482187207192 18.9634531033043 0.276195964819198 0.0202599658221501
61.0000000000006 38.7698850617304 83.0254078444758 79.4453258902813 18.9955311790152 0.274830552347197 0.0248729266222416
61.1000000000006 38.8391364395248 83.0738650295303 79.4073161091384 19.0271999503917 0.273527768623888 0.0294398231766942
61.2000000000006 38.9084663398818 83.1218069414037 79.3681753633634 19.058444312917 0.272289954009559 0.0338868676668763
61.3000000000006 38.9778699065538 83.1692153652928 79.327921612521 19.0892490520696 0.271119331459054 0.0382142211718719
61.4000000000006 39.0473421944008 83.2160726051972 79.2865732536859 19.1195988637474 0.270017658623613 0.0424217945394973
61.5000000000006 39.1168781926359 83.2623614911818 79.2441490989242 19.1494783747476 0.26898621746835 0.0465093124580188
61.6000000000006 39.1864728486657 83.3080653866387 79.2006683527754 19.1788721632464 0.268025805117617 0.0504763779778155
61.7000000000006 39.2561210924281 83.3531681955499 79.156150589733 19.2077647792791 0.267136725913493 0.0543225367349036
61.8000000000006 39.3258178611237 83.397654369749 79.1106157317271 19.2361407652199 0.266318784694563 0.0580473400951885
61.9000000000006 39.3955581242419 83.4415089161842 79.0640840256048 19.2639846762619 0.265571281310966 0.06165040641947
62.0000000000006 39.4653369087759 83.4847174041797 79.0165760206128 19.291281100897 0.264893006411116 0.0651314796525359
62.1000000000006 39.5351493244416 83.527265972634 78.9681125459302 19.3180146813766 0.264282261380998 0.0684778453192159
62.2000000000006 39.6049905867197 83.569141335528 78.9187146895562 19.3441701336714 0.263737007122732 0.0716768278565089
62.3000000000006 39.6748560343257 83.6103307831484 78.8684037806352 19.3697322661619 0.263254935664948 0.0747284788252791
62.4000000000006 39.7447411443862 83.6508221816222 78.8172013731352 19.3946859978268 0.262833462718695 0.0776330326180883
62.5000000000006 39.8146415473407 83.6906039723864 78.7651292295783 19.419016376414 0.26246972331741 0.0803909297073563
62.6000000000006 39.8845530415874 83.7296651716575 78.7122093047721 19.4427085966098 0.262160568514403 0.0830028364700435
62.7000000000006 39.9544716078062 83.7679953699015 78.65846372954 19.4657480182094 0.261902563194933 0.0854696614187256
62.8000000000006 40.0243934228914 83.805584731303 78.603914794452 19.4881201842868 0.261691985061256 0.0877925677404061
62.9000000000006 40.0943148734217 83.8424239932354 78.5485849335556 19.509810839365 0.261524824853452 0.0899729821416803
63.0000000000006 40.1642325685975 83.8785044657301 78.4924967081064 19.5308059475859 0.261396787866484 0.0920126000605541
63.1000000000006 40.2341433525575 83.9138180309234 78.4356727903107 19.551091710909 0.261303262095974 0.093889564307189
63.2000000000006 40.3040443156773 83.948357141898 78.3781359473676 19.5706545880569 0.261239223187926 0.0955823936606792
63.3000000000006 40.3739328042227 83.982114819991 78.3199090262735 19.5894813153567 0.261199352823881 0.0970937394418738
63.4000000000006 40.4438064287512 84.0150846514974 78.261014938926 19.6075589283271 0.261178081931252 0.0984264909123922
63.5000000000006 40.5136630714952 84.0472607843501 78.2014766472406 19.6248747832956 0.261169599683441 0.0995837550275557
63.6000000000006 40.583500892662 84.0786379247999 78.1413171482657 19.6414165790143 0.26116786427787 0.10056883333994
63.7000000000006 40.6533183355753 84.109211334096 78.080559459299 19.6571723782769 0.261166615514251 0.101385196444432
63.8000000000006 40.7231141305827 84.1389768251658 78.0192266030033 19.6721306295347 0.261159389184196 0.102036456360259
63.9000000000006 40.7928872976535 84.1679307592952 77.9573415925224 19.6862801885137 0.261139533269043 0.10252633721291
64.0000000000006 40.8626371475977 84.1960700428087 77.8949274165969 19.6996103398302 0.261100225925739 0.102858644555822
64.1000000000006 40.9323632817484 84.2233921236237 77.8320070247045 19.7121108185269 0.261035016298774 0.103023004402774
64.2000000000006 41.0020655879638 84.2498949845319 77.7686033128357 19.7237718294902 0.260939479489772 0.103005666403405
64.3000000000006 41.0717442299877 84.2755771281733 77.7047391108806 19.7345840614949 0.260809787489523 0.102805263139409
64.4000000000006 41.1413996341964 84.3004375587372 77.6404371706521 19.7445386991325 0.260642204972306 0.10242022416841
64.5000000000006 41.2110324759923 84.3244757635375 77.5757201539321 19.7536274346562 0.260433088494904 0.101848770766013
64.6000000000006 41.2806436659188 84.3476916945878 77.510610620519 19.7618424798283 0.260178886839358 0.101088907527526
64.7000000000006 41.3502343354828 84.3700857501769 77.445131016274 19.7691765777657 0.259876142419399 0.100138410491657
64.8000000000006 41.4198058226728 84.3916587564439 77.3793036611686 19.7756230147861 0.259521493671422 0.098994811438669
64.9000000000006 41.4893596571634 84.4124119489531 77.3131507373309 19.7811756322546 0.259111678347055 0.0976553780072231
65.0000000000006 41.558897545196 84.4323469542699 77.246694277093 19.7858288384298 0.25864353762542 0.0961170892563013
65.1000000000006 41.6284213540863 84.4514657715356 77.1799561510783 19.7895776202323 0.258114219972168 0.0944178829123378
65.2000000000006 41.6979330953041 84.4697707540496 77.1129580573431 19.7924175530048 0.257521831526549 0.0925948300541332
65.3000000000006 41.7674349046065 84.4872645908659 77.045721513196 19.7943448051701 0.256864923409349 0.0906431892129141
65.4000000000006 41.8369290211976 84.503950288397 76.9782678480713 19.7953561408808 0.256142299369358 0.0885579582033979
65.5000000000006 41.9064177670723 84.519831152017 76.9106181964426 19.7954489225907 0.255353009746644 0.0863338574631683
65.6000000000005 41.9759035266193 84.534910767665 76.8427934907371 19.794621113627 0.254496345279271 0.0839653103186337
65.7000000000005 42.0453887265152 84.5491929834491 76.7748144542493 19.7928712807619 0.253571830753211 0.0814464200134941
65.8000000000005 42.1148758159425 84.5626818912494 76.7067015940554 19.7901985967847 0.252579218510374 0.0787709433711451
65.9000000000005 42.1843672471617 84.5753818083217 76.6384751939268 19.7866028430735 0.251518481840776 0.0759322609216523
66.0000000000005 42.2538654564669 84.587297258901 76.5701553072446 19.7820844121671 0.250389808301657 0.0729233433619407
66.1000000000005 42.3233728455663 84.5984329558036 76.5017617499028 19.7766443103265 0.249193631169557 0.0697393449325962
66.2000000000005 42.3928917636889 84.6087937819893 76.4333140929427 19.7702841598287 0.247930729048709 0.066374832963539
66.3000000000005 42.4624244909135 84.6183847720254 76.3648316545033 19.7630062005799 0.246602089995635 0.0628211974023882
66.4000000000005 42.5319732223557 84.6272110935095 76.2963334915029 19.7548132914611 0.245208863918493 0.0590692960204222
66.5000000000005 42.6015400529725 84.6352780284922 76.2278383913091 19.7457089116628 0.243752355535787 0.0551094042624147
66.6000000000005 42.6711269629945 84.6425909548995 76.1593648634106 19.7356971620209 0.242234017858122 0.0509311611655184
66.7000000000005 42.7407358040004 84.6491553279549 76.090931131087 19.7247827663511 0.240655446307479 0.0465235113829356
66.8000000000005 42.8103682856542 84.6549766616015 76.0225551230803 19.7129710727844 0.239018373593437 0.0418746434065509
66.9000000000005 42.8800259631203 84.6600605099248 75.9542544652653 19.7002680551021 0.237324665475888 0.0369719241590226
67.0000000000005 42.9497102251733 84.6644124485742 75.8860464723207 19.686680314071 0.235576317546956 0.0318018302750612
67.1000000000005 43.0194222830028 84.6680380562202 75.8179481394513 19.6722150786276 0.233775863483145 0.0264468246420673
67.2000000000005 43.0891631593455 84.6709428968989 75.7499761354545 19.6568802031363 0.231927622140807 0.0209912522569199
67.3000000000005 43.1589336776494 84.6731325046129 75.6821467991984 19.6406841546826 0.230036485399577 0.0154237383890334
67.4000000000004 43.2287344524292 84.6746123688205 75.6144761374436 19.6236359964405 0.228107489902065 0.00973297612994357
67.5000000000004 43.2985658813413 84.6753879199589 75.5469798227167 19.6057453708888 0.226145795138743 0.00390775881788453
67.6000000000004 43.3684281389984 84.6754645149681 75.479673191184 19.5870224830274 0.224156663165212 -0.00206297754896613
67.7000000000004 43.4383211725153 84.6748474228136 75.412571240525 19.5674780835937 0.222145440008792 -0.00819010071731752
67.8000000000004 43.5082446987768 84.6735418100105 75.3456886278062 19.547123452279 0.220117538798698 -0.01448421610583
67.9000000000004 43.5781982034126 84.6715527261463 75.2790396673542 19.5259703809446 0.218078424626181 -0.0209555869662124
68.0000000000004 43.6481809414595 84.668885089405 75.2126383286298 19.5040311568386 0.216033601117085 -0.02761403944374
68.1000000000004 43.7181919396823 84.6655436721744 75.1464982341113 19.4813185458014 0.213988420207948 -0.0344088557938376
68.2000000000004 43.7882300002594 84.6615330888571 75.0806326574337 19.4578457751986 0.211947539055954 -0.0412864399392823
68.3000000000004 43.8582937052592 84.6568577892707 75.0150545221771 19.4336265161607 0.209915449135607 -0.048251383949374
68.4000000000004 43.9283814221021 84.6515220542511 74.9497764009123 19.40867486555 0.207896643665413 -0.0553075036889465
68.5000000000004 43.9984913102027 84.6455299913397 74.8848105142545 19.3830053279169 0.205895606547756 -0.0624577353156823
68.6000000000004 44.0686213287779 84.6388855304714 74.820168729918 19.3566327974558 0.203916801989685 -0.0697040249349552
68.7000000000004 44.1387692458012 84.6315924196616 74.7558625617708 19.3295725399617 0.201964664675879 -0.0770472121392264
68.8000000000004 44.2089326480768 84.6236542206943 74.691903168889 19.301840174786 0.200043590357253 -0.0844869085125796
68.9000000000004 44.2791089524096 84.6150743048098 74.6283013546114 19.2734516567932 0.198157926710992 -0.0920213725370837
69.0000000000004 44.3492954178452 84.6058558483914 74.5650675655939 19.244423258317 0.196311964320822 -0.0996473827841368
69.1000000000004 44.4194891589761 84.5960018287042 74.502211890832 19.2147715511118 0.194509752030771 -0.10733000588736
69.2000000000003 44.4896871608564 84.585515020933 74.4397440598532 19.1845133881874 0.192754535147463 -0.115032815451189
69.3000000000003 44.5598862962959 84.5743979985246 74.3776734388024 19.1536658853453 0.191049227862071 -0.122748226280174
69.4000000000003 44.6300833444037 84.5626531348304 74.316009025696 19.1222464025981 0.189396573164018 -0.130467386463977
69.5000000000003 44.7002750097274 84.5502826047993 74.2547594456454 19.0902725255843 0.187799133353546 -0.138180170440933
69.6000000000003 44.7704579419339 84.537288386671 74.1939329460796 19.0577620469828 0.186259280250847 -0.145875188824637
69.7000000000003 44.8406287559982 84.5236722636686 74.1335373919681 19.0247329479277 0.184779185094386 -0.153539816760574
69.8000000000003 44.9107840528691 84.5094358256919 74.0735802610438 18.9912033794231 0.183360808144609 -0.161160242304886
69.9000000000003 44.9809204405783 84.4945804710097 74.0140686390259 18.9571916437577 0.182005888029826 -0.168721535956881
70.0000000000003 45.0510345557605 84.4791074079538 73.955009214843 18.9227161759199 0.180715930896021 -0.176207742025348
70.1000000000003 45.121123085502 84.4630176567039 73.8964082758903 18.8877955250111 0.179492011787569 -0.183533221871482
70.2000000000003 45.1911827882162 84.4463120534925 73.8382717041872 18.8524483356412 0.178334207490605 -0.190612032324067
70.3000000000003 45.2612105113729 84.4289912609479 73.7806049748204 18.8166933292745 0.177242158077083 -0.19742727121357
70.4000000000003 45.3312032078772 84.4110557808557 73.7234131552867 18.7805492855574 0.176215240719984 -0.203962499248573
70.5000000000003 45.4011579522767 84.3925059670131 73.6667009048699 18.7440350236441 0.175252554717449 -0.210201965500276
70.6000000000003 45.4710719568067 84.3733420380834 73.6104724740194 18.7071693835237 0.17435290756262 -0.216130833094815
70.7000000000003 45.5409425872339 84.3535640904511 73.5547317037265 18.6699712073466 0.173514802258916 -0.221735399840509
70.8000000000003 45.6107673784542 84.3331721110752 73.499482024903 18.6324593207505 0.172736426076066 -0.227003308452285
70.9000000000002 45.6805440497995 84.3121659903447 73.4447264577579 18.5946525141875 0.172015640934568 -0.231923741175757
71.0000000000002 45.7502705200049 84.2905455349327 73.3904676111751 18.5565695242499 0.171349975594116 -0.236487593946406
71.1000000000002 45.8199449217393 84.2683104806543 73.3367076820985 18.5182290150728 0.170736538165201 -0.240743622156524
71.2000000000002 45.8895656144289 84.2454605054184 73.2834484551053 18.4796495617021 0.170171829057032 -0.244746161308329
71.3000000000002 45.9591311933255 84.2219952424161 73.2306913024593 18.440849638453 0.169652093437644 -0.248497013728423
71.4000000000002 46.028640496642 84.1979142934028 73.1784371843529 18.4018476092354 0.169173421036573 -0.251999525384572
71.5000000000002 46.0980926119259 84.1732172419838 73.1266866491566 18.3626617179539 0.168731750253864 -0.255258572368321
71.6000000000002 46.167486881695 84.1479036668998 73.0754398336682 18.3233100789087 0.168322873466487 -0.25828053396759
71.7000000000002 46.2368229083107 84.1219731553129 73.024696463362 18.2838106671958 0.167942443542503 -0.261073253881876
71.8000000000002 46.3061005580665 84.0954253160917 72.9744558526383 18.2441813091077 0.167585981567002 -0.263645991431522
71.9000000000002 46.3753199644643 84.0682597930972 72.9247169050729 18.2044396725336 0.167248885773404 -0.266009364834618
72.0000000000002 46.4444815306569 84.0404762784684 72.8754781136659 18.1646032573603 0.166926441666237 -0.268175288768814
72.1000000000002 46.5135859310322 84.0120745259211 72.8267375610609 18.1246893858965 0.166613702208506 -0.270186513089723
72.2000000000002 46.5826341119623 83.9830543643904 72.7784929189655 18.0847151939273 0.166305122251761 -0.272091022131656
72.3000000000002 46.6516272917009 83.9534157125464 72.7307414455462 18.0446976233665 0.165994994818461 -0.273910296283895
72.4000000000002 46.7205669592257 83.9231585936528 72.6834799820259 18.004653415538 0.165677606053793 -0.275666803635298
72.5000000000002 46.7894548719456 83.8922831504396 72.6367049492504 17.9645991044824 0.165347256333906 -0.27738394587868
72.6000000000002 46.8582930522642 83.8607896599751 72.5904123442548 17.9245510102623 0.16499828212549 -0.279086021323505
72.7000000000001 46.9270837829997 83.8286785485387 72.54459773683 17.8845252322691 0.164625078555401 -0.28079820671162
72.8000000000001 46.9958296016653 83.7959504064926 72.4992562660894 17.8445376425282 0.164222122647074 -0.282546559239285
72.9000000000001 47.0645332936152 83.7626060031547 72.454382637035 17.8046038790056 0.163783997181182 -0.28435804001839
73.0000000000001 47.1331978840704 83.7286463016706 72.4099711171246 17.7647393389138 0.163305415138259 -0.28626056001807
73.1000000000001 47.2018266289602 83.6940724738361 72.3660155329237 17.724959172102 0.162781676093523 -0.288322754363196
73.2000000000001 47.2704230026578 83.6588859136304 72.3225092689969 17.6852782766422 0.162210043056528 -0.290603199181214
73.3000000000001 47.3389906797348 83.6230882474721 72.2794452724816 17.6457112999889 0.161588564100644 -0.293115524758803
73.4000000000001 47.4075335142448 83.5866813431868 72.236816059899 17.606272642334 0.160915660110365 -0.295873469928307
73.5000000000001 47.4760555186332 83.5496673189238 72.1946137240529 17.5669764600464 0.160190128419725 -0.298890917445373
73.6000000000001 47.5445608424126 83.5120485520732 72.152829940927 17.5278366691112 0.159411146284971 -0.302181920013859
73.7000000000001 47.6130537506665 83.4738276881834 72.1114559765832 17.4888669485696 0.158578274179821 -0.305760715100247
73.8000000000001 47.6815386024439 83.435007649878 72.0704826940594 17.4500807439583 0.157691458916903 -0.309641726385469
73.9000000000001 47.7500198291073 83.3955916457728 72.0299005602673 17.4114912707488 0.156751036613439 -0.313839549306458
74.0000000000001 47.8185019127011 83.355583179393 71.9896996528908 17.3731115177871 0.155757735535258 -0.318368917719531
74.1000000000001 47.8869893644032 83.3149860580331 71.9498696673154 17.3349542507598 0.154712981304827 -0.323249741328302
74.2000000000001 47.9554867031638 83.2738044001191 71.9103999243954 17.2970320163509 0.153619808649496 -0.328491745943545
74.3000000000001 48.0239984347966 83.2320426387728 71.8712793803438 17.2593571481536 0.152481953762888 -0.33409344358015
74.4 48.0925290317653 83.1897055238774 71.832496637459 17.2219417732717 0.151303542051945 -0.340051754160636
74.5 48.1610829137424 83.1467981240875 71.7940399548838 17.1847978189492 0.150089076736882 -0.34636168141954
74.6 48.2296644289928 83.1033258288381 71.7558972593641 17.1479370191983 0.148843426912069 -0.353015949579485
74.7 48.2982778366248 83.0592943503533 71.7180561560076 17.1113709214288 0.147571815015742 -0.360004600965125
74.8 48.3669272897507 83.0147097256557 71.6805039390432 17.0751108930764 0.146279803629802 -0.367314556142626
74.9 48.4356168195923 82.9695783185756 71.6432276025792 17.0391681282321 0.144973281497428 -0.374929140052953
75 48.5043503205659 82.9239068217601 71.6062138513625 17.0035536542702 0.143658448609266 -0.382827580050702
75.1 48.5731315363596 82.8777022586817 71.5694491115657 16.9682783384745 0.142341836368047 -0.390954373020565
75.2 48.6419640466974 82.8309719856406 71.532919542309 16.9333528945858 0.141030380894624 -0.399246168859242
75.3 48.7108512542943 82.7837236937486 71.4966110490468 16.8987878891494 0.139731261676836 -0.407662938611665
75.4 48.7797963725748 82.7359654109066 71.4605092976895 16.8645937477854 0.138451834990919 -0.416158916486812
75.5 48.8488024144953 82.6877055037814 71.424599728753 16.8307807614549 0.137199605726261 -0.42468233377878
75.6 48.9178721824818 82.6389526797828 71.388867571509 16.7973590927269 0.135982196966541 -0.433175262283623
75.7 48.9870082594772 82.5897159890406 71.3532978581347 16.7643387820448 0.134807317106673 -0.441573599469776
75.8 49.0562130010875 82.5400048263817 71.3178754378622 16.731729753993 0.133682724322067 -0.449807229090833
75.9 49.1254885288141 82.4898289333068 71.2825849911289 16.6995418235639 0.132616188268878 -0.457800390447989
76 49.1948367243575 82.4391983999679 71.247411043727 16.6677847024238 0.131615448984853 -0.465472286542371
76.1 49.2642592249839 82.3881236670778 71.2123379810302 16.6364680051762 0.130688393733058 -0.472619157146609
76.1999999999999 49.3337574202591 82.3366155260827 71.1773500642168 16.6056012555126 0.129843568863894 -0.47902014898258
76.2999999999999 49.4033324507221 82.2846851149207 71.1424314515615 16.5751938920836 0.129089276980523 -0.484567330943021
76.3999999999999 49.4729852080804 82.232343912044 71.1075662217228 16.5452552742576 0.128433259438639 -0.489157341961969
76.4999999999999 49.542716336567 82.1796037303721 71.0727383971086 16.5157946878772 0.127882627413255 -0.49269424501022
76.5999999999999 49.6125262353662 82.1264767112467 71.0379319672401 16.4868213510137 0.127443798144499 -0.495092411603497
76.6999999999999 49.682415062023 82.0729753183858 71.0031309121174 16.4583444197227 0.127122438371205 -0.496279286289156
76.7999999999999 49.7523827367545 82.0191123318378 70.968319225584 16.4303729937997 0.126923416928614 -0.496197870824343
76.8999999999999 49.8224289475774 81.9649008419359 70.9334809386913 16.4029161225351 0.126850768326179 -0.494808771440866
76.9999999999999 49.8925531561671 81.9103542432525 70.8986001430641 16.3759828104696 0.126907668833427 -0.4920916710418
77.0999999999999 49.9627546044058 81.8554862285445 70.8636610142311 16.34958202311 0.127096318900968 -0.488072129424041
77.1999999999999 50.0330323224799 81.8003107824839 70.8286478340829 16.3237226916101 0.127417628232263 -0.482801813601427
77.2999999999999 50.1033851399125 81.7448421748365 70.7935450111114 16.2984137148273 0.127871562694836 -0.476327647773845
77.3999999999999 50.1738116978474 81.6890949534265 70.7583370997756 16.2736639603434 0.128457286889285 -0.468712812750319
77.4999999999999 50.2443104615423 81.6330839370916 70.7230088198343 16.2494822654477 0.129173210149341 -0.460034590550512
77.5999999999999 50.3148797329609 81.5768242086378 70.687545075678 16.2258774381179 0.130017042219693 -0.450381805074053
77.6999999999999 50.3855176633949 81.5203311077952 70.6519309756613 16.2028582580028 0.130985856728397 -0.439852011326007
77.7999999999999 50.4562222660493 81.4636202241728 70.6161518514353 16.1804334774037 0.132076160392069 -0.428548589756852
77.8999999999998 50.5269914285271 81.4067073902145 70.5801932772799 16.1586118222568 0.13328396583765 -0.416577893118268
77.9999999999998 50.5978229251508 81.3496086741533 70.5440410894361 16.1374019931149 0.13460486598997 -0.404046573334514
78.0999999999998 50.6687144290398 81.292340372985 70.507681405473 16.1168126660973 0.136033931181198 -0.391042982084446
78.1999999999998 50.7396635233162 81.2349190058863 70.4711006445565 16.0968524930038 0.137565253685301 -0.377660142854548
78.2999999999998 50.8106677103912 81.1773613087693 70.434285550008 16.0775300993075 0.139192559426759 -0.36400463082242
78.3999999999998 50.8817244200559 81.1196842292814 70.3972232127648 16.0588540813114 0.140909462690708 -0.350174211795614
78.4999999999998 50.9528310168512 81.0619049218229 70.359901094875 16.0408330032735 0.142709537308299 -0.336256955375645
78.5999999999998 51.0239848066836 81.004040742565 70.3223070529924 16.0234753945311 0.144586380964953 -0.322330775361452
78.6999999999998 51.0951830426346 80.9461092444668 70.2844293618719 16.006789746626 0.146533672565403 -0.308463336103466
78.7999999999998 51.1664229299149 80.8881281722934 70.2462567378644 15.9907845104292 0.148545222857403 -0.294712257549321
78.8999999999998 51.2377016299205 80.830115457633 70.2077783624118 15.9754680932651 0.150615018722911 -0.281125551592816
78.9999999999998 51.3090162633484 80.7720892139151 70.1689839055421 15.960848856037 0.152737261691137 -0.267742226433686
79.0999999999998 51.3803639124148 80.7140677313911 70.1298635492919 15.94693511032 0.154906404756948 -0.254638883979046
79.1999999999998 51.4517416240257 80.6560694711734 70.0904080092439 15.9337351146365 0.157117165777589 -0.241880965604205
79.2999999999998 51.5231464168868 80.5981130568798 70.050608551279 15.921257068657 0.159364491289028 -0.229479810455809
79.3999999999998 51.5945752895094 80.5402172653355 70.0104570064435 15.909509106582 0.161643556619452 -0.217441295069493
79.4999999999998 51.6660252272062 80.4824010172388 69.9699457857436 15.8984992904937 0.163949773185706 -0.205766622974235
79.5999999999998 51.7374932079856 80.4246833678266 69.9290678949398 15.8882356037068 0.166278794303842 -0.194453052014329
79.6999999999997 51.8089762073293 80.3670834975405 69.8878169493418 15.8787259441199 0.168626520016894 -0.183494553481584
79.7999999999997 51.8804712018424 80.3096207026918 69.8461871886026 15.8699781175662 0.170989101380655 -0.172882401083316
79.8999999999997 51.9519751717681 80.2523143861278 69.8041734915136 15.8619998311652 0.173362944586228 -0.162605690672201
79.9999999999997 52.0234851023611 80.1951840478967 69.7617713907986 15.8547986866735 0.175744715241116 -0.152651793731932
80.0999999999997 52.0949979841811 80.1382492759156 69.7189770878061 15.8483821738329 0.178131507350689 -0.143072117930468
80.1999999999997 52.1665108138397 80.0815297366767 69.6757874645224 15.842757663639 0.180521320093178 -0.133910569630449
80.2999999999997 52.2380205977657 80.0250451660552 69.6322000887898 15.8379324014078 0.182912525255475 -0.125142721141039
80.3999999999997 52.3095243567249 79.9688153601564 69.5882132168456 15.8339134997627 0.18530368724353 -0.116744917146388
80.4999999999997 52.3810191296284 79.9128601661643 69.5438257957592 15.8307079316186 0.187693553440487 -0.108694366049086
80.5999999999997 52.4525019765932 79.8571994731904 69.4990374658686 15.8283225231657 0.190081046183261 -0.100969199474837
80.6999999999997 52.523969981276 79.8018532031228 69.4538485632174 15.8267639468537 0.192465256276292 -0.0935485064815633
80.7999999999997 52.5954202525041 79.7468413014742 69.4082601219913 15.8260387143757 0.194845437956484 -0.0864123479394965
80.8999999999997 52.6668499252275 79.6921837282314 69.3622738769547 15.8261531696519 0.197221005223886 -0.0795417555755057
80.9999999999997 52.7382561608161 79.6379004487033 69.3158922658879 15.8271134818143 0.199591529452266 -0.0729187193897729
81.0999999999997 52.8096361467211 79.5840114243492 69.2691184320555 15.8289256381494 0.201956524540996 -0.0665184598782838
81.1999999999997 52.8809870953474 79.5305366030601 69.2219562275111 15.8315954359859 0.204314809538105 -0.060318545283498
81.2999999999997 52.952306241726 79.4774959080538 69.1744102185235 15.8351284719023 0.206665160241173 -0.0543054594186595
81.3999999999997 53.0235908400402 79.4249092262241 69.1264856918382 15.8395301298784 0.209006532708317 -0.0484660586432003
81.4999999999996 53.0948381591332 79.3727963964684 69.078188660971 15.8448055694059 0.211338073734393 -0.0427875883006943
81.5999999999996 53.1660454770238 79.3211771980159 69.0295258725024 15.8509597135995 0.213659132493284 -0.0372576925109314
81.6999999999996 53.2372100744521 79.2700713387555 68.9805048123707 15.8579972373082 0.215969273326205 -0.0318644187535866
81.7999999999996 53.308329227481 79.2194984435636 68.9311337121667 15.8659225552256 0.218268289655036 -0.0265962184890127
81.8999999999996 53.3794001991843 79.1694780426324 68.8814215554265 15.8747398100012 0.220556218999849 -0.0214419449020477
81.9999999999996 53.4504202304541 79.1200295597974 68.8313780839264 15.8844528603512 0.222833359079322 -0.0163908487204403
82.0999999999996 53.5213865300985 79.0711723008471 68.7810138038066 15.8950652691777 0.225100450620332 -0.0115010699496678
82.1999999999996 53.5922962676522 79.022925441345 68.730339987296 15.906580291903 0.227359082014434 -0.00682833776789941
82.2999999999996 53.6631465744952 78.975308013216 68.6793686632659 15.9190008653498 0.229611006780051 -0.00235937245344986
82.3999999999996 53.7339345481477 78.928338890846 68.6281126033842 15.9323295968357 0.231857946410148 0.0019181313656359
82.4999999999996 53.8046572564319 78.8820367771628 68.5765853080996 15.9465687532774 0.234101586371736 0.00601559711573121
82.5999999999996 53.8753117413648 78.8364201897166 68.524800992626 15.9617202502935 0.236343573211672 0.00994365023193931
82.6999999999996 53.9458950227768 78.7915074467607 68.4727745729277 15.9777856413077 0.238585512721433 0.0137121943579183
82.7999999999996 54.0164041016508 78.7473166533328 68.4205216517029 15.9947661066531 0.240828969121324 0.0173304804424807
82.8999999999996 54.0868359631715 78.7038656873351 68.3680585043692 16.0126624426744 0.243075465235079 0.020807169344132
82.9999999999996 54.1571875794772 78.6611721856154 68.3154020650476 16.031475050832 0.245326483632591 0.0241503884938871
83.0999999999996 54.2274559121461 78.6192535300887 68.2625699124728 16.0512039268573 0.247583771504962 0.0273406794326241
83.1999999999995 54.2976379155957 78.5781268349205 68.2095802539814 16.0718486512612 0.249850208077476 0.0303583186174135
83.2999999999995 54.3677305435365 78.5378089364044 68.1564519046161 16.0934083832773 0.252128815191008 0.0332101660186975
83.3999999999995 54.4377307569998 78.4983163839018 68.1032042643081 16.1158818561592 0.254422431080699 0.0359024805234994
83.4999999999995 54.5076355328436 78.4596654308225 68.049857294985 16.1392673725285 0.25673369757377 0.0384409961650981
83.5999999999995 54.5774418726588 78.4218720256048 67.9964314976785 16.1635627997242 0.259065047837626 0.0408309901402279
83.6999999999995 54.6471468120417 78.3849518026961 67.9429478896327 16.1887655651506 0.261418694694777 0.0430773433650805
83.7999999999995 54.7167474301907 78.3489200735328 67.8894279814119 16.2148726516267 0.26379661952702 0.0451845942194114
83.8999999999995 54.7862408597866 78.3137918175213 67.8358937540083 16.2418805927346 0.266200561798497 0.0471569860635961
83.9999999999995 54.8556242971061 78.2795816730181 67.7823676359501 16.2697854681681 0.268632009230937 0.0489985090366634
84.0999999999995 54.9248950123279 78.2463039282691 67.7288724804042 16.2985828990411 0.271091947281645 0.0507108989900038
84.1999999999995 54.9940503601219 78.2139725112836 67.675431542134 16.3282680421434 0.273580117654048 0.0522964858390081
84.2999999999995 55.0630877904942 78.1826009770035 67.6220684540914 16.3588355815257 0.276095723639795 0.0537599036518005
84.3999999999995 55.1320048592367 78.1522024934071 67.5688072038655 16.3902797190316 0.278637672203485 0.055105686985894
84.4999999999995 55.200799237663 78.1227898275721 67.5156721101247 16.4225941647901 0.281204579073362 0.0563382771632519
84.5999999999995 55.2694687215404 78.0943753317378 67.4626877990587 16.4557721277073 0.283794775622297 0.0574620262871058
84.6999999999995 55.3380112391374 78.0669709293685 67.4098791808218 16.4898063059585 0.286406317635248 0.0584811993448981
84.7999999999995 55.4064248583029 78.0405881012159 67.3572714259749 16.52468887748 0.289036996061387 0.0593999747160676
84.8999999999995 55.4747077924946 78.015237871382 67.3048899419278 16.5604114904614 0.291684349855248 0.0602224433747926
84.9999999999994 55.5428584056749 77.9909307933819 67.252760349382 16.5969652538374 0.294345681010924 0.0609526070620237
85.0999999999994 55.6108752161099 77.9676769362705 67.2009084586687 16.6343407278901 0.297018464829626 0.0615650921710404
85.1999999999994 55.6787569020158 77.9454858724357 67.1493602433748 16.6725279177227 0.299701417648553 0.0620334968719886
85.2999999999994 55.7465023141891 77.9243666696199 67.098141807083 16.7115162740201 0.302393096138359 0.0623601715356243
85.3999999999994 55.8141104913501 77.9043278846079 67.0472793474012 16.7512946966812 0.305091464422909 0.0625474204713917
85.4999999999994 55.8815806752132 77.8853775569793 66.9967991198856 16.791851538561 0.307793888045921 0.0625975077136231
85.5999999999994 55.9489123250118 77.8675232028597 66.9467274019657 16.8331746092132 0.310497131100979 0.0625126580912778
85.6999999999994 56.0161051313229 77.8507718086734 66.8970904568677 16.8752511786326 0.313197356795135 0.062295054081986
85.7999999999994 56.0831590290258 77.8351298248948 66.847914497539 16.9180679809972 0.315890131723745 0.0619468289309942
85.8999999999994 56.1500742092333 77.8206031598006 66.799225650572 16.9616112184108 0.318570434138044 0.0614700564858976
85.9999999999994 56.216851130024 77.8071971732216 66.7510499201283 17.0058665646455 0.321232666485734 0.0608667381521498
86.0999999999994 56.2834905257789 77.7949166703728 66.7034131519607 17.0508191689627 0.323871293216378 0.0601713340771685
86.1999999999994 56.3499934142771 77.7837658977066 66.6563409999675 17.0964536619946 0.326482772748766 0.0594160973910474
86.2999999999994 56.4163611008486 77.7737485439051 66.6098588991795 17.1427541668516 0.329063791238167 0.0585997247815193
86.3999999999994 56.482595181477 77.7648677428953 66.5639920412804 17.1897043122888 0.331610653136844 0.0577210021923059
86.4999999999994 56.548697545669 77.7571260769425 66.5187653502237 17.2372872459532 0.334119281622543 0.0567788003260032
86.5999999999994 56.6146703790111 77.7505255797437 66.4742034578509 17.2854856476286 0.3365852219511 0.0557720693322546
86.6999999999993 56.6805161653028 77.7450677395217 66.4303306795085 17.3342817424826 0.33900364795376 0.0546998326512099
86.7999999999993 56.7462376881487 77.7407535021176 66.3871709896661 17.3836573143124 0.341369371886523 0.0535611799960835
86.8999999999993 56.811838031894 77.7375832740847 66.3447479975337 17.433593718791 0.343676857821466 0.0523552594419405
86.9999999999993 56.8773205817841 77.7355569257823 66.3030849226792 17.4840718967131 0.345920238743629 0.0510812685987128
87.0999999999993 56.9426890232534 77.7346737944232 66.2622045706104 17.5350723872387 0.348093078133374 0.0497419599421404
87.1999999999993 57.0079473407065 77.7349326859499 66.2221293074246 17.5865753410625 0.350187591380432 0.0483406690232217
87.2999999999993 57.0730998162192 77.7363318739317 66.1828810320932 17.638560533396 0.352195414995141 0.0468774708957967
87.3999999999993 57.1381510268611 77.73886909729 66.1444811478147 17.6910073768758 0.354107907279971 0.0453523880214675
87.4999999999993 57.2031058399179 77.7425415579778 66.106950533331 17.7438949344694 0.355916201739662 0.0437653713223747
87.5999999999993 57.2679694058663 77.7473459186594 66.0703095142447 17.7972019323806 0.357611265309831 0.0421162801716477
87.6999999999993 57.3327471489826 77.7532783003901 66.0345778343357 17.8509067729551 0.359183961094411 0.0404048611449752
87.7999999999993 57.3974447554794 77.760334280296 65.9997746268783 17.9049875475858 0.360625115198926 0.0386307253227944
87.8999999999993 57.4620681590765 77.7685088892534 65.9659183859577 17.9594220496189 0.361925587150811 0.0367933238918912
87.9999999999993 57.5266235239245 77.777796609569 65.9330269377869 18.0141877872586 0.363076343293718 0.0348919217570347
88.0999999999993 57.5911172248541 77.7881913727806 65.9011174121758 18.0692619965824 0.364069535420326 0.032962754554831
88.1999999999993 57.655555825985 77.7996865606134 65.8702062179438 18.1246216573793 0.364901545834686 0.0310405018738087
88.2999999999993 57.7199460603175 77.8122750139456 65.8403090283476 18.1802435161612 0.365569952506868 0.0291220926327614
88.3999999999993 57.7842948101461 77.8259490449299 65.811440770453 18.2361041119982 0.366072526103671 0.0272046386895021
88.4999999999992 57.8486090876052 77.8407004492349 65.7836156146587 18.2921798024634 0.366407236446821 0.0252854060173445
88.5999999999992 57.9128960152809 77.8565205182883 65.75684696422 18.3484467895768 0.366572258668008 0.023361786182487
88.6999999999992 57.9771628068501 77.8734000515185 65.7311474447727 18.4048811457501 0.366565979000406 0.0214312678656683
88.7999999999992 58.0414167477122 77.891329368597 65.7065288938568 18.4614588397311 0.366387000138106 0.0194914081941884
88.8999999999992 58.1056651755771 77.9102983216811 65.68300235044 18.5181557625478 0.366034146093868 0.0175398036442461
88.9999999999992 58.1699154609732 77.9302963076556 65.6605780444421 18.5749477534528 0.365506466476772 0.0155740602786347
89.0999999999992 58.234174987558 77.9513122803987 65.6392653864156 18.6318106258249 0.364803880048832 0.0136264842398894
89.1999999999992 58.2984511302205 77.9733347636462 65.6190729613239 18.688720191946 0.363929188442982 0.0117292830313521
89.2999999999992 58.3627512283641 77.9963518653775 65.6000085327182 18.7456522849262 0.36288629569005 0.00988006889863432
89.3999999999992 58.4270825585527 78.0203512928011 65.5820790510109 18.8025827795041 0.361679545025434 0.008076654687896
89.4999999999992 58.4914523087946 78.0453203673626 65.5652906619061 18.8594876128051 0.360313668611429 0.00631703061625183
89.5999999999992 58.5558675545669 78.0712460397529 65.549648714831 18.9163428050985 0.358793735965436 0.00459934263832538
89.6999999999992 58.6203352365897 78.098114904917 65.5351577713668 18.9731244805555 0.357125101678702 0.00292187227440573
89.7999999999992 58.6848621403435 78.1259132170615 65.5218216136791 19.0298088880066 0.355313352997089 0.0012830177764196
89.8999999999992 58.7494548773161 78.1546269046637 65.5096432529495 19.0863724216996 0.353364257816314 -0.000318723495456253
89.9999999999992 58.8141198679532 78.1842415854791 65.4986249378062 19.1427916420568 0.351283713607536 -0.00188477160037295
90.0999999999992 58.8788633262986 78.2147425815316 65.4887681627419 19.1990432964649 0.349077574634749 -0.00340399777786319
90.1999999999992 58.9436912467846 78.246114933619 65.4800736761914 19.2551043408956 0.346751213634326 -0.00486507189631168
90.2999999999991 59.0086093938184 78.2783434145909 65.4725414877465 19.3109519636363 0.344309812556336 -0.00626902649886557
90.3999999999991 59.0736232930867 78.3114125421413 65.4661708750305 19.3665636098513 0.34175844580033 -0.00761685938456471
90.4999999999991 59.1387382239455 78.3453065915846 65.4609603905593 19.4219170061757 0.339102048868134 -0.00890954412918285
90.5999999999991 59.2039592127915 78.3800096086299 65.4569078686031 19.4769901853087 0.336345389927422 -0.0101480395188566
90.6999999999991 59.2692910273341 78.415505422156 65.4540104320479 19.5317615106071 0.333493044338798 -0.0113332979743449
90.7999999999991 59.3347381716801 78.4517776569866 65.4522644992567 19.5862097006793 0.330549372155121 -0.0124662730232518
90.8999999999991 59.4003048821496 78.4888097466649 65.4516657909312 19.6403138539782 0.327518498561951 -0.0135479258927597
90.9999999999991 59.4659951237344 78.5265849462287 65.4522093369732 19.6940534733953 0.324404297187375 -0.0145792312735324
91.0999999999991 59.5318125870938 78.5650863450113 65.4538894835311 19.7474084908011 0.321211201165842 -0.0155177256867562
91.1999999999991 59.5977606855523 78.6042968801167 65.4566999048703 19.8003592902185 0.317946666864577 -0.0163193064517513
91.2999999999991 59.6638425520076 78.6441993516062 65.4606336274851 19.8528867275217 0.314618670138963 -0.0169822343405351
91.3999999999991 59.7300610376044 78.6847764383594 65.4656830590337 19.9049721487679 0.311234834453249 -0.017504418930437
91.4999999999991 59.7964187128308 78.7260107139617 65.4718400174587 19.9565974084762 0.30780238756169 -0.0178834247499184
91.5999999999991 59.8629178709248 78.7678846625905 65.4790957601077 20.0077448879063 0.30432812407008 -0.0181164749726854
91.6999999999991 59.9295605334521 78.8103806949028 65.487441012854 20.0583975133372 0.300818373751645 -0.0182004525207998
91.7999999999991 59.9963484579083 78.8534811639222 65.4968659992166 20.108538774346 0.297278975445409 -0.018131898389019
91.8999999999991 60.0632831472 78.8971683809252 65.5073604694814 20.1581527420866 0.29371525632292 -0.0179070069096919
91.999999999999 60.1303658608581 78.9414246313291 65.5189137298211 20.2072240875689 0.290132016285324 -0.0175216176173255
92.099999999999 60.1975976277062 78.9862321905115 65.5315146713961 20.2557380998237 0.28653355081632 -0.0169843962036768
92.199999999999 60.2649792566009 79.0315733378884 65.5451517989354 20.3036807011249 0.282923869481207 -0.016303986143441
92.299999999999 60.3325113400036 79.077430366571 65.5598132579983 20.3510384547377 0.279306800482078 -0.0154756443005414
92.399999999999 60.4001942556094 79.1237855912803 65.5754868617168 20.3977985697239 0.275685969399097 -0.0144942461894557
92.499999999999 60.4680281692418 79.1706213561953 65.5921601175182 20.4439489056328 0.272064782469393 -0.013354268672341
92.599999999999 60.5360130390791 79.2179200427999 65.6098202538467 20.4894779771929 0.26844641271973 -0.0120497707775839
92.699999999999 60.6041486211481 79.2656640777317 65.6284542468864 20.5343749590036 0.264833788840385 -0.0105743723990557
92.799999999999 60.672434476018 79.313835940629 65.6480488472831 20.5786296902266 0.261229586682399 -0.00892123062966444
92.899999999999 60.7408699766289 79.3624181719787 65.6685906068669 20.6222326792771 0.257636223258213 -0.00708301343849928
92.999999999999 60.8094543171894 79.4113933809646 65.6900659053744 20.6651751085159 0.254055853129965 -0.00505187038109482
93.099999999999 60.8781865230812 79.4607442532906 65.7124609771397 20.7074488389882 0.250490119997455 -0.00280580732505886
93.199999999999 60.9470654617318 79.5104535583882 65.7357619369693 20.7490464164099 0.246939419870944 -0.000321669805427313
93.299999999999 61.0160898542468 79.5605041550562 65.7599548039476 20.7899610803169 0.243403655355399 0.00241120373370822
93.399999999999 61.0852582873898 79.6108789964835 65.7850255244254 20.8301867744609 0.239882496395557 0.0054044330725948
93.499999999999 61.1545692257624 79.661561135248 65.8109599949778 20.8697181572536 0.236375394742464 0.00867069924768077
93.599999999999 61.2240210241536 79.7125337283162 65.8377440853622 20.9085506122101 0.232881599647092 0.0122238601688949
93.699999999999 61.2936119400349 79.7637800420417 65.8653636614759 20.9466802583933 0.229400174805306 0.0160790801768784
93.7999999999989 61.3633401461816 79.8152834571644 65.8938046083138 20.984103960857 0.225930016600644 0.0202529749852737
93.8999999999989 61.4332037434064 79.8670274738096 65.9230528529263 21.0208193410906 0.222469873719638 0.0247637735369662
93.9999999999989 61.5032007733974 79.9189957164872 65.953094387377 21.0568247874622 0.21901836824297 0.0296314983953203
94.0999999999989 61.5733292315149 79.9711719390383 65.9839152916478 21.0921194655052 0.215574258621411 0.0348226539506624
94.1999999999989 61.6435870760572 80.02354002823 66.0155017551765 21.1267033241086 0.212137278597495 0.0403019295136501
94.2999999999989 61.7139722286292 80.0760840039147 66.0478400949224 21.1605770913084 0.20870759177125 0.0460891163295635
94.3999999999989 61.7844825715986 80.1287880178382 66.0809167720645 21.1937422659839 0.205285571745113 0.0522054333966067
94.4999999999989 61.8551159462639 80.1816363523942 66.1147184086468 21.2262011093953 0.201871799547958 0.0586735955710766
94.5999999999989 61.9258701519092 80.2346134193801 66.1492318042238 21.2579566367224 0.198467063250799 0.0655178748120282
94.6999999999989 61.9967429457771 80.2877037587518 66.1844439525058 21.2890126086023 0.195072359914766 0.072764150551555
94.7999999999989 62.0677320439869 80.340892037379 66.2203420580046 21.3193735226681 0.191688900017677 0.0804399439955775
94.8999999999989 62.1388351234274 80.3941630478008 66.2569135526787 21.3490446050864 0.18831811451443 0.088574429708308
94.9999999999989 62.2100498246503 80.4475017069803 66.2941461125789 21.378031802096 0.184961664690276 0.097198416023129
95.0999999999989 62.2813737556654 80.5008930550362 66.3320276743594 21.4063417714581 0.18162134128295 0.106251107952118
95.1999999999989 62.3528044935553 80.5543222533461 66.3705464483043 21.4339818716251 0.178298792828375 0.115666961747432
95.2999999999989 62.4243395789248 80.6077745810577 66.4096909225047 21.4609601451173 0.17499596634572 0.125471246376774
95.3999999999989 62.4959765081319 80.6612354309716 66.449449863552 21.4872852996182 0.17171522863285 0.135689546532005
95.4999999999988 62.5677127264321 80.714690305401 66.4898123170963 21.5129666889818 0.168459361444397 0.146347443200649
95.5999999999988 62.6395456221975 80.7681248120306 66.5307676084042 21.53801429424 0.165231558991083 0.157470103750595
95.6999999999988 62.71147252224 80.8215246597762 66.5723053429181 21.5624387046101 0.162035427656105 0.169081763300357
95.7999999999988 62.7834906882644 80.8748756546434 66.6144154068141 21.5862510985021 0.158874987753944 0.181205077145436
95.8999999999988 62.8555973144707 80.9281636955873 66.6570879675608 21.6094632245258 0.155754677067917 0.1938603224119
95.9999999999988 62.9277895263211 80.9813747703712 66.7003134744775 21.6320873824989 0.152679355796439 0.207064426235771
96.0999999999988 63.0000643804748 81.034494951432 66.7440826592629 21.6541364044778 0.14965416555758 0.220825681229534
96.1999999999988 63.0724188657139 81.0875103918861 66.7883865357455 21.6756236364141 0.146684098120464 0.235149850746018
96.2999999999988 63.1448499044978 81.1404073218976 66.8332163976576 21.6965629213973 0.143774448324811 0.250042021423064
96.3999999999988 63.2173543553097 81.1931720451868 66.8785638156325 21.7169685835223 0.140930968769207 0.265499449969515
96.4999999999988 63.289929015951 81.2457909355459 66.9244206341701 21.736855411781 0.138159874999645 0.281509670985162
96.5999999999988 63.3625706277938 81.2982504333532 66.9707789686038 21.7562386439535 0.135467847447608 0.298048381069596
96.6999999999988 63.4352758809945 81.3505370420886 67.0176312020665 21.7751339505004 0.132862028602695 0.315077131460103
96.7999999999988 63.5080414206675 81.4026373248476 67.0649699824575 21.7935574184534 0.13035001365731 0.332540889914701
96.8999999999988 63.5808638540141 81.4545379008573 67.1127882194084 21.8115255353078 0.127939832630452 0.350365568754193
96.9999999999988 63.6537397584016 81.5062254419901 67.1610790812496 21.8290551729133 0.125639921792934 0.368455659491608
97.0999999999988 63.7266656902721 81.557686669275 67.2098359918538 21.8461635712559 0.123459020793865 0.386539480651246
97.1999999999988 63.799638192087 81.6089083492955 67.2590526242796 21.8628683193733 0.121405884892717 0.404311136452764
97.2999999999987 63.8726537928234 81.6598772903022 67.3087228862925 21.8791873289973 0.119489296935643 0.421590431561717
97.3999999999987 63.9457090064086 81.7105803382134 67.3588409026868 21.8951388053303 0.11771799345772 0.438177619870658
97.4999999999987 64.0188003308109 81.7610043726106 67.4094009974838 21.9107412177115 0.11610052519742 0.453856898831353
97.5999999999987 64.0919242478334 81.8111363027347 67.4603976761305 21.9260132702834 0.114645105329994 0.468401490917828
97.6999999999987 64.1650772235439 81.8609630634821 67.5118256076979 21.9409738726581 0.113359448628758 0.481580304331865
97.7999999999987 64.2382557092669 81.9104716114005 67.5636796070797 21.9556421105836 0.112250606136811 0.493165998993723
97.8999999999987 64.3114561430639 81.9596489206847 67.6159546171907 21.9700372166104 0.11132480121567 0.502944093826831
97.9999999999987 64.3846749516211 82.0084819791729 67.6686456911652 21.9841785407576 0.110587273859481 0.5107225628208
98.0999999999987 64.4579085524935 82.0569577843695 67.721747974553 21.9980855212452 0.110041980913961 0.516409879646475
98.1999999999987 64.531153357324 82.1050633401736 67.7752566874476 22.0117776569366 0.109691040979142 0.519967352852923
98.2999999999987 64.6044057770152 82.152785655397 67.8291671064426 22.0252744841242 0.109535206572436 0.521337884304361
98.3999999999987 64.677662227546 82.2001117429878 67.8834745465201 22.038595555025 0.109573995900429 0.520510759511073
98.4999999999987 64.7509191356346 82.2470286192809 67.9381743429374 22.0517604163419 0.109805688722791 0.517522273067676
98.5999999999987 64.8241729441587 82.2935233032488 67.9932618331126 22.0647885878256 0.110227355793121 0.512453761606222
98.6999999999987 64.8974201172699 82.3395828157519 68.0487323385108 22.077699540836 0.110834920140694 0.505427243761171
98.7999999999987 64.9706571451398 82.3851941787891 68.1045811465304 22.090512676904 0.111623246574624 0.496599097429237
98.8999999999987 65.0438805482749 82.4303444147484 68.1608034923889 22.1032473062926 0.112586254305325 0.486152368715495
98.9999999999987 65.1170868813399 82.4750205456576 68.2173945410093 22.1159226265591 0.113717046621567 0.474288384373897
99.0999999999986 65.1902727364246 82.5192095924567 68.2743493688853 22.1285577011168 0.115007939548525 0.461219429264833
99.1999999999986 65.2634347456199 82.5628985748417 68.3316629454099 22.1411714378202 0.11645027403537 0.447166551935268
99.2999999999986 65.3365695826787 82.606074512558 68.3893301128406 22.1537825676044 0.118034902115566 0.432346956370387
99.3999999999986 65.4096739637375 82.6487244272655 68.4473455657281 22.1664096231481 0.119752443392664 0.416965563264699
99.4999999999986 65.4827446470938 82.6908353444252 68.5057038303232 22.179070917536 0.121593418829583 0.40121072343523
99.5999999999986 65.5557784319829 82.7323942951857 68.5643992439855 22.1917845229223 0.123548371345168 0.385251394241247
99.6999999999986 65.628772156301 82.7733883182708 68.6234259345903 22.2045682491935 0.125607972077826 0.369235636252692
99.7999999999986 65.7017226932235 82.8138044618651 68.6827777999364 22.2174396226317 0.127763112165415 0.353290224189103
99.8999999999986 65.7746269466717 82.8536297855016 68.7424484871543 22.2304158645773 0.130004980661799 0.337521138784079
99.9999999999986 65.8474818455834 82.8928513619484 68.8024313721131 22.2435138700925 0.132325129763092 0.322014706943152
100.099999999999 65.9202843370118 82.9314562791353 68.8627195388657 22.2567501866794 0.134715496299707 0.306893142832483
100.199999999999 65.993031379565 82.9694316431325 68.9233057600472 22.2701409944393 0.137168346065237 0.292258619910158
100.299999999999 66.0657199396265 83.0067645837955 68.9841824796985 22.2837020898877 0.13967639740484 0.278143126962874
100.399999999999 66.1383469878514 83.0434422614621 69.0453417970435 22.2974488712109 0.142232870092977 0.26456642805725
100.499999999999 66.2109094943755 83.0794518736884 69.1067754503034 22.3113963235771 0.144831496911854 0.251538077873693
100.599999999999 66.2834044226681 83.114780661986 69.1684748005117 22.3255590044481 0.147466532089931 0.239059254275735
100.699999999999 66.3558287220247 83.1494159185588 69.2304308153278 22.3399510288904 0.150132757900868 0.227124387253723
100.799999999999 66.4281793187016 83.1833449930395 69.2926340528517 22.3545860548867 0.152825490516606 0.215722579515698
100.899999999999 66.5004531056987 83.2165552992263 69.3550746454387 22.3694772686477 0.155540586012899 0.204838825090141
100.999999999999 66.5726469312046 83.2490343218201 69.4177422835132 22.3846373699231 0.158274447255727 0.194455039416424
101.099999999999 66.6447575858779 83.2807696231644 69.4806261995328 22.4000785574438 0.161024332664913 0.184616423984856
101.199999999999 66.7167817930211 83.3117488500848 69.5437151558296 22.4158125177654 0.163789196119167 0.175356288860237
101.299999999999 66.7887162083262 83.341959740978 69.6069974422979 22.4318504227428 0.166568656035187 0.166638268391198
101.399999999999 66.8605574231498 83.3713901329992 69.6704608779591 22.4482029304064 0.169362656595503 0.15842786654962
101.499999999999 66.9323019674326 83.4000279692534 69.7340928126768 22.464880185969 0.172171448175067 0.15069251803962
101.599999999999 67.0039463121484 83.4278613059873 69.7978801288708 22.4818918228327 0.174995570325235 0.143401599734904
101.699999999999 67.0754868713313 83.45487831978 69.8618092432323 22.499246963595 0.177835837099235 0.136526405623579
101.799999999998 67.1469200037247 83.4810673147348 69.9258661084381 22.5169542210565 0.180693324509419 0.130040095597691
101.899999999998 67.2182420140993 83.5064167296702 69.9900362148652 22.5350216992268 0.183569359916484 0.123917626139587
101.999999999998 67.2894491542848 83.5309151453118 70.0543045923058 22.5534569943318 0.186465513163077 0.118135669103206
102.099999999998 67.3605376239614 83.5545512915297 70.118655811676 22.5722671957791 0.189383353472575 0.112657506556029
102.199999999998 67.4315035712261 83.577314055789 70.1830739865883 22.591458886049 0.192323730185396 0.107450903847206
102.299999999998 67.5023430927801 83.5991924946768 70.2475427745743 22.6110381378594 0.195287468490921 0.102501071313218
102.399999999998 67.5730522335577 83.6201758466416 70.3120453781704 22.6310105102562 0.198275607546573 0.0977939842279204
102.499999999998 67.6436269857834 83.6402535447792 70.3765645459985 22.6513810446621 0.201289406006468 0.093316367233716
102.599999999998 67.7140632874836 83.6594152296186 70.4410825738461 22.6721542609264 0.20433034887665 0.0890556734842324
102.699999999998 67.7843570204812 83.677650761908 70.5055813057469 22.6933341533732 0.207400155669319 0.0850000599908209
102.799999999998 67.8545040079043 83.6949502354005 70.5700421350608 22.7149241868514 0.210500789835394 0.0811383603843686
102.899999999998 67.9245000112404 83.7113039896405 70.6344460055549 22.7369272927834 0.21363446945596 0.0774600560423207
102.999999999998 67.9943407269698 83.726702622749 70.6987734124834 22.7593458652141 0.216803679178877 0.0739552463435753
103.099999999998 68.0640217830337 83.7411370042348 70.7630044038473 22.7821817570013 0.22001123075272 0.0706606635213618
103.199999999998 68.1335387406003 83.7545982884467 70.8271185863068 22.8054362796635 0.223260242182939 0.0676111780263608
103.299999999998 68.2028871099806 83.7670779296554 70.8910951429055 22.8291102125175 0.226553682639948 0.0647953932279403
103.399999999998 68.2720623722435 83.7785676977776 70.954912855449 22.8532038154726 0.229894258919881 0.0622029607409693
103.499999999998 68.3410600011408 83.789059694124 71.0185501270607 22.8777168419675 0.233284392567379 0.0598244824155858
103.599999999998 68.4098754850931 83.7985463671482 71.0819850047389 22.9026485519061 0.236726197865216 0.0576514238103141
103.699999999998 68.4785043491975 83.8070205281953 71.1451952019137 22.9279977245934 0.240221460581154 0.0556760381370603
103.799999999998 68.5469421772134 83.8144753672499 71.2081581210032 22.9537626716716 0.243771617389261 0.0538912997274555
103.899999999998 68.6151846334772 83.8209044686851 71.2708508759705 22.9799412500564 0.247377735905899 0.0522908461438855
103.999999999998 68.683227484689 83.8263018270106 71.3332503148805 23.0065308748726 0.251040495306733 0.0508689281142638
104.099999999998 68.751066621566 83.830661862543 71.3953330424917 23.0335285324512 0.25476051721373 0.0496208951443458
104.199999999998 68.8186980816266 83.8339794350318 71.4570754437704 23.0609307948949 0.258539351773723 0.0485414824521763
104.299999999998 68.8861180754612 83.8362498520988 71.518453709745 23.0887338386305 0.262378323371937 0.0476249696035152
104.399999999998 68.9533230147853 83.8374688756337 71.5794438642812 23.1169334645291 0.26627813286004 0.046866273997304
104.499999999998 69.0203095409949 83.8376327281109 71.6400217908939 23.1455251180892 0.27023881947132 0.0462608946092993
104.599999999998 69.0870745540852 83.8367380989067 71.7001632595585 23.174503909617 0.274259722632413 0.0458048641975859
104.699999999998 69.1536152418333 83.8347821506161 71.7598439535217 23.2038646344094 0.278339443839081 0.045494708935099
104.799999999998 69.2199291091353 83.8317625253702 71.8190394961137 23.2336017929349 0.282475808825507 0.0453274145504976
104.899999999998 69.2860140073807 83.8276773511528 71.8777254775585 23.2637096110154 0.286665830326334 0.0453003981670939
104.999999999998 69.3518681637341 83.8225252481176 71.9358774817862 23.2941820600086 0.290905671809115 0.0454114851183568
105.099999999998 69.4174902102013 83.8163053349759 71.993471113279 23.3250128769702 0.295190233563122 0.045662501988588
105.199999999998 69.4828792126752 83.809017237226 72.0504820248406 23.3561955843356 0.29951195756291 0.0460565131519455
105.299999999998 69.548034700067 83.8006611000552 72.1068859477058 23.3877235083754 0.303861896635301 0.0465937770446892
105.399999999998 69.6129566922805 83.7912376030837 72.1626587225721 23.4195897971696 0.308230074169949 0.0472749393152282
105.499999999998 69.6776457263354 83.7807479751797 72.2177763306668 23.4517874385631 0.312605477841031 0.0481010487406245
105.599999999998 69.7421028803927 83.7691940092732 72.2722149248147 23.4843092781206 0.316976060604299 0.0490735753874165
105.699999999998 69.8063297954474 83.756578077171 72.3259508605049 23.517148037082 0.321328750098103 0.0501944311380183
105.799999999998 69.8703286944453 83.7429031443712 72.3789607269584 23.5502963303179 0.325649467617289 0.0514659928100359
105.899999999998 69.9341023985793 83.7281727848778 72.4312213781949 23.5837466842846 0.329923157837493 0.052891128197504
105.999999999998 69.9976543405151 83.712391196015 72.4827099641004 23.6174915549798 0.33413383044209 0.0544732254722081
106.099999999998 70.0609885743865 83.6955632131185 72.533403961533 23.6515233459408 0.338265013819047 0.0561875723833331
106.199999999998 70.1241097845597 83.677694321011 72.5832812064388 23.6858344273749 0.342300927511916 0.0580090643608708
106.299999999998 70.1870232968915 83.6587906573167 72.6323199285301 23.7204171581595 0.346225189539048 0.0599412523546229
106.399999999998 70.2497350892906 83.638859012561 72.6804987869736 23.7552639089739 0.350020460218499 0.061988166070062
106.499999999998 70.3122517992397 83.6179068301458 72.7277969061169 23.7903670854741 0.35366852275826 0.0641543483705913
106.599999999998 70.3745807279308 83.5959422063253 72.7741939112159 23.8257191514681 0.35715038058896 0.0664448963665384
106.699999999998 70.4367298407524 83.5729738901821 72.8196699641612 23.8613126520909 0.36044637187939 0.0688655101331945
106.799999999998 70.4987077638869 83.5490112836022 72.8642057992049 23.8971402369791 0.363536301336284 0.0714225501532405
106.899999999998 70.5605237767891 83.5240644412516 72.9077827586877 23.9331946834467 0.366399588997059 0.0741231047632246
106.999999999998 70.6221878003418 83.4981440705512 72.9503828287658 23.9694689196593 0.369015435276405 0.0769750690856475
107.099999999998 70.6837103803588 83.4712615315042 72.9919886749283 24.0059560476832 0.371364244114436 0.0799132251979479
107.199999999998 70.7451026626562 83.4434288326483 73.0325836720773 24.0426493632402 0.373431707576398 0.0828686429184791
107.299999999998 70.8063763547251 83.4146586171757 73.0721519208052 24.079542367103 0.375205524920927 0.0858443277222446
107.399999999998 70.8675436814605 83.3849641451778 73.110678258234 24.116628773198 0.376674323332336 0.0888433630238202
107.499999999998 70.9286173391139 83.3543592757422 73.1481482686454 24.1539025165807 0.377827772270389 0.091868976110019
107.599999999998 70.9896104477542 83.3228584490487 73.184548294111 24.1913577614116 0.378656690660922 0.0949246061631545
107.699999999998 71.050536502386 83.2904766684658 73.2198654451228 24.2289889089317 0.37915314473477 0.0980139745902063
107.799999999998 71.1114093228911 83.2572294826476 73.2540876112236 24.2667906054384 0.379310534453026 0.1011411579019
107.899999999998 71.1722430029809 83.2231329676292 73.2872034716366 24.3047577502611 0.379123666636273 0.104310663387441
107.999999999998 71.2330518583585 83.1882037089243 73.3192025058962 24.3428855037369 0.378588813168021 0.10752750789528
108.099999999998 71.2938503743237 83.1524587836391 73.3500750045528 24.3811692951716 0.37770335761209 0.110781216102557
108.199999999998 71.3546531534384 83.1159157430693 73.3798120818181 24.4196048304184 0.376464612818336 0.114063659726003
108.299999999998 71.4154748638 83.0785925965181 73.408405693135 24.4581880984848 0.374870989748151 0.117384562514925
108.399999999998 71.4763301869855 83.040507795596 73.4358486546891 24.4969153777575 0.372922403655335 0.120754753421025
108.499999999998 71.5372337653702 83.0016802185385 73.4621346629939 24.5357832422128 0.37062027344884 0.124186298555681
108.599999999998 71.59820014905 82.9621291545252 73.4872583144761 24.5747885676262 0.36796750282675 0.127692646104506
108.699999999998 71.6592437426243 82.921874287997 73.5112151250612 24.6139285377827 0.364968443563486 0.131288786996924
108.799999999998 71.7203787521 82.8809356829749 73.5340015497587 24.6532006506868 0.361628841757312 0.13499143470459
108.899999999998 71.7816191321781 82.8393337673781 73.555615002248 24.6926027247727 0.35795576823871 0.138819228246443
108.999999999998 71.8429785341809 82.7970893173418 73.5760538744633 24.7321329051142 0.353957534710172 0.142792963267641
109.099999999998 71.9044702548246 82.7542234413698 73.5953175559363 24.771789669493 0.349645062111006 0.146822898078547
109.199999999998 71.9661071849769 82.7107575601731 73.6134064468252 24.8115718307817 0.345036102099438 0.150808352636291
109.299999999998 72.0279017579797 82.6667133755568 73.6303219549145 24.8514785299708 0.340150564735015 0.154755814329139
109.399999999998 72.0898659014215 82.6221128349949 73.6460664863023 24.8915092255109 0.335008819746636 0.158672256570194
109.499999999998 72.1520109940339 82.5769780960372 73.6606434358434 24.9316636825128 0.329631480822763 0.162565200628201
109.599999999998 72.2143478277606 82.5313314907183 73.6740571775932 24.9719419619471 0.324039200861754 0.166442777872853
109.699999999998 72.2768865749409 82.4851954899643 73.6863130552515 25.012344409845 0.318252480915185 0.170313794796761
109.799999999998 72.3396367605141 82.4385926680019 73.6974173726059 25.0528716464977 0.312291494993949 0.174187803376478
109.899999999998 72.4026072391131 82.3915456667651 73.7073773839755 25.0935245556571 0.30617593233169 0.17807517955122
109.999999999998 72.4658061768841 82.3440771603042 73.7162012846551 25.1343042737355 0.299924858150178 0.181987212851028
110.099999999998 72.5292410377337 82.2962098192815 73.723898201216 25.1752121789603 0.29355709719971 0.185966491933413
110.199999999998 72.5929185710254 82.2479662777731 73.7304781781153 25.2162498793448 0.287092721103216 0.190052343022356
110.299999999998 72.656844796507 82.1993691059203 73.7359521549301 25.2574191976542 0.280551569030753 0.194252120311626
110.399999999998 72.7210249914007 82.1504407848861 73.7403319398989 25.2987221551876 0.27395265676331 0.198573444591198
110.499999999998 72.7854636823609 82.1012036819004 73.7436301833208 25.3401609555148 0.267314088477346 0.203024181492011
110.599999999998 72.850164642131 82.051680025305 73.7458603509555 25.3817379682132 0.260652988238687 0.207612418749153
110.699999999998 72.9151308906063 82.0018918795985 73.7470366974216 25.4234557126039 0.253985449901129 0.212346442865149
110.799999999998 72.9803646999935 81.9518611204818 73.7471742395972 25.4653168414888 0.2473265038709 0.217234715606169
110.899999999998 73.0458676037601 81.9016094099025 73.7462887300182 25.5073241248871 0.24069009903659 0.222285850835932
110.999999999998 73.1116404090588 81.8511581711007 73.7443966302786 25.5494804337719 0.234089098071831 0.227508592327184
111.099999999998 73.1776832123206 81.8005285636495 73.7415150844949 25.5917887238097 0.227534996214427 0.232912458820895
111.199999999998 73.2439954177341 81.7497414583854 73.7376618944818 25.6342520191647 0.221037086258298 0.238512296604392
111.299999999998 73.3105757581707 81.698817412059 73.7328554992674 25.6768733964705 0.214603373047868 0.244325966549655
111.399999999998 73.3774223179557 81.6477766418757 73.7271149563198 25.7196559688669 0.208240902804918 0.250372893307393
111.499999999998 73.4445325571476 81.596639000031 73.720459922838 25.7626028700393 0.201955805661944 0.256674321825785
111.599999999998 73.5119033371054 81.5454239482471 73.7129106370439 25.8057172382581 0.19575334106748 0.263253625087843
111.699999999998 73.5795309471428 81.494150532309 73.7044878994736 25.8490022004185 0.18963794511386 0.270136673359206
111.799999999998 73.6474111320771 81.4428373566004 73.6952130542693 25.8924608560793 0.183613278991757 0.27735227751267
111.899999999998 73.7155391205017 81.3915025586393 73.6851079704704 25.9360962615031 0.177682277934034 0.284932721827866
111.999999999998 73.7839096536165 81.3401637836152 73.6741950233056 25.9799114136951 0.171847200168616 0.292914405204823
112.099999999998 73.8525170144024 81.2888381590581 73.6624970753919 26.0239092344642 0.166110099647267 0.301422079457462
112.199999999998 73.9213550552722 81.2375422729936 73.6500374555331 26.0680925550346 0.160474231774998 0.310582128130037
112.299999999998 73.9904172215648 81.1862921609423 73.6368399314243 26.1124641020568 0.154942972650592 0.320439537894804
112.399999999998 74.05969657397 81.1351032964045 73.6229286799564 26.1570264841702 0.149519452713113 0.331042913760603
112.499999999998 74.1291858116106 81.0839905814779 73.6083282574264 26.2017821785861 0.144206593172935 0.342444638241545
112.599999999998 74.1988772957272 81.0329683374763 73.5930635697501 26.2467335176715 0.139007142848964 0.354700992203944
112.699999999998 74.2687630738539 80.9820502955472 73.5771598426729 26.2918826755323 0.133923715180894 0.367872217899987
112.799999999998 74.3388349043705 80.9312495872908 73.5606425919819 26.3372316545968 0.128958825220015 0.382022498622349
112.899999999998 74.4090842813304 80.8805787353775 73.5435375937166 26.3827822721995 0.12411492642294 0.397219821775909
112.999999999998 74.4795024594636 80.8300496441666 73.5258708543813 26.4285361471638 0.119394447086818 0.413535682792858
113.099999999998 74.5500804791821 80.7796735904974 73.5076685812718 26.4744946864982 0.114799774434429 0.431365788295152
113.199999999998 74.6208091894903 80.7294612189781 73.4889571558131 26.5206590749981 0.11033341363867 0.451167597222666
113.299999999998 74.6916792655244 80.6794225486927 73.4697631145371 26.5670302722293 0.105998698879388 0.473111434855711
113.399999999998 74.7626812239454 80.6295669844054 73.4501131330707 26.6136090124181 0.101800023121829 0.497368295112294
113.499999999998 74.8338054382211 80.5799033279382 73.4300340102396 26.6603958044536 0.097742959227593 0.524101783995196
113.599999999998 74.9050421539024 80.5304397895484 73.4095526521723 26.7073909318898 0.0938343884033183 0.553456237003424
113.699999999998 74.9763815039115 80.481183999306 73.3886960564037 26.7545944529476 0.0900826313566947 0.585539879307835
113.799999999998 75.0478135238571 80.4321430184715 73.3674912959787 26.8020062005173 0.0864975743868962 0.620401844773673
113.899999999998 75.1193281673904 80.3833233508732 73.3459655035564 26.8496257821605 0.0830907783632076 0.65800204875514
113.999999999998 75.1909153216099 80.3347309542846 73.3241458555136 26.8974525801122 0.0798755530591053 0.698173513683935
114.099999999998 75.2625648225283 80.2863712517726 73.3020595561133 26.9454857512923 0.0768667691343428 0.740679556714735
114.199999999998 75.334266470751 80.2382491422714 73.2797338233455 26.9937242275472 0.0740802473210495 0.785118192427249
114.299999999998 75.4060100475518 80.1903690091928 73.257195879017 27.0421667164798 0.0715333338134847 0.83075448470483
114.399999999998 75.4777853310397 80.142734728263 73.2344729405133 27.0908117025095 0.0692448372362575 0.876559175186906
114.499999999998 75.5495821122837 80.0953496753296 73.2115922126259 27.1396574479419 0.0672345568342638 0.92119333795869
114.599999999998 75.6213902114236 80.0482167341688 73.1885808793785 27.1887019940382 0.0655225950464088 0.963033340349246
114.699999999998 75.6931994938016 80.0013383042923 73.1654660958541 27.2379431620845 0.0641284548249373 1.00025177092449
114.799999999998 75.7649998861472 79.954716308754 73.1422749800218 27.2873785544614 0.0630699624997981 1.03096179944714
114.899999999998 75.8367813928445 79.9083522019574 73.1190346045633 27.3370055557132 0.0623621066605573 1.0534161640873
114.999999999998 75.9085341123104 79.8622469774624 73.0957719886999 27.3868213336175 0.0620159297171427 1.06623086269013
115.099999999998 75.9802482534659 79.8164011759003 73.0725140900846 27.4368228403228 0.0620381525359008 1.06870089780274
115.199999999998 76.0519141512826 79.7708148956903 73.049287798392 27.487006815262 0.0624323325664096 1.06066373289789
115.299999999998 76.1235222798617 79.7254878108697 73.0261199332186 27.5373697925725 0.0631973617537943 1.04247406963214
115.399999999998 76.1950632649389 79.6804191917259 73.0030372436805 27.5879081102925 0.0643271577564126 1.01512369607427
115.499999999998 76.2665278969492 79.635607925536 72.9800664080775 27.638617919625 0.0658112418982759 0.980085727844577
115.599999999998 76.3379071447385 79.5910525373067 72.9572340335561 27.6894951942022 0.067635615714131 0.939107201037066
115.699999999998 76.4091921699551 79.546751210514 72.934566655773 27.7405357393499 0.0697837874237489 0.893999528704358
115.799999999998 76.4803743421582 79.5027018078432 72.9120907385586 27.7917352013518 0.0722378031538054 0.846465988833715
115.899999999998 76.5514452546708 79.4589018919284 72.8898326735802 27.8430890767133 0.0749791705524476 0.797986227002693
115.999999999998 76.6223967412039 79.4153487460924 72.8678187800059 27.8945927214264 0.0779896079684294 0.749759176502198
116.099999999998 76.6932208932873 79.3720393950319 72.8460753041996 27.9462413602171 0.0812515375293062 0.702817566931568
116.199999999998 76.7639100788082 79.3289706240854 72.8246284202541 27.9980300953608 0.0847483714499835 0.657907306978022
116.299999999998 76.8344569621151 79.2861389949012 72.8035042326478 28.0499539144009 0.0884650404806112 0.61540913895275
116.399999999998 76.9048545252497 79.2435408596894 72.7827287797385 28.1020076974353 0.0923881102571814 0.575520168747412
116.499999999998 76.9750960900573 79.2011723754181 72.7623280372904 28.1541862243858 0.0965057217531471 0.538300879707247
116.599999999998 77.0451753412011 79.1590295180098 72.7423279219989 28.2064841822682 0.10080747251556 0.503715204864205
116.699999999998 77.1150863501155 79.1171080965383 72.722754295018 28.2588961724618 0.105284263196019 0.471662626040759
116.799999999998 77.1848235999272 79.075403767425 72.7036329654856 28.3114167179791 0.109928126928175 0.442002691349825
116.899999999998 77.2543820113712 79.0339120486358 72.6849896940502 28.3640402707356 0.114732053339117 0.41457301064835
116.999999999998 77.3237569697226 78.9926283338775 72.6668501963965 28.4167612188196 0.119689814575894 0.389201987534422
117.099999999998 77.3929443527762 78.9515479067331 72.6492401467624 28.4695738937312 0.124795654798926 0.365799928424157
117.199999999998 77.4619405602583 78.9106659532071 72.6321851811984 28.522472576819 0.130043746118593 0.344274271264243
117.299999999998 77.5307425452277 78.8699775702336 72.6157109001784 28.5754515036825 0.135428534658431 0.324454086957136
117.399999999998 77.5993478467834 78.8294777725941 72.5998428709536 28.6285048677722 0.140944736125509 0.306178870574897
117.499999999998 77.6677546236753 78.789161499774 72.584606629897 28.6816268239587 0.146587186288142 0.289299922715469
117.599999999998 77.7359616887841 78.7490236228194 72.5700276848471 28.7348114921026 0.152350700130688 0.273680808668924
117.699999999998 77.8039685444432 78.7090589511939 72.5561315174531 28.7880529606235 0.158229938737246 0.259197220504229
117.799999999998 77.8717754185592 78.6692622396349 72.5429435855182 28.8413452900692 0.164219283005474 0.245736471057086
117.899999999998 77.939383301479 78.6296281950105 72.5304893253446 28.8946825166858 0.170312713446282 0.23319677805673
117.999999999998 78.0067939835319 78.5901514831761 72.5187941540775 28.9480586559862 0.176503695545769 0.221486445350042
118.099999999998 78.0740100931676 78.5508267357969 72.5078834720417 29.0014677063019 0.182785007614156 0.210561314724999
118.199999999998 78.1410351357494 78.511648556285 72.4977826648815 29.0549036518622 0.189148462499677 0.200381746876139
118.299999999998 78.2078735331119 78.4726115234873 72.4885171052001 29.1083604646754 0.195585020150351 0.190875701660557
118.399999999998 78.2745306634267 78.4337101944889 72.4801121540028 29.1618321059381 0.202084757441488 0.181978325074322
118.499999999998 78.3410129010309 78.3949391073815 72.4725931621309 29.2153125274268 0.208636779347679 0.173631261938844
118.599999999998 78.407327656024 78.3562927840319 72.4659854716981 29.2687956728887 0.215229139297958 0.165782020085809
118.699999999998 78.4734834134167 78.3177657328509 72.4603144175244 29.3222754794333 0.22184877021202 0.158383390026559
118.799999999998 78.5394897715937 78.2793524515617 72.4556053285718 29.3757458789234 0.228481427986514 0.151392920536662
118.899999999998 78.6053574798278 78.241047429969 72.451883529379 29.4292007993664 0.235111649443075 0.144772448288217
118.999999999998 78.6710984745564 78.2028451527271 72.4491743414966 29.4826341663055 0.241722726940806 0.138487678326222
119.099999999998 78.7367259141145 78.1647401020853 72.4475030849104 29.5360399041991 0.248296638780422 0.132529507555273
119.199999999998 78.8022542116927 78.1267267600177 72.4468950791531 29.5894119374876 0.254813880145253 0.126890100552034
119.299999999998 78.8676990662873 78.0887996087913 72.4473756436282 29.6427441908673 0.26125370127819 0.12154189770617
119.399999999997 78.9330774910447 78.0509531309192 72.4489700976224 29.6960305892526 0.267594237248967 0.116460012227993
119.499999999997 78.9984078384956 78.0131818090896 72.4517037603063 29.7492650577259 0.273812601532188 0.111621992945249
119.599999999997 79.0637098222888 77.9754801260957 72.4556019507352 29.802441521487 0.279885009450691 0.107007611900128
119.699999999997 79.129004535033 77.9378425647648 72.4606899878493 29.8555539058031 0.285786932353126 0.102598673998328
119.799999999997 79.1943144618681 77.9002636078878 72.466993190475 29.9085961359589 0.291493282667462 0.0983788459970611
119.899999999997 79.259663489398 77.8627377381484 72.4745368773249 29.961562137206 0.296978629111733 0.0943335022678527
119.999999999997 79.3250769096449 77.8252594380528 72.4833463669989 30.0144458347132 0.30221744035877 0.0904495849114898
