#t s x y z curvature torsion
5 0 66.4052855204804 77.822623395192 0.854973459712275 0.064095558236285 0.173850546033442
5.1 0.0608356807798536 66.4596624560029 77.800077805359 0.839616854677051 0.0638863230828153 0.175553063006471
5.2 0.121639181787362 66.5140934316062 77.7776010889319 0.824479752963034 0.0636836018967602 0.177227728144448
5.3 0.182410916769133 66.5685769353215 77.7551908762054 0.809562180735816 0.0634875322165674 0.178872646830746
5.4 0.243151288721644 66.623111455201 77.7328447975217 0.794864164069987 0.0632982482258218 0.180485917916618
5.5 0.303860690270347 66.6776954793359 77.7105604833142 0.780385728866742 0.0631158806078303 0.182065638922461
5.6 0.364539504049428 66.732327495875 77.68833556415 0.766126900771482 0.0629405563991449 0.183609911459342
5.7 0.425188103081761 66.7870059930425 77.6661676707735 0.752087705091424 0.062772398843436 0.185116846890553
5.8 0.485806851159206 66.8417294591562 77.6440544341494 0.738268166713196 0.0626115272451812 0.186584572155214
5.9 0.54639610322304 66.896496382646 77.6219934855058 0.724668310020448 0.0624580568243246 0.188011235795907
6 0.606956205744451 66.9513052520719 77.5999824563777 0.711288158811454 0.0623120985721363 0.189395014071036
6.1 0.66748749710652 67.0061545561436 77.578018978652 0.698127736211958 0.0621737379714248 0.190717533086252
6.2 0.727990308020581 67.0610427837749 77.5561006846781 0.685187064464424 0.062042969125476 0.191961190274856
6.3 0.788464962027422 67.1159684242257 77.5342252075414 0.672466164403507 0.0619197540225403 0.19312548270366
6.4 0.848911776025642 67.1709299672796 77.5123901814012 0.659965054807925 0.0618040430702191 0.194210096160296
6.49999999999999 0.909331060792215 67.2259259034225 77.4905932418312 0.647683751747573 0.0616957751017811 0.195214908181495
6.59999999999999 0.969723121493504 67.2809547240203 77.46883202616 0.635622267930641 0.0615948774079245 0.196139990013213
6.69999999999999 1.03008825818672 67.3360149214986 77.4471041738117 0.623780612050725 0.0615012657942917 0.19698560760341
6.79999999999999 1.09042676631107 67.39110498952 77.4254073266463 0.612158788133948 0.0614148446642904 0.197752221552253
6.89999999999999 1.15073893716866 67.4462234231633 77.4037391293002 0.600756794886072 0.0613355071272209 0.198440486071772
6.99999999999999 1.21102505839454 67.5013687191022 77.3820972295267 0.589574625039614 0.0612631351313053 0.199051246921498
7.09999999999999 1.27128541441811 67.5565393757853 77.3604792785398 0.578612264692973 0.0611975592042339 0.199564021847625
7.19999999999999 1.33152028697832 67.6117338936814 77.3388829314414 0.567869692441805 0.0611384341471433 0.19996035941226
7.29999999999999 1.39172995578705 67.6669507756844 77.3173058478622 0.557346877983031 0.0610853549900968 0.200244544945246
7.39999999999999 1.45191469923199 67.7221885275825 77.295745692685 0.547043780511108 0.0610378971947723 0.200421180946077
7.49999999999999 1.51207479505338 67.7774456585289 77.2742001367724 0.536960347106293 0.0609956173160902 0.200495163707866
7.59999999999999 1.57221052099173 67.8327206815135 77.2526668576939 0.527096511122917 0.0609580537076534 0.200471659159419
7.69999999999999 1.63232215540551 67.8880121138343 77.2311435404534 0.517452190577661 0.0609247272667347 0.200356078301359
7.79999999999999 1.69240997785833 67.943318477568 77.209627878216 0.508027286537823 0.0608951422139913 0.200154052568651
7.89999999999999 1.75247426967506 67.9986383000421 77.1881175730358 0.498821681509594 0.0608687869035362 0.199871409390688
7.99999999999999 1.81251531446603 68.0539701143054 77.1666103365828 0.489835237826327 0.0608451346587859 0.199514148297647
8.09999999999999 1.87253339862193 68.1093124596019 77.1451038908713 0.481067796028223 0.0608235973543117 0.199081134911153
8.19999999999999 1.93252881184505 68.1646638818939 77.1235959690119 0.472519173018717 0.0608033829261325 0.198573753699512
8.29999999999999 1.99250184781861 68.2200229345141 77.1020843160251 0.464189159654033 0.060783635620671 0.198001991987533
8.39999999999999 2.05245280489595 68.2753881788678 77.0805666896785 0.456077518109446 0.0607634842620129 0.19737593836907
8.49999999999999 2.11238198674011 68.3307581851372 77.0590408613248 0.448183979236952 0.0607420436596002 0.196705755740028
8.59999999999999 2.17228970291015 68.3861315329853 77.0375046167407 0.440508239922935 0.0607184160168066 0.196001659054231
8.69999999999999 2.23217626939392 68.4415068122605 77.0159557569645 0.433049960445845 0.0606916923357882 0.19527389805805
8.79999999999999 2.29204200908679 68.4968826237004 76.9943920991347 0.425808761833864 0.0606609538147573 0.194532745293187
8.89999999999999 2.35188725221594 68.5522575796367 76.9728114773285 0.418784223222578 0.0606252732346144 0.193788489405937
8.99999999999999 2.41171233671004 68.6076303046984 76.9512117433994 0.411975879212648 0.0605837163327288 0.193051434087537
9.09999999999999 2.47151760851584 68.6629994365175 76.9295907678139 0.405383217223749 0.0605353237545836 0.192343013265893
9.19999999999999 2.5313034219064 68.7183636264479 76.9079464404246 0.399005674751435 0.060479055038324 0.191685769318236
9.29999999999998 2.59107013984981 68.7737215403229 76.8862766710872 0.392842636377595 0.0604138497569489 0.191091724207541
9.39999999999998 2.65081813436367 68.8290718592271 76.864579390215 0.386893430683844 0.0603386486236141 0.190572984972855
9.49999999999998 2.71054778680963 68.8844132802684 76.8428525493305 0.381157327161171 0.0602523949733981 0.190141786407162
9.59999999999998 2.77025948812716 68.9397445173511 76.821094121618 0.375633533119594 0.0601540362417115 0.189810541960409
9.69999999999998 2.82995363900641 68.9950643019477 76.7993021024754 0.370321190597812 0.0600425254454554 0.189591903161222
9.79999999999998 2.88963065000196 69.0503713838719 76.7774745100665 0.36521937327286 0.0599168226745923 0.189498828020646
9.89999999999998 2.94929094158719 69.1056645320509 76.755609385873 0.36032708336976 0.0597758966021424 0.18954465897981
9.99999999999998 3.00893494415134 69.1609425352975 76.7337047952464 0.355643248571175 0.0596187260225043 0.189743211104482
10.1 3.06856309794013 69.2162042030824 76.7117588279563 0.351166718934226 0.0594443458934669 0.190120334570433
10.2 3.12817585295087 69.2714483662871 76.6897695986294 0.34689626399366 0.0592519836662643 0.190700509756723
10.3 3.18777366880389 69.3266738779102 76.667735246914 0.342830570338036 0.0590409297052067 0.191496491121738
10.4 3.24735701458606 69.3818796137555 76.6456539375351 0.338968239372259 0.058810494573762 0.19252189901315
10.5 3.30692636866136 69.4370644731192 76.6235238603463 0.335307785087275 0.0585600105479997 0.193791342751253
10.6 3.36648221844995 69.4922273794766 76.6013432303805 0.331847631829778 0.0582888332575488 0.195320556191791
10.7 3.42602506017857 69.5473672811698 76.579110287902 0.328586112071903 0.0579963434740923 0.197126547392549
10.8 3.48555539860352 69.6024831520946 76.5568232984576 0.325521464180928 0.0576819490709091 0.199227764195624
10.9 3.54507374670919 69.6575739923873 76.5344805529275 0.322651830188973 0.0573450871800265 0.201644277866499
11 3.60458062538503 69.7126388291127 76.5120803675776 0.319975253562699 0.0569852265765644 0.204397987039475
11.1 3.66407656308116 69.7676767169489 76.4896210841077 0.317489676991564 0.0566019744961667 0.20749461063558
11.2 3.72356209541834 69.8226867388352 76.4671010696379 0.3151929406585 0.0561953904082306 0.210935148178028
11.3 3.7830377647195 69.8776680065221 76.4445187165346 0.313082781735221 0.0557656731943287 0.214737198164647
11.4 3.84250411953206 69.9326196610828 76.4218724421734 0.311156834359943 0.0553130587750501 0.218920161470565
11.5 3.90196171417716 69.987540873424 76.3991606887001 0.309412629633673 0.0548378225418569 0.223505378427282
11.6 3.9614111083287 70.0424308447957 76.3763819227914 0.307847595616491 0.0543402821036517 0.228516275965071
11.7 4.02085286662512 70.0972888073019 76.3535346354152 0.30645905732383 0.053820800384573 0.233978524557495
11.8 4.08028755831528 70.1521140244107 76.3306173415919 0.305244236722764 0.0532797891154111 0.23992020394521
11.9 4.13971575694103 70.2069057914646 76.3076285801545 0.304200252728284 0.052717712764348 0.246371976107937
12 4.19913804005844 70.2616634361911 76.2845669135097 0.30332412119959 0.0521350929602195 0.253367263059677
12.1 4.25855498899682 70.3163863192107 76.2614309274004 0.302612754963131 0.051532645552528 0.260867859758975
12.2 4.31796718858923 70.3710738344965 76.2382192307207 0.302062964531608 0.0509116732112912 0.268822563825764
12.3 4.37737522677964 70.4257254097095 76.2149304554623 0.301671460589598 0.0502736571655676 0.277247728211504
12.4 4.43677969423992 70.480340506484 76.1915632567133 0.301434857175121 0.0496201250600133 0.286159862506477
12.5 4.49618118407156 70.5349186207125 76.1681163126595 0.301349674887981 0.04895265311475 0.295575370794134
12.6 4.55558029159346 70.5894592828291 76.1445883245846 0.301412344098102 0.0482728683852757 0.305510230535712
12.7 4.61497761421537 70.6439620580942 76.1209780168713 0.301619208153867 0.0475824510955468 0.315979602221455
12.8 4.67437375139511 70.6984265468784 76.0972841370022 0.301966526590456 0.0468831370084804 0.326997358636332
12.9 4.7337693046786 70.7528523849467 76.0735054555601 0.30245047833818 0.0461767197847266 0.33857552179858
13 4.7931648778207 70.8072392437425 76.0496407662295 0.303067164930824 0.0454650532690407 0.350723595520692
13.1 4.85256107698089 70.8615868306688 76.0256888858016 0.303812613741548 0.0447501659509188 0.363321459989505
13.2 4.91195851088074 70.9158948892878 76.0016486543085 0.304682781935543 0.044034580094658 0.376218718876256
13.3 4.97135779075304 70.9701631993136 75.9775189354815 0.305673562242128 0.043320937581147 0.389370260883324
13.4 5.03075953027301 71.0243915765244 75.9532986173372 0.306780789443593 0.0426118744016347 0.402721075938629
13.5 5.09016434558095 71.0785798726701 75.9289866127691 0.308000246891614 0.0419100104109713 0.416205368189867
13.6 5.14957285539531 71.1327279753818 75.9045818601387 0.309327673023666 0.0412179373663163 0.429745795204099
13.7 5.20898568120907 71.1868358080795 75.880083323867 0.310758767879434 0.0405382051287069 0.443252901371908
13.8 5.26840344756328 71.2409033298806 75.8554899950256 0.31228919961723 0.0398733059449301 0.456624823145277
13.9 5.32782678239088 71.294930535509 75.830800891928 0.313914611030399 0.0392256567759676 0.469747350121107
14 5.38725631742388 71.3489174552028 75.8060150607212 0.315630626063738 0.0385975797115067 0.482494427911074
14.1 5.44669268865086 71.4028641546176 75.7811315759796 0.3174328563484 0.0379913401863203 0.494613617204928
14.2 5.50613653666617 71.4567707345788 75.7561495413885 0.319316908217586 0.0374092811899647 0.5058214935039
14.3 5.56558850666565 71.5106373304532 75.7310680906482 0.321278390942706 0.0368535792207361 0.515932923713391
14.4 5.62504924833075 71.564464111371 75.7058863884672 0.323312925450332 0.0363261478065945 0.524760481501109
14.5 5.68451941574495 71.618251279441 75.6806036315584 0.325416153057636 0.0358286063245896 0.532119267746422
14.6 5.74399966733952 71.6719990689672 75.6552190496352 0.327583744207836 0.0353622505851029 0.537832237749438
14.7 5.80349066585883 71.7257077456636 75.6297319064076 0.329811407205636 0.0349280263601264 0.541735774133136
14.8 5.86299307833619 71.7793776058712 75.6041415005784 0.332094896952669 0.0345265070640155 0.543685180063444
14.9 5.92250757607124 71.8330089757727 75.5784471668393 0.334430023682936 0.0341578767393004 0.54355972733872
15 5.98203483459978 71.8866022106091 75.5526482768674 0.336812661698254 0.0338219193688011 0.541266887320264
15.1 6.04157553364133 71.940157693887 75.52674424032 0.339238758105845 0.0335180386245969 0.536738011460644
15.2 6.10113035684306 71.9936758363722 75.5007345058058 0.341704341611887 0.0332453291374527 0.529930588264912
15.3 6.16069999103953 72.0471570745409 75.4746185617946 0.344205531457099 0.0330025128810236 0.520839482971728
15.4 6.22028512529878 72.1006018688169 75.4483959375029 0.346738546408276 0.0327879332554195 0.509491782676467
15.5 6.27988644992177 72.1540107018002 75.422066203778 0.349299713751987 0.0325995805953658 0.495943998600419
15.6 6.33950465539519 72.2073840764959 75.3956289739831 0.35188547828826 0.0324351244329658 0.48027787062647
15.7 6.39914043129199 72.2607225145433 75.3690839048815 0.354492411324275 0.0322919514923766 0.462595066233051
15.8 6.45879446511439 72.314026554445 75.342430697521 0.357117219668057 0.0321672082309317 0.443011129246573
15.9 6.51846744107486 72.3672967497952 75.3156690981188 0.359756754622163 0.032057846674094 0.421649055630784
16 6.57816003881135 72.4205336675089 75.2887988989461 0.362408020977379 0.0319606723261735 0.398632855271391
16.1 6.63787293202746 72.4737378860426 75.2618199392078 0.365068185990884 0.0318724239197404 0.374216672712996
16.2 6.69760678689655 72.5269099933943 75.2347321058164 0.367734587960921 0.0317899288524413 0.348638071700067
16.3 6.7573622599774 72.5800505845455 75.2075353338916 0.370404743777169 0.0317100790388367 0.321981087933802
16.4 6.81713999589946 72.6331602586834 75.1802296071533 0.37307635606761 0.0316298417732426 0.294311308516098
16.5 6.87694062497948 72.686239616414 75.1528149583103 0.375747320329883 0.0315462961169862 0.265673579767783
16.6 6.93676476077767 72.7392892569758 75.1252914694492 0.378415732062626 0.0314566680718625 0.236090324756669
16.7 6.99661299759721 72.7923097754532 75.0976592724226 0.381079893896829 0.0313583649241511 0.205560395112522
16.8 7.05648590793035 72.8453017599897 75.0699185492382 0.383738322727183 0.0312490093017538 0.174058381289562
16.9 7.11638403985696 72.8982657890019 75.0420695324473 0.386389756843424 0.0311264736310676 0.141534320017593
17 7.17630791439996 72.9512024283923 75.0141125055335 0.389033163061688 0.0309889158049728 0.107913766680751
17.1 7.2362580228413 73.0041122287578 74.9860478032974 0.391667743827834 0.0308348585520533 0.07333627974117
17.2 7.29623482390062 73.0569957224558 74.9578758121395 0.394292943592235 0.030663358179879 0.0379220224522359
17.3 7.35623874062106 73.109853420311 74.9295969700834 0.396908453335192 0.0304739214433142 0.00153793499440867
17.4 7.41627015714432 73.1626858081804 74.9012117666975 0.399514214363818 0.0302664955920577 -0.0359618402877536
17.5 7.47632941549047 73.2154933435133 74.8727207430121 0.402110422080893 0.0300415033439624 -0.0747322840054461
17.6 7.53641681235792 73.2682764519106 74.8441244914374 0.404697529753718 0.0297998836818949 -0.114932666770727
17.7 7.59653259595459 73.3210355236842 74.8154236556806 0.407276252282978 0.0295431390504372 -0.156720082247043
17.8 7.65667696287174 73.3737709104175 74.7866189306637 0.409847569971596 0.0292733893006942 -0.200240762204977
17.9 7.7168500550131 73.4264829215241 74.7577110624405 0.412412732293593 0.0289934323574083 -0.245618491281347
18 7.77705195659132 73.4791718208081 74.7287008481147 0.414973261662941 0.0287068110197842 -0.292939378741017
18.1 7.83728269120515 73.5318378230229 74.6995891357545 0.417530957167258 0.0284178998965162 -0.341905488108196
18.2 7.89754221899496 73.5844810904204 74.6703768242425 0.420087897387091 0.0281319895066591 -0.392119781991435
18.3 7.95783043386704 73.6371017292738 74.6410648629596 0.422646440894048 0.0278552319686442 -0.44339569485162
18.4 8.0181471608262 73.6896997863896 74.6116542514044 0.425209225834523 0.0275946432509736 -0.495412779476038
18.5 8.07849215344535 73.7422752456202 74.5821460388091 0.427779169478257 0.027358110191355 -0.547690804492923
18.6 8.1388650914848 73.7948280243753 74.5525413237561 0.430359467766893 0.0271543707083997 -0.599568030536563
18.7 8.19926557867304 73.8473579701345 74.5228412537945 0.43295359486254 0.0269929571625198 -0.650189102073527
18.8 8.25969314066175 73.899864856959 74.4930470250565 0.435565302696327 0.0268840928466544 -0.698509335968415
18.9 8.32014722316642 73.9523483820035 74.4631598818734 0.438198620516968 0.0268385333763608 -0.74332253992113
19 8.3806271903049 74.0048081620285 74.4331811163928 0.440857854439314 0.0268673489254105 -0.783317982811449
19.1 8.44113232314961 74.0572437299173 74.4031120681917 0.443547586955986 0.026981583026644 -0.816835033757424
19.2 8.50166181860193 74.1096545313228 74.3729541238282 0.446272675488823 0.0271916516612449 -0.842364970661038
19.3 8.56221478875096 74.1620399216444 74.3427087162324 0.449038248502944 0.0275070598716157 -0.859013252744722
19.4 8.62279026056333 74.2143991631345 74.3123773240351 0.451849700660631 0.0279361214551084 -0.866260068359908
19.5 8.68338717581143 74.2667314220108 74.2819614708933 0.454712687938284 0.0284856906026031 -0.864032361218318
19.6 8.74400439124222 74.3190357655673 74.2514627248166 0.457633122743373 0.0291609823142023 -0.85272111456892
19.7 8.80464067899048 74.3713111592867 74.2208826974928 0.46061716903139 0.0299654992654897 -0.833139597391262
19.8 8.86529472724149 74.4235564639517 74.1902230436141 0.463671237422801 0.0309010674907902 -0.806431800323171
19.9 8.92596514114684 74.4757704327569 74.1594854602028 0.466801980320002 0.0319679681393023 -0.773950623155968
20 8.98665044399647 74.5279517084204 74.1286716859373 0.47001628702427 0.0331651412810608 -0.737129279377957
20.1 9.04734907865943 74.5800988203057 74.0977835004742 0.473321278819851 0.0344902924996404 -0.69721546645286
20.2 9.10805940950837 74.6322101817944 74.066822723665 0.476724303203553 0.0359396897281874 -0.655410371316628
20.3 9.16877972516037 74.6842840882994 74.0357912145067 0.48023292594524 0.0375087719910587 -0.612911913882691
20.4 9.22950824167284 74.73631871553 74.0046908699872 0.483854922293837 0.0391925325321087 -0.570694096786477
20.5 9.29024310597057 74.7883121177661 73.9735236239271 0.487598268150458 0.0409857340377672 -0.529506477726876
20.6 9.350982399489 74.840262226133 73.9422914458208 0.491471131241546 0.0428830795743528 -0.489892269961334
20.7 9.41172414202651 74.892166846876 73.9109963396784 0.495481862292007 0.0448793410886494 -0.452216750415039
20.8 9.47246629579711 74.9440236596344 73.8796403428667 0.499638986198345 0.0469694504654764 -0.416699458757491
20.9 9.5332067696761 74.9958302157171 73.8482255249513 0.503951193201799 0.0491485595187786 -0.383445768868239
21 9.59394342362863 75.0475839363759 73.8167539865375 0.508427330061473 0.051412075458016 -0.352475271418856
21.1 9.65467407332544 75.099282111095 73.7852278581073 0.513076391204292 0.0537555470569918 -0.323715431298188
21.2 9.71539649524581 75.1509218962391 73.7536492987298 0.517907509272057 0.056174263414548 -0.297069251676699
21.3 9.77610843274097 75.2025003146165 73.7220204944508 0.522929944138126 0.0586636219470745 -0.27244597155473
21.4 9.83680760251965 75.2540142554023 73.6903436565566 0.528153071321192 0.0612192499215596 -0.249732697506893
21.5 9.89749170122008 75.3054604740756 73.6586210198332 0.533586370375895 0.0638369930643763 -0.228804360749661
21.6 9.95815841203695 75.3568355923567 73.6268548408243 0.539239413283414 0.0665129005901914 -0.209530947877946
21.7 10.018805411383 75.408136098144 73.5950473960907 0.54512185284207 0.0692432082248197 -0.1917825854504
21.8 10.0794303755657 75.4593583454511 73.5632009804687 0.55124341105793 0.072024320340212 -0.17543298053081
21.9 10.1400309874579 75.5104985543443 73.5313179053292 0.557613867535403 0.0748527919721865 -0.160361631034997
22 10.200604943141 75.5615528108791 73.4994004968365 0.564243047867845 0.0777253112361327 -0.146455135582386
22.1 10.2611499585134 75.6125170670551 73.4674510942039 0.571140812019673 0.0806386100283894 -0.133621067259413
22.2 10.321663776219 75.6633871412205 73.435472047877 0.57831704248789 0.083589224648837 -0.121774205064349
22.3000000000001 10.3821441734604 75.7141587196196 73.4034657175313 0.585781631903646 0.0865736872736246 -0.110823351985359
22.4000000000001 10.4425889700543 75.7648273583908 73.3714344699968 0.593544470413215 0.0895885824207021 -0.100684677075685
22.5000000000001 10.5029960363184 75.8153884855815 73.3393806771797 0.601615433050471 0.0926305334225999 -0.091281422820932
22.6000000000001 10.5633633007492 75.8658374031633 73.3073067139847 0.610004367109383 0.0956961898815809 -0.0825435086270044
22.7000000000001 10.6236887574587 75.9161692890472 73.2752149562362 0.618721079516498 0.0987822161278699 -0.0744070771317943
22.8000000000001 10.6839704733431 75.9663791990989 73.2431077786006 0.627775324203428 0.101885280690785 -0.06681401603121
22.9000000000001 10.7442065949519 76.0164620691534 73.2109875525081 0.637176789479333 0.105002046786265 -0.0597114776694022
23.0000000000001 10.8043953550278 76.0664127170305 73.1788566440741 0.646935085403414 0.108129163824222 -0.0530514111500664
23.1000000000001 10.8645350787033 76.1162258445687 73.1467174120237 0.657059731167121 0.111263273295802 -0.046821720437827
23.2000000000001 10.924624189721 76.1658960401408 73.1145722056664 0.667560142729297 0.114401036469083 -0.0410099757835055
23.3000000000001 10.9846612172936 76.2154177823948 73.0824233630018 0.678445621093356 0.117539077515482 -0.0355742683707653
23.4000000000001 11.044644802942 76.264785444477 73.0502732088767 0.689725340837394 0.120673962193807 -0.0304767244896753
23.5000000000001 11.1045737068833 76.3139932982741 73.0181240531442 0.70140833865402 0.123802192361323 -0.0256830645747511
23.6000000000001 11.1644468139222 76.3630355186539 72.9859781888225 0.713503501890194 0.12692020159114 -0.0211622077776763
23.7000000000001 11.2242631388141 76.411906187708 72.9538378902538 0.726019557087061 0.130024351907062 -0.0168859179130805
23.8000000000001 11.2840218310689 76.4605992989929 72.9217054112636 0.738965058519785 0.13311093165281 -0.0128284867349778
23.9000000000001 11.3437221791636 76.5091087617718 72.8895829833195 0.752348376737388 0.136176154515728 -0.00896645065765576
24.0000000000001 11.4033636141334 76.5574284052561 72.8574728136903 0.766177687102577 0.139216159728192 -0.00527833729167459
24.1000000000001 11.4629457125251 76.6055519828633 72.8253770836115 0.780460958357752 0.142227113691043 -0.0017812308941162
24.2000000000001 11.5224681990733 76.6534731768846 72.7932979466273 0.795205941871235 0.145205506488459 0.00150958295510973
24.3000000000001 11.5819309497239 76.701185604195 72.7612375273789 0.810420162610273 0.148147841890388 0.00461529159725919
24.4000000000001 11.6413339944093 76.7486828223742 72.7291979205686 0.826110910794274 0.151050537675943 0.00755512044812497
24.5000000000001 11.7006775191765 76.7959583358424 72.697181189931 0.842285233574206 0.153909928919182 0.0103465676966006
24.6000000000001 11.7599618676288 76.8430056019975 72.6651893672043 0.858949926711999 0.156722272466624 0.0130056108622728
24.7000000000001 11.8191875416583 76.8898180373509 72.6332244511011 0.876111526259946 0.159483752600252 0.0155468891791878
24.8000000000001 11.8783552014463 76.9363890236639 72.6012884062793 0.893776300240101 0.162190487876438 0.0179838651792323
24.9000000000001 11.9374656647128 76.9827119140844 72.5693831623137 0.911950240323681 0.16483853912529 0.0203289684172237
25.0000000000001 11.9965199051927 77.0287800392831 72.5375106126666 0.930639053510467 0.167423918589214 0.0225937238292149
25.1000000000001 12.0555190503369 77.074586713598 72.5056726136679 0.949848153846444 0.169942777413793 0.0247564904329114
25.2000000000001 12.1144643785793 77.1201252413873 72.4738709837216 0.969582655135706 0.17239194126799 0.0267964217750184
25.3000000000001 12.1733573167916 77.165388923913 72.4421075030884 0.989847366176259 0.174768376171774 0.0287248150838626
25.4000000000001 12.2321994374463 77.2103710664327 72.4103839138953 1.01064678699009 0.177069018849654 0.0305519912733556
25.5000000000001 12.2909924551479 77.2550649852991 72.3787019201539 1.03198510509146 0.179290786735453 0.0322874134444737
25.6000000000001 12.3497382225161 77.2994640150605 72.3470631877784 1.05386619175523 0.181430588656418 0.0339397914588815
25.7000000000001 12.4084387254148 77.3435615155606 72.3154693446036 1.07629359828518 0.183485336127522 0.0355171746114876
25.8000000000001 12.4670960775259 77.387350879038 72.2839219804039 1.09927055228227 0.185451955180157 0.0370270341184655
25.9000000000001 12.5257125142674 77.4308255372271 72.2524226469107 1.12279995391297 0.187327398642922 0.0384763369291587
26.0000000000001 12.5842903860553 77.4739789684568 72.2209728578311 1.14688437217761 0.189108658785814 0.039871612128809
26.1000000000001 12.6428321509257 77.5168047047482 72.1895740888729 1.17152604121907 0.19079299561442 0.041198509280495
26.2000000000001 12.7013403667998 77.5592963388216 72.1582277779566 1.19672685768372 0.192378589264169 0.0424422802422714
26.3000000000001 12.7598176839269 77.6014475308789 72.1269353259006 1.22248838075294 0.19386389302577 0.0436081896780565
26.4000000000001 12.818266837204 77.6432520152973 72.0956980972914 1.24881183322679 0.195247425023708 0.0447010481602081
26.5000000000001 12.8766906381407 77.684703607319 72.0645174213629 1.27569810264813 0.19652777652984 0.0457252653742544
26.6000000000001 12.9350919664729 77.7257962097416 72.0333945928744 1.30314774242675 0.197703619975533 0.0466848969882223
26.7000000000001 12.9934737614407 77.766523819608 72.0023308729888 1.33116097296349 0.198773716594773 0.0475836860469763
26.8000000000001 13.0518390127452 77.8068805348963 71.9713274901513 1.35973768277435 0.199736923633043 0.0484250996044501
26.9000000000001 13.1101907512015 77.84686056121 71.9403856409676 1.38887742961461 0.200592201059695 0.0492123611968792
27.0000000000001 13.1685320391041 77.8864582184681 71.9095064910822 1.41857944160299 0.201338617724996 0.0499484796880932
27.1000000000001 13.2268659603314 77.9256679475806 71.878691176061 1.44884261838308 0.201975586527402 0.0506279593400248
27.2000000000001 13.2851956104075 77.964484316748 71.8479408023825 1.47966553325652 0.202503552387181 0.0512443111383569
27.3000000000001 13.3435240869492 78.0029020268069 71.8172564487046 1.5110464377825 0.202923295418712 0.0517987382682499
27.4000000000001 13.4018544803454 78.0409159161989 71.7866391672397 1.54298326734894 0.203235699006802 0.0522922317030656
27.5000000000001 13.4601898645293 78.0785209659256 71.7560899851346 1.57547364678104 0.203441748016854 0.0527255864509392
27.6000000000001 13.518533287852 78.1157123045032 71.72560990585 1.60851489594978 0.203542526329076 0.0530994149295945
27.7000000000001 13.576887764079 78.1524852129178 71.69519991054 1.64210403538054 0.203539213726138 0.0534141577259203
27.8000000000001 13.6352562635217 78.1888351295796 71.6648609594314 1.67623779186152 0.203433082170324 0.0536700919463376
27.9000000000001 13.6936417043237 78.2247576552781 71.6345939932039 1.7109126040524 0.203225491507895 0.0538673373015799
28.0000000000001 13.7520469439146 78.2602485581368 71.604399934369 1.74612462809279 0.202917884644981 0.0540058600531381
28.1000000000001 13.8104747706478 78.295303778545 71.5742796886502 1.78186974323767 0.202511988003161 0.05409039922502
28.2000000000001 13.8689278957125 78.3299194334927 71.5442341463669 1.81814355819126 0.202010420460223 0.0541246919672891
28.3000000000001 13.9274089455326 78.3640918193892 71.5142641838318 1.85494141921396 0.201416063719364 0.0541069899347553
28.4000000000001 13.9859204546718 78.3978174142849 71.4843706647509 1.89225841892778 0.200731846014677 0.0540354105821512
28.5000000000001 14.0444648592133 78.4310928800702 71.4545544416258 1.93008940514859 0.199960731910658 0.0539079318882166
28.6000000000001 14.1030444906155 78.4639150646744 71.4248163571543 1.96842898971841 0.19910571205097 0.0537223859282446
28.7000000000001 14.1616615700467 78.4962810042639 71.3951572456323 2.00727155733772 0.198169792936396 0.0534764512821919
28.8000000000001 14.2203182032015 78.5281879254416 71.3655779343547 2.04661127439769 0.197155986806681 0.0531676442329608
28.9000000000001 14.2790163755961 78.5596332474454 71.3360792450171 2.08644209781247 0.19606730169603 0.0527933087110371
29.0000000000001 14.3377579483423 78.590614584347 71.3066619951167 2.12675778385151 0.194906731726177 0.0523506049402324
29.1000000000001 14.3965446543939 78.6211297472268 71.2773269993501 2.16755189698297 0.19367738607516 0.0518525295944439
29.2000000000001 14.4553780952031 78.6511767457342 71.2480750709077 2.20881781900768 0.19238289684749 0.0513116435863662
29.3000000000002 14.5142597377465 78.6807537880857 71.2189070225069 2.25054875893048 0.19102699738393 0.0507242143131862
29.4000000000002 14.5731909120863 78.7098592804479 71.1898236673231 2.29273776312206 0.189613373982607 0.0500863727626537
29.5000000000002 14.6321728095376 78.7384918262972 71.1608258199164 2.33537772549201 0.188145655990036 0.0493940993966282
29.6000000000002 14.6912064814311 78.766650225779 71.1319142971578 2.37846139766177 0.186627406483935 0.0486432098630777
29.7000000000002 14.7502928384586 78.7943334750673 71.1030899191565 2.4219813991377 0.185062113573718 0.0478293404913113
29.8000000000002 14.8094326505856 78.8215407657241 71.0743535101861 2.46593022748406 0.183453182340141 0.0469479334942296
29.9000000000002 14.8686265475153 78.8482714840587 71.0457058996115 2.51030026849605 0.181803927426262 0.0459942218222936
30.0000000000002 14.9278750196883 78.8745252104876 71.0171479228157 2.55508380637279 0.180117566286294 0.0449632135997347
30.1000000000002 14.9871784197912 78.9003017188729 70.988680422118 2.60027303388621 0.178397279681888 0.0438763772258936
30.2000000000002 15.0465369645573 78.9256009753324 70.9603042474847 2.6458600624418 0.176646412796942 0.042755676122164
30.3000000000002 15.1059507365443 78.9504231357051 70.932020256709 2.69183693186497 0.174868281930095 0.0415966059475305
30.4000000000002 15.1654196862338 78.9747685424866 70.9038293153829 2.73819562007938 0.17306610408629 0.0403945505349724
30.5000000000002 15.2249436346453 78.9986377217455 70.8757322968615 2.78492805278102 0.171242991992497 0.0391447706435069
30.6000000000002 15.284522276454 79.0220313800382 70.8477300822263 2.83202611311236 0.169401949700705 0.0378423933889842
30.7000000000002 15.3441551835922 79.0449504013253 70.8198235602493 2.87948165133651 0.167545868755715 0.0364824023614635
30.8000000000002 15.4038418093156 79.0673958438867 70.7920136273565 2.92728649451127 0.165677524905149 0.0350596284079035
30.9000000000002 15.4635814927134 79.0893689372371 70.7643011875922 2.97543245616333 0.163799575325763 0.0335687411333798
31.0000000000002 15.5233734636449 79.1108710790422 70.7366871525825 3.02391134596237 0.161914556341805 0.0320042411157458
31.1000000000002 15.5832168480656 79.1319038320223 70.7091724414883 3.0727149793763 0.160024864851865 0.0303949293178918
31.2000000000002 15.6431106733651 79.1524689205627 70.6817579806781 3.12183518683529 0.158132718132274 0.0287712221772207
31.3000000000002 15.7030538731147 79.1725682265744 70.6544447026887 3.17126382164897 0.156240222748356 0.0271299178342353
31.4000000000002 15.7630452917824 79.1922037850626 70.6272335449056 3.22099276743233 0.154349392607881 0.0254678203424085
31.5000000000002 15.8230836897578 79.2113777796812 70.6001254482323 3.27101394551288 0.152462147628836 0.0237817386647243
31.6000000000002 15.8831677486877 79.2300925382897 70.5731213557603 3.32131932233765 0.150580312669053 0.0220684864391099
31.7000000000002 15.9432960771074 79.2483505285081 70.5462222114383 3.37190091688033 0.148705616697269 0.0203248825434315
31.8000000000002 16.0034672163531 79.2661543532736 70.5194289587421 3.42275080804831 0.146839692189092 0.0185477524547108
31.9000000000002 16.0636796467407 79.2835067463955 70.4927425393437 3.47386114208975 0.144984074731087 0.0167339303894053
32.0000000000002 16.1239317939992 79.3004105681118 70.4661638917814 3.52522414000068 0.143140202822814 0.0148802622393424
32.1000000000002 16.1842220359238 79.3168688006435 70.4396939501191 3.57683210490584 0.141309344982375 0.0130172665504102
32.2000000000002 16.2445487087755 79.3328845437226 70.4133336423491 3.62867742875725 0.139492394409162 0.0111776174450938
32.3000000000002 16.3049101126533 79.3484610100513 70.3870838881417 3.68075259730098 0.137690110597555 0.00936152864207256
32.4000000000002 16.3653045165371 79.3636015207341 70.360945596338 3.73305019436167 0.135903195160652 0.00756938373485002
32.5000000000002 16.4257301634495 79.3783095007091 70.3349196624327 3.7855629061008 0.134132291518366 0.00580174271129716
32.6000000000002 16.4861852757472 79.3925884741792 70.3090069660571 3.83828352527499 0.132377984660246 0.00405934856242293
32.7000000000002 16.5466680605347 79.4064420600434 70.2832083684615 3.89120495549424 0.130640800982759 0.00234313394019782
32.8000000000002 16.6071767151944 79.4198739673279 70.2575247099982 3.94432021548023 0.12892120820735 0.000654227825820759
32.9000000000002 16.6677094330266 79.4328879906171 70.2319568076046 3.99762244332459 0.127219615383397 -0.00100603780163563
33.0000000000002 16.7282644089923 79.4454880054851 70.2065054522856 4.05110490074719 0.125536372986706 -0.00263612134183913
33.1000000000002 16.7888398455337 79.4576779639358 70.1811714065932 4.10476097732756 0.123871671946466 -0.00421677385711228
33.2000000000002 16.849433957945 79.469461890074 70.1559554020223 4.158584194039 0.122225253617759 -0.00572741041199315
33.3000000000002 16.910044978435 79.4808438763649 70.1308581361921 4.21256820501228 0.120596736536179 -0.00716413469010003
33.4000000000002 16.9706711596638 79.4918280801236 70.1058802699443 4.26670679860206 0.118985720775526 -0.00852278746230763
33.5000000000002 17.0313107782631 79.5024187200149 70.0810224244376 4.32099389842634 0.117391787846936 -0.00979893324856029
33.6000000000002 17.0919621383599 79.5126200725519 70.0562851782421 4.3754235644061 0.115814500658474 -0.0109878461450084
33.7000000000002 17.1526235751021 79.5224364685956 70.0316690644337 4.42998999380473 0.114253403545089 -0.0120844946533823
33.8000000000002 17.2132934581871 79.5318722898538 70.0071745676891 4.48468752226765 0.112708022381417 -0.0130835253877187
33.9000000000002 17.2739701953916 79.54093196538 69.9828021213799 4.5395106248618 0.111177864791066 -0.0139792454509674
34.0000000000002 17.3346522361037 79.5496199680732 69.9585521046677 4.59445391711521 0.109662420466241 -0.0147656033076361
34.1000000000002 17.3953380748361 79.5579408111921 69.9344248396066 4.64951215603663 0.10816107009536 -0.0154543432623446
34.2000000000002 17.4560262542339 79.5658990452739 69.910420588475 4.70468024061933 0.106672822899907 -0.0160583780673119
34.3000000000002 17.5167153667752 79.5734992560794 69.8865395516848 4.75995321103512 0.105196611714716 -0.0165729271001504
34.4000000000002 17.5774040559129 79.5807460629422 69.862781865918 4.81532624731236 0.1037313874654 -0.0169929205503114
34.5000000000002 17.6380910171368 79.5876441171329 69.8391476022732 4.87079466799422 0.102276119243753 -0.017312969392001
34.6000000000002 17.6987749989795 79.5941981002239 69.815636764411 4.9263539287969 0.100829794415737 -0.0175273318240246
34.7000000000002 17.7594548039703 79.6004127224541 69.7922492867 4.98199962126785 0.0993914187697753 -0.0176298757395378
34.8000000000002 17.8201292895397 79.6062927210933 69.7689850323628 5.03772747144398 0.097960016711454 -0.0176140367441166
34.9000000000002 17.8807973688785 79.6118428588069 69.7458437916216 5.09353333850991 0.0965346315125731 -0.017472771074697
35.0000000000002 17.9414580117538 79.6170679220206 69.7228252798441 5.14941321345613 0.0951143256218083 -0.0171985027966358
35.1000000000002 18.0021102452705 79.6219727193003 69.69992913571 5.20536321772779 0.0936981333739303 -0.0168431283618638
35.2000000000002 18.0627531541983 79.6265620801367 69.6771549199101 5.26137960162599 0.0922849268821452 -0.0164631098068771
35.3000000000002 18.1233858802444 79.6308408547555 69.6545021151976 5.31745874208127 0.0908735738381337 -0.0160571866666977
35.4000000000002 18.1840076208726 79.6348139143321 69.6319701269734 5.3735971401797 0.0894629867077077 -0.0156239542736083
35.5000000000002 18.2446176280519 79.6384861512217 69.6095582838901 5.42979141867948 0.0880521220582741 -0.0151618467072271
35.6000000000002 18.305215206955 79.6418624791895 69.5872658384575 5.48603831952752 0.0866399798616512 -0.0146691175331397
35.7000000000002 18.3657997146117 79.6449478336407 69.5650919676477 5.54233470137604 0.0852256027744696 -0.0141438179444487
35.8000000000002 18.4263705585223 79.6477471718507 69.5430357734995 5.59867753709916 0.0838080753984847 -0.0135837718753995
35.9000000000002 18.4869271952343 79.6502654731955 69.5210962837239 5.65506391130949 0.0823865235227519 -0.0129865475710989
36.0000000000002 18.5474691288887 79.6525077393812 69.4992724523086 5.71149101787472 0.080960113350373 -0.0123494249943468
36.1000000000002 18.6079959097308 79.6544789946849 69.4775631601473 5.76795615743435 0.0795280516700085 -0.0117529825853321
36.2000000000002 18.6685071323887 79.6561842864532 69.4559672162848 5.8244567349202 0.078089591975105 -0.0112860558035327
36.3000000000002 18.7290024336014 79.6576286862594 69.4344833607301 5.8809902570864 0.0766440374656774 -0.010958818802682
36.4000000000002 18.7894814897216 79.6588172913195 69.4131102678856 5.93755433004322 0.0751907395070133 -0.0107825617706806
36.5000000000002 18.8499440142003 79.6597552259178 69.3918465500006 5.99414665679098 0.073729096058151 -0.0107698613145996
36.6000000000003 18.9103897550632 79.6604476428328 69.3706907606244 6.05076503475395 0.0722585501814552 -0.0109347789907006
36.7000000000003 18.9708184923853 79.6608997247634 69.3496413980601 6.10740735331435 0.0707785886491792 -0.0112930934903163
36.8000000000003 19.0312300357643 79.6611166857547 69.3286969088174 6.1640715913462 0.0692887406673747 -0.0118625733916253
36.9000000000003 19.0916242218 79.6611037726234 69.3078556910662 6.2207558147493 0.0677885767394223 -0.0126632988792471
37.0000000000003 19.1520009115794 79.6608662663845 69.28711609809 6.27745817398314 0.0662777076977754 -0.0137180429136155
37.1000000000003 19.2123599881718 79.660409483677 69.266476441757 6.3341769016056 0.0647558240242777 -0.0151256897971373
37.2000000000003 19.2727013540939 79.6597387782065 69.245934996463 6.39091030993567 0.0632228169442453 -0.0169985228428327
37.3000000000003 19.3330249286852 79.6588595422263 69.2254900042682 6.44765678903095 0.0616786605268581 -0.0193865865505115
37.4000000000003 19.3933306454733 79.6577772080342 69.2051396805063 6.5044148047892 0.0601233727075676 -0.0223473528566574
37.5000000000003 19.4536184495751 79.6564972494701 69.1848822194107 6.56118289705461 0.0585570168651648 -0.0259470480395763
37.6000000000003 19.5138882951363 79.6550251834138 69.1647157997409 6.61795967772411 0.0569797043534487 -0.0302622560841277
37.7000000000003 19.5741401428112 79.6533665712818 69.1446385904097 6.67474382885368 0.0553915981921376 -0.035381864304673
37.8000000000003 19.6343739572851 79.6515270205255 69.124648756109 6.7315341007646 0.0537929181744782 -0.0414094341816545
37.9000000000003 19.6945897048388 79.6495121861282 69.1047444629365 6.78832931014982 0.0521839477182075 -0.0484661022882878
38.0000000000003 19.7547873509581 79.6473277721029 69.0849238840228 6.8451283381802 0.0505650428736008 -0.0566941441836264
38.1000000000003 19.8149668579934 79.6449795329795 69.0651852051629 6.90193012861768 0.0489367077628421 -0.0662765690104814
38.2000000000003 19.8751281829972 79.642473275034 69.0455266305986 6.95873368610678 0.0472997995079134 -0.0774285745608118
38.3000000000003 19.9352712759468 79.6398148568594 69.025946389179 7.01553807491882 0.0456553539004003 -0.0903879674594978
38.4000000000003 19.9953960781645 79.6370101896792 69.0064427406719 7.07234241787449 0.0440045459158991 -0.10543756639452
38.5000000000003 20.05550252081 79.6340652376498 68.9870139820792 7.12914589527325 0.0423487210277494 -0.122914945286265
38.6000000000003 20.1155905234419 79.6309860181634 68.9676584539538 7.18594774382273 0.0406894350904988 -0.143224407695528
38.7000000000003 20.1756599926452 79.6277786021507 68.9483745467158 7.24274725556821 0.0390285052212737 -0.166851634586366
38.8000000000003 20.2357108207256 79.6244491143842 68.9291607069689 7.29954377682197 0.0373680748615508 -0.194381444035286
38.9000000000003 20.2957428844701 79.6210037337802 68.9100154438165 7.35633670709276 0.0357106971897628 -0.226518992845925
39.0000000000003 20.3557560439736 79.6174486937025 68.8909373351783 7.41312549801517 0.0340594423357186 -0.264114422331438
39.1000000000003 20.4157501415409 79.6137902822456 68.8719250340965 7.46990965228462 0.0324180909829549 -0.308054286063565
39.2000000000003 20.4757250008997 79.6100348420331 68.8529772747925 7.52668872273562 0.0307914582036031 -0.359375231272914
39.3000000000003 20.5356804271085 79.6061887687789 68.8340928780859 7.58346231178401 0.0291854087018807 -0.419430146517428
39.4000000000003 20.5956162067858 79.6022585093627 68.8152707565636 7.64023007101264 0.0276070610900681 -0.489774068936265
39.5000000000003 20.6555321084248 79.5982505598869 68.796509919739 7.69699170076245 0.0260651191834145 -0.572130294154865
39.6000000000003 20.7154278827833 79.5941714637328 68.7778094792112 7.75374694972361 0.0245702793508505 -0.668287172396265
39.7000000000003 20.7753032633454 79.5900278096177 68.7591686538245 7.81049561452667 0.0231357135360958 -0.779870638299849
39.8000000000003 20.835157966854 79.5858262296508 68.740586774827 7.8672375393337 0.021777605672542 -0.907912045941465
39.9000000000003 20.894991693913 79.5815733973904 68.7220632910306 7.9239726154294 0.0205156750845428 -1.05211467191844
40.0000000000003 20.9548041296581 79.5772760259002 68.7035977739697 7.98070078081227 0.0193735433001506 -1.20975374382914
40.1000000000003 21.0145949445057 79.5729408657849 68.6851899230348 8.03742201978739 0.0183786149381423 -1.373866633305
40.2000000000003 21.0743637952591 79.5685747026805 68.6668395699302 8.09413636260348 0.0175608936780173 -1.53251015411613
40.3000000000003 21.1341103270123 79.5641843533585 68.6485466814183 8.15084388520199 0.0169509227182751 -1.66935688950104
40.4000000000003 21.1938341754027 79.5597766612859 68.6303113613882 8.20754470901038 0.0165764297992027 -1.7657530392801
40.5000000000003 21.2535349689292 79.5553584921626 68.6121338528986 8.26423900073715 0.0164581051237061 -1.80581194187995
40.6000000000003 21.3132123313216 79.5509367294602 68.5940145402207 8.32092697216678 0.016605798762234 -1.78224783289386
40.7000000000003 21.372865883958 79.5465182699601 68.5759539508809 8.37760887995476 0.0170166737675655 -1.69943084182242
40.8000000000003 21.4324952483254 79.5421100192916 68.5579527577033 8.43428502542257 0.0176761607104175 -1.5714805796018
40.9000000000003 21.492100048522 79.5377188874701 68.5400117808533 8.49095575435265 0.0185612290788796 -1.41679983790308
41.0000000000003 21.5516799137967 79.5333517844352 68.5221319898796 8.54762145678339 0.0196445478120471 -1.25255502441192
41.1000000000003 21.6112344811331 79.5290156155756 68.5043145057193 8.60428256680119 0.0208979255957929 -1.0916479453111
41.2000000000003 21.6707633981128 79.5247172768914 68.4865606017113 8.66093956225463 0.0222941336040055 -0.942135457995984
41.3000000000003 21.7302663264273 79.5204636492413 68.4688717020927 8.71759296427157 0.0238088859081514 -0.807846944336583
41.4000000000003 21.7897429456372 79.5162615922272 68.4512493795046 8.77424333669832 0.0254214438254112 -0.689770252261276
41.5000000000003 21.8491929569309 79.5121179380659 68.4336953524592 8.83089128553593 0.0271144519819935 -0.587253955124607
41.6000000000003 21.9086160868649 79.5080394854603 68.4162114828072 8.88753745837653 0.0288735266677143 -0.498849503508239
41.7000000000003 21.9680120910777 79.5040329934708 68.3987997732049 8.94418254383948 0.0306867748474459 -0.422826852028568
41.8000000000003 22.0273807579706 79.5001051753864 68.3814623645818 9.00082727100775 0.0325443347985454 -0.357457140404549
41.9000000000003 22.0867219123466 79.4962626925964 68.3642015336076 9.05747240886415 0.0344379758119275 -0.301149234969233
42.0000000000003 22.1460354189995 79.4925121484616 68.3470196901598 9.11411876572757 0.0363607659466133 -0.25250240729455
42.1000000000003 22.2053211862501 79.4888600821869 68.3299193747493 9.17076718868248 0.0383066620820688 -0.21055990412039
42.2000000000003 22.2645791695525 79.4853129627332 68.3129032548705 9.227418562831 0.040269888336191 -0.174500683720129
42.3000000000003 22.3238093753625 79.4818771828286 68.2959741186195 9.2840738100949 0.042245211546317 -0.143404271635654
42.4000000000003 22.3830118650288 79.4785590530172 68.2791348672363 9.34073388784014 0.0442279358165231 -0.116500171348359
42.5000000000003 22.4421867585587 79.4753647957111 68.2623885076057 9.39739978749471 0.0462137828110406 -0.0931451228474535
42.6000000000003 22.5013342382397 79.4723005392411 68.2457381447586 9.45407253316638 0.0481987978231385 -0.0728023204823243
42.7000000000003 22.5604545521046 79.4693723119081 68.2291869743723 9.51075318026053 0.0501792759782206 -0.0550233208817751
42.8000000000003 22.6195480172253 79.4665860360342 68.2127382752715 9.56744281409788 0.0521517041618969 -0.0394327225126295
42.9000000000003 22.6786150228227 79.463947522014 68.1963954019296 9.62414254853233 0.0541127152556445 -0.0257154023863873
43.0000000000003 22.7376560331783 79.4614624623655 68.1801617769691 9.68085352456872 0.0560590520476694 -0.0136059844169407
43.1000000000003 22.7966715903333 79.4591364258011 68.1640408836286 9.73757690897159 0.0579875139101642 -0.00307813306773241
43.2000000000003 22.8556623165569 79.4569748518055 68.1480362573441 9.79431389263966 0.0598948593470002 0.00589180441637949
43.3000000000003 22.9146289165627 79.4549830465005 68.1321514750825 9.85106568838536 0.0617778591985376 0.0135066870588186
43.4000000000003 22.9735721794569 79.4531661790178 68.1163901437888 9.9078335284801 0.0636333022161125 0.0199387185300117
43.5000000000003 23.032492980409 79.4515292778911 68.1007558888007 9.9646186621905 0.065457980260428 0.0253344638483342
43.6000000000004 23.0913922820272 79.4500772274473 68.0852523422613 10.0214223533146 0.0672486773951324 0.0298189683105798
43.7000000000004 23.1502711354253 79.4488147641994 68.0698831315338 10.0782458777181 0.0690021621610921 0.0334991446474903
43.8000000000004 23.2091306809663 79.4477464732374 68.0546518676145 10.1350905208706 0.0707151824708338 0.0364665637929505
43.9000000000004 23.2679721486681 79.446876784621 68.0395621335469 10.1919575753818 0.0723844626817742 0.0387997591875384
44.0000000000004 23.3267968582576 79.4462099697713 68.0246174728353 10.2488483385377 0.0740067024944178 0.0405661334116191
44.1000000000004 23.3856062188554 79.445750137893 68.0098213778429 10.3057641098278 0.0755786616411472 0.0416991626866872
44.2000000000004 23.4444017281507 79.44550123319 67.9951772777808 10.3627061882331 0.0770974110218385 0.0421356073187726
44.3000000000004 23.5031849708636 79.4454670340939 67.980688525661 10.4196758689086 0.0785600767719114 0.0419328546833367
44.4000000000004 23.5619576167098 79.4456511532849 67.9663583848393 10.4766744396268 0.0799637589246806 0.0411392246124467
44.5000000000004 23.6207214179925 79.4460570377439 67.9521900155435 10.5337031772114 0.0813055364929022 0.0397950544834354
44.6000000000004 23.6794782068207 79.4466879688046 67.9381864614014 10.5907633439724 0.0825824737485139 0.0379335819654084
44.7000000000004 23.7382298919476 79.4475470622047 67.9243506359686 10.6478561841396 0.0837916275512284 0.0355816576712812
44.8000000000004 23.7969784552253 79.4486372681382 67.9106853092563 10.7049829202976 0.0849300556054055 0.0327603130447651
44.9000000000004 23.8557259476739 79.4499613713073 67.8971930942596 10.7621447498195 0.0859948255489282 0.0294852033017271
45.0000000000004 23.9144744851628 79.4515219909736 67.8838764334848 10.8193428413012 0.0869830247953931 0.0257669406039592
45.1000000000004 23.9732262436972 79.4533215810384 67.8707375854893 10.8765783309893 0.0878919314711951 0.0215794209009517
45.2000000000004 24.0319834541113 79.4553624308389 67.857778611708 10.9338523190316 0.0887195061403643 0.0168929645583777
45.3000000000004 24.0907483958751 79.4576466677671 67.8450013640146 10.9911658652798 0.0894639212611133 0.0117057065544182
45.4000000000004 24.1495233903949 79.4601762606057 67.8324074725692 11.048519984915 0.0901234131397067 0.00601118592430222
45.5000000000004 24.2083107940313 79.4629530228918 67.8199983336789 11.1059156440672 0.0906962951846294 -0.000201664004289777
45.6000000000004 24.2671129908577 79.4659786162802 67.8077750976569 11.1633537554342 0.0911809719429134 -0.00694860321844939
45.7000000000004 24.3259323851724 79.4692545539071 67.7957386566825 11.2208351739004 0.0915759539895262 -0.0142502485566223
45.8000000000004 24.3847713937834 79.4727822037541 67.7838896326609 11.2783606921564 0.0918798737752884 -0.0221323129679457
45.9000000000004 24.4436324380821 79.4765627920111 67.7722283650827 11.3359310363175 0.092091502571044 -0.0306259217559103
46.0000000000004 24.5025179359287 79.4805974064405 67.7607548988841 11.3935468615432 0.0922097686908458 -0.0397680082865852
46.1000000000004 24.5614302933631 79.4848869997558 67.7494689723473 11.4512087476542 0.092233985271163 -0.0495306873018527
46.2000000000004 24.6203718959585 79.4894323933988 67.7383700060764 11.5089171947037 0.0921644908060644 -0.0598910866479226
46.3000000000004 24.6793450995511 79.4942342823272 67.7274570946997 11.5666726184315 0.0920020367873717 -0.0709019547929904
46.4000000000004 24.7383522207709 79.4992932402006 67.7167289996462 11.6244753456716 0.0917475980227733 -0.0826213309768369
46.5000000000004 24.7973955276282 79.5046097245818 67.7061841419641 11.6823256097587 0.0914023941568454 -0.0951130806201287
46.6000000000004 24.8564772301961 79.5101840821378 67.6958205951384 11.7402235459339 0.0909679138082656 -0.108447451616095
46.7000000000004 24.9155994714178 79.5160165538412 67.6856360779094 11.7981691867511 0.0904459418420768 -0.122701638313235
46.8000000000004 24.9747643180746 79.5221072801712 67.6756279470903 11.8561624574832 0.0898385903719127 -0.137960332411482
46.9000000000004 25.0339737519446 79.5284563063152 67.6657931903859 11.9142031715277 0.0891483341848525 -0.154316229365061
47.0000000000004 25.0932296611887 79.5350635873696 67.6561284192097 11.9722910258134 0.0883780513684678 -0.17187044430775
47.1000000000004 25.1525338319903 79.5419289935392 67.6466298615666 12.0304255962109 0.0875312539474006 -0.190558179205177
47.2000000000004 25.211887940341 79.5490523152834 67.6372933565834 12.0886063330585 0.086612661284145 -0.210308943001683
47.3000000000004 25.2712935438059 79.5564332683286 67.6281143532299 12.1468325569839 0.0856276428071342 -0.23122373333824
47.4000000000004 25.3307520735901 79.5640714986273 67.6190879106882 12.2051034548407 0.0845820715741431 -0.25340518115223
47.5000000000004 25.3902648270928 79.5719665873155 67.6102086987874 12.2634180756497 0.0834823748365136 -0.276955827534077
47.6000000000004 25.4498329609839 79.5801180556704 67.6014709984365 12.3217753265403 0.0823355911244111 -0.301975574850248
47.7000000000004 25.5094574848266 79.588525370067 67.5928687020583 12.3801739686917 0.0811494339885782 -0.328558079689756
47.8000000000004 25.5691392552716 79.5971879469358 67.5843953140235 12.4386126132744 0.0799323622017572 -0.356785814431156
47.9000000000004 25.6288789708471 79.6061051577202 67.5760439510838 12.4970897173914 0.0786936557280744 -0.386723491238352
48.0000000000004 25.6886771673658 79.6152763338338 67.5678073428061 12.5556035800196 0.0774434960591672 -0.418409529694469
48.1000000000004 25.7485342139722 79.6247007716011 67.559677832074 12.6141523379608 0.0761931096057386 -0.451593812186783
48.2000000000004 25.8084503097962 79.6343777367776 67.5516473773642 12.67273396205 0.0749549412723881 -0.485952764005176
48.3000000000004 25.8684254811611 79.6443064679985 67.5437075595259 12.731346254014 0.0737423636331606 -0.52133879897415
48.4000000000004 25.928459579455 79.6544861798071 67.5358495903341 12.7899868435884 0.0725696018621225 -0.557527159488376
48.5000000000004 25.9885522797263 79.6649160656655 67.528064321112 12.8486531856427 0.0714517143457782 -0.594202872530676
48.6000000000004 26.0487030800058 79.6755953009665 67.5203422513525 12.9073425573064 0.0704045389536308 -0.630949459849193
48.7000000000004 26.1089113013524 79.6865230460451 67.5126735373399 12.9660520550951 0.0694445955441776 -0.667241559819846
48.8000000000004 26.169176088621 79.6976984491899 67.5050480007723 13.0247785920365 0.0685889356627842 -0.702444147484846
48.9000000000004 26.229496411947 79.7091206496546 67.4974551373827 13.0835188947957 0.067854932214823 -0.735821305764543
49.0000000000004 26.2898710689435 79.7207887806692 67.4898841255616 13.1422695008018 0.0672600055964582 -0.766557253804718
49.1000000000004 26.350298687606 79.7327019724286 67.4823238350323 13.2010267553874 0.0668211601726622 -0.793572213446731
49.2000000000004 26.4107777299755 79.7448593544697 67.4747628369354 13.2597868092984 0.0665540913948625 -0.815817434973204
49.3000000000004 26.4713064966241 79.7572600565005 67.4671894174852 13.31854561714 0.066472940183862 -0.832559384503364
49.4000000000004 26.5318831318195 79.7699032086183 67.4595915930358 13.3772989361931 0.0665899787703421 -0.8432162801726
49.5000000000004 26.5925056292755 79.7827879415045 67.4519571251995 13.4360423252435 0.0669152472934552 -0.847413810874143
49.6000000000004 26.6531718384568 79.7959133866194 67.4442735359668 13.4947711434119 0.0674562740193716 -0.845024431117845
49.7000000000004 26.7138794714058 79.8092786763977 67.4365281228248 13.5534805489844 0.0682179068936333 -0.836183206183865
49.8000000000004 26.7746261100611 79.8228829444426 67.4287079738772 13.6121654982416 0.0692022726048013 -0.821277137285535
49.9000000000004 26.8354092140346 79.8367253257212 67.4207999829633 13.6708207442891 0.070408864801337 -0.800909759884288
50.0000000000004 26.8962261288138 79.8508049567591 67.412790864777 13.7294408358872 0.0718347484976451 -0.775847187765873
50.1000000000004 26.9570740943642 79.8651209758117 67.4046671700128 13.7880201162984 0.0734746599942035 -0.74691399378369
50.2000000000004 27.0179502542925 79.8796725224114 67.3964153012005 13.8465527225985 0.075320745279162 -0.715005819147833
50.3000000000004 27.0788516658133 79.8944587353338 67.3880215302884 13.9050325861628 0.0773634935347103 -0.681048230068721
50.4000000000004 27.1397753101134 79.9094787499401 67.3794720169157 13.9634534336158 0.0795923334386731 -0.645890428175281
50.5000000000004 27.2007181028592 79.9247316954953 67.3707528267115 14.0218087877981 0.0819960100378354 -0.610275226431909
50.6000000000004 27.2616769047899 79.9402166924876 67.3618499495935 14.0800919687338 0.0845629126160202 -0.574824103619131
50.7000000000005 27.3226485323477 79.9559328499457 67.3527493180667 14.138296094598 0.0872813455319302 -0.540034666718224
50.8000000000005 27.3836297682989 79.9718792627588 67.3434368255227 14.1964140826839 0.0901397408131771 -0.506287130138389
50.9000000000005 27.4446173722928 79.9880550089941 67.3338983445377 14.2544386503698 0.0931268161260612 -0.473856475474497
51.0000000000005 27.5056080913117 80.0044591472156 67.3241197451722 14.312362316087 0.096231684650163 -0.442927471473253
51.1000000000005 27.566598669977 80.0210907137833 67.3140869132638 14.3701774003066 0.0994438469614656 -0.413663589580023
51.2000000000005 27.6275858610273 80.0379487196435 67.3037857685791 14.4278760270564 0.102753005344504 -0.386164441367388
51.3000000000005 27.6885664364942 80.055032145827 67.2932022826038 14.4854501267777 0.106149324454513 -0.360427669114478
51.4000000000005 27.749537198906 80.0723399384392 67.2823224961923 14.542891439712 0.109623499654738 -0.336416312260163
51.5000000000005 27.8104949920936 80.0898710036304 67.2711325372111 14.6001915193067 0.1131667321056 -0.314069011806707
51.6000000000005 27.8714367115328 80.1076242025661 67.2596186381818 14.6573417356221 0.116770695833056 -0.293308160719063
51.7000000000005 27.9323593141707 80.1255983463971 67.247767153925 14.7143332787371 0.120427500333099 -0.274046244340652
51.8000000000005 27.9932598276864 80.1437921912301 67.2355645792034 14.7711571621562 0.124129651379807 -0.256190650673048
51.9000000000005 28.054135359132 80.1622044330975 67.2229975663656 14.8278042262155 0.127870011983087 -0.239647227306275
52.0000000000005 28.1149831029051 80.1808337029283 67.2100529429893 14.8842651414888 0.131641764876209 -0.224322837374882
52.1000000000005 28.1758003480234 80.1996785615061 67.1967177294938 14.9405304122158 0.13543843736218 -0.21018420210639
52.2000000000005 28.2365844852233 80.2187374941234 67.1829791559495 14.9965903802821 0.139254049148674 -0.197192758090124
52.3000000000005 28.2973330147724 80.2380089044621 67.1688246768486 15.0524352306026 0.143082900402089 -0.185254551070912
52.4000000000005 28.3580435540656 80.25749110817 67.154241985072 15.1080549970576 0.146919479015704 -0.174282636658948
52.5000000000005 28.4187138443996 80.2771823264252 67.1392190258261 15.1634395684501 0.150758431797759 -0.164196974077522
52.6000000000005 28.4793417568615 80.2970806795 67.1237440105788 15.2185786944632 0.154594540066609 -0.154924176160561
52.7000000000005 28.5399252972921 80.3171841803261 67.1078054309964 15.2734619916176 0.158422699482044 -0.146397169388437
52.8000000000005 28.6004626102833 80.3374907280589 67.0913920728797 15.3280789492288 0.162237903932116 -0.138554802824912
52.9000000000005 28.6609519821705 80.3579981016413 67.0744930301008 15.3824189353643 0.16603523329735 -0.131341433558158
53.0000000000005 28.7213918429842 80.3787039533691 67.0570977185389 15.4364712028013 0.169809844920303 -0.124706507859498
53.1000000000005 28.7817807673551 80.3996058024556 67.0391958899705 15.4902248950033 0.173557126614865 -0.118641097246101
53.2000000000005 28.8421174751403 80.42070102862 67.0207776447395 15.5436690526076 0.177273154514523 -0.113135293928602
53.3000000000005 28.9024008330847 80.4419868657337 67.0018334413338 15.5967926212072 0.180954191743606 -0.108144485331626
53.4000000000005 28.962629856318 80.4634603954886 66.9823541047427 15.6495844596433 0.184596524081628 -0.103628748471205
53.5000000000005 29.0228037088917 80.4851185410673 66.9623308347669 15.7020333483172 0.188196459820277 -0.0995523595648028
53.6000000000005 29.0829217033094 80.5069580608126 66.9417552143295 15.7541279975024 0.191750332389494 -0.0958833578804693
53.7000000000005 29.1429832990313 80.5289755418972 66.9206192177863 15.8058570556561 0.195254505583401 -0.0925931585262486
53.8000000000005 29.2029880999391 80.5511673939936 66.898915219236 15.8572091177321 0.198705381232888 -0.0896562091613441
53.9000000000005 29.2629358507482 80.5735298429436 66.8766360008311 15.9081727334917 0.202099409182844 -0.0870496859619784
54.0000000000005 29.3228264323565 80.5960589244284 66.8537747610879 15.9587364158163 0.205433099438847 -0.0847532245628694
54.1000000000005 29.3826598561604 80.6187504776539 66.8303251231472 16.0088886490345 0.208703229122664 -0.0827603441905065
54.2000000000005 29.4424362583063 80.6416001394513 66.8062811417324 16.058617897641 0.211907409545131 -0.081064595290142
54.3000000000005 29.5021558955189 80.6646033394324 66.7816373068016 16.1079126160127 0.215043474046595 -0.0796490001183186
54.4000000000005 29.5618191411063 80.6877552955579 66.7563885458972 16.1567612585157 0.21810928957223 -0.0784985830492362
54.5000000000005 29.6214264802138 80.7110510097237 66.7305302264464 16.2051522896285 0.221102768700828 -0.0776001639831271
54.6000000000005 29.6809785042958 80.7344852633459 66.7040581580603 16.2530741940647 0.224021882835209 -0.0769421787179697
54.7000000000005 29.7404759048144 80.7580526129462 66.6769685948344 16.300515486896 0.226864676444222 -0.0765145226104926
54.8000000000005 29.7999194661743 80.7817473857378 66.6492582376477 16.3474647236747 0.229629282250699 -0.0763084143880353
54.9000000000005 29.8593100579076 80.8055636752101 66.6209242364632 16.3939105105566 0.232313937259183 -0.0763162774325675
55.0000000000005 29.918648626121 80.8294953367147 66.5919641926272 16.4398415144239 0.234916999521488 -0.0765316362294537
55.1000000000005 29.9779361842649 80.8535359830823 66.5623761611236 16.4852464730147 0.237437159244779 -0.0769360582847717
55.2000000000005 30.037173804277 80.8776789810651 66.5321586516351 16.5301142052219 0.239874000155424 -0.0775115235107552
55.3000000000005 30.0963626098747 80.9019174498734 66.5013106265782 16.5744336218246 0.242227366357777 -0.0782535542564958
55.4000000000005 30.1555037705269 80.9262442605377 66.4698314979451 16.618193736389 0.244497168500135 -0.0791584264222239
55.5000000000005 30.2145984951328 80.9506520353022 66.4377211240999 16.6613836761761 0.246683392728498 -0.0802231048512689
55.6000000000005 30.2736480253849 80.9751331470185 66.4049798065752 16.7039926930491 0.248786109740879 -0.0814451873688463
55.7000000000005 30.3326536288344 80.9996797185392 66.3716082868684 16.7460101743809 0.250805483903194 -0.0828228562817887
55.8000000000005 30.3916165916765 81.0242836221114 66.3376077432377 16.7874256539622 0.252741782393117 -0.0843548362720718
55.9000000000005 30.4505382112756 81.0489364787708 66.3029797874986 16.8282288229083 0.254595384340814 -0.0860403577909357
56.0000000000005 30.509419788448 81.0736296577347 66.2677264618204 16.8684095405673 0.256366789939232 -0.0878791251486894
56.1000000000005 30.5682626195584 81.0983542758368 66.2318502354883 16.907957845423 0.258056788848429 -0.0898400471234898
56.2000000000005 30.6270679893303 81.1231011980207 66.1953540007849 16.9468639658786 0.259666906445965 -0.0918922275684567
56.3000000000005 30.6858371658851 81.1478610405233 66.158241066635 16.9851183307402 0.261198859106539 -0.0940361702514575
56.4000000000005 30.7445713967546 81.1726241751168 66.1205151513695 17.0227115795798 0.262654384594398 -0.096272596438986
56.5000000000005 30.8032719050334 81.1973807333923 66.0821803754552 17.0596345730952 0.264035241522194 -0.0986024373550157
56.6000000000005 30.8619398856405 81.2221206110426 66.0432412542248 17.095878403469 0.265343208840079 -0.101026828207548
56.7000000000005 30.9205765016957 81.2468334721456 66.0037026906066 17.1314344047279 0.266580085386589 -0.103547103582279
56.8000000000005 30.9791828810131 81.2715087534474 65.9635699678547 17.1662941631019 0.267747689535576 -0.106164794000014
56.9000000000005 31.0377601127147 81.2961356686454 65.9228487422786 17.2004495273838 0.26884785897079 -0.108881623468578
57.0000000000005 31.0963092439651 81.3207032126719 65.8815450359733 17.2338926192883 0.269882450622025 -0.111699507844555
57.1000000000005 31.154831276854 81.3452001660199 65.8396652295244 17.2666158437919 0.270853494482358 -0.114577833032929
57.2000000000005 31.2133271660651 81.3696151001994 65.7972160540712 17.2986118989699 0.27176361591777 -0.11747554592802
57.3000000000005 31.2717978184331 81.3939363860577 65.7542045817392 17.3298737845555 0.27261550260851 -0.1203940651846
57.4000000000005 31.3302440934952 81.4181522032298 65.7106382154304 17.3603948099966 0.273411733304838 -0.123334848759946
57.5000000000005 31.3886668044171 81.4422505496312 65.6665246785896 17.3901686024923 0.274154770106521 -0.126299412665935
57.6000000000005 31.4470667192491 81.4662192509515 65.6218720049693 17.4191891150302 0.274846951323974 -0.129289349455308
57.7000000000006 31.5054445624885 81.4900459701474 65.5766885283962 17.4474506344235 0.275490484971276 -0.132306346512377
57.8000000000006 31.5638010169261 81.5137182169363 65.5309828725364 17.4749477893473 0.276087442939376 -0.135352204202621
57.9000000000006 31.6221367257498 81.537223357289 65.4847639406611 17.5016755583766 0.276639755891457 -0.138428853936325
58.0000000000006 31.6804522948818 81.5605486229238 65.4380409054129 17.5276292780223 0.277149208919705 -0.141538376173541
58.1000000000006 31.7387482955289 81.5836811208317 65.3908231985594 17.5528046507399 0.277617571565242 -0.144641692842396
58.2000000000006 31.7970252671798 81.6066078436608 65.3431205004481 17.5771977521834 0.278046969233937 -0.147698894080867
58.3000000000006 31.8552837215015 81.6293156822746 65.294942728702 17.6008050365468 0.278439430748203 -0.150711012041822
58.4000000000006 31.9135241468039 81.651791439169 65.2463000266145 17.6236233411519 0.278796740079573 -0.153679209035244
58.5000000000006 31.9717470128046 81.6740218419214 65.1972027515341 17.6456498910065 0.27912042903566 -0.156604811248744
58.6000000000006 32.0299527756392 81.6959935566396 65.1476614632486 17.6668823033635 0.279411771129919 -0.159489341308541
58.7000000000006 32.0881418830697 81.717693201412 65.0976869123686 17.6873185922796 0.2796717766738 -0.162334549716559
58.8000000000006 32.1463147798459 81.7391073597558 65.0472900287127 17.7069571731735 0.27990118912878 -0.165142445184485
58.9000000000006 32.2044719131709 81.7602225940675 64.9964819096906 17.7257968673851 0.28010048275106 -0.167915323913344
59.0000000000006 32.2626137382226 81.7810254590711 64.9452738086881 17.7438369067337 0.280269861555863 -0.17065579785749
59.1000000000006 32.3207407236781 81.8015025152803 64.8936771234485 17.76107693804 0.280409425869918 -0.173337057701742
59.2000000000006 32.3788533570866 81.8216403427757 64.8417033843965 17.7775170266768 0.280519664553227 -0.175930946360197
59.3000000000006 32.4369521499573 81.8414255557849 64.7893642428133 17.7931576576596 0.280600941485731 -0.178438527747647
59.4000000000006 32.4950376428275 81.8608448175784 64.736671458954 17.8079997357662 0.280653324333604 -0.180861186285938
59.5000000000006 32.5531104104019 81.879884855378 64.683636890162 17.8220445856195 0.280676582688134 -0.183200658525887
59.6000000000006 32.6111710667121 81.8985324752645 64.6302724789843 17.8352939517701 0.28067018771137 -0.185459062635172
59.7000000000006 32.6692202702406 81.9167745770862 64.5765902412857 17.8477499987792 0.2806333133143 -0.187638925822372
59.8000000000006 32.7272587289543 81.9345981693672 64.5226022543643 17.8594153113011 0.280564838887845 -0.189743209795611
59.9000000000006 32.7852872051909 81.9519903842152 64.4683206450658 17.8702928941661 0.280463353597455 -0.191775334442869
60.0000000000006 32.8433065203435 81.96893849223 64.4137575778983 17.880386172463 0.280327162247417 -0.193739199936568
60.1000000000006 32.9013175592707 81.9854299173962 64.358925243156 17.8896989915909 0.280154475857511 -0.19563261207304
60.2000000000006 32.9593212739608 82.0014522515848 64.3038358452644 17.8982356165059 0.279943985328909 -0.197451795930587
60.3000000000006 33.0173186858222 82.016993268059 64.2485015916893 17.9060007289233 0.279694345558121 -0.199198954463379
60.4000000000006 33.0753108873807 82.0320409345884 64.1929346820682 17.9129994237148 0.27940400032145 -0.20087670834613
60.5000000000006 33.1332990438003 82.046583426548 64.1371472973494 17.9192372052748 0.27907118737008 -0.202488115513713
60.6000000000006 33.1912843941982 82.0606091400176 64.0811515889324 17.9247199838868 0.2786939447846 -0.204036689859649
60.7000000000006 33.2492682527116 82.0741067048806 64.024959667807 17.9294540720895 0.278270118572334 -0.205526419369271
60.8000000000006 33.3072520092728 82.0870649979229 63.9685835936933 17.9334461810429 0.277797371480527 -0.206961783980634
60.9000000000006 33.3652371300501 82.0994731559323 63.912035364181 17.9367034168946 0.277273192990131 -0.2083477735285
61.0000000000006 33.4232251575151 82.1113205887976 63.8553269038696 17.9392332771465 0.276694910445096 -0.20968990619677
61.1000000000006 33.481217710071 82.1225969925636 63.7984700535252 17.9410436469917 0.276059979677464 -0.211008111655738
61.2000000000006 33.5392164805601 82.1332923613455 63.7414765596973 17.9421427949148 0.275366867181459 -0.212319601057899
61.3000000000006 33.5972232327247 82.1433969963483 63.6843580655015 17.942539366416 0.27461428235439 -0.213626497613375
61.4000000000006 33.6552397968757 82.1529015137449 63.6271261018604 17.9422423769976 0.273800910400745 -0.214931306679112
61.5000000000006 33.7132680654566 82.1617968525105 63.5697920787633 17.9412612051217 0.27292541508586 -0.216236935994126
61.6000000000006 33.771309988518 82.1700742822573 63.5123672765257 17.939605585168 0.271986441943945 -0.217546717173825
61.7000000000006 33.8293675690831 82.1777254110687 63.4548628370482 17.9372856003917 0.270982621911176 -0.218864428723945
61.8000000000006 33.8874428583905 82.1847421933339 63.3972897550759 17.9343116758812 0.269912575357205 -0.2201943208416
61.9000000000006 33.9455379510005 82.1911169375823 63.3396588694577 17.9306945715161 0.268774916478286 -0.221541142316401
62.0000000000006 34.0036549797511 82.1968423143182 63.2819808544056 17.9264453749246 0.267568258021834 -0.22291016990309
62.1000000000006 34.061796110526 82.201911363804 63.2242662107778 17.9215754944312 0.266291477973693 -0.224333553543678
62.2000000000006 34.1199635361627 82.2063175025233 63.1665252579858 17.9160966517208 0.264944548290585 -0.225840939748832
62.3000000000006 34.1781594685644 82.2100545262898 63.1087681274824 17.9100208737876 0.263527817217808 -0.227434535715782
62.4000000000006 34.2363861303028 82.2131166120359 63.0510047568746 17.9033604846018 0.262041751323248 -0.229116925466496
62.5000000000006 34.294645746437 82.21549831955 62.9932448840596 17.896128096765 0.260486928985212 -0.230891091330009
62.6000000000006 34.3529405365861 82.2171945932139 62.9354980413608 17.8883366031661 0.258864033903649 -0.232760437243117
62.7000000000006 34.4112727072581 82.2182007637406 62.877773549664 17.8799991686368 0.257173848669268 -0.234728814064286
62.8000000000006 34.4696444444426 82.2185125499112 62.8200805125537 17.8711292216073 0.255417248428321 -0.236800547099251
62.9000000000006 34.5280579064701 82.2181260603129 62.7624278104492 17.8617404457619 0.253595194683921 -0.238980466060571
63.0000000000006 34.5865152171438 82.2170377950764 62.7048240947406 17.851846771695 0.251708729276084 -0.241273937708245
63.1000000000006 34.6450184591181 82.215244647564 62.6472777819568 17.841462368559 0.249759243934764 -0.243707422480374
63.2000000000006 34.7035696668474 82.212743904788 62.5897970487501 17.83060163552 0.247749334008604 -0.246304129814747
63.3000000000006 34.7621708181507 82.2095332446026 62.5323898289565 17.8192791927259 0.245682019767215 -0.249065100747781
63.4000000000006 34.8208238257202 82.2056107316248 62.4750638114737 17.8075098720808 0.243560462796926 -0.251991534810674
63.5000000000006 34.8795305293226 82.2009748131072 62.4178264381697 17.7953087080127 0.241387949280488 -0.255084775140302
63.6000000000006 34.9382926887282 82.1956243148102 62.360684901792 17.7826909282411 0.239167873806953 -0.258346291771401
63.7000000000006 34.9971119773684 82.1895584368744 62.3036461438766 17.769671944545 0.236903723783019 -0.261777662932922
63.8000000000006 35.0559899767242 82.182776749693 62.2467168526573 17.7562673435297 0.234599064508789 -0.265380554158577
63.9000000000006 35.1149281714401 82.1752791897841 62.1899034609745 17.7424928773951 0.23225752497473 -0.269156694999793
64.0000000000006 35.173927945162 82.1670660556632 62.1332121441846 17.728364454703 0.229882784425912 -0.273107853109261
64.1000000000006 35.2329905770614 82.1581380036884 62.0766488181013 17.7138981311476 0.227478725038649 -0.277247199945705
64.2000000000006 35.2921172383546 82.1484960432006 62.0202191377875 17.6991101004025 0.225049943399291 -0.281584876990472
64.3000000000006 35.3513089877862 82.1381415298748 61.9639284985042 17.6840166851612 0.222601287853062 -0.286117643824015
64.4000000000006 35.4105667672998 82.127076158365 61.9077820375096 17.6686343282544 0.220137682214367 -0.290841544265284
64.5000000000006 35.4698913986065 82.115301954924 61.8517846358902 17.6529795837697 0.217664108317069 -0.295751797381893
64.6000000000006 35.5292835806673 82.1028212700212 61.7959409203929 17.6370691081716 0.215185589301671 -0.300842682405695
64.7000000000006 35.588743888073 82.0896367709621 61.7402552652561 17.6209196514214 0.212707173585784 -0.30610741839957
64.8000000000006 35.6482727703032 82.0757514345065 61.6847317940416 17.6045480480976 0.210233919448881 -0.311538039808148
64.9000000000006 35.7078705518455 82.0611685394875 61.6293743814659 17.5879712085151 0.207770880145186 -0.317125269432299
65.0000000000006 35.7675374331498 82.0458916594298 61.5741866552318 17.5712061098459 0.205323089447352 -0.322858390768997
65.1000000000006 35.8272734923689 82.0299246551653 61.5191719978882 17.5542697872456 0.202895598368773 -0.328727661446257
65.2000000000006 35.8870786871914 82.0132716673474 61.4643335494189 17.5371793251697 0.20049363546456 -0.334720202351778
65.3000000000006 35.9469528556976 81.9959371087117 61.4096742116827 17.5199518491663 0.198122476515177 -0.34081777932431
65.4000000000006 36.0068957173261 81.9779256562369 61.3551966535832 17.5026045178589 0.195787381354449 -0.346999843849569
65.5000000000006 36.0669068746049 81.9592422433014 61.3009033162666 17.4851545149349 0.19349357565049 -0.353243418916778
65.6000000000005 36.1269858156451 81.9398920518402 61.2467964183188 17.467619041135 0.191246232242888 -0.359523010898861
65.7000000000005 36.1871319173694 81.9198805045016 61.1928779609635 17.4500153062424 0.189050451897339 -0.365810554760412
65.8000000000005 36.2473444494454 81.899213256804 61.1391497332597 17.4323605210716 0.186911243352493 -0.372075400346473
65.9000000000005 36.3076225788914 81.877896189293 61.0856133172994 17.4146718894581 0.184833502553905 -0.37828434771731
66.0000000000005 36.3679653753227 81.8559353996976 61.0322700934049 17.3969666002472 0.182821991000123 -0.384401739364824
66.1000000000005 36.4283718167785 81.8333371951 60.9791212453489 17.3792618192931 0.180881286052702 -0.390393302025057
66.2000000000005 36.488840795423 81.8101080844266 60.9261677661426 17.3615746817186 0.17901569913387 -0.39622352519638
66.3000000000005 36.5493711220076 81.7862547717581 60.8734104652693 17.3439222848349 0.177229372982223 -0.401851715797252
66.4000000000005 36.6099615301281 81.7617841499613 60.8208499764867 17.3263216813217 0.175526289371972 -0.407235561619283
66.5000000000005 36.6706106809172 81.7367032943336 60.7684867656515 17.3087898724179 0.173910243308822 -0.412331544575048
66.6000000000005 36.731317168169 81.7110194562475 60.7163211385432 17.2913438011115 0.172384816748247 -0.417095430206196
66.7000000000005 36.7920795238668 81.6847400567948 60.6643532486889 17.2740003453301 0.170953352081291 -0.421482828894087
66.8000000000005 36.8528962240808 81.6578726804314 60.6125831051874 17.2567763111309 0.169618925685614 -0.425449820549429
66.9000000000005 36.9137656952073 81.6304250686212 60.5610105805335 17.2396884258913 0.168384321895713 -0.428953630650339
67.0000000000005 36.9746863205163 81.6024051134809 60.5096354184423 17.2227533314989 0.167252007785211 -0.431953341707408
67.1000000000005 37.0356564469526 81.5738208514478 60.4584572416843 17.2059875775521 0.166224033078419 -0.434425204004508
67.2000000000005 37.0966743915916 81.5446804575463 60.4074755601961 17.1894076148297 0.16530180762118 -0.436351975794423
67.3000000000005 37.1577384467845 81.514992241179 60.3566897798922 17.1730297894415 0.16448636031719 -0.437707070007862
67.4000000000004 37.2188468848335 81.4847646425167 60.3060992117523 17.1568703372481 0.163778407771687 -0.438467964471366
67.5000000000004 37.2799979627322 81.4540062289118 60.2557030809196 17.1409453782914 0.163178342510324 -0.438616659206916
67.6000000000004 37.3411899269678 81.4227256913114 60.2055005357988 17.1252709112242 0.162686224007384 -0.43814004895672
67.7000000000004 37.4024210183639 81.3909318406708 60.1554906571545 17.1098628077402 0.162301772744319 -0.437030196193135
67.8000000000004 37.463689476938 81.3586336043667 60.105672467209 17.0947368070046 0.162024367457931 -0.435284493474766
67.9000000000004 37.5249935467525 81.3258400226106 60.0560449387409 17.0799085100836 0.161853045664292 -0.432905708299111
68.0000000000004 37.586331480733 81.2925602448622 60.0066070041829 17.0653933743747 0.161786507469091 -0.429901908359944
68.1000000000004 37.6477015454176 81.2588035262647 59.9573575647208 17.0512067080436 0.161823054257561 -0.426308337627163
68.2000000000004 37.7091020252488 81.2245792246604 59.9082954994094 17.0373636646433 0.161960420281904 -0.422167453829074
68.3000000000004 37.7705312257805 81.1898967990767 59.8594196743325 17.0238792381947 0.162196037879001 -0.417504647327852
68.4000000000004 37.8319874763244 81.1547658087927 59.81072895178 17.0107682584489 0.162527129430727 -0.412348412907032
68.5000000000004 37.8934691323756 81.1191959124272 59.7622221994255 16.9980453861568 0.162950726079179 -0.4067298154439
68.6000000000004 37.9549745778162 81.0831968670269 59.7138982995043 16.9857251083386 0.163463687721496 -0.400681933797116
68.7000000000004 38.0165022268837 81.0467785271554 59.6657561579908 16.9738217335533 0.164062723954437 -0.39423929973509
68.8000000000004 38.0780505258911 81.0099508439807 59.6177947137768 16.9623493871678 0.164744415648234 -0.387437347510011
68.9000000000004 38.1396179546838 80.9727238643644 59.5700129478488 16.951322006627 0.16550523684538 -0.380311887836449
69.0000000000004 38.201203027824 80.9351077299492 59.5224098924657 16.9407533367229 0.166341576703289 -0.372898617786371
69.1000000000004 38.2628042954847 80.8971126762628 59.4749846403274 16.930656924866 0.167249710468445 -0.365255103926267
69.2000000000003 38.3244203439935 80.858749032199 59.4277363534933 16.9210461164078 0.168225683916686 -0.357438846742835
69.3000000000003 38.3860497959144 80.8200272204636 59.3806642716668 16.9119340500927 0.169265513230014 -0.349483663640252
69.4000000000003 38.447691309711 80.7809577583976 59.3337677202316 16.903333653561 0.170365259165309 -0.341421301137255
69.5000000000003 38.5093435790282 80.7415512588167 59.2870461182774 16.8952576388535 0.17152104541231 -0.333281269160982
69.6000000000003 38.5710053315933 80.7018184308491 59.2404989866254 16.8877184979164 0.172729075743332 -0.325090732250667
69.7000000000003 38.6326753277329 80.6617700807749 59.1941259558548 16.8807284981062 0.173985649971986 -0.316874452021261
69.8000000000003 38.6943523585042 80.6214171128643 59.1479267743285 16.8742996776945 0.175287178764356 -0.308654774646019
69.9000000000003 38.7560352434412 80.5807705302168 59.1019013162191 16.8684438413727 0.176630197364676 -0.30045165685598
70.0000000000003 38.817722827915 80.5398414355992 59.0560495895344 16.8631725557572 0.178011378313237 -0.292282723992416
70.1000000000003 38.8794139801251 80.498641032288 59.010371744125 16.8584971448921 0.179427503682525 -0.284182244856699
70.2000000000003 38.9411075880192 80.4571806249959 58.9648680791948 16.8544286857136 0.180875357836906 -0.276182479514498
70.3000000000003 39.0028025566127 80.4154716210132 58.919539049554 16.8509780034114 0.182351856596766 -0.268294701788602
70.4000000000003 39.064497805206 80.373525531434 58.8743852713757 16.8481556667529 0.183854095198046 -0.260528131333978
70.5000000000003 39.1261922642012 80.3313539723854 58.8294075279335 16.8459719834032 0.185379355848942 -0.252890098565753
70.6000000000003 39.1878848715151 80.2889686662571 58.7846067753398 16.8444369952473 0.186925114740913 -0.245386209576387
70.7000000000003 39.2495745685971 80.2463814429308 58.7399841482833 16.843560473711 0.188489048621557 -0.238020508065255
70.8000000000003 39.3112602960641 80.2036042410095 58.6955409657666 16.8433519150821 0.190069041027053 -0.23079563197638
70.9000000000002 39.3729409889633 80.1606491090465 58.6512787368443 16.8438205358321 0.191663188262502 -0.223712963122559
71.0000000000002 39.4346155716772 80.1175282067757 58.6071991663604 16.844975267937 0.193269805208567 -0.216772768589359
71.1000000000002 39.4962829525125 80.0742538063304 58.5633041606565 16.8468247542008 0.194887409287526 -0.209992492097795
71.2000000000002 39.5579420186934 80.0308382932141 58.5195958324985 16.8493773436269 0.196514645135227 -0.203388304578753
71.3000000000002 39.6195916328908 79.9872941666364 58.4760765040221 16.8526410869134 0.198150326421732 -0.19695730247388
71.4000000000002 39.681230630166 79.9436340395999 58.4327487088971 16.8566237319961 0.199793456302402 -0.190695992134166
71.5000000000002 39.7428578146364 79.8998706389769 58.3896151944627 16.8613327195942 0.201443229988454 -0.184600386412827
71.6000000000002 39.804471955853 79.8560168055871 58.3466789238613 16.8667751787551 0.203099037422989 -0.178666091222469
71.7000000000002 39.8660717849059 79.8120854942737 58.3039430781734 16.8729579224 0.204760466087897 -0.172888382725312
71.8000000000002 39.9276559902756 79.7680897739814 58.2614110585525 16.8798874428694 0.206427303963471 -0.167262275849496
71.9000000000002 39.9892232134499 79.7240428278327 58.219086488359 16.8875699074679 0.208099542656351 -0.161782584865675
72.0000000000002 40.0507720443259 79.6799579532054 58.1769732152956 16.8960111540099 0.209777380708702 -0.156443976745044
72.1000000000002 40.1123010164537 79.6358485617913 58.1350753135077 16.9052166863661 0.211461187357623 -0.151254282507185
72.2000000000002 40.1738086030391 79.5917281791893 58.0933970848146 16.9151916700562 0.213151358662773 -0.146221204653958
72.3000000000002 40.2352932151439 79.5476104433137 58.0519430577299 16.9259409279534 0.214848389506143 -0.141339160500385
72.4000000000002 40.296753200642 79.5035091023363 58.0107179856124 16.9374689360352 0.216552907204826 -0.136602620005928
72.5000000000002 40.3581868430441 79.4594380126111 57.9697268447828 16.9497798191355 0.218265672566822 -0.132006126763196
72.6000000000002 40.4195923601686 79.4154111365976 57.9289748326407 16.9628773466959 0.219987581206114 -0.127544315425045
72.7000000000001 40.4809679026742 79.3714425407862 57.8884673657817 16.9767649285188 0.221719665112228 -0.123211926028915
72.8000000000001 40.5423115524698 79.3275463936212 57.8482100781141 16.9914456105182 0.223463094467234 -0.119003815640631
72.9000000000001 40.6036213210174 79.2837369634261 57.8082088189761 17.0069220704725 0.225219179705523 -0.114914967690623
73.0000000000001 40.6648951475443 79.2400286163268 57.7684696512528 17.0231966137764 0.226989373807917 -0.110940499331451
73.1000000000001 40.7261308972269 79.1964358141516 57.7289988494538 17.0402711692041 0.228775244535355 -0.107089046577275
73.2000000000001 40.7873263605236 79.1529731116739 57.6898028967771 17.058147284979 0.230578342863899 -0.103369157898657
73.3000000000001 40.8484792555139 79.1096551521923 57.6508884795975 17.0768261256179 0.232400218581817 -0.0997760992011879
73.4000000000001 40.9095872313884 79.0664966624547 57.6122624809404 17.0963084690804 0.234242438303086 -0.096305363388118
73.5000000000001 40.9706478719308 79.0235124475567 57.5739319739173 17.1165947039308 0.236106584151387 -0.0929526603520287
73.6000000000001 41.0316586989472 78.9807173858415 57.5359042151605 17.137684826499 0.237994252777702 -0.0897139069759329
73.7000000000001 41.0926171756473 78.9381264237978 57.4981866382583 17.1595784380426 0.239907054695011 -0.0865852172488674
73.8000000000001 41.1535207099785 78.8957545709595 57.4607868471901 17.1822747419077 0.241846613913632 -0.083562892554722
73.9000000000001 41.2143666579154 78.8536168948043 57.4237126097613 17.2057725406908 0.243814567864218 -0.080643412209613
74.0000000000001 41.2751523267073 78.8117285156525 57.3869718510386 17.2300702334001 0.245812567593571 -0.0778234242753044
74.1000000000001 41.3358749781296 78.7701046015418 57.3505726467518 17.2551658126354 0.2478422550721 -0.0751091305823976
74.2000000000001 41.3965318328416 78.7287603624687 57.314523215842 17.281056862249 0.249905147362756 -0.072506706877588
74.3000000000001 41.4571200776104 78.6877110430217 57.27883191084 17.3077405562278 0.252002622487977 -0.0700130399214272
74.4 41.5176368736273 78.6469719143821 57.243507207391 17.3352136580563 0.254135927610969 -0.0676252120035294
74.5 41.5780793648007 78.6065582662996 57.2085576937458 17.3634725200977 0.256306176018988 -0.0653404854675641
74.6 41.6384446859643 78.5664853990687 57.1739920602524 17.3925130829757 0.258514344511954 -0.0631562885650371
74.7 41.6987299709838 78.5267686155046 57.1398190888474 17.4223308749557 0.260761271188851 -0.0610702025950823
74.8 41.7589323607453 78.4874232129189 57.1060476425475 17.4529210113263 0.263047653624143 -0.0590799502836738
74.9 41.819049011004 78.448464475096 57.0726866549411 17.4842781937811 0.265374047432187 -0.0571833853362634
75 41.879077100077 78.4099076642688 57.0397451196797 17.5163967097993 0.267740865220805 -0.0553784831199074
75.1 41.9390138363987 78.3717680130749 57.0072320799499 17.5492704320595 0.27014840935572 -0.0536655423870704
75.2 41.9988564669376 78.3340607159842 56.9751566174427 17.5828928186623 0.272596923978209 -0.0520447833713129
75.3 42.0586022881095 78.2968009193899 56.9435278400452 17.6172569154146 0.27508640828131 -0.0505142721561033
75.4 42.1182486575829 78.2600037111712 56.9123548690295 17.6523553589231 0.277616566155606 -0.0490722273724039
75.5 42.1777930059318 78.2236841102353 56.8816468262226 17.6881803797204 0.280186801545685 -0.0477170085486436
75.6 42.2372328480555 78.1878570560609 56.8514128211755 17.7247238053902 0.282796214440192 -0.0464471061935442
75.7 42.2965657943222 78.1525373982401 56.8216619383328 17.7619770636932 0.28544359754048 -0.0452611334716589
75.8 42.3557895613915 78.1177398860217 56.7924032242024 17.7999311856923 0.288127433663133 -0.0441578193917181
75.9 42.4149019826713 78.0834791578528 56.7636456745249 17.8385768088784 0.290845893943032 -0.0431360033775545
76 42.47390101836 78.0497697309225 56.7353982214431 17.8779041802961 0.293596836912003 -0.0421946311328133
76.1 42.5327847650592 78.0166259906963 56.7076697206758 17.9179031597124 0.296377956823896 -0.0413258654252689
76.1999999999999 42.5915514657233 77.9840621802548 56.6804689387948 17.958563223922 0.299187189516083 -0.0405217478129699
76.2999999999999 42.6501995212969 77.9520923891334 56.6538045407678 17.9998734739343 0.302022195569208 -0.0397812263598019
76.3999999999999 42.7087275028431 77.9207305419657 56.6276850776036 18.0418226432958 0.304880196855016 -0.0391033842437783
76.4999999999999 42.7671341633248 77.889990387119 56.6021189740028 18.0843991064567 0.307757972257574 -0.0384874326385235
76.5999999999999 42.8254184489405 77.8598854853298 56.5771145160075 18.1275908871373 0.310651854873942 -0.0379327049757111
76.6999999999999 42.8835795099448 77.8304291983401 56.5526798386516 18.1713856666942 0.313557730867735 -0.037438652503591
76.7999999999999 42.9416167108813 77.8016346775322 56.528822913611 18.2157707924864 0.316471040163755 -0.0370048410635197
76.8999999999999 42.9995296401556 77.7735148525651 56.5055515368531 18.2607332862423 0.319386779181407 -0.0366309490100791
76.9999999999999 43.0573181188717 77.7460824200098 56.4828733162878 18.3062598524252 0.322299505814 -0.0363167662215819
77.0999999999999 43.1149822088751 77.7193498319903 56.4607956594397 18.3523368866375 0.325203555906639 -0.0360489816787999
77.1999999999999 43.172522220404 77.6933292849634 56.4393257617181 18.398950484986 0.328093657344951 -0.0358141747118317
77.2999999999999 43.2299387201669 77.6680327088504 56.4184705962013 18.446086455892 0.330964270651618 -0.0356121322463663
77.3999999999999 43.2872325392239 77.6434717563068 56.3982369040172 18.4937303328636 0.33380938001372 -0.0354427426167075
77.4999999999999 43.3444047801672 77.6196577919985 56.3786311847469 18.541867387305 0.336622501656785 -0.0353059931453854
77.5999999999999 43.4014568234988 77.596601881877 56.3596596868286 18.5904826413259 0.339396695501332 -0.0352019685920408
77.6999999999999 43.4583903331185 77.5743147824551 56.3413283979613 18.6395608805509 0.342124580337239 -0.0351308504653035
77.7999999999999 43.5152072608349 77.5528069300824 56.3236430355084 18.6890866669289 0.344798352731165 -0.0350929172043865
77.8999999999998 43.5719098498144 77.5320884302211 56.3066090369015 18.7390443515424 0.3474098098634 -0.035088545234082
77.9999999999998 43.6285006368802 77.5121690467211 56.2902315500442 18.7894180874168 0.349950376455126 -0.035118210929611
78.0999999999998 43.6849824535872 77.4930581911184 56.2745154237538 18.8401918423604 0.352411445460949 -0.0351676911292078
78.1999999999998 43.7413584262486 77.4747649125121 56.2594651992004 18.8913494125944 0.354785331586418 -0.0352224414298424
78.2999999999998 43.7976319754349 77.4572978889133 56.2450851038741 18.942874438388 0.357064356942149 -0.035282587588964
78.3999999999998 43.8538068147812 77.4406654191736 56.2313790465499 18.9947504204853 0.359240567931176 -0.0353483291105438
78.4999999999998 43.9098869488558 77.4248754149351 56.2183506122904 19.046960736561 0.361305767365938 -0.0354199407362285
78.5999999999998 43.9658766700129 77.4099353925814 56.2060030574482 19.0994886576768 0.36325155035507 -0.035497774408051
78.6999999999998 44.0217805541589 77.395852465188 56.1943393046688 19.1523173647378 0.365069343877037 -0.0355822617389931
78.7999999999998 44.0776034553678 77.3826333344729 56.1833619378935 19.205429964949 0.366750449893018 -0.035673917005658
78.8999999999998 44.1333504992855 77.3702842827471 56.1730731973616 19.2588095082713 0.368286091782597 -0.0357733407118334
78.9999999999998 44.1890270752658 77.3588111648653 56.1634749746136 19.3124390038782 0.369667463817629 -0.0358812237646716
79.0999999999998 44.2446388271775 77.3482194002151 56.1545688075402 19.3663014366151 0.370886163713227 -0.0359866392007484
79.1999999999998 44.3001916425869 77.3385139657161 56.1463558766321 19.420379783548 0.371935403509015 -0.0360781437127352
79.2999999999998 44.3556916401039 77.3296993913827 56.1388370042821 19.4746570307359 0.372808942189498 -0.0361557665146378
79.3999999999998 44.4111451556593 77.3217797568954 56.1320126552869 19.5291161900925 0.373500746901431 -0.0362195957231357
79.4999999999998 44.4665587280529 77.314758688212 56.1258829373967 19.5837403162507 0.374005029775666 -0.0362697815573238
79.5999999999998 44.5219390837796 77.3086393541785 56.1204476018634 19.6385125234277 0.374316284334087 -0.0363065393820559
79.6999999999997 44.5772931211275 77.3034244631398 56.1157060439901 19.6934160022893 0.374429321043689 -0.0363301526040131
79.7999999999997 44.6326278935527 77.2991162595506 56.1116573036798 19.7484340368151 0.374339301564845 -0.0363409754119806
79.8999999999997 44.6879505923352 77.2957165205865 56.1083000659842 19.8035500211628 0.374041771236113 -0.0363394353810192
79.9999999999997 44.7432685285319 77.2932265527543 56.1056326616525 19.8587474765334 0.373532689337317 -0.0363260359498669
80.0999999999997 44.7985891142177 77.2916471885435 56.1036530677206 19.9140100680142 0.372808818057144 -0.0362944237663561
80.1999999999997 44.8539198424762 77.290978784124 56.1023589091315 19.9693216208644 0.371868857378396 -0.0362376923640251
80.2999999999997 44.9092682654789 77.2912212196998 56.1017474629769 20.0246661353845 0.370712418340534 -0.0361556010540548
80.3999999999997 44.9646419719674 77.2923739009095 56.1018156637722 20.080027801228 0.369339664965647 -0.0360479446714072
80.4999999999997 45.0200485648529 77.2944357602676 56.1025601087692 20.1353910116913 0.367751305729575 -0.0359145519344954
80.5999999999997 45.0754956390019 77.2974052586049 56.1039770632706 20.1907403780043 0.365948580889431 -0.0357552829455018
80.6999999999997 45.1309907592598 77.301280386509 56.1060624659436 20.24606074362 0.363933245784335 -0.0355700258137898
80.7999999999997 45.1865414387576 77.3060586657657 56.1088119341336 20.3013371985053 0.361707550280101 -0.0353586923759947
80.8999999999997 45.242155117548 77.3117371507996 56.1122207691781 20.3565550934305 0.359274214578872 -0.035121212991594
80.9999999999997 45.2978391416177 77.3183124301145 56.1162839617207 20.4117000542599 0.356636401660767 -0.0348575303871072
81.0999999999997 45.3536007422792 77.3257806277787 56.1209961970624 20.4667579961944 0.353798087022245 -0.0345633129153401
81.1999999999997 45.4094470150824 77.3341374060554 56.1263518614962 20.5217151367798 0.350765260465757 -0.0342334987243509
81.2999999999997 45.4653848970755 77.3433779709418 56.1323450511376 20.5765580057819 0.347544737731944 -0.0338668958686587
81.3999999999997 45.5214211443213 77.353497078854 56.1389695817378 20.631273453827 0.344143707723513 -0.0334622430644372
81.4999999999996 45.5775623107235 77.3644890433557 56.1462189985344 20.6858486609956 0.340569669649161 -0.0330181957607291
81.5999999999996 45.6338147282308 77.3763477418875 56.1540865861024 20.7402711454153 0.33683037022504 -0.0325333104903478
81.6999999999996 45.6901844884415 77.3890666224951 56.1625653782059 20.7945287718541 0.332933741613419 -0.032006027355722
81.7999999999996 45.7466774256216 77.4026387105589 56.1716481676482 20.8486097603137 0.328887840728399 -0.0314346504841815
81.8999999999996 45.8032991011435 77.4170566155226 56.1813275161235 20.9025026946229 0.324700790480897 -0.0308173262332007
81.9999999999996 45.860054789344 77.4323125376219 56.1915957640676 20.9561965310306 0.320380723468221 -0.0301520188957201
82.0999999999996 45.9169494647459 77.4483982746495 56.2024450405366 21.0096806067304 0.315936092969358 -0.0294344864114401
82.1999999999996 45.9739877894328 77.4653052296452 56.2138672738027 21.0629446465985 0.311376754706648 -0.0286596005677815
82.2999999999996 46.031174098867 77.483024420937 56.2258542037702 21.115978765396 0.30671288457411 -0.02782361985507
82.3999999999996 46.0885123884212 77.5015464931087 56.2383973951092 21.1687734681842 0.301954560619557 -0.0269224772789902
82.4999999999996 46.1460063018875 77.5208617280026 56.2514882504157 21.2213196506718 0.297111704113794 -0.0259517442907118
82.5999999999996 46.2036591219743 77.5409600557218 56.2651180233736 21.2736085995612 0.292194026337645 -0.0249065912585405
82.6999999999996 46.2614737627387 77.5618310656336 56.2792778319146 21.325631992896 0.287210981221837 -0.0237817440741474
82.7999999999996 46.3194527639007 77.5834640173721 56.2939586713797 21.3773819004072 0.282171723868287 -0.022571436449481
82.8999999999996 46.3775982869738 77.605847851841 56.30915142768 21.4288507838604 0.277085074902157 -0.0212693573643481
82.9999999999996 46.4359121131477 77.628971202216 56.3248468904573 21.4800314974025 0.2719594905194 -0.0198685930603837
83.0999999999996 46.4943956428089 77.6528224049599 56.3410357662557 21.5309172878521 0.266803232535809 -0.0183589716120651
83.1999999999995 46.5530498956061 77.6773895111319 56.3577086919654 21.5815017935215 0.261624963983151 -0.0167292015423011
83.2999999999995 46.6118755094715 77.70266029845 56.3748562489568 21.6317790393112 0.256433201054941 -0.0149695871568297
83.3999999999995 46.6708727403581 77.7286222836485 56.3924689774877 21.6817434303365 0.251236106718652 -0.0130695581629329
83.4999999999995 46.7300414636868 77.7552627348478 56.4105373911206 21.7313897454972 0.246041475873146 -0.0110175933472302
83.5999999999995 46.7893811774621 77.7825686839234 56.4290519911396 21.7807131310477 0.240856725628956 -0.00880113902038739
83.6999999999995 46.8488910069697 77.8105269388748 56.4480032809682 21.8297090941663 0.235688890341653 -0.00640652213088645
83.7999999999995 46.908569710971 77.8391240961955 56.4673817805864 21.8783734965256 0.230544621011353 -0.00381885807733194
83.8999999999995 46.9684156893089 77.8683465532418 56.487178040948 21.9267025478623 0.225430188658097 -0.00102195335972979
83.9999999999995 47.02842699184 77.8981805206023 56.5073826583975 21.9746927995467 0.22035149128565 0.00200179659957929
84.0999999999995 47.0886013285685 77.9286120344691 56.5279862890803 22.022341138103 0.215314173705675 0.00526182664922354
84.1999999999995 47.1489360798853 77.9596269690675 56.5489796631421 22.0696447774325 0.210324001086993 0.00876830027033658
84.2999999999995 47.2094283052728 77.99121104923 56.5703535983998 22.1166012477451 0.205386597927073 0.0125421297538813
84.3999999999995 47.2700747521454 78.0233498630298 56.592099013803 22.163208383194 0.200507358440944 0.0166057242399262
84.4999999999995 47.3308718657967 78.0560288744153 56.6142069428869 22.209464309461 0.195691461128056 0.0209830255536099
84.5999999999995 47.3918158004213 78.0892334358445 56.6366685472261 22.255367431341 0.190943885796005 0.0256995224847006
84.6999999999995 47.4529024311403 78.1229488009205 56.6594751298882 22.3009164203273 0.186269432738837 0.0307822361614643
84.7999999999995 47.5141273669595 78.1571601370256 56.6826181488867 22.3461102021961 0.181672743773693 0.0362596675667967
84.8999999999995 47.5754859645962 78.1918525379565 56.7060892306347 22.3909479445921 0.17715832484918 0.0421616963697996
84.9999999999994 47.6369733431095 78.2270110365589 56.7298801833985 22.4354290446129 0.172730569937867 0.0485194181296996
85.0999999999994 47.6985843992423 78.262620617342 56.7539830107155 22.4795531163829 0.168393658440787 0.0553388704410921
85.1999999999994 47.7603138225759 78.2986662285613 56.7783899239014 22.5233199783411 0.164151225002881 0.0626245478308213
85.2999999999994 47.8221561090654 78.3351327929521 56.8030933522415 22.5667296398006 0.160006813473677 0.0704060804992416
85.3999999999994 47.8841055741981 78.3720052179324 56.8280859522721 22.6097822872221 0.155964034819435 0.0787127713546669
85.4999999999994 47.9461563665644 78.409268405784 56.853360617025 22.6524782704764 0.152026590788017 0.087572944548074
85.5999999999994 48.0083024818451 78.4469072638352 56.8789104852732 22.6948180891061 0.148198297226501 0.0970131269991462
85.6999999999994 48.0705377771837 78.4849067146416 56.9047289507762 22.7368023785887 0.144483106581091 0.107057038665121
85.7999999999994 48.1328559859173 78.5232517061691 56.9308096715252 22.7784318965984 0.140885129019148 0.117724368594498
85.8999999999994 48.1952507326424 78.561927221975 56.9571465789886 22.8197075092688 0.137408651512321 0.129029317584412
85.9999999999994 48.2577155485938 78.6009182913898 56.983733887357 22.8606301774547 0.134058154104021 0.140978895395997
86.0999999999994 48.3202438872894 78.6402099996693 57.0105661027362 22.9012009430175 0.130838030562929 0.153528699384034
86.1999999999994 48.3828291397361 78.6797874973583 57.0376380309625 22.9414209157004 0.127751736377018 0.166623976149539
86.2999999999994 48.4454646479983 78.7196360076557 57.0649447819253 22.9812912615001 0.12480269464073 0.180240992157182
86.3999999999994 48.5081437180864 78.7597408329922 57.092481772513 23.0208131916303 0.121994588478815 0.194342863181859
86.4999999999994 48.5708596328226 78.8000873615774 57.1202447295056 23.0599879515064 0.119331350851006 0.208877570004606
86.5999999999994 48.6336056647168 78.8406610739474 57.1482296924679 23.0988168097304 0.116817146585192 0.22377605537355
86.6999999999993 48.6963750888626 78.8814475495118 57.1764330166423 23.1373010470769 0.114456345669386 0.238950539663752
86.7999999999993 48.759161195861 78.9224324731011 57.2048513758417 23.1754419454776 0.112253486972 0.254293224384846
86.8999999999993 48.821957304783 78.9636016415139 57.2334817653422 23.213240777007 0.110213231808012 0.269675578979981
86.9999999999993 48.8847567761807 79.0049409700645 57.2623215047764 23.2506987928672 0.108340307136239 0.28494842123038
87.0999999999993 48.9475530251394 79.0464364990972 57.2913682409677 23.2878172124216 0.106639041586143 0.299913910847961
87.1999999999993 49.0103395338705 79.0880743996564 57.3206199492488 23.324597213486 0.105112110757743 0.314373666303389
87.2999999999993 49.0731098629389 79.1298409770105 57.3500749309311 23.3610399258106 0.103761673583944 0.328157148236892
87.3999999999993 49.1358576617987 79.171722673331 57.3797318092583 23.3971464258203 0.102589698915733 0.341089863077811
87.4999999999993 49.1985766791273 79.2137060703389 57.4095895253012 23.4329177314022 0.101597892098513 0.352998362732016
87.5999999999993 49.2612607730046 79.2557778919515 57.4396473338525 23.4683547966942 0.100787623887673 0.363715798408538
87.6999999999993 49.3239039209607 79.2979250069286 57.4699047993224 23.5034585068729 0.100159864657171 0.373087729299533
87.7999999999993 49.3865002299147 79.3401344315191 57.5003617916332 23.5382296729416 0.099715126844701 0.380977822837292
87.8999999999993 49.4490439460261 79.3823933321077 57.5310184821143 23.5726690265188 0.0994534183406218 0.387273052246943
87.9999999999993 49.511529464481 79.4246890278611 57.5618753393973 23.6067772146256 0.0993742090580686 0.391888008360446
88.0999999999993 49.5739513392204 79.4670089933494 57.5929331252625 23.6405547945301 0.0994760355594393 0.394788837759256
88.1999999999993 49.6363042923228 79.5093408605018 57.6241928892187 23.6740022300278 0.0997553925336133 0.395998455555159
88.2999999999993 49.6985832224865 79.5516724188769 57.6556559598696 23.7071198913748 0.100207924994785 0.395562172493515
88.3999999999993 49.7607832129637 79.5939916152668 57.6873239350136 23.7399080566568 0.100828849962433 0.393553211885502
88.4999999999992 49.8228995392307 79.6362865532773 57.719198671695 23.7723669132152 0.101613004894072 0.390068675270214
88.5999999999992 49.8849276764192 79.6785454929064 57.7512822762553 23.8044965590726 0.102554902086238 0.385224805202535
88.6999999999992 49.9468633065241 79.7207568501243 57.7835770943843 23.8362970043577 0.103648786165314 0.379151904769201
88.7999999999992 50.0087023253958 79.7629091964525 57.8160857011716 23.8677681727312 0.104888691940399 0.371989253243009
88.8999999999992 50.0704408495261 79.804991258543 57.8488108911577 23.8989099028111 0.106268500207356 0.363880307118431
88.9999999999992 50.1320752226328 79.846991917758 57.881755668385 23.9297219495981 0.107781989526266 0.354968407085899
89.0999999999992 50.1936020220438 79.8889002097351 57.914923236422 23.9602039859447 0.109422636016394 0.3454419705462
89.1999999999992 50.2550180648038 79.9307053235892 57.9483169876704 23.9903556051635 0.111182934199271 0.335492169590285
89.2999999999992 50.316320413321 79.9723966001919 57.9819404908546 24.0201763265258 0.113055204973471 0.325254617007212
89.3999999999992 50.3775063805664 80.0139635300881 58.0157974777957 24.0496656018989 0.115031871896777 0.314851353668784
89.4999999999992 50.4385735348683 80.0553957513974 58.0498918301569 24.078822822428 0.117105477645956 0.304390328939586
89.5999999999992 50.4995197042908 80.0966830477168 58.0842275661893 24.1076473252169 0.119268693091062 0.293965462242571
89.6999999999992 50.5603429805843 80.1378153460222 58.1188088274783 24.1361384000096 0.12151432003835 0.283657147394754
89.7999999999992 50.6210417226902 80.1787827145711 58.1536398656889 24.1642952958718 0.123835288755062 0.273533072430362
89.8999999999992 50.6816145597823 80.2195753608044 58.188725029312 24.1921172278718 0.126224651382262 0.263649244515411
89.9999999999992 50.7420603938216 80.2601836292484 58.22406875041 24.2196033837623 0.128675572288405 0.254051128887232
90.0999999999992 50.8023784016095 80.3005979994134 58.2596755313623 24.2467529306807 0.13118124708245 0.24480499271888
90.1999999999992 50.8625680364612 80.3408090836007 58.2955499315961 24.2735650223544 0.133734688001393 0.235968795964483
90.2999999999991 50.9226290296944 80.3808076244752 58.3316965542813 24.3000388075869 0.136328928268932 0.227562912236506
90.3999999999991 50.9825613916391 80.4205844925464 58.36812003301 24.3261734392471 0.138957078309979 0.219601397136362
90.4999999999991 51.042365411984 80.4601306836468 58.4048250184768 24.3519680832793 0.141612311952943 0.212093054676381
90.5999999999991 51.102041659422 80.4994373164084 58.4418161651579 24.3774219277127 0.144287853990445 0.205042390064488
90.6999999999991 51.1615909805647 80.5384956297412 58.479098117991 24.4025341916708 0.146976969524405 0.198450449258352
90.7999999999991 51.221014498093 80.5772969803103 58.5166754990547 24.4273041343808 0.14967295543728 0.192315550080966
90.8999999999991 51.2803136081139 80.6158328400133 58.5545528942482 24.4517310641831 0.152369134253471 0.186633912440689
90.9999999999991 51.3394899766906 80.6540947934586 58.592734839971 24.4758143475412 0.155058850592183 0.181400196776766
91.0999999999991 51.3985455355314 80.692074535446 58.6312258098251 24.4995534180422 0.157735562858757 0.17660027549589
91.1999999999991 51.4574824771626 80.7297638685518 58.6700302019096 24.5229477851812 0.160393118879525 0.172217904350028
91.2999999999991 51.5163032501625 80.7671547009725 58.7091523276183 24.5459970425927 0.163025475605051 0.168243627653246
91.3999999999991 51.5750105539199 80.8042390444726 58.7485964010296 24.5687008760654 0.165626611400479 0.164668077255604
91.4999999999991 51.6336073325558 80.8410090123355 58.7883665283187 24.5910590715488 0.168190534245757 0.161482138688224
91.5999999999991 51.6920967679749 80.8774568173147 58.8284666971707 24.6130715231588 0.17071129240609 0.158677085044018
91.6999999999991 51.7504822720306 80.9135747695851 58.8689007661923 24.6347382411843 0.173182987502174 0.156244684169271
91.7999999999991 51.8087674777914 80.9493552746937 58.9096724543254 24.6560593600933 0.175599789883426 0.154177283999966
91.8999999999991 51.8669562298962 80.9847908315115 58.9507853302585 24.6770351465392 0.177955956183594 0.152467880206197
91.999999999999 51.925052573994 81.0198740301838 58.9922428018403 24.6976660073671 0.180245848915393 0.151110169657757
92.099999999999 51.9830607452843 81.0545975500894 59.0340481055273 24.717952497587 0.182464163202764 0.150056016246879
92.199999999999 52.040985156643 81.0889541579885 59.0762042967701 24.7378953274972 0.184606552406422 0.149256801428461
92.299999999999 52.0988303871906 81.1229367066538 59.1187142427758 24.757495367648 0.186669010960337 0.148706631250974
92.399999999999 52.1566011706645 81.1565381336911 59.1615806162085 24.776753652955 0.188647685693793 0.148400359088936
92.499999999999 52.2143023831603 81.1897514603677 59.2048058889257 24.7956713867802 0.190538895975926 0.148333554261044
92.599999999999 52.2719390302399 81.2225697904398 59.2483923257137 24.8142499450125 0.192339154177658 0.148502473264075
92.699999999999 52.32951623343 81.2549863089813 59.2923419780241 24.8324908801482 0.194045186260071 0.148904033580664
92.799999999999 52.3870392161326 81.2869942812114 59.3366566777101 24.8503959253722 0.195653952295395 0.149535789969425
92.899999999999 52.4445132889793 81.3185870513229 59.3813380307619 24.8679669986382 0.197162666730052 0.150395913076534
92.999999999999 52.5019438346573 81.3497580413101 59.4263874110437 24.8852062067498 0.19856881820252 0.151483170181273
93.099999999999 52.5593362922656 81.3805007498071 59.4718059540655 24.9021158493946 0.199870413583881 0.152731417168874
93.199999999999 52.6166961417628 81.4108087511805 59.5175945517055 24.9186984219709 0.201066645766573 0.154073710571816
93.299999999999 52.6740288894693 81.4406756952728 59.5637538493413 24.9349566153495 0.202157188626863 0.155508273484102
93.399999999999 52.731340053965 81.4700953073994 59.610284243931 24.9508933144275 0.203141973842917 0.157033600931449
93.499999999999 52.7886351519313 81.4990613883568 59.6571858821304 24.966511596636 0.204021197084585 0.158648437995616
93.599999999999 52.8459196839547 81.5275678144304 59.70445865841 24.981814730448 0.20479532283976 0.160351759353643
93.699999999999 52.9031991203309 81.555608537402 59.7521022131731 24.9968061738856 0.205465087857691 0.162142749853365
93.7999999999989 52.9604788869048 81.5831775845579 59.8001159308723 25.011489573028 0.206031503210386 0.164020785758164
93.8999999999989 53.0177643509851 81.6102690586963 59.8484989381271 25.0258687605187 0.206495854988977 0.165985416319641
93.9999999999989 53.0750608073718 81.6368771381352 59.8972501018416 25.0399477540735 0.206859703670566 0.16803634536098
94.0999999999989 53.1323734645474 81.6629960767288 59.946368027351 25.053730754942 0.207125062040241 0.17010624845903
94.1999999999989 53.1897074315376 81.6886202041005 59.9958510573415 25.0672221451677 0.207294900041145 0.172126325577804
94.2999999999989 53.2470677062783 81.7137439264287 60.0456972727321 25.0804264818015 0.2073725424796 0.174094108462191
94.3999999999989 53.3044591648861 81.7383617274494 60.0959044943283 25.0933484899129 0.207361469067882 0.17600704598133
94.4999999999989 53.3618865514135 81.7624681694672 60.1464702845061 25.1059930555559 0.207265301201078 0.177862505602855
94.5999999999989 53.4193544680872 81.7860578943668 60.1973919488961 25.1183652187349 0.207087788277362 0.179657774233346
94.6999999999989 53.4768673660414 81.8091256246236 60.2486665380669 25.1304701663703 0.20683279369889 0.181390058552847
94.7999999999989 53.5344295365575 81.8316661643155 60.3002908492097 25.1423132252642 0.206504280686727 0.183056484951885
94.8999999999989 53.5920451028152 81.8536744001332 60.3522614278213 25.153899855066 0.206106298039153 0.184654099188434
94.9999999999989 53.6497180121628 81.8751453023921 60.4045745693887 25.1652356412382 0.205642965956509 0.186179865891622
95.0999999999989 53.7074520289185 81.896073926046 60.4572263210902 25.1763262879946 0.20511855701942 0.187590024147214
95.1999999999989 53.765250728002 81.9164554117756 60.5102124839506 25.1871776105185 0.204537744802722 0.188839566856093
95.2999999999989 53.8231174898981 81.9362849872677 60.56352861615 25.1977955253536 0.203905264677682 0.189923470463782
95.3999999999989 53.881055496528 81.9555579685677 60.617170036786 25.2081860400764 0.203225797529457 0.190836654054859
95.4999999999988 53.939067727727 81.9742697614367 60.6711318296533 25.2183552429391 0.202503954855762 0.191574004053285
95.5999999999988 53.9971569583033 81.9924158627069 60.7254088470243 25.2283092925142 0.201744264871106 0.192130399153631
95.6999999999988 54.0553257556536 82.0099918616387 60.7799957134282 25.2380544073383 0.200951159668636 0.192500735452334
95.7999999999988 54.1135764779173 82.0269934412758 60.8348868294317 25.2475968555557 0.200128963484131 0.192679951724099
95.8999999999988 54.1719112726437 82.0434163798025 60.8900763754182 25.2569429445622 0.199281882091426 0.192663054722913
95.9999999999988 54.2303320759491 82.0592565518992 60.9455583153681 25.2660990106496 0.19841399334873 0.192445144367649
96.0999999999988 54.2888406121444 82.074509930095 61.001326400645 25.2750714086498 0.197529271675516 0.19202395917887
96.1999999999988 54.3474383939354 82.0891725860219 61.0573741739451 25.2838665016056 0.196631675948355 0.191396893448459
96.2999999999988 54.406126723391 82.1032406914174 61.1136949736609 25.2924906505047 0.195725039059864 0.190558754304206
96.3999999999988 54.4649066934601 82.1167105190301 61.170281938409 25.30095020404 0.194813028632695 0.18950455583418
96.4999999999988 54.5237791898849 82.1295784435207 61.2271280115632 25.3092514883699 0.193899142421867 0.188229545821801
96.5999999999988 54.5827448934744 82.1418409423623 61.2842259457885 25.3174007968795 0.192986704834967 0.186729231212228
96.6999999999988 54.6418042827142 82.1534945967425 61.3415683075739 25.3254043799411 0.192078864539352 0.184999401906457
96.7999999999988 54.7009576366797 82.1645360924635 61.399147481767 25.3332684346752 0.191178593123543 0.18303615249313
96.8999999999988 54.7602050382294 82.1749622208437 61.4569556761065 25.3409990947112 0.19028868477626 0.18083590152082
96.9999999999988 54.8195463774481 82.1847698796187 61.5149849257567 25.3486024199482 0.189411756944644 0.178395407940811
97.0999999999988 54.8789813553159 82.1939560738352 61.5732270978386 25.3560843863441 0.188550257804333 0.175755393910144
97.1999999999988 54.9385094876032 82.2025179165674 61.6316738959228 25.3634508764405 0.187706499266603 0.172956809047184
97.2999999999987 54.9981301090084 82.2104526291802 61.6903168644206 25.3707076717566 0.186882664272989 0.169997219691822
97.3999999999987 55.0578423774816 82.2177575414156 61.7491473929347 25.3778604459178 0.186080806028854 0.166874468414111
97.4999999999987 55.1176452786924 82.2244300914703 61.8081567206099 25.3849147578138 0.185302850280924 0.163586680359387
97.5999999999987 55.1775376306227 82.2304678260756 61.8673359404821 25.391876044756 0.184550598061286 0.160132267908871
97.6999999999987 55.2375180882696 82.2358684005752 61.9266760038286 25.3987496156351 0.183825728866001 0.156509933512056
97.7999999999987 55.2975851484434 82.2406295790044 61.9861677245178 25.4055406440789 0.183129804241777 0.152718670579382
97.8999999999987 55.3577371546458 82.2447492341685 62.0458017833589 25.4122541616099 0.182464271748496 0.148757762353655
97.9999999999987 55.4179723020148 82.2482253477218 62.1055687324517 25.4188950508026 0.18183046927616 0.144626778718994
98.0999999999987 55.4782886423231 82.251056010242 62.165458999531 25.4254680384846 0.181229624941389 0.140390929272023
98.1999999999987 55.5386840889905 82.2532394211917 62.2254628921642 25.4319776900601 0.180662864886672 0.136115538881403
98.2999999999987 55.5991564220553 82.2547738885957 62.2855706015795 25.4384284066823 0.180131260796852 0.131800643239712
98.3999999999987 55.6597032931403 82.2556578286052 62.3457722063461 25.4448244235495 0.179635840376033 0.127446388804374
98.4999999999987 55.7203222304365 82.2558897650576 62.4060576760506 25.4511698082433 0.179177588639891 0.123053035764925
98.5999999999987 55.7810106437047 82.2554683290364 62.4664168749724 25.4574684590678 0.178757449232655 0.118620960139297
98.6999999999987 55.8417658292918 82.2543922584316 62.5268395657592 25.4637241033877 0.178376325759894 0.114150654976135
98.7999999999987 55.9025849751621 82.2526603974996 62.5873154131027 25.4699402959677 0.178035083133063 0.109642730651575
98.8999999999987 55.9634651659418 82.2502716964227 62.6478339874144 25.4761204173105 0.177734548917801 0.105097914258958
98.9999999999987 56.0244033879752 82.2472252108699 62.7083847685011 25.482267671996 0.177475514682512 0.100517048090711
99.0999999999986 56.0853965343944 82.2435201015557 62.7689571492368 25.4883850870615 0.177258730188254 0.0959637483725819
99.1999999999986 56.1464414102217 82.2391556337886 62.8295404391468 25.4944755114781 0.177084892913543 0.0915013646867151
99.2999999999986 56.2075347375375 82.2341311769886 62.8901238677649 25.5005416184041 0.176954686007604 0.0871304088937419
99.3999999999986 56.2686731606756 82.2284462041938 62.9506965879033 25.5065859085346 0.17686878555466 0.0828513758066626
99.4999999999986 56.3298532514312 82.2221002915666 63.0112476789175 25.5126107134921 0.176827858099199 0.07866474633386
99.5999999999986 56.3910715142815 82.2150931178992 63.0717661499727 25.518618199218 0.176832558194936 0.0745709890748788
99.6999999999986 56.4523243916257 82.2074244641198 63.1322409433093 25.5246103693638 0.176883525975734 0.0705705604999265
99.7999999999986 56.5136082690457 82.1990942127983 63.1926609375083 25.5305890686815 0.176981384750663 0.0666639038700665
99.8999999999986 56.5749194805926 82.1901023476525 63.2530149507578 25.5365559864155 0.17712673862265 0.0628514470408918
99.9999999999986 56.6362543141016 82.1804489530539 63.3132917441177 25.5425126596933 0.177320170130736 0.0591335993083975
100.099999999999 56.6976090165418 82.1701342135368 63.373480024789 25.5484604769446 0.177562217206153 0.0555512726346177
100.199999999999 56.7589797995212 82.1591584133908 63.4335684494476 25.5544006820516 0.177853308290901 0.0521449627123821
100.299999999999 56.8203628451248 82.1475219364655 63.4935456277472 25.5603343803545 0.178193820705228 0.0489143504780494
100.399999999999 56.8817543118897 82.1352252660581 63.5534001258888 25.5662625453874 0.178584097565606 0.0458589992208986
100.499999999999 56.9431503407992 82.122268984805 63.6131204701913 25.5721860256427 0.179024444186861 0.042978353665926
100.599999999999 57.0045470612941 82.1086537745722 63.6726951506639 25.5781055513358 0.179515124647788 0.0402717391831239
100.699999999999 57.0659405973009 82.094380416347 63.7321126245773 25.5840217411692 0.180056358517684 0.0377383613546018
100.799999999999 57.1273270732785 82.0794497901288 63.791361320035 25.5899351090968 0.180648317739137 0.0353773060947814
100.899999999999 57.1887026202844 82.0638628748204 63.8504296395453 25.5958460710883 0.181291123660836 0.0331875404928003
100.999999999999 57.2500633820583 82.0476207481191 63.9093059635926 25.6017549518938 0.181984844215886 0.0311679145073962
101.099999999999 57.3114055211333 82.0307245864133 63.9679786542184 25.6076619918164 0.182729446073631 0.0293284231895678
101.199999999999 57.3727252251728 82.0131756648304 64.0264360588448 25.6135673537106 0.183524649481035 0.0276788655698799
101.299999999999 57.4340187138389 81.9949753576662 64.0846665147162 25.6194711305521 0.184370049075377 0.0262176094115905
101.399999999999 57.4952822458357 81.9761251389653 64.1426583535825 25.6253733532319 0.185265155407328 0.0249428964668066
101.499999999999 57.5565121259142 81.9566265831074 64.2003999063929 25.6312739983601 0.186209393278436 0.0238528557592119
101.599999999999 57.6177047118241 81.9364813653928 64.2578795079886 25.6371729960695 0.187202100249876 0.0229455181086236
101.699999999999 57.6788564212095 81.9156912626293 64.3150855017969 25.6430702378182 0.188242525315182 0.0222188317500906
101.799999999998 57.7399637384397 81.8942581537176 64.3720062445236 25.6489655841938 0.189329827728925 0.0216706788751328
101.899999999998 57.8010232213718 81.8721840202376 64.4286301108472 25.6548588727162 0.190463075985569 0.0212988929129905
101.999999999998 57.8620315080351 81.8494709470345 64.4849454981113 25.6607499256412 0.191641246943662 0.0211012763548016
102.099999999998 57.9229853232422 81.8261211228098 64.540940831031 25.6666385577561 0.192863171350145 0.0210635677730163
102.199999999998 57.9838814853362 81.8021368408335 64.5966045667239 25.6725245839681 0.194127363036296 0.021171843167763
102.299999999998 58.0447169133998 81.7775204999664 64.6519252005674 25.6784078263695 0.19543216431209 0.0214244202603927
102.399999999998 58.1054886345271 81.7522746058039 64.7068912723812 25.6842881210961 0.196775797863844 0.0218196611993509
102.499999999998 58.1661937909166 81.7264017718246 64.7614913726224 25.690165325177 0.198156367324207 0.0223559921446046
102.599999999998 58.2268296467647 81.699904720539 64.8157141485809 25.6960393233851 0.199571857989516 0.0230319224020645
102.699999999998 58.2873935949446 81.6727862846378 64.8695483105741 25.7019100350877 0.201020137699656 0.0238460629470387
102.799999999998 58.3478831634592 81.6450494081407 64.9229826381426 25.7077774210965 0.202498957905147 0.0247971442318361
102.899999999998 58.4082960216521 81.6166971475447 64.9760059862446 25.7136414905182 0.204005954944921 0.0258840331609184
102.999999999998 58.4686299861633 81.5877326729731 65.0286072914518 25.7195023076045 0.205538651567127 0.0271057491742379
103.099999999998 58.528883026621 81.558159269323 65.0807755781531 25.7253599985834 0.207094432941335 0.0284355237675973
103.199999999998 58.5890532712155 81.5279803373911 65.1324999649955 25.7312147579968 0.208670463836341 0.0298473040184794
103.299999999998 58.6491390123826 81.4971993949456 65.1837696719256 25.737066853782 0.21026375504057 0.0313414279114659
103.399999999998 58.7091387123121 81.4658200777752 65.2345740274669 25.7429166318604 0.211871189823249 0.0329184022791799
103.499999999998 58.7690510080961 81.4338461407381 65.2849024760075 25.7487645207063 0.213489526886771 0.0345789109214659
103.599999999998 58.8288747164948 81.4012814588106 65.3347445850864 25.7546110359161 0.215115403763439 0.0363238224331805
103.699999999998 58.8886088382981 81.368130028136 65.3840900526806 25.760456784777 0.216745340709572 0.0381541978155249
103.799999999998 58.9482525622667 81.3343959670731 65.4329287144922 25.7663024708364 0.218375745151719 0.0400712979437899
103.899999999998 59.0078052686322 81.3000835172455 65.4812505512351 25.7721488984709 0.220002916742462 0.04207659097779
103.999999999998 59.0672665321391 81.2651970445894 65.529045695922 25.7779969774552 0.221623053077028 0.0441717598039953
104.099999999998 59.1266361246104 81.2297410403958 65.5763044411516 25.7838477275057 0.223232286118812 0.0463254343675644
104.199999999998 59.1859140170773 81.193720122152 65.6230172463983 25.789702282158 0.224826774439328 0.0485067900670201
104.299999999998 59.2451003815548 81.1571390338808 65.6691747453092 25.7955618909546 0.226402611754717 0.0507185901051709
104.399999999998 59.3041955923832 81.12000264628 65.7147677530046 25.8014279209665 0.227955802719539 0.0529637300492818
104.499999999998 59.3632002270665 81.0823159568547 65.7597872733774 25.8073018582895 0.229482270666049 0.0552452430511947
104.599999999998 59.4221150665908 81.0440840900494 65.8042245063936 25.8131853095402 0.230977866187315 0.057566306001442
104.699999999998 59.4809410952042 81.0053122973805 65.8480708553924 25.8190800033522 0.232438376585765 0.0599302466751956
104.799999999998 59.5396794996439 80.9660059575682 65.8913179343861 25.8249877918722 0.233859536205436 0.0623405519569181
104.899999999998 59.5983316677958 80.9261705766689 65.9339575753601 25.8309106522564 0.235237037654759 0.0648008772127588
104.999999999998 59.6568991867731 80.8858117882075 65.9759818355735 25.8368506881661 0.236566543921199 0.0673150568970549
105.099999999998 59.7153838403995 80.8449353532966 66.0173830048455 25.8428101312349 0.237843802642238 0.0698491597960378
105.199999999998 59.7737876060099 80.8035471604259 66.0581536125059 25.8487913417622 0.239064961704013 0.0723691344372191
105.299999999998 59.8321126504844 80.7616532244119 66.0982864334893 25.8547968074491 0.240226274585369 0.0748788013962821
105.399999999998 59.8903613257049 80.7192596850181 66.1377744940925 25.8608291413601 0.241324010057136 0.0773820253417733
105.499999999998 59.948536163527 80.6763728055614 66.1766110777186 25.8668910798569 0.242354464071786 0.0798827289101923
105.599999999998 60.0066398702639 80.6329989715193 66.2147897306214 25.8729854805314 0.243313972183359 0.0823849074950379
105.699999999998 60.064675320683 80.5891446891367 66.2523042676498 25.8791153201382 0.244198922429304 0.0848926450130639
105.799999999998 60.122645551512 80.5448165840332 66.2891487779919 25.8852836925287 0.24500576859772 0.0874101307163552
105.899999999998 60.1805537544569 80.5000213998095 66.3253176309195 25.8914938065833 0.245731043796339 0.0899416771435781
105.999999999998 60.2384032687344 80.4547659966546 66.3608054815322 25.8977489841447 0.246371374232273 0.0924917392924332
106.099999999998 60.2961975731164 80.4090573499384 66.3956072764758 25.9040526579213 0.24692366068109 0.0950250828797924
106.199999999998 60.3539402773171 80.3629025484249 66.4297182589798 25.9104083686032 0.247385593753239 0.0975054124295637
106.299999999998 60.4116351125222 80.3163087915259 66.4631339721689 25.9168197599844 0.247755159697869 0.0999356854232917
106.399999999998 60.4692859214812 80.2692833861747 66.4958502616932 25.9232905732983 0.248030479960523 0.10231884299858
106.499999999998 60.5268966483835 80.2218337436866 66.5278632783333 25.9298246415227 0.248209817947787 0.104657830515165
106.599999999998 60.5844713285396 80.173967376618 66.5591694806043 25.9364258836858 0.248291585318554 0.106955617891646
106.699999999998 60.6420140778797 80.1256918956268 66.589765637361 25.9430982991708 0.248274347729271 0.109215219803575
106.799999999998 60.6995290822847 80.0770150063318 66.6196488304019 25.9498459620221 0.248156829967077 0.111439715825292
106.899999999998 60.7570205867639 80.0279445061732 66.6488164570742 25.9566730152498 0.247937920408666 0.113632270604147
106.999999999998 60.8144928844966 79.9784882812714 66.6772662328782 25.9635836651357 0.247616674749354 0.115796154192743
107.099999999998 60.8719503057406 79.9286543032751 66.7049961940303 25.9705821755185 0.247192562833466 0.117904497620125
107.199999999998 60.9293972063584 79.8784506258781 66.7320046989477 25.9776728615594 0.246666203070113 0.119928256445936
107.299999999998 60.9868379556539 79.8278853804991 66.7582904269958 25.9848600821887 0.246038629468527 0.121867453628009
107.399999999998 61.0442769241508 79.7769667716321 66.7838523761561 25.9921482320332 0.245311040456603 0.123722024124511
107.499999999998 61.1017184716463 79.7257030721833 66.808689860654 25.9995417333226 0.244484790226313 0.125491829025822
107.599999999998 61.1591669355657 79.6741026188087 66.8328025085854 26.0070450277973 0.24356137937692 0.127176668155582
107.699999999998 61.2166266196299 79.6221738072515 66.8561902595443 26.0146625686144 0.24254244492082 0.12877629116313
107.799999999998 61.2741017828473 79.569925087679 66.8788533622495 26.0223988122556 0.241429749731094 0.13029040714521
107.899999999998 61.3315966288387 79.5173649600205 66.900792372172 26.0302582104338 0.240225171507314 0.13171869280707
107.999999999998 61.3891152955048 79.4645019693041 66.9220081491618 26.038245202 0.238930691345713 0.133060799178825
108.099999999998 61.4466618450325 79.4113447009915 66.9425018550427 26.0463642048541 0.237548572683326 0.134315226010639
108.199999999998 61.5042402540462 79.3579017762392 66.962274950357 26.0546196079437 0.236081925568896 0.135478669428581
108.299999999998 61.5618544036681 79.304181846974 66.9813291889529 26.0630157634878 0.234534127300537 0.136547943732292
108.399999999998 61.6195080699497 79.2501935908947 66.999666611723 26.0715569792902 0.232908615436239 0.137519707790878
108.499999999998 61.6772049149125 79.1959457064721 67.0172895403096 26.0802475110549 0.231208870386239 0.13839046179316
108.599999999998 61.734948478201 79.1414469079473 67.0342005708098 26.0890915547024 0.229438398345821 0.139156542511196
108.699999999998 61.7927421693424 79.0867059203323 67.0504025674815 26.0980932386855 0.227600714679843 0.139814117022997
108.799999999998 61.8505892606034 79.031731474408 67.0658986564481 26.1072566163058 0.225699327862949 0.140359174822025
108.899999999998 61.9084928804331 78.9765323017244 67.0806922194045 26.1165856580294 0.22373772406684 0.140787518223158
108.999999999998 61.9664560074798 78.9211171295996 67.0947868873221 26.1260842438029 0.221719352477265 0.141094750943974
109.099999999998 62.0244814651594 78.8654946761246 67.1081865341281 26.1357561553942 0.219647782260407 0.141303938035034
109.199999999998 62.0825719165839 78.8096736453188 67.1208952697046 26.1456050693713 0.217527212604566 0.141437019700345
109.299999999998 62.1407298596214 78.7536627226653 67.1329174311593 26.1556345517013 0.21536196449685 0.141487551017731
109.399999999998 62.1989576224723 78.6974705707964 67.144257573417 26.1658480529883 0.213156297254156 0.141448800290483
109.499999999998 62.2572573599487 78.6411058251845 67.1549204597837 26.1762489037346 0.210914394161598 0.141313731357366
109.599999999998 62.3156310504409 78.5845770898338 67.1649110525118 26.1868403096036 0.208640349258716 0.141074985653768
109.699999999998 62.3740804935499 78.5278929329715 67.1742345033644 26.1976253466808 0.206338155296706 0.140724863992914
109.799999999998 62.4326073083582 78.4710618827387 67.1828961441802 26.2086069567368 0.20401169288142 0.14025530808268
109.899999999998 62.4912129323148 78.4140924228818 67.1909014774381 26.2197879424884 0.201664720803654 0.13965788173818
109.999999999998 62.5498986207054 78.3569929884437 67.1982561668217 26.2311709628613 0.199300867551378 0.13892375176958
110.099999999998 62.608665446675 78.2997719614687 67.2049660277782 26.2427585282836 0.19692370138812 0.138090711600644
110.199999999998 62.6675143015899 78.2424376670584 67.2110370179158 26.254552996818 0.194536972212044 0.137197190148399
110.299999999998 62.7264458954519 78.1849983703187 67.2164752269933 26.2665565724186 0.192144400854049 0.136234730611681
110.399999999998 62.785460757683 78.1274622736594 67.2212868667486 26.2787713040256 0.189749599160152 0.135194506205327
110.499999999998 62.8445592384534 78.0698375141056 67.2254782607218 26.2911990846921 0.187356064369956 0.134067304736571
110.599999999998 62.9037415105345 78.0121321606102 67.2290558340768 26.3038416507109 0.184967174441598 0.132843515002318
110.699999999998 62.9630075716518 77.9543542113663 67.2320261034247 26.3167005807413 0.182586184278774 0.131513115292249
110.799999999998 63.0223572473126 77.8965115911191 67.2343956666459 26.3297772949356 0.180216222813485 0.130065664321607
110.899999999998 63.0817901940829 77.8386121484782 67.2361711927125 26.3430730540665 0.177860290896545 0.128490294947706
110.999999999998 63.1413059032885 77.7806636532299 67.2373594115112 26.3565889586532 0.175521259949958 0.126775711032578
111.099999999998 63.2009037051071 77.7226737936643 67.2379671036801 26.3703259481122 0.173201838295552 0.124958601422952
111.199999999998 63.2605827728016 77.6646501742907 67.2380010908253 26.3842848005201 0.170904488698164 0.12307798824075
111.299999999998 63.3203421267031 77.6066003145389 67.2374682267007 26.398466133932 0.168631556646247 0.121125534350303
111.399999999998 63.3801806382679 77.5485316478491 67.236375388767 26.4128704083122 0.16638530746537 0.119092614255474
111.499999999998 63.4400970344163 77.4904515207764 67.2347294697654 26.4274979274888 0.164167926547718 0.116970321686492
111.599999999998 63.5000899021437 77.4323671920951 67.2325373692915 26.4423488411079 0.161981519907159 0.114749481184909
111.699999999998 63.5601576933927 77.3742858319038 67.2298059853686 26.4574231465885 0.159828115022022 0.112420664183337
111.799999999998 63.6202987301684 77.3162145207298 67.2265422060218 26.4727206910766 0.157709661929746 0.109974210076491
111.899999999998 63.6805112098869 77.2581602486334 67.2227529008516 26.4882411733996 0.15562803453857 0.107400252795697
111.999999999998 63.7407932109402 77.2001299143132 67.2184449126074 26.5039841460209 0.153585032126695 0.104688753404908
112.099999999998 63.8011426984566 77.1421303242221 67.2136250487916 26.5199490170056 0.151582258126992 0.101873661918457
112.199999999998 63.8615575299572 77.0841681920006 67.2083000740508 26.5361350522703 0.14962076886179 0.0989924764976678
112.299999999998 63.9220354604044 77.0262501387121 67.2024767045645 26.5525413785585 0.147701471076876 0.096040352578163
112.399999999998 63.9825741470327 76.968382693394 67.1961616032211 26.5691669866994 0.145825250129707 0.0930124404310768
112.499999999998 64.0431711542264 76.9105722936215 67.189361374824 26.5860107348788 0.143992971305807 0.0899039163057091
112.599999999998 64.1038239584557 76.8528252860708 67.1820825612981 26.6030713519096 0.142205481037511 0.0867100168985764
112.699999999998 64.1645299532666 76.7951479270829 67.1743316368959 26.6203474405026 0.140463608013944 0.0834260772300472
112.799999999998 64.2252864543254 76.7375463832271 67.1661150034035 26.6378374805366 0.138768164173633 0.0800475720144956
112.899999999998 64.2860907045156 76.6800267318644 67.1574389853473 26.6555398323293 0.13711994557106 0.0765701605174998
112.999999999998 64.3469398790859 76.6225949617109 67.1483098251996 26.6734527399078 0.135519733111432 0.0729897348436687
113.099999999998 64.4078310908358 76.5652569734096 67.1387336786202 26.6915743342806 0.133968140687176 0.0693395799322914
113.199999999998 64.4687613950245 76.5080185803059 67.1287166105937 26.7099026367553 0.132465171326665 0.0656564293789744
113.299999999998 64.5297277934564 76.4508855097432 67.1182645938475 26.7284355623682 0.131010697763381 0.0619417032099069
113.399999999998 64.590727238178 76.3938634045627 67.1073835081662 26.7471709233604 0.129604618291584 0.0581970376837148
113.499999999998 64.6517566350898 76.3369578246106 67.0960791397404 26.7661064326544 0.128246856691371 0.0544243058390271
113.599999999998 64.7128128474894 76.2801742482464 67.0843571805166 26.7852397073309 0.126937361956543 0.0506256374800392
113.699999999998 64.7738926995534 76.2235180738506 67.0722232275457 26.8045682721065 0.125676107830317 0.0468034383311179
113.799999999998 64.8349929797615 76.1669946213318 67.059682782333 26.8240895628098 0.124463092156328 0.0429604080339252
113.899999999998 64.896110444271 76.1106091336348 67.0467412501866 26.8438009298592 0.123298336049317 0.0390995566906444
113.999999999998 64.9572418202448 76.0543667782484 67.0334039395673 26.8636996417392 0.122181882893439 0.035224219568623
114.099999999998 65.0183838091283 75.9982726487168 67.0196760614619 26.8837828884748 0.121113686042702 0.0313594769123328
114.199999999998 65.0795330896188 75.9423317662568 67.0055627293961 26.9040477850231 0.120093283061618 0.0275321093179031
114.299999999998 65.1406863198868 75.886549081641 66.9910689610691 26.924491374457 0.119120143521533 0.0237483393002192
114.399999999998 65.2018401394218 75.8309294771863 66.9761996806267 26.9451106310671 0.118193781194613 0.0200144963655484
114.499999999998 65.2629911707601 75.7754777687473 66.9609597209594 26.9659024634603 0.11731375279152 0.0163370074304828
114.599999999998 65.3241360211108 75.7201987077081 66.9453538260002 26.9868637176583 0.116479656603512 0.012722385380988
114.699999999998 65.3852712838869 75.6650969829754 66.929386653023 27.0079911801964 0.1156911310611 0.00917721565356535
114.799999999998 65.4463935401478 75.6101772229712 66.9130627749399 27.0292815812221 0.114947853221649 0.00570814083851877
114.899999999998 65.5074993599594 75.5554439976253 66.8963866825996 27.0507315975935 0.114249537197214 0.00232184325848443
114.999999999998 65.5685853036767 75.5009018203679 66.8793627870853 27.0723378559782 0.113595932535438 -0.00097497443249281
115.099999999998 65.6296479231506 75.4465551501231 66.8619954220204 27.0940969359452 0.112986777766732 -0.00417922079282644
115.199999999998 65.690683762735 75.3924083933153 66.8442888460789 27.116005372891 0.112421668529411 -0.00728799059400282
115.299999999998 65.7516893598879 75.3384659059111 66.8262472460161 27.138059660542 0.111900197927133 -0.0102949435048274
115.399999999998 65.8126612455521 75.2847319954736 66.807874739903 27.1602562532912 0.111422001342568 -0.0131938689475889
115.499999999998 65.8735959444437 75.2312109232186 66.7891753803695 27.1825915685279 0.110986755458221 -0.0159787057910277
115.599999999998 65.9344899752562 75.1779069060702 66.7701531578469 27.2050619889675 0.110594177309281 -0.0186435622003501
115.699999999998 65.9953398507873 75.1248241187155 66.7508120038112 27.227663864982 0.110244023379291 -0.0211827355004324
115.799999999998 66.0561420779893 75.0719666956612 66.7311557940252 27.2503935169291 0.109936088749926 -0.0235907319156119
115.899999999998 66.1168931579501 75.0193387332883 66.7111883517819 27.2732472374827 0.109670206315237 -0.0258622859769283
115.999999999998 66.1775895858057 74.9669442919082 66.6909134511471 27.2962212939626 0.109446246071615 -0.027992379470323
116.099999999998 66.238227850591 74.9147873978152 66.6703348201962 27.3193119306566 0.109264116558026 -0.0300012589756743
116.199999999998 66.2988044350711 74.8628720452605 66.6494561440973 27.3425153709349 0.109123770035223 -0.0319099287747931
116.299999999998 66.3593158156169 74.8112021982296 66.6282810678027 27.365827818839 0.109025195157811 -0.0337148528663669
116.399999999998 66.4197584620701 74.7597817921407 66.6068131985869 27.3892454604635 0.108968414747042 -0.0354127043019059
116.499999999998 66.4801288375588 74.7086147355403 66.5850561085785 27.412764465329 0.108953485836876 -0.0370003770846154
116.599999999998 66.5404233982664 74.6577049117989 66.5630133372915 27.4363809877558 0.108980499796718 -0.0384749970904107
116.699999999998 66.6006385931551 74.6070561808071 66.540688394158 27.4600911682377 0.109049582537799 -0.0398339318691964
116.799999999998 66.6607708636473 74.5566723806704 66.5180847610595 27.4838911348152 0.109160894808733 -0.0410747992501294
116.899999999998 66.7208166432661 74.5065573294062 66.4952058948586 27.5077770044491 0.109314632587511 -0.0421954746740926
116.999999999998 66.7807723572373 74.4567148266381 66.4720552299316 27.5317448843941 0.109511027575376 -0.0431940971504533
117.099999999998 66.8406344220613 74.4071486552876 66.4486361806893 27.5557908735652 0.109750357940257 -0.0440976538116461
117.199999999998 66.9003992451964 74.3578625831267 66.4249521438352 27.5799110637306 0.110032975770417 -0.0449334799134868
117.299999999998 66.9600632250872 74.3088603639855 66.4010064999529 27.6041015402601 0.110359270964026 -0.0457005538762444
117.399999999998 67.0196227513199 74.2601457388217 66.3768026148301 27.6283583827003 0.110729660944333 -0.046398011958407
117.499999999998 67.0790742047653 74.2117224367854 66.3523438407714 27.6526776653421 0.111144591506373 -0.0470251502550997
117.599999999998 67.138413957708 74.1635941762839 66.3276335179119 27.6770554577888 0.111604537744654 -0.0475814256764364
117.699999999998 67.1976383739607 74.1157646660463 66.302674975531 27.7014878255238 0.112110005063237 -0.0480664559115684
117.799999999998 67.2567438089675 74.0682376061884 66.2774715333655 27.7259708304786 0.112661530272581 -0.048480018370317
117.899999999998 67.3157266098952 74.0210166892773 66.252026502923 27.7505005316005 0.113259682775534 -0.0488220481399427
117.999999999998 67.3745831157167 73.9741056013961 66.2263431887956 27.7750729854207 0.11390506584612 -0.0490926349784339
118.099999999998 67.4333096572924 73.927508023203 66.2004248899655 27.7996842466185 0.114598315991152 -0.0493110167416014
118.199999999998 67.4919025576083 73.8812276308461 66.1742749009123 27.8243303684886 0.115340093691323 -0.049496421479752
118.299999999998 67.5503581324238 73.8352680965095 66.1478965122174 27.849007403165 0.116131082673519 -0.0496490981909437
118.399999999998 67.6086726910846 73.7896330888157 66.1212930109696 27.8737114017476 0.116971992154016 -0.0497693736516846
118.499999999998 67.6668425373488 73.7443262732224 66.094467681163 27.8984384144251 0.117863558305889 -0.0498576488911215
118.599999999998 67.7248639702179 73.6993513124183 66.0674238040952 27.9231844905987 0.118806545800893 -0.049914395240097
118.699999999998 67.782733284778 73.6547118667199 66.0401646587653 27.9479456790048 0.119801749425888 -0.0499401499983818
118.799999999998 67.8404467730503 73.6104115944678 66.0126935222723 27.9727180278383 0.120849995772687 -0.0499355117855984
118.899999999998 67.898000724853 73.5664541524236 65.9850136702126 27.9974975848761 0.12195214500038 -0.0499011356121094
118.999999999998 67.9553914286769 73.5228431961655 65.9571283770784 28.0222803975995 0.123109092669719 -0.049837727760375
119.099999999998 68.0126151725787 73.4795823804827 65.9290409166531 28.0470625133174 0.124321765021401 -0.0497526539494357
119.199999999998 68.0696682451768 73.4366753596917 65.9007545623265 28.071839979262 0.125591098342976 -0.0496532287595651
119.299999999998 68.1265469368834 73.3941257877588 65.8722725872111 28.0966088426211 0.126918056047062 -0.049540134353924
119.399999999997 68.1832475412435 73.3519373183454 65.8435982641784 28.1213651505439 0.128303636560636 -0.049414072754012
119.499999999997 68.2397663563007 73.3101136048509 65.8147348658922 28.1461049501464 0.129748875308684 -0.0492757619043969
119.599999999997 68.2960996859875 73.2686583004553 65.7856856648425 28.1708242885163 0.131254846740248 -0.0491259318066197
119.699999999997 68.3522438415431 73.2275750581618 65.7564539333789 28.1955192127185 0.132822666393886 -0.0489653207973437
119.799999999997 68.40819514296 73.1868675308395 65.7270429437441 28.2201857697999 0.134453492998569 -0.0487946719619599
119.899999999997 68.4639499204617 73.1465393712657 65.6974559681073 28.2448200067948 0.136148530607052 -0.048614729734279
119.999999999997 68.5195045160131 73.1065942321692 65.667696278598 28.2694179707299 0.137909030757239 -0.0484262366766655
