#t s x y z curvature torsion
5 0 61.1682570707072 85.874332251427 3.83579182191216 0.200562707331135 -0.0547742654967913
5.1 0.0635814745127477 61.1747413725582 85.8342429939725 3.88471430311929 0.200659124253511 -0.0557706266893449
5.2 0.126965069133971 61.1819587439359 85.7941783387177 3.93329632671672 0.200720603463225 -0.0567720981261137
5.3 0.190157197108478 61.1899026331572 85.7541387809458 3.9815350401678 0.200747757830303 -0.0577783125052022
5.4 0.253164150781851 61.1985664885672 85.7141248159702 4.02942759102451 0.200741247992232 -0.0587888954000017
5.5 0.31599210075434 61.2079437585639 85.6741369391606 4.07697112700388 0.200701780384383 -0.059803465333727
5.6 0.378647095142692 61.2180278916239 85.6341756459695 4.12416279606446 0.20063010516508 -0.0608216338257021
5.7 0.441135058950102 61.2288123363277 85.5942414319576 4.17099974648273 0.200527014047725 -0.0618430054239424
5.8 0.503461793545034 61.2402905413853 85.5543347928208 4.21747912692955 0.200393338051367 -0.0628671776985004
5.9 0.565632976248471 61.2524559556615 85.5144562244152 4.26359808654657 0.200229945182086 -0.063893741228446
6 0.62765416002956 61.2653020282012 85.4746062227842 4.30935377502268 0.200037738057104 -0.0649222795489589
6.1 0.68953077331234 61.2788222082563 85.434785284186 4.3547433426763 0.199817644233158 -0.065945581779962
6.2 0.751268119975602 61.2930099453542 85.3949939051753 4.39976394068971 0.199570589125842 -0.066956155102594
6.3 0.812871379674943 61.3078586894699 85.35523258282 4.44441272172945 0.199297510193493 -0.0679531590049053
6.4 0.87434560835001 61.3233618912398 85.3155018149719 4.48868684071871 0.198999360862672 -0.0689357593293554
6.49999999999999 0.935695738830875 61.339513002177 85.2758021005384 4.53258345561568 0.198677107940093 -0.0699031292633019
6.59999999999999 0.996926581537302 61.3563054748861 85.236133939755 4.57609972819176 0.198331729060802 -0.070854450298624
6.69999999999999 1.05804282526793 61.373732763279 85.1964978344577 4.61923282480993 0.197964210182942 -0.0717889131944166
6.79999999999999 1.11904903807615 61.3917883227894 85.156894288355 4.66197991720296 0.197575543135969 -0.0727057189160411
6.89999999999999 1.1799496682296 61.4104656105887 85.1173238073005 4.70433818325176 0.197166723231382 -0.0736040795706679
6.99999999999999 1.24074904524969 61.4297580858007 85.0777868995647 4.7463048077636 0.196738746942607 -0.0744832193263722
7.09999999999999 1.30145138103423 61.4496592097194 85.0382840761118 4.78787698326264 0.196292585617337 -0.0753278013232984
7.19999999999999 1.36206077122277 61.4701624460932 84.9988158509795 4.82905191109663 0.195829104973142 -0.0761220808547041
7.29999999999999 1.42258119705306 61.4912612615756 84.9593827419224 4.86982680334676 0.195349124292797 -0.0768647189872013
7.39999999999999 1.48301652742954 61.5129491262432 84.9199852711594 4.91019888505371 0.194853437002904 -0.0775544304431345
7.49999999999999 1.54337052103097 61.5352195141154 84.8806239661251 4.95016539645591 0.194342808920277 -0.0781899853839127
7.59999999999999 1.60364682844508 61.5580659036744 84.841299360221 4.98972359522787 0.193817976654897 -0.0787702109641538
7.69999999999999 1.6638489943235 61.5814817783852 84.8020119935667 5.02887075871839 0.193279646170802 -0.0792939926739747
7.79999999999999 1.72398045955189 61.6054606272157 84.7627624137515 5.06760418618882 0.192728491503661 -0.0797602754265702
7.89999999999999 1.78404456342867 61.6299959451561 84.7235511765853 5.1059212010514 0.192165153634479 -0.0801680644056819
7.99999999999999 1.84404454584731 61.6550812337396 84.6843788468502 5.14381915310745 0.19159023951745 -0.0805164256372652
8.09999999999999 1.9039835494832 61.6807100015645 84.6452459990544 5.18129542079824 0.191004289201778 -0.080790281031581
8.19999999999999 1.96386462215549 61.7068757648795 84.6061532182577 5.21834741378263 0.190407672429362 -0.080974358318031
8.29999999999999 2.02369071962899 61.7335720483304 84.5671011010789 5.25497257634426 0.189800672987429 -0.0810675494046509
8.39999999999999 2.08346470854864 61.7607923857695 84.528090256774 5.29116839112556 0.189183519162329 -0.0810688390492351
8.49999999999999 2.14318936931944 61.7885303210671 84.4891213083174 5.32693238287432 0.188556384001453 -0.0809773014551548
8.59999999999999 2.2028673989171 61.8167794089237 84.4501948934838 5.36226212219023 0.187919385778282 -0.0807920960710897
8.69999999999999 2.26250141362307 61.8455332156817 84.4113116659288 5.39715522927148 0.187272588652158 -0.0805124626017512
8.79999999999999 2.32209395167767 61.8747853201376 84.3724722962709 5.43160937766135 0.186616003514876 -0.0801377152215439
8.89999999999999 2.38164747584514 61.9045293143535 84.3336774731724 5.46562229799471 0.185949589015749 -0.0796672359612551
8.99999999999999 2.44116437588484 61.9347588044691 84.2949279044206 5.49919178174464 0.185273252755868 -0.0791004672953046
9.09999999999999 2.50064697092887 61.9654674115153 84.2562243180076 5.53231568497516 0.184586834041928 -0.0784334614604637
9.19999999999999 2.56009751189733 61.9966487722668 84.2175674631573 5.56499193225367 0.183890045747212 -0.077662335173943
9.29999999999998 2.61951818415889 62.0282965401952 84.1789581112211 5.59721852096914 0.18318252518753 -0.0767866963399685
9.39999999999998 2.67891111020223 62.0604043864612 84.140397056522 5.62899352580996 0.182463853874568 -0.0758061800535779
9.49999999999998 2.73827835217388 62.0929660009093 84.101885117196 5.66031510324803 0.18173355979883 -0.0747204346608735
9.59999999999998 2.79762191427192 62.1259750930606 84.063423136034 5.69118149602279 0.180991119856248 -0.0735291067841401
9.69999999999998 2.85694374499128 62.1594253931079 84.0250119813238 5.7215910376253 0.180235962407029 -0.0722318252971485
9.79999999999998 2.9162457392168 62.1933106529088 83.9866525476915 5.75154215678226 0.17946746995334 -0.0708281842458508
9.89999999999998 2.97552974016022 62.2276246469803 83.9483457569436 5.78103338194009 0.178684981926465 -0.0693177246855009
9.99999999999998 3.0347975411384 62.2623611734923 83.9100925589083 5.81006334574897 0.1778877975701 -0.0676999154137242
10.1 3.09405088719236 62.2975140552618 83.8718939322705 5.83863078954225 0.177075195112755 -0.0659868472336687
10.2 3.15329147660945 62.3330771407486 83.8337508852149 5.86673456769484 0.176246483279824 -0.0641907637249727
10.3 3.21252096245579 62.3690443050556 83.7956644555831 5.89437365167455 0.17540095532592 -0.062311208757611
10.4 3.27174095402415 62.4054094509305 83.7576357108409 5.9215471339724 0.174537875491249 -0.060347594706953
10.5 3.33095301813478 62.4421665097674 83.7196657480369 5.94825423202827 0.173656481704566 -0.0582991835441281
10.6 3.39015868028603 62.4793094426094 83.681755693762 5.97449429215656 0.172755988308804 -0.0561650668340394
10.7 3.44935942565437 62.5168322411499 83.6439067041083 6.00026679347189 0.171835588802377 -0.0539441445428904
10.8 3.50855669994442 62.5547289287349 83.6061199646283 6.02557135181475 0.170894458587746 -0.051635102532716
10.9 3.56775191008899 62.5929935613644 83.568396690294 6.05040772367716 0.169931757720615 -0.0492363885880616
11 3.62694642480112 62.6316202286951 83.5307381254563 6.07477581012834 0.16894663365488 -0.046746186796278
11.1 3.68614157497822 62.6706030550407 83.4931455437946 6.09867566072629 0.167938279701118 -0.0441859252662836
11.2 3.74533865395436 62.7099362003558 83.4556202480315 6.1221074770627 0.166906106614002 -0.0415772538031705
11.3 3.80453891760978 62.749613861172 83.4181635690477 6.14507161537723 0.165849580435372 -0.0389182981162424
11.4 3.86374358438269 62.7896302715174 83.380776864762 6.16756858880514 0.164768168505549 -0.0362069337437093
11.5 3.92295383520168 62.8299797038341 83.3434615190013 6.18959906961082 0.163661340673294 -0.0334407667940637
11.6 3.98217081334159 62.8706564698963 83.3062189403711 6.21116389142133 0.162528570474804 -0.0306171128620097
11.7 4.0413956242066 62.9116549217285 83.2690505611261 6.23226405145991 0.161369336282408 -0.0277329739307699
11.8 4.1006293350436 62.9529694525237 83.2319578360406 6.25290071277953 0.16018312242377 -0.0247850129644791
11.9 4.15987297458975 62.994594497561 83.1949422412785 6.27307520649644 0.158969420274681 -0.0217695259027862
12 4.21912753265795 63.0365245351238 83.1580052732646 6.29278903402365 0.157727729327678 -0.0186824107320819
12.1 4.27839395966182 63.0787540874164 83.1211484475462 6.31204386928502 0.156457638856611 -0.015547282586698
12.2 4.33767316601867 63.1212777214348 83.0843732974572 6.33084156042229 0.155159072612779 -0.0123883464027231
12.3 4.39696602135486 63.1640900497244 83.0476813722729 6.34918413021535 0.153832050312258 -0.00920186911963892
12.4 4.45627335366523 63.2071857310916 83.0110742351664 6.36707377599544 0.152476606678654 -0.00598383822088985
12.5 4.51559594850734 63.2505594713145 82.9745534611568 6.38451286953894 0.151092790570216 -0.0027299388650238
12.6 4.57493454823719 63.2942060238533 82.9381206350574 6.40150395696115 0.149680664130508 0.000564471664027173
12.7 4.63428985128947 63.3381201905606 82.9017773494241 6.41804975861 0.148240301970834 0.00390439251698084
12.8 4.6936625115063 63.3822968223918 82.8655252025032 6.43415316895987 0.146771790390245 0.00729521118939669
12.9 4.75305313751737 63.4267308201157 82.8293657961802 6.44981725650528 0.145275226642114 0.01074273920275
13 4.81246229217511 63.4714171350245 82.7933007339277 6.46504526365475 0.143750718254634 0.0142532520088197
13.1 4.87189049204351 63.5163507696418 82.7573316187495 6.47984060660351 0.142198470976229 0.0178054056055589
13.2 4.93133820683046 63.5615267783548 82.7214600510081 6.49420687466214 0.140619055199528 0.0213766518823532
13.3 4.9908058586104 63.6069402678566 82.6856876259597 6.50814782820346 0.139013141186701 0.0249720062336749
13.4 5.05029382106407 63.6525863975135 82.6500159311714 6.52166739606512 0.137381408620564 0.0285967329209256
13.5 5.10980241886049 63.6984603797293 82.6144465439362 6.53476967293137 0.135724544419772 0.0322563718886103
13.6 5.16933192718723 63.7445574803094 82.5789810286864 6.5474589167147 0.134043240681193 0.0359567685107555
13.7 5.22888257142878 63.7908730188257 82.5436209344074 6.55973954593761 0.13233819275524 0.039704106602098
13.8 5.28845452699285 63.8374023689803 82.5083677920519 6.57161613711421 0.130610097459013 0.0435049450984055
13.9 5.34804791928468 63.8841409589703 82.4732231119536 6.58309342213203 0.128859651433006 0.0473662588990908
14 5.40766282382867 63.9310842718521 82.4381883812413 6.59417628563364 0.127087549646576 0.0512954843551591
14.1 5.46729926653078 63.9782278459027 82.4032650612532 6.60486976237899 0.125294572732418 0.0552786344871581
14.2 5.52695722394005 64.0255672749162 82.3684545849645 6.61517903410266 0.123481852721872 0.0593000001129253
14.3 5.58663662330441 64.0730982083317 82.3337583544489 6.62510942508941 0.121650606824055 0.063364909887729
14.4 5.6463373426824 64.1208163512953 82.2991777383528 6.63466639724473 0.119802046573927 0.0674788387613437
14.5 5.70605921125796 64.1687174647198 82.2647140693708 6.64385554514589 0.117937375529787 0.0716474258423943
14.6 5.76580200985954 64.2167973653447 82.2303686417204 6.65268259109309 0.116057787146615 0.075876493629654
14.7 5.82556547167793 64.2650519257954 82.196142708617 6.66115338016059 0.114164462821247 0.0801720688088242
14.8 5.88534928317831 64.3134770746433 82.1620374797493 6.66927387524781 0.112258570103699 0.0845404048272235
14.9 5.94515308520016 64.3620687964647 82.128054118754 6.67705015213044 0.110341261070163 0.0889880065243527
15 6.00497647423965 64.4108231319014 82.0941937406909 6.68448839451154 0.108413670850372 0.0935216571121206
15.1 6.06481900390301 64.4597361777188 82.0604574095237 6.69159488905937 0.106476988106907 0.0981408846168257
15.2 6.12468018639218 64.5088040868429 82.0268461357453 6.69837602009897 0.104532670665861 0.10284369371924
15.3 6.18455949381944 64.5580230683423 81.9933608743706 6.70483826342476 0.102582231091634 0.107634731932155
15.4 6.24445635958253 64.607389387387 81.9600025230743 6.71098817976709 0.100627163409744 0.112518525096581
15.5 6.304370179931 64.6568993652075 81.9267719203344 6.71683240824532 0.0986689413332608 0.11749945001182
15.6 6.36430031572037 64.7065493790536 81.8936698435752 6.72237765982094 0.0967090165705777 0.122581702426113
15.7 6.42424609434418 64.7563358621529 81.8606970073103 6.72763071075077 0.094748817194572 0.127769259918525
15.8 6.48420681183467 64.8062553036696 81.8278540612869 6.73259839604002 0.0927897460523062 0.133065839153728
15.9 6.54418173512254 64.8563042486634 81.7951415886279 6.73728760289548 0.0908331791937589 0.138474846972161
16 6.60417010444573 64.9064792980477 81.762560103976 6.74170526417861 0.088880464297186 0.143999324775511
16.1 6.6641711358931 64.9567771085483 81.7301100516443 6.74585835185628 0.0869329470545348 0.149654436413325
16.2 6.72418402395058 65.007194392644 81.6977918039692 6.74975387038789 0.0849920570936999 0.155455507086543
16.3 6.78420794385044 65.057727918464 81.6656056601753 6.75339884995134 0.0830592286472206 0.16140501645573
16.4 6.84424205391737 65.108374509669 81.6335518454416 6.75680033960537 0.0811358717018182 0.167504688785428
16.5 6.90428549802561 65.15913104533 81.6016305099758 6.75996540044956 0.0792233701011053 0.173755356206437
16.6 6.96433740816226 65.2099944598092 81.5698417280887 6.76290109878426 0.0773230794841385 0.180156804484217
16.7 7.02439690708634 65.260961742639 81.5381854972682 6.76561449927058 0.0754363250248087 0.186707599802227
16.8 7.08446311107361 65.3120299384021 81.5066617372537 6.76811265809028 0.0735643989374291 0.193404895276993
16.9 7.14453513273733 65.3631961466114 81.4752702891102 6.77040261610577 0.0717085577132052 0.200244215855592
17 7.20461208391512 65.4144575215893 81.4440109143026 6.77249139202008 0.0698700190528646 0.207219220545342
17.1 7.26469307860704 65.4658112723464 81.4128832937766 6.77438597554641 0.0680499339964568 0.214362546884126
17.2 7.32477723583241 65.5172546624072 81.3818870272171 6.77609332082852 0.0662493176086973 0.221711668135251
17.3 7.384863682195 65.5687850095068 81.3510216327565 6.77762034049762 0.0644691326845994 0.229264786151459
17.4 7.44495155434053 65.6203996852359 81.3202865468596 6.77897389998004 0.06271031319031 0.237018362462938
17.5 7.50504000142101 65.6720961146839 81.2896811242165 6.78016081181452 0.060973760985022 0.244966850297537
17.6 7.56512818756364 65.723871776082 81.259204637634 6.78118782996951 0.0592603421397435 0.253102401617944
17.7 7.62521529433772 65.775724200446 81.2288562779286 6.78206164416052 0.0575708828231184 0.261414549368655
17.8 7.68530052321296 65.8276509712197 81.1986351538177 6.78278887416736 0.0559061647249895 0.269889865827224
17.9 7.74538309800226 65.8796497239178 81.1685402918131 6.78337606415148 0.0542669199950693 0.278511598836181
18 7.80546226728329 65.9317181457689 81.1385706361119 6.78382967697327 0.0526538256766273 0.287259288567911
18.1 7.86553730678754 65.983853975356 81.1087250484951 6.78415608852831 0.0510674436889819 0.296199182833678
18.2 7.92560752162662 66.0360550021873 81.0790023083662 6.7843615825758 0.0495080677373065 0.305413721602351
18.3 7.98567224814698 66.0883190660897 81.04940111315 6.78445234681662 0.0479759066716603 0.314902839671871
18.4 8.04573085559768 66.1406440565332 81.019920078833 6.78443446946352 0.0464711386656424 0.324665220109532
18.5 8.10578274773128 66.1930279119523 80.9905577405082 6.78431393583034 0.044993907540503 0.334698197902603
18.6 8.16582736434049 66.2454686190674 80.9613125529215 6.78409662492112 0.0435443188040803 0.344997682377514
18.7 8.22586418272918 66.2979642122063 80.9321828910166 6.78378830601935 0.0421224354123612 0.355558107235599
18.8 8.28589271911613 66.3505127726255 80.9031670504812 6.78339463527706 0.0407282732692606 0.366372419044795
18.9 8.34591252997016 66.4031124278319 80.874263248292 6.78292115230406 0.0393617964866219 0.377432117444689
19 8.4059232132752 66.4557613509041 80.8454696232604 6.78237327675707 0.0380229124369855 0.388727362834048
19.1 8.46592440971929 66.5084577598118 80.8167842365846 6.78175630495227 0.036711426868594 0.400419148975653
19.2 8.5259158036812 66.56119991668 80.7882050725576 6.78107540708509 0.0354269457368486 0.412708596066205
19.3 8.58589712381028 66.6139861269135 80.7597300396771 6.78033562599157 0.0341690384479595 0.425650190558736
19.4 8.64586814339642 66.6668147382664 80.7313569719103 6.77954187651698 0.0329372856010202 0.439306007019571
19.5 8.70582868065582 66.7196841399093 80.7030836299666 6.77869894490781 0.0317312811418228 0.45374695961677
19.6 8.76577859894063 66.7725927614966 80.6749077025696 6.7778114882037 0.0305506350611688 0.469054269928321
19.7 8.82571780687463 66.825539072234 80.6468268077287 6.77688403362952 0.0293949767514645 0.48532118719493
19.8 8.88564625841729 66.8785215799456 80.6188384940117 6.77592097798722 0.0282639591586736 0.502655001762318
19.9 8.94556395285886 66.9315388301412 80.5909402418165 6.77492658704795 0.0271572638946194 0.521179396275553
20 9.00547093474869 66.9845894050839 80.5631294646433 6.77390499494391 0.0260746075118376 0.541037181656653
20.1 9.06536729375451 67.0376719228563 80.5354035103747 6.77286020358363 0.0250157623988506 0.562664228776222
20.2 9.1252531643384 67.0907850364149 80.50775966277 6.77179608267032 0.0239806440519344 0.586579442785657
20.3 9.18512872506615 67.1439274326096 80.4801951435034 6.77071637125151 0.0229693543651606 0.613092740108049
20.4 9.24499419774083 67.1970978311913 80.4527071144152 6.76962467987193 0.0219822021332455 0.642550677263165
20.5 9.30484984648119 67.2502949838183 80.4252926797721 6.7685244927496 0.021019731824924 0.675337028837046
20.6 9.36469597675328 67.3035176730627 80.3979488885271 6.76741916995181 0.0200827570925146 0.711870805299027
20.7 9.42453293435937 67.3567647114171 80.3706727365795 6.76631194957127 0.0191723995462427 0.75260002915685
20.8 9.48436110438691 67.4100349403011 80.3434611690352 6.76520594990214 0.0182901331287454 0.797988806347507
20.9 9.54418091012134 67.463327229068 80.3163110824662 6.76410417161606 0.0174378340188443 0.848494209135333
21 9.60399281192533 67.5166404740111 80.2892193271712 6.76300949993827 0.016617835235764 0.90452826649158
21.1 9.66379730608345 67.5699735973717 80.2621827094453 6.76192470684227 0.0158330611106459 0.96668007079735
21.2 9.72359492351572 67.6233255463743 80.235197994115 6.76085245372896 0.0150873565845016 1.03533348878234
21.3 9.78338622820689 67.6766952923342 80.2082619077442 6.75979529533551 0.0143853761992011 1.11021856551262
21.4 9.84317181551591 67.7300818297924 80.1813711421053 6.7587556841287 0.013732541144057 1.19049820724116
21.5 9.90295231046831 67.7834841756517 80.1545223576598 6.75773597471684 0.0131350152547915 1.27454839763288
21.6 9.96272836603756 67.8369013683128 80.1277121870395 6.75673842826172 0.0125996049670069 1.35974447208369
21.7 10.0225006614171 67.8903324668111 80.1009372385274 6.75576521689055 0.0121335520316671 1.44232494777962
21.8 10.0822699002844 67.9437765499522 80.0741940995383 6.75481842810794 0.0117441927737318 1.51743875577334
21.9 10.142036809059 67.9972327154486 80.0474793401004 6.75390006920779 0.011438476822114 1.57948934004671
22 10.2018021351543 68.0507000790555 80.0207895163355 6.75301207168529 0.0112223746621808 1.6228337737925
22.1 10.261566645222 68.1041777737093 79.9941211739508 6.75215629565942 0.0111003304783779 1.642668798607
22.2 10.3213311233155 68.1576649487142 79.9674708519922 6.75133453457012 0.0110749390200146 1.63593788069839
22.3000000000001 10.3810963688542 68.2111607690529 79.9408350872655 6.75054852057291 0.011146327277612 1.60222827045054
22.4000000000001 10.4408631945116 68.2646644147462 79.9142104190204 6.74979993020808 0.0113120094835934 1.54388533315776
22.5000000000001 10.5006324241023 68.318175080214 79.8875933936445 6.74909039008053 0.0115671504989834 1.46544857325473
22.6000000000001 10.5604048904685 68.3716919736371 79.8609805693572 6.7484214825396 0.0119050824192638 1.37265313520652
22.7000000000001 10.6201814333672 68.4252143163181 79.8343685209038 6.74779475135885 0.0123179446982326 1.27137371821633
22.8000000000001 10.6799628973557 68.4787413420428 79.8077538442492 6.74721170741591 0.0127973154815042 1.16681714105293
22.9000000000001 10.7397501296753 68.5322722964419 79.7811331612723 6.74667383437228 0.0133347403022067 1.06308783111286
23.0000000000001 10.7995439781321 68.5858064363517 79.7545031244598 6.74618259435315 0.0139221162273664 0.963088176185961
23.1000000000001 10.8593452889718 68.6393430291776 79.7278604216071 6.74573943362807 0.0145519254706979 0.868511650667869
23.2000000000001 10.9191549047062 68.6928813522967 79.7012017806952 6.74534578831406 0.0152173213938678 0.7802252716492
23.3000000000001 10.9789736618254 68.7464206925626 79.6745239752169 6.74500309013562 0.0159121638142742 0.698609494776114
23.4000000000001 11.0388023884577 68.7999603458505 79.6478238296788 6.74471277220714 0.0166310146785388 0.62361702942951
23.5000000000001 11.0986419020199 68.8534996166035 79.6210982251098 6.74447627481623 0.0173690987626763 0.554934007415245
23.6000000000001 11.158493006856 68.907037817379 79.5943441045706 6.74429505120696 0.0181222486178597 0.492097778339681
23.7000000000001 11.2183564918654 68.9605742683954 79.5675584786623 6.74417057336319 0.0188868448572557 0.434577679543695
23.8000000000001 11.2782331281176 69.0141082970784 79.5407384310356 6.74410433779186 0.0196597583797104 0.381827319064627
23.9000000000001 11.3381236664549 69.0676392376074 79.5138811238995 6.74409787130626 0.0204382980345483 0.333316387455375
24.0000000000001 11.3980288350812 69.1211664304619 79.4869838035303 6.74415273680934 0.0212201652577658 0.288548492593928
24.1000000000001 11.4579493371383 69.1746892219682 79.4600438057803 6.74427053906861 0.0220033790235597 0.247129980272252
24.2000000000001 11.5178858482738 69.2282069638472 79.4330585615769 6.7444529302732 0.0227861369800846 0.208707212409364
24.3000000000001 11.5778390142073 69.281719012765 79.4060256023983 6.74470161503775 0.0235669058222298 0.17290727899532
24.4000000000001 11.6378094482863 69.3352247298858 79.3789425657391 6.74501835518854 0.0243444368407186 0.139398945790138
24.5000000000001 11.6977977290263 69.3887234804238 79.3518072005766 6.74540497454114 0.0251177486069271 0.107890154156127
24.6000000000001 11.7578043976391 69.4422146331956 79.3246173728364 6.74586336367813 0.0258861141027432 0.0781249106538352
24.7000000000001 11.8178299555487 69.4956975601728 79.2973710708578 6.74639548472674 0.0266490516607846 0.0498800240278305
24.8000000000001 11.8778748619004 69.5491716360342 79.2700664108602 6.7470033761366 0.027406319140486 0.0229619567187908
24.9000000000001 11.9379395310633 69.6026362377178 79.2427016424081 6.74768915745737 0.028157910825484 -0.00279606464298451
25.0000000000001 11.9980243301332 69.656090743974 79.2152751538775 6.74845503411649 0.0289040565821339 -0.0275366127458168
25.1000000000001 12.05812957644 69.7095345349149 79.1877854779107 6.74930330218089 0.0296451900093957 -0.0512183387378127
25.2000000000001 12.1182555351369 69.762966991511 79.1602312965937 6.75023635270544 0.0303818485318983 -0.0738024290374882
25.3000000000001 12.1784024169836 69.8163874949487 79.1326114459299 6.75125667503189 0.0311147650243804 -0.0954027407253513
25.4000000000001 12.2385703762165 69.8697954259349 79.1049249200358 6.75236685967439 0.0318448963181549 -0.116113704621633
25.5000000000001 12.2987595084395 69.9231901639982 79.077170875326 6.75356960118916 0.0325734204733039 -0.136012065173604
25.6000000000001 12.3589698485395 69.9765710867908 79.0493486346984 6.75486770104417 0.0333017347986842 -0.15515840696239
25.7000000000001 12.4192013686343 70.0299375693903 79.0214576917194 6.75626407048873 0.0340314542739514 -0.173598504093372
25.8000000000001 12.4794539760586 70.0832889836017 78.9934977148093 6.75776173342317 0.0347644100484935 -0.191364532234709
25.9000000000001 12.539727511398 70.1366246972586 78.9654685514269 6.75936382926852 0.03550264770878 -0.208476184186643
26.0000000000001 12.6000217465776 70.1899440735257 78.9373702322553 6.76107361583609 0.0362484250238673 -0.224941729503083
26.1000000000001 12.6603363830215 70.2432464701964 78.9092029753653 6.76289447217621 0.0370041723975208 -0.240553659510091
26.2000000000001 12.7206710500421 70.2965312388971 78.8809671898312 6.76482990088132 0.0377723576444378 -0.255122355514082
26.3000000000001 12.7810253037074 70.3497977240538 78.8526634779531 6.76688352900443 0.0385555485514715 -0.268668584658725
26.4000000000001 12.841398625948 70.4030452617638 78.8242926369301 6.76905910843193 0.0393564300422483 -0.28120599922837
26.5000000000001 12.9017904237618 70.4562731786643 78.7958556605133 6.77136051623554 0.0401777895864566 -0.292742837579295
26.6000000000001 12.9622000285183 70.5094807908015 78.7673537406579 6.77379175502419 0.0410225023565876 -0.303283548645826
26.7000000000001 13.0226266953714 70.5626674024987 78.7387882691759 6.77635695329592 0.0418935161454689 -0.312830333323749
26.8000000000001 13.0830696027902 70.615832305225 78.7101608393888 6.77906036578975 0.0427938361088299 -0.321384590592892
26.9000000000001 13.1435278522153 70.6689747764641 78.6814732477794 6.78190637383764 0.0437265094427829 -0.328948251603687
27.0000000000001 13.2040004678529 70.7220940785827 78.6527274956452 6.78489948571633 0.0446946101449209 -0.335524982265541
27.1000000000001 13.2644863966225 70.7751894576962 78.6239257907222 6.78804433697606 0.0457011566769322 -0.340929590897003
27.2000000000001 13.3249845085037 70.8282601424531 78.5950705480833 6.79134569016581 0.0467488601755358 -0.345012365154698
27.3000000000001 13.3854935976571 70.8813053426152 78.5661643891928 6.79480843302682 0.0478402508199424 -0.34783551188575
27.4000000000001 13.4460123839411 70.9343242475564 78.5372101402332 6.79843757608265 0.0489777238652635 -0.349465742767695
27.5000000000001 13.5065395145958 70.9873160247583 78.5082108304057 6.80223825020601 0.050163529922077 -0.349974030300394
27.6000000000001 13.5670735660871 71.0402798183069 78.4791696902295 6.80621570418566 0.0513997681002726 -0.349435103135791
27.7000000000001 13.6276130461176 71.0932147473876 78.4500901498417 6.81037530229326 0.0526883819108931 -0.347926734410196
27.8000000000001 13.6881563958081 71.1461199047818 78.4209758372967 6.81472252185018 0.0540311577627016 -0.345528880545695
27.9000000000001 13.7487019920536 71.1989943553623 78.3918305768667 6.81926295079444 0.0554297258375156 -0.342322728118503
28.0000000000001 13.8092481500597 71.2518371345897 78.3626583873403 6.8240022852475 0.0568855630876756 -0.338389703599793
28.1000000000001 13.869793126073 71.3046472470076 78.3334634802941 6.8289463270594 0.0583998951790468 -0.333678974420035
28.2000000000001 13.9303351206088 71.3574236647287 78.304250257606 6.83410098078879 0.0599733622182644 -0.328165566090589
28.3000000000001 13.9908722826389 71.4101653258982 78.2750233070488 6.83947224924827 0.0616062818572341 -0.321965324021761
28.4000000000001 14.0514027142448 71.4628711331467 78.2457873971264 6.84506622848474 0.0632987588853457 -0.315187942860228
28.5000000000001 14.1119244754291 71.5155399520431 78.2165474718814 6.85088910273789 0.06505070117749 -0.307936076987282
28.6000000000001 14.1724355890691 71.5681706095482 78.1873086457021 6.85694713939879 0.0668618360607524 -0.300304700124183
28.7000000000001 14.2329340460075 71.6207618924676 78.1580761981303 6.8632466839684 0.0687317266289192 -0.29238070617797
28.8000000000001 14.2934178102745 71.6733125459045 78.1288555686686 6.86979415501612 0.0706597876134151 -0.284242732275947
28.9000000000001 14.3538848244353 71.7258212717131 78.0996523515876 6.87659603913835 0.0726453004974175 -0.275961177407304
29.0000000000001 14.414333015057 71.7782867269514 78.0704722907334 6.88365888591701 0.0746874276351241 -0.267598385762538
29.1000000000001 14.4747602982992 71.8307075223381 78.0413212743108 6.8909893028617 0.0767851173372959 -0.259143326986021
29.2000000000001 14.5351645859374 71.8830822208005 78.0122053290386 6.89859394992511 0.0789367725152646 -0.250592227796528
29.3000000000002 14.5955437922976 71.9354093362545 77.9831306127108 6.90647953293527 0.0811405528629387 -0.242005501157144
29.4000000000002 14.6558958415572 71.9876873324761 77.9541034061291 6.91465279660114 0.0833944913872282 -0.23343479917703
29.5000000000002 14.7162186750735 72.039914621977 77.9251301050128 6.92312051750171 0.0856965064808268 -0.224923702581765
29.6000000000002 14.7765102587096 72.092089564879 77.8962172119068 6.93188949707517 0.0880444123090896 -0.216508443781492
29.7000000000002 14.8367685901399 72.1442104677896 77.8673713280913 6.94096655460805 0.0904359275736221 -0.208218637359367
29.8000000000002 14.8969917061171 72.1962755826769 77.8385991454901 6.95035852022437 0.0928686827484626 -0.20007799741865
29.9000000000002 14.9571776896793 72.2482831057444 77.8099074385801 6.96007222787476 0.0953402259087892 -0.192105026220336
30.0000000000002 15.0173246772801 72.3002311763069 77.7813030562998 6.97011450832563 0.0978480272876998 -0.184313663163537
30.1000000000002 15.0774308658289 72.3521178756716 77.7527929139446 6.98049218213939 0.100389407360862 -0.176695287410717
30.2000000000002 15.1374945199044 72.4039412262097 77.7243839846971 6.99121205242378 0.102961304282578 -0.16924203054348
30.3000000000002 15.1975139795532 72.4556991909032 77.6960832902324 7.00228089699469 0.105560486468062 -0.161963107624368
30.4000000000002 15.2574876681746 72.5073896730813 77.6678978909599 7.01370546030811 0.108183627898624 -0.154864428374992
30.5000000000002 15.3174141001747 72.5590105161631 77.6398348762496 7.02549244538309 0.110827309698525 -0.147949082638259
30.6000000000002 15.3772918883491 72.6105595034006 77.6119013546598 7.03764850572481 0.113488021168327 -0.141217773128506
30.7000000000002 15.4371197509649 72.662034357622 77.584104444164 7.05018023724754 0.116162160435924 -0.134669197705066
30.8000000000002 15.496896518512 72.7134327409744 77.5564512623778 7.06309417019769 0.118846034880126 -0.128300384232499
30.9000000000002 15.5566211400912 72.764752254667 77.5289489167863 7.0763967610768 0.121535861476254 -0.122106981483274
31.0000000000002 15.6162926894097 72.8159904387142 77.5016044949712 7.09009438456454 0.124227767204303 -0.11608350990191
31.1000000000002 15.6759103703597 72.8671447716878 77.4744250548378 7.10419332544376 0.126917790062565 -0.110233663531926
31.2000000000002 15.7354735223608 72.9182126707168 77.4474176148508 7.11869977057753 0.129601878562999 -0.104559403841313
31.3000000000002 15.7949816257754 72.9691914921133 77.4205891442893 7.13361980101833 0.132275886859681 -0.0990516643420725
31.4000000000002 15.8544343070278 73.0200785322454 77.3939465535096 7.14895938416934 0.134935574825225 -0.0937010994396208
31.5000000000002 15.913831343184 73.0708710284201 77.3674966842091 7.16472436594764 0.137576609807896 -0.0884981745502584
31.6000000000002 15.9731726659499 73.1215661597656 77.3412462996893 7.18092046294753 0.140194569131672 -0.083433237659845
31.7000000000002 16.0324583650576 73.1721610481139 77.3152020751197 7.19755325460372 0.14278494342364 -0.0784965747194351
31.8000000000002 16.0916886910081 73.2226527588833 77.2893705878002 7.21462817535462 0.14534314084531 -0.0736784510212237
31.9000000000002 16.1508640571384 73.2730383019606 77.2637583074257 7.23215050680559 0.147864492293074 -0.0689691403946748
32.0000000000002 16.2099850409854 73.3233146325845 77.2383715863487 7.25012536989216 0.15034425762271 -0.0643589437884472
32.1000000000002 16.2690523849198 73.3734786522348 77.2132166498586 7.26855771706149 0.152777754175557 -0.0598598313478534
32.2000000000002 16.3280669961669 73.4235272097212 77.1882995868724 7.28745232492519 0.155160729115742 -0.0554816722047065
32.3000000000002 16.3870299464476 73.4734571027746 77.1636263416692 7.30681378810914 0.157489004567281 -0.0512120854971311
32.4000000000002 16.4459424710581 73.5232650798369 77.1392027060358 7.32664651357479 0.159758364699049 -0.0470392287396827
32.5000000000002 16.5048059672451 73.5729478418577 77.1150343114285 7.34695471495854 0.161964564876321 -0.0429517344205985
32.6000000000002 16.5636219918556 73.6225020440919 77.0911266211345 7.36774240691122 0.164103341796729 -0.0389386485230114
32.7000000000002 16.6223922582466 73.6719242978969 77.0674849224337 7.3890133994375 0.166170424572825 -0.0349893706089273
32.8000000000002 16.6811186324417 73.7212111725294 77.0441143187603 7.41077129223528 0.168161546710169 -0.0310935950894016
32.9000000000002 16.7398031285245 73.7703591969431 77.0210197218642 7.43301946903515 0.170072458921053 -0.0272412532517724
33.0000000000002 16.7984479032604 73.8193648615856 76.9982058439728 7.45576109193982 0.171898942700513 -0.0234224556077489
33.1000000000002 16.857055249946 73.8682246201971 76.9756771899771 7.47899909579326 0.173637036929552 -0.0196466262253621
33.2000000000002 16.9156275915826 73.9169348916489 76.9534380502572 7.50273618332328 0.175283689620621 -0.0159221826524847
33.3000000000002 16.9741674736102 73.9654920618823 76.93149249513 7.52697482224727 0.176836134179267 -0.01223819058544
33.4000000000002 17.032677556164 74.0138924858871 76.9098443699361 7.55171724315138 0.17829168888669 -0.008584131566266
33.5000000000002 17.0911606057957 74.0621324896819 76.8884972901518 7.57696543739938 0.179647768657959 -0.00494981875140797
33.6000000000002 17.1496194866685 74.110208372294 76.8674546365002 7.60272115504156 0.180901896778597 -0.00132531724527658
33.7000000000002 17.2080571512404 74.1581164077398 76.8467195500633 7.62898590272363 0.182051716518621 0.0022991321252032
33.8000000000002 17.2664766304532 74.2058528470045 76.8262949273931 7.65576094159561 0.183095002522834 0.00593318651982565
33.9000000000002 17.3248810234448 74.2534139200226 76.8061834156236 7.68304728522069 0.184029671879512 0.00958647326888704
34.0000000000002 17.3832734868073 74.3007958376579 76.7863874075822 7.71084569748418 0.184853794772196 0.0132686613670628
34.1000000000002 17.4416572234167 74.3479947936809 76.7669090369339 7.73915669053814 0.185565875910886 0.0169674694741862
34.2000000000002 17.5000354709837 74.3950069666779 76.7477501741726 7.7679805236765 0.186165674723389 0.020670661394062
34.3000000000002 17.5584114906456 74.4418285217864 76.7289124247628 7.79731720457208 0.186653392287288 0.0243878649746455
34.4000000000002 17.6167885555919 74.4884556123615 76.710397128128 7.82716649144394 0.187029402154547 0.0281285237413694
34.5000000000002 17.6751699396728 74.5348843816408 76.6922053566722 7.85752789526066 0.187294252169863 0.0319019679084733
34.6000000000002 17.7335589060184 74.581110964408 76.6743379148013 7.88840068194346 0.187448665464852 0.0357174818030198
34.7000000000002 17.791958695696 74.6271314886573 76.6567953379439 7.91978387456947 0.187493540642348 0.039584368518979
34.8000000000002 17.8503725164379 74.672942077258 76.6395778915732 7.95167625557493 0.187429951174732 0.0435120124983628
34.9000000000002 17.9088035314671 74.7185388496181 76.6226855702277 7.98407636895836 0.187259144053733 0.0475099407169704
35.0000000000002 17.9672548484507 74.7639179233486 76.6061180965329 8.01698252248375 0.186982537738771 0.0515878830342046
35.1000000000002 18.025729508611 74.8090754159254 76.5898749202561 8.05039278990994 0.186601945445132 0.055726573588137
35.2000000000002 18.0842304761192 74.8540074462735 76.5739552182387 8.08430501389877 0.186120243526268 0.0599057247741489
35.3000000000002 18.1427606280251 74.8987101361596 76.5583578965567 8.11871681064659 0.185540676419255 0.0641336019385857
35.4000000000002 18.2013227447328 74.9431796115071 76.5430815935571 8.15362557519471 0.184866620036845 0.0684183419235612
35.5000000000002 18.2599195009839 74.9874120037091 76.5281246829297 8.18902848676587 0.18410157218505 0.0727679884059094
35.6000000000002 18.3185534573603 75.031403450941 76.5134852767777 8.22492251410078 0.183249142814647 0.0771905224811445
35.7000000000002 18.3772270523254 75.0751500994731 76.4991612286888 8.26130442079461 0.182313044213074 0.0816938886636112
35.8000000000002 18.4359425948124 75.1186481049833 76.4851501368067 8.29817077063355 0.181297081239311 0.0862860163814937
35.9000000000002 18.4947022573744 75.1618936338699 76.4714493469013 8.33551793293125 0.18020514170138 0.0909748369344949
36.0000000000002 18.5535080699017 75.2048828645642 76.4580559554404 8.37334208786542 0.17904118697064 0.0957682958031733
36.1000000000002 18.612361913915 75.2476119888435 76.4449668126948 8.41163923182744 0.177809395311764 0.100632347973561
36.2000000000002 18.6712655174845 75.2900772131624 76.4321785267329 8.45040518311424 0.17651460080199 0.105530461411058
36.3000000000002 18.730220450897 75.3322747600265 76.4196874696728 8.48963558848882 0.175161809077416 0.110466446392915
36.4000000000002 18.7892281230877 75.3742008693839 76.4074897848245 8.52932593008288 0.173756030467212 0.11544353568909
36.5000000000002 18.8482897788068 75.4158518000177 76.3955813938654 8.56947153231267 0.17230226826839 0.120464357444684
36.6000000000003 18.9074064965109 75.4572238309379 76.3839580040163 8.61006756879486 0.170805507627359 0.125530901414178
36.7000000000003 18.9665791869645 75.4983132627737 76.3726151152176 8.65110906926231 0.169270705037942 0.130644478861655
36.8000000000003 19.0258085925384 75.5391164191656 76.3615480273047 8.69259092647998 0.167702778452559 0.135805676467654
36.9000000000003 19.085095287189 75.5796296481576 76.3507518471846 8.73450790316072 0.166106597990093 0.141014304660479
37.0000000000003 19.1444396770996 75.6198493235895 76.340221496011 8.77685463888111 0.164486977212004 0.146269340892428
37.1000000000003 19.2038420019612 75.6597718464918 76.3299517163873 8.81962565699572 0.162848715171508 0.151525607504522
37.2000000000003 19.263302336788 75.6993936465648 76.3199370802539 8.86281537150974 0.161196730822157 0.156734492185324
37.3000000000003 19.322820594122 75.738711183868 76.3101719985156 8.90641809384605 0.159535888497639 0.161888167826463
37.4000000000003 19.3823965267707 75.7777209505926 76.3006507313542 8.95042803957075 0.157870935590836 0.166977456768896
37.5000000000003 19.4420297311428 75.8164194728378 76.2913673985678 8.99483933511699 0.156206492802732 0.171991800465348
37.6000000000003 19.5017196511585 75.8548033123867 76.2823159899096 9.03964602450891 0.154547044658405 0.176919237414429
37.7000000000003 19.5614655827038 75.8928690684822 76.2734903754273 9.08484207608553 0.152896930226509 0.181746391785107
37.8000000000003 19.6212666786007 75.9306133796027 76.2648843158018 9.13042138922458 0.151260333982754 0.186458475245354
37.9000000000003 19.6811219540621 75.9680329252388 76.2564914726865 9.17637780106648 0.149641276764703 0.191039304516076
38.0000000000003 19.7410302926023 76.0051244276685 76.2483054190464 9.22270509323816 0.148043606773962 0.195471337161145
38.1000000000003 19.8009904523656 76.0418846537358 76.2403196495091 9.2693969985668 0.14647096939582 0.199710149289024
38.2000000000003 19.8610010726364 76.078310416688 76.2325275910355 9.31644720752901 0.144926732906927 0.203709413214209
38.3000000000003 19.9210606801701 76.1143985781628 76.2249226143999 9.36384937402843 0.143414039831171 0.207446981069774
38.4000000000003 19.9811676956325 76.1501460502351 76.217498045989 9.4115971209088 0.14193581828502 0.210899815401568
38.5000000000003 20.0413204403216 76.1855497974652 76.2102471796131 9.45968404545686 0.140494772740051 0.214044167529378
38.6000000000003 20.1015171431489 76.2206068389478 76.203163288318 9.50810372490525 0.139093375075365 0.216855779350833
38.7000000000003 20.1617559478527 76.2553142503605 76.1962396361959 9.55684972193541 0.137733856008446 0.219310106540703
38.8000000000003 20.222034920413 76.2896691660123 76.1894694901971 9.60591559018046 0.136418197010061 0.221382560024578
38.9000000000003 20.2823520566417 76.3236687808927 76.1828461319413 9.65529487972809 0.13514812282428 0.223048761658368
39.0000000000003 20.3427052899189 76.3573103527198 76.1763628695289 9.70498114262349 0.133925094728935 0.22428480894067
39.1000000000003 20.4030924990397 76.390591203988 76.1700130493451 9.75496793835893 0.132750256629378 0.225081797031696
39.2000000000003 20.4635115158631 76.4235087239707 76.1637900676645 9.80524883901809 0.131624298215042 0.225433613772659
39.3000000000003 20.5239601322813 76.4560603706146 76.1576873817536 9.85581743354392 0.130547617061932 0.22532197227907
39.4000000000003 20.5844361069117 76.4882436723892 76.1516985207729 9.90666733166118 0.129520368052063 0.224729949669628
39.5000000000003 20.6449371717663 76.5200562301351 76.1458170966729 9.95779216778569 0.128542462989425 0.223642156820469
39.6000000000003 20.7054610388905 76.5514957189128 76.1400368150894 10.0091856049336 0.12761357154595 0.222044879063304
39.7000000000003 20.7660054069522 76.5825598898509 76.1343514862387 10.0608413386307 0.126733123622126 0.219926182662463
39.8000000000003 20.8265679677639 76.6132465719939 76.1287550358134 10.1127531008216 0.125900313188732 0.217275982754996
39.9000000000003 20.8871464127213 76.6435536741517 76.1232415158774 10.1649146637791 0.125114103657983 0.214086069475214
40.0000000000003 20.9477384391413 76.6734791867466 76.1178051157617 10.2173198440135 0.124373234813222 0.210350090141056
40.1000000000003 21.008341756475 76.7030211836564 76.1124401729311 10.2699625061692 0.123676205784086 0.206126799402087
40.2000000000003 21.0689540920935 76.7321778238829 76.1071411831184 10.3228365666035 0.123021232149504 0.201478903705261
40.3000000000003 21.1295731961743 76.7609473527854 76.101902808594 10.3759359961543 0.122406374110924 0.196408102098727
40.4000000000003 21.1901968461215 76.7893281031412 76.0967198857037 10.42925482259 0.121829577865842 0.190916987658921
40.5000000000003 21.2508228508021 76.8173184961998 76.091587432377 10.4827871330465 0.121288686143396 0.185008876447981
40.6000000000003 21.3114490546018 76.8449170427368 76.0865006556354 10.5365270764646 0.120781449391405 0.178687621584363
40.7000000000003 21.3720733412981 76.8721223441082 76.0814549591015 10.5904688660273 0.120305537558817 0.171957416102592
40.8000000000003 21.4326936377486 76.8989330933045 76.0764459505077 10.6446067815965 0.119858552421201 0.164822588326321
40.9000000000003 21.4933079173904 76.9253480760047 76.0714694492042 10.6989351721508 0.119438040399364 0.157287393422612
41.0000000000003 21.5539142035521 76.9513661716304 76.0665214936683 10.7534484582226 0.119041505826282 0.149355804727681
41.1000000000003 21.614510572566 76.9769863543892 76.0615983489692 10.8081411343259 0.118666447550292 0.141133288168761
41.2000000000003 21.6750951564549 77.0022076940364 76.0566965130959 10.8630077711507 0.118310463960179 0.132726131120601
41.3000000000003 21.7356661448351 77.0270293559226 76.0518127204006 10.9180430171615 0.117971233722182 0.124138449265183
41.4000000000003 21.7962217864144 77.0514506007591 76.0469439439052 10.9732415999617 0.117646504973858 0.115373316384013
41.5000000000003 21.8567603903258 77.0754707843737 76.0420873975636 11.0285983276495 0.117334101353309 0.106432729302784
41.6000000000003 21.9172803273122 77.0990893574652 76.0372405385247 11.084108090173 0.117031927923143 0.097317583981926
41.7000000000003 21.9777800307717 77.1223058653589 76.0324010693949 11.1397658606857 0.116737977026477 0.0880276622842268
41.8000000000003 22.0382579976727 77.1451199477614 76.027566940501 11.1955666969021 0.11645033411633 0.078561628931073
41.9000000000003 22.098712789348 77.1675313385158 76.0227363521527 11.2515057424532 0.116167183599395 0.0689170382812082
42.0000000000003 22.1591430321763 77.189539865357 76.0179077569054 11.3075782282417 0.115886814742374 0.0590903506765929
42.1000000000003 22.219547418157 77.2111454496545 76.0130798617739 11.3637794737926 0.115607682410484 0.0491933788509616
42.2000000000003 22.2799247052614 77.2323481058444 76.0082516291737 11.4201048884696 0.115328586317281 0.039338921020043
42.3000000000003 22.3402737173795 77.253147940072 76.003422274632 11.4765499723516 0.115048524088554 0.0295237507580934
42.4000000000003 22.4005933441008 77.2735451485225 75.9985912632261 11.5331103169759 0.114766635351843 0.0197442573777809
42.5000000000003 22.4608825404716 77.29354001574 75.9937583059731 11.5897816060753 0.114482197926528 0.00999656041550006
42.6000000000003 22.5211403267486 77.3131329129469 75.9889233562195 11.6465596163162 0.114194624146622 0.000276620143168602
42.7000000000003 22.581365788157 77.3323242963629 75.9840866060307 11.7034402180364 0.113903457322735 -0.00941965539916387
42.8000000000003 22.6415580746658 77.3511147055238 75.9792484825807 11.7604193759821 0.113608368344713 -0.0190963063201033
42.9000000000003 22.7017164007898 77.3695047616012 75.9744096445414 11.8174931500464 0.113309152422348 -0.0287572191671371
43.0000000000003 22.7618400454274 77.3874951657209 75.9695709784724 11.8746576960063 0.113005725955375 -0.0384060270355446
43.1000000000003 22.8219283517428 77.4050866972733 75.9647335951667 11.9319092662576 0.1126981674587 -0.0479380143934708
43.2000000000003 22.8819807270518 77.4222802119896 75.9598988248587 11.9892442104715 0.11238684139769 -0.057245052347804
43.3000000000003 22.9419966426538 77.4390766394224 75.9550682095427 12.0466589760524 0.11207225077233 -0.0663246848299924
43.4000000000003 23.0019756337098 77.4554769801936 75.9502434941535 12.1041501085174 0.111754980947303 -0.0751734648755336
43.5000000000003 23.0619172992237 77.471482303232 75.9454266177041 12.1617142518733 0.11143568844356 -0.0837869279285817
43.6000000000004 23.1218213021324 77.4870937430118 75.940619704422 12.2193481489928 0.111115089908171 -0.0921595796822761
43.7000000000004 23.1816873695086 77.5023124967906 75.9358250548864 12.2770486419919 0.110793951246412 -0.10028489823386
43.8000000000004 23.2415152928766 77.5171398218474 75.9310451371653 12.3348126726058 0.110473076903389 -0.108155350503109
43.9000000000004 23.3013049286437 77.5315770327211 75.9262825779523 12.3926372825664 0.110153299287339 -0.115762422730899
44.0000000000004 23.3610561986443 77.5456254984484 75.9215401537039 12.4505196139779 0.109835468333978 -0.123096665002172
44.1000000000004 23.4207690907979 77.5592866398 75.9168207817484 12.5084569096921 0.109520438902827 -0.13007614083628
44.2000000000004 23.4804436598552 77.5725619264697 75.9121275106745 12.5664465136107 0.109209044039551 -0.136616359599898
44.3000000000004 23.5400800281953 77.5854528741434 75.9074635088904 12.6244858708111 0.108902073352094 -0.142702946425896
44.4000000000004 23.5996783867024 77.5979610415199 75.9028320524622 12.6825725276005 0.108600259812878 -0.148321087621152
44.5000000000004 23.6592389957352 77.610088027331 75.8982365129238 12.7407041315681 0.108304267162349 -0.153455697977489
44.6000000000004 23.7187621861824 77.6218354673606 75.8936803450879 12.7988784316363 0.108014678084861 -0.158091593769077
44.7000000000004 23.7782483605964 77.6332050314644 75.8891670748565 12.857093278113 0.107731983236977 -0.162213667878026
44.8000000000004 23.8376979943932 77.6441984205896 75.8847002870308 12.9153466227435 0.107456571211833 -0.165807063303362
44.9000000000004 23.8971116371113 77.6548173637944 75.8802836131228 12.973636518762 0.107188719524819 -0.168857341081219
45.0000000000004 23.956489913716 77.6650636152671 75.8759207191644 13.0319611209433 0.106928586707892 -0.171350638589741
45.1000000000004 24.0158335259371 77.6749389513543 75.8716152935132 13.0903186856507 0.106676153656773 -0.173260710215309
45.2000000000004 24.0751432535589 77.6844451677933 75.8673710344966 13.1487075707658 0.106431060708876 -0.174563272108488
45.3000000000004 24.1344199555299 77.6935840774678 75.8631916376534 13.2071262353221 0.106192756563713 -0.175248734124161
45.4000000000004 24.1936645709701 77.7023575083687 75.8590807828159 13.2655732390211 0.105960547393883 -0.17530861711378
45.5000000000004 24.2528781201274 77.7107673015624 75.8550421211857 13.3240472417443 0.10573359603215 -0.17473556741547
45.6000000000004 24.3120617052719 77.7188153091603 75.8510792624092 13.3825470030651 0.10551092279486 -0.173523339022817
45.7000000000004 24.3712165115174 77.726503392287 75.8471957616539 13.4410713817603 0.105291407971545 -0.171666742580982
45.8000000000004 24.4303438075558 77.7338334190495 75.8433951066842 13.4996193353221 0.105073795999151 -0.16916156107027
45.9000000000004 24.4894449462956 77.7408072625055 75.8396807049369 13.5581899194702 0.104856701328599 -0.166004432875616
46.0000000000004 24.5485213653896 77.7474267986327 75.8360558705975 13.6167822876631 0.104638615982118 -0.162192703587942
46.1000000000004 24.6075745876372 77.753693904314 75.8325238116924 13.675395690602 0.104417848011009 -0.157780363838409
46.2000000000004 24.6666062210619 77.7596104557618 75.8290876176086 13.7340294755214 0.104192329829122 -0.152824416192037
46.3000000000004 24.7256179583465 77.7651783280537 75.8257502476995 13.7926830849379 0.103959859206437 -0.147326974247436
46.4000000000004 24.7846115758878 77.7703993951076 75.8225145203177 13.851356055186 0.103718184258972 -0.141289719925486
46.5000000000004 24.8435889326473 77.7752755296729 75.8193831018649 13.9100480149464 0.103465016113989 -0.134713651113133
46.6000000000004 24.9025519688003 77.7798086033217 75.8163584958412 13.968758683773 0.103198042533315 -0.127598822637765
46.7000000000004 24.9615027041813 77.7840004864405 75.8134430318945 14.0274878706213 0.102914942473445 -0.119944082391897
46.8000000000004 25.0204432365245 77.7878530482215 75.8106388548706 14.0862354723753 0.102613401572815 -0.111746804196122
46.9000000000004 25.0793757394993 77.7913681566538 75.8079479138623 14.1450014723759 0.102291128563358 -0.103002618900251
47.0000000000004 25.1383024605418 77.7945476785149 75.805371951259 14.2037859389485 0.101945872621345 -0.0937051449437548
47.1000000000004 25.1972257184736 77.797393479384 75.8029124918279 14.2625890239188 0.101575381653864 -0.0839516322555833
47.2000000000004 25.2561479006189 77.7999074242169 75.8005708326128 14.3214109608323 0.101177250459979 -0.0738397547635612
47.3000000000004 25.3150714589431 77.8020913793492 75.7983480349085 14.3802520624189 0.100749132999586 -0.0633599719612289
47.4000000000004 25.3739989056728 77.8039472150614 75.7962449170544 14.43911271776 0.100288817696138 -0.0524997738145956
47.5000000000004 25.4329328086975 77.8054768081661 75.7942620472576 14.4979933894446 0.0997942405270606 -0.0412435052876328
47.6000000000004 25.4918757867768 77.8066820445946 75.7923997364178 14.5568946107252 0.0992634986573884 -0.0295721849190765
47.7000000000004 25.5508305045684 77.8075648219837 75.7906580309509 14.6158169826736 0.0986948647308689 -0.0174633164753751
47.8000000000004 25.6097996674923 77.8081270522628 75.7890367056136 14.6747611713372 0.098086801952357 -0.0048906934991773
47.9000000000004 25.6687860164485 77.8083706642408 75.7875352563269 14.7337279048946 0.0974379801151402 0.00817580237319694
48.0000000000004 25.7277923224058 77.8082976061929 75.7861528930011 14.7927179708115 0.0967472927531012 0.021770407076043
48.1000000000004 25.7868213808664 77.8079098484678 75.7848885323998 14.8517322129821 0.0960138421793804 0.0357956333628384
48.2000000000004 25.8458760058269 77.8072093866213 75.7837407920619 14.9107715284807 0.0952368537821605 0.050154005327676
48.3000000000004 25.9049590226144 77.806198245887 75.7827079869074 14.9698368633282 0.09441578209425 0.0648859716552556
48.4000000000004 25.9640732602512 77.8048784861735 75.781788126899 15.0289292078682 0.0935503523765575 0.0800360773850576
48.5000000000004 26.0232215437699 77.8032522070816 75.7809789147454 15.0880495921296 0.0926405708782411 0.095653115780518
48.6000000000004 26.0824066865201 77.8013215529219 75.7802777436045 15.1471990811883 0.0916867368111621 0.111790276657429
48.7000000000004 26.14163148249 77.799088717732 75.779681694786 15.2063787705293 0.0906894563039845 0.128505277193151
48.8000000000004 26.2008986986696 77.7965559502942 75.7791875354544 15.2655897814086 0.0896496586347538 0.145860456039958
48.9000000000004 26.2602110674805 77.7937255591527 75.7787917163323 15.3248332562153 0.0885686150671532 0.163922804839469
49.0000000000004 26.3195712792972 77.790599917631 75.778490369403 15.3841103538334 0.0874479606484231 0.182763902546669
49.1000000000004 26.3789819750714 77.7871814688601 75.7782793056557 15.4434222449891 0.0862897183244504 0.20231985561166
49.2000000000004 26.4384457386931 77.783472731085 75.7781540139136 15.5027701072096 0.0850962976727393 0.222522811229627
49.3000000000004 26.4979650884893 77.7794763036778 75.7781096624159 15.5621551187959 0.0838704749490416 0.243443456519696
49.4000000000004 26.5575424685166 77.7751948734291 75.7781411014826 15.6215784524075 0.0826154058878096 0.265154212880489
49.5000000000004 26.6171802400575 77.7706312208507 75.7782428662221 15.6810412686328 0.081334646847651 0.287728293610929
49.6000000000004 26.6768806733602 77.7657882264772 75.7784091792379 15.7405447095586 0.0800321796708897 0.311238377814937
49.7000000000004 26.7366459396373 77.7606688771689 75.778633953336 15.8000898923398 0.0787124403721208 0.335754792765706
49.8000000000004 26.7964781033445 77.7552762724134 75.7789107942317 15.8596779027694 0.0773803516577717 0.36134307754235
49.9000000000004 26.856379114755 77.7496136306283 75.7792330032572 15.9193097888485 0.0760413591086492 0.388060782477139
50.0000000000004 26.9163508028467 77.7436842954635 75.779593580068 15.978986554356 0.0747014706145937 0.415953344899976
50.1000000000004 26.9763948685086 77.7374917420987 75.7799852253879 16.0387091524071 0.0733673279128521 0.444915941655206
50.2000000000004 27.036512877815 77.7310395834352 75.7804003447155 16.0984784787166 0.0720462889753102 0.474807238333405
50.3000000000004 27.0967062549673 77.724331576015 75.7808310544771 16.1582953641132 0.0707462841863063 0.505582019119661
50.4000000000004 27.1569762753446 77.7173716258333 75.7812691891416 16.2181605667585 0.0694757906305111 0.537157433034324
50.5000000000004 27.2173240589363 77.7101637941468 75.7817063083734 16.2780747643546 0.0682438404026015 0.569405092241105
50.6000000000004 27.2777505641696 77.7027123032818 75.7821337041843 16.338038546352 0.0670600186963777 0.602142897287143
50.7000000000005 27.3382565821336 77.6950215424427 75.7825424080866 16.3980524061569 0.0659344476754656 0.635127201974996
50.8000000000005 27.3988427311998 77.6870960735205 75.7829231982451 16.4581167333395 0.0648777516505392 0.668046207915329
50.9000000000005 27.4595094520411 77.6789406369004 75.7832666066296 16.5182318058409 0.0639009988704892 0.700515770765267
51.0000000000005 27.5202570030461 77.6705601572709 75.7835629261674 16.5783977821815 0.0630156154534617 0.73207905209636
51.1000000000005 27.5810854561294 77.661959749412 75.7838022179247 16.6386146936651 0.0622333166599846 0.762076216243467
51.2000000000005 27.6419946929319 77.653144723478 75.7839743190385 16.6988824365037 0.0615660280144361 0.789778569107518
51.3000000000005 27.7029844014084 77.644120588993 75.7840688525531 16.7592007637372 0.0610254142720241 0.814559016745783
51.4000000000005 27.7640540728113 77.634893058341 75.7840752380082 16.8195692770745 0.0606225804599556 0.835796963635627
51.5000000000005 27.8252029990633 77.6254680502362 75.7839827020548 16.8799874187299 0.0603678260832996 0.852915984485484
51.6000000000005 27.8864302705042 77.6158516931925 75.7837802890718 16.9404544632607 0.060270401025526 0.86542434123999
51.7000000000005 27.9477347739976 77.6060503289943 75.7834568717822 17.0009695094036 0.0603382805827688 0.872953829478262
51.8000000000005 28.0091151913843 77.5960705161662 75.7830011618698 17.0615314719127 0.060577977958466 0.875291830575724
51.9000000000005 28.0705699982659 77.5859190334434 75.782401720595 17.1221390733959 0.0609944109496344 0.872401820916959
52.0000000000005 28.132097463107 77.5756028832416 75.7816469694113 17.1827908361522 0.0615908354063178 0.864429027295143
52.1000000000005 28.1936956466556 77.5651292950951 75.7807252006 17.2434850740177 0.0623688967237245 0.851553264325995
52.2000000000005 28.255362402023 77.554505728257 75.7796245883648 17.3042198844471 0.0633287517033789 0.834108350229786
52.3000000000005 28.3170953759788 77.5437398721719 75.7783332010989 17.3649931411897 0.0644689197987587 0.81269135459005
52.4000000000005 28.3788920108819 77.5328396461117 75.7768390141124 17.425802487202 0.0657864214429448 0.787981687891776
52.5000000000005 28.4407495468749 77.5218131987786 75.7751299223786 17.4866453275678 0.0672770267024281 0.760695026730297
52.6000000000005 28.5026650243036 77.5106689079085 75.7731937532789 17.5475188224193 0.0689355259537932 0.731541151616836
52.7000000000005 28.5646352863428 77.4994153798735 75.7710182793488 17.6084198798581 0.0707560033642703 0.701189428891674
52.8000000000005 28.6266569818064 77.4880614492856 75.7685912310237 17.6693451488752 0.0727320972507244 0.670243827036376
52.9000000000005 28.6887265681236 77.4766161785997 75.7659003093841 17.7302910122726 0.0748572357541664 0.639227674289151
53.0000000000005 28.7508403144644 77.4650888577167 75.7629331989013 17.7912535795835 0.0771248408056364 0.608577122399511
53.1000000000005 28.8129943050272 77.4534890035445 75.7596775801892 17.8522286800168 0.0795285145781673 0.578525269054652
53.2000000000005 28.8751844432425 77.4418263584661 75.7561211429106 17.9132118560156 0.0820621391723968 0.549243573097017
53.3000000000005 28.9374064581053 77.4301108860325 75.7522515990754 17.9741983583727 0.0847197869699885 0.520958159161075
53.4000000000005 28.9996559113877 77.4183527655622 75.7480566964952 18.035183141961 0.0874957786296794 0.493832391126013
53.5000000000005 29.0619282049418 77.4065623866997 75.7435242322417 18.0961608614867 0.0903847562778438 0.467975690259515
53.6000000000005 29.1242185880393 77.3947503439723 75.7386420661069 18.1571258672431 0.0933817354880015 0.443452548139193
53.7000000000005 29.1865221647263 77.3829274313487 75.7333981340624 18.2180722008637 0.0964821397209107 0.420291109309577
53.8000000000005 29.2488339011732 77.3711046367961 75.7277804617185 18.2789935910763 0.0996818207310318 0.398490946610106
53.9000000000005 29.3111486330007 77.3592931368384 75.7217771777843 18.3398834494558 0.102977068099029 0.378029843126023
54.0000000000005 29.3734610725644 77.3475042911137 75.7153765275268 18.4007348661783 0.10636461062474 0.35886953009526
54.1000000000005 29.435765816227 77.3357496368871 75.7085668862249 18.4615406058106 0.109841590571111 0.3408773260672
54.2000000000005 29.4980573527138 77.3240408823938 75.7013367724817 18.522293104042 0.113405418525717 0.323927695010705
54.3000000000005 29.5603300743105 77.312389897212 75.6936748611758 18.5829844668088 0.117053704850129 0.307979733999243
54.4000000000005 29.6225782891008 77.3008087014667 75.6855699962712 18.6436064703601 0.120784261804785 0.292988463706724
54.5000000000005 29.684796233106 77.2893094549878 75.6770112036213 18.7041505613602 0.124595100663088 0.278906483522943
54.6000000000005 29.7469780822574 77.2779044464689 75.6679877037732 18.7646078569916 0.128484426886345 0.26568527961467
54.7000000000005 29.8091179641768 77.2666060826254 75.6584889247718 18.8249691450569 0.132450633941538 0.253276238715667
54.8000000000005 29.8712099697423 77.2554268773531 75.6485045149642 18.8852248840816 0.136492296240559 0.241631416706816
54.9000000000005 29.9332481644147 77.2443794408866 75.6380243558035 18.9453652034165 0.140608161589166 0.230704106015777
55.0000000000005 29.9952265993037 77.2334764689576 75.6270385746534 19.0053799033401 0.14479714346199 0.220449240249461
55.1000000000005 30.0571393220041 77.2227307319146 75.6155375575742 19.0652584552073 0.14905827462628 0.210771560029487
55.2000000000005 30.11898038855 77.2121550628277 75.6035119616472 19.1249900027974 0.153390518155754 0.201585317887899
55.3000000000005 30.1807438786499 77.2017623430185 75.5909527261256 19.1845633667061 0.157792763077385 0.192861963381572
55.4000000000005 30.2424239119847 77.1915654865763 75.5778510831223 19.2439670499378 0.162263841543434 0.18457409887814
55.5000000000005 30.3040146641662 77.1815774248342 75.5641985682813 19.3031892435432 0.166802523145239 0.176695501974224
55.6000000000005 30.3655103822634 77.1718110908459 75.5499870314479 19.3622178322571 0.171407508749633 0.16920113120016
55.7000000000005 30.4269053998585 77.1622794038624 75.5352086473397 19.4210404001362 0.176077424013004 0.162067117934388
55.8000000000005 30.4881941515931 77.1529952538086 75.5198559262168 19.4796442361975 0.180810812730669 0.155270747148729
55.9000000000005 30.549371187164 77.14397148576 75.5039217245531 19.5380163400553 0.185606130180145 0.148790429284036
56.0000000000005 30.6104311847269 77.1352208844192 75.4873992557064 19.5961434275599 0.190461736620823 0.142605665250965
56.1000000000005 30.671368963724 77.1267561585745 75.4702821005554 19.6540119364833 0.195375903834662 0.136674499498121
56.2000000000005 30.7321794985434 77.1185899250869 75.4525642172486 19.7116080334584 0.200346788041389 0.130957791899606
56.3000000000005 30.7928579353171 77.1107346916806 75.4342399487018 19.7689176241014 0.205372279626025 0.125440661874702
56.4000000000005 30.8533996095318 77.103202839262 75.415304029208 19.8259263643855 0.210449964850791 0.120108967431763
56.5000000000005 30.9138000629555 77.09600660422 75.395751591013 19.882619672065 0.215577115115814 0.114949234486611
56.6000000000005 30.9740550597607 77.0891580607273 75.3755781708912 19.9389827380977 0.22075067667983 0.109948594496657
56.7000000000005 31.0341606017786 77.0826691030412 75.3547797167219 19.9950005380686 0.225967261090601 0.105094728976877
56.8000000000005 31.094112942818 77.076551427804 75.3333525940643 20.0506578436125 0.231223136602569 0.100375819738148
56.9000000000005 31.1539086019776 77.0708165163441 75.3112935927341 20.1059392338374 0.236514220882065 0.0957805038952153
57.0000000000005 31.213544375881 77.0654756169769 75.2885999333789 20.1608291067474 0.241836075324289 0.0912978328527462
57.1000000000005 31.2730173498107 77.0605397273133 75.2652692740095 20.2153116907047 0.247183998526578 0.0869160236036398
57.2000000000005 31.3323249089827 77.0560195767782 75.24129971538 20.2693710568977 0.252553265410575 0.0826230381799144
57.3000000000005 31.3914647520647 77.0519256096604 75.2166898034417 20.322991134363 0.257938742237621 0.0784082379074901
57.4000000000005 31.45043490488 77.0482679683717 75.1914385306467 20.3761557260147 0.263334769459111 0.0742614637078617
57.5000000000005 31.5092337329272 77.0450564767144 75.1655453372057 20.4288485247115 0.268735156769948 0.0701729686101023
57.6000000000005 31.5678599525728 77.0423006231486 75.1390101123466 20.4810531293238 0.274133181420334 0.0661333578042851
57.7000000000006 31.6263126408218 77.0400095440595 75.111833195573 20.5327530608017 0.279521590265705 0.062133534983551
57.8000000000006 31.6845912435722 77.0381920070247 75.0840153779224 20.583931778242 0.284892606049445 0.058164653895881
57.9000000000006 31.7426955822542 77.0368563940817 75.0555579032251 20.6345726949555 0.290237938417345 0.0542180741546672
58.0000000000006 31.8006258587567 77.0360106849951 75.0264624693617 20.6846591945347 0.295548800157213 0.0502853204595107
58.1000000000006 31.8583826585913 77.0356624405679 74.9967312294638 20.7341746469419 0.300816210583338 0.0463761775381698
58.2000000000006 31.9159669534202 77.0358187870986 74.9663667915855 20.7831024251363 0.306031823282654 0.0424990679007278
58.3000000000006 31.9733801049912 77.0364864037459 74.9353722144989 20.83142592307 0.311187028876465 0.0386439773137804
58.4000000000006 32.0306238687452 77.0376715110384 74.9037510019613 20.8791285742235 0.316272683537269 0.0348013652001265
58.5000000000006 32.0877003958642 77.0393798594292 74.8715070969246 20.9261938701615 0.321279135216049 0.0309620903800443
58.6000000000006 32.144612233626 77.0416167178498 74.8386448757437 20.9726053790886 0.326196256331253 0.0271173433047026
58.7000000000006 32.2013623239751 77.0443868622644 74.8051691423859 21.0183467644056 0.331013483225505 0.0232585834835685
58.8000000000006 32.2579540002269 77.0476945642243 74.7710851226394 21.0634018032652 0.335719862622598 0.0193774809531822
58.9000000000006 32.3143909818209 77.0515435794217 74.7363984583222 21.107754405128 0.34030410523031 0.0154658607089739
59.0000000000006 32.3706773670498 77.0559371362439 74.7011152014912 21.1513886303186 0.34475464652998 0.0115156491461073
59.1000000000006 32.4268176237215 77.0608779243847 74.6652418086077 21.1942887085789 0.349060049815838 0.00754626918852993
59.2000000000006 32.4828165785062 77.0663680849341 74.6287851335762 21.2364390575664 0.353210055130811 0.00357651162032665
59.3000000000006 32.5386794064177 77.0724092042232 74.5917524179231 21.2778243012091 0.357194589760343 -0.00040231931651373
59.4000000000006 32.5944116194519 77.0790023091473 74.5541512798487 21.3184292880044 0.361003489665064 -0.00439860519261978
59.5000000000006 32.65001905363 77.0861478625467 74.5159897032358 21.3582391093167 0.364626567492508 -0.00842048688566387
59.6000000000006 32.7055078543867 77.0938457585866 74.4772760266587 21.3972391176739 0.368053684892862 -0.0124759355042198
59.7000000000006 32.7608844602782 77.1020953181381 74.4380189323911 21.4354149450642 0.371274828559361 -0.016572821783378
59.8000000000006 32.8161555849973 77.1108952841583 74.3982274354159 21.4727525212338 0.374280189304325 -0.0207189849142217
59.9000000000006 32.8713281976897 77.1202438170705 74.3579108724325 21.5092380919832 0.377060243379778 -0.0249223017317177
60.0000000000006 32.9264095015772 77.130138490145 74.3170788908667 21.5448582374643 0.379605835158691 -0.0291907570926188
60.1000000000006 32.9814069109248 77.1405762849623 74.2757414378432 21.5795998904451 0.381908782767953 -0.0334887779181329
60.2000000000006 33.0363280269755 77.1515535890308 74.2339087482406 21.6134503537249 0.383963498644494 -0.0377804613184734
60.3000000000006 33.0911806141548 77.1630661988749 74.1915913304138 21.6463973153952 0.385765434617017 -0.0420732462548323
60.4000000000006 33.145972576193 77.1751093252773 74.1487999509977 21.6784288632524 0.387310595453841 -0.0463744076743348
60.5000000000006 33.2007119317659 77.1876775986042 74.1055456196758 21.709533499177 0.388595576801068 -0.0506911415008431
60.6000000000006 33.2554067896836 77.200765074131 74.0618395739484 21.7397001535134 0.38961759885908 -0.0550306476650796
60.7000000000006 33.3100653236844 77.2143652373673 74.0176932639015 21.7689181994492 0.390374535359205 -0.0594002119851341
60.8000000000006 33.364695746889 77.2284710093822 73.9731183369746 21.7971774673951 0.39086493746736 -0.0638072876513855
60.9000000000006 33.419306285975 77.2430747521301 73.9281266227297 21.8244682593646 0.39108805231533 -0.0682595770349501
61.0000000000006 33.4739051551333 77.2581682737754 73.8827301176196 21.8507813633529 0.391043835942785 -0.07276511451738
61.1000000000006 33.5285005298736 77.2737428340921 73.836940969749 21.8761080676639 0.390733482805442 -0.077287196621586
61.2000000000006 33.5831005208454 77.2897891517794 73.7907714634527 21.900440173844 0.390160975535754 -0.0817876123225151
61.3000000000006 33.6377131482199 77.3062974166439 73.744234003407 21.9237700060849 0.389331465639759 -0.0862724448288291
61.4000000000006 33.6923463170579 77.3232573036985 73.6973410985576 21.9460904192345 0.388250704034945 -0.0907478528849327
61.5000000000006 33.7470077937522 77.3406579873347 73.6501053460409 21.9673948067539 0.386924992592124 -0.0952201452083569
61.6000000000006 33.8017051835774 77.3584881554957 73.6025394151048 21.9876771086752 0.385361132290447 -0.0996958528042864
61.7000000000006 33.8564459093775 77.3767360238486 73.5546560310297 22.0069318195586 0.383566368776747 -0.104181799901951
61.8000000000006 33.9112371914099 77.3953893499574 73.5064679590493 22.0251539964498 0.3815483361279 -0.108685174210595
61.9000000000006 33.9660860283599 77.414435447455 73.4579879882719 22.0423392668375 0.379314999604897 -0.113213597250284
62.0000000000006 34.0209991795283 77.4338612002166 73.409228915601 22.0584838366106 0.376874598167373 -0.117775195500112
62.1000000000006 34.0759831481801 77.4536530765822 73.3602035296704 22.0735844979532 0.374236051463794 -0.122341909179642
62.2000000000006 34.1310441658105 77.4737971448882 73.3109245951343 22.0876386356204 0.371410286890895 -0.126883173746972
62.3000000000006 34.1861881772053 77.4942790923211 73.2614048378625 22.1006442291018 0.368408764742051 -0.131403874838126
62.4000000000006 34.2414208271146 77.5150842450799 73.21165693049 22.1125998531657 0.365242933631324 -0.135909063689625
62.5000000000006 34.296747448851 77.5361975885884 73.1616934779818 22.1235046783413 0.361924155093193 -0.140404006731606
62.6000000000006 34.3521730547633 77.5576037877081 73.1115270031969 22.1333584714003 0.358463633200011 -0.144894235171939
62.7000000000006 34.4077023285197 77.5792872069508 73.0611699324523 22.1421615958392 0.354872349679623 -0.149385595339254
62.8000000000006 34.4633396191203 77.601231930691 73.0106345810873 22.1499150123609 0.351161004890378 -0.153884300556128
62.9000000000006 34.5190889365576 77.6234217833787 72.9599331390276 22.1566202793565 0.347339964890151 -0.158396985331683
63.0000000000006 34.5749539490362 77.645840349752 72.9090776563493 22.1622795533877 0.343419214725861 -0.162930762685695
63.1000000000006 34.6309379816329 77.6684709950673 72.8580800288743 22.1668955896007 0.339408736237567 -0.167472349202124
63.2000000000006 34.6870440156851 77.6912968857934 72.8069519845619 22.1704717403832 0.335319740200184 -0.172004944702788
63.3000000000006 34.7432746880614 77.7143010114807 72.7557050719272 22.1730119495599 0.331163392722247 -0.176530764025736
63.4000000000006 34.7996322916206 77.7374662070942 72.7043506492554 22.1745207448305 0.326950355110464 -0.181052020453367
63.5000000000006 34.8561187774725 77.7607751753645 72.6528998738483 22.17500323014 0.322690744642167 -0.18557095672375
63.6000000000006 34.9127357589493 77.7842105091378 72.6013636912693 22.1744650780494 0.318394101870015 -0.190089879712542
63.7000000000006 34.9694845171657 77.8077547137272 72.5497528245899 22.1729125221058 0.314069364135506 -0.194611199514732
63.8000000000006 35.0263660080442 77.8313902292631 72.4980777636352 22.1703523492131 0.309724844919646 -0.199137473605152
63.9000000000006 35.0833808706848 77.8550994530438 72.4463487542295 22.1667918920023 0.305368218626783 -0.203671456798299
64.0000000000006 35.140529436956 77.8788647618866 72.3945757874425 22.1622390212017 0.30100651037851 -0.208216157681747
64.1000000000006 35.1978117421469 77.9026685344531 72.3427685888735 22.1567021379607 0.29664636904709 -0.212781911989101
64.2000000000006 35.2552275355684 77.9264931729313 72.2909366089469 22.1501901649505 0.292294946845363 -0.217376188487674
64.3000000000006 35.3127762895572 77.9503211230824 72.239089015772 22.142712534361 0.287959136840504 -0.221997767685938
64.4000000000006 35.3704572086507 77.9741348936429 72.1872346890135 22.134279174676 0.283645295181034 -0.226645240893938
64.5000000000006 35.4282692398955 77.9979170757027 72.1353822138008 22.1249004974004 0.279359233181779 -0.231317038484094
64.6000000000006 35.4862110842283 78.0216503620826 72.0835398746375 22.1145873837881 0.275106212382313 -0.236011465785664
64.7000000000006 35.5442812088255 78.0453175667121 72.0317156493106 22.1033511715694 0.270890942236249 -0.240726747409568
64.8000000000006 35.6024778603204 78.0689016440072 71.9799172027999 22.0912036416791 0.266717580113772 -0.245461080738037
64.9000000000006 35.6607990787917 78.092385708248 71.9281518811874 22.0781570049836 0.262589733326566 -0.250212699289023
65.0000000000006 35.7192427124273 78.1157530529565 71.8764267055662 22.0642238890087 0.258510462917951 -0.254979946602664
65.1000000000006 35.7778064327207 78.1389871702216 71.8247483659928 22.0494173246383 0.254482525846383 -0.259790139244628
65.2000000000006 35.8364877488667 78.1620717686502 71.7731232165327 22.0337507320531 0.250509160828872 -0.264668001784955
65.3000000000006 35.8952840194081 78.1849907878319 71.7215572730865 22.0172379047411 0.246593499035772 -0.269607731216431
65.4000000000006 35.9541924632842 78.20772841143 71.6700562123109 21.9998929927494 0.242738339184778 -0.274603014601504
65.5000000000006 36.0132101715191 78.2302690802195 71.6186253705817 21.9817304859057 0.238946142442203 -0.279647051982156
65.6000000000005 36.0723341195377 78.2525975051257 71.5672697429565 21.9627651970406 0.235219028034494 -0.284732590812202
65.7000000000005 36.1315611800421 78.2746986802617 71.5159939821375 21.9430122452097 0.231558769459065 -0.289851973030271
65.8000000000005 36.1908881363859 78.2965578959669 71.4648023974351 21.9224870389154 0.227966791211803 -0.294997195784258
65.9000000000005 36.2503116963852 78.3181607518453 71.4136989537299 21.9012052593291 0.224444165975369 -0.300159986682292
66.0000000000005 36.3098285065041 78.3394931698033 71.3626872704367 21.8791828435129 0.220991612243622 -0.305331894260073
66.1000000000005 36.3694351662954 78.3605414070148 71.3117706205097 21.8564359676398 0.217609696938617 -0.310556187254841
66.2000000000005 36.4291282415039 78.3812920669733 71.2609519305775 21.8329810301489 0.214299540822029 -0.315873881110456
66.3000000000005 36.4889042734284 78.4017321056919 71.2102337839377 21.8088346347399 0.211062360849121 -0.321272149962038
66.4000000000005 36.5487597871374 78.4218488359907 71.1596184246816 21.7840135733035 0.207899275220488 -0.326736925062125
66.5000000000005 36.6086913000889 78.4416299317108 71.1091077618601 21.7585348088495 0.204811288982659 -0.332252891905535
66.6000000000005 36.6686953311832 78.4610634319285 71.0587033736508 21.7324154584345 0.201799279554384 -0.337803505905323
66.7000000000005 36.7287684102143 78.4801377451692 71.0084065115251 21.7056727760902 0.19886398216585 -0.343371029093054
66.8000000000005 36.7889070876866 78.4988416536218 70.9582181044143 21.678324135751 0.196005975218184 -0.348936590094071
66.9000000000005 36.8491079449606 78.5171643173522 70.908138762877 21.6503870141825 0.193225665598017 -0.354480269379833
67.0000000000005 36.9093676046916 78.535095278518 70.8581687832657 21.6218789739091 0.190523274005059 -0.359981211302303
67.1000000000005 36.9696827414826 78.5526244655333 70.8083081519146 21.59281764617 0.187898881621836 -0.365471248082552
67.2000000000005 37.0300500915979 78.5697421959733 70.7585565498727 21.5632207145928 0.185352675351631 -0.370982380182606
67.3000000000005 37.0904664599532 78.5864391762747 70.7089133590224 21.5331059006922 0.182884880391263 -0.376492156432839
67.4000000000004 37.1509287261934 78.6027065001748 70.6593776687432 21.5024909500866 0.180495698768583 -0.381976541537325
67.5000000000004 37.2114338509686 78.6185356471027 70.6099482825964 21.4713936187421 0.178185289607076 -0.387410007458907
67.6000000000004 37.2719788824377 78.6339184805695 70.56062372501 21.4398316592174 0.175953749147548 -0.392765658944621
67.7000000000004 37.3325609629796 78.6488472465589 70.5114022479635 21.4078228069078 0.173801090608249 -0.398015394991892
67.8000000000004 37.3931773360924 78.6633145719184 70.4622818376727 21.3753847662895 0.171727223990348 -0.403130107153342
67.9000000000004 37.4538253534591 78.6773134627494 70.4132602212744 21.3425351971642 0.169731935961877 -0.408079914572722
68.0000000000004 37.5145024821572 78.6908373027979 70.3643348735114 21.3092917009032 0.16781486997813 -0.412834434396956
68.1000000000004 37.5752063119361 78.7038798518064 70.3155030234398 21.2756718067368 0.165975553767108 -0.417421467840243
68.2000000000004 37.6359345612567 78.7164352428443 70.2667616617251 21.2416929592043 0.164213601270811 -0.421869529179671
68.3000000000004 37.6966850800385 78.7284979770479 70.2181075494329 21.2073725085538 0.162528690646828 -0.426148227275556
68.4000000000004 37.7574558511846 78.7400629173407 70.1695372274084 21.1727277023031 0.160920513207466 -0.430226192055669
68.5000000000004 37.8182449921711 78.751125282113 70.1210470256778 21.1377756768446 0.159388748969087 -0.43407135010359
68.6000000000004 37.8790507567425 78.7616806389027 70.0726330728508 21.1025334490516 0.157933042303207 -0.437651236973013
68.7000000000004 37.9398715367051 78.7717248980753 70.0242913055221 21.0670179078833 0.156552977859146 -0.440933342748807
68.8000000000004 38.0007058638073 78.7812543065047 69.9760174776737 21.0312458059906 0.15524805695254 -0.44388548585177
68.9000000000004 38.0615524116925 78.7902654412531 69.9278071700767 20.9952337513215 0.154017674631575 -0.446476208505734
69.0000000000004 38.1224099979119 78.7987552032516 69.8796557996932 20.9589981987267 0.15286109764729 -0.448675185909462
69.1000000000004 38.1832775859408 78.8067208109751 69.8315586290822 20.9225554416236 0.151777366598368 -0.450527350915321
69.2000000000003 38.2441542862041 78.8141597939767 69.7835107759122 20.8859216051797 0.150765120739715 -0.452085340652255
69.3000000000003 38.3050393545088 78.8210699860662 69.7355072227421 20.8491126433525 0.149822942626096 -0.4533319260612
69.4000000000003 38.3659321893998 78.8274495183482 69.6875428269091 20.8121443374499 0.148949437066609 -0.454250636114441
69.5000000000003 38.4268323294097 78.8332968122542 69.6396123304205 20.7750322947474 0.148143214900871 -0.45482596981077
69.6000000000003 38.4877394502421 78.8386105725754 69.5917103698449 20.7377919471072 0.147402877451665 -0.455043603956924
69.7000000000003 38.5486533618935 78.8433897804952 69.5438314862045 20.7004385495954 0.14672700178291 -0.454890592092021
69.8000000000003 38.6095740057106 78.8476336866217 69.495970134866 20.6629871791007 0.146114126890717 -0.454355549822852
69.9000000000003 38.6705014513845 78.8513418040204 69.4481206954332 20.6254527329522 0.145562740947066 -0.453428821998158
70.0000000000003 38.7314358938791 78.8545139012464 69.4002774816377 20.5878499275378 0.145071269711637 -0.452102627428223
70.1000000000003 38.7923776502603 78.8571499953894 69.3524347512275 20.5501932969744 0.144637981183307 -0.450449911334802
70.2000000000003 38.8533271556976 78.859250345434 69.3045867157554 20.5124971931412 0.144260787561678 -0.448550468412733
70.3000000000003 38.9142849574473 78.8608154464211 69.2567275501169 20.4747757891716 0.143937608244239 -0.446408364498556
70.4000000000003 38.9752517079426 78.8618460239255 69.2088514019884 20.4370430843077 0.143666464494616 -0.44402778973447
70.5000000000003 39.0362281577199 78.862343028545 69.160952401262 20.3993129088076 0.143445472921375 -0.441413060046912
70.6000000000003 39.0972151482249 78.8623076303903 69.1130246694804 20.3615989288519 0.143272839321703 -0.438568620035016
70.7000000000003 39.1582136045134 78.8617412135741 69.0650623292714 20.3239146514508 0.14314685294014 -0.435499046452045
70.8000000000003 39.2192245278597 78.8606453707005 69.0170595137828 20.2862734293515 0.143065881188096 -0.432209051524139
70.9000000000002 39.2802489882871 78.8590218973549 68.9690103761168 20.2486884659444 0.143028364866152 -0.42870348540462
71.0000000000002 39.3412881170304 78.8568727865927 68.9209090987652 20.2111728201708 0.143032813923658 -0.424987337178508
71.1000000000002 39.4023430989291 78.8542002234502 68.8727499030373 20.1737394114595 0.143077728411841 -0.421123657133693
71.2000000000002 39.4634151643989 78.8510065799933 68.8245270583237 20.136401025448 0.143161410861662 -0.41717841819949
71.3000000000002 39.5245055803888 78.847294411734 68.7762348909411 20.0991703216925 0.143282262902948 -0.413160176297838
71.4000000000002 39.5856156408866 78.8430664545863 68.7278677928119 20.0620598421623 0.143438869273152 -0.409076284215011
71.5000000000002 39.6467466573466 78.8383256218425 68.6794202301386 20.0250820197636 0.143629996124202 -0.404932930671497
71.6000000000002 39.7078999490804 78.8330750011493 68.6308867520765 19.9882491868641 0.143854589389357 -0.400735187567905
71.7000000000002 39.7690768336304 78.8273178514843 68.5822619994079 19.9515735838167 0.144111773245016 -0.396487063852242
71.8000000000002 39.8302786171513 78.821057600132 68.5335407132156 19.9150673674843 0.144400848697143 -0.392191564609741
71.9000000000002 39.8915065848209 78.8142978396604 68.4847177435564 19.8787426197634 0.14472129231783 -0.387850754177787
72.0000000000002 39.9527619913023 78.8070423248972 68.4357880581348 19.8426113561089 0.145072755150895 -0.383465822252503
72.1000000000002 40.0140460512816 78.7992949699266 68.3867467509714 19.8066855340557 0.145454965909913 -0.379056701030459
72.2000000000002 40.0753599301743 78.7910598456202 68.337589050928 19.7709770616861 0.145867452529556 -0.374646034122216
72.3000000000002 40.1367047351021 78.7823411785239 68.2883103298734 19.7354978059593 0.146309847961225 -0.370237540740698
72.4000000000002 40.1980815059998 78.7731433502785 68.2389061107057 19.7002596009849 0.146781990628901 -0.365833763325833
72.5000000000002 40.2594912067891 78.7634708970611 68.1893720753691 19.6652742562952 0.147283926514364 -0.361436137340025
72.6000000000002 40.3209347166416 78.7533285090263 68.1397040728714 19.6305535651177 0.147815911119958 -0.35704506436368
72.7000000000001 40.3824128213543 78.7427210297482 68.0898981273013 19.5961093126465 0.14837841131802 -0.35265998773453
72.8000000000001 40.4439262048607 78.7316534556608 68.0399504458452 19.5619532843151 0.148972107096566 -0.348279470124529
72.9000000000001 40.5054754409025 78.7201309355001 67.9898574268044 19.5280972740679 0.149597893202572 -0.343901272619577
73.0000000000001 40.5670609848856 78.708158769745 67.9396156676127 19.4945530926327 0.150256880688824 -0.339522434966701
73.1000000000001 40.6286831659649 78.6957424100734 67.8892219728475 19.4613325757587 0.150950241759246 -0.335127000320327
73.2000000000001 40.6903421798716 78.6828874591975 67.8386733620993 19.4284475915659 0.151678724059463 -0.330704507090968
73.3000000000001 40.7520380832385 78.6695996716621 67.7879670774802 19.3959100456414 0.152443093446182 -0.32625917992153
73.4000000000001 40.8137707885645 78.6558849550215 67.737100590989 19.3637318852469 0.153244291339641 -0.321794517364915
73.5000000000001 40.875540059323 78.6417493710323 67.6860716118719 19.3319251034922 0.154083439670189 -0.317313331076169
73.6000000000001 40.9373455052112 78.6271991368448 67.6348780939827 19.3005017435086 0.154961845491753 -0.312817789322598
73.7000000000001 40.9991865775594 78.6122406261954 67.5835182431428 19.269473902623 0.155881005269476 -0.308309464218526
73.8000000000001 41.06106256492 78.5968803705988 67.5319905245018 19.2388537365307 0.156842608851141 -0.303789382097554
73.9000000000001 41.122972588858 78.5811250605395 67.4802936698977 19.2086534634695 0.157848543127814 -0.299258076540704
74.0000000000001 41.1849155999617 78.5649815466644 67.4284266852169 19.178885368393 0.158900895391402 -0.294715643550132
74.1000000000001 41.2468903741333 78.5484568409783 67.3763888577442 19.1495618070891 0.160001745424298 -0.290136559297015
74.2000000000001 41.3088955100161 78.5315581181336 67.3241797632415 19.120695208861 0.1611524991561 -0.285502289483033
74.3000000000001 41.3709294288416 78.5142927169588 67.2717992723364 19.0922980755609 0.16235446266236 -0.280822669058729
74.4 41.4329903752392 78.4966681420815 67.2192475566407 19.0643829791864 0.163609050457584 -0.276106928067851
74.5 41.4950764181463 78.4786920655545 67.1665250948574 19.0369625594219 0.164917791851005 -0.27136369259146
74.6 41.5571854517957 78.4603723284819 67.1136326788883 19.0100495211798 0.166282337071213 -0.266600991305187
74.7 41.6193151967934 78.4417169426459 67.0605714199417 18.9836566321418 0.16770446316595 -0.261826266954289
74.8 41.6814632012986 78.4227340921327 67.007342754639 18.9577967202999 0.169186079685267 -0.25704639208509
74.9 41.7436268423232 78.403432134959 66.953948451123 18.9324826714981 0.170729234153545 -0.25226768838649
75 41.8058033271647 78.3838196046981 66.9003906151647 18.9077274269733 0.172336117339061 -0.247495949010837
75.1 41.8679896950363 78.3639052120977 66.8466716962499 18.8835439808368 0.174008844574004 -0.242714107962935
75.2 41.9301828200141 78.3436978464656 66.7927944931065 18.8599453760017 0.175748741048966 -0.237910751938029
75.3 41.9923794169929 78.3232065764696 66.7387621578178 18.8369446961649 0.177556934670764 -0.233099136506871
75.4 42.0545760487457 78.3024406507055 66.6845781993769 18.8145550562344 0.179434575478337 -0.228291656107966
75.5 42.1167691329455 78.2814094982565 66.6302464872195 18.7927895926971 0.181382843557298 -0.223499833076992
75.6 42.1789549491073 78.2601227292525 66.5757712547579 18.7716614539873 0.183402956936249 -0.218734314997154
75.7 42.2411296454542 78.2385901354296 66.5211571029136 18.751183790854 0.185496179438102 -0.214004879645761
75.8 42.3032892457094 78.2168216906891 66.4664090036509 18.7313697467288 0.187663828462991 -0.209320446782237
75.9 42.3654296558235 78.1948275516575 66.4115323035098 18.712232448094 0.189907282681814 -0.204689095985112
76 42.4275466706399 78.172618058245 66.3565327271398 18.6937849948504 0.192227989623324 -0.200118089721614
76.1 42.4896359805597 78.1502037341863 66.301416380799 18.6760404506367 0.194627283978815 -0.195598983419232
76.1999999999999 42.5516931794617 78.1275952870767 66.2461897549867 18.6590118318952 0.197105771938019 -0.191126337043553
76.2999999999999 42.6137137758041 78.1048036071323 66.1908597248726 18.6427120937519 0.199663809189379 -0.186710578178732
76.3999999999999 42.6756932047764 78.0818397654454 66.1354335498578 18.6271541146431 0.202301684343137 -0.182361151798314
76.4999999999999 42.7376268402065 78.0587150122223 66.0799188731031 18.6123506808936 0.205019627098438 -0.178086540706103
76.5999999999999 42.7995100061591 78.0354407750194 66.0243237210569 18.5983144712947 0.207817816346206 -0.173894293520494
76.6999999999999 42.8613379882155 78.0120286569806 65.9686565029835 18.5850580416821 0.210696388177589 -0.169791059102791
76.7999999999999 42.9231060444222 77.9884904350742 65.9129260104906 18.572593809514 0.2136554437793 -0.165782626292429
76.8999999999999 42.9848094158976 77.9648380583294 65.8571414170577 18.5609340384495 0.216695057208816 -0.161873967842736
76.9999999999999 43.0464433370864 77.9410836460738 65.801312277564 18.550090822926 0.219815283051633 -0.158069287518109
77.0999999999999 43.1080030457059 77.9172394861435 65.7454485277728 18.5400760727138 0.22301605406145 -0.154362770387119
77.1999999999999 43.1694837937082 77.8933180324113 65.6895604826845 18.5309014968402 0.2262967976773 -0.150749519094797
77.2999999999999 43.2308808613405 77.8693319005818 65.633658832016 18.5225785859164 0.229656664837803 -0.147234073954776
77.3999999999999 43.2921895720794 77.8452938633034 65.5777546345491 18.5151185938361 0.233094629456547 -0.143820344888366
77.4999999999999 43.3534053070523 77.8212168452546 65.5218593124344 18.5085325194479 0.236609493196379 -0.140511647049014
77.5999999999999 43.4145235188594 77.7971139182299 65.4659846454967 18.5028310882299 0.240199890322496 -0.137310739140067
77.6999999999999 43.4755397447608 77.7729982962257 65.4101427655385 18.4980247339627 0.243864292692903 -0.134219863606222
77.7999999999999 43.5364496191926 77.7488833305268 65.3543461506452 18.4941235804031 0.247601014962298 -0.131240787970279
77.8999999999998 43.5972488855764 77.7247825047919 65.2986076194894 18.4911374229576 0.251408220094141 -0.128374846628767
77.9999999999998 43.6579334073848 77.7007094301398 65.2429403256351 18.4890757103562 0.2552839252906 -0.125622982504149
78.0999999999998 43.7184991784783 77.67667784021 65.1873577517976 18.4879475263321 0.259226006900017 -0.122979722268532
78.1999999999998 43.7789423339631 77.6527015855525 65.1318737029335 18.487761571466 0.263232141436133 -0.120439464317094
78.2999999999998 43.8392591636113 77.6287946263186 65.0765022963628 18.4885261454491 0.267299707430984 -0.118002566887285
78.3999999999998 43.8994461257664 77.6049710242812 65.0212579507214 18.4902491295096 0.27142577353523 -0.115669236585366
78.4999999999998 43.9594998603984 77.581244934829 64.9661553748689 18.4929379688462 0.275607101040035 -0.113439545313134
78.5999999999998 44.0194172011943 77.5576305989619 64.9112095567963 18.4965996550617 0.279840147583875 -0.11131344797773
78.6999999999998 44.0791951866229 77.5341423352845 64.8564357525335 18.5012407085961 0.284121072262271 -0.109290800668187
78.7999999999998 44.1388310699084 77.5107945320022 64.8018494750576 18.5068671611599 0.288445742375476 -0.107371379030354
78.8999999999998 44.1983223278516 77.4876016389143 64.7474664831997 18.5134845381676 0.292809742065134 -0.105554896605714
78.9999999999998 44.2576666684307 77.4645781594098 64.6933027705532 18.5210978411713 0.297208383102047 -0.103841022930422
79.0999999999998 44.3168620371692 77.4417386424428 64.6393745543416 18.5297115303365 0.301636874673263 -0.102224900476143
79.1999999999998 44.3759066234685 77.41909767402 64.5856982632519 18.5393295080336 0.306090747502206 -0.100700885425201
79.2999999999998 44.4347988689773 77.3966698674489 64.5322905226418 18.5499551052599 0.310565288502238 -0.099267582742425
79.3999999999998 44.4935374761085 77.3744698530975 64.4791681387133 18.5615910691759 0.315055376189357 -0.0979237736306834
79.4999999999998 44.552121415417 77.352512268136 64.426348082645 18.5742395506858 0.319555490226375 -0.0966684087200905
79.5999999999998 44.6105499317119 77.3308117462769 64.3738474747262 18.5879020920168 0.324059724185073 -0.0955006029815239
79.6999999999997 44.6688225488219 77.3093829075167 64.3216835684892 18.6025796142988 0.328561801835172 -0.0944196321683923
79.7999999999997 44.7269390729357 77.2882403478768 64.2698737348433 18.6182724051444 0.333055097262602 -0.0934249306485492
79.8999999999997 44.7848995944398 77.2673986291445 64.2184354462074 18.6349801062286 0.337532659107207 -0.0925160904713289
79.9999999999997 44.8427044881768 77.2468722686144 64.1673862606433 18.6527017008683 0.341987239186841 -0.0916928615532995
80.0999999999997 44.9003544120971 77.2266757288236 64.1167438059671 18.6714355016805 0.346411679113075 -0.09094954382592
80.1999999999997 44.9578503054372 77.2068234071555 64.0665257632877 18.6911791402712 0.350799948880381 -0.0902791769313867
80.2999999999997 45.0151933885238 77.187329625105 64.0167498490921 18.7119295620801 0.355146013508467 -0.0896799790667842
80.3999999999997 45.072385162636 77.1682086174108 63.9674337967593 18.7336830232568 0.359443486842944 -0.0891504727959856
80.4999999999997 45.1294274087619 77.1494745211836 63.9185953380501 18.7564350876148 0.363685656398242 -0.0886894683596243
80.5999999999997 45.1863221851352 77.1311413650327 63.8702521845993 18.7801806235858 0.367865512460033 -0.0882960495676237
80.6999999999997 45.2430718234826 77.1132230581942 63.8224220094061 18.8049138011734 0.371975781586678 -0.0879695620587804
80.7999999999997 45.2996789239154 77.0957333796578 63.7751224283254 18.8306280889078 0.376008964601821 -0.0877096037311697
80.8999999999997 45.3561463484024 77.0786859672951 63.7283709815586 18.8573162507994 0.379957379120372 -0.0875160171896764
80.9999999999997 45.4124772127651 77.0620943069861 63.6821851151449 18.8849703432931 0.38381320659031 -0.0873888840617906
81.0999999999997 45.4686748771786 77.0459717217536 63.6365821624557 18.9135817123094 0.387568993860172 -0.0873181133482423
81.1999999999997 45.5247429361782 77.0303313610498 63.5915793257761 18.9431409925412 0.391219002713291 -0.0872923020826674
81.2999999999997 45.5806852101024 77.0151861904351 63.5471936581079 18.9736381124791 0.394757805053482 -0.0873099641124573
81.3999999999997 45.6365057367929 77.0005489814107 63.5034420450597 19.0050623016918 0.398179849136801 -0.0873699012737334
81.4999999999996 45.6922087626015 76.9864323012568 63.4603411867409 19.0374020981945 0.401479491112455 -0.087471192883669
81.5999999999996 45.7477987326164 76.9728485028714 63.4179075796547 19.0706453558168 0.404651029278802 -0.0876131873059882
81.6999999999996 45.803280280066 76.959809714608 63.3761574985921 19.10477925157 0.407688740943355 -0.0877954954208637
81.7999999999996 45.8586582148538 76.947327830115 63.3351069785252 19.1397902930156 0.410586921731523 -0.0880179858169805
81.8999999999996 45.9139375111871 76.9354144981732 63.2947717965009 19.1756643256327 0.413339927143947 -0.0882807815839005
81.9999999999996 45.9691232942616 76.9240811125348 63.2551674535344 19.2123865401861 0.415942216117213 -0.0885842585905715
82.0999999999996 46.0242208260063 76.9133388017747 63.2163091565317 19.2499414801799 0.418388912374915 -0.0889114586062483
82.1999999999996 46.0792354908051 76.9031984194812 63.1782118009614 19.2883130515371 0.420677339748095 -0.0892439700634801
82.2999999999996 46.1341727830307 76.8936705353075 63.1408899554298 19.3274845379317 0.422805399548225 -0.0895803743820092
82.3999999999996 46.1890382954505 76.8847654263628 63.1043578470054 19.3674386183472 0.424771050415736 -0.0899195139388715
82.4999999999996 46.2438377076814 76.8764930686159 63.0686293465721 19.4081573847202 0.426572317903776 -0.0902604918462192
82.5999999999996 46.2985767746108 76.8688631282995 63.0337179541826 19.4496223595846 0.428207304838076 -0.0906026724706231
82.6999999999996 46.3532613147414 76.8618849533137 62.999636784412 19.4918145137156 0.429674202478313 -0.0909456825610152
82.7999999999996 46.407897198407 76.8555675646301 62.9663985517106 19.5347142837736 0.430971302477015 -0.0912894128816095
82.8999999999996 46.4624903358158 76.8499196476956 62.9340155557577 19.5783015899482 0.432097009617352 -0.091634020265322
82.9999999999996 46.5170466648691 76.8449495438365 62.9024996668149 19.6225558536021 0.433049855282711 -0.0919799300341182
83.0999999999996 46.5715721387306 76.8406652416824 62.8718623111335 19.6674560149796 0.43382904428811 -0.0923062596233432
83.1999999999995 46.6260727136859 76.8370743691127 62.8421144577692 19.7129805525925 0.434436022741323 -0.0925905837427221
83.2999999999995 46.6805543385329 76.8341841865313 62.81326660897 19.759107506863 0.434872799280422 -0.0928314093134311
83.3999999999995 46.73502294512 76.8320015806633 62.7853287919711 19.8058145054446 0.435141380896436 -0.0930275045071631
83.4999999999995 46.7894844395371 76.8305330583719 62.7583105508441 19.8530787886066 0.435243752342217 -0.0931779034259907
83.5999999999995 46.8439446938629 76.8297847404756 62.732220938346 19.9008772346197 0.435181857425569 -0.0932819098235192
83.6999999999995 46.8984095383871 76.8297623555653 62.7070685077686 19.9491863851401 0.43495758242767 -0.0933390997676379
83.7999999999995 46.9528847542225 76.8304712338215 62.6828613047875 19.9979824705955 0.434572741840681 -0.0933493231851376
83.8999999999995 47.0073760662214 76.8319163008308 62.6596068593112 20.0472414355692 0.434029066575514 -0.093312704237752
83.9999999999995 47.0618891361058 76.8341020714037 62.6373121773304 20.0969389641858 0.433328194739132 -0.0932296405251723
84.0999999999995 47.1164295557226 76.8370326434136 62.6159837328303 20.14705050552 0.432472123132692 -0.0930827274790091
84.1999999999995 47.1710028403552 76.8407116922204 62.5956274613466 20.19755129964 0.431464566622539 -0.0928532108487191
84.2999999999995 47.2256144223352 76.8451424665756 62.5762487576933 20.2484164052595 0.43030954930908 -0.0925398468420589
84.3999999999995 47.2802696453492 76.8503277851121 62.5578524753346 20.2996207280239 0.42901091584371 -0.0921416295924228
84.4999999999995 47.3349737594559 76.856270032855 62.5404429258195 20.35113904882 0.427572305649226 -0.0916577880763721
84.5999999999995 47.3897319167139 76.8629711577343 62.5240238782168 20.4029460520865 0.425997130936585 -0.0910877806086449
84.6999999999995 47.4445491673118 76.8704326670956 62.5085985585496 20.4550163541245 0.424288558607159 -0.090431286823825
84.7999999999995 47.4994304560951 76.8786556242127 62.4941696492304 20.5073245314072 0.42244949606372 -0.0896881970947445
84.8999999999995 47.5543806193817 76.8876406447984 62.4807392884959 20.5598451488905 0.420482580900308 -0.0888585993245427
84.9999999999994 47.6094043819572 76.8973878935168 62.4683090698415 20.6125527883234 0.418390174382176 -0.0879427630909204
85.0999999999994 47.6645063541211 76.9078970805334 62.4568800415308 20.6654220765395 0.416174887685123 -0.0869358628385214
85.1999999999994 47.7196910280938 76.9191674590736 62.446452708037 20.7184277132704 0.41384119728118 -0.0858314081456188
85.2999999999994 47.7749627731009 76.9311978255383 62.4370270363899 20.7715444977444 0.411393893032512 -0.0846273890810185
85.3999999999994 47.8303258305852 76.9439865206279 62.4286024644547 20.824747354807 0.408837528504993 -0.083321907334136
85.4999999999994 47.8857843101992 76.9575314305048 62.4211779092867 20.878011361022 0.406176395632846 -0.0819131594377475
85.5999999999994 47.9413421865136 76.971829987956 62.4147517754838 20.931311770774 0.403414503369083 -0.0803994170361419
85.6999999999994 47.9970032963447 76.9868791735554 62.4093219635409 20.9846240423696 0.4005555602849 -0.0787790040004024
85.7999999999994 48.0527713366059 77.0026755168267 62.4048858782034 21.0379238641396 0.397602961032954 -0.0770502701730323
85.8999999999994 48.1086498625889 77.0192150974053 62.4014404368206 21.0911871805403 0.394559776550093 -0.0752115615150288
85.9999999999994 48.164642286581 77.0364935462015 62.3989820776997 21.1443902182557 0.391428747835995 -0.0732611863997325
86.0999999999994 48.2207518766868 77.0545060465867 62.3975067684962 21.1975095122501 0.388212592495287 -0.0712057683299833
86.1999999999994 48.2769817548119 77.0732473362119 62.3970100155703 21.2505219305469 0.384914985599245 -0.0690509710375961
86.2999999999994 48.3333348924111 77.0927117104268 62.3974868757931 21.3034046957736 0.381539715128704 -0.0667935320385389
86.3999999999994 48.3898141058273 77.1128930263313 62.3989319693182 21.356135405433 0.378090367865998 -0.064430054643696
86.4999999999994 48.4464220522109 77.1337847068505 62.4013394923907 21.408692052125 0.374570313231329 -0.0619569717277033
86.5999999999994 48.5031612259989 77.1553797448098 62.4047032301558 21.4610530437688 0.370982689975061 -0.059370505527556
86.6999999999993 48.5600339558927 77.1776707070104 62.4090165694677 21.513197223825 0.367330395622612 -0.0566666230419203
86.7999999999993 48.6170424022744 77.2006497383039 62.4142725116984 21.5651038915174 0.363616078549981 -0.0538409865359759
86.8999999999993 48.6741885550022 77.2243085656681 62.4204636855462 21.6167528220555 0.359842132554847 -0.0508888986017848
86.9999999999993 48.7314742315292 77.248638502282 62.4275823598449 21.668124286856 0.356010693773408 -0.0478052411151374
87.0999999999993 48.7889010752442 77.2736304516407 62.4356204564036 21.7191990736889 0.352124050744709 -0.044611426135983
87.1999999999993 48.8464705528743 77.299274912711 62.4445695636557 21.7699585048363 0.348185932735156 -0.0413280216203292
87.2999999999993 48.9041839494032 77.3255619877246 62.4544209523623 21.8203844502085 0.344200361234943 -0.0379480374548654
87.3999999999993 48.962042362722 77.3524813910133 62.4651655921251 21.8704593384731 0.340171229085884 -0.0344641136772706
87.4999999999993 49.0200466992143 77.380022457882 62.47679416793 21.9201661681085 0.336102278331565 -0.0308684718132478
87.5999999999993 49.0781976702867 77.4081741534832 62.4892970966907 21.9694885184564 0.331997080932857 -0.0271528615265348
87.6999999999993 49.1364957898057 77.4369250816909 62.502664543793 22.018410560775 0.327859022297347 -0.0233085020065725
87.7999999999993 49.1949413724039 77.4662634939743 62.516886439638 22.066917069292 0.323691287552504 -0.0193260174194097
87.8999999999993 49.2535345326145 77.4961772982723 62.5319524961861 22.1149934322572 0.319496850487165 -0.0151953656868087
87.9999999999993 49.3122751847967 77.526654067867 62.547852223501 22.1626256629963 0.315278465073266 -0.0109057597398315
88.0999999999993 49.3711630437624 77.5576810502815 62.5645749462859 22.2098004108862 0.31103888955593 -0.00648416252628511
88.1999999999993 49.4301976248158 77.5892451767846 62.5821098202337 22.2565049703412 0.306781629560686 -0.00195790521882932
88.2999999999993 49.4893782413309 77.6213330734406 62.6004458479026 22.3027272847425 0.302510335525052 0.00268426044926127
88.3999999999993 49.5487040021161 77.6539310727655 62.6195718944059 22.3484559483784 0.298228567190119 0.00745416236426642
88.4999999999992 49.6081738098673 77.6870252254076 62.6394767030931 22.3936802083059 0.293939775766805 0.0123642635316646
88.5999999999992 49.6677863607343 77.7206013118274 62.6601489112331 22.4383899662141 0.289647288877096 0.0174277217598211
88.6999999999992 49.7275401449752 77.7546448539786 62.6815770656952 22.4825757802867 0.285354298202459 0.0226584538082843
88.7999999999992 49.787433448669 77.7891411269878 62.7037496386318 22.5262288670641 0.281063849764208 0.0280712042969446
88.8999999999992 49.8474643564579 77.8240751708348 62.7266550431601 22.5693411033069 0.276778836761089 0.033681619663153
88.9999999999992 49.9076307552903 77.8594318020331 62.7502816490443 22.6119050278576 0.272501994888194 0.0395063274240342
89.0999999999992 49.9679303390781 77.8951956253219 62.7746177983473 22.6539138434307 0.268236040586423 0.0455155211209467
89.1999999999992 50.0283606128451 77.9313510456634 62.7996518202919 22.6953614164931 0.263984145597577 0.0516775554034371
89.2999999999992 50.088918894208 77.9678822810146 62.8253720441171 22.7362422723026 0.259749602042648 0.0580074542068549
89.3999999999992 50.1496023145687 78.0047733754051 62.8517668111436 22.7765515880368 0.255535682284111 0.0645207419339832
89.4999999999992 50.2104078214393 78.0420082120259 62.8788244868094 22.8162851858501 0.251345627624423 0.0712334506343764
89.5999999999992 50.2713321819317 78.0795705263184 62.9065334727046 22.8554395259295 0.247182639384959 0.0781621212296343
89.6999999999992 50.3323719873887 78.117443919064 62.9348822186076 22.894011699551 0.243049872251604 0.0853237972909128
89.7999999999992 50.39352365913 78.1556118694727 62.9638592345197 22.931999422136 0.23895042976709 0.092736009622572
89.8999999999992 50.4547834552871 78.1940577482723 62.9934531027011 22.9694010263075 0.234887361850136 0.100416749645349
89.9999999999992 50.5161474786972 78.2327648307976 63.0236524897057 23.0062154549462 0.230863664216612 0.108384429245817
90.0999999999992 50.5776116857746 78.2717163100714 63.054446158372 23.042442254199 0.226882284022388 0.116618253815009
90.1999999999992 50.6391718949277 78.3108953096711 63.0858229786479 23.0780815652295 0.22294618192175 0.125094709934557
90.2999999999991 50.7008237922728 78.3502848960532 63.1177719354566 23.1131341127792 0.219058397926522 0.133828107469181
90.3999999999991 50.7625629368915 78.3898680906638 63.150282135397 23.1476011924714 0.215222052663468 0.142832202363192
90.4999999999991 50.8243847670248 78.4296278820406 63.1833428133988 23.1814846580668 0.211440342232678 0.152119989727814
90.5999999999991 50.886284607235 78.4695472379149 63.2169433393786 23.2147869087193 0.207716534078479 0.161703462326072
90.6999999999991 50.9482576765157 78.5096091173141 63.2510732248945 23.2475108762316 0.204053963627995 0.171593331269923
90.7999999999991 51.0102990973222 78.5497964826634 63.2857221298024 23.2796600123111 0.200456031430217 0.181798706103939
90.8999999999991 51.0724039054992 78.5900923118883 63.3208798689108 23.3112382758249 0.196926200508421 0.192326732034737
90.9999999999991 51.1345670610779 78.6304796105169 63.3565364186367 23.3422501200564 0.193467993612302 0.203182182936572
91.0999999999991 51.1967834598704 78.6709414237635 63.3926819236188 23.3727004799409 0.190084918782964 0.214346249768682
91.1999999999991 51.2590479446928 78.7114608481468 63.4293067022433 23.4025947588007 0.186780287239425 0.225796281038727
91.2999999999991 51.3213553143412 78.7520210419227 63.4664012494063 23.4319388138058 0.183557482350612 0.237526312654615
91.3999999999991 51.38370033208 78.7926052350513 63.5039562381882 23.4607389409331 0.180420028995997 0.249526024060362
91.4999999999991 51.4460777347486 78.833196739145 63.5419625214868 23.4890018599067 0.17737158073917 0.261780156792748
91.5999999999991 51.5084822425102 78.8737789574178 63.5804111336496 23.5167346991371 0.174415904743045 0.274267923227126
91.6999999999991 51.5709085692207 78.9143353946335 63.6192932921066 23.5439449806619 0.171556863957376 0.286962423355761
91.7999999999991 51.6333514333901 78.9548496670543 63.6586003990029 23.570640605085 0.168798396115185 0.2998300923657
91.8999999999991 51.6958055697128 78.9953055123898 63.6983240428312 23.5968298365171 0.166144489095264 0.312830206779724
91.999999999999 51.7582657411366 79.0356867997456 63.7384560000647 23.622521287515 0.163599152252467 0.325914481848614
92.099999999999 51.8207267514015 79.075977539549 63.7789882367511 23.6477239040183 0.161166296236032 0.339024798897866
92.199999999999 51.8831834569795 79.1161618928842 63.8199129091031 23.6724469501813 0.158849472293926 0.352097987449381
92.299999999999 51.9456307766923 79.1562241793286 63.8612223615434 23.6966999929439 0.156652159298288 0.365066705868314
92.399999999999 52.0080637005823 79.1961488841977 63.9029091237448 23.7204928864988 0.154577815155978 0.377856336693628
92.499999999999 52.0704772990373 79.2359206657675 63.9449659076338 23.7438357567548 0.152629827160594 0.390385490690754
92.599999999999 52.1328667321842 79.2755243624971 63.987385604392 23.7667389857999 0.150811458212936 0.402566797941903
92.699999999999 52.1952272595231 79.314945000251 64.0301612814591 23.7892131963645 0.149125789377949 0.414308004975093
92.799999999999 52.257554249774 79.3541677995219 64.0732861795357 23.8112692362851 0.147575659468121 0.425513382741669
92.899999999999 52.3198431909037 79.3931781826527 64.1167537095849 23.8329181629668 0.146163602570689 0.436085432433499
92.999999999999 52.3820897003011 79.4319617810595 64.1605574498356 23.8541712278475 0.144891784653752 0.445926855513719
93.099999999999 52.4442895350375 79.4705044424332 64.2046911427581 23.8750398608765 0.143761852866754 0.454974028858401
93.199999999999 52.5064386015231 79.5087922374144 64.2491486913486 23.8955356554166 0.142774655974122 0.463174205669748
93.299999999999 52.5685329634386 79.5468114649274 64.2939241536603 23.9156703542171 0.141930530888633 0.470452821188194
93.399999999999 52.6305688489046 79.5845486569875 64.3390117366422 23.9354558358087 0.141229354352662 0.476743492234457
93.499999999999 52.6925426574983 79.6219905834873 64.3844057899525 23.9549041009152 0.140670501256302 0.481989812452397
93.599999999999 52.7544509671146 79.6591242569831 64.4301007997709 23.9740272588645 0.140252809226173 0.486146907362902
93.699999999999 52.8162905406399 79.6959369374815 64.4760913826117 23.9928375140004 0.139974550419004 0.48918266748396
93.7999999999989 52.8780583324045 79.7324161372257 64.5223722791367 24.0113471520936 0.139833411229722 0.491078593483811
93.8999999999989 52.9397514943792 79.7685496254822 64.5689383479677 24.0295685267531 0.139826480355319 0.491830208794135
93.9999999999989 53.0013673820795 79.804325433327 64.6157845594999 24.0475140458381 0.139950245366146 0.491447020447957
94.0999999999989 53.062903560125 79.8397318584123 64.6629059897022 24.0651961578955 0.140200576181538 0.490011489702229
94.1999999999989 53.1243578070919 79.8747574692045 64.7102978136154 24.0826273392979 0.140572724898162 0.487620176631797
94.2999999999989 53.185728119092 79.9093911078846 64.7579552980788 24.0998200831564 0.141061499584833 0.484320725514573
94.3999999999989 53.2470127125449 79.9436218927203 64.8058737941527 24.1167868889322 0.141661322917095 0.480168635902406
94.4999999999989 53.3082100264389 79.9774392204178 64.8540487295301 24.1335402520758 0.142366260109256 0.475225739761161
94.5999999999989 53.3693187240645 80.0108327684741 64.9024756009479 24.150092653666 0.14317004957421 0.469558625388852
94.6999999999989 53.4303376941938 80.0437924975289 64.9511499665983 24.1664565500483 0.144066135474314 0.463237072996396
94.7999999999989 53.4912660516764 80.0763086537166 65.0000674385398 24.1826443624743 0.1450477013817 0.456332558741437
94.8999999999989 53.5521031374242 80.1083717710184 65.049223675109 24.1986684667404 0.14610770434924 0.448916873454905
94.9999999999989 53.6128485177566 80.1399726736144 65.0986143733315 24.2145411828266 0.147238908798695 0.441060890498757
95.0999999999989 53.6735019830772 80.1711024782143 65.1482352613387 24.2302747645656 0.148433994112665 0.43289440070131
95.1999999999989 53.7340635458994 80.201752595846 65.1980820909295 24.2458813900938 0.149685849084136 0.42453942578862
95.2999999999989 53.7945334382894 80.2319147322659 65.2481506304967 24.2613731542882 0.150987444383969 0.416050627616307
95.3999999999989 53.8549121086774 80.2615808878255 65.2984366580991 24.2767620619849 0.152331789086556 0.407478203944548
95.4999999999988 53.9152002179923 80.290743357318 65.3489359545384 24.2920600212279 0.153711949562024 0.398867775928194
95.5999999999988 53.9753986351089 80.3193947298246 65.399644296436 24.3072788365182 0.155121066742356 0.390260388586631
95.6999999999988 54.0355084315978 80.3475278885608 65.4505574493103 24.3224302020625 0.156552371960933 0.381692603744425
95.7999999999988 54.0955308757689 80.3751360107225 65.5016711606535 24.3375256950221 0.157999201582478 0.37319666582535
95.8999999999988 54.155467426004 80.4022125673326 65.552981153009 24.3525767687615 0.159455010638786 0.364800722427673
95.9999999999988 54.2153197233711 80.4287513230869 65.6044831170479 24.3675947460978 0.160913385680685 0.356529083593643
96.0999999999988 54.2750895835318 80.4547463361784 65.6561727046665 24.3825908125762 0.162368208570095 0.348443071180253
96.1999999999988 54.3347789883085 80.4801919575377 65.7080455226043 24.3975760104534 0.163814140523116 0.340594384012431
96.2999999999988 54.394390077555 80.5050828285938 65.7600971273848 24.412561234476 0.165246205715262 0.332988377985697
96.3999999999988 54.4539251408418 80.5294138784514 65.8123230207772 24.4275572283661 0.166659646843709 0.325628259667356
96.4999999999988 54.5133866086227 80.553180321046 65.8647186452788 24.4425745813334 0.168049927474194 0.318515392853757
96.5999999999988 54.572777042886 80.5763776522992 65.9172793795963 24.4576237245887 0.169412734577536 0.311649576149281
96.6999999999988 54.632099127305 80.5990016472732 65.9700005341282 24.4727149278557 0.170743981295133 0.30502929197671
96.7999999999988 54.6913556569062 80.6210483573263 66.0228773464466 24.4878582958846 0.172039809946519 0.298651928045226
96.8999999999988 54.7505495272741 80.642514107268 66.0759049767788 24.5030637649638 0.173296595273544 0.292513972761427
96.9999999999988 54.8096837233128 80.6633954925135 66.1290785034897 24.5183410994336 0.174510947896776 0.286611186328965
97.0999999999988 54.8687613076089 80.6836893762242 66.1823929185891 24.5336998882145 0.175679847994619 0.280949807913463
97.1999999999988 54.9277854089864 80.7033928860532 66.2358431239103 24.5491495417693 0.17680103508282 0.275531992503495
97.2999999999987 54.9867592122335 80.7225034098907 66.2894239289904 24.5646992901611 0.17787261178922 0.27034696736999
97.3999999999987 55.0456859482037 80.7410185912159 66.3431300496217 24.5803581815436 0.178892910960447 0.265384072153573
97.4999999999987 55.1045688837707 80.7589363244329 66.3969561064286 24.5961350806677 0.179860493613739 0.260632807660256
97.5999999999987 55.1634113116423 80.776254750207 66.4508966234443 24.6120386673893 0.180774146904128 0.256082872772205
97.6999999999987 55.2222165400596 80.7929722508013 66.5049460266879 24.6280774351754 0.181632882050094 0.251724191310179
97.7999999999987 55.2809878824083 80.8090874454127 66.5590986427417 24.6442596896113 0.182435932168291 0.24754693043807
97.8999999999987 55.3397286467677 80.8245991855082 66.6133486973276 24.6605935469077 0.183182749969701 0.243541511989953
97.9999999999987 55.3984421254257 80.8395065501614 66.6676903138841 24.6770869324074 0.18387300528256 0.239698617888849
98.0999999999987 55.4571315844091 80.8538088413783 66.7221175121717 24.6937475791016 0.184506674515724 0.236003546987073
98.1999999999987 55.515800253713 80.86750557915 66.776624207606 24.7105830263822 0.185084298560354 0.232440004530395
98.2999999999987 55.5744513193366 80.8805964958147 66.8312042124402 24.7276006193957 0.185606674044571 0.228996818483933
98.3999999999987 55.6330879161561 80.8930815301455 66.8858512376757 24.7448075086332 0.186074750165179 0.225663250993939
98.4999999999987 55.6917131210132 80.9049608214289 66.9405588950016 24.7622106495293 0.186489621276155 0.222428973692095
98.5999999999987 55.7503299460114 80.9162347035431 66.9953206987333 24.7798168020618 0.186852519389306 0.219284043603081
98.6999999999987 55.8089413320334 80.9269036990352 67.0501300677513 24.7976325303506 0.187164806597819 0.216218879878917
98.7999999999987 55.8675501424963 80.9369685132003 67.1049803274403 24.8156642022572 0.187427967439111 0.213224241519541
98.8999999999987 55.9261591573561 80.9464300281589 67.1598647116281 24.8339179889836 0.187643601214574 0.210291206221595
98.9999999999987 55.9847710673745 80.9552892969354 67.2147763645243 24.8523998646719 0.187813414289213 0.207411150442947
99.0999999999986 56.0433884686779 80.9635475375369 67.2697083426809 24.871115606002 0.187939206367953 0.204563012532893
99.1999999999986 56.1020138581129 80.9712061270596 67.3246536175071 24.8900707917621 0.188022828487748 0.201726174989673
99.2999999999986 56.160649630195 80.9782665958632 67.3796050791934 24.9092708023473 0.188066164814018 0.198893118052512
99.3999999999986 56.2192980748579 80.9847306217733 67.4345555411903 24.92872081923 0.188071126697081 0.196056609870411
99.4999999999986 56.2779613755079 80.9906000242838 67.4894977447081 24.9484258244298 0.188039644986764 0.193209692846174
99.5999999999986 56.336641607362 80.9958767587599 67.5444243632173 24.9683905999828 0.1879736626194 0.190345671275182
99.6999999999986 56.3953407360687 81.000562910641 67.5993280069483 24.9886197274113 0.187875127493722 0.187458100164347
99.7999999999986 56.4540606166054 81.0046606896434 67.6542012273919 25.0091175871933 0.187745985655554 0.184540775141425
99.8999999999986 56.5128029924529 81.0081724239634 67.7090365217991 25.0298883582323 0.187588174806734 0.181587723341068
99.9999999999986 56.5715694950375 81.0111005544799 67.7638263376809 25.0509360173264 0.187403618152201 0.178593195175244
100.099999999999 56.6303616434496 81.0134476289638 67.8185630773198 25.0722643386382 0.187194178923724 0.175550471306295
100.199999999999 56.6891808446802 81.0152162964563 67.8732391025557 25.0938768931635 0.186961529037995 0.172453648685612
100.299999999999 56.7480283947582 81.0164093020749 67.9278467402742 25.115777048199 0.186707251242787 0.169298507767976
100.399999999999 56.8069054803503 81.0170294819887 67.9823782881704 25.1379679668088 0.186432872868203 0.166081012799835
100.499999999999 56.8658131805575 81.0170797583998 68.0368260205232 25.1604526072913 0.186139862064838 0.162797303614912
100.599999999999 56.9247524688872 81.0165631345252 68.09118219397 25.1832337226459 0.185829624459018 0.159443687217028
100.699999999999 56.9837242153911 81.0154826895776 68.1454390532813 25.2063138600396 0.185503500221797 0.156016629074323
100.799999999999 57.0427291889594 81.0138415737479 68.1995888371349 25.2296953602744 0.185162761547749 0.152512744034568
100.899999999999 57.101768059759 81.011643003186 68.2536237838907 25.2533803572531 0.184808610535947 0.148928786813063
100.999999999999 57.1608414018083 81.0088902549826 68.3075361373649 25.2773707774469 0.184442177468888 0.145261641976949
101.099999999999 57.2199496956754 81.0055866621607 68.3613181526026 25.301668339368 0.184064493318339 0.141525045066987
101.199999999999 57.2790933312883 81.0017356089116 68.4149621015905 25.3262745532045 0.183676414547163 0.137733179013135
101.299999999999 57.3382726108341 80.9973405264574 68.4684602788193 25.3511907208669 0.183278708238007 0.133883736241528
101.399999999999 57.3974877517252 80.9924048891583 68.521805006787 25.3764179361959 0.18287207866067 0.129974462172114
101.499999999999 57.4567388896235 80.9869322106296 68.5749886415 25.4019570851769 0.182457166884499 0.126003144913368
101.599999999999 57.516026081514 80.9809260398591 68.6280035779737 25.4278088461543 0.182034550665128 0.121967604424229
101.699999999999 57.5753493088216 80.9743899573235 68.6808422557335 25.453973690046 0.181604744596311 0.117865681144622
101.799999999998 57.6347084805616 80.9673275711064 68.7334971643158 25.4804518805576 0.181168200519349 0.113695224089878
101.899999999998 57.6941034365181 80.9597425130147 68.7859608487687 25.5072434743968 0.18072530818019 0.109454078415954
101.999999999998 57.7535339504433 80.9516384346959 68.8382259151532 25.534348321488 0.180276396127705 0.105140072463176
102.099999999998 57.812999733263 80.943019003766 68.8902850360295 25.5617660652027 0.179821756712324 0.100787465201469
102.199999999998 57.8725004361194 80.933887900219 68.9421309555682 25.5894961430173 0.179361729961143 0.0964304178505277
102.299999999998 57.9320356529897 80.9242488135511 68.9937564937094 25.6175377882546 0.178896651521908 0.0920665858179754
102.399999999998 57.9916049231569 80.9141054401662 69.0451545499466 25.6458900322518 0.178426830889597 0.0876936147299501
102.499999999998 58.0512077336994 80.9034614807926 69.0963181070954 25.674551706545 0.177952550782355 0.0833091373243043
102.599999999998 58.1108435220018 80.8923206378995 69.1472402350635 25.7035214450542 0.177474066649268 0.0789107699738134
102.699999999998 58.1705116782881 80.8806866131137 69.1979140946196 25.7327976862673 0.176991606305575 0.0744961088477518
102.799999999998 58.2302115481718 80.8685631046356 69.2483329411628 25.7623786754254 0.176505369693837 0.0700627257467775
102.899999999998 58.2899424352245 80.8559538046565 69.298490128492 25.792262466707 0.176015528767481 0.0656081636119401
102.999999999998 58.3497036035574 80.8428623967744 69.3483791125751 25.8224469254124 0.175522227495622 0.0611299317416952
103.099999999998 58.4094942804082 80.8292925534227 69.3979934552991 25.8529297301677 0.175025631363295 0.0566677203180793
103.199999999998 58.4693136585053 80.8152479335988 69.4473268277179 25.8837083756173 0.174526086153843 0.0522612694012511
103.299999999998 58.5291608978714 80.8007321813575 69.4963730120268 25.9147801763594 0.174023986966233 0.047908192972528
103.399999999998 58.5890351274526 80.7857489246049 69.5451259030336 25.9461422713707 0.173519728894575 0.0436061846517427
103.499999999998 58.6489354468073 80.770301773904 69.593579509612 25.9777916284505 0.173013704432688 0.0393530198284375
103.599999999998 58.708860927864 80.7543943212801 69.6417279561537 26.0097250486638 0.172506300986965 0.0351465571645485
103.699999999998 58.7688106167489 80.738030139027 69.6895654840214 26.0419391707857 0.17199789849319 0.0309847395268745
103.799999999998 58.8287835356822 80.7212127785118 69.7370864530012 26.0744304757442 0.171488867135699 0.0268655943924657
103.899999999998 58.8887786849456 80.7039457689811 69.7842853427553 26.1071952910647 0.17097956516686 0.022787233767
103.999999999998 58.9487950449178 80.6862326163664 69.8311567542746 26.1402297953132 0.17047033682304 0.0187478536503643
104.099999999998 59.0088315781707 80.6680768021016 69.8776954113125 26.1735300225576 0.169961563453261 0.0147869910506125
104.199999999998 59.0688872314057 80.649481782249 69.9238961613166 26.2070918672807 0.169453828288444 0.0109446763926323
104.299999999998 59.1289609368982 80.6304509874101 69.9697539750916 26.2409110904412 0.168947766828148 0.0072200645938468
104.399999999998 59.1890516138333 80.6109878229435 70.0152639459595 26.2749833259867 0.168444011235123 0.00361251599591031
104.499999999998 59.2491581697585 80.5910956691964 70.0604212889017 26.3093040873839 0.167943186032179 0.000121591729444494
104.599999999998 59.309279502163 80.5707778817352 70.1052213397008 26.3438687741492 0.167445903952713 -0.00325295187317746
104.699999999998 59.3694145001828 80.550037791576 70.1496595540821 26.3786726783788 0.166952761939674 -0.00651116975609864
104.799999999998 59.4295620464282 80.5288787054155 70.1937315068557 26.4137109912793 0.166464337292685 -0.00965293542457209
104.899999999998 59.4897210189345 80.5073039058619 70.2374328910583 26.4489788096981 0.165981183960501 -0.0126779489779898
104.999999999998 59.5498902932311 80.4853166516655 70.2807595170944 26.4844711426533 0.165503828980442 -0.0155857458102622
105.099999999998 59.6100687445208 80.4629201779591 70.3237073118679 26.5201829178715 0.16503278441363 -0.0183523117246122
105.199999999998 59.6702552497788 80.4401176967535 70.3662723176281 26.5561089884982 0.164568594872177 -0.0209531448484872
105.299999999998 59.7304486894767 80.4169123980798 70.4084506900954 26.5922441402502 0.164111796160783 -0.0233868056611814
105.399999999998 59.7906479492346 80.3933074513856 70.4502386963016 26.6285830987421 0.163662897169145 -0.0256516989344594
105.499999999998 59.8508519215874 80.3693060069418 70.4916327124202 26.6651205368193 0.163222376094447 -0.0277460885363392
105.599999999998 59.9110595078682 80.3449111972495 70.532629221596 26.7018510818906 0.162790676885782 -0.0296681126384349
105.699999999998 59.9712696202069 80.3201261384461 70.5732248117758 26.7387693232613 0.162368205915371 -0.0314157991795651
105.799999999998 60.0314811836376 80.2949539317123 70.6134161735373 26.7758698194666 0.161955328881601 -0.0329870814268691
105.899999999998 60.0916931383124 80.2693976646784 70.6532000979201 26.8131471056038 0.16155236795004 -0.0343798134686577
105.999999999998 60.1519044418153 80.2434604128308 70.6925734742548 26.8505957006657 0.161159599138999 -0.0355917854979059
106.099999999998 60.2121140715657 80.2171452409251 70.7315332879922 26.8882101148683 0.16077722421803 -0.0366204357868706
106.199999999998 60.2723210271342 80.1904552045595 70.770076618504 26.9259848568355 0.160405296282095 -0.0374632598263067
106.299999999998 60.3325243321812 80.1633933521552 70.8082006368109 26.9639144404237 0.160043803743081 -0.0381180830918007
106.399999999998 60.3927230362747 80.1359627270995 70.8459026032827 27.0019933914038 0.159692695821137 -0.0385827226120068
106.499999999998 60.4529162167511 80.1081663698925 70.8831798653373 27.040216254138 0.159351881338736 -0.0388549950481722
106.599999999998 60.5131029806212 80.0800073202957 70.9200298551398 27.0785775982558 0.159021227777094 -0.038932723862123
106.699999999998 60.5732824665176 80.0514886194801 70.956450087301 27.1170720253311 0.158700560601575 -0.0388137454675676
106.799999999998 60.6334538466783 80.0226133121738 70.9924381565771 27.1556941755586 0.158389662863138 -0.0384959142911188
106.899999999998 60.6936163289638 79.9933844488099 71.0279917355679 27.1944387344302 0.1580882750812 -0.0379771066910915
106.999999999998 60.7537691589011 79.9638050876751 71.0631085724161 27.233300439412 0.157796095414475 -0.0372552236774356
107.099999999998 60.8139116217453 79.9338782970589 71.0977864885137 27.2722740866048 0.157512725530336 -0.0363500146948036
107.199999999998 60.8740430443792 79.9036071574573 71.1320233764011 27.3113545369987 0.157237513453778 -0.0352817228723653
107.299999999998 60.9341627967497 79.8729947639103 71.1658171981555 27.3505367216958 0.156969728728973 -0.0340490056996997
107.399999999998 60.9942702930862 79.8420442283924 71.1991659839724 27.3898156467261 0.156708619860086 -0.0326505093281528
107.499999999998 61.0543649930668 79.8107586822057 71.232067830754 27.4291863978483 0.156453415874546 -0.031084859835242
107.599999999998 61.1144464029356 79.7791412783727 71.264520900698 27.4686441453497 0.156203328070832 -0.0293506539258155
107.699999999998 61.1745140765703 79.7471951940291 71.2965234198865 27.5081841488473 0.155957551948435 -0.027446449151614
107.799999999998 61.2345676164991 79.7149236328162 71.3280736768744 27.5478017620876 0.155715269326157 -0.0253707537305124
107.899999999998 61.294606674864 79.6823298272745 71.3591700212783 27.5874924377478 0.155475650647117 -0.023122016055565
107.999999999998 61.3546309543307 79.6494170412356 71.389810862365 27.6272517322355 0.155237857476549 -0.020698614010891
108.099999999998 61.4146402089366 79.6161885722126 71.4199946676506 27.6670753104678 0.155000994499081 -0.0181369879091038
108.199999999998 61.4746342446792 79.5826477537104 71.4497199617687 27.7069589500771 0.154763966143772 -0.0154740401558956
108.299999999998 61.534612919518 79.5487979573346 71.478985326021 27.746898544165 0.154525641492512 -0.012708678538468
108.399999999998 61.5945761430727 79.5146425948216 71.5077893981969 27.7868901034839 0.154284908718739 -0.00983966550205865
108.499999999998 61.6545238762105 79.480185120065 71.5361308724043 27.8269297585963 0.154040677385917 -0.00686560984300544
108.599999999998 61.7144561305295 79.4454290311429 71.5640084988989 27.8670137620343 0.153791880796686 -0.00378495867851548
108.699999999998 61.7743729677422 79.4103778723441 71.5914210839149 27.9071384904593 0.153537478394171 -0.000595989707480188
108.799999999998 61.8342744989619 79.3750352361954 71.6183674894948 27.9473004468215 0.15327645821846 0.00270319620742869
108.899999999998 61.8941608838932 79.3394047654878 71.6448466333199 27.987496262519 0.153007839419694 0.00611468211875944
108.999999999998 61.9540323299321 79.3034901553038 71.67085748854 28.0277226995579 0.15273067483055 0.00964074168015189
109.099999999998 62.0138890911698 79.2672951550369 71.6963990836092 28.0679766526914 0.152444042987894 0.0132463748465482
109.199999999998 62.0737314671367 79.2308235702292 71.7214705022595 28.1082551510476 0.152147022113071 0.0168962618721501
109.299999999998 62.1335598010135 79.1940792639473 71.7460708838279 28.1485553584544 0.151838729426477 0.0205924688180629
109.399999999998 62.1933744775817 79.157066157976 71.7701994237198 28.1888745732532 0.151518333748885 0.0243372279884462
109.499999999998 62.2531759210829 79.1197882340045 71.7938553738804 28.2292102280912 0.151185056624962 0.0281329371320337
109.599999999998 62.3129645930019 79.0822495348137 71.8170380432637 28.2695598897151 0.150838173446578 0.0319821587252296
109.699999999998 62.372740989777 79.0444541654619 71.8397467983033 28.3099212587644 0.150477014576004 0.0358876192858447
109.799999999998 62.4325056404428 79.0064062944726 71.8619810633819 28.350292169564 0.150100966472521 0.0398522087067683
109.899999999998 62.4922591042128 78.96811015502 71.8837403213021 28.3906705899182 0.149709472821825 0.0438789795339817
109.999999999998 62.552001968005 78.9295700461164 71.9050241137558 28.431054620903 0.149302035673295 0.0479711461515971
110.099999999998 62.6117348439143 78.8907903337903 71.925832041791 28.471442496648 0.148878253885514 0.0521079401706111
110.199999999998 62.6714583665374 78.8517754520538 71.9461637661893 28.5118325838054 0.148437936524018 0.0562680823595017
110.299999999998 62.7311731900087 78.8125299033334 71.9660190076152 28.5522233802293 0.147980992009256 0.0604541699675277
110.399999999998 62.7908799849312 78.7730582586892 71.9853975466772 28.5926135133416 0.147507390576036 0.0646688333430388
110.499999999998 62.8505794353113 78.7333651580268 72.004299223984 28.633001738488 0.147017163866183 0.0689147299112155
110.599999999998 62.910272235506 78.6934553103082 72.0227239402022 28.673386937292 0.146510404518004 0.0731945378142302
110.699999999998 62.9699590871902 78.6533334937633 72.0406716561125 28.7137681160107 0.145987265753924 0.0775109491159935
110.799999999998 63.0296406963469 78.6130045561014 72.0581423926673 28.7541444038889 0.145447960968293 0.0818666624702079
110.899999999998 63.0893177702874 78.5724734147225 72.0751362310476 28.7945150515148 0.144892763315693 0.0862643751292414
110.999999999998 63.1489910147055 78.5317450569286 72.0916533127193 28.8348794291744 0.144322005303711 0.0907067741917962
111.099999999998 63.20866113077 78.4908245401286 72.1076938394831 28.8752370252018 0.143736133383099 0.0951854761306007
111.199999999998 63.2683288122433 78.4497169918718 72.123258073319 28.915587444206 0.143135871432123 0.0996912020360304
111.299999999998 63.3279947426164 78.4084276094481 72.1383463357117 28.9559304049839 0.142522052965019 0.104225142991207
111.399999999998 63.3876595923219 78.3669616593159 72.1529590067732 28.9962657383092 0.141895564407037 0.108788291113515
111.499999999998 63.4473240160519 78.3253244765246 72.1670965243555 29.0365933847177 0.141257343574982 0.113381422655936
111.599999999998 63.5069886501859 78.2835214641363 72.1807593831654 29.0769133922914 0.140608378147969 0.118005079986897
111.699999999998 63.5666541103305 78.2415580926481 72.1939481338771 29.1172259144436 0.139949704128095 0.122659552441364
111.799999999998 63.6263209889748 78.1994398994139 72.206663382247 29.1575312077032 0.13928240429014 0.127344856069567
111.899999999998 63.685989853263 78.1571724880664 72.2189057882265 29.1978296294993 0.138607606616577 0.132060712290389
111.999999999998 63.7456612428862 78.1147615279394 72.2306760650767 29.2381216359464 0.137926482716006 0.136806525554173
112.099999999998 63.8053356680976 78.0722127534857 72.2419749784764 29.2784077796287 0.137240277740774 0.141578901435893
112.199999999998 63.8650136079044 78.0295319636001 72.2528033455066 29.3186887073959 0.136550401796021 0.146373479350216
112.299999999998 63.9246955085264 77.9867250206989 72.2631620333167 29.3589651581849 0.135858330845039 0.151187607122832
112.399999999998 63.9843817820561 77.9437978497044 72.2730519576659 29.3992379608517 0.135165572638839 0.156018137993586
112.499999999998 64.0440728052745 77.9007564370243 72.2824740814597 29.4395080320035 0.13447366445777 0.16086140578521
112.599999999998 64.1037689186183 77.8576068295331 72.2914294132868 29.4797763738316 0.133784170781139 0.165713200989444
112.699999999998 64.1634704253007 77.814355133552 72.299919005955 29.5200440719435 0.133098680873708 0.17056874823882
112.799999999998 64.2231775905829 77.7710075138293 72.3079439550285 29.5603122931953 0.132418806281157 0.175422685704154
112.899999999998 64.2828906411979 77.7275701925208 72.3155053973642 29.6005822835241 0.131746178222956 0.180269046993079
112.999999999998 64.3426097649231 77.6840494481699 72.3226045096478 29.6408553657806 0.131082444872962 0.185101246200617
113.099999999998 64.4023351103055 77.6404516146865 72.329242506932 29.6811329375627 0.130429266234714 0.1899116182662
113.199999999998 64.4620667866024 77.5967830802729 72.335420641192 29.7214164690921 0.129788302867428 0.194691907745069
113.299999999998 64.5218048640408 77.5530502862185 72.3411401999304 29.7617075011967 0.12916121709135 0.199433706488793
113.399999999998 64.5815493742879 77.5092597256414 72.3464025048004 29.8020076433363 0.128549671659241 0.204127992419602
113.499999999998 64.6413003110646 77.4654179422295 72.3512089102306 29.8423185716288 0.127955326353933 0.208765142700519
113.599999999998 64.7010576308961 77.4215315289803 72.3555608020482 29.8826420268772 0.127379834428776 0.213334954333058
113.699999999998 64.7608212539981 77.3776071269413 72.3594595961043 29.922979812596 0.126824838886574 0.217826672864335
113.799999999998 64.8205910652964 77.3336514239501 72.3629067368974 29.9633337930383 0.126291968599986 0.222229029712116
113.899999999998 64.8803669155761 77.2896711533752 72.3659036961977 30.0037058912222 0.125782834272933 0.22653028864357
113.999999999998 64.9401486227588 77.2456730928556 72.3684519716715 30.0440980869573 0.125299024251884 0.230718301662841
114.099999999998 64.9999359733066 77.2016640630409 72.3705530855095 30.0845124148737 0.124842078208458 0.234782498372059
114.199999999998 65.0597287237959 77.1576509263091 72.3722085831595 30.124950962494 0.124413416316531 0.238712744367012
114.299999999998 65.1195266027277 77.1136405854316 72.3734200323253 30.1654158684188 0.124014400130523 0.242497184096755
114.399999999998 65.1793293124867 77.0696399822161 72.3741890220705 30.2059093205557 0.123646350260924 0.246123909477682
114.499999999998 65.2391365313981 77.0256560961497 72.3745171619262 30.2464335543504 0.123310542137408 0.249581051561374
114.599999999998 65.2989479158765 76.9816959430413 72.3744060809984 30.2869908510174 0.123008201745747 0.252856878091007
114.699999999998 65.3587631026652 76.9377665736639 72.3738574270755 30.3275835357714 0.12274050136534 0.255939895753205
114.799999999998 65.4185817111604 76.8938750723976 72.3728728657365 30.3682139760579 0.122508555339415 0.25881895585409
114.899999999998 65.4784033458204 76.850028555872 72.3714540794581 30.4088845797842 0.122313415909039 0.261483361839986
114.999999999998 65.5382275986534 76.8062341716089 72.3696027667228 30.4495977935507 0.122156069146214 0.263922977022898
115.099999999998 65.5980540517839 76.7624990966651 72.367320641129 30.4903561008831 0.122037415240374 0.266133468142567
115.199999999998 65.6578822801122 76.7188305362881 72.3646094305846 30.5311620205136 0.121958218597988 0.268111832523592
115.299999999998 65.7177118540905 76.6752357226029 72.3614708767067 30.5720181047818 0.121919153930736 0.269851046403358
115.399999999998 65.7775423425751 76.6317219133112 72.3579067343046 30.6129269380844 0.121920819413881 0.271344992251542
115.499999999998 65.8373733157322 76.5882963903912 72.3539187708654 30.6538911353261 0.121963734031967 0.272588528745983
115.599999999998 65.8972043479915 76.5449664587973 72.3495087660389 30.6949133403706 0.122048335198986 0.27357755060375
115.699999999998 65.9570350210469 76.5017394451597 72.3446785111242 30.7359962244916 0.122174976675714 0.274309036994241
115.799999999998 66.0168649268998 76.4586226964845 72.3394298085547 30.7771424848244 0.122343926802467 0.27478108749435
115.899999999998 66.0766936709416 76.4156235788526 72.3337644713836 30.8183548428161 0.122555367062019 0.274992944862663
115.999999999998 66.1365208750734 76.3727494761207 72.3276843227699 30.8596360426776 0.122809390983779 0.274945004090689
116.099999999998 66.1963461808592 76.3300077886225 72.3211911954649 30.9009888498371 0.123106005548335 0.274648654663601
116.199999999998 66.2561692527129 76.2874059319426 72.3142869313272 30.9424160494787 0.123445140333793 0.274116182363368
116.299999999998 66.3159897811246 76.244951335868 72.30697338091 30.9839204452928 0.123826646347216 0.273350925590134
116.399999999998 66.375807485916 76.2026514434118 72.2992524030768 31.0255048583102 0.124250294780128 0.272357172203507
116.499999999998 66.4356221195196 76.1605137098382 72.2911258646178 31.0671721257403 0.124715777409565 0.271140110978658
116.599999999998 66.4954334702776 76.1185456016879 72.2825956398671 31.1089250998079 0.125222707250635 0.269705774007286
116.699999999998 66.5552413657585 76.0767545958044 72.2736636103189 31.1507666465916 0.125770619444606 0.268060971297663
116.799999999998 66.6150456760883 76.0351481783587 72.2643316642445 31.1926996448605 0.126358972364018 0.266213218790892
116.899999999998 66.6748463172936 75.9937338438755 72.2546016963088 31.2347269849125 0.126987148913881 0.264170661208536
116.999999999998 66.7346432546534 75.9525190942586 72.2444756071872 31.2768515674117 0.127654458006953 0.261941991161014
117.099999999998 66.7944365060568 75.9115114378204 72.2339553031826 31.3190763022301 0.128360150848942 0.259548706712624
117.199999999998 66.8542261453676 75.8707183884237 72.223042695855 31.3614041074076 0.129103470477659 0.257011833424785
117.299999999998 66.9140123058057 75.8301474649057 72.2117397016811 31.4038379084102 0.129883616037875 0.254339875155029
117.399999999998 66.9737951833391 75.7898061906136 72.2000482417271 31.4463806375048 0.130699730410278 0.25154149502846
117.499999999998 67.0335750400839 75.7497020929448 72.1879702413213 31.48903523314 0.131550901538876 0.248625451710365
117.599999999998 67.0933522077069 75.7098427028868 72.1755076297264 31.5318046393255 0.132436163765678 0.245600538740628
117.699999999998 67.1531270908307 75.6702355545569 72.162662339813 31.5746918050126 0.133354499160673 0.242475527475825
117.799999999998 67.2129001704374 75.6308881847427 72.1494363077317 31.6176996834742 0.134304838835918 0.239259114169658
117.899999999998 67.2726720072689 75.5918081324415 72.135831472586 31.6608312316843 0.135286064235569 0.235959871506005
117.999999999998 67.3324432452196 75.5530029384007 72.1218497761054 31.704089409699 0.136297008394943 0.23258620486703
118.099999999998 67.3922146147206 75.5144801446609 72.1074931623188 31.7474771800391 0.137336467723271 0.229155764598392
118.199999999998 67.4519869361208 75.4762472941799 72.0927635772621 31.7909975071715 0.138403237490277 0.225685283083572
118.299999999998 67.5117611230804 75.4383119306643 72.0776629687686 31.8346533572348 0.139496085646222 0.222181420144608
118.399999999998 67.5715381859644 75.4006815984813 72.0621932862936 31.8784476978619 0.140613743510804 0.218650531758134
118.499999999998 67.6313192352224 75.3633638425748 72.0463564807392 31.9223834980062 0.141754906290385 0.215098658955767
118.599999999998 67.6911054847543 75.3263662083802 72.0301545042795 31.9664637277684 0.142918233553647 0.211531520273822
118.699999999998 67.7508982552562 75.2896962417403 72.0135893101865 32.0106913582225 0.144102349674113 0.207954507500749
118.799999999998 67.8106989775457 75.2533614888207 71.9966628526544 32.0550693612423 0.145305844250312 0.204372684395929
118.899999999998 67.8705091958607 75.2173694960251 71.9793770866256 32.0996007093277 0.146527272514271 0.200790788116172
118.999999999998 67.9303305711308 75.1817278099112 71.9617339676158 32.1442883754311 0.147765155740299 0.197213233005772
119.099999999998 67.9901648842148 75.1464439771064 71.9437354515402 32.1891353327851 0.14901798208414 0.193647796301165
119.199999999998 68.0500140391081 75.1115255442431 71.925383494573 32.2341445547655 0.150284209193369 0.190101753399003
119.299999999998 68.1098800661229 75.0769800579408 71.9066800530884 32.2793190148431 0.151562264976549 0.186578297080814
119.399999999997 68.1697651250293 75.0428150648075 71.8876270836356 32.3246616865714 0.152850547814226 0.183080323867421
119.499999999997 68.2296715081475 75.0090381114419 71.8682265429135 32.3701755435749 0.154147427017886 0.179610447718863
119.599999999997 68.2896016433868 74.9756567444346 71.8484803877464 32.415863559538 0.155451243370918 0.176171014328524
119.699999999997 68.3495580972259 74.9426785103704 71.8283905750595 32.4617287081933 0.1567603097667 0.172764115761491
119.799999999997 68.4095435776308 74.9101109558303 71.8079590618542 32.5077739633107 0.158072911958662 0.169391605314962
119.899999999997 68.4695609369043 74.8779616273933 71.7871878051837 32.5540022986857 0.159387309437272 0.166055112407103
119.999999999997 68.5296131744631 74.8462380716379 71.766078762128 32.6004166881282 0.160701736447509 0.162756057386771
