#t s x y z curvature torsion
5 0 75.2214417229096 100.120527730623 3.58639739748485 0.0303512327096111 -0.586603405909121
5.1 0.069066494232684 75.1749360755646 100.141077360302 3.63314264441614 0.0291328139465001 -0.631195998097
5.2 0.138230636732797 75.1284197631411 100.161736257809 3.67997341677848 0.0280358251431847 -0.675930997187662
5.3 0.207488111437089 75.0818983722427 100.182496476771 3.72689219020612 0.0270713390048561 -0.719245705718998
5.4 0.276834593080582 75.0353774894485 100.203350070837 3.77390144030569 0.0262504641309278 -0.759202838526656
5.5 0.346265750775501 74.9888627013202 100.224289093682 3.82100364265919 0.0255837436167539 -0.793606957129997
5.6 0.415777251563888 74.942359594408 100.245305599003 3.86820127282696 0.0250804292775018 -0.820222676920853
5.7 0.485364763947044 74.8958737552581 100.266391640521 3.91549680635068 0.0247477081059605 -0.837076690087255
5.8 0.555023961395816 74.8494107704186 100.287539271978 3.96289271875637 0.0245899976460859 -0.84278423593073
5.9 0.624750525844582 74.8029762264464 100.308740547136 4.01039148555734 0.0246084430623535 -0.836810245545056
6 0.694540151172682 74.7565757099142 100.329987519776 4.05799558225722 0.0248007250691542 -0.819579533134496
6.1 0.764388546677098 74.7102148074132 100.351272243701 4.1057074843496 0.0251612109394503 -0.792375683077767
6.2 0.834291440558642 74.6638991054742 100.372586772813 4.15352966723195 0.0256813892222331 -0.757128400928989
6.3 0.904244583453133 74.6176341902776 100.393923161387 4.20146460590166 0.0263506037712332 -0.716104444848094
6.4 0.974243751978242 74.5714256472807 100.415273464421 4.24951477456629 0.0271568645536559 -0.671565400423602
6.49999999999999 1.04428475227816 74.5252790608417 100.436629737983 4.29768264625055 0.0280876084185998 -0.625529230487513
6.59999999999999 1.11436342356779 74.4792000138437 100.457984039569 4.34597069240322 0.0291303354124893 -0.579636259140263
6.69999999999999 1.18447564167758 74.4331940873189 100.479328428453 4.39438138250414 0.0302730818491421 -0.535109481164418
6.79999999999999 1.25461732260124 74.3872668600726 100.500654966037 4.44291718367113 0.0315047297389972 -0.492780958588858
6.89999999999999 1.32478442604779 74.3414239083073 100.521955716207 4.49158056026697 0.0328151757783846 -0.453153772152642
6.99999999999999 1.39497295899945 74.2956708052468 100.543222745682 4.54037397350634 0.0341953927508249 -0.416475561761185
7.09999999999999 1.46517897927859 74.2500131207554 100.564448124371 4.58929988105897 0.0356373888600305 -0.382801334263749
7.19999999999999 1.53539859916407 74.2044564208369 100.585623925833 4.63836073655338 0.0371340625064183 -0.352065921399051
7.29999999999999 1.60562798911667 74.1590062668262 100.606742228004 4.68755898882849 0.0386791948828886 -0.324132923269645
7.39999999999999 1.67586338154673 74.1136682144604 100.627795114027 4.73689708108576 0.0402673826507356 -0.298818606070659
7.49999999999999 1.7461010745831 74.0684478129453 100.648774673085 4.7863774500376 0.0418939419802357 -0.275916507783968
7.59999999999999 1.81633743584119 74.023350604022 100.669673001237 4.83600252505574 0.0435548163704779 -0.255214007844529
7.69999999999999 1.88656890619005 73.9783821210331 100.690482202251 4.88577472731961 0.0452464915331173 -0.236502930639544
7.79999999999999 1.95679200351703 73.9335478879892 100.711194388439 4.93569646896472 0.0469659188033655 -0.219585898183641
7.89999999999999 2.02700332648965 73.8888534186356 100.73180168149 4.985770152231 0.0487104474092946 -0.204279759069837
7.99999999999999 2.0971995583137 73.8443042155181 100.752296213307 5.03599816861124 0.0504777652710311 -0.190417073717002
8.09999999999999 2.16737747048843 73.7999057690436 100.772670126846 5.0863828979942 0.0522658042206069 -0.177842416854226
8.19999999999999 2.23753392661932 73.7556635563638 100.79291557713 5.13692670767254 0.0540725639204875 -0.166418596722553
8.29999999999999 2.30766588637698 73.7115830398148 100.813024732722 5.18763195100731 0.0558962018939289 -0.156027406195791
8.39999999999999 2.37777040948873 73.6676696651816 100.832989777352 5.23850096595714 0.0577350445398736 -0.146563053140308
8.49999999999999 2.44784465969454 73.623928859955 100.852802911573 5.28953607360223 0.0595875594670622 -0.137931134268524
8.59999999999999 2.51788590865964 73.5803660315895 100.872456354405 5.34073957666841 0.061452331565159 -0.130047568382008
8.69999999999999 2.58789153983995 73.5369865657603 100.891942344978 5.39211375805107 0.0633280422889469 -0.122837549681761
8.79999999999999 2.6578590522945 73.4937958246212 100.91125314418 5.44366087933923 0.0652134516968743 -0.116234556608204
8.89999999999999 2.72778606444055 73.4507991450614 100.930381036306 5.49538317933952 0.0671073828485259 -0.110179434870145
8.99999999999999 2.79767031774537 73.4080018369634 100.949318330701 5.54728287260015 0.069008708221936 -0.104619562720909
9.09999999999999 2.86750968035268 73.365409181457 100.968057363421 5.59936214793148 0.0709162874916117 -0.099488392928713
9.19999999999999 2.93730215071787 73.3230264290813 100.986590499255 5.65162316683542 0.0728288030723352 -0.0947280622634318
9.29999999999998 3.00704586136174 73.2808587977165 101.004910134669 5.70406806170385 0.074744897305066 -0.0903060832941634
9.39999999999998 3.07673908258867 73.2389114704236 101.023008701107 5.75669893392595 0.07666321481028 -0.0861932217504731
9.49999999999998 3.14638022607321 73.1971895932805 101.040878668309 5.80951785199203 0.0785823961072627 -0.0823631489367591
9.59999999999998 3.21596784830274 73.1556982732185 101.058512547631 5.86252684959737 0.080501071992975 -0.078792130755585
9.69999999999998 3.28550065386492 73.1144425758589 101.075902895361 5.91572792374607 0.0824178586086465 -0.0754587502558519
9.79999999999998 3.35497749856988 73.073427523349 101.093042316034 5.96912303285487 0.0843313531335373 -0.0723436606122891
9.89999999999998 3.42439739239573 73.0326580921987 101.109923465757 6.022714094857 0.0862401300574464 -0.0694293654830672
9.99999999999998 3.49375950224685 72.9921392111168 101.126539055519 6.07650298530603 0.0881427379906936 -0.0667000238901167
10.1 3.56306315451137 72.9518757588614 101.142881854515 6.13049153548709 0.0900377411606914 -0.0641174722406977
10.2 3.63230783736094 72.9118725624564 101.158944693519 6.18468153072103 0.0919238488343469 -0.0616466489803261
10.3 3.70149320272014 72.8721343963374 101.174720468394 6.23907470915804 0.093799779582382 -0.0592781765973546
10.4 3.77061906798929 72.8326659818638 101.190202143657 6.29367276076417 0.0956642158581599 -0.0570034988517771
10.5 3.83968541756232 72.7934719868445 101.205382756047 6.34847732631527 0.0975158033658457 -0.0548147925112791
10.6 3.9086924041319 72.7545570250637 101.220255418087 6.40348999639093 0.0993531507795602 -0.0527048896038188
10.7 3.97764034977177 72.7159256558079 101.234813321657 6.45871231036839 0.101174829807354 -0.0506672088144249
10.8 4.04652974678679 72.6775823833906 101.249049741556 6.51414575541649 0.102979375595563 -0.0486956948163463
10.9 4.11536125832066 72.6395316566792 101.262958039069 6.56979176548957 0.104765287470943 -0.0467847645486941
11 4.18413571871164 72.6017778686207 101.276531665536 6.62565172032146 0.10653103001732 -0.044929259500801
11.1 4.25285413358395 72.5643253557715 101.289764165935 6.68172694441425 0.108274989067139 -0.0431029775060709
11.2 4.32151767958339 72.5271783979264 101.302649182873 6.73801870589476 0.109995336291727 -0.0412818185989316
11.3 4.3901277036023 72.4903412179994 101.315180461644 6.79452821503481 0.111690166297301 -0.0394640644268709
11.4 4.45868572158707 72.4538179820029 101.32735185569 6.85125662263914 0.113357544942096 -0.0376479888434642
11.5 4.52719341699218 72.4176127990321 101.339157332081 6.90820501842816 0.114995512859237 -0.0358318570675366
11.6 4.59565263887352 72.3817297212477 101.350590976998 6.96537442942075 0.11660208933936 -0.0340139242602144
11.7 4.6640653996114 72.3461727438601 101.36164700121 7.02276581831709 0.118175276565008 -0.0321924336011021
11.8 4.73243387225436 72.3109458051128 101.372319745561 7.08038008188137 0.119713064186648 -0.030365613862677
11.9 4.80076038747567 72.2760527862659 101.382603686443 7.13821804932468 0.121213434226099 -0.0285316765063141
12 4.86904743013544 72.2414975115798 101.392493441283 7.1962804806877 0.122674366291728 -0.0266888123124916
12.1 4.93729763543117 72.2072837483153 101.401983774023 7.25456806522052 0.124093873298209 -0.0248168656481768
12.2 5.00551378436593 72.1734152071727 101.411069600676 7.3130814196826 0.125470100023495 -0.0228964713902563
12.3 5.07369879811537 72.139895543842 101.419745995052 7.37182108644061 0.126801242391581 -0.0209268704365427
12.4 5.14185573173427 72.1067283609922 101.428008194564 7.43078753148649 0.128085524340214 -0.0189071495010484
12.5 5.20998776747303 72.0739172102768 101.435851606032 7.48998114245251 0.129321204547385 -0.0168362435796538
12.6 5.27809820771683 72.0414655943396 101.443271811479 7.54940222662624 0.130506583284401 -0.0147129369661065
12.7 5.34619046755002 72.0093769688204 101.450264573945 7.60905100896566 0.131640009357744 -0.0125358629327194
12.8 5.41426806695052 71.9776547443608 101.456825843282 7.66892763011415 0.132719887099962 -0.0103035020938438
12.9 5.48233462261987 71.9463022886098 101.462951761962 7.72903214441551 0.133744683368337 -0.00801417951900162
13 5.55039383945607 71.9153229282298 101.468638670879 7.78936451792901 0.134712934510385 -0.00566606062471033
13.1 5.61844950167122 71.8847199509087 101.473883115114 7.84992462644353 0.135623390622531 -0.00329019942939621
13.2 5.68650546340262 71.8544966075447 101.478681848669 7.91071225346874 0.136475436158064 -0.00091636431429518
13.3 5.75456563862556 71.8246561148696 101.483031836589 7.97172708816804 0.137268686294788 0.00145919287123898
13.4 5.82263399073748 71.7952016582437 101.486930256055 8.03296872326844 0.13800285389678 0.00384005453601781
13.5 5.89071452201765 71.7661363944581 101.490374497437 8.09443665296972 0.138677752961326 0.00622965793774653
13.6 5.95881126298875 71.7374634545363 101.493362165349 8.15613027085338 0.139293301722593 0.00863131391981824
13.7 6.02692826169891 71.7091859465366 101.495891079699 8.21804886779177 0.139849525394541 0.0110482239728247
13.8 6.09506957294418 71.681306958354 101.497959276744 8.28019162985717 0.14034655854153 0.0134834957415576
13.9 6.16323924745108 71.6538295605217 101.499565010145 8.34255763623078 0.140784647068943 0.0159401571394157
14 6.23144132103947 71.626756809014 101.500706752016 8.40514585711186 0.141164149830747 0.0184211691086873
14.1 6.29967980377031 71.6000917480401 101.501383193972 8.46795515160672 0.141485518154664 0.0209075956652794
14.2 6.36795866870765 71.5738374126456 101.501593247946 8.53098426509768 0.141749235610898 0.0233809505198114
14.3 6.43628183968188 71.5479968308242 101.501336046431 8.59423182529159 0.141955890642302 0.025844735341061
14.4 6.50465317868845 71.5225730254348 101.500610942496 8.65769633774823 0.142106199410746 0.0283023414484353
14.5 6.5730764733319 71.4975690161128 101.499417509792 8.72137618138867 0.142201005595627 0.03075706161202
14.6 6.6415554243523 71.4729878211803 101.49775554256 8.78526960400371 0.142241279872845 0.0332121002916699
14.7 6.71009363325572 71.4488324595566 101.495625055637 8.84937471776219 0.142228119102694 0.035670582308037
14.8 6.77869459006949 71.4251059526688 101.493026284466 8.91368949471949 0.142162745260382 0.0381355599488818
14.9 6.84736166124266 71.4018113263625 101.489959685096 8.97821176232579 0.142046504146238 0.0406100184531123
15 6.91609807771134 71.3789516128123 101.486425934197 9.04293919893456 0.14188086391778 0.0430968798317188
15.1 6.98490692312957 71.3565298524227 101.482425929018 9.10786932928552 0.141667486872463 0.04554122539751
15.2 7.05379112183082 71.3345490954909 101.477960786189 9.17299951932772 0.141408448466344 0.0478881713974514
15.3 7.12275342584785 71.3130124032604 101.47303183758 9.23832696936758 0.14110601557133 0.050140364671574
15.4 7.19179640179365 71.2919228487367 101.467640624995 9.30384870655689 0.140762569837099 0.0523000839461181
15.5 7.26092241808814 71.2712835174925 101.461788894828 9.36956157735551 0.140380604430993 0.0543692466429022
15.6 7.3301336325628 71.2510975084741 101.455478592714 9.43546223999409 0.139962721065348 0.0563494130614528
15.7 7.39943198045535 71.2313679348072 101.448711858181 9.5015471569367 0.139511627367658 0.0582417881455618
15.8 7.46881916280508 71.2120979246022 101.441491019301 9.56781258734354 0.139030134647247 0.0600472210638063
15.9 7.53829663525823 71.1932906217609 101.433818587345 9.63425457953363 0.13852115611022 0.0617662028525749
16 7.60786559729099 71.1749491867814 101.425697251433 9.70086896344749 0.137987705569194 0.0633988623901655
16.1 7.67752698188887 71.1570767975508 101.417129873138 9.76765134313273 0.137433021426853 0.0648916156822321
16.2 7.74728144649521 71.1396766497731 101.408119479718 9.83459708982546 0.13686091851299 0.0661895674941242
16.3 7.81712936657036 71.1227519564755 101.398669253904 9.90170133654411 0.13627537364755 0.0672901976438311
16.4 7.88707083054776 71.1063059471502 101.38878252232 9.96895897327903 0.135680392619044 0.0681904750481826
16.5 7.95710563539348 71.0903418668836 101.378462743851 10.0363646422051 0.135080007979852 0.068886900972996
16.6 8.02723328272899 71.0748629754842 101.367713498011 10.1039127328941 0.13447827756385 0.0693755564956959
16.7 8.09745297550763 71.0598725466114 101.356538473313 10.1715973775274 0.133879283700921 0.0696521551571945
16.8 8.16776361523507 71.0453738669038 101.344941455638 10.2394124461085 0.133287133093961 0.0697121017830318
16.9 8.23816379972332 71.0313702351077 101.332926316603 10.3073515416756 0.132705957318437 0.0695505583709124
17 8.30865182136849 71.0178649612056 101.32049700193 10.3754079955138 0.132139913895657 0.0691625179183563
17.1 8.37922566594433 71.0048613655409 101.307657519817 10.4435748623707 0.131593170170145 0.0685443813416052
17.2 8.44988301196571 70.9923627778489 101.294411929399 10.5118449157393 0.131069851049252 0.0676927141735097
17.3 8.52062123070593 70.9803725360491 101.280764329417 10.5802106433144 0.130574092529588 0.0666027695741236
17.4 8.5914373867434 70.9688939849436 101.266718846985 10.6486642425162 0.130110061819329 0.0652700081341102
17.5 8.66232823896238 70.9579304749117 101.252279626347 10.7171976160177 0.129681960288946 0.0636902122842917
17.6 8.73329024199839 70.9474853606047 101.237450817646 10.7858023672707 0.129294026612011 0.0618596092149776
17.7 8.80431954812263 70.9375619996405 101.222236565682 10.8544697960331 0.128950540027132 0.0597750014127405
17.8 8.87541200956128 70.9281637512985 101.20664099868 10.9231908938954 0.128655823654519 0.0574339035057416
17.9 8.94656318124663 70.9192939752143 101.190668217053 10.9919563398076 0.128414247802751 0.05483468361481
18 9.01776832399947 70.9109560300743 101.174322282162 11.0607564956056 0.128230233207458 0.0519767069154375
18.1 9.08902240817426 70.9031532723062 101.157607205089 11.1295814015717 0.128108229462364 0.0488744921263431
18.2 9.16032011855073 70.895889054656 101.140526935555 11.1984207728611 0.128052623097102 0.0455439307911005
18.3 9.23165586171123 70.8891667244767 101.123085351227 11.2672639981294 0.128067776567087 0.0419882840143695
18.4 9.30302377463478 70.8829896219047 101.10528624717 11.3361001390269 0.128158047351387 0.038212218650713
18.5 9.37441773372659 70.8773610780306 101.08713332531 11.4049179297252 0.128327787284037 0.0342218771509952
18.6 9.44583136425884 70.8722844130709 101.068630183894 11.4737057764455 0.128581341807048 0.0300249252255063
18.7 9.51725805023304 70.8677629345393 101.049780306952 11.5424517569857 0.128923049205186 0.025630574001559
18.8 9.58869094467649 70.8637999354176 101.030587053759 11.6111436202476 0.12935723989491 0.0210495739162594
18.9 9.66012298038798 70.860398692328 101.011053648293 11.6797687857647 0.129888235849558 0.0162941783053624
19 9.73154688115101 70.8575624637036 100.9911831687 11.7483143432291 0.130520350246728 0.0113780754790624
19.1 9.80295517350985 70.8552944879517 100.970978536823 11.8167670521188 0.131257653367056 0.00641786565544655
19.2 9.87434020098157 70.8535979813994 100.950442509655 11.8851133439041 0.132103212197687 0.0015283778295236
19.3 9.94569414358805 70.8524761356874 100.929577675625 11.9533393308048 0.133059687994242 -0.0032786613407697
19.4 10.0170090395967 70.8519321149453 100.908386452806 12.0214308171273 0.134129551319599 -0.00799210269268658
19.5 10.0882768075909 70.8519690529605 100.886871087194 12.0893733107011 0.13531507873902 -0.0126015449493397
19.6 10.1594892688094 70.8525900503451 100.865033650982 12.157152034315 0.136618350875081 -0.0170974877062055
19.7 10.2306381697724 70.8537981717039 100.84287604084 12.224751937154 0.138041251698429 -0.0214714625379432
19.8 10.3017152052081 70.8555964428022 100.820399976194 12.2921577062352 0.139585468879569 -0.0257161387257785
19.9 10.3727120412996 70.8579878477337 100.797606997501 12.3593537778446 0.141252494981121 -0.029825401302589
20 10.4436203392657 70.860975326088 100.774498464527 12.4263243489734 0.14304362922982 -0.033794400263215
20.1 10.5144317793189 70.8645617700999 100.751075554675 12.4930533887973 0.14495977364308 -0.0375736748998824
20.2 10.5851380855851 70.8687500213118 100.727339262559 12.5595246512659 0.147000795021233 -0.0411184111428123
20.3 10.6557310528209 70.8735428660021 100.703290402753 12.6257216905123 0.149166105660306 -0.044432912924171
20.4 10.7262025738616 70.8789430301274 100.678929613793 12.6916278773723 0.151454865101053 -0.047522971979918
20.5 10.7965446671855 70.8849531742452 100.654257362219 12.7572264159471 0.153865980553351 -0.0503956825129868
20.6 10.8667495045665 70.8915758884372 100.629273946628 12.8225003601655 0.156398105992871 -0.0530592478369808
20.7 10.9368094388058 70.8988136872328 100.603979501717 12.8874326303465 0.159049639609941 -0.0555227852018167
20.8 11.0067170315305 70.9066690045319 100.578374002333 12.9520060297615 0.161818719339846 -0.057796134244887
20.9 11.0764650810454 70.9151441885284 100.55245726752 13.0162032611969 0.164703216256183 -0.0598896736487493
21 11.1460466502161 70.9242414966331 100.526228964563 13.0800069435163 0.167700725665751 -0.0618141496336478
21.1 11.2154550944052 70.9339630903586 100.499688613077 13.1433996282928 0.170808223845343 -0.0635562347942503
21.2 11.284684090515 70.9443110292001 100.472835590021 13.2063638182493 0.174021017852773 -0.0651060300423836
21.3 11.3537276686792 70.9552872619696 100.4456691371 13.2688819902924 0.177333655143992 -0.0664794906629954
21.4 11.4225802445358 70.9668936171259 100.418188369097 13.3309366203534 0.180740228840464 -0.0676922868369574
21.5 11.4912366508468 70.9791317930668 100.390392282241 13.3925102083004 0.184234359206014 -0.0687596631758284
21.6 11.5596921683244 70.9920033484207 100.362279762579 13.4535853028496 0.187809173402137 -0.069696329167358
21.7 11.6279425555612 71.005509692338 100.333849594349 13.5141445264767 0.191457283978341 -0.0705163780558233
21.8 11.695984077954 71.0196520747838 100.305100468341 13.5741706003289 0.195170766642386 -0.0712332312891045
21.9 11.7638135354984 71.0344315768287 100.276030990277 13.6336463691355 0.198941137941739 -0.071859605459274
22 11.8314282893222 71.0498491009412 100.246639689174 13.6925548261204 0.20275933356583 -0.0724074986935665
22.1 11.8988262868193 71.0659053612923 100.216925025743 13.7508791379239 0.206615653562074 -0.0728596334106567
22.2 11.9660060852415 71.0826008743892 100.186885401494 13.8086026698105 0.210499633998577 -0.0731995250949772
22.3000000000001 12.0329668735863 71.0999359505483 100.156519169629 13.8657090116006 0.214400123616345 -0.0734391394794239
22.4000000000001 12.0997084925546 71.1179106856969 100.125824646647 13.9221820038869 0.218305305977818 -0.0735895567572566
22.5000000000001 12.1662314523801 71.1365249531883 100.094800123971 13.9780057642619 0.222202694148108 -0.073661011764948
22.6000000000001 12.2325369483357 71.1557783956163 100.063443879577 14.0331647135459 0.226079131713249 -0.0736629418828004
22.7000000000001 12.298626873725 71.1756704166304 100.031754189626 14.0876436020143 0.229920801147911 -0.0736040407219947
22.8000000000001 12.3645038301574 71.1962001727507 99.9997293400912 14.1414275356255 0.23371324051527 -0.0734923159604973
22.9000000000001 12.4301711349067 71.2173665651822 99.9673676383865 14.1945020022479 0.237441369426881 -0.0733351499842237
23.0000000000001 12.4956328251532 71.2391682316304 99.934667424998 14.2468528978883 0.241089525101068 -0.0731393622900223
23.1000000000001 12.5608936588796 71.2616035381639 99.9016270850861 14.2984665528443 0.244641942763198 -0.0729137267057592
23.2000000000001 12.6259591115345 71.2846705723358 99.8682450594256 14.3493297559139 0.248084147161589 -0.0726645174942949
23.3000000000001 12.6908353674273 71.3083671394958 99.8345198536587 14.3994297736733 0.251401773980365 -0.0723942484257379
23.4000000000001 12.7555293072706 71.3326907603618 99.8004500468843 14.4487543678102 0.25458021415961 -0.0721052385155076
23.5000000000001 12.8200484925681 71.3576386686382 99.7660343002214 14.4972918123836 0.257604692486789 -0.0717996538773797
23.6000000000001 12.8844011467801 71.3832078086352 99.7312713653726 14.5450309110832 0.260460355166852 -0.0714795477216664
23.7000000000001 12.9485961331827 71.4093948328875 99.6961600931878 14.5919610144881 0.263132365688547 -0.0711468986599055
23.8000000000001 13.012642929359 71.4361960997733 99.6606994422274 14.6380720373268 0.26560600804823 -0.0708036474926658
23.9000000000001 13.0765515982833 71.4636076711336 99.6248884873261 14.6833544757361 0.267866796134422 -0.0704517326282015
24.0000000000001 13.1403327559818 71.4916253098906 99.5887264281562 14.7277994245204 0.269900587820971 -0.0700931243257591
24.1000000000001 13.2039975357968 71.5202444777002 99.5522125977917 14.771398594408 0.271693803383407 -0.0697112972444495
24.2000000000001 13.2675575496156 71.5494603334657 99.5153464712767 14.8141443292165 0.27323383820458 -0.0692894228904475
24.3000000000001 13.3310248467217 71.5792677340392 99.4781276742091 14.8560296227912 0.274508857687047 -0.0688290651274646
24.4000000000001 13.3944118699733 71.6096612357844 99.4405559913279 14.8970481358535 0.275507803704206 -0.0683318103075619
24.5000000000001 13.457731409146 71.640635096173 99.4026313751024 14.9371942128451 0.276220499270389 -0.0677992856805459
24.6000000000001 13.5209965515835 71.6721832753808 99.3643539543197 14.9764628987735 0.276637745812118 -0.0672331749960304
24.7000000000001 13.584220630339 71.7042994378838 99.325724042674 15.0148499560559 0.276751410920846 -0.0666352313285275
24.8000000000001 13.6474171700204 71.7369769540547 99.2867421473542 15.0523518813647 0.276554504582455 -0.0660072871895755
24.9000000000001 13.7105998305748 71.7702089017586 99.2474089776326 15.0889659224721 0.27604124205911 -0.0653512620334061
25.0000000000001 13.7737823492755 71.8039880679495 99.2077254534537 15.1246900950943 0.275207091838803 -0.0646691673027235
25.1000000000001 13.8369784811711 71.8383069503765 99.1676927139726 15.1595231995377 0.274049966836418 -0.0639504565235386
25.2000000000001 13.9002019379464 71.8731577621521 99.1273121248202 15.1934648321576 0.272573712260537 -0.0631801021073515
25.3000000000001 13.9634663256865 71.9085324435854 99.0865852821306 15.2265153836532 0.270784591017206 -0.0623534491142613
25.4000000000001 14.0267850837188 71.9444226768779 99.0455140152944 15.2586760321763 0.268690052631093 -0.0614657738917192
25.5000000000001 14.0901714255139 71.9808199009287 99.0041003896619 15.2899487362413 0.266298646195039 -0.0605122184120943
25.6000000000001 14.1536382819256 72.0177153261401 98.9623467092476 15.3203362276337 0.263619921238823 -0.0594877167740527
25.7000000000001 14.217198247005 72.055099949223 98.9202555194337 15.3498420043202 0.260664318630684 -0.0583869125693518
25.8000000000001 14.2808635265945 72.0929645680028 98.8778296096739 15.3784703233581 0.257443053761165 -0.057204065612305
25.9000000000001 14.344645889885 72.1312997962244 98.8350720161974 15.406226193804 0.253967994323972 -0.0559329462573868
26.0000000000001 14.4085566240842 72.1700960783579 98.7919860247127 15.433115369624 0.250251535005639 -0.0545667151425725
26.1000000000001 14.4726064923128 72.209343704416 98.7485751730746 15.4591443424997 0.24630697534237 -0.053123480318201
26.2000000000001 14.5368056946275 72.2490328250738 98.7048432529915 15.484320331956 0.242149896582177 -0.05161995996658
26.3000000000001 14.6011638322342 72.2891534675582 98.6607943092982 15.5086512686897 0.237796502010376 -0.0500461814184525
26.4000000000001 14.6656898757482 72.32969555184 98.6164326382682 15.5321457752195 0.233262978383698 -0.0483913630151134
26.5000000000001 14.7303921378011 72.3706489068377 98.57176278589 15.5548131464326 0.2285653723238 -0.0466437386860506
26.6000000000001 14.7952782499388 72.4120032866218 98.5267895461431 15.5766633301318 0.223719477384214 -0.0447903606456831
26.7000000000001 14.8603551437126 72.4537483866178 98.4815179592741 15.5977069075824 0.218740732777043 -0.0428168754349617
26.8000000000001 14.9256290358464 72.4958738598111 98.4359533100723 15.6179550740592 0.213644134413091 -0.0407072675206732
26.9000000000001 14.9911054173372 72.5383693329499 98.3901011261463 15.6374196193929 0.208444158600349 -0.0384435634619672
27.0000000000001 15.0567890463307 72.5812244227495 98.3439671761993 15.6561129085178 0.203154698469209 -0.0360054881140128
27.1000000000001 15.122683944602 72.6244287521048 98.2975574683037 15.6740478619941 0.197789125881898 -0.0333671285221799
27.2000000000001 15.1887933974758 72.6679719665187 98.2508782481239 15.6912379359084 0.19236058581696 -0.030498821110124
27.3000000000001 15.2551199570846 72.7118437510835 98.2039359970098 15.707697100194 0.186881620290186 -0.0273697996749932
27.4000000000001 15.3216654488349 72.756033847677 98.1567374300391 15.7234398163276 0.181364037429288 -0.0239448877045314
27.5000000000001 15.3884309808812 72.8005320721694 98.1092894940583 15.7384810150033 0.175818905794718 -0.0201837201259963
27.6000000000001 15.455416956394 72.8453283316283 98.0615993657225 15.7528360738055 0.170256558941545 -0.0160398137217677
27.7000000000001 15.5226230884149 72.8904126415244 98.0136744495364 15.7665207948828 0.164686609483682 -0.0114594516615208
27.8000000000001 15.5900484170922 72.9357751429374 97.9655223758948 15.7795513826208 0.159117971982441 -0.00638033898364052
27.9000000000001 15.6576913290998 72.9814061197617 97.9171509991227 15.7919444213159 0.153558894082816 -0.000729974894061673
28.0000000000001 15.7255495790483 73.0272960159121 97.8685683955162 15.8037168528487 0.148016995466234 0.00557632612029427
28.1000000000001 15.7936203127024 73.0734354524824 97.8197828613185 15.8148859542558 0.142499707509516 0.0125296136615081
28.2000000000001 15.8619000918021 73.11981524368 97.7708029090214 15.8254693126706 0.13701548917384 0.0201200501281239
28.3000000000001 15.9303849204323 73.1664264096549 97.7216372594163 15.8354847935817 0.131572674134945 0.0284524534832728
28.4000000000001 15.9990702730951 73.2132601881044 97.6722948319705 15.8449505064607 0.126179133181033 0.037648392576099
28.5000000000001 16.067951124389 73.2603080458305 97.6227847351394 15.8538847702879 0.12084234123301 0.047849350390437
28.6000000000001 16.1370219801085 73.307561690298 97.5731162566786 15.8623060790784 0.115569452345229 0.0592204887674381
28.7000000000001 16.206276909578 73.355013081192 97.5232988539554 15.8702330674077 0.110367383446163 0.0719551126410258
28.8000000000001 16.275709579049 73.4026544419759 97.4733421442616 15.8776844759384 0.105242908010177 0.0862799302378866
28.9000000000001 16.3453132859965 73.4504782714486 97.4232558951248 15.8846791169452 0.100202761362378 0.102461187797151
29.0000000000001 16.4150809941656 73.4984773553029 97.3730500146209 15.8912358398416 0.0952537599175376 0.120811708909131
29.1000000000001 16.4850053691719 73.5466447775818 97.3227345416722 15.8973734968027 0.0904024423891869 0.141569846526779
29.2000000000001 16.555078813229 73.594973929512 97.2723196359887 15.903110910911 0.0856537400363188 0.165017596190179
29.3000000000002 16.625293496685 73.6434585116775 97.2218155671034 15.9084668507072 0.0810126254022014 0.191630334094175
29.4000000000002 16.6956413881497 73.6920925335693 97.1712327030508 15.9134600072634 0.0764847860925208 0.221970227905467
29.5000000000002 16.7661142843959 73.7408703130347 97.1205814990312 15.918108971354 0.0720768372502122 0.256698795821664
29.6000000000002 16.8367038400344 73.7897864757263 97.0698724860752 15.9224322106257 0.0677965770271445 0.296587474704944
29.7000000000002 16.9074015969144 73.8388359545509 97.0191162597087 15.9264480467684 0.0636532939862774 0.342522270066454
29.8000000000002 16.9781990132051 73.8880139891188 96.9683234686171 15.9301746326859 0.0596581349265512 0.395495390811529
29.9000000000002 17.0490874921158 73.9373161251928 96.91750480331 15.9336299296659 0.0558245385359702 0.456571692411865
30.0000000000002 17.1200584102141 73.9867382141371 96.8666709847857 15.936831684551 0.0521687319248297 0.526810161806003
30.1000000000002 17.1911031453064 74.0362764123516 96.8158327531803 15.9397974069298 0.0487101662050137 0.607069012888925
30.2000000000002 17.2622131038809 74.0859271803163 96.7650008560103 15.9425443468772 0.0454717100826096 0.69779037803938
30.3000000000002 17.3333797481231 74.1356872806471 96.7141860353841 15.9450894740836 0.0424803140977338 0.798632279162854
30.4000000000002 17.404594622384 74.1855537757621 96.6633990148073 15.9474494575338 0.0397671789781131 0.907837950085378
30.5000000000002 17.4758493790285 74.2355240255326 96.6126504859723 15.9496406452061 0.0373672032896404 1.02152878189814
30.6000000000002 17.5471358036367 74.2855956849348 96.5619510955477 15.9516790437708 0.0353174131589235 1.13309287514132
30.7000000000002 17.6184458395325 74.3357667017004 96.5113114319686 15.9535802982905 0.0336540036711005 1.23310536671078
30.8000000000002 17.6897716116141 74.3860353139687 96.4607420122255 15.9553596719182 0.0324079069618573 1.31033950208192
30.9000000000002 17.7611054494606 74.4364000479367 96.4102532686541 15.9570320255972 0.0315994369055233 1.35414217651708
31.0000000000002 17.83243990969 74.4868597155117 96.3598555357254 15.95861179776 0.031233363745404 1.35759231330443
31.1000000000002 17.9037677974887 74.537413411868 96.3095590368218 15.96011298415 0.0312957423304275 1.3203839610919
31.2000000000002 17.9750821859241 74.5880605105832 96.2593738706758 15.9615491208249 0.0317536218798213 1.24883258202078
31.3000000000002 18.0463764307818 74.6388006526219 96.2093099969515 15.9629332752377 0.0325609890302329 1.15299666911807
31.4000000000002 18.117644183023 74.6896337328979 96.1593772214874 15.9642780405 0.0336650002746186 1.04387786975499
31.5000000000002 18.1888794002042 74.7405598867425 96.1095851815263 15.9655955297667 0.0350114642195245 0.930980442363387
31.6000000000002 18.2600763569141 74.7915794763731 96.0599433309458 15.966897370622 0.03654891959828 0.821170792271187
31.7000000000002 18.3312296542235 74.8426930773614 96.010460925488 15.9681946994642 0.0382309948231523 0.71863883547952
31.8000000000002 18.4023342281459 74.8939014651023 95.96114700799 15.9694981558915 0.0400173251306219 0.625434281718101
31.9000000000002 18.4733853570992 74.9452056012818 95.9120103936135 15.9708178770869 0.0418735107601355 0.542139686593946
32.0000000000002 18.5443786683638 74.9966066203462 95.8630596550756 15.972163492204 0.0437705580264609 0.468451208443989
32.1000000000002 18.6153101434789 75.0481058159735 95.8143031079539 15.9735441168874 0.0456844880472394 0.404019215086759
32.2000000000002 18.6861761214033 75.0997046276344 95.7657487979631 15.9749683513124 0.047596789122408 0.348170971041667
32.3000000000002 18.7569732976185 75.1514046273789 95.717404493233 15.9764442871578 0.0494927235290575 0.299756765739818
32.4000000000002 18.8276987211396 75.2032075067124 95.669277678556 15.9779795180974 0.0513602650295631 0.257723675885101
32.5000000000002 18.8983497906502 75.2551150634744 95.6213755497111 15.9795811504273 0.0531895140379763 0.221143009895414
32.6000000000002 18.9689242498341 75.3071291887177 95.5737050077881 15.9812558136925 0.0549722342416222 0.189213662048308
32.7000000000002 19.0394201819294 75.3592518535878 95.5262726535111 15.9830096713142 0.0567014888495646 0.161253677727965
32.8000000000002 19.1098360035251 75.4114850962017 95.4790847815623 15.9848484312169 0.058371356456871 0.136686953107633
32.9000000000002 19.1801704576239 75.4638310085272 95.432147374906 15.986777356455 0.059976709612083 0.115028755402284
33.0000000000002 19.2504226059887 75.5162917232619 95.3854660991125 15.9888012758403 0.0615130423871203 0.0958718856349152
33.1000000000002 19.3205918208173 75.5688694007244 95.3390462966574 15.9909245945492 0.062976243356838 0.078834362165317
33.2000000000002 19.3906777763748 75.6215662160584 95.2928929805894 15.9931513042272 0.0643622072305109 0.0635934404870433
33.3000000000002 19.4606804415636 75.6743843472303 95.2470108265937 15.9954849918142 0.0656670241523788 0.049911954619112
33.4000000000002 19.5306000724483 75.7273259633404 95.2014041644236 15.9979288478669 0.0668870117362306 0.0375881562755959
33.5000000000002 19.6004372041332 75.7803932129452 95.1560769693077 16.0004856748613 0.0680186694280878 0.0264498529992742
33.6000000000002 19.6701926419843 75.8335882123804 95.1110328533571 16.0031578954956 0.0690586435211976 0.0163495201464128
33.7000000000002 19.7398674522132 75.8869130340838 95.0662750569731 16.0059475609929 0.0700037006500146 0.00716023301432792
33.8000000000002 19.8094629518425 75.9403696949177 95.0218064402537 16.0088563594039 0.0708507080460916 -0.00122771882673911
33.9000000000002 19.8789806980727 75.9939601444921 94.9776294744014 16.0118856239095 0.0715966191947303 -0.00890965450244056
34.0000000000002 19.948422477076 76.047686253487 94.9337462331305 16.0150363411239 0.0722384638039804 -0.0159688636013165
34.1000000000002 20.0177902922066 76.1015498019988 94.8901583841629 16.0183091594945 0.0727738358333007 -0.0223304655354438
34.2000000000002 20.0870863508405 76.1555524684874 94.8468671830402 16.0217044002325 0.0732023797580955 -0.0279094093418395
34.3000000000002 20.1563130486733 76.2096958202511 94.803873472812 16.025222074669 0.0735243117587173 -0.0327562548976339
34.4000000000002 20.2254729530047 76.2639813045023 94.7611776860392 16.028861904141 0.0737399180579666 -0.0369099503155849
34.5000000000002 20.2945687859159 76.3184102394676 94.7187798468879 16.0326233399752 0.0738495475111978 -0.0403991196670909
34.6000000000002 20.3636034074141 76.3729838054863 94.6766795732209 16.0365055834717 0.0738536054808061 -0.0432430127108205
34.7000000000002 20.4325797985806 76.4277030361102 94.6348760786916 16.0405076058877 0.0737525487131105 -0.045452160530971
34.8000000000002 20.5015010447614 76.4825688092029 94.5933681748363 16.0446281684213 0.0735468810209776 -0.0470287661354634
34.9000000000002 20.5703703188358 76.5375818380388 94.5521542731667 16.0488658421953 0.0732371496519115 -0.0479668460531078
35.0000000000002 20.6391908645989 76.5927426624028 94.5112323872635 16.0532190282405 0.0728239422839341 -0.0482521270021189
35.1000000000002 20.7079659803077 76.6480516397705 94.4706001349484 16.057685977434 0.0723082540711257 -0.0480704637361304
35.2000000000002 20.776699002813 76.7035089385976 94.4302547425379 16.0622648092453 0.0716926089503771 -0.0476071696409337
35.3000000000002 20.845393293015 76.7591145369623 94.390193054376 16.0669535274577 0.070979974584444 -0.0468375632445741
35.4000000000002 20.9140522221932 76.8148682233167 94.3504115444489 16.071750034698 0.0701733923648327 -0.0457323252645226
35.5000000000002 20.9826791588882 76.8707695973195 94.3109063280781 16.0766521469202 0.0692759727153359 -0.0442569172814161
35.6000000000002 21.0512774563405 76.9268180706681 94.2716731736149 16.0816576078898 0.0682908902725526 -0.0423708585432079
35.7000000000002 21.1198504405062 76.9830128679312 94.2327075141334 16.0867641036673 0.0672213791356664 -0.040026834659759
35.8000000000002 21.1884013986633 77.0393530273814 94.1940044591249 16.0919692770921 0.0660707284023314 -0.0371696043257486
35.9000000000002 21.2569335686205 77.0958374018277 94.1555588061918 16.0972707422667 0.0648422782413533 -0.033734660651349
36.0000000000002 21.3254501285383 77.1524646594478 94.1173650527408 16.1026660990403 0.0635394167925209 -0.0296465916737867
36.1000000000002 21.3939541873742 77.2092332846204 94.079417407657 16.1081529474631 0.0621654673443945 -0.0248888871537871
36.2000000000002 21.4624487761692 77.2661415787481 94.0417098024479 16.1137289014673 0.0607233571749104 -0.0194397583299448
36.3000000000002 21.5309368404913 77.3231876610582 94.0042359010449 16.1193916005848 0.0592159547812621 -0.0131941665376288
36.4000000000002 21.5994212336655 77.3803694693941 93.9669891090753 16.1251387208933 0.0576461843504618 -0.00602769945481753
36.5000000000002 21.6679047105649 77.4376847610065 93.9299625831142 16.1309679859306 0.0560170314641025 0.00220780547777712
36.6000000000003 21.7363899219551 77.4951311133445 93.8931492399365 16.1368771776105 0.0543315521797365 0.0116897955113078
36.7000000000003 21.8048794093863 77.5527059248467 93.8565417657687 16.1428641471378 0.0525928864725127 0.0226320445532315
36.8000000000003 21.8733756006286 77.6104064157327 93.8201326255407 16.1489268259239 0.0508042773238773 0.0352936684766146
36.9000000000003 21.9418808056436 77.668229628794 93.7839140721373 16.155063236502 0.0489690971755771 0.0499907362005705
37.0000000000003 22.0103972130836 77.7261724301853 93.7478781556509 16.1612715034423 0.0470908840517203 0.0671113092788472
37.1000000000003 22.0789268873174 77.7842315102764 93.712016732709 16.1675498642276 0.0451737291696954 0.0868443646030733
37.2000000000003 22.147471766179 77.8424033860905 93.6763214777938 16.1738966790953 0.0432233419410072 0.109412640607658
37.3000000000003 22.2160336598008 77.9006844077665 93.6407838996143 16.1803104382544 0.0412460778467317 0.135403609368937
37.4000000000003 22.2846142502561 77.9590707666076 93.605395359469 16.1867897680692 0.03924867688182 0.16553859188664
37.5000000000003 22.3532150917895 78.0175585031907 93.5701470896852 16.1933334372032 0.037238370512068 0.200706219414017
37.6000000000003 22.4218376115918 78.0761435154755 93.5350302120586 16.1999403627629 0.0352230243185334 0.242002866383802
37.7000000000003 22.4904831110778 78.1348215669146 93.5000357562926 16.2066096164416 0.0332113280045112 0.29077944494664
37.8000000000003 22.5591527676285 78.193588294562 93.4651546784374 16.2133404306629 0.0312130481040294 0.348691111631735
37.9000000000003 22.6278476367556 78.2524392171829 93.4303778793301 16.220132204725 0.0292393628903939 0.417740270813693
38.0000000000003 22.6965686546461 78.3113697433632 93.3956962230333 16.2269845109441 0.0273033027087114 0.500290733593715
38.1000000000003 22.7653166410591 78.370375179621 93.3611005552377 16.233897100737 0.0254200944820922 0.598722773137381
38.2000000000003 22.8340923028852 78.4294507385733 93.3265817207036 16.2408699091026 0.0236071621502527 0.71549916529614
38.3000000000003 22.9028962388753 78.4885915472449 93.2921305782608 16.2479030550409 0.0218855697700906 0.853006348557523
38.4000000000003 22.9717289449019 78.5477926554319 93.2577380148487 16.2549968403717 0.0202811177339788 1.01230722026892
38.5000000000003 23.0405908193598 78.607049044068 93.223394959518 16.2621517484914 0.0188250693049701 1.1914045588555
38.6000000000003 23.1094821686562 78.6663556335905 93.1890923974331 16.2693684431304 0.0175542635582674 1.38267687080033
38.7000000000003 23.178403212759 78.7257072923064 93.1548213838749 16.2766477671093 0.0165098272286238 1.57015989055064
38.8000000000003 23.2473540907683 78.7850988447583 93.1205730582426 16.2839907410967 0.0157335165157719 1.72881712709051
38.9000000000003 23.3163348664805 78.8445250800907 93.0863386580561 16.2913985623656 0.0152612130353602 1.82907236553124
39.0000000000003 23.3853455339134 78.903980760416 93.0521095329586 16.2988726035507 0.0151147548325898 1.84768800212098
39.1000000000003 23.4543860227525 78.9634606291706 93.0178771587166 16.3064144114141 0.0152954629314116 1.77952455232958
39.2000000000003 23.5234562035301 79.0229594192161 92.9836331511696 16.3140257058426 0.0157831046500005 1.64036070093663
39.3000000000003 23.5925558922444 79.0824718602922 92.9493692800503 16.3217083794333 0.0165408769208976 1.4583340151886
39.4000000000003 23.6616848546614 79.1419926862149 92.9150774827538 16.3294644973097 0.0175236556130768 1.26165430473242
39.5000000000003 23.7308428104322 79.2015166420639 92.8807498781051 16.3372962969475 0.018685632195434 1.07079993427943
39.6000000000003 23.8000294370133 79.261038491371 92.8463787801263 16.3452061879999 0.0199851756961669 0.897094356704415
39.7000000000003 23.8692443733661 79.3205530233083 92.811956711804 16.3531967521236 0.0213868887160897 0.74484110560858
39.8000000000003 23.9384872234152 79.3800550598759 92.7774764188568 16.3612707428037 0.0228618056573146 0.614130944213547
39.9000000000003 24.0077575592476 79.4395394630899 92.7429308835024 16.3694310851797 0.0243866884156971 0.503003891919594
40.0000000000003 24.0770549240355 79.4990011421704 92.7083133382251 16.3776808758711 0.0259430388805076 0.408767442635644
40.1000000000003 24.1463788346708 79.5584350607166 92.6736172795074 16.3860233827771 0.0275161711449445 0.32896526105297
40.2000000000003 24.2157287841857 79.6178362435317 92.6388364806253 16.3944620442234 0.0290945244916251 0.26131184557792
40.3000000000003 24.2851042440915 79.6771997825639 92.6039650020696 16.403000466446 0.0306689405480897 0.203577093004316
40.4000000000003 24.3545046664936 79.7365208424971 92.5689972010309 16.4116424204217 0.0322320959218437 0.153916536974765
40.5000000000003 24.4239294858945 79.7957946663291 92.5339277408491 16.420391838673 0.0337780927944559 0.110826485467325
40.6000000000003 24.4933781206786 79.8550165809494 92.4987516004627 16.4292528120726 0.0353021533252862 0.0730888765371935
40.7000000000003 24.5628499742807 79.9141820027174 92.4634640838578 16.4382295866489 0.0368003922452727 0.0397185110895364
40.8000000000003 24.6323444360378 79.9732864430396 92.4280608295181 16.4473265603906 0.0382696478399124 0.00991728984827051
40.9000000000003 24.7018608817288 80.0323255139484 92.3925378198732 16.4565482800516 0.0397073564814813 -0.0169636002459949
41.0000000000003 24.7713986738051 80.0912949336791 92.3568913907488 16.465899437956 0.0411114597581982 -0.0414541317378976
41.1000000000003 24.8409571613276 80.1501905322011 92.3211182407185 16.4753848687878 0.0424806220180795 -0.063639283833207
41.2000000000003 24.9105356798134 80.2090082555084 92.285215437925 16.4850095459873 0.0438150216209753 -0.0835765278142157
41.3000000000003 24.9801335513578 80.2677441667672 92.2491804204798 16.4947785771484 0.0451154151650492 -0.101620241441589
41.4000000000003 25.0497500847972 80.3263944462236 92.2130109943312 16.5046971990227 0.0463827962550277 -0.118058078348734
41.5000000000003 25.1193845757529 80.3849553910641 92.1767053310362 16.5147707725081 0.0476183543353232 -0.133124690657272
41.6000000000003 25.1890363065682 80.443423415276 92.1402619655314 16.5250047776377 0.0488234423277626 -0.147012339869767
41.7000000000003 25.2587045461554 80.5017950495078 92.1036797939045 16.5354048085689 0.0499995509087102 -0.159879150152754
41.8000000000003 25.328388549774 80.5600669409296 92.0669580711661 16.5459765685714 0.0511482878222329 -0.171855568123319
41.9000000000003 25.3980875587526 80.6182358530938 92.0300964090201 16.5567258650171 0.0522713610277954 -0.183049451818271
42.0000000000003 25.4678008001748 80.6762986657949 91.993094773636 16.5676586043679 0.0533705647797371 -0.193550106672143
42.1000000000003 25.5375274865362 80.7342523749202 91.9559534834144 16.5787807871682 0.0544478073830228 -0.203415472480407
42.2000000000003 25.6072668152557 80.7920940920239 91.918673206612 16.5900985031165 0.0555052188683106 -0.212689982115656
42.3000000000003 25.6770179678463 80.8498210432063 91.8812549586106 16.6016179263396 0.0565450222301837 -0.221422840153068
42.4000000000003 25.7467801089863 80.9074305677165 91.8437000990435 16.6133453107474 0.0575694848220005 -0.229654092490259
42.5000000000003 25.8165523856431 80.9649201165452 91.8060103289184 16.6252869853899 0.0585809100114508 -0.237416133567753
42.6000000000003 25.8863339262666 81.0222872510178 91.7681876877388 16.6374493498148 0.0595816293667024 -0.244734962303534
42.7000000000003 25.956123840065 81.0795296413869 91.7302345506268 16.6498388694249 0.0605739952232066 -0.251631239426391
42.8000000000003 26.0259212163747 81.1366450654255 91.6921536254443 16.6624620708354 0.0615603735176769 -0.258121186972523
42.9000000000003 26.095725124135 81.1936314070196 91.6539479499156 16.6753255372314 0.062543136808637 -0.264217361518542
43.0000000000003 26.165534611477 81.2504866547608 91.6156208887495 16.6884359037254 0.0635246574260618 -0.269929325451484
43.1000000000003 26.235348705445 81.3072089005125 91.5771761307005 16.7017998526934 0.0645073662264742 -0.275080958434308
43.2000000000003 26.3051664120372 81.3637963372681 91.5386176840606 16.7154241085609 0.0654938971113549 -0.279504891077114
43.3000000000003 26.3749867168766 81.4202472552165 91.4999498681646 16.7293154311933 0.0664868014767062 -0.283221110316192
43.4000000000003 26.4448085862477 81.4765600371001 91.4611773033255 16.7434806087354 0.0674884590852291 -0.286249126971053
43.5000000000003 26.5146309683231 81.5327331535459 91.422304900709 16.7579264504301 0.0685010669106018 -0.288608611257737
43.6000000000004 26.5844527945669 81.5887651583962 91.3833378522084 16.7726597794375 0.0695266295485134 -0.290319884175628
43.7000000000004 26.65427298131 81.6446546840403 91.3442816203198 16.7876874256528 0.0705669512369868 -0.291404277171906
43.8000000000004 26.7240904314865 81.7004004367449 91.3051419280163 16.8030162185258 0.0716236295133826 -0.291884371998038
43.9000000000004 26.793904036525 81.7560011919854 91.2659247486235 16.8186529798792 0.0726980505167732 -0.291784132579922
44.0000000000004 26.8637126783802 81.8114557897768 91.2266362956934 16.8346045167273 0.0737913859228595 -0.29112894117234
44.1000000000004 26.9335152317079 81.8667631299968 91.1872830128478 16.8508776141011 0.074904649099866 -0.289879567712232
44.2000000000004 27.0033105665038 81.9219221674937 91.1478715627707 16.8674790280319 0.0760388446622312 -0.287999800212596
44.3000000000004 27.0730975517381 81.9769319066501 91.1084088140494 16.884415478941 0.0771947558140961 -0.285521969096969
44.4000000000004 27.1428750594599 82.0317913957322 91.0689018271648 16.9016936451873 0.0783728833446826 -0.282480019106343
44.5000000000004 27.2126419690187 82.0864997212304 91.0293578404511 16.9193201566216 0.079573449971439 -0.278909180331722
44.6000000000004 27.2823971713685 82.1410560022006 90.9897842560538 16.9373015881416 0.0807964064523501 -0.274845595733717
44.7000000000004 27.3521395734302 82.1954593846044 90.9501886258891 16.9556444532455 0.0820414392742917 -0.270325923633464
44.8000000000004 27.4218681024879 82.2497090356507 90.9105786376021 16.9743551975869 0.083307979711253 -0.26538693208375
44.9000000000004 27.4915817105909 82.3038041381361 90.870962100526 16.9934401925289 0.084595214040093 -0.260065099935862
45.0000000000004 27.5612793789364 82.3577438847857 90.8313469316407 17.0129057286985 0.0859020947033895 -0.254396237159669
45.1000000000004 27.6309601222035 82.4115274726027 90.7917411415482 17.0327580095479 0.087227368550499 -0.248454635268738
45.2000000000004 27.7006229927837 82.465154097437 90.7521528208836 17.053003145095 0.0885696496954192 -0.242309464801109
45.3000000000004 27.7702670848456 82.5186229491098 90.7125901278302 17.0736471461189 0.0899274021909566 -0.235987038996557
45.4000000000004 27.8398915382526 82.5719332067588 90.673061276071 17.0946959185349 0.0912989372032173 -0.229512078747531
45.5000000000004 27.9094955423383 82.6250840341906 90.6335745227555 17.1161552577762 0.0926824235231968 -0.222907585911307
45.6000000000004 27.9790783395123 82.6780745752335 90.5941381564676 17.1380308431754 0.0940758979745714 -0.216194751727901
45.7000000000004 28.0486392286741 82.7309039490906 90.5547604851934 17.1603282323468 0.0954772756648584 -0.209392897649262
45.8000000000004 28.1181775684061 82.7835712456926 90.5154498242882 17.1830528555675 0.0968843600430621 -0.202519445311619
45.9000000000004 28.1876927799238 82.8360755210506 90.4762144844443 17.2062100101596 0.098294852741888 -0.195589912057693
46.0000000000004 28.2571843497543 82.8884157926091 90.4370627596585 17.2298048548718 0.0997063631965397 -0.188617928209306
46.1000000000004 28.326651832129 82.9405910346029 90.3980029151958 17.2538424042669 0.101116430128446 -0.181614672011923
46.2000000000004 28.3960948512539 82.9926001735319 90.3590431754507 17.2783275232586 0.102522564197946 -0.174589209145743
46.3000000000004 28.4655131037414 83.0444420839296 90.3201917115486 17.3032649220283 0.10392221574989 -0.16754938271488
46.4000000000004 28.5349063608855 83.0961155842502 90.2814566288455 17.3286591510906 0.105312770643942 -0.160501450917667
46.5000000000004 28.6042744705677 83.1476194327589 90.2428459544233 17.354514596365 0.106691558751813 -0.153450148024631
46.6000000000004 28.6736173587651 83.1989523234228 90.2043676245853 17.3808354742477 0.108055862386394 -0.146398748426147
46.7000000000004 28.7429350306382 83.2501128818014 90.1660294723516 17.407625826683 0.109402924700342 -0.139349131526164
46.8000000000004 28.8122275711799 83.3010996609374 90.1278392149543 17.434889516235 0.110729958092605 -0.132301845594405
46.9000000000004 28.8814951454038 83.3519111372473 90.0898044413336 17.4626302211593 0.112034152662657 -0.125256168953406
47.0000000000004 28.950737998057 83.4025457064121 90.0519325996324 17.4908514304745 0.113312684750889 -0.11821016713352
47.1000000000004 29.0199564528491 83.4530016792971 90.0142309847415 17.5195564390732 0.114562898009181 -0.111245563951262
47.2000000000004 29.0891509114605 83.5032772786207 89.9767067271176 17.5487483438577 0.115782839416412 -0.104436211310131
47.3000000000004 29.1583218528234 83.5533706375275 89.9393667848365 17.5784300424766 0.116970764732646 -0.097767815544186
47.4000000000004 29.2274698323335 83.6032797989102 89.9022179369199 17.6086042330851 0.118124969902882 -0.0912264968018571
47.5000000000004 29.2965954807455 83.6530027147608 89.8652667767116 17.6392734141461 0.119243792347378 -0.0847987592459529
47.6000000000004 29.3656995027414 83.7025372455222 89.8285197052533 17.6704398842301 0.120325612636354 -0.0784714584621395
47.7000000000004 29.4347826751737 83.7518811594387 89.7919829246605 17.7021057418156 0.121368856529517 -0.0722317666913083
47.8000000000004 29.5038458449865 83.8010321319077 89.7556624314988 17.7342728850899 0.122371997362186 -0.0660671363948188
47.9000000000004 29.5728899268163 83.8499877448306 89.7195640101597 17.7669430117487 0.1233335587587 -0.0599652625341401
48.0000000000004 29.6419159002793 83.8987454859639 89.6836932262366 17.8001176187973 0.124252117655204 -0.0539140438608472
48.1000000000004 29.7109248069452 83.9473027482861 89.6480554199326 17.8337980023586 0.125126368936869 -0.0479500697235055
48.2000000000004 29.7799177469759 83.9956568297674 89.6126557002964 17.8679852577012 0.125955317058281 -0.0421082341981893
48.3000000000004 29.8488958754062 84.0438049341642 89.5774989415603 17.9026802798212 0.126738101241584 -0.0363744977838648
48.4000000000004 29.917860398169 84.0917441722154 89.5425897803054 17.9378837642433 0.127473935502377 -0.0307354063708037
48.5000000000004 29.9868125679211 84.1394715628559 89.50793261266 17.9735962078305 0.128162109043537 -0.0251780324647549
48.6000000000004 30.0557536796806 84.186984034429 89.4735315914969 18.0098179095931 0.12880198687599 -0.0196899187300404
48.7000000000004 30.1246850662911 84.2342784258993 89.4393906236308 18.0465489714982 0.129393010635764 -0.0142590238652293
48.8000000000004 30.1936080937247 84.2813514880652 89.4055133670166 18.083789299279 0.129934699569287 -0.00887367078670123
48.9000000000004 30.2625241562369 84.3281998847719 89.3719032279464 18.1215386032446 0.130426651663046 -0.00352249705802757
49.0000000000004 30.3314346713884 84.3748201941238 89.3385633582477 18.1597963990886 0.130868544896509 0.00180559247823658
49.1000000000004 30.4003410749497 84.4212089097128 89.3054966524995 18.1985620087023 0.131260160381406 0.00708842655162565
49.2000000000004 30.4692448157699 84.4673624422343 89.2727057457439 18.2378345610635 0.131601447602886 0.0123040416230846
49.3000000000004 30.5381473507415 84.513277122092 89.2401930124519 18.2776129933222 0.131892456804163 0.0174633714327179
49.4000000000004 30.6070501397826 84.5589492023911 89.2079605659837 18.3178960519631 0.132133316132763 0.0225769884713409
49.5000000000004 30.6759546407902 84.6043748619468 89.1760102580679 18.3586822939709 0.132324230914753 0.0276551500003736
49.6000000000004 30.7448623045747 84.6495502082922 89.1443436782813 18.3999700879958 0.132465482997386 0.0327078414591043
49.7000000000004 30.8137745697924 84.6944712806871 89.1129621535283 18.4417576155189 0.132557430150146 0.0377448173863312
49.8000000000004 30.8826928578875 84.739134053126 89.0818667475196 18.4840428720178 0.132600505518284 0.0427756399372091
49.9000000000004 30.9516185680601 84.7835344373466 89.0510582602524 18.5268236681321 0.132595217125947 0.0478097151188617
50.0000000000004 31.0205530722726 84.827668285838 89.0205372274894 18.5700976308284 0.132542147428477 0.052856326773999
50.1000000000004 31.0894977103107 84.871531394867 88.9903039202952 18.613862204591 0.132442109796285 0.0578518549140493
50.2000000000004 31.1584537849728 84.9151195079674 88.9603583460526 18.6581146532512 0.132296610164932 0.0627311796405848
50.3000000000004 31.2274225575606 84.9584283206063 88.9307002532365 18.702852063442 0.132107358144878 0.0675006780195787
50.4000000000004 31.2964052436949 85.0014534853132 88.9013291376678 18.7480713486919 0.131876101804962 0.0721659867357097
50.5000000000004 31.3654030094336 85.0441906168276 88.8722442488244 18.7937692535434 0.131604621294549 0.0767320468680161
50.6000000000004 31.4344169676939 85.0866352972459 88.8434445961515 18.8399423576719 0.131294722576506 0.0812031442467617
50.7000000000005 31.503448174985 85.1287830811688 88.814928955373 18.8865870800041 0.130948231269397 0.0855829459687419
50.8000000000005 31.5724976284531 85.1706295008487 88.786695874802 18.933699682837 0.130566986599531 0.0898745335468835
50.9000000000005 31.6415662632389 85.2121700713364 88.7587436816516 18.9812762759559 0.130152835464483 0.0940804331702591
51.0000000000005 31.7106549501497 85.2534002956288 88.731070488346 19.0293128207539 0.129707626609762 0.0982026435071511
51.1000000000005 31.7797644936345 85.2943156698062 88.7036741988382 19.077805134349 0.12923323789859 0.10224326563933
51.2000000000005 31.8488956298296 85.334911687906 88.6765525151107 19.1267488936841 0.128731673385948 0.106203489863408
51.3000000000005 31.9180490243184 85.3751838461297 88.6497029441404 19.1761396395788 0.128204965295557 0.110083167496312
51.4000000000005 31.9872252699925 85.4151276467877 88.6231228050466 19.2259727807634 0.127655136281169 0.113881629693841
51.5000000000005 32.0564248852443 85.454738602232 88.5968092362458 19.2762435979116 0.127084193811437 0.117597705461836
51.6000000000005 32.1256483124956 85.4940122387912 88.5707592026066 19.326947247674 0.126494124655326 0.121229739482944
51.7000000000005 32.1948959170548 85.5329441007042 88.5449695026043 19.3780787667104 0.125886889472668 0.124775610163918
51.8000000000005 32.2641679862949 85.5715297540534 88.5194367754762 19.4296330757235 0.125264417513498 0.12823274824573
51.9000000000005 32.3334647291439 85.6097647906998 88.494157508376 19.4816049834911 0.124628601430305 0.131598156317355
52.0000000000005 32.4027862758781 85.6476448322159 88.4691280435293 19.5339891908999 0.123981292207169 0.134868429520446
52.1000000000005 32.4721326782049 85.6851655338134 88.444344585387 19.5867802949783 0.123324312268303 0.138046106028162
52.2000000000005 32.5415039095413 85.7223225880867 88.4198032077662 19.6399727929392 0.122659507558137 0.141133170120788
52.3000000000005 32.6108998653537 85.7591117282931 88.3954998609525 19.6935610862471 0.121988693439745 0.144124811993099
52.4000000000005 32.6803203636907 85.7955287314496 88.3714303787895 19.7475394846938 0.121313632720456 0.147015865431294
52.5000000000005 32.7497651459818 85.8315694214232 88.3475904857669 19.8019022104749 0.120636031160695 0.149800833965499
52.6000000000005 32.8192338780939 85.8672296720208 88.3239758041085 19.8566434022664 0.119957533096215 0.152473919787615
52.7000000000005 32.8887261516331 85.9025054100791 88.3005818608608 19.9117571193013 0.119279717181487 0.155029055492924
52.8000000000005 32.9582414854771 85.9373926185548 88.2774040949811 19.9672373454458 0.118604092261642 0.157459938675157
52.9000000000005 33.0277793275271 85.9718873396145 88.2544378644259 20.0230779932757 0.117932093383135 0.159760069311189
53.0000000000005 33.0973390566637 86.0059856777248 88.231678453239 20.0792729081533 0.117265077953403 0.16192278980723
53.1000000000005 33.1669199848926 86.0396838027179 88.2091210786474 20.1358158723194 0.116604444203255 0.163947446294718
53.2000000000005 33.2365213596393 86.0729779522256 88.1867608983518 20.1927006093965 0.115951995806567 0.165830667111334
53.3000000000005 33.3061423661816 86.1058644325098 88.1645930183124 20.2499207899366 0.115309574311508 0.167561439124688
53.4000000000005 33.3757821303252 86.1383396186606 88.1426125007289 20.3074700373792 0.114678932579166 0.169128553909051
53.5000000000005 33.4454397213528 86.170399954771 88.1208143720286 20.3653419340254 0.114061730008357 0.170520678448724
53.6000000000005 33.5151141552337 86.2020419541108 88.0991936308542 20.4235300270124 0.113459527945242 0.171726431262131
53.7000000000005 33.5848043980758 86.233262199301 88.0777452560519 20.4820278342875 0.112873785309799 0.172734463115137
53.8000000000005 33.6545093698067 86.2640573424879 88.0564642146587 20.5408288505824 0.112305854473801 0.173533541356965
53.9000000000005 33.7242279480644 86.2944241055177 88.0353454698908 20.5999265533873 0.111756977427457 0.174112636699556
54.0000000000005 33.7939589722851 86.32435928011 88.0143839891316 20.659314408925 0.111228282273534 0.174461011078964
54.1000000000005 33.8637012479628 86.3538597280221 87.9935747518914 20.718985878114 0.110720761152556 0.174617370875106
54.2000000000005 33.9334535509128 86.3829223809321 87.9729127570556 20.7789344222336 0.110235225819528 0.174622367561655
54.3000000000005 34.0032146312683 86.4115442396124 87.9523930283208 20.8391535078354 0.109772388690967 0.174468670166907
54.4000000000005 34.0729832174358 86.4397223728227 87.9320106189195 20.8996366113568 0.109332883742943 0.17414927922647
54.5000000000005 34.1427580201502 86.4674539161932 87.911760616316 20.9603772237235 0.108917264930579 0.173657575692228
54.6000000000005 34.2125377366295 86.4947360711068 87.8916381469029 21.0213688549521 0.108526004847903 0.172987367396117
54.7000000000005 34.282321054817 86.5215661035819 87.8716383806976 21.082605038752 0.108159493647895 0.172132932212283
54.8000000000005 34.3521066577051 86.5479413431549 87.8517565360389 21.1440793371285 0.107818038241054 0.17108905707729
54.9000000000005 34.4218932277303 86.5738591817631 87.831987884283 21.2057853449845 0.107501861789099 0.169851072142503
55.0000000000005 34.4916794512331 86.5993170726268 87.8123277545002 21.2677166947233 0.107211103509258 0.168414879347329
55.1000000000005 34.5614640229784 86.6243125291417 87.7927715381622 21.3298670608513 0.106945778202444 0.166786818483471
55.2000000000005 34.6312456508749 86.648843124008 87.773314693594 21.3922301645812 0.106705654595944 0.164974963507834
55.3000000000005 34.7010230611017 86.6729064889631 87.7539527498272 21.4547997784411 0.106490377605143 0.162978672842538
55.4000000000005 34.7707950033821 86.6965003147523 87.7346813102185 21.5175697308834 0.106299510440844 0.160797843377812
55.5000000000005 34.8405602562443 86.719622351108 87.7154960560583 21.5805339108947 0.106132536515015 0.15843289112809
55.6000000000005 34.9103176322602 86.7422704067297 87.6963927501798 21.6436862726059 0.105988861631125 0.155884725839608
55.7000000000005 34.9800659832528 86.7644423492634 87.6773672405683 21.7070208399012 0.10586781645215 0.153154720047868
55.8000000000005 35.049804205468 86.786136105281 87.6584154639695 21.7705317110285 0.105768659236367 0.150244673095578
55.9000000000005 35.1195312447052 86.8073496602601 87.6395334494995 21.8342130632086 0.105690578830345 0.147156770770283
56.0000000000005 35.1892461013996 86.8280810585636 87.6207173222527 21.8980591572452 0.105632697906155 0.143893541251665
56.1000000000005 35.258947835648 86.8483284034311 87.6019633068708 21.9620643421142 0.105593985368179 0.140527191118374
56.2000000000005 35.3286355720577 86.8680898572827 87.583267730053 22.0262230590202 0.105573001838022 0.137132326066474
56.3000000000005 35.3983085042004 86.8873636428144 87.5646270203817 22.0905298441022 0.105568202235571 0.133715088536776
56.4000000000005 35.467965898801 86.9061480444062 87.5460377070896 22.1549793306069 0.105578032998192 0.130281319941856
56.5000000000005 35.53760709976 86.9244414095415 87.5274964187867 22.2195662510405 0.105600934319845 0.126836543394461
56.6000000000005 35.6072315320161 86.9422421502271 87.5089998821875 22.2842854393224 0.105635342292277 0.123385950535662
56.7000000000005 35.6768387052494 86.9595487444125 87.4905449208374 22.3491318329368 0.105679690953545 0.119934392232316
56.8000000000005 35.7464282174257 86.97635973741 87.4721284538396 22.4141004750859 0.105732414252173 0.116486372860066
56.9000000000005 35.8159997581831 86.9926737433142 87.4537474945825 22.4791865168422 0.105791947933367 0.113046047888766
57.0000000000005 35.8855531120608 87.0084894464218 87.4353991494659 22.5443852193012 0.105856731357776 0.109617224417827
57.1000000000005 35.9550881615544 87.0238056026645 87.4170806165967 22.6096919557037 0.105925124409814 0.106264836551997
57.2000000000005 36.0246048895565 87.0386210413806 87.3987891836667 22.6751022127674 0.105995169618631 0.103054851163474
57.3000000000005 36.0941033804544 87.0529346679492 87.3805222237547 22.740611590013 0.106064873641435 0.0999919396460215
57.4000000000005 36.1635838205377 87.0667454667628 87.3622771903111 22.8062157982998 0.106132295533289 0.0970802556799922
57.5000000000005 36.2330464981488 87.0800525042127 87.3440516121106 22.8719106583306 0.106195546303137 0.0943234961901397
57.6000000000005 36.3024918035978 87.092854931676 87.3258430882057 22.9376920991568 0.106252788477876 0.0917249611009942
57.7000000000006 36.3719202288479 87.1051519885004 87.3076492828797 23.0035561566838 0.106302235695519 0.0892876115326195
57.8000000000006 36.4413323669744 87.116943004991 87.2894679205992 23.0694989721759 0.106342152348863 0.0870141261552802
57.9000000000006 36.5107289114045 87.1282274053956 87.2712967809679 23.1355167907619 0.106370853294952 0.08490695558603
58.0000000000006 36.580110654941 87.1390047108911 87.2531336936794 23.2016059599394 0.106386703645872 0.0829683747398325
58.1000000000006 36.6494784885826 87.1492745426031 87.2349765334576 23.267762928079 0.106387976289465 0.0812189725157398
58.2000000000006 36.7188334003025 87.1590366255153 87.2168232146812 23.3339842428823 0.106372424705596 0.0796810387569412
58.3000000000006 36.7881764739947 87.1682907946343 87.1986716852022 23.4002665497264 0.106337710561578 0.0783592385066238
58.4000000000006 36.8575088882615 87.1770370020437 87.1805199198481 23.4666065899626 0.106281547440039 0.0772582303278463
58.5000000000006 36.9268319148672 87.1852753239921 87.1623659139112 23.5330011992144 0.106201702457355 0.0763827582499032
58.6000000000006 36.9961469168584 87.1930059679813 87.1442076766386 23.5994473056745 0.106095998075729 0.0757377443415755
58.7000000000006 37.0654553463574 87.2002292798542 87.1260432247219 23.6659419284027 0.105962314118266 0.0753283824637922
58.8000000000006 37.1347587420356 87.2069457508832 87.1078705757869 23.7324821756229 0.105798590000437 0.0751602338599336
58.9000000000006 37.2040587262763 87.2131560248581 87.0896877418831 23.7990652430211 0.105602827186458 0.0752393254198076
59.0000000000006 37.2733570020338 87.2188609051743 87.0714927229734 23.8656884120423 0.10537309188069 0.0755722515019024
59.1000000000006 37.3426553493725 87.2240613619438 87.0532835004046 23.9323490481531 0.105107415555335 0.0762156626255548
59.2000000000006 37.4119556210183 87.2287585397032 87.0350580298605 23.9990445981899 0.10480350246387 0.077228954221925
59.3000000000006 37.4812597358158 87.2329537666378 87.0168142330073 24.0657725853858 0.104459060595229 0.078624306412755
59.4000000000006 37.5505696711343 87.2366485644016 86.9985499886227 24.132530603484 0.104071910983108 0.0804153827286781
59.5000000000006 37.6198874549011 87.239844657961 86.9802631237049 24.1993163108156 0.103639992328484 0.0826175654500625
59.6000000000006 37.6892151573111 87.2425439854387 86.9619514045818 24.2661274243774 0.103161366283547 0.0852482100567928
59.7000000000006 37.758554882233 87.244748707957 86.94361252802 24.33296171391 0.102634223457487 0.0883269224140929
59.8000000000006 37.8279087583364 87.2464612194816 86.9252441123346 24.3998169959754 0.102056890220672 0.0918758626722358
59.9000000000006 37.8972789299629 87.2476841566648 86.9068436884977 24.4666911280352 0.101427836401864 0.0959200802384454
60.0000000000006 37.9666675477694 87.2484204086895 86.8884086912483 24.5335820025285 0.10074568399808 0.100487884463376
60.1000000000006 38.0360767591597 87.2486731270634 86.8699364502473 24.6004875409513 0.100009404901428 0.105523374307396
60.2000000000006 38.1055086982769 87.2484457341333 86.8514241824433 24.6674056879877 0.0992188844275394 0.110968134368796
60.3000000000006 38.1749654752349 87.2477419283505 86.8328689875082 24.7343344057682 0.0983743475611483 0.116851575161594
60.4000000000006 38.2444491651323 87.2465656882565 86.8142678444826 24.8012716681795 0.0974761754669434 0.123206256324534
60.5000000000006 38.3139617971583 87.2449212764188 86.7956176084678 24.8682154551764 0.0965249133981972 0.130068203325974
60.6000000000006 38.3835053438297 87.2428132433673 86.7769150073173 24.9351637470927 0.0955212798661287 0.137477251291313
60.7000000000006 38.4530817103835 87.2402464315309 86.7581566383295 25.0021145189533 0.094466177305028 0.145477414949676
60.8000000000006 38.5226927243518 87.2372259791728 86.7393389649384 25.0690657347855 0.0933607045093447 0.154117281974964
60.9000000000006 38.5923401253482 87.2337573243275 86.7204583134069 25.1360153419304 0.0922061711599365 0.163450424497138
61.0000000000006 38.6620255550896 87.2298462087367 86.7015108695175 25.2029612653547 0.0910041148061383 0.173535819951922
61.1000000000006 38.7317505476751 87.2254986818214 86.6824926752629 25.269901401955 0.0897561775730284 0.184457637811419
61.2000000000006 38.8015165199228 87.220721105585 86.6633996254896 25.3368336146729 0.0884637069082405 0.196312601348322
61.3000000000006 38.8713247613956 87.2155201618811 86.6442274644232 25.4037557261322 0.0871282262462762 0.209189288020234
61.4000000000006 38.9411764244383 87.2099028606121 86.6249717821467 25.4706655120857 0.0857516159701188 0.223185386844249
61.5000000000006 39.0110725144667 87.2038765479636 86.605628011078 25.5375606948567 0.0843361558826914 0.238408226086101
61.6000000000006 39.0810138805552 87.197448914639 86.5861914224465 25.6044389367784 0.0828845749252324 0.254975120468426
61.7000000000006 39.1510012063609 87.1906280040945 86.5666571227699 25.6712978336353 0.0814001092811344 0.273013419225768
61.8000000000006 39.2210350014218 87.1834222207729 86.5470200503316 25.7381349081031 0.0798865701067554 0.292660087399678
61.9000000000006 39.2911155928704 87.1758403383387 86.527274971657 25.8049476031892 0.0783484221880793 0.314060587869952
62.0000000000006 39.3612431176021 87.1678915079126 86.5074164779911 25.8717332756735 0.0767908748253809 0.337366747576703
62.1000000000006 39.4314175149379 87.1595852662035 86.4874389818412 25.9384891895515 0.0752202841651285 0.362509145512682
62.2000000000006 39.5016385197379 87.1509315409772 86.4673367152471 26.0052125095574 0.0736450802913173 0.389367634710276
62.3000000000006 39.5719056559447 87.1419406497639 86.4471037324333 26.0719002948884 0.0720748295283423 0.418003244191244
62.4000000000006 39.6422182308395 87.1326232959028 86.4267339141876 26.1385494930081 0.0705199990530351 0.448444646654497
62.5000000000006 39.7125753301391 87.1229905644834 86.4062209723066 26.2051569334532 0.068992037571384 0.480674481228986
62.6000000000006 39.7829758139434 87.1130539182876 86.3855584540404 26.2717193216402 0.0675034497945601 0.514612625433083
62.7000000000006 39.8534183135361 87.1028251937314 86.3647397465385 26.3382332326721 0.066067857028611 0.550096579247146
62.8000000000006 39.923901229043 87.0923165968064 86.343758081294 26.404695105145 0.0647000335932144 0.586859706387019
62.9000000000006 39.9944227279501 87.0815406990217 86.3226065385896 26.4711012349543 0.0634159060434302 0.624508951091553
63.0000000000006 40.0649807444826 87.0705104333458 86.3012780519423 26.5374477691023 0.0622324997006846 0.662504814815936
63.1000000000006 40.1355729798908 87.0592390900522 86.2797654125884 26.6037306995469 0.061167965149963 0.699872199015492
63.2000000000006 40.2061969047379 87.047740310064 86.2580612749957 26.6699458581659 0.0602416364435984 0.735430035859493
63.3000000000006 40.2768497649612 87.036028071951 86.2361581649853 26.7360889145513 0.059472917187324 0.768123223370373
63.4000000000006 40.34752858998 87.0241166764264 86.2140484888808 26.8021553749169 0.0588805974815282 0.79682539448137
63.5000000000006 40.4182302017266 87.0120207307465 86.1917245426972 26.8681405810504 0.0584822856825465 0.820416177836497
63.6000000000006 40.4889512245147 86.9997551331111 86.1691785213299 26.9340397092642 0.0582938012914895 0.837877261971615
63.7000000000006 40.5596880956975 86.9873350570634 86.1464025277434 26.9998477693469 0.0583285814259739 0.848395115745666
63.8000000000006 40.6304370770726 86.9747759358907 86.1233885821605 27.0655596035146 0.0585971628680591 0.85145326543252
63.9000000000006 40.701194266985 86.962093447024 86.1001286312506 27.1311698853622 0.0591068007158898 0.846895997600287
64.0000000000006 40.7719556130825 86.9493034964382 86.0766145573193 27.1966731188145 0.0598612712061309 0.834949637633239
64.1000000000006 40.8427169256698 86.9364222030292 86.0528381875073 27.2620636370701 0.0608608802819257 0.816123829703271
64.2000000000006 40.9134738914504 86.9234658823745 86.0287913032636 27.3273356013407 0.0621026265625282 0.791225857439296
64.3000000000006 40.984222087351 86.9104510289335 86.0044656505131 27.3924829990736 0.063580516560892 0.761338610989968
64.4000000000006 41.0549569946281 86.8973942976323 85.9798529500976 27.4574996419697 0.0652860664132986 0.72763830331283
64.5000000000006 41.1256740133621 86.8843124854249 85.9549449082278 27.5223791639949 0.0672088725507814 0.691295388614815
64.6000000000006 41.1963684772843 86.8712225128541 85.9297332269349 27.5871150193899 0.0693371836626418 0.653396059006864
64.7000000000006 41.2670356688762 86.8581414056128 85.9042096145222 27.6517004806813 0.0716584281987494 0.614889879003036
64.8000000000006 41.3376708346817 86.845086276105 85.8783657960169 27.7161286366923 0.0741596677525804 0.576563073718021
64.9000000000006 41.4082692007706 86.8320743050073 85.852193523622 27.7803923905529 0.0768279623287282 0.539033042848102
65.0000000000006 41.4788259882925 86.8191227228296 85.8256845871675 27.8444844577108 0.079650646131301 0.50275799760259
65.1000000000006 41.5493364291133 86.8062487913722 85.7988308245875 27.9083973639886 0.0826152521381135 0.467883217098335
65.2000000000006 41.6197957827597 86.7934697824681 85.7716241330391 27.9721234448556 0.0857087149213683 0.434489527978002
65.3000000000006 41.6901993566014 86.780802949837 85.7440564816538 28.0356548477827 0.0889180739414724 0.402752789816629
65.4000000000006 41.7605425270004 86.7682654982243 85.7161199249319 28.0989835358108 0.0922307914611736 0.372763277898773
65.5000000000006 41.8308207599907 86.7558745524363 85.6878066161616 28.162101291167 0.0956347909254505 0.344545413638611
65.6000000000005 41.9010296313198 86.7436471263752 85.6591088208377 28.22499971888 0.0991184638619819 0.31807485714679
65.7000000000005 41.9711648457291 86.731600092074 85.6300189300808 28.2876702503964 0.102670654657494 0.293292655698197
65.8000000000005 42.0412222553542 86.719750148732 85.6005294740562 28.3501041471956 0.106280630783625 0.270116535884918
65.9000000000005 42.1111978771225 86.708113791749 85.5706331353929 28.4122925044062 0.109938044383358 0.248449638965488
66.0000000000005 42.181087909028 86.6967072817612 85.5403227626027 28.4742262544216 0.113632889699306 0.228187086670971
66.1000000000005 42.250888745206 86.6855466137551 85.5095913834363 28.5358961705504 0.117355732820193 0.209310064628039
66.2000000000005 42.3205969908589 86.6746474882497 85.4784322166062 28.597292871583 0.121098499249115 0.191779715436007
66.3000000000005 42.390209478901 86.6640252877254 85.4468386793633 28.6584068286789 0.12485362268187 0.175465243545253
66.4000000000005 42.4597232865547 86.6536950551202 85.4148043934406 28.7192283731697 0.128613719342774 0.160245553422656
66.5000000000005 42.5291357507018 86.6436714724062 85.3823231909335 28.7797477043974 0.132371539040115 0.146009145942979
66.6000000000005 42.5984444818669 86.6339688391647 85.3493891201809 28.839954897552 0.136119923320784 0.132653736611055
66.7000000000005 42.6676473767536 86.6246010511627 85.3159964516451 28.8998399115097 0.139851770464947 0.120085705294257
66.8000000000005 42.7367426292581 86.6155815789285 85.2821396837934 28.9593925966709 0.143560007047867 0.108219453985608
66.9000000000005 42.8057287398829 86.6069234463274 85.2478135489775 29.0186027027982 0.147237565806461 0.0969767248290588
67.0000000000005 42.8746045234762 86.5986392091379 85.2130130193153 29.0774598868542 0.150877369566858 0.0862859131472233
67.1000000000005 42.943369115235 86.5907409336184 85.177733312564 29.1359537208464 0.154472304748821 0.0760718621064134
67.2000000000005 43.0120219751484 86.5832401748361 85.1419698978196 29.1940736998364 0.158015161810919 0.0662657148559398
67.3000000000005 43.080562891207 86.5761479543931 85.1057185007725 29.2518092503705 0.16149867447382 0.0568131654431454
67.4000000000004 43.1489919809095 86.5694747379152 85.0689751087879 29.3091497390745 0.164915541333046 0.0476638376592604
67.5000000000004 43.2173096907588 86.5632304125306 85.0317359759804 29.3660844812562 0.168258437879671 0.0387707890745104
67.6000000000004 43.285516793683 86.5574242643495 84.9939976282876 29.4226027495066 0.17152003348207 0.0300900510831818
67.7000000000004 43.3536143843334 86.5520649559433 84.9557568685446 29.4786937823023 0.1746930131908 0.0215802024877318
67.8000000000004 43.4216038722219 86.5471605038242 84.9170107815577 29.5343467926068 0.177770104212077 0.0132019736094939
67.9000000000004 43.4894869726653 86.542718255924 84.8777567391787 29.5895509764728 0.180744106873067 0.00491787755748024
68.0000000000004 43.5572656955181 86.5387448690735 84.837992405379 29.6442955216435 0.183607929875905 -0.00330813473040134
68.1000000000004 43.624942331744 86.5352462865737 84.7977157412638 29.6985696161924 0.186354919029304 -0.0114449943146017
68.2000000000004 43.6925194393734 86.5322277181491 84.7569250085357 29.75236245813 0.188979739113678 -0.0194635298757056
68.3000000000004 43.7599998315073 86.5296936259489 84.7156187690208 29.805663267471 0.191477491639597 -0.0274000842084795
68.4000000000004 43.8273865642271 86.5276477129307 84.6737958826437 29.8584612992682 0.193843448668182 -0.0352891061609229
68.5000000000004 43.8946829229863 86.5260929113364 84.6314555053429 29.9107458566851 0.196073084858514 -0.0431635328426958
68.6000000000004 43.9618924074717 86.5250313711672 84.5885970869865 29.9625063040676 0.198162111591223 -0.0510551355353691
68.7000000000004 44.02901871499 86.5244644486594 84.5452203692873 30.0137320800165 0.200106512833421 -0.0589948352313582
68.8000000000004 44.0960657224455 86.5243926947592 84.5013253837185 30.0644127104588 0.20190258242373 -0.06701299276774
68.9000000000004 44.1630374669808 86.5248158435993 84.456912449429 30.1145378217201 0.203546962471795 -0.0751396775495074
69.0000000000004 44.2299381253657 86.525732800973 84.411982171159 30.164097153597 0.205036682588555 -0.0834049181305436
69.1000000000004 44.2967719922543 86.5271416330221 84.3665354370931 30.2130805724067 0.206369918986817 -0.0916967785140688
69.2000000000003 44.3635434582504 86.5290395604169 84.3205734151033 30.2614780834737 0.207548146493455 -0.099900155471399
69.3000000000003 44.4302569896463 86.5314229664841 84.2740975449011 30.3092798421838 0.208573920561418 -0.108038586141653
69.4000000000003 44.4969171093354 86.5342874108275 84.2271095285798 30.3564761644745 0.209450144053568 -0.116133377068515
69.5000000000003 44.5635283783595 86.5376276431613 84.1796113210939 30.4030575373029 0.210180061078639 -0.124203862330442
69.6000000000003 44.6300953781571 86.5414376171421 84.131605120739 30.4490146291148 0.210767249214757 -0.132267618542077
69.7000000000003 44.696622693603 86.545710504202 84.0830933596313 30.4943383003126 0.211215610148218 -0.140340642323205
69.8000000000003 44.7631148969202 86.5504387073811 84.0340786941881 30.5390196137239 0.211529358797273 -0.148437494769821
69.9000000000003 44.8295765325424 86.55561387516 83.9845639956062 30.5830498450699 0.211713011020873 -0.156571416595283
70.0000000000003 44.8960121029937 86.5612269152927 83.9345523403432 30.6264204934339 0.21177137003999 -0.164754416939069
70.1000000000003 44.9624260558535 86.5672680086589 83.8840470006082 30.6691232917456 0.211709470893376 -0.172971382676392
70.2000000000003 45.028822771926 86.5737266236399 83.8330514351717 30.7111502176808 0.211532429166536 -0.181206411684474
70.3000000000003 45.0952065547479 86.5805915318201 83.7815692809803 30.7524935056152 0.211245522832784 -0.189468639089554
70.4000000000003 45.1615816213213 86.587850824212 83.729604345088 30.7931456589936 0.210854210237905 -0.197766162235018
70.5000000000003 45.2279520940227 86.5954919275003 83.6771605966014 30.8330994627151 0.210364110131756 -0.206106077648508
70.6000000000003 45.2943219937047 86.6035016202869 83.6242421586228 30.8723479955179 0.209780981602096 -0.214494504200661
70.7000000000003 45.3606952340032 86.6118660493356 83.5708533001951 30.9108846423647 0.209110704071022 -0.222936593694131
70.8000000000003 45.4270756168572 86.6205707458165 83.5169984282456 30.9487031068275 0.208359257502693 -0.231436529986435
70.9000000000002 45.4934668292436 86.6296006415511 83.4626820795304 30.9857974234731 0.207532702959611 -0.23999751766531
71.0000000000002 45.5598724411211 86.6389400852562 83.4079089125781 31.0221619702479 0.206637163627728 -0.248621761264916
71.1000000000002 45.6262959046076 86.6485728589414 83.3526836996279 31.0577914808712 0.205678999888064 -0.257167964600306
71.2000000000002 45.6927405551989 86.658482198258 83.2970113183875 31.0926810574456 0.204665261073014 -0.26548698360211
71.3000000000002 45.7592096164277 86.6686508228813 83.2408967433404 31.1268261836158 0.203602881290396 -0.273567690143296
71.4000000000002 45.8257062067621 86.6790609708462 83.1843450368725 31.1602227379445 0.202498416252551 -0.281398127536442
71.5000000000002 45.8922333478698 86.6896944330342 83.1273613403941 31.1928670072964 0.201358002573216 -0.288965812029296
71.6000000000002 45.9587939741018 86.7005325876605 83.06995086546 31.2247557002225 0.200187320063446 -0.296258050257919
71.7000000000002 46.0253909430768 86.7115564347612 83.0121188848911 31.2558859603441 0.198991557305994 -0.303262270820757
71.8000000000002 46.0920270472427 86.7227466306809 82.9538707238948 31.2862553797364 0.197775380787989 -0.309966367062186
71.9000000000002 46.1587050262856 86.7340835225589 82.895211751186 31.3158620123134 0.196542907871313 -0.31635904714596
72.0000000000002 46.225427580256 86.7455471828175 82.8361473701086 31.3447043872111 0.195297683874111 -0.322430186574373
72.1000000000002 46.2921973832179 86.7571174436922 82.7766830097959 31.3727815220984 0.194042895926547 -0.328118768650888
72.2000000000002 46.3590170958195 86.7687739329029 82.7168241173841 31.4000929345604 0.192782047513461 -0.33335796038168
72.3000000000002 46.4258893744328 86.7804961122178 82.6565761528919 31.4266386485948 0.191518227848922 -0.338131489359504
72.4000000000002 46.4928168792953 86.7922633171573 82.5959445851531 31.4524191991816 0.190253854211707 -0.34242542971951
72.5000000000002 46.5598022830293 86.8040547967417 82.5349348877883 31.477435636779 0.188990653390801 -0.34622862573498
72.6000000000002 46.6268482794457 86.8158497532391 82.4735525351772 31.5016895318194 0.187729648992072 -0.349533075975542
72.7000000000001 46.6939575924778 86.8276273819125 82.4118029984308 31.5251829792052 0.186471154863282 -0.352334268069843
72.8000000000001 46.7611329850905 86.8393669107681 82.3496917413635 31.5479186028045 0.185214774822899 -0.354631455332753
72.9000000000001 46.828377268017 86.8510476403029 82.2872242164653 31.5698995599473 0.183959408790253 -0.356427868514588
73.0000000000001 46.8956933081699 86.8626489832521 82.224405860874 31.5911295459215 0.182703265329372 -0.357730858154675
73.1000000000001 46.9630840365422 86.8741505043022 82.1612420923868 31.6116127984603 0.181443863376487 -0.358581847119181
73.2000000000001 47.0305524543214 86.8855319589036 82.0977383064977 31.6313541020275 0.180178051995934 -0.359027152979899
73.3000000000001 47.0981016352798 86.8967733297959 82.0338998760386 31.6503587915842 0.17890217135432 -0.359087289744433
73.4000000000001 47.1657347261382 86.9078548626329 81.9697321518469 31.6686327561536 0.177612112628591 -0.358786256800786
73.5000000000001 47.2334549459398 86.9187571015728 81.9052404634711 31.6861824423763 0.176303352849478 -0.358151399087243
73.6000000000001 47.3012655843954 86.9294609248685 81.8404301198782 31.703014858067 0.174970993106431 -0.357213243563104
73.7000000000001 47.3691699991199 86.9399475804578 81.7753064101597 31.7191375757704 0.173609799623561 -0.356005323083823
73.8000000000001 47.4371716116927 86.9501987215532 81.7098746042383 31.734558736317 0.172214247190144 -0.354563999857023
73.9000000000001 47.5052739024822 86.9601964422329 81.6441399535742 31.74928705238 0.170778564411864 -0.352928301291699
74.0000000000001 47.5734804041862 86.9699233130306 81.5781076918718 31.7633318120304 0.169296780246717 -0.351139781668931
74.1000000000001 47.6417946939979 86.9793624165311 81.5117830358321 31.7767028822493 0.167762852332949 -0.349213188351918
74.2000000000001 47.7102203830667 86.9884973831152 81.445171187101 31.7894107112804 0.166170954434413 -0.347161798577789
74.3000000000001 47.778761101206 86.9973124270796 81.3782773372533 31.8014663280419 0.164515270797239 -0.345028521029138
74.4 47.8474204790293 87.0057923829063 81.3111066739723 31.8128813403786 0.162789952128649 -0.342858609702567
74.5 47.9162021288539 87.0139227415367 81.2436643872753 31.8236679332712 0.160989152132371 -0.34069978083356
74.6 47.98510962444 87.0216896866464 81.1759556757398 31.8338388670438 0.159107062863209 -0.338602424288947
74.7 48.0541464795964 87.0290801309195 81.1079857527285 31.8434074755726 0.157137948568317 -0.336619929103154
74.8 48.1233161256962 87.0360817523235 81.0397598526156 31.8523876644938 0.155076177760422 -0.334809146357305
74.9 48.1926218881562 87.0426830303835 80.9712832370122 31.8607939094126 0.152916253352246 -0.33323101763484
75 48.2620669619507 87.048873282457 80.9025612009918 31.8686412541106 0.150652840788846 -0.331951404130701
75.1 48.3316543861775 87.0546426997995 80.8335990793471 31.8759453086221 0.148281669430501 -0.331132354067223
75.2 48.4013870163065 87.059982378202 80.7644022536389 31.882722243857 0.145802233123174 -0.330914618953992
75.3 48.471267492301 87.06488433485 80.6949761612613 31.8889887774611 0.143215253144289 -0.331341620687915
75.4 48.5412982058147 87.0693415197531 80.6253263052985 31.8947621562242 0.140521790987863 -0.332464727729396
75.5 48.6114812682246 87.0733478269674 80.5554582644138 31.9000601383555 0.137723223946282 -0.334344732401291
75.6 48.6818184796531 87.0768981058166 80.4853777027375 31.9049009757587 0.134821224371032 -0.337053636551799
75.7 48.7523112990635 87.0799881721135 80.4150903797551 31.9093033963073 0.131817743572863 -0.340676825424586
75.8 48.822960815506 87.0826148193818 80.3446021601961 31.91328658612 0.128715001542876 -0.345315730636302
75.9 48.8937677205889 87.0847758300779 80.2739190239216 31.916870171836 0.125515483960166 -0.351091110396691
76 48.9647322822429 87.0864699868119 80.2030470758129 31.92007420289 0.12222194833173 -0.35814711003504
76.1 49.0358543198377 87.0876970834634 80.1319925556626 31.9229191337605 0.118837823898724 -0.366710909201965
76.1999999999999 49.1071331805939 87.0884579335336 80.0607618481367 31.925425805503 0.115368414855199 -0.377030103852511
76.2999999999999 49.1785677173157 87.0887543714844 79.9893614929163 31.9276154254713 0.111819840644689 -0.389329263368762
76.3999999999999 49.2501562679349 87.0885892513137 79.9177981949118 31.9295095463241 0.108198721673174 -0.403878413126203
76.4999999999999 49.3218966370767 87.0879664450253 79.8460788344785 31.9311300450045 0.10451227036245 -0.421002326873664
76.5999999999999 49.393786079666 87.0868908410982 79.7742104776328 31.9324991017191 0.100768419490629 -0.441091684712612
76.6999999999999 49.4658212865787 87.0853683429563 79.7022003862682 31.9336391789177 0.0969759976009556 -0.464616266597794
76.7999999999999 49.5379983723387 87.0834058674379 79.6300560283716 31.9345730002723 0.0931449642077585 -0.492140155065328
76.8999999999999 49.6103128648558 87.0810113432651 79.557785088239 31.9353235296567 0.0892867212912958 -0.524338487812537
76.9999999999999 49.6827596971963 87.0781937095135 79.4853954766923 31.9359139501256 0.0854145222310772 -0.562014431715051
77.0999999999999 49.7553332013677 87.0749629139837 79.412895341307 31.9363676428297 0.0815444053427815 -0.606045441607777
77.1999999999999 49.8280271039143 87.0713299090259 79.3402930769649 31.9367081642498 0.0776970317695726 -0.65738348112318
77.2999999999999 49.9008345231169 87.0673066409003 79.2675973372275 31.9369592191669 0.0738972344627272 -0.717113411468761
77.3999999999999 49.9737479682588 87.0629060365898 79.1948170460337 31.9371446319513 0.0701746122099245 -0.786346539365158
77.4999999999999 50.0467593411305 87.0581419905156 79.121961409409 31.937288317788 0.0665647355934185 -0.866082095883262
77.5999999999999 50.1198599397003 87.0530293512521 79.0490399271755 31.9374142539012 0.0631105202495136 -0.956953820827037
77.6999999999999 50.1930404638703 87.0475839082421 78.976062404662 31.9375464507791 0.059863648942541 -1.05880970952017
77.7999999999999 50.2662910232398 87.0418223785126 78.9030389644133 31.9377089233992 0.0568857736562668 -1.17008611772958
77.8999999999998 50.3396011468003 87.0357623933891 78.8299800578998 31.9379256624529 0.054248999147099 -1.28700705379142
77.9999999999998 50.4129597944907 87.0294224852114 78.7568964772279 31.9382206055707 0.0520348730769273 -1.40281024292464
78.0999999999998 50.4863553706438 87.022822073816 78.6837993667727 31.9386176085293 0.0503316670510619 -1.50708873001359
78.1999999999998 50.5597757417122 87.0159814469607 78.6107002328218 31.9391404160121 0.0492293794708445 -1.58672337498106
78.2999999999998 50.6332082622558 87.0089217253746 78.5376109481679 31.9398126312318 0.0488065681807655 -1.62922991489221
78.3999999999998 50.7066398053805 87.0016648217508 78.4645437547127 31.9406576851061 0.0491182605511797 -1.62656108686696
78.4999999999998 50.7800567950808 86.9942333995054 78.3915112659932 31.9416988054156 0.050187610772113 -1.57826433320505
78.5999999999998 50.8534452402254 86.9866508315378 78.3185264697083 31.9429589859615 0.0520038715117662 -1.4917300967033
78.6999999999998 50.9267907700219 86.9789411589896 78.245602730246 31.9444609557245 0.0545274263356026 -1.37933234153234
78.7999999999998 51.0000786708016 86.9711290500049 78.17275379121 31.9462271480221 0.0576994732882519 -1.25435337813801
78.8999999999998 51.0732939239657 86.9632397584891 78.0999937779462 31.948279669667 0.0614525906067992 -1.12786420289962
78.9999999999998 51.1464212449376 86.9552990828693 78.0273372000697 31.9506402701251 0.0657192949072175 -1.00743735000622
79.0999999999998 51.2194451230413 86.9473333248436 77.9547989539246 31.9533303107514 0.0704376812099587 -0.897309742397442
79.1999999999998 51.2923498639275 86.9393692478857 77.8823943232997 31.9563707360438 0.0755545399714908 -0.7991690481646
79.2999999999998 51.3651196373144 86.9314340351232 77.8101389757181 31.959782050021 0.0810253598088803 -0.713104746003202
79.3999999999998 51.4377385271978 86.9235552469705 77.7380489569834 31.963584294619 0.086813687755836 -0.638343776417699
79.4999999999998 51.5101905826803 86.9157607787514 77.6661406856588 31.9677970281645 0.0928901840112302 -0.573722603079379
79.5999999999998 51.5824598692401 86.9080788183228 77.5944309475453 31.972439303849 0.0992315290848151 -0.517969531370404
79.6999999999997 51.6545305203297 86.9005378036974 77.5229368901611 31.9775296482028 0.105819368540715 -0.469856350130946
79.7999999999997 51.7263867891919 86.8931663806669 77.4516760172202 31.9830860395684 0.112639374739512 -0.428269118639151
79.8999999999997 51.7980131007775 86.8859933604248 77.3806661831118 31.9891258865747 0.119680447377284 -0.39223282377364
79.9999999999997 51.8693941036453 86.8790476771901 77.3099255873783 31.995666006611 0.12693404684219 -0.360911738535155
80.0999999999997 51.9405147217694 86.8723583457881 77.2394727691463 32.0027226042973 0.134393475384749 -0.333564848674576
80.1999999999997 52.0113602074153 86.8659544181461 77.1693266002885 32.0103112498774 0.142052862377081 -0.309575956203175
80.2999999999997 52.0819161969709 86.8598649370334 77.0995062753682 32.0184468574127 0.149907193926743 -0.288461139962401
80.3999999999997 52.1521687674251 86.8541188887151 77.030031300316 32.027143662898 0.157952150720752 -0.269813795924375
80.4999999999997 52.2221044919884 86.8487451555643 76.9609214810575 32.0364152023747 0.166183834430529 -0.253292195685116
80.5999999999997 52.2917104945833 86.8437724686745 76.8921969121414 32.0462742900428 0.174598526640043 -0.238608738728961
80.6999999999997 52.3609745029758 86.8392293604719 76.8238779653674 32.0567329963745 0.183192472950491 -0.225520859789382
80.7999999999997 52.4298849002929 86.8351441173277 76.7559852784137 32.0678026262267 0.191961686649705 -0.213823433344272
80.8999999999997 52.4984307746597 86.83154473217 76.6885397434655 32.0794936969538 0.200901767807026 -0.20334247654337
80.9999999999997 52.5666019666634 86.8284588570966 76.6215624958422 32.0918159165203 0.210007734900653 -0.193929950553236
81.0999999999997 52.634389114482 86.8259137560407 76.5550749025086 32.1047781618004 0.219274261580393 -0.185419815298135
81.1999999999997 52.7017837001345 86.8239362588379 76.4890985475315 32.1183884617244 0.228696616227569 -0.177661604952844
81.2999999999997 52.768778102982 86.8225527188487 76.4236552097871 32.1326539927297 0.23826915022277 -0.170559345939521
81.3999999999997 52.8353656548125 86.8217889719813 76.3587668376145 32.1475810790589 0.247984699411283 -0.164030671262822
81.4999999999996 52.9015406925794 86.8216702957689 76.2944555233522 32.1631751932455 0.257834404078081 -0.158004460437144
81.5999999999996 52.9672986082814 86.8222213684461 76.2307434778743 32.1794409565974 0.267807532690837 -0.15241892939709
81.6999999999996 53.0326358955772 86.8234662280264 76.1676530051272 32.1963821396829 0.277891311675354 -0.147220077543969
81.7999999999996 53.0975501926889 86.8254282313787 76.1052064766652 32.2140016628146 0.288070764315239 -0.142360419776253
81.8999999999996 53.1620403211116 86.8281300133045 76.0434263061876 32.2323015965349 0.298328562680853 -0.137797947176796
81.9999999999996 53.2261063196064 86.8315934456147 75.9823349240747 32.2512831621001 0.308644897276538 -0.133495272184632
82.0999999999996 53.2897494729654 86.8358395964139 75.9219547519358 32.270946732105 0.318998412307628 -0.129456250790045
82.1999999999996 53.352972336248 86.8408886947722 75.8623081774596 32.2912918347265 0.32936931044898 -0.125678955671826
82.2999999999996 53.415778756811 86.8467601090739 75.8034175300336 32.3123171671563 0.339736250681904 -0.122124158948701
82.3999999999996 53.4781738930587 86.8534723307541 75.7453050566649 32.3340206126538 0.350075249706232 -0.118757060386087
82.4999999999996 53.5401642285722 86.8610429582424 75.6879928979137 32.3563992577376 0.360359642409275 -0.115546607125609
82.5999999999996 53.6017575811127 86.8694886809063 75.6315030638262 32.3794494093775 0.370560081555753 -0.112464940325769
82.6999999999996 53.6629631060157 86.8788252629954 75.5758574098678 32.4031666121865 0.380644582898432 -0.10948694529463
82.7999999999996 53.7237912934827 86.8890675275847 75.521077612856 32.4275456656124 0.390578621777516 -0.106589886416928
82.8999999999996 53.7842539592743 86.9002293405186 75.4671851468937 32.4525806411298 0.400325286849155 -0.103753111741672
82.9999999999996 53.8443642283193 86.9123235943544 75.4142012593023 32.4782648994318 0.409845495784132 -0.100957814818747
83.0999999999996 53.9041365108126 86.925362192307 75.3621469465174 32.5045911076356 0.419098176819786 -0.0981856386892133
83.1999999999995 53.9635864713285 86.9393560322202 75.3110429290187 32.5315512568436 0.428040269667555 -0.0954200190279714
83.2999999999995 54.0227309920519 86.9543149906042 75.2609096238067 32.5591366806064 0.4366273534313 -0.0926470984239062
83.3999999999995 54.0815881281709 86.9702479067001 75.2117671159134 32.5873380737417 0.444814212231285 -0.08985427158442
83.4999999999995 54.1401770541602 86.9871625665449 75.1636351298758 32.6161455111668 0.452555376932429 -0.0870301058044411
83.5999999999995 54.1985180007083 87.0050656870365 75.1165330012095 32.6455484667308 0.459805723625169 -0.0841642726746852
83.6999999999995 54.2566321821883 87.0239628999993 75.0704796478819 32.675535832047 0.466521118458028 -0.0812474859167214
83.7999999999995 54.3145417146867 87.0438587362492 75.0254935417857 32.7060959353256 0.472659095418694 -0.0782714406158633
83.8999999999995 54.3722695247337 87.0647566096585 74.9815926802125 32.7372165602057 0.478179550916568 -0.0752287495094691
83.9999999999995 54.4298392490162 87.0866588012214 74.9387945573263 32.768884964588 0.483045436730451 -0.0721128723951991
84.0999999999995 54.4872751256353 87.1095664433883 74.8971161357048 32.8010878996172 0.487225031200032 -0.0689467426233597
84.1999999999995 54.5446018812621 87.1334795113902 74.8565738196478 32.833811632567 0.49069721016731 -0.0657502100006802
84.2999999999995 54.6018446223782 87.1583968323109 74.8171834329708 32.8670419796318 0.493446844999731 -0.0625137872913396
84.3999999999995 54.6590287277842 87.1843161011499 74.7789601985658 32.9007643426206 0.495463457329881 -0.0592293096404484
84.4999999999995 54.7161797400231 87.2112338971537 74.7419187180294 32.9349637458013 0.496741417379064 -0.0558897722228051
84.5999999999995 54.7733232563687 87.2391457001476 74.7060729512921 32.9696248727446 0.497280050546769 -0.0524891676788765
84.6999999999995 54.8304848201735 87.2680459068675 74.6714361962461 33.0047321031687 0.497083649057981 -0.0490223213153269
84.7999999999995 54.887689813365 87.297927847291 74.6380210683743 33.0402695497831 0.496161388742088 -0.0454847227960134
84.8999999999995 54.9449633508532 87.3287838009701 74.6058394803786 33.0762210951328 0.494527154290259 -0.0418723536659769
84.9999999999994 55.0023301775766 87.3606050133617 74.5749026218086 33.1125704284426 0.492199279409351 -0.0381815104983189
85.0999999999994 55.0598145688069 87.3933817122923 74.5452209388571 33.1493010823912 0.489201372620784 -0.0344682859610558
85.1999999999994 55.1174402331042 87.4271031278624 74.5168041184939 33.1863964680626 0.485565433032442 -0.0307872029237406
85.2999999999994 55.1752302175484 87.4617575210844 74.4896610836139 33.2238399052709 0.481327908474299 -0.027132652715821
85.3999999999994 55.2332068194468 87.4973322159618 74.4637999925229 33.2616146510629 0.476527929771692 -0.0234993387447413
85.4999999999994 55.2913915065609 87.5338136316997 74.4392282385911 33.2997039281503 0.471206678598023 -0.0198821428816274
85.5999999999994 55.3498048461257 87.5711873149163 74.4159524499063 33.3380909533416 0.465406759354379 -0.0162760053454845
85.6999999999994 55.4084664427477 87.6094379718536 74.3939784889272 33.3767589659747 0.459171590764002 -0.0126758168840807
85.7999999999994 55.4673948851463 87.6485495005887 74.3733114521361 33.4156912563491 0.452544830646991 -0.00907632195581773
85.8999999999994 55.5266077015918 87.6885050232448 74.3539556696926 33.4548711941578 0.445569844811218 -0.00547203149291689
85.9999999999994 55.5861213237991 87.7292869182018 74.3359147050867 33.4942822569199 0.438289228319073 -0.00185714372236817
86.0999999999994 55.6459510589128 87.7708768522559 74.3191913547544 33.5339080583984 0.43074405285677 0.00178203339953981
86.1999999999994 55.7061110682587 87.8132558114165 74.3037876467252 33.5737323766464 0.422972578491272 0.00545972473868179
86.2999999999994 55.7666143506829 87.8564041282495 74.2897048368089 33.6137391811107 0.415011073613108 0.00918337378674331
86.3999999999994 55.8274727310719 87.9003015078592 74.2769434038143 33.6539126593631 0.406893933683568 0.0129612387576914
86.4999999999994 55.8886968544183 87.9449270538182 74.2655030447299 33.6942372438175 0.398653505219281 0.0168024748592824
86.5999999999994 55.9502961850064 87.9902592940968 74.2553826699054 33.7346976384478 0.390319959717348 0.0207172227128678
86.6999999999993 56.0122790102506 88.0362762069925 74.2465803982325 33.7752788455048 0.381921213435407 0.0247167053264674
86.7999999999993 56.0746524487248 88.0829552470601 74.2390935523259 33.8159661922336 0.3734828883797 0.0288133362008741
86.8999999999993 56.1374224619262 88.1302733710409 74.2329186537047 33.8567453575911 0.365028309556773 0.0330208413696835
86.9999999999993 56.2005938693362 88.1782070637928 74.2280514179732 33.8976023989629 0.35657853345708 0.0373543984342671
87.0999999999993 56.2641703663629 88.2267323643234 74.2244867501986 33.9385237787815 0.348153474595785 0.0417722941851001
87.1999999999993 56.3281545450266 88.2758248945265 74.2222187454014 33.9794963885564 0.339775107270973 0.0462307593192438
87.2999999999993 56.3925479183 88.3254598947777 74.2212407020242 34.0205075663345 0.331464168233941 0.0507432635144098
87.3999999999993 56.457350948812 88.3756122622336 74.2215451405125 34.0615451115744 0.323239136076112 0.055323565512053
87.4999999999993 56.5225630815847 88.426256589234 74.2231238220928 34.1025972999193 0.315116321548362 0.0599857524719102
87.5999999999993 56.5881827803363 88.4773672017042 74.2259677675503 34.1436528979713 0.307109972323567 0.0647442819566087
87.6999999999993 56.6542075669076 88.528918197558 74.2300672760071 34.1847011780653 0.29923238801133 0.0696140272390482
87.7999999999993 56.7206340633985 88.5808834851001 74.2354119436993 34.2257319330424 0.291494041742969 0.0746103266135785
87.8999999999993 56.7874580366372 88.6332368214284 74.2419906827558 34.2667354910237 0.283903705171814 0.0797490374056061
87.9999999999993 56.854674444632 88.6859518508365 74.2497917399752 34.3077027301848 0.276468574238901 0.0850465954210202
88.0999999999993 56.9222774844903 88.7390021430842 74.2588027156696 34.3486250933564 0.269194564041862 0.0904954636257358
88.1999999999993 56.9902606365859 88.7923612282197 74.2690105842031 34.3894945981534 0.262087115612435 0.0960855850965924
88.2999999999993 57.058616697165 88.8460026226535 74.2804017188362 34.4303038357459 0.255151082616871 0.101829797890323
88.3999999999993 57.1273378076519 88.8998998517834 74.2929619182649 34.4710459651572 0.248390669801466 0.107740451841659
88.4999999999992 57.1964154855547 88.9540264724891 74.3066764332265 34.51171470739 0.241809494756405 0.113829262185622
88.5999999999992 57.2658406569995 89.0083560956248 74.3215299931041 34.552304339552 0.235410647780489 0.120107136766458
88.6999999999992 57.3356036907294 89.062862408513 74.3375068325321 34.5928096889816 0.229196748987596 0.126583974588327
88.7999999999992 57.4056944334183 89.1175191974381 74.3545907180008 34.6332261273745 0.223170001898526 0.133268433922493
88.8999999999992 57.4761022461598 89.1723003701397 74.3727649744618 34.6735495649087 0.2173322428611 0.140167668834717
88.9999999999992 57.5468160420023 89.2271799783062 74.3920125119328 34.7137764443707 0.211684985716077 0.147287034001313
89.0999999999992 57.6178243243873 89.2821322400408 74.4123158520648 34.7539037352959 0.206229302396814 0.154648389398408
89.1999999999992 57.6891152257683 89.3371315616214 74.4336571537215 34.7939289284746 0.200965413815704 0.162274582835764
89.2999999999992 57.7606765452409 89.3921525574663 74.4560182360506 34.8338500313898 0.195893254195207 0.170169232853005
89.3999999999992 57.8324957859295 89.4471700693923 74.4793806005682 34.873665564021 0.19101266303348 0.178333416320816
89.4999999999992 57.9045601926513 89.5021591858472 74.5037254532046 34.9133745546629 0.18632340411113 0.186765265282819
89.5999999999992 57.976856789831 89.5570952611408 74.5290337263502 34.952976535743 0.18182517844416 0.195459548259071
89.6999999999992 58.0493724196262 89.6119539346772 74.5552861009015 34.9924715396403 0.177517631056238 0.204407247334603
89.7999999999992 58.1220937802271 89.6667111501858 74.5824630283072 35.0318600945031 0.173400351481232 0.21359514581672
89.8999999999992 58.195007464295 89.7213431749534 74.6105447526142 35.0711432200673 0.169472867963274 0.223005444841504
89.9999999999992 58.2680999975108 89.7758266190553 74.639511332513 35.110322423475 0.165734635393239 0.232615430799194
90.0999999999992 58.3413578770798 89.830138454496 74.6693426634439 35.1493996949369 0.162185375121856 0.242325673389322
90.1999999999992 58.414767607041 89.8842560319575 74.7000185012415 35.1883774993656 0.158826196281964 0.25201487026391
90.2999999999991 58.4883157256151 89.9381570914819 74.7315184896915 35.2272587577763 0.155658601809069 0.261617167584885
90.3999999999991 58.5619888299978 89.9918197707619 74.7638221896263 35.2660468246576 0.15268408043238 0.271058262332417
90.4999999999991 58.6357736017815 90.0452226133412 74.7969091080807 35.3047454651869 0.149904030782531 0.280255933398209
90.5999999999991 58.7096568330688 90.0983445768129 74.8307587274474 35.3433588324461 0.147319679688339 0.289120956921451
90.6999999999991 58.7836254532102 90.15116504102 74.8653505346325 35.3818914446367 0.144931995681629 0.297558435144201
90.7999999999991 58.8576665560967 90.2036638162538 74.9006640502106 35.420348162296 0.142741599186016 0.305469544092677
90.8999999999991 58.9317674279405 90.255821151454 74.9366788575809 35.458734165512 0.140748671311576 0.312753674833126
90.9999999999991 59.0059155754691 90.3076177424082 74.9733746321221 35.4970549311394 0.138952863573522 0.319310907873926
91.0999999999991 59.0800987543222 90.3590347398352 75.0107311702208 35.5353162100206 0.137353040641353 0.325139544305886
91.1999999999991 59.1543049940303 90.4100537544651 75.0487284149829 35.57352400436 0.135946876171962 0.330254708233082
91.2999999999991 59.2285226137527 90.4606568544933 75.087346473529 35.6116845454847 0.13473162419827 0.334588194889326
91.3999999999991 59.30274023427 90.5108265600293 75.1265656309719 35.6498042717581 0.133704279097968 0.338079055886628
91.4999999999991 59.3769467897277 90.5605458374316 75.1663663642688 35.6878898064992 0.132861525994266 0.340675268824733
91.5999999999991 59.4511315392563 90.6097980936411 75.2067293560713 35.7259479359021 0.132199699653792 0.342335149064198
91.6999999999991 59.5252840784553 90.6585671705154 75.2476355085772 35.7639855869553 0.131714752671211 0.343028421542283
91.7999999999991 59.5993943507169 90.7068373391626 75.2890659573814 35.8020098053608 0.131402233410488 0.342736890070128
91.8999999999991 59.673452658369 90.7545932942757 75.3310020853265 35.840027733454 0.131257273814798 0.341454667000677
91.999999999999 59.7474496736072 90.8018201484662 75.3734255363545 35.8780465881226 0.131274586833314 0.33918795503632
92.099999999999 59.8213764492239 90.8485034266459 75.4163182293532 35.9160736387417 0.131448329197521 0.335955200885835
92.199999999999 59.8952244299786 90.8946290616384 75.4596623718959 35.9541161855193 0.131771658881775 0.331790878496324
92.299999999999 59.9689854659184 90.9401833929162 75.5034404737075 35.9921815388806 0.132237146873268 0.326740467507242
92.399999999999 60.0426518260867 90.9851531665673 75.547635360023 36.0302769992634 0.132836951475582 0.320856635422246
92.499999999999 60.1162162116676 91.02952553531 75.5922301849428 36.0684098369288 0.133562859503519 0.314197291501106
92.599999999999 60.1896717684779 91.0732880585073 75.6372084447864 36.1065872717716 0.134406329399878 0.306823639671995
92.699999999999 60.2630120987608 91.1164287021811 75.6825539914474 36.1448164531311 0.13535853487655 0.298798317615506
92.799999999999 60.3362312722238 91.1589358390273 75.7282510457483 36.1831044396017 0.136410407906029 0.290183691548327
92.899999999999 60.4093238362709 91.2007982484297 75.7742842107945 36.2214581788436 0.137552680150686 0.281040356407173
92.999999999999 60.4822848253714 91.2420051164748 75.8206384853293 36.2598844873936 0.138775922193826 0.271425871199412
93.099999999999 60.555109769416 91.282546035907 75.8672992769854 36.2983900304844 0.14007063565076 0.261472921915474
93.199999999999 60.6277946986478 91.3224110045498 75.9142524128555 36.3369813020948 0.14142755054655 0.251306829319761
93.299999999999 60.7003361413379 91.3615904198305 75.9614841432588 36.3756646055853 0.142837650625929 0.240966526519812
93.399999999999 60.7727311179357 91.400075071771 76.0089811428268 36.4144460345641 0.144292151005744 0.23048483855358
93.499999999999 60.8449771340317 91.4378561359191 76.0567305114861 36.4533314537624 0.145782504294974 0.21988871739447
93.599999999999 60.9170721722169 91.4749251662797 76.1047197754406 36.4923264799088 0.147300405753168 0.209199560752491
93.699999999999 60.9890146828287 91.5112740882467 76.1529368881546 36.531436462605 0.148837798124427 0.198433585218552
93.7999999999989 61.060803573576 91.5468951915342 76.2013702313356 36.5706664652001 0.15038687672955 0.187602229386375
93.8999999999989 61.1324381980388 91.5817811231079 76.2500086159164 36.6100212456662 0.151940095328978 0.176712567538487
93.9999999999989 61.2039183430435 91.6159248801167 76.2988412830381 36.649505237473 0.153490173198209 0.165767719101044
94.0999999999989 61.2752442149181 91.6493198028169 76.3478579049445 36.6891225305835 0.155030135376367 0.154923786665914
94.1999999999989 61.3464164247138 91.6819595673184 76.3970485835763 36.7288768555838 0.156553468441682 0.144330582600733
94.2999999999989 61.4174359725505 91.7138381778765 76.446403843328 36.7687715757691 0.158054114661173 0.133977461800317
94.3999999999989 61.4883042310333 91.7449499590043 76.495914621505 36.8088096823645 0.159526442484952 0.123852060258054
94.4999999999989 61.5590229277237 91.7752895475796 76.5455722586923 36.8489937898654 0.160965236886892 0.11394074741126
94.5999999999989 61.6295941267209 91.8048518849507 76.5953684891231 36.8893261313788 0.162365691870804 0.104229004315448
94.6999999999989 61.7000202094113 91.8336322090423 76.6452954310473 36.9298085539642 0.163723405043548 0.0947017372535281
94.7999999999989 61.7703038544474 91.8616260464621 76.6953455771005 36.9704425139747 0.165034374109217 0.0853435359239536
94.8999999999989 61.8404480170211 91.8888292046066 76.7455117846724 37.0112290723975 0.166294995100875 0.0761388847523117
94.9999999999989 61.9104559074955 91.9152377637673 76.7957872662752 37.0521688901955 0.167502062145746 0.0670723350756952
95.0999999999989 61.9803309694968 91.9408480692784 76.8461655799405 37.0932622236397 0.168652608698951 0.0581066992187014
95.1999999999989 62.0500768582812 91.9656567247443 76.8966406203322 37.1345089194317 0.169743411914987 0.0492058793094521
95.2999999999989 62.1196974205706 91.9896605880081 76.9472066116819 37.1759084092925 0.170771445628153 0.0403560802345275
95.3999999999989 62.1891966745986 92.0128567682002 76.9978581014406 37.2174597043405 0.17173404432998 0.0315434159184927
95.4999999999988 62.2585787896516 92.0352426228279 77.0485899539585 37.2591613894613 0.172628912596426 0.0227539816204948
95.5999999999988 62.3278480651448 92.0568157548656 77.0993973441652 37.3010116176784 0.173454134819037 0.0139739159750009
95.6999999999988 62.3970089093011 92.0775740098446 77.150275751249 37.3430081045225 0.174208185086419 0.00518945581281466
95.7999999999988 62.4660658175092 92.0975154729431 77.2012209523367 37.3851481224021 0.174889937072826 -0.00361301334150275
95.8999999999988 62.5350233504371 92.1166384660761 77.2522290161735 37.4274284949733 0.175498673804666 -0.0124469083796898
95.9999999999988 62.6038861119778 92.1349415449854 77.3032962968027 37.4698455915097 0.176034097190244 -0.0213253986759958
96.0999999999988 62.6726587271307 92.152423496303 77.3544194271924 37.5123953213827 0.176496504435318 -0.0301410816292835
96.1999999999988 62.7413458204504 92.1690833339245 77.4055953114748 37.5550731313904 0.176887281896167 -0.0387844430331265
96.2999999999988 62.809951996123 92.1849202936331 77.4568211136679 37.5978740103215 0.177208372641226 -0.0472642014374407
96.3999999999988 62.8784818190278 92.1999338270322 77.5080942450094 37.6407924963699 0.177462091602698 -0.0555876539135404
96.4999999999988 62.9469397963479 92.2141235954532 77.5594123512379 37.6838226846571 0.177651110360311 -0.0637606755452421
96.5999999999988 63.0153303597721 92.227489463862 77.6107732998741 37.7269582347561 0.177778441281212 -0.0717877177437422
96.6999999999988 63.0836578483508 92.2400314947665 77.6621751675019 37.7701923782151 0.177847421014289 -0.0796718052374343
96.7999999999988 63.1519264920581 92.2517499421231 77.7136162270495 37.8135179260803 0.177861693352417 -0.087414531925167
96.8999999999988 63.2201403961134 92.2626452452442 77.7650949350701 37.8569272764197 0.177825191493108 -0.0950160561021103
96.9999999999988 63.2883035261054 92.2727180227048 77.8166099190239 37.9004124218464 0.177742119736781 -0.102475095856026
97.0999999999988 63.3564196940218 92.2819690662506 77.8681599645727 37.943964957121 0.177616957976162 -0.109734593829182
97.1999999999988 63.4244925467572 92.2903993347161 77.9197440032494 37.987576088807 0.177454469144 -0.116734904731241
97.2999999999987 63.4925255596101 92.2980099479733 77.9713611010751 38.031236650138 0.17725952944312 -0.123468739165991
97.3999999999987 63.5605220323513 92.3048021808909 78.0230104475502 38.0749371179379 0.177037064799166 -0.129927499541705
97.4999999999987 63.6284850863296 92.3107774572947 78.0746913446593 38.1186676296198 0.176792021183712 -0.13610139373236
97.5999999999987 63.6964176625428 92.3159373439267 78.1264031958764 38.1624180001851 0.176529335338542 -0.141979561744751
97.6999999999987 63.764322520657 92.320283544406 78.1781454951705 38.2061777392231 0.176253906005232 -0.147550215940294
97.7999999999987 63.8322022389528 92.3238178931882 78.2299178160105 38.2499360679096 0.175970565773954 -0.152800794972779
97.8999999999987 63.9000592151711 92.3265423495256 78.2817198003703 38.2936819360064 0.175684053664334 -0.15771813114923
97.9999999999987 63.9678956682307 92.328458991427 78.3335511477344 38.3374040388601 0.17539898856546 -0.162288630396784
98.0999999999987 64.0357136407969 92.3295700096458 78.3854116041289 38.3810908343945 0.175119728125403 -0.166524992808662
98.1999999999987 64.1035150030532 92.3298777023922 78.4373009518321 38.4247305599198 0.174849998629643 -0.17044197140246
98.2999999999987 64.171301458198 92.3293844718871 78.4892190008091 38.4683112484777 0.174593221751435 -0.17402904674008
98.3999999999987 64.2390745489029 92.328092821639 78.5411655808251 38.5118207450041 0.174352612028998 -0.177276092101745
98.4999999999987 64.306835664277 92.3260053537508 78.5931405335854 38.5552467224844 0.174131160070054 -0.180173527670162
98.5999999999987 64.3745860472745 92.3231247662246 78.6451437048751 38.598576698109 0.17393161714601 -0.182712470736936
98.6999999999987 64.4423268025031 92.3194538502683 78.6971749366987 38.6417980494287 0.173756481265243 -0.184884878878924
98.7999999999987 64.5100589043854 92.3149954876009 78.7492340594198 38.6848980305102 0.17360798481236 -0.186683682978333
98.8999999999987 64.5777832056273 92.3097526477585 78.8013208839013 38.7278637880915 0.173488083830606 -0.188102907015317
98.9999999999987 64.6455004459447 92.3037283854002 78.8534351936443 38.7706823777372 0.173398449017749 -0.18913777173188
99.0999999999986 64.7132112610412 92.29692583763 78.9055767369496 38.8133407800351 0.17334035129996 -0.189769056764283
99.1999999999986 64.7809161927812 92.2893482217495 78.9577452196179 38.855825917855 0.173314304877656 -0.189980744769488
99.2999999999986 64.8486157020461 92.2809988341017 79.0099402990233 38.8981246763057 0.173320333675453 -0.189775024492815
99.3999999999986 64.916310182534 92.2718810493441 79.0621615787268 38.9402239237546 0.173358071454647 -0.189155676713027
99.4999999999986 64.9839999744238 92.2619983197397 79.1144086031107 38.9821105328879 0.173426764692458 -0.188128017208797
99.5999999999986 65.0516853778019 92.2513541744467 79.166680852013 39.0237714017714 0.173525277798637 -0.186698810256279
99.6999999999986 65.1193666657883 92.2399522188088 79.2189777353616 39.0651934749106 0.17365210058547 -0.184876154711999
99.7999999999986 65.1870440973048 92.2277961336455 79.2712985878089 39.1063637643117 0.173805357892302 -0.182669345456214
99.8999999999986 65.2547179294228 92.2148896745425 79.3236426633659 39.1472693705415 0.173982821247101 -0.180088713500571
99.9999999999986 65.3223884292332 92.2012366711417 79.3760091300371 39.1878975037882 0.174181922436063 -0.177145448487557
100.099999999999 65.3900558851763 92.186841026442 79.4283970645004 39.2282355048561 0.174399839310743 -0.173939067409854
100.199999999999 65.4577206176414 92.1717067163786 79.4808054479896 39.2682708644591 0.174633759469342 -0.17056781905642
100.299999999999 65.5253829886106 92.1558377901079 79.5332331652262 39.3079912381927 0.174880745957158 -0.16704149979957
100.399999999999 65.5930434105771 92.1392383705703 79.5856790045531 39.347384459805 0.175137688312635 -0.163369799491631
100.499999999999 65.6607023548579 92.1219126550639 79.6381416581138 39.3864385544016 0.175401315311493 -0.159562208212298
100.599999999999 65.7283603592757 92.1038649158185 79.6906197220322 39.4251417516508 0.175668208035236 -0.155627928941292
100.699999999999 65.7960180351828 92.0850995005689 79.7431116965924 39.4634824989887 0.1759348132151 -0.151575796757591
100.799999999999 65.8636760737996 92.0656208331288 79.7956159864183 39.5014494748242 0.176197456809581 -0.147414204900514
100.899999999999 65.9313352518425 92.0454334139644 79.8481309006531 39.5390316017444 0.176452357774171 -0.143151037827106
100.999999999999 65.9989964364181 92.0245418207684 79.9006546531388 39.5762180597193 0.176695641989918 -0.138793611157958
101.099999999999 66.0666605891507 92.0029507090382 79.9531853626067 39.6129982992791 0.176923401564007 -0.134378346796845
101.199999999999 66.1343287693032 91.9806648127844 80.0057210531327 39.6493620539569 0.177131858261478 -0.129940240536977
101.299999999999 66.2020021355427 91.9576889455679 80.0582596552703 39.6852993508681 0.177317264128984 -0.125483526531413
101.399999999999 66.2696819467333 91.9340280016664 80.1107990074483 39.7208005205558 0.177475870554256 -0.121011791309617
101.499999999999 66.3373695619785 91.9096869572461 80.1633368573801 39.7558562068086 0.177603938932224 -0.116527971202398
101.599999999999 66.4050664399191 91.8846708715333 80.2158708634721 39.7904573764772 0.177697751229314 -0.112034351477449
101.699999999999 66.4727741372815 91.8589848879859 80.2683985962323 39.824595329292 0.177753620429465 -0.107532566408862
101.799999999998 66.5404943066762 91.8326342354654 80.3209175396793 39.8582617076806 0.177767900840137 -0.103023599501285
101.899999999998 66.6082286936466 91.8056242294078 80.3734250927507 39.8914485065844 0.177736998233949 -0.0985077831056979
101.999999999998 66.6759791329709 91.777960272996 80.4259185707118 39.9241480832763 0.177657379797907 -0.0939847966839637
102.099999999998 66.7437475442176 91.7496478583144 80.4783952065771 39.9563531671306 0.177525765723796 -0.0894858964021071
102.199999999998 66.8115359264272 91.7206925670798 80.5308521528587 39.9880568681594 0.177339692613069 -0.0850402982127377
102.299999999998 66.8793463518128 91.6911000702924 80.5832864841456 40.0192526824197 0.177096988862613 -0.0806439252526861
102.399999999998 66.947180958871 91.660876127463 80.6356952000101 40.0499344961863 0.176795597896787 -0.076292429534798
102.499999999998 67.0150419450999 91.6300265858229 80.6880752279272 40.0800965900785 0.176433580621888 -0.0719811902515489
102.599999999998 67.0829315593501 91.5985573795342 80.7404234261935 40.1097336431856 0.176009117612294 -0.0677053080586496
102.699999999998 67.1508520938288 91.5664745289004 80.7927365868465 40.1388407371935 0.175520510998059 -0.0634595952234173
102.799999999998 67.2188058757801 91.5337841395764 80.8450114385833 40.1674133605105 0.174966186031471 -0.059238561490883
102.899999999998 67.2867952588638 91.5004924017789 80.8972446496806 40.1954474123937 0.174344692306918 -0.0550363954679329
102.999999999998 67.3548226142567 91.4666055894965 80.9494328309127 40.2229392070746 0.173654704616565 -0.0508469412615537
103.099999999998 67.4228903214779 91.4321300596698 81.0015725384657 40.2498854777962 0.172895384911241 -0.0467006887801591
103.199999999998 67.491000758383 91.3970722505785 81.0536602766978 40.2762833785268 0.172067479350213 -0.0426268364312115
103.299999999998 67.5591562896146 91.3614386782163 81.1056925005132 40.3021304797764 0.171172251013964 -0.0386172141989
103.399999999998 67.6273592547887 91.3252359318738 81.1576656175833 40.327424762091 0.170211111745117 -0.0346638927606992
103.499999999998 67.6956119571082 91.2884706696901 81.2095759905619 40.352164609457 0.169185611820794 -0.0307591549056945
103.599999999998 67.7639166524554 91.2511496142049 81.2614199393011 40.3763488027055 0.168097429628032 -0.0268954677005458
103.699999999998 67.8322755389826 91.2132795479109 81.3131937430661 40.3999765129168 0.1669483613781 -0.0230654554603376
103.799999999998 67.9006907472216 91.1748673088052 81.3648936427509 40.423047294825 0.165740310901361 -0.0192618735239286
103.899999999998 67.9691643307291 91.1359197859419 81.4165158430937 40.4455610802226 0.164475279565258 -0.0154775828558981
103.999999999998 68.0376982572822 91.0964439149836 81.4680565148923 40.4675181713647 0.163155356359623 -0.0117055254675056
104.099999999998 68.1062944006303 91.0564466737476 81.5195117972002 40.4889192343843 0.161782702890364 -0.00791396430201436
104.199999999998 68.1749545326288 91.0159350775874 81.5708777990244 40.5097652929853 0.16035953120374 -0.00407040147021704
104.299999999998 68.2436803154667 90.9749161743598 81.6221505997596 40.5300577228411 0.158888116656657 -0.000166549866610686
104.399999999998 68.3124732942885 90.933397039227 81.6733262491227 40.5497982462705 0.157370796371014 0.00380607831055277
104.499999999998 68.3813348903997 90.8913847694536 81.7244007670694 40.5689889269248 0.155809962043293 0.0078561981008003
104.599999999998 68.450266395067 90.8488864792029 81.7753701437099 40.5876321644747 0.154208053193264 0.0119927776106486
104.699999999998 68.5192689639172 90.8059092943333 81.8262303392253 40.6057306892973 0.152567550894557 0.0162250629487455
104.799999999998 68.5883436119343 90.762460347195 81.8769772837836 40.6232875571629 0.150890972029175 0.0205626019676037
104.899999999998 68.6574912090544 90.7185467714262 81.9276068774557 40.6403061439221 0.149180864102265 0.0250152665028699
104.999999999998 68.7267124763575 90.6741756967499 81.9781149901316 40.6567901401926 0.147439800653554 0.0295932726434013
105.099999999998 68.7960079828441 90.629354243762 82.0284974614197 40.6727435460418 0.145670425055096 0.0343225258825938
105.199999999998 68.8653781425954 90.5840895185077 82.0787501001057 40.6881706655613 0.143875594566775 0.0392298514962667
105.299999999998 68.9348232120228 90.5383886065194 82.1288686824946 40.703076101165 0.142058241705871 0.0443274051236426
105.399999999998 69.0043432875519 90.4922585666434 82.1788489503132 40.7174647477794 0.140221325937824 0.0496277199722402
105.499999999998 69.073938303941 90.4457064248569 82.2286866085945 40.7313417870286 0.138367832952025 0.0551436854710899
105.599999999998 69.1436080332319 90.3987391680868 82.2783773235633 40.7447126814208 0.136500774783619 0.0608885135295781
105.699999999998 69.2133520843246 90.3513637380271 82.3279167205214 40.7575831685331 0.1346231907884 0.0668756898764061
105.799999999998 69.2831699031638 90.3035870249572 82.377300381732 40.7699592551979 0.132738149471822 0.0731189075766219
105.899999999998 69.3530607735287 90.2554158615592 82.4265238443056 40.7818472116881 0.130848751164282 0.0796319793778006
105.999999999998 69.4230238184118 90.2068570167368 82.4755825980846 40.7932535659031 0.12895813152691 0.0864287250859511
106.099999999998 69.4930580019587 90.1579171894585 82.5244720835282 40.8041850975488 0.127069418981619 0.093501419549103
106.199999999998 69.5631621314702 90.108603003281 82.573187689588 40.8146488321804 0.125185604792935 0.100841190188193
106.299999999998 69.6333348586628 90.0589210025955 82.6217247515612 40.8246520348944 0.123309698585326 0.108459665711624
106.399999999998 69.7035746809278 90.0088776495534 82.6700785489344 40.834202203883 0.121444781394083 0.116367765252279
106.499999999998 69.773879943058 89.9584793210175 82.7182443032267 40.843307063983 0.119594010872321 0.124575430466641
106.599999999998 69.8442488394527 89.9077323055141 82.766217175834 40.8519745602251 0.117760626933274 0.133091309480145
106.699999999998 69.914679416791 89.8566428001839 82.8139922658719 40.8602128513823 0.115947957707977 0.141922387827176
106.799999999998 69.9851695771655 89.805216907734 82.8615646080197 40.8680303035196 0.114159425672017 0.151073562049649
106.899999999998 70.055717081666 89.7534606333892 82.9089291703636 40.8754354835426 0.112398553762721 0.160547152521004
106.999999999998 70.1263195544057 89.701379881844 82.9560808522405 40.8824371527465 0.110668971272101 0.170342353539306
107.099999999998 70.1969744869702 89.6489804542384 83.0030144820899 40.8890442603922 0.108974271801413 0.18045932005351
107.199999999998 70.2676792430185 89.596268045778 83.0497248155302 40.8952659379841 0.107317582349131 0.190898280581175
107.299999999998 70.3384310625611 89.5432482449882 83.0962065340024 40.9011114953292 0.105702022632425 0.201652827315699
107.399999999998 70.4092270662379 89.4899265336118 83.1424542436379 40.9065904172988 0.104130859693964 0.212711997522653
107.499999999998 70.480064259836 89.4363082865308 83.1884624741351 40.9117123606161 0.102607512269375 0.224059553702526
107.599999999998 70.5509395390582 89.3823987716897 83.2342256776353 40.9164871506445 0.101135553582847 0.235673231938315
107.699999999998 70.6218496945429 89.3282031500171 83.2797382275999 40.9209247781759 0.0997187121601989 0.247523978999684
107.799999999998 70.6927914171378 89.2737264753486 83.324994417686 40.9250353962188 0.0983608702190852 0.259575206201267
107.899999999998 70.7637613034299 89.2189736943488 83.369988460623 40.9288293167861 0.0970660591647758 0.27178209638818
107.999999999998 70.8347558615326 89.1639496464339 83.4147144870893 40.9323170076839 0.0958384517143224 0.284091008992801
108.099999999998 70.9057715171268 89.1086590637157 83.4591665446013 40.9355090893113 0.0946822441323548 0.296432435396468
108.199999999998 70.9768046195447 89.0531065715083 83.5033385967367 40.938416331783 0.0936013242975083 0.308732551747778
108.299999999998 71.0478514475296 88.9972966902627 83.5472245232069 40.9410496528665 0.0925995746141432 0.320918250644762
108.399999999998 71.1189082149588 88.9412338380645 83.5908181202627 40.943420116242 0.0916809568425796 0.332908606247594
108.499999999998 71.1899710767296 88.8849223331532 83.6341131011139 40.9455389297738 0.0908494862810288 0.344615532508071
108.599999999998 71.2610361348278 88.8283663964409 83.677103096348 40.9474174437819 0.0901092017881014 0.355944809422821
108.699999999998 71.3320994445818 88.771570154032 83.7197816543493 40.9490671493139 0.0894641318692065 0.366797501418741
108.799999999998 71.4031570211124 88.7145376397417 83.7621422417181 40.9504996764162 0.0889182572547373 0.37707177091398
108.899999999998 71.474204845985 88.6572727976157 83.8041782436897 40.9517267924065 0.0884754706134087 0.386665063421782
108.999999999998 71.5452388740713 88.599779484449 83.8458829645535 40.9527604001445 0.0881395342642479 0.395476609866358
109.099999999998 71.6162550406226 88.5420614723357 83.8872496281044 40.9536125362811 0.0879139116042121 0.403337779202826
109.199999999998 71.6872492683981 88.4841224520152 83.9282713789369 40.9542953689026 0.0878013174778104 0.410096342821503
109.299999999998 71.7582174745576 88.42596603824 83.9689412858786 40.9548211936428 0.0878040009939932 0.415689656665125
109.399999999998 71.8291555775145 88.3675957759394 84.0092523462656 40.955202429191 0.0879238297726656 0.420070901133298
109.499999999998 71.9000595038945 88.3090151464139 84.0491974902513 40.9554516127767 0.0881622631940229 0.423210809322268
109.599999999998 71.9709251956003 88.2502275735305 84.088769585114 40.9555813956547 0.088520333196488 0.425098751398078
109.699999999998 72.0417486169795 88.1912364299166 84.127961439566 40.95560453859 0.0889986332639007 0.425743101088865
109.799999999998 72.1125257620888 88.1320450431552 84.1667658080613 40.9555339073421 0.0895973158739094 0.425170861297519
109.899999999998 72.183252662051 88.072656701979 84.2051753951038 40.9553824681505 0.0903160982851774 0.42342657924098
109.999999999998 72.2539253924973 88.0130746624654 84.2431828595561 40.9551632832192 0.0911542761665919 0.420570631207098
110.099999999998 72.324540081098 87.9533021542233 84.2807808189523 40.9548895061923 0.092110741667143 0.41665990192856
110.199999999998 72.3950929153962 87.8933423863896 84.317961853939 40.9545743773846 0.0931839885870599 0.411763270126212
110.299999999998 72.4655801512946 87.833198553138 84.3547185130405 40.9542312183917 0.0943721278829756 0.405975901425822
110.399999999998 72.535998121827 87.7728738389982 84.3910433175518 40.9538734264556 0.095672922617079 0.399398882996796
110.499999999998 72.6063432459846 87.7123714241663 84.4269287664367 40.9535144688201 0.0970838260143861 0.392136347217543
110.599999999998 72.6766120375714 87.6516944898158 84.4623673412254 40.9531678770872 0.0986020203178642 0.384292809997553
110.699999999998 72.746801114076 87.5908462234086 84.4973515109123 40.9528472415728 0.10022445515899 0.375970819898166
110.799999999998 72.8169072055461 87.5298298240061 84.5318737368542 40.9525662056627 0.101947884349907 0.367268980036054
110.899999999998 72.8869271634482 87.4686485075797 84.565926477668 40.9523384601687 0.103768900215626 0.358280372180596
110.999999999998 72.9568579694977 87.4073055123222 84.5995021941288 40.9521777376843 0.10568396481265 0.349091383983803
111.099999999998 73.026696744448 87.3458041039535 84.6325933540708 40.9520978069286 0.107689420734522 0.339762192489949
111.199999999998 73.0964407569698 87.2841475809006 84.6651924373822 40.9521124667763 0.109781452506393 0.330347331733143
111.299999999998 73.1660874328341 87.2223392791561 84.6972919412338 40.9522355394903 0.111956137450977 0.320913147006695
111.399999999998 73.2356343641328 87.1603825770114 84.7288843854015 40.95248086364 0.114209478067645 0.311517947927693
111.499999999998 73.3050793183591 87.0982808997838 84.7599623175918 40.9528622870084 0.116537416981421 0.302212213114053
111.599999999998 73.3744202473147 87.0360377245444 84.7905183187671 40.9533936594982 0.118935848463682 0.293038957084819
111.699999999998 73.4436552958176 86.973656584846 84.8205450084715 40.9540888260384 0.121400626833084 0.28403421298771
111.799999999998 73.5127828101805 86.9111410754504 84.8500350501566 40.954961619491 0.12392757209068 0.275227590568698
111.899999999998 73.5818013464301 86.8484948570564 84.8789811565064 40.9560258535575 0.126512473166852 0.266642875309043
111.999999999998 73.6507096782371 86.7857216610275 84.9073760947638 40.9572953156854 0.129151089169051 0.258298641295861
112.099999999998 73.7195068045429 86.7228252940916 84.9352126920381 40.9587837599763 0.131839239826395 0.250196202346268
112.199999999998 73.7881919573169 86.6598096423227 84.9624838401669 40.9605049001388 0.134573065009259 0.242331018332875
112.299999999998 73.856764610198 86.5966786732956 84.9891824994421 40.9624724025537 0.137348729283094 0.234707332123758
112.399999999998 73.9252244873155 86.5334364375239 85.01530170189 40.9646998793839 0.140162323672612 0.22732701952512
112.499999999998 73.9935715718104 86.4700870698683 85.0408345545328 40.9672008816861 0.143009860665939 0.220189947353005
112.599999999998 74.0618061140034 86.406634790946 85.065774242651 40.9699888925217 0.14588726913525 0.213294297253769
112.699999999998 74.1299286391755 86.3430839085396 85.0901140330459 40.9730773200691 0.148790389395119 0.206636855507684
112.799999999998 74.1979399549236 86.2794388190065 85.1138472773014 40.9764794907345 0.151714968607721 0.200213269985321
112.899999999998 74.265841158056 86.215704008688 85.1369674150466 40.980208642264 0.154656656729049 0.194018276017022
112.999999999998 74.3336336409863 86.1518840553181 85.1594679772177 40.9842779168546 0.157611003179761 0.188045893393115
113.099999999998 74.4013190976069 86.0879836294072 85.1813425892911 40.9887003543037 0.160573657249133 0.182304796366694
113.199999999998 74.4688995290476 86.024007494961 85.2025849737595 40.993488886138 0.16354097726992 0.176798536103709
113.299999999998 74.536377250094 85.9599605085109 85.2231889506858 40.9986563322295 0.166509422528613 0.171513504376196
113.399999999998 74.6037548956953 85.8958476174802 85.2431484374992 41.0042153983911 0.169475345765159 0.166436745605944
113.499999999998 74.6710354271341 85.831673858524 85.2624574487636 41.0101786740105 0.172434988944454 0.161555952504917
113.599999999998 74.7382221378172 85.76744435587 85.2811100959446 41.016558629683 0.175384480357444 0.156859455994403
113.699999999998 74.8053186586588 85.7031643196588 85.2991005871771 41.0233676148457 0.178319833114216 0.152336210866669
113.799999999998 74.8723289630298 85.6388390442838 85.316423227033 41.0306178554102 0.181236945091329 0.147975778352449
113.899999999998 74.9392573712441 85.5744739067318 85.3330724162889 41.0383214513968 0.184131600390965 0.143768306568655
113.999999999998 75.0061085545527 85.5100743649233 85.3490426516931 41.0464903745673 0.186999472367175 0.139704509573113
114.099999999998 75.0728875386204 85.4456459560512 85.3643285257298 41.0551364660684 0.189836167854407 0.135780746353937
114.199999999998 75.1395997065074 85.3811942948716 85.3789247262768 41.0642714343209 0.192637353331047 0.131993147982936
114.299999999998 75.2062508012405 85.3167250718752 85.3928260359968 41.0739068535346 0.195398645394518 0.128332950611233
114.399999999998 75.2728469278916 85.2522440514113 85.4060273316234 41.0840541624703 0.198115579687082 0.124791967834283
114.499999999998 75.3393945550967 85.1877570698098 85.4185235832422 41.0947246632104 0.200783620707404 0.121362559609096
114.599999999998 75.4059005159875 85.1232700335034 85.4303098535735 41.10592951993 0.203398173258919 0.11803760276921
114.699999999998 75.4723720085111 85.0587889171494 85.4413812972532 41.117679757668 0.205954595509156 0.114810463110085
114.799999999998 75.5388165951153 84.9943197617523 85.451733160115 41.1299862610982 0.208448213619823 0.111674969046228
114.899999999998 75.6052422017793 84.9298686727851 85.461360778472 41.1428597732998 0.210874337886945 0.108625386758827
114.999999999998 75.6716571163672 84.8654418183124 85.4702595783985 41.1563108945292 0.213228280313331 0.10565639676878
115.099999999998 75.7380699863054 84.8010454271006 85.4784250749892 41.1703500810355 0.215505579182684 0.102779221481875
115.199999999998 75.8044898160238 84.7366857864439 85.4858528710325 41.1849876450507 0.217702631720571 0.100003028133538
115.299999999998 75.8709259649965 84.6723692392643 85.4925386541953 41.200233757759 0.21981608668095 0.0973202103663702
115.399999999998 75.9373881458598 84.6081021809259 85.4984781936221 41.2160984534397 0.221842651605671 0.0947237863933461
115.499999999998 76.0038864222047 84.5438910560389 85.503667336512 41.2325916336561 0.22377910708107 0.092207352769403
115.599999999998 76.0704312060258 84.4797423552627 85.5081020046947 41.2497230714427 0.225622321496115 0.0897650424114906
115.699999999998 76.1370332548288 84.4156626121097 85.5117781912072 41.2675024154944 0.227369266170892 0.0873914863861983
115.799999999998 76.2037036683947 84.3516583997485 85.5146919568704 41.2859391943544 0.229017030717175 0.0850817790335947
115.899999999998 76.2704538852061 84.2877363278078 85.5168394268655 41.3050428206021 0.230562838485684 0.0828314460424785
115.999999999998 76.3372956785375 84.2239030391798 85.5182167873106 41.324822595042 0.232004061950858 0.0806364151190953
116.099999999998 76.4042411522057 84.1601652068353 85.5188202818414 41.3452877108986 0.233338251321837 0.0785019851813228
116.199999999998 76.4713027357708 84.0965295309407 85.5186462082976 41.3664472582027 0.234563195112942 0.076433184066229
116.299999999998 76.5384931788583 84.0330027367424 85.51769091568 41.3883102286595 0.235676903083815 0.074426068937216
116.399999999998 76.605825544983 83.9695915727526 85.5159508012126 41.4108855207074 0.236677606555458 0.0724770128217013
116.499999999998 76.6733132051174 83.9063028089468 85.5134223074099 41.4341819445838 0.237563769773765 0.0705826825592345
116.599999999998 76.7409698310291 83.8431432349617 85.5101019191434 41.4582082273912 0.238334100151713 0.0687400183215477
116.699999999998 76.8088093884097 83.780119658293 85.5059861607083 41.4829730181632 0.238987557262356 0.0669462145465921
116.799999999998 76.8768461298147 83.7172389024924 85.5010715928906 41.5084848929303 0.239523360467127 0.0651987021399441
116.899999999998 76.9450945874377 83.6545078053661 85.4953548100334 41.5347523597858 0.239940995080263 0.0634951318141741
116.999999999998 77.0135695657423 83.5919332171717 85.4888324371042 41.5617838639523 0.240240216984835 0.0618333584605431
117.099999999998 77.0822861339615 83.5295219988254 85.4815011267721 41.5895877928322 0.240420988642503 0.0602110446414883
117.199999999998 77.1512596181076 83.4672810203387 85.4733575567558 41.6181724806853 0.24048328942232 0.0586262941824263
117.299999999998 77.2205055918692 83.4052171598431 85.4643984278623 41.6475462123523 0.240427334491112 0.0570778542759796
117.399999999998 77.2900398669703 83.3433373028441 85.4546204622958 41.6777172266046 0.24025364380862 0.0555645797613339
117.499999999998 77.3598784833876 83.2816483414854 85.4440204019776 41.7086937194792 0.239963039735559 0.054085424369643
117.599999999998 77.4300376994758 83.2201571738119 85.4325950068655 41.7404838476132 0.239556642660072 0.0526394323471081
117.699999999998 77.5005339820363 83.1588707030338 85.420341053274 41.7730957315792 0.239035864685388 0.0512257304449003
117.799999999998 77.5713839963655 83.0977958367903 85.407255332194 41.8065374592198 0.238402401447693 0.0498435202817293
117.899999999998 77.6426045963151 83.0369394864127 85.3933346476123 41.8408170889826 0.237658222154405 0.048492071069954
117.999999999998 77.7142128144032 82.9763085661886 85.3785758148315 41.8759426532553 0.236805557955894 0.0471707127137921
118.099999999998 77.7862258519957 82.9159099926299 85.3629756587973 41.9119221616885 0.235846841338791 0.0458779644435812
118.199999999998 77.8586610692995 82.8557506838672 85.346531012619 41.9487636042106 0.234784557539456 0.0446125920983708
118.299999999998 77.9315359747015 82.7958375593625 85.329238716581 41.9864749532605 0.233621385882223 0.0433743484598515
118.399999999998 78.0048682139135 82.7361775397475 85.3110956173483 42.0250641657121 0.232360232910275 0.0421629984289848
118.499999999998 78.0786755592393 82.6767775466672 85.2920985671787 42.0645391847867 0.231004214908648 0.0409783154062497
118.599999999998 78.1529758990086 82.6176445026227 85.2722444231355 42.1049079419658 0.229556639486443 0.039820077963176
118.699999999998 78.2277872272137 82.558785330815 85.2515300462996 42.1461783589036 0.228020986414995 0.0386880668165287
118.799999999998 78.3031276333759 82.5002069549878 85.2299523009828 42.1883583493395 0.226400887921713 0.0375820621015063
118.899999999998 78.3790152926738 82.441916299271 85.2075080539395 42.2314558210111 0.224700108637376 0.0365018409498792
118.999999999998 78.4554684563576 82.3839202880239 85.1841941735798 42.2754786775661 0.222922525390596 0.0354471753655073
119.099999999998 78.5325054424629 82.32622584568 85.1600075291882 42.3204348204599 0.221072056332781 0.0344152746677407
119.199999999998 78.6101446265313 82.2688398966279 85.1349449903131 42.3663321504403 0.219152498199472 0.0334036925218824
119.299999999998 78.688404431827 82.2117693651847 85.1090034265873 42.4131785679892 0.217167675205668 0.0324126819649049
119.399999999997 78.7673033195172 82.1550211756057 85.0821797077192 42.4609819733528 0.215121472965278 0.0314424552473488
119.499999999997 78.8468597791366 82.0986022520962 85.0544707034906 42.5097502665549 0.213017819810649 0.0304931839220834
119.599999999997 78.927092319368 82.0425195188217 85.0258732837535 42.559491347412 0.210860668677434 0.0295649991943311
119.699999999997 79.0080194591541 81.9867798999201 84.9963843184284 42.6102131155468 0.208653979682074 0.0286579925021587
119.799999999997 79.0896597191553 81.9313903195121 84.9660006775013 42.6619234704024 0.206401703502665 0.0277722163262501
119.899999999997 79.1720316135643 81.876357701713 84.9347192310215 42.7146303112569 0.204107765657893 0.0269076851960525
119.999999999997 79.2551536422885 81.8216889706436 84.9025368490992 42.768341537237 0.20177605176287 0.0260643768833826
