#t s x y z curvature torsion
5 0 64.6644247193062 86.5134411197859 3.85346339990126 0.203538835221122 -0.0549515382788841
5.1 0.0556412908124309 64.7037640345792 86.4790465494783 3.87257844765106 0.202328804756668 -0.0564481544081474
5.2 0.111147678112229 64.7432792147592 86.4447478283416 3.89110160328951 0.201053227313658 -0.0579818194626675
5.3 0.166526428497179 64.7829665613633 86.4105428313298 3.90903867922585 0.199713995971729 -0.0595538721498723
5.4 0.221784628599165 64.822822375975 86.3764294334631 3.92639548786509 0.198313082003905 -0.0611657397903825
5.5 0.276929183565243 64.8628429602873 86.3424055098713 3.94317784160716 0.196852526994881 -0.0628189435687156
5.6 0.331966815753546 64.9030246161467 86.3084689358375 3.95939155284605 0.195334434911535 -0.0645151040158583
5.7 0.386904063643334 64.9433636455966 86.2746175868419 3.97504243396895 0.19376096418128 -0.0662559467561206
5.8 0.441747280957361 64.9838563509209 86.2408493386057 3.9901362973554 0.192134319830345 -0.0680433085077715
5.9 0.496502635994818 65.0244990346875 86.2071620671339 4.00467895537646 0.190456745732284 -0.06987914340354
6 0.551176111171054 65.0652879997916 86.1735536487597 4.0186762203938 0.18873051701365 -0.0717655296021708
6.1 0.605773502761836 65.1062195495047 86.1400219601927 4.03213390475807 0.186957949889066 -0.0736928517191077
6.2 0.660300420860052 65.1472899876426 86.1065648786857 4.04505782078571 0.18514144499235 -0.0756506246174629
6.3 0.714762289564841 65.1884956190415 86.0731802825058 4.05745378068118 0.183283426437889 -0.0776397766247388
6.4 0.769164347386786 65.2298327501547 86.039866051523 4.06932759643781 0.181386317158211 -0.079661315393009
6.49999999999999 0.823511647852146 65.2712976896527 86.0066200678047 4.08068507973767 0.179452532092579 -0.0817163310806164
6.59999999999999 0.877809060299172 65.3128867490251 85.9734402162099 4.09153204185154 0.177484471751508 -0.0838059995810786
6.69999999999999 0.932061270858889 65.3545962431813 85.9403243849824 4.10187429353889 0.175484516176655 -0.0859315858595044
6.79999999999999 0.986272783612934 65.3964224910514 85.9072704663458 4.11171764494776 0.173455019310542 -0.0880944473877629
6.89999999999999 1.04044792192065 65.4383618161872 85.8742763570967 4.12106790551479 0.171398303787207 -0.0902960377032593
6.99999999999999 1.09459082990715 65.4804105473637 85.8413399591994 4.12993088386507 0.169316656150509 -0.0925379101173708
7.09999999999999 1.148705474106 65.5225650191899 85.8084591803897 4.13831238770862 0.167212368741652 -0.0947912210646715
7.19999999999999 1.20279564528565 65.5648215729954 85.7756319350455 4.14621822364432 0.165087870390878 -0.0970244613254533
7.29999999999999 1.25686496052338 65.6071765584115 85.7428561457345 4.15365419672947 0.162945576424696 -0.0992351687963493
7.39999999999999 1.31091686547642 65.6496263352275 85.7101297450269 4.16062610995684 0.160787837094882 -0.101420747489629
7.49999999999999 1.36495463680623 65.6921672752572 85.6774506773195 4.16713976372825 0.15861693367761 -0.10357845642422
7.59999999999999 1.41898138474412 65.7347957642057 85.6448169006594 4.17320095532812 0.156435075032426 -0.105705397907526
7.69999999999999 1.47300005578652 65.7775082035353 85.6122263885675 4.17881547839698 0.154244394605228 -0.107798505202684
7.79999999999999 1.52701343550992 65.8203010123327 85.5796771318624 4.18398912240509 0.152046947856678 -0.109854529542558
7.89999999999999 1.58102415149374 65.8631706291751 85.5471671404842 4.18872767212593 0.14984471009632 -0.111870026489353
7.99999999999999 1.6350346763417 65.9061135139971 85.5146944453178 4.19303690710978 0.147639574701016 -0.113841341592306
8.09999999999999 1.68904733079252 65.9491261499664 85.4822571000256 4.19692260115179 0.14543340336353 -0.115734045225718
8.19999999999999 1.74306428696405 65.9922050456091 85.4498531831036 4.20039052161822 0.143228175150806 -0.117510326483391
8.29999999999999 1.79708757181615 66.0353467375651 85.4174808005059 4.20344642841239 0.141025821794936 -0.119160875198553
8.39999999999999 1.85111907075609 66.0785477935937 85.3851380884933 4.20609607279882 0.138828173495653 -0.120675800420877
8.49999999999999 1.90516053132598 66.1218048155876 85.3528232164902 4.20834519622188 0.13663695793682 -0.122044598959297
8.59999999999999 1.95921356695977 66.1651144425872 85.3205343899418 4.21019952912441 0.134453799665004 -0.123256122559207
8.69999999999999 2.01327966079779 66.2084733537952 85.2882698531715 4.21166478976641 0.132280219812845 -0.124298543520693
8.79999999999999 2.06736016954919 66.251878271591 85.2560278922372 4.21274668304367 0.13011763615207 -0.125159318567942
8.89999999999999 2.12145632739147 66.2953259645449 85.2238068377892 4.21345089930639 0.127967363463191 -0.12582515062643
8.99999999999999 2.17556924989798 66.3388132504325 85.1916050679269 4.21378311317788 0.125830614211499 -0.126281948275569
9.09999999999999 2.22969993798512 66.3823369992484 85.1594210110526 4.21374898237252 0.123708502373301 -0.126524796343899
9.19999999999999 2.28384928189882 66.4258941361926 85.1272531486409 4.2133541464965 0.121602054052697 -0.126548714916988
9.29999999999998 2.33801806527722 66.4694816445908 85.0951000177936 4.2126042258047 0.119512201869569 -0.126338233753503
9.39999999999998 2.39220696923816 66.5130965687878 85.0629602137101 4.21150481994039 0.117439784126326 -0.125876961753165
9.49999999999998 2.44641657645707 66.5567360170397 85.0308323921544 4.2100615066742 0.115385546889261 -0.125147532535423
9.59999999999998 2.50064737522703 66.6003971644062 84.9987152719221 4.20827984064313 0.113350146337503 -0.124131544962465
9.69999999999998 2.5548997634959 66.6440772556437 84.9666076373078 4.20616535208953 0.11133415138972 -0.122809497839275
9.79999999999998 2.60917405287464 66.6877736080968 84.9345083405721 4.20372354560008 0.109338046622606 -0.121160717901225
9.89999999999998 2.66347047261177 66.7314836145913 84.9024163044084 4.20095989884483 0.107362235499937 -0.119163280088411
9.99999999999998 2.71778917353023 66.7752047463266 84.8703305244104 4.19787986131615 0.105407043935124 -0.116793919069734
10.1 2.77213023191976 66.8189345557556 84.8382500715256 4.19448885307356 0.103472681747642 -0.114092776687726
10.2 2.82649365332863 66.8626706791519 84.8061740941577 4.19079226364028 0.101559126529389 -0.111105268603702
10.3 2.8808793761589 66.9064108383787 84.7741018193775 4.18679545128476 0.0996662674355052 -0.107814136866341
10.4 2.93528727513945 66.9501528423457 84.7420325537835 4.18250374245398 0.0977939533204992 -0.104200920382787
10.5 2.98971716472729 66.993894588452 84.7099656843475 4.17792243121252 0.0959419967870068 -0.100245841589726
10.6 3.04416880243986 67.0376340640306 84.6779006792619 4.17305677868163 0.0941101784243524 -0.0959276804117398
10.7 3.09864189211918 67.081369347792 84.6458370887855 4.1679120124784 0.092298251264565 -0.0912236343244745
10.8 3.15313608712838 67.125098611268 84.6137745460905 4.16249332615476 0.0905059454873547 -0.0861091631823378
10.9 3.20765099348256 67.1688201202558 84.5817127681085 4.15680587863665 0.0887329734104237 -0.0805578175705858
11 3.26218617291502 67.2125322362616 84.5496515563774 4.15085479366308 0.0869790348059944 -0.0745410493218688
11.1 3.31674114588228 67.2562334179448 84.5175907978848 4.14464515922709 0.0852438099221223 -0.0680369764881153
11.2 3.37131539455139 67.2999222225711 84.4855304658407 4.13818202706516 0.0835269273444001 -0.0610222779619516
11.3 3.4259083658358 67.3435973074875 84.4534706202697 4.13147041226957 0.0818280080367917 -0.053462473453842
11.4 3.4805194744136 67.3872574316067 84.4214114085321 4.12451529294929 0.0801466847923473 -0.0453200907663039
11.5 3.53514810568825 67.4309014568907 84.3893530658421 4.11732160989259 0.0784826096344891 -0.0365543665930793
11.6 3.58979361869379 67.4745283498358 84.3572959157861 4.10989426622981 0.0768354618714566 -0.0271209237621048
11.7 3.64445534894728 67.5181371829564 84.325240370841 4.10223812709602 0.0752049568983095 -0.0169714263861083
11.8 3.699132611252 67.5617271362698 84.2931869328927 4.09435801929369 0.073590855853658 -0.00605321562141582
11.9 3.75382470245514 67.6052974987799 84.2611361937542 4.08625873095544 0.0719929762520014 0.00569106904856816
12 3.80853090416339 67.648847669962 84.2290888356838 4.07794501120669 0.0704112037285609 0.0183238752158672
12.1 3.86325048541476 67.6923771612259 84.1970456318826 4.06942156983687 0.0688454596363863 0.0317541573242055
12.2 3.91798270516577 67.7358855968313 84.1650074464442 4.06069307719156 0.0672955783223138 0.0458780456075435
12.3 3.97272681436297 67.7793727134128 84.1329752329145 4.05176416462565 0.0657614534665933 0.0607459461121784
12.4 4.0274820578262 67.8228383589572 84.1009500323043 4.04263942517735 0.0642430913568385 0.0764126159027389
12.5 4.08224767609121 67.8662824917597 84.0689329710806 4.0333234142508 0.0627406193176997 0.0929373136129662
12.6 4.13702290722189 67.90970517938 84.036925259158 4.02382065029864 0.0612542950210751 0.11038388326455
12.7 4.19180698859645 67.9531065975984 84.00492818789 4.01413561550457 0.0597845167765487 0.128820740961395
12.8 4.24659915867168 67.9964870293718 83.9729431280607 4.00427275646592 0.0583318349009899 0.148320724901309
12.9 4.30139865872995 68.0398468637906 83.9409715278757 3.99423648487626 0.0568969642607693 0.168960757297868
13 4.35620473461142 68.0831865950339 83.9090149109538 3.98403117820792 0.0554807980679666 0.190821252515863
13.1 4.41101663843277 68.1265068213139 83.8770748743078 3.97366118039574 0.0540844172655018 0.213876734830948
13.2 4.46583363019995 68.1698082434962 83.8451530860464 3.96313080254972 0.0527090809020838 0.238088326533098
13.3 4.52065497916649 68.2130916629012 83.8132512823701 3.95244432374148 0.0513562415868414 0.263516517309261
13.4 4.57547996509044 68.256357978781 83.7813712642882 3.9416059918197 0.050027559245 0.290217330599181
13.5 4.63030787948719 68.2996081857856 83.7495148943253 3.93062002422661 0.0487249110791853 0.318239397763896
13.6 4.68513802688237 68.3428433714273 83.7176840932281 3.91949060881461 0.0474504012881872 0.347620273797488
13.7 4.73996972606734 68.386064713547 83.6858808366713 3.90822190466279 0.0462063700532657 0.37838188287641
13.8 4.79480231135702 68.429273477779 83.6541071519646 3.89681804289349 0.04499540113714 0.410524999212388
13.9 4.84963513385171 68.4724710150163 83.6223651147588 3.88528312748884 0.0438203272454094 0.444022707531891
14 4.90446756270244 68.5156587588761 83.5906568457525 3.87362123610734 0.0426842320768581 0.4788128564655
14.1 4.95929898637687 68.5588382231549 83.5589845073911 3.86183642089961 0.0415904409336647 0.514681427656565
14.2 5.01412881383557 68.6020109990149 83.5273503003685 3.84993270930428 0.0405424740577489 0.551348775193438
14.3 5.06895647547381 68.6451787514891 83.4957564596294 3.8379141047933 0.0395440155070927 0.588577402963224
14.4 5.12378142397052 68.6883432157181 83.4642052501741 3.82578458759725 0.0385988800595153 0.626064260339536
14.5 5.17860313513197 68.7315061931762 83.4326989628568 3.81354811543001 0.0377109658733341 0.663436538986671
14.6 5.233421108731 68.7746695478981 83.4012399101825 3.80120862421336 0.0368841946931475 0.700250848946088
14.7 5.28823486933941 68.8178352027051 83.3698304221048 3.78877002880156 0.0361224390578043 0.735997098597311
14.8 5.34304396715033 68.8610051354313 83.3384728418237 3.77623622370596 0.0354294368531891 0.770108320032355
14.9 5.39784797878731 68.90418137515 83.3071695215828 3.76361108381965 0.0348086947331072 0.80197733742249
15 5.45264650809701 68.9473659984003 83.2759228184671 3.75089846514201 0.0342633833415204 0.830980520241164
15.1 5.50743918691811 68.9905611254124 83.2447350902066 3.73810220550309 0.0337962528402706 0.856538798911614
15.2 5.56222567573125 69.0337689163188 83.2136086911283 3.72522612528106 0.0334096070810698 0.878112976406517
15.3 5.61700566404129 69.0769915673264 83.1825459684887 3.71227402810213 0.0331051474184079 0.895209829599833
15.4 5.6717788706362 69.1202313068742 83.1515492589541 3.69924970153371 0.0328838660202809 0.907450494607559
15.5 5.72654504381115 69.1634903917898 83.1206208850882 3.68615691777715 0.0327459826214617 0.914598919471603
15.6 5.78130396155716 69.2067711034469 83.0897631518383 3.67299943436054 0.0326909083833215 0.916580510059353
15.7 5.836055431711 69.2500757439212 83.0589783430227 3.6597809948316 0.0327172402550929 0.913488334608782
15.8 5.89079929206203 69.2934066321483 83.028268717817 3.64650532945041 0.0328227865483049 0.90557599556112
15.9 5.94553541041233 69.3367661000796 82.9976365072412 3.63317615588225 0.0330046216200778 0.893238223109972
16 6.00026368458602 69.3801564888398 82.9670839106465 3.61979717989041 0.0332591650591485 0.87698194768792
16.1 6.05498404238504 69.4235801448894 82.9366130922093 3.60637209602837 0.0335823355604455 0.857432749153132
16.2 6.10969644150934 69.4670394163442 82.906226177615 3.5929045883156 0.0339698380134758 0.835232362886507
16.3 6.16440086947678 69.5105366496907 82.8759252512215 3.5793983308718 0.0344171174895727 0.810978034162496
16.4 6.21909734350857 69.5540741866587 82.845712353413 3.56585698853475 0.0349194056018965 0.785249285959665
16.5 6.27378591035715 69.597654361099 82.8155894779604 3.55228421747754 0.0354718136562152 0.758586796564024
16.6 6.32846664607233 69.641279495862 82.7855585693822 3.53868366582579 0.0360694155109466 0.731477704720008
16.7 6.38313965570393 69.6849518996757 82.755621520305 3.52505897427493 0.0367073182727405 0.704347049045347
16.8 6.43780507293747 69.7286738640239 82.7257801688243 3.51141377670735 0.0373807201750014 0.677554500610846
16.9 6.49246305966156 69.772447660024 82.6960362958647 3.49775170080968 0.038084955948642 0.651395268293627
17 6.54711380546395 69.816275535306 82.6663916225414 3.48407636869 0.0388155306724125 0.626103998556715
17.1 6.6017575270532 69.8601597108919 82.6368478075253 3.47039139749677 0.0395681811040301 0.601876262156754
17.2 6.65639446756961 69.9041023781376 82.6074064445456 3.45670040008157 0.0403390066694226 0.578849504394128
17.3 6.71102489573106 69.9481056958269 82.5780690602379 3.44300698577314 0.0411243687253785 0.557101297486225
17.4 6.76564910487122 69.9921717873264 82.5488371121288 3.42931476119524 0.0419208538890146 0.536677470080662
17.5 6.82026741190507 70.0363027377431 82.5197119866256 3.41562733108626 0.0427252704904342 0.517598304338509
17.6 6.87488015622214 70.0805005910811 82.490694997006 3.40194829911871 0.0435346425392952 0.499864022595612
17.7 6.92948769850767 70.1247673473994 82.4617873814079 3.38828126871884 0.0443462020902485 0.483459515529621
17.8 6.9840904194908 70.1691049599689 82.4329903008191 3.37462984388619 0.0451573807078501 0.468358325660011
17.9 7.03868871862039 70.2135153324297 82.4043048370673 3.36099763001311 0.0459658005798952 0.454525937866832
18 7.0932830126683 70.2580003159482 82.3757319908094 3.34738823470439 0.0467692656873933 0.441922449144475
18.1 7.14787373426068 70.3025617063826 82.3472726795335 3.33380526859838 0.0475658486282509 0.430492844072082
18.2 7.20246133033567 70.3472012416519 82.3189277358669 3.32025234623006 0.048354166707092 0.420168352331202
18.3 7.25704626053191 70.3919205996253 82.2906979066634 3.30673308700052 0.0491330843262739 0.410887611684818
18.4 7.31162899552504 70.4367213962147 82.2625838523968 3.29325111618826 0.0499016083825976 0.40259210405186
18.5 7.36621001531986 70.4816051834761 82.234586146567 3.27981006596215 0.0506588803972385 0.395226412659312
18.6 7.42078980750037 70.5265734477104 82.206705275105 3.26641357639437 0.0514041696975612 0.388738335969598
18.7 7.47536886544052 70.5716276075646 82.178941635779 3.25306529647337 0.0521368675768374 0.383078894387852
18.8 7.52994768647813 70.6167690121324 82.1512955375998 3.2397688851168 0.0528564823573422 0.378202257909436
18.9 7.58452677005465 70.6619989390558 82.1237672002264 3.22652801218445 0.0535626352814229 0.374065616430943
19 7.63910661582386 70.7073185926258 82.0963567533719 3.21334635949125 0.05425505715888 0.37062900943188
19.1 7.69368772173443 70.7527291018891 82.0690642362152 3.2002276218189 0.0549336367797552 0.367825312259598
19.2 7.74827058213949 70.7982315189112 82.0418895969853 3.18717550789528 0.0555985670731797 0.365586440766933
19.3 7.80285568602069 70.8438268174331 82.0148326929815 3.17419374129173 0.0562501810265985 0.363875009726533
19.4 7.85744351525785 70.8895158916846 81.9878932907648 3.16128606128796 0.0568888971779092 0.36265603370888
19.5 7.91203454289933 70.9352995552025 81.9610710663564 3.14845622373576 0.0575152177755488 0.361896619598073
19.6 7.9666292314347 70.9811785396497 81.9343656054361 3.1357080019227 0.0581297272692694 0.361565678717757
19.7 8.02122803107389 71.0271534936342 81.9077764035407 3.12304518743581 0.0587330910759306 0.361633658102989
19.8 8.07583137803541 71.0732249815272 81.8813028662622 3.1104715910253 0.0593260545674558 0.362072290284236
19.9 8.13043969284828 71.1193934822822 81.8549443094464 3.09799104346822 0.0599094422327965 0.362854360970165
20 8.18505337867077 71.1656593882539 81.8286999593911 3.08560739643216 0.0604841569668355 0.363953494092075
20.1 8.23967281963066 71.2120230040209 81.8025689530524 3.07332452333569 0.0610512123828855 0.365297366143059
20.2 8.2942983792041 71.2584845453124 81.7765503384459 3.06114632012285 0.0616118225586481 0.366813414945912
20.3 8.34893039866287 71.3050441382 81.7506430755482 3.04907670581982 0.0621672872770078 0.368475850292611
20.4 8.40356919557581 71.3517018183936 81.7248460373922 3.03711962300579 0.0627189552557657 0.370259370355816
20.5 8.45821506235578 71.3984575305408 81.6991580111717 3.02527903828038 0.0632682222826957 0.37213906608049
20.6 8.51286826485433 71.4453111275269 81.6735776993453 3.01355894273123 0.0638165292291107 0.374090348869788
20.7 8.56752904100756 71.4922623697746 81.6481037207401 3.00196335240148 0.0643653599215636 0.376088900820868
20.8 8.62219759953554 71.5393109245437 81.622734611656 2.99049630875729 0.0649162388545547 0.37811064683228
20.9 8.67687411869925 71.5864563652313 81.5974688269694 2.97916187915533 0.0654707287315493 0.380131747984601
21 8.73155874511689 71.6336981706709 81.5723047412374 2.96796415731034 0.0660304278222463 0.382128615478586
21.1 8.7862515926512 71.6810357244473 81.5472406498155 2.9569072637558 0.0665970258853267 0.383979764981609
21.2 8.84095274156221 71.7284683145894 81.5222747703342 2.94599534612765 0.0671724548136194 0.385563703985322
21.3 8.89566223824267 71.7759951342255 81.4974052450868 2.93523257899879 0.067758668317618 0.386858261724648
21.4 8.95038009523887 71.8236152826171 81.4726301437759 2.9246231635365 0.0683575715511593 0.387843046247669
21.5 9.00510629136813 71.8713277662074 81.4479474662743 2.91417132715316 0.0689710151176448 0.38849962388856
21.6 9.05984077192542 71.9191314996694 81.423355145385 2.9038813231569 0.0696007892627595 0.388811689661924
21.7 9.11458344897878 71.9670253069549 81.3988510496017 2.89375743040228 0.0702486183185437 0.388765222871034
21.8 9.16933420175392 72.0150079223425 81.3744329858694 2.88380395294095 0.0709161554575688 0.38834862255971
21.9 9.22409287710757 72.0630779914863 81.3500987023447 2.87402521967231 0.071604977818281 0.387552817943029
22 9.27885929008872 72.1112340724641 81.3258458911566 2.86442558399423 0.0723165820572811 0.386371349650633
22.1 9.33363322458364 72.1594746368227 81.3016721911694 2.85500942345202 0.0730523691947707 0.384789593475491
22.2 9.38841443393554 72.2077980705277 81.2775751908281 2.84578113934475 0.0738136069410588 0.382797122283994
22.3000000000001 9.4432026413663 72.2562026746761 81.2535524312085 2.83674515622305 0.0746014594992317 0.380397730405796
22.4000000000001 9.49799754036758 72.304686666113 81.2296014091498 2.82790592134419 0.0754169969776135 0.377597766612497
22.5000000000001 9.55279879516762 72.3532481780457 81.2057195803882 2.81926790412549 0.0762611944438184 0.37440601976091
22.6000000000001 9.60760604127555 72.4018852606573 81.1819043626932 2.81083559559777 0.077134931598929 0.370833571492443
22.7000000000001 9.66241888610234 72.4505958817207 81.1581531390018 2.80261350785875 0.0780389930617095 0.366893619683261
22.8000000000001 9.71723690965602 72.4993779272121 81.1344632605535 2.79460617352649 0.0789740692411751 0.362601276935125
22.9000000000001 9.77205966530954 72.5482292019252 81.1108320500253 2.78681814519284 0.0799407577706167 0.357973349020823
23.0000000000001 9.8268866806393 72.5971474300845 81.0872568046666 2.7792539948768 0.0809395654638546 0.35302809847217
23.1000000000001 9.88171745833901 72.6461302559734 81.0637347994507 2.77191831346917 0.0819709005587694 0.347686568721463
23.2000000000001 9.93655147737059 72.6951752449232 81.0402632906526 2.76481570994631 0.0830350193995095 0.341878460140465
23.3000000000001 9.99138819461073 72.7442798852211 81.0168395205121 2.75795080999847 0.0841320167097757 0.335636921136756
23.4000000000001 10.0462270467237 72.7934415903785 80.9934607223223 2.75132825442728 0.0852618358565863 0.328996016937218
23.5000000000001 10.1010674520904 72.8426577014143 80.9701241255354 2.74495269753449 0.0864242761214462 0.321990294288039
23.6000000000001 10.1559088127793 72.8919254891381 80.9468269608689 2.7388288055106 0.0876190005135327 0.31465436652712
23.7000000000001 10.2107505165558 72.9412421564329 80.9235664654103 2.73296125482356 0.0888455439941453 0.307022527216451
23.8000000000001 10.2655919389195 72.9906048405379 80.9003398877236 2.72735473060746 0.0901033219871045 0.299128398797817
23.9000000000001 10.320432445167 73.040010615332 80.8771444929545 2.72201392505119 0.091391639057234 0.291004620930369
24.0000000000001 10.3752713924708 73.0894564936162 80.8539775679363 2.71694353578714 0.0927096976495718 0.282682581424577
24.1000000000001 10.430108131973 73.1389394294031 80.8308364263 2.71214826427134 0.0940565579736641 0.274162358286372
24.2000000000001 10.4849420109898 73.188456320361 80.8077184137078 2.70763281394198 0.0954309918472365 0.26544683329185
24.3000000000001 10.5397723754782 73.2380040106548 80.7846209133973 2.70340188781524 0.0968316240038692 0.256568801056353
24.4000000000001 10.5945985725788 73.2875792939416 80.7615413518496 2.6994601858595 0.0982569889851344 0.247558659442292
24.5000000000001 10.6494199531207 73.3371789163728 80.7384772044613 2.69581240236103 0.0997055410537923 0.238444321768369
24.6000000000001 10.7042358740764 73.3867995795964 80.7154260012166 2.69246322328962 0.101175663720805 0.229251173790629
24.7000000000001 10.7590457009563 73.4364379437586 80.6923853323596 2.6894173236643 0.102665678852961 0.220002070223041
24.8000000000001 10.8138488101349 73.486090630506 80.6693528540667 2.68667936491897 0.104173855344018 0.210717365310153
24.9000000000001 10.8686445911013 73.5357542259877 80.6463262941185 2.68425399226811 0.105698417344978 0.201414971938929
25.0000000000001 10.9234324486241 73.5854252838574 80.6233034575723 2.68214583207243 0.107237552061059 0.192110443921227
25.1000000000001 10.9782118048271 73.6351003282758 80.6002822324273 2.68035948919947 0.108789383204195 0.182837801661138
25.2000000000001 11.0329821012618 73.6847758569316 80.5772605951035 2.67889954425188 0.110351877337522 0.173628255483127
25.3000000000001 11.0877428011131 73.7344483441069 80.554236615451 2.6777705504598 0.111922953816027 0.164489840305673
25.4000000000001 11.1424933913715 73.7841142437621 80.5312084615721 2.67697703044104 0.113500524299171 0.155428597971274
25.5000000000001 11.1972333848666 73.8337699926195 80.5081744046377 2.67652347295607 0.11508249768671 0.14644873939264
25.6000000000001 11.2519623221522 73.8834120132488 80.4851328237024 2.67641432966304 0.116666784792497 0.137552802422261
25.7000000000001 11.3066797732351 73.9330367171511 80.4620822105205 2.67665401187284 0.118251302807451 0.1287418034267
25.8000000000001 11.3613853391407 73.9826405078437 80.4390211743621 2.67724688730411 0.11983397960158 0.120015381132236
25.9000000000001 11.4160786533103 74.032219783945 80.4159484468281 2.67819727683824 0.121412757913979 0.111371931758141
26.0000000000001 11.4707593828223 74.0817709422587 80.3928628866665 2.67950945127446 0.12298559947694 0.102808734789872
26.1000000000001 11.5254272294364 74.1312903808531 80.3697634845679 2.68118762808415 0.12455049361927 0.0943823717431725
26.2000000000001 11.5800819305387 74.1807745019929 80.3466493674403 2.68323596814842 0.126105478446816 0.0861447685763543
26.3000000000001 11.6347232601166 74.2302197146983 80.3235198013626 2.68565857245272 0.127648636012415 0.0780852296647287
26.4000000000001 11.6893510296294 74.279622437157 80.3003741940159 2.68845947876472 0.129178089370196 0.0701928267989475
26.5000000000001 11.7439650886881 74.3289790991303 80.2772120970967 2.69164265831148 0.130692003259678 0.0624564715131471
26.6000000000001 11.7985653255399 74.3782861443599 80.2540332087286 2.69521201245656 0.132188585021206 0.0548649747153967
26.7000000000001 11.8531516673539 74.4275400329739 80.2308373758743 2.69917136937727 0.133666085756661 0.0474070952186703
26.8000000000001 11.9077240803073 74.4767372438934 80.2076245967482 2.70352448074177 0.135122801745892 0.0400715785211669
26.9000000000001 11.9622825694707 74.5258742772386 80.1843950232285 2.7082750183863 0.136557076127081 0.0328471871313641
27.0000000000001 12.0168271784905 74.5749476567355 80.1611489632692 2.7134265709923 0.13796730084674 0.0257227235755484
27.1000000000001 12.071357989075 74.6239539321082 80.1378868832759 2.71898264077875 0.139352043557063 0.0187851021729569
27.2000000000001 12.1258751204112 74.6728896811209 80.1146094095304 2.72494664058755 0.14071042303439 0.0121165313766557
27.3000000000001 12.1803787287486 74.7217515107265 80.0913173272009 2.73132189196695 0.142041733061301 0.0056996497918087
27.4000000000001 12.23486900699 74.7705360578642 80.0680115784017 2.73811162364805 0.143345314419373 -0.000481822012553703
27.5000000000001 12.2893461841763 74.8192399902436 80.0446932602158 2.74531897003648 0.144620551939365 -0.00644315098676638
27.6000000000001 12.3438105248646 74.8678600071287 80.021363622718 2.75294696970401 0.14586687195181 -0.0121986585670559
27.7000000000001 12.398262328401 74.9163928401218 79.9980240669973 2.76099856388025 0.147083740100003 -0.0177617847247498
27.8000000000001 12.4527019280928 74.964835253948 79.9746761431802 2.76947659494425 0.148270659480577 -0.0231451489085239
27.9000000000001 12.5071296902826 75.0131840472385 79.951321548453 2.7783838049162 0.149427169079477 -0.0283606077884304
28.0000000000001 12.5615460133278 75.061436053315 79.9279621250852 2.78772283394902 0.150552842474913 -0.0334193097561795
28.1000000000001 12.6159513264839 75.1095881409697 79.9045998584484 2.79749621881291 0.151647246390329 -0.0383177082797225
28.2000000000001 12.670346088607 75.1576372151342 79.8812368749422 2.80770639119357 0.152709820101209 -0.0430522991022293
28.3000000000001 12.7247307865257 75.2055802172694 79.8578754396833 2.8183556755178 0.153739998379059 -0.047633368451875
28.4000000000001 12.7791059332118 75.2534141256443 79.8345179541015 2.82944628659287 0.154737251670376 -0.0520706676471814
28.5000000000001 12.8334720658365 75.3011359556105 79.8111669535316 2.84098032723866 0.155701085731309 -0.0563734519198171
28.6000000000001 12.8878297437188 75.3487427598776 79.7878251048058 2.85295978591991 0.156631041449096 -0.0605505172356971
28.7000000000001 12.9421795461692 75.3962316287875 79.7644952038457 2.8653865343784 0.157526694831608 -0.06461023518775
28.8000000000001 12.9965220702299 75.4435996905894 79.7411801732548 2.87826232526511 0.158387657147016 -0.0685605859801447
28.9000000000001 13.0508579283156 75.4908441117145 79.7178830599101 2.89158878977248 0.159213575197664 -0.072409189578621
29.0000000000001 13.1051877457573 75.5379620970509 79.6946070325549 2.90536743526652 0.160004131713312 -0.0761633350992577
29.1000000000001 13.1595121582614 75.5849508902054 79.671355379354 2.91959964293885 0.160759183473625 -0.0797433912726568
29.2000000000001 13.2138318095392 75.6318077734335 79.6481315044942 2.93428666597235 0.16147915947331 -0.083070228892732
29.3000000000002 13.2681473495448 75.6785300667257 79.6249389223606 2.9494296290111 0.162164619896577 -0.086151123831357
29.4000000000002 13.3224594329784 75.7251151265616 79.6017812507585 2.96502952814403 0.162816111195711 -0.088992693463706
29.5000000000002 13.3767687178197 75.7715603446512 79.5786622040976 2.98108723090833 0.163434162680102 -0.0916009598596592
29.6000000000002 13.4310758638796 75.8178631466764 79.555585586577 2.99760347629288 0.164019283392562 -0.0939814069681948
29.7000000000002 13.4853815313716 75.8640209910322 79.5325552853701 3.01457887474169 0.16457195926309 -0.0961390321919909
29.8000000000002 13.539686379499 75.9100313675682 79.5095752638089 3.03201390815728 0.16509265053234 -0.098078392772241
29.9000000000002 13.5939910650581 75.9558917963299 79.4866495545693 3.04990892990414 0.16558178943834 -0.0998036472764029
30.0000000000002 13.648296241054 76.0015998263 79.4637822528555 3.06826416481214 0.166039778161005 -0.101318592523949
30.1000000000002 13.7026025553296 76.0471530341354 79.44097750958 3.08707970919014 0.166467057319029 -0.102613548390272
30.2000000000002 13.7569106492476 76.0925490227875 79.4182395244267 3.10635553110462 0.166864312289443 -0.103678009119581
30.3000000000002 13.8112211565147 76.1377854198274 79.395572538614 3.12609147133111 0.167232255266663 -0.104514047760929
30.4000000000002 13.8655347021003 76.1828598756547 79.372980827541 3.14628724457057 0.167571552224184 -0.105123450800268
30.5000000000002 13.9198519012107 76.2277700617015 79.3504686934286 3.16694244067603 0.167882821176334 -0.105507746322782
30.6000000000002 13.9741733583129 76.2725136686365 79.3280404579612 3.18805652587916 0.168166630740011 -0.10566822790495
30.7000000000002 14.0284996662021 76.3170884045696 79.3057004549279 3.20962884401695 0.168423499000378 -0.105605974452641
30.8000000000002 14.08283140511 76.3614919932559 79.2834530228638 3.23165861775825 0.168653892682911 -0.105321866166577
30.9000000000002 14.1371691418469 76.4057221722996 79.2613024976918 3.25414494983044 0.168858226634898 -0.104816596745332
31.0000000000002 14.1915134289747 76.4497766913587 79.2392532053631 3.27708682424598 0.169036863618147 -0.104090681984296
31.1000000000002 14.2458648040053 76.4936533103482 79.2173094545001 3.3004831075368 0.169190164238192 -0.103143638980214
31.2000000000002 14.3002237886867 76.5373497976211 79.195475529045 3.32433255018927 0.169318634842097 -0.101974339780615
31.3000000000002 14.3545908884863 76.5808639280938 79.1737556809313 3.3486337885885 0.169422775019383 -0.100582095692171
31.4000000000002 14.4089665921831 76.6241934813487 79.1521541227616 3.37338534716338 0.169503027748545 -0.0989660764615711
31.5000000000002 14.4633513715069 76.667336239737 79.1306750204871 3.39858564053931 0.169559780171442 -0.0971253089591211
31.6000000000002 14.5177456808137 76.7102899864799 79.1093224860862 3.42423297569084 0.169593364709986 -0.0950586728930637
31.7000000000002 14.5721499567936 76.7530525037714 79.0881005702435 3.45032555409447 0.169604060528808 -0.0927648936649899
31.8000000000002 14.6265646182041 76.7956215708804 79.0670132550289 3.47686147388131 0.169592095346358 -0.0902425324745079
31.9000000000002 14.6809900656254 76.8379949622523 79.0460644465761 3.50383873198981 0.169557647597289 -0.0874899738136109
32.0000000000002 14.7354266812304 76.8801704456118 79.0252579677618 3.53125522631849 0.169500848947873 -0.0845054104872449
32.1000000000002 14.789874828566 76.92214578007 79.0045975509027 3.55910875788288 0.169421832598905 -0.0813260108375546
32.2000000000002 14.8443348523359 76.9639187143781 78.9840868309134 3.58739703308359 0.169320877008842 -0.0779883711444796
32.3000000000002 14.8988070781857 77.0054869855497 78.9637293396383 3.61611766625597 0.169198279681219 -0.0744895852830135
32.4000000000002 14.9532918125142 77.0468483176289 78.9435285006448 3.645268182331 0.169054314841648 -0.0708266212584821
32.5000000000002 15.0077893423176 77.0880004204639 78.9234876240341 3.67484601950024 0.168889235618103 -0.0669963082021842
32.6000000000002 15.062299935065 77.1289409884809 78.9036099012529 3.70484853188094 0.168703276437871 -0.0629953228922285
32.7000000000002 15.1168238386025 77.1696676994574 78.8838983999037 3.73527299218103 0.16849665564579 -0.0588201759004673
32.8000000000002 15.1713612810843 77.2101782132962 78.8643560585563 3.76611659436423 0.168269578348937 -0.0544671974898979
32.9000000000002 15.2259124709301 77.2504701707987 78.8449856815588 3.79737645631504 0.168022239493404 -0.0499325234037632
33.0000000000002 15.2804775968061 77.290541192439 78.8257899338487 3.82904962250381 0.167754827179038 -0.0452120806964977
33.1000000000002 15.3350568276255 77.3303888771448 78.8067713357853 3.86113306664746 0.167467530605315 -0.0403515999547304
33.2000000000002 15.3896503124614 77.3700108012826 78.7879322585365 3.89362369425857 0.167160562601544 -0.0353968517673354
33.3000000000002 15.4442581802039 77.4094045181572 78.7692749208739 3.92651834491076 0.166834159088699 -0.0303435650570852
33.4000000000002 15.498880539134 77.4485675577159 78.7508013865225 3.95981379439246 0.166488577840972 -0.0251873406583427
33.5000000000002 15.5535174765233 77.4874974262587 78.7325135615309 3.99350675685633 0.166124100228475 -0.0199236472537877
33.6000000000002 15.6081690582649 77.5261916061501 78.7144131916426 4.02759388696867 0.165741033077108 -0.0145478182345564
33.7000000000002 15.6628353285392 77.56464755553 78.6965018596668 4.06207178205889 0.165339710651542 -0.00905504964572172
33.8000000000002 15.7175163095157 77.6028627080249 78.6787809828489 4.09693698426892 0.164920496767984 -0.00344039941652052
33.9000000000002 15.7722120010927 77.6408344724587 78.6612518102418 4.13218598270265 0.164483787043581 0.002301211929362
34.0000000000002 15.8269223806804 77.6785602325645 78.6439154200763 4.16781521557534 0.164030011289141 0.00817499881596461
34.1000000000002 15.8816474030254 77.7160373467006 78.6267727171342 4.20382107235633 0.1635595882167 0.0141737467347249
34.2000000000002 15.9363870000508 77.753263147718 78.6098244301822 4.24019989573629 0.163072785398841 0.0202903061312686
34.3000000000002 15.9911410806485 77.7902349432063 78.5930711095571 4.27694798314917 0.162569866846796 0.0265302319089875
34.4000000000002 16.0459095304605 77.82695001589 78.5765131248124 4.31406158811871 0.162051143759576 0.0328992665195085
34.5000000000002 16.10069221168 77.8634056240306 78.5601506623667 4.35153692159823 0.161516977376125 0.0394033318412045
34.6000000000002 16.1554889628773 77.8995990018283 78.5439837231516 4.3893701533104 0.160967781983901 0.0460485183357567
34.7000000000002 16.2102995988563 77.9355273598243 78.5280121202612 4.42755741308702 0.160404028093529 0.0528410710105322
34.8000000000002 16.2651239105454 77.9711878853025 78.5122354765995 4.46609479220877 0.159826245788802 0.0597873716643736
34.9000000000002 16.3199616649282 78.0065777426914 78.4966532225293 4.50497834474502 0.159235028262028 0.066893916901665
35.0000000000002 16.3748126050202 78.0416940739661 78.4812645935206 4.54420408889358 0.158631035543411 0.074167291244649
35.1000000000002 16.4296764498916 78.0765339990614 78.4660686278318 4.58376800831796 0.158015031107195 0.0815361845892989
35.2000000000002 16.4845528946484 78.1110946165694 78.4510641650373 4.6236660534187 0.157387978303894 0.0889276168296622
35.3000000000002 16.5394416102294 78.1453730051607 78.4362498467064 4.66389414243746 0.156750933996255 0.0963454968906767
35.4000000000002 16.5943422431942 78.1793662252908 78.4216241179288 4.70444816249522 0.156105013312022 0.103793419267531
35.5000000000002 16.6492544156046 78.2130713209165 78.4071852288722 4.7453239706279 0.155451388279069 0.111274632073
35.6000000000002 16.7041777250075 78.2464853212137 78.3929312363412 4.78651739482206 0.154791286519648 0.118792002992638
35.7000000000002 16.7591117445233 78.2796052422941 78.3788600053347 4.82802423505054 0.154125989993049 0.126347983070326
35.8000000000002 16.8140560230414 78.3124280889221 78.3649692106044 4.86984026430809 0.153456833774411 0.133944568299479
35.9000000000002 16.8690100855285 78.3449508562323 78.3512563382128 4.91196122964707 0.152785204856098 0.141583259017589
36.0000000000002 16.92397343345 78.3771705314462 78.3377186870914 4.95438285321307 0.152112540957273 0.149265017184711
36.1000000000002 16.9789455453048 78.4090840955941 78.3243533706149 4.9971008332757 0.151440327576369 0.156949361452001
36.2000000000002 17.033925877148 78.4406885253627 78.3111573186042 5.04011084513247 0.150770087107964 0.164594337880153
36.3000000000002 17.0889138629069 78.4719807952606 78.2981272804149 5.08340854169065 0.150103373796368 0.172197770113382
36.4000000000002 17.1439089146883 78.5029578799096 78.285259828454 5.12698955392217 0.149441770326113 0.179756803897957
36.5000000000002 17.1989104232031 78.5336167563407 78.2725513617133 5.17084949131372 0.148786883566069 0.187267894085626
36.6000000000003 17.253917758313 78.56395440629 78.2599981093022 5.21498394231679 0.148140340242929 0.194726795265105
36.7000000000003 17.3089302696981 78.5939678184949 78.2475961339812 5.25938847479772 0.14750378252933 0.20212855670438
36.8000000000003 17.3639472876459 78.6236539909902 78.235341335695 5.30405863648782 0.146878863535391 0.209467522181767
36.9000000000003 17.418968123959 78.6530099334038 78.2232294551054 5.34898995543338 0.146267242691567 0.21673733538036
37.0000000000003 17.4739920729802 78.6820326692527 78.2112560771252 5.39417794044574 0.145670581014513 0.223930951492048
37.1000000000003 17.5290184127333 78.710719238243 78.1994166344708 5.43961808155263 0.145090562949711 0.230990005389615
37.2000000000003 17.5840464061371 78.73906669866 78.1877064117493 5.4853058504823 0.1445289586588 0.23785379628365
37.3000000000003 17.6390753022384 78.7670721299892 78.1761205508964 5.53123670123082 0.143987514768408 0.244510931020236
37.4000000000003 17.6941043375277 78.7947326356295 78.164654057147 5.57740607066224 0.143467915970266 0.250949651467599
37.5000000000003 17.7491327373722 78.8220453456076 78.1533018050266 5.62380937910996 0.142971776406209 0.257157951486221
37.6000000000003 17.80415971756 78.8490074192948 78.1420585443425 5.67044203097816 0.142500631148587 0.263123703268458
37.7000000000003 17.8591844859476 78.8756160481223 78.1309189061751 5.71729941534316 0.142055927818373 0.268834791795287
37.8000000000003 17.914206244203 78.9018684582968 78.119877408869 5.76437690655483 0.141639018390461 0.274279255935936
37.9000000000003 17.9692241896353 78.9277619135164 78.1089284640241 5.81166986483796 0.141251151237047 0.279445434323398
38.0000000000003 18.0242375171025 78.9532937176866 78.0980663824874 5.85917363689367 0.140893463466148 0.284322113932988
38.1000000000003 18.0792454209858 78.9784612176298 78.0872853803527 5.9068835565039 0.140567025019708 0.288879018664024
38.2000000000003 18.1342470971839 79.003261805654 78.0765795851951 5.95479494521568 0.14027298061595 0.293084672949339
38.3000000000003 18.1892417450658 79.0276929217591 78.0659430429005 6.0029031132283 0.140012378845551 0.296927216970139
38.4000000000003 18.2442285694533 79.0517520557013 78.0553697247285 6.05120336036023 0.139786111794819 0.300395898945867
38.5000000000003 18.2992067826632 79.0754367490524 78.0448535343848 6.09969097701921 0.139594908017629 0.303481239166405
38.6000000000003 18.354175606599 79.0987445972582 78.0343883150935 6.14836124517223 0.139439326272992 0.306175179041113
38.7000000000003 18.4091342748801 79.1216732516977 78.0239678566697 6.19720943931566 0.139319750096001 0.308471211790844
38.8000000000003 18.464082034995 79.144220421742 78.0135859025913 6.24623082744521 0.139236383260616 0.310364491736322
38.9000000000003 18.5190181504647 79.1663838768133 78.0032361570718 6.29542067202602 0.139189246184586 0.311851919646399
39.0000000000003 18.5739419030052 79.1881614484437 77.9929122921323 6.34477423096272 0.13917817331585 0.312932202066621
39.1000000000003 18.6288525946767 79.2095510323353 77.9826079546696 6.39428675857187 0.139202810181032 0.313615939297564
39.2000000000003 18.6837495500945 79.2305505904464 77.9723167734082 6.44395350661844 0.139262609915129 0.313915610001111
39.3000000000003 18.7386321188236 79.2511581531465 77.9620323655603 6.49376972551438 0.139356839786243 0.313835415745045
39.4000000000003 18.7934996778081 79.2713718213969 77.9517483433694 6.54373066558121 0.139484584331457 0.313381249819718
39.5000000000003 18.8483516337337 79.2911897689326 77.9414583206498 6.59383157831498 0.139644747780545 0.312560623442347
39.6000000000003 18.9031874253079 79.3106102444448 77.9311559193262 6.64406771765128 0.139836057355755 0.31138256997442
39.7000000000003 18.9580065254452 79.3296315737625 77.9208347759733 6.69443434123026 0.140057067402878 0.309857529563088
39.8000000000003 19.0128084433433 79.3482521620349 77.910488548355 6.74492671166159 0.140306164302066 0.307997217052535
39.9000000000003 19.0675927264374 79.366470495913 77.9001109219644 6.79554009778945 0.140581572094716 0.305814476319902
40.0000000000003 19.1223589622203 79.3842851457321 77.8896956165627 6.84626977595759 0.140881358765496 0.303323124282046
40.1000000000003 19.1771067799198 79.4016947676925 77.8792363927198 6.89711103127904 0.141203457435641 0.300533897413233
40.2000000000003 19.2318358521212 79.4186981060135 77.8687270583634 6.9480591590302 0.141545712791617 0.297457708759942
40.3000000000003 19.2865458964886 79.4352939950186 77.8581614753544 6.9991094663603 0.141905838960824 0.294109664287346
40.4000000000003 19.3412366774171 79.4514813611935 77.8475335660716 7.05025727412526 0.142281412277558 0.290505259425088
40.5000000000003 19.3959080075014 79.4672592252434 77.8368373199967 7.1014979187262 0.14266987970245 0.28666021610542
40.6000000000003 19.4505597488067 79.4826267041495 77.8260668002997 7.15282675394799 0.143068567523484 0.282590325502408
40.7000000000003 19.5051918139282 79.4975830132267 77.8152161504241 7.20423915279787 0.143474690269992 0.278311298556774
40.8000000000003 19.5598041668287 79.5121274681803 77.8042796006719 7.25573050934395 0.143885359784287 0.273838625904064
40.9000000000003 19.6143968234432 79.5262594871629 77.7932514747891 7.30729624055382 0.144297594392416 0.269187448421129
41.0000000000003 19.6689698520384 79.5399785928319 77.7821261965504 7.3589317881331 0.144708328124671 0.264372439260959
41.1000000000003 19.7235233733234 79.5532844143977 77.7708982963261 7.41063262036626 0.145114508469605 0.259447200181018
41.2000000000003 19.7780575604032 79.5661766894524 77.7595624171528 7.46239423401717 0.14551338056605 0.254461782873881
41.3000000000003 19.832572638755 79.5786552652405 77.7481133195504 7.51421215638089 0.145902245753131 0.249424668157171
41.4000000000003 19.8870688860863 79.5907200997084 77.7365458858427 7.5660819473952 0.146278381311003 0.244343715689199
41.5000000000003 19.9415466319775 79.6023712625473 77.7248551244603 7.61799920175432 0.146639046104658 0.239226145102342
41.6000000000003 19.9960062572997 79.6136089362345 77.7130361742431 7.66995955102273 0.146981486116272 0.234078522415225
41.7000000000003 20.0504481934034 79.6244334170754 77.7010843087425 7.7219586657489 0.147302939862643 0.228906750985666
41.8000000000003 20.1048729210764 79.6348451162455 77.688994940524 7.77399225757909 0.147600643697568 0.22371606623579
41.9000000000003 20.1592809692665 79.6448445608322 77.6767636254694 7.82605608137111 0.147871836992002 0.218511033396502
42.0000000000003 20.213672913568 79.6544323948768 77.6643860670797 7.8781459373081 0.148113767194908 0.213295547489598
42.1000000000003 20.2680493744739 79.6636093804106 77.6518581207539 7.93025767301153 0.148323785441893 0.208120943789091
42.2000000000003 20.3224110154869 79.6723763983431 77.6391757974694 7.98238718563451 0.148499633027563 0.203035793724726
42.3000000000003 20.3767585412601 79.6807344489742 77.6263352659389 8.03453042390498 0.148639189375359 0.198039076460701
42.4000000000003 20.4310926956544 79.688684652358 77.6133328541691 8.0866833901492 0.148740385093002 0.193129437448138
42.5000000000003 20.4854142596328 79.6962282486613 77.6001650509952 8.13884214231448 0.148801203063297 0.18830521573137
42.6000000000003 20.5397240489907 79.7033665985223 77.5868285076159 8.19100279599192 0.148819679478541 0.183564468087676
42.7000000000003 20.5940229119284 79.7101011834082 77.5733200391285 8.24316152643915 0.148793904813225 0.178904990006146
42.8000000000003 20.648311726469 79.7164336059743 77.5596366260636 8.295314570603 0.148722024728038 0.174324333506254
42.9000000000003 20.7025913977279 79.722365590422 77.5457754159206 8.3474582291423 0.148602240899937 0.169819821792751
43.0000000000003 20.7568628550404 79.7278989828571 77.5317337247017 8.39958886845056 0.148432811766575 0.165388560774838
43.1000000000003 20.8111270489546 79.7330357516455 77.517509038427 8.45170292267748 0.148212131474945 0.161070446196058
43.2000000000003 20.8653849482013 79.7377779876908 77.5030990141098 8.50379689571789 0.147938971159065 0.156904347664899
43.3000000000003 20.9196375368243 79.7421279045166 77.4885014793658 8.55586736311826 0.147612253628993 0.152885777961209
43.4000000000003 20.9738858113488 79.746087838271 77.4737144314835 8.60791097395071 0.147230974620317 0.14901039928225
43.5000000000003 21.0281307779033 79.7496602477277 77.4587360364741 8.65992445268564 0.146794200749146 0.145274035416334
43.6000000000004 21.0823734492975 79.7528477142883 77.443564628121 8.71190460106458 0.146301067451179 0.141672682137463
43.7000000000004 21.1366148420679 79.7556529419834 77.4281987070301 8.76384829997285 0.145750776895548 0.138202516226686
43.8000000000004 21.1908559734964 79.7580787574743 77.4126369396792 8.81575251131228 0.145142595865083 0.134859903399302
43.9000000000004 21.2450978586141 79.7601281100545 77.3968781574681 8.86761427987399 0.144475853594466 0.131641405515287
44.0000000000004 21.299341507196 79.7618040716516 77.380921355768 8.9194307352111 0.143749939560044 0.128543787297085
44.1000000000004 21.35358792075 79.7631098368154 77.3647656929459 8.9711990934967 0.142964474468024 0.125614386755833
44.2000000000004 21.4078380893493 79.7640487223679 77.3484104887123 9.02291665899862 0.142119837694763 0.122899911829749
44.3000000000004 21.4620929880969 79.7646241661934 77.3318552207542 9.07458082458134 0.141216661239665 0.120396864887659
44.4000000000004 21.5163535735524 79.764839725689 77.3150995206929 9.12618907182465 0.140255653656595 0.118102454635252
44.5000000000004 21.570620780305 79.7646990762033 77.298143170015 9.1777389711276 0.139237594723544 0.11601460402691
44.6000000000004 21.6248955177099 79.7642060094738 77.2809860960038 9.2292281818124 0.138163330260937 0.114131961957409
44.7000000000004 21.6791786667923 79.7633644320655 77.263628367671 9.28065445222835 0.137033767103153 0.112453919161365
44.8000000000004 21.7334710773284 79.7621783638088 77.2460701916878 9.33201561985582 0.135849868230289 0.110980628820276
44.9000000000004 21.7877735651076 79.7606519362373 77.2283119083162 9.38330961141011 0.13461264806484 0.109713032418487
45.0000000000004 21.8420869093818 79.7587893910262 77.2103539873407 9.43453444294543 0.133323167944171 0.10865289141928
45.1000000000004 21.8964118505097 79.7565950784407 77.1921970240065 9.48568821996435 0.131982439325172 0.107798923461737
45.2000000000004 21.950749087856 79.7540734560619 77.1738417351449 9.53676913767159 0.13059114101813 0.107151763350807
45.3000000000004 22.0050992780238 79.7512290882154 77.1552889557711 9.58777548159404 0.129149890806279 0.106717442357803
45.4000000000004 22.0594630332995 79.7480666456768 77.136539635869 9.63870562834508 0.12765933465375 0.106503076444801
45.5000000000004 22.1138409202507 79.7445909053883 77.1175948371829 9.68955804639447 0.126120143999269 0.106516972466019
45.6000000000004 22.168233458477 79.7408067501748 77.0984557300096 9.74033129683821 0.124533013250952 0.106768750470589
45.7000000000004 22.222641119519 79.73671916846 77.0791235899896 9.79102403416843 0.122898657504723 0.107269484711213
45.8000000000004 22.2770643259281 79.7323332539832 77.0595997948996 9.84163500704324 0.121217810507797 0.108031866420816
45.9000000000004 22.3315034505009 79.7276542055151 77.0398858214436 9.89216305905663 0.119491222897018 0.109070391944993
46.0000000000004 22.3859588156806 79.7226873265743 77.0199832420454 9.94260712950832 0.117719660739322 0.110401580575711
46.1000000000004 22.4404306931228 79.7174380251275 76.9998937216202 9.99296625415811 0.115904088813085 0.112073238959831
46.2000000000004 22.4949193032926 79.7119118128672 76.9796190138458 10.0432395655763 0.114046227858814 0.114135167220968
46.3000000000004 22.5494248149078 79.7061143034174 76.9591609561564 10.0934262924689 0.112148008962005 0.116610688588003
46.4000000000004 22.6039473445042 79.7000512101182 76.9385214642358 10.1435257585987 0.110211389634961 0.119526227255665
46.5000000000004 22.6584869562719 79.6937283437927 76.9177025264904 10.1935373816912 0.108238353779204 0.12291163743762
46.6000000000004 22.7130436621655 79.6871516105151 76.8967061985223 10.2434606723401 0.106230912447282 0.126800577809326
46.7000000000004 22.767617422286 79.680327009378 76.8755345976025 10.2932952329132 0.104191105478845 0.131230937024453
46.8000000000004 22.8222081455291 79.67326063026 76.8541898971445 10.3430407564577 0.102121004104077 0.136245316398547
46.9000000000004 22.8768156904973 79.6659586515937 76.8326743211767 10.3926970256066 0.100022714614103 0.141891576476836
47.0000000000004 22.9314398666709 79.6584273381326 76.8109901388163 10.4422639114837 0.0978983832240595 0.148223454521992
47.1000000000004 22.9860804358248 79.6506730387086 76.7891396587445 10.4917413726003 0.0957502680140447 0.155276528860645
47.2000000000004 23.0407371134945 79.642702183711 76.7671252237368 10.5411294535083 0.0935809438463743 0.163088877550995
47.3000000000004 23.0954095701831 79.6345212818594 76.7449492053347 10.5904282828361 0.0913931135781775 0.171728098307899
47.4000000000004 23.1500974326333 79.6261369166999 76.7226139985723 10.6396380710812 0.0891895515674196 0.181269422106383
47.5000000000004 23.2048002853512 79.6175557430898 76.7001220167053 10.6887591083936 0.0869731146632987 0.191796469434221
47.6000000000004 23.2595176723834 79.6087844836823 76.6774756859392 10.7377917623588 0.0847467552353973 0.203402041560043
47.7000000000004 23.3142490993385 79.5998299254115 76.6546774401592 10.7867364757819 0.0825135364858922 0.216188926094914
47.8000000000004 23.3689940356433 79.5906989159773 76.6317297156578 10.8355937644699 0.0802766503205162 0.23027068389395
47.9000000000004 23.4237519170266 79.5813983603303 76.6086349458648 10.8843642150158 0.0780394380825106 0.245772367036809
48.0000000000004 23.4785221482197 79.5719352171566 76.5853955560753 10.9330484825817 0.0758054144810076 0.262831093538881
48.1000000000004 23.5333041058576 79.5623164953493 76.5620139581867 10.9816472886741 0.0735783420366858 0.281528221516842
48.2000000000004 23.5880971413758 79.5525492501311 76.5384925456393 11.0301614187181 0.0713623948064224 0.301943010710936
48.3000000000004 23.6429005835845 79.5426405782908 76.5148336888749 11.0785917191186 0.0691620347324581 0.324224485878855
48.4000000000004 23.6977137412324 79.5325976130714 76.4910397309994 11.1269390941203 0.0669819948229342 0.348527626015849
48.5000000000004 23.7525359057477 79.522427519044 76.4671129834529 11.1752045026595 0.0648273141734129 0.375010115355217
48.6000000000004 23.8073663541504 79.5121374869826 76.4430557216802 11.2233889552165 0.0627033757265957 0.403827436811645
48.7000000000004 23.8622043521245 79.5017347287382 76.4188701808012 11.2714935106672 0.0606159461181174 0.435125777534571
48.8000000000004 23.9170491572372 79.4912264721134 76.3945585512812 11.3195192731353 0.0585712164909184 0.469032117379941
48.9000000000004 23.9719000222929 79.4806199557362 76.3701229746014 11.3674673888442 0.0565758424951152 0.505640796355481
49.0000000000004 24.0267561988104 79.4699224239352 76.3455655389289 11.4153390429692 0.054636980811259 0.544995844715926
49.1000000000004 24.0816169405998 79.4591411216011 76.3208882748031 11.4631354564846 0.0527622960328603 0.586945066889661
49.2000000000004 24.1364815072089 79.4482832887392 76.2960931512211 11.5108578828825 0.0509598827080397 0.631217596855408
49.3000000000004 24.1913491668663 79.4373561542322 76.2711820727405 11.5585076045677 0.0492382744626533 0.677527050495789
49.4000000000004 24.2462191992618 79.4263669292932 76.2461568769824 11.6060859291241 0.0476064141664444 0.725425848091813
49.5000000000004 24.3010908983712 79.4153228009059 76.2210193321493 11.6535941855758 0.0460735707470628 0.774274382574912
49.6000000000004 24.3559635753205 79.4042309252654 76.1957711345432 11.7010337206494 0.0446492097097138 0.823216062532977
49.7000000000004 24.4108365612743 79.3930984212194 76.1704139060842 11.7484058950352 0.0433428092944219 0.871165104822752
49.8000000000004 24.4657092103372 79.3819323637081 76.1449491918284 11.7957120796488 0.0421636173140978 0.916815378078226
49.9000000000004 24.5205809024517 79.3707397772054 76.1193784574862 11.8429536518928 0.041120349433695 0.958678619435917
50.0000000000004 24.5754510462827 79.3595276291591 76.0937030869404 11.8901319919183 0.0402208381082114 0.995157930634058
50.1000000000004 24.6303190820659 79.3483028234388 76.0679243797838 11.9372484788903 0.039471526923776 1.02470011315087
50.2000000000004 24.6851844842327 79.3370721939566 76.0420435493556 11.9843044873558 0.0388767335923135 1.04594580274082
50.3000000000004 24.7400467635078 79.3258424987289 76.016061722045 12.0313013838699 0.0384387278438301 1.05780375122831
50.4000000000004 24.7949054687397 79.3146204141123 75.9899799370943 12.0782405237253 0.0381576262430915 1.05958875089458
50.5000000000004 24.8497601886263 79.3034125290459 75.9637991464205 12.1251232476848 0.0380312728118646 1.05110257927011
50.6000000000004 24.9046105533342 79.2922253392931 75.9375202144374 12.1719508787146 0.0380552532610643 1.03265706610261
50.7000000000005 24.9594562360025 79.2810652416844 75.9111439178777 12.2187247187163 0.038223044243627 1.00503417076474
50.8000000000005 25.0142969541223 79.2699385283596 75.8846709456152 12.2654460452608 0.0385262801041783 0.969392054552965
50.9000000000005 25.0691324707851 79.2588513810099 75.8581018984862 12.3121161083203 0.0389551046329636 0.92713710319602
51.0000000000005 25.1239625957901 79.2478098651201 75.831437289112 12.3587361270015 0.0394985675855422 0.879786334070471
51.1000000000005 25.1787871866037 79.2368199241964 75.8046775417221 12.4053072862742 0.0401449826774702 0.828715180859398
51.2000000000005 25.233606149127 79.2258873736025 75.7778229920147 12.4518307335847 0.0408821378303612 0.775213255544191
51.3000000000005 25.2884194382046 79.2150178934059 75.75087388711 12.4983075751792 0.0416976994614678 0.72053379409511
51.4000000000005 25.3432270579198 79.2042170208333 75.7238303855412 12.5447388723118 0.0425795266543189 0.665717634328538
51.5000000000005 25.3980290617031 79.1934901427108 75.6966925572464 12.5911256374485 0.043515884720346 0.611584287002451
51.6000000000005 25.4528255522487 79.1828424879039 75.6694603835605 12.6374688304715 0.0444955961223548 0.558743091771433
51.7000000000005 25.507616681231 79.1722791197587 75.6421337572073 12.6837693548825 0.0455081371775035 0.507616611997217
51.8000000000005 25.5624026488172 79.1618049285415 75.6147124822918 12.7300280540072 0.0465436909495779 0.458469756330755
51.9000000000005 25.6171837029703 79.1514246238795 75.5871962742917 12.7762457071989 0.0475931668856338 0.411439922147513
52.0000000000005 25.6719601385392 79.1411427272012 75.5595847600497 12.8224230260426 0.0486481967718164 0.366565190142696
52.1000000000005 25.7267322961245 79.1309635641955 75.5318774777833 12.8685606505639 0.0497011205033635 0.32399147862689
52.2000000000005 25.7815005605131 79.1208912577621 75.5040738775545 12.9146591455672 0.0507449960704459 0.28379046284941
52.3000000000005 25.8362653583493 79.1109297222094 75.4761733229079 12.9607189973026 0.0517735796933612 0.245806459259983
52.4000000000005 25.891027155378 79.1010826579429 75.4481750929689 13.0067406102624 0.0527812725252255 0.209863237722301
52.5000000000005 25.9457864534687 79.0913535461728 75.4200783845594 13.052724303982 0.0537630697360176 0.175773935585475
52.6000000000005 26.0005437874353 79.081745643622 75.3918823143141 13.0986703098413 0.0547145146545737 0.143348080585558
52.7000000000005 26.0552997216572 79.0722619772333 75.3635859207959 13.1445787678661 0.055631658648623 0.112396383572152
52.8000000000005 26.1100548465081 79.0629053388774 75.335188166612 13.1904497235289 0.0565110270029851 0.0827338544742641
52.9000000000005 26.1648097746001 79.0536782800601 75.3066879405298 13.2362831245505 0.0573495907937026 0.0541816880846872
53.0000000000005 26.2195651368539 79.0445831066305 75.2780840595928 13.2820788177014 0.0581447446001953 0.0265682706978979
53.1000000000005 26.2743215784029 79.0356218735134 75.2493752712403 13.3278365456111 0.058894390481552 -0.000134092039452468
53.2000000000005 26.3290797543709 79.0267963800932 75.2205602555274 13.3735559437994 0.0595972276199219 -0.0259532999442565
53.3000000000005 26.3838403255849 79.0181081672523 75.1916376276008 13.4192365382695 0.0602524366388096 -0.0510462197823948
53.4000000000005 26.4386039542109 79.0095585150605 75.162605940274 13.4648777433219 0.0608595654706905 -0.0755579514777477
53.5000000000005 26.4933712993047 79.0011484404891 75.1334636866072 13.5104788593779 0.0614185203754571 -0.099622710641445
53.6000000000005 26.5481430122924 78.9928786951258 75.104209302487 13.5560390708016 0.0619295614010755 -0.123364615040073
53.7000000000005 26.6029197323947 78.9847497628892 75.0748411692057 13.6015574437233 0.0623933018959287 -0.146898329414018
53.8000000000005 26.6577020820128 78.9767618577428 75.0453576160413 13.647032923862 0.0628107117396195 -0.170329533111445
53.9000000000005 26.7124906620891 78.96891492141 75.0157569228367 13.6924643343484 0.0631831240027541 -0.193755181087249
54.0000000000005 26.7672860474628 78.9612086210887 74.9860373225796 13.7378503735474 0.0635122447735466 -0.217263531687744
54.1000000000005 26.8220887822373 78.9536423471986 74.9561970039883 13.7831896128942 0.0638002808076033 -0.240751520803417
54.2000000000005 26.8768993752494 78.9462152120004 74.9262341142514 13.8284804950638 0.0640502753134759 -0.264103395556309
54.3000000000005 26.9317182957821 78.938926050424 74.8961467621623 13.8737213329887 0.064265730115243 -0.28737140090396
54.4000000000005 26.9865459694437 78.9317734217673 74.865933021407 13.9189103092109 0.0644504864804202 -0.310593717931234
54.5000000000005 27.0413827741625 78.9247556114293 74.8355909338593 13.9640454752467 0.0646087267232738 -0.333793942337486
54.6000000000005 27.0962290363105 78.9178706326419 74.8051185128747 14.0091247509511 0.064744975880712 -0.356980368943467
54.7000000000005 27.1510850269691 78.9111162282027 74.774513746585 14.054145923883 0.0648641028053227 -0.380145127016872
54.8000000000005 27.205950958352 78.9044898722078 74.7437746011932 14.0991066486696 0.0649713199635732 -0.403263225207741
54.9000000000005 27.2608269803987 78.8979887717837 74.7128990242675 14.1440044463711 0.0650721811647021 -0.426291581710206
55.0000000000005 27.3157131775503 78.8916098688201 74.681884948036 14.1888367038455 0.065172576390005 -0.449168134039816
55.1000000000005 27.370609565736 78.8853498417442 74.6507302926838 14.233600673137 0.0652788152576698 -0.471565657109995
55.2000000000005 27.4255160899032 78.8792051083774 74.6194329697204 14.2782934714752 0.0653978238563169 -0.49313005528024
55.3000000000005 27.4804326226312 78.8731718315408 74.5879908855246 14.3229120828263 0.0655367195265193 -0.513732436358002
55.4000000000005 27.5353589633317 78.8672459257433 74.5564019449597 14.3674533600556 0.065702651700147 -0.533230571180945
55.5000000000005 27.590294837719 78.861423063912 74.5246640549916 14.4119140271127 0.0659027452480037 -0.551472609420037
55.6000000000005 27.64523989754 78.8556986841216 74.492775128306 14.4562906812181 0.0661440390739613 -0.568301562645893
55.7000000000005 27.7001937205616 78.8500679963245 74.4607330869268 14.5005797950484 0.0664334208337542 -0.583560476224484
55.8000000000005 27.7551558108164 78.8445259890809 74.4285358658339 14.5447777189226 0.0667775590455265 -0.597098132852216
55.9000000000005 27.810125599104 78.8390674362882 74.3961814165806 14.5888806829874 0.0671828342277514 -0.608775051474506
56.0000000000005 27.8651024437436 78.8336869039115 74.3636677109119 14.6328847994035 0.0676552710071556 -0.618469476428537
56.1000000000005 27.9200856315832 78.8283787567217 74.3309927443812 14.6767860645405 0.0682004654750165 -0.626026974965812
56.2000000000005 27.9750743794365 78.8231371652657 74.2981545399411 14.7205803614139 0.0688234789388418 -0.631325833555045
56.3000000000005 28.030067836229 78.8179561134205 74.2651511514693 14.7642634627364 0.0695287685984486 -0.634336520935824
56.4000000000005 28.0850650855553 78.8128294061792 74.2319806672683 14.8078310342109 0.0703201470942053 -0.63506631640049
56.5000000000005 28.1400651484588 78.8077506774449 74.1986412135639 14.8512786378333 0.0712007524614518 -0.633559846939959
56.6000000000005 28.1950669864154 78.8027133978255 74.165130958004 14.8946017351943 0.0721730316185598 -0.629897863141562
56.7000000000005 28.2500695045088 78.7977108824278 74.1314481131577 14.9377956907825 0.0732387376628167 -0.624194363374875
56.8000000000005 28.3050715547845 78.7927362986515 74.0975909400137 14.9808557752865 0.0743989405652173 -0.616592307389705
56.9000000000005 28.3600719397709 78.7877826739844 74.0635577514793 15.0237771688973 0.0756540502176314 -0.607258261961828
57.0000000000005 28.4150694161503 78.7828429037958 74.0293469158788 15.0665549646107 0.0770038502602619 -0.596376380703394
57.1000000000005 28.4700626985751 78.7779097591459 73.9949568604543 15.1091841715423 0.0784474799558462 -0.58407363858645
57.2000000000005 28.5250504637895 78.7729758949698 73.9603860749084 15.1516597185583 0.0799832716467866 -0.570496385317392
57.3000000000005 28.5800313553164 78.7680338592144 73.9256331150545 15.1939764587101 0.0816089388181054 -0.555866051164888
57.4000000000005 28.6350039883944 78.7630761023507 73.8906966065105 15.2361291739864 0.0833216934901875 -0.540398000044584
57.5000000000005 28.6899669549629 78.7580949869008 73.8555752483928 15.2781125800757 0.0851183111277712 -0.524296824353829
57.6000000000005 28.744918828666 78.7530827969649 73.8202678170114 15.3199213311306 0.086995194044855 -0.507752735133788
57.7000000000006 28.7998581698505 78.7480317477476 73.7847731695645 15.3615500245309 0.0889484316784348 -0.49093904119017
57.8000000000006 28.854783530537 78.742933995085 73.7490902478332 15.4029932056473 0.0909738565286612 -0.474010639342542
57.9000000000006 28.909693459337 78.7377816449717 73.7132180818761 15.4442453726047 0.0930670949643517 -0.457103389969697
58.0000000000006 28.9645865062947 78.7325667630871 73.6771557937242 15.4853009810459 0.0952236124555692 -0.440334225670053
58.1000000000006 29.019461227644 78.7272813843298 73.640902601061 15.526154448907 0.097438745945047 -0.423768411687354
58.2000000000006 29.0743161908962 78.7219175225308 73.6044578205348 15.5668001615025 0.0997076945684412 -0.407458251470505
58.3000000000006 29.1291499809367 78.7164671806246 73.5678208701338 15.6072324773974 0.102025533062338 -0.391475779525186
58.4000000000006 29.1839612063994 78.7109223610006 73.5309912711935 15.647445734589 0.104387240017665 -0.375878625482459
58.5000000000006 29.2387485058523 78.7052750758603 73.4939686503891 15.6874342567005 0.106787720002747 -0.360711468344826
58.6000000000006 29.2935105537472 78.6995173575756 73.4567527417284 15.7271923591747 0.109221821594181 -0.346007530794103
58.7000000000006 29.3482460661045 78.6936412690467 73.4193433885445 15.7667143554678 0.111684351813853 -0.331790051644253
58.8000000000006 29.4029538059056 78.6876389140598 73.3817405454884 15.8059945632427 0.114170087483866 -0.318073691692816
58.9000000000006 29.4576325881605 78.6815024476454 73.3439442805218 15.8450273105635 0.116673784000869 -0.304865842994111
59.0000000000006 29.5122812846258 78.6752240864356 73.30595477691 15.8838069420884 0.119190182004906 -0.292167823557844
59.1000000000006 29.566898828152 78.6687961190024 73.2677723351957 15.9223278252591 0.121714160800804 -0.280004247665958
59.2000000000006 29.6214842169434 78.6622109156657 73.2293973746866 15.9605843563674 0.124241188213827 -0.268387601117151
59.3000000000006 29.6760365192234 78.6554609369615 73.1908304337075 15.9985709663117 0.126766877346477 -0.257296268880025
59.4000000000006 29.7305548778384 78.6485387415793 73.1520721693668 16.036282126231 0.129286835925318 -0.246707871308103
59.5000000000006 29.7850385144818 78.6414369942812 73.1131233573033 16.0737123531345 0.131796663718417 -0.236599639919307
59.6000000000006 29.8394867335059 78.6341484738191 73.0739848914332 16.1108562155307 0.134291950257495 -0.226948720200214
59.7000000000006 29.8938989252991 78.6266660808536 73.0346577836977 16.1477083390571 0.136768272989656 -0.217732411963018
59.8000000000006 29.9482745692083 78.6189828458717 72.99514316381 16.1842634121098 0.139221195965088 -0.208928356705433
59.9000000000006 30.0026132359861 78.6110919371051 72.9554422790023 16.2205161914723 0.141646269144489 -0.200514680373014
60.0000000000006 30.0569145897419 78.6029866684481 72.9155564937732 16.2564615079455 0.144039028397697 -0.192470098853857
60.1000000000006 30.1111783893929 78.5946605073557 72.875487289614 16.2920942719709 0.146395159801756 -0.18478718697047
60.2000000000006 30.1654044899657 78.5861070822088 72.8352362641931 16.327409479094 0.148710986789155 -0.177455073829467
60.3000000000006 30.2195928443575 78.5773201883292 72.7948051291633 16.3624022150237 0.150982971429271 -0.170449103005227
60.4000000000006 30.2737435050195 78.5682937934628 72.7541957074286 16.397067660531 0.153207549542801 -0.163746255012366
60.5000000000006 30.3278566251991 78.5590220432417 72.7134099303886 16.4314010963429 0.155381131408843 -0.157325021110325
60.6000000000006 30.3819324597139 78.5494992666467 72.6724498351841 16.4653979080351 0.157500103392344 -0.151165283311972
60.7000000000006 30.4359713652495 78.53971998147 72.6313175619414 16.4990535909253 0.159560830454258 -0.145248200706123
60.8000000000006 30.4899738001684 78.5296788997769 72.5900153510182 16.5323637549666 0.161559659505493 -0.139556102000258
60.9000000000006 30.5439403238235 78.5193709333692 72.548545540248 16.5653241296404 0.163492923562784 -0.134072384061961
61.0000000000006 30.5978715953668 78.5087911992468 72.5069105621855 16.5979305688498 0.165356946660372 -0.128781416102337
61.1000000000006 30.6517683720537 78.4979350250284 72.4651129413335 16.6301790557861 0.167148395236551 -0.123699893152324
61.2000000000006 30.7056315072106 78.4867979532695 72.4231552909076 16.6620657071047 0.168865324463636 -0.118840022267033
61.3000000000006 30.75946194823 78.4753757429855 72.3810403084249 16.6935867753456 0.170506149987203 -0.114181511118032
61.4000000000006 30.8132607344606 78.4636643700729 72.3387707708297 16.7247386506644 0.172069304676981 -0.10970576163817
61.5000000000006 30.8670289948635 78.451660027688 72.2963495296021 16.7555178625349 0.173553240658887 -0.105395680861087
61.6000000000006 30.9207679454347 78.4393591266259 72.2537795058656 16.7859210814538 0.174956431773216 -0.10123551262098
61.7000000000006 30.9744788863978 78.4267582956993 72.2110636854959 16.8159451206431 0.176277376386362 -0.0972106873741378
61.8000000000006 31.0281631991764 78.4138543821173 72.1682051142283 16.8455869377546 0.177514600495662 -0.0933076876830199
61.9000000000006 31.0818223431495 78.4006444518645 72.1252068927662 16.8748436365728 0.178666661062983 -0.089513927284494
62.0000000000006 31.1354578521995 78.3871257900796 72.0820721718893 16.9037124687189 0.179732149525304 -0.085817641868746
62.1000000000006 31.1890713310604 78.3732959014397 72.038804147559 16.9321908353562 0.180709666333153 -0.0821983375627161
62.2000000000006 31.2426644515181 78.3591525106831 71.9954060559571 16.9602762889507 0.181597735120238 -0.0786365340977883
62.3000000000006 31.2962389485357 78.3446935634835 71.9518811683547 16.9879665351715 0.182394890069749 -0.0751228564598975
62.4000000000006 31.3497966162261 78.3299172274627 71.9082327859144 17.015259434845 0.18309970882217 -0.071648289793853
62.5000000000006 31.4033393036338 78.3148218932087 71.8644642344898 17.0421530059128 0.183710816841874 -0.0682041113535632
62.6000000000006 31.4568689103304 78.299406175294 71.8205788594247 17.0686454253882 0.184226891696627 -0.0647818254110134
62.7000000000006 31.5103873818355 78.2836689132934 71.776580020353 17.0947350313132 0.184646667210894 -0.0613731002990153
62.8000000000006 31.5638967048714 78.2676091728026 71.7324710859979 17.1204203247159 0.18496893745639 -0.0579697067858002
62.9000000000006 31.6173989024608 78.2512262464555 71.6882554289717 17.1456999715675 0.185192560546284 -0.0545634569955351
63.0000000000006 31.670896028881 78.2345196549431 71.6439364205749 17.170572804739 0.185316462200656 -0.0511461431128156
63.1000000000006 31.7243901644904 78.2174891480134 71.5995174255864 17.1950378259433 0.18533981089304 -0.0477117610669164
63.2000000000006 31.7778834106135 78.2001347050024 71.5550017968055 17.2190942072757 0.185262532262129 -0.0442535036948176
63.3000000000006 31.8313778848188 78.1824565341772 71.5103928689636 17.242741291738 0.185084788111448 -0.0407618959360544
63.4000000000006 31.8848757164036 78.1644550716094 71.4656939523889 17.2659785933617 0.184806803925895 -0.037227391569901
63.5000000000006 31.938379041949 78.146130980031 71.4209083266603 17.2888057973153 0.184428868946896 -0.0336403009341966
63.6000000000006 31.9918900009469 78.12748514769 71.3760392342623 17.3112227600124 0.1839513360631 -0.0299907169766555
63.7000000000006 32.0454107315134 78.1085186872065 71.3310898742396 17.3332295092192 0.183374621533886 -0.0262684387054553
63.8000000000006 32.0989433662 78.0892329344283 71.2860633958511 17.3548262441622 0.182699204567883 -0.0224628910289193
63.9000000000006 32.1524900279124 78.0696294472868 71.2409628922252 17.3760133356361 0.181925626783443 -0.0185630399411314
64.0000000000006 32.2060528259509 78.0497100046527 71.1957913940136 17.3967913261111 0.181054491583029 -0.0145573019149628
64.1000000000006 32.2596338521728 78.0294766051828 71.1505518630558 17.4171609298285 0.180086562242511 -0.0104455274608731
64.2000000000006 32.3132351770586 78.0089314659335 71.1052471862889 17.4371230325682 0.179023062412757 -0.00622706502448876
64.3000000000006 32.366858845351 77.988077020382 71.059880170282 17.4566786905855 0.177865386696666 -0.00188863342795878
64.4000000000006 32.4205068716915 77.9669159162136 71.0144535360167 17.4758291292211 0.176615000339314 0.00258376656409863
64.5000000000006 32.4741812365094 77.9454510131008 70.9689699136772 17.4945757414974 0.175273436426957 0.00720496580622776
64.6000000000006 32.5278838821815 77.9236853804817 70.9234318374402 17.5129200867164 0.173842293233192 0.0119907500397033
64.7000000000006 32.5816167094743 77.901622295339 70.8778417402647 17.5308638890557 0.172323231782647 0.0169579944484339
64.8000000000006 32.6353815742768 77.8792652399786 70.8322019486821 17.5484090361664 0.170717973714102 0.0221248112740885
64.9000000000006 32.6891802846343 77.8566178998078 70.7865146775859 17.5655575777692 0.169028299526026 0.0275107124168367
65.0000000000006 32.7430145980906 77.833684161115 70.7407820250221 17.5823117242521 0.167256047298954 0.0331367891983842
65.1000000000006 32.796886219331 77.8104681088486 70.6950059669985 17.5986738452652 0.1654031074508 0.0390053347736093
65.2000000000006 32.8507967976853 77.786974024422 70.6491883528102 17.6146464682663 0.163471416855328 0.0451195903021329
65.3000000000006 32.9047479237894 77.7632063835833 70.6033309016731 17.6302322769418 0.161462985511471 0.0515048988116539
65.4000000000006 32.9587411261276 77.7391698543094 70.5574351998731 17.6454341095775 0.159379901777014 0.0581888445918342
65.5000000000006 33.0127778679107 77.7148692947016 70.5115026979352 17.6602549574281 0.15722433175997 0.0652015334356087
65.6000000000005 33.0668595443168 77.6903097508811 70.4655347077923 17.6746979630864 0.1549985196314 0.0725759059503763
65.7000000000005 33.1209874801013 77.6654964548845 70.4195323999542 17.6887664188525 0.15270478901445 0.0803480881228132
65.8000000000005 33.1751629275844 77.640434822559 70.3734968006764 17.7024637651033 0.150345545622025 0.0885577836663633
65.9000000000005 33.2293870650214 77.6151304514584 70.3274287891294 17.7157935886616 0.147923281334862 0.0972487129957755
66.0000000000005 33.2836609953629 77.5895891187382 70.2813290945675 17.7287596211654 0.145440579939114 0.106469103882985
66.1000000000005 33.3379857453865 77.5638167790508 70.2351982935283 17.7413657374443 0.142900071734565 0.116221413059809
66.2000000000005 33.3923622645908 77.5378195624308 70.1890368078367 17.7536159540767 0.140304287495819 0.126510187342749
66.3000000000005 33.4467914228735 77.5116037721569 70.1428449046472 17.7655144284082 0.13765583233431 0.137394889111762
66.4000000000005 33.5012740079628 77.4851758826027 70.096622697291 17.7770654577496 0.13495744753974 0.148941435020771
66.5000000000005 33.5558107232208 77.4585425370884 70.0503701461526 17.7882734785841 0.132212020778966 0.161223008672316
66.6000000000005 33.6104021858454 77.431710545732 70.0040870595474 17.7991430657723 0.129422599219476 0.174320965089897
66.7000000000005 33.6650489254784 77.4046868833005 69.9577730945994 17.8096789317589 0.126592406029454 0.188325830783593
66.8000000000005 33.7197513832214 77.3774786870609 69.9114277581176 17.8198859257783 0.123724860775505 0.203338399539478
66.9000000000005 33.7745099110645 77.3500932546322 69.8650504074744 17.8297690330608 0.120823604323433 0.219470917961949
67.0000000000005 33.8293247717305 77.3225380418357 69.8186402514821 17.8393333740385 0.117892528938385 0.236848345288709
67.1000000000005 33.8841961389102 77.2948206605345 69.7721963513082 17.8485842035478 0.114935847292173 0.255520001153477
67.2000000000005 33.9391240972417 77.266948876147 69.7257176223683 17.857526909942 0.111958218367823 0.275537585555494
67.3000000000005 33.9941086410001 77.2389306043376 69.6792028387027 17.8661670139736 0.108964664294105 0.297050303378565
67.4000000000004 34.0491496725605 77.2107739073807 69.6326506383304 17.874510167587 0.105960576039291 0.320221781080267
67.5000000000004 34.1042470012817 77.1824869905147 69.5860595286416 17.8825621527079 0.102951763111784 0.345230546480862
67.6000000000004 34.1594003428337 77.1540781982935 69.5394278917889 17.8903288800321 0.0999445121443581 0.372269984146667
67.7000000000004 34.2146093189598 77.1255560109403 69.4927539900806 17.8978163878146 0.0969456552985466 0.401547468726848
67.8000000000004 34.2698734576676 77.0969290406994 69.4460359713714 17.9050308406584 0.0939626493449198 0.433282260840123
67.9000000000004 34.3251921938392 77.0682060281895 69.3992718744555 17.9119785283043 0.091003666064098 0.467701597280111
68.0000000000004 34.3805648702516 77.0393958387562 69.3524596344581 17.9186658644191 0.0880776942013587 0.505034216502411
68.1000000000004 34.4359907389856 77.0105074588375 69.3055970882374 17.925099385407 0.0851944842132246 0.54551286954006
68.2000000000004 34.4914689628936 76.9815499926628 69.2586819800471 17.9312857497854 0.0823641758432033 0.589367785921149
68.3000000000004 34.5469986165862 76.9525326597988 69.2117119678586 17.9372317389959 0.0795979549249441 0.636790481313623
68.4000000000004 34.6025786874049 76.9234647930286 69.1646846299438 17.9429442587803 0.0769083687100619 0.687911282204117
68.5000000000004 34.6582080766876 76.8943558362437 69.1175974714676 17.9484303405787 0.0743094684296446 0.742763060502883
68.6000000000004 34.713885601335 76.8652153423362 69.0704479310806 17.9536971429272 0.0718169367505605 0.801234142636584
68.7000000000004 34.7696099956745 76.8360529710908 69.0232333875115 17.9587519528557 0.0694481815071696 0.863010156967453
68.8000000000004 34.8253799136181 76.8068784870768 68.9759511661601 17.9636021872861 0.0672223698749001 0.927506848096999
68.9000000000004 34.8811939311102 76.77770175754 68.9285985456896 17.96825539443 0.0651603695092191 0.993799693964963
69.0000000000004 34.9370505488615 76.7485327502953 68.8811727646194 17.9727192551863 0.0632845568081507 1.06056163242091
69.1000000000004 34.9929481953457 76.7193815315961 68.8336710279533 17.9770015845218 0.0616184384424586 1.12580394285288
69.2000000000003 35.0488852295432 76.6902582634368 68.7860905147417 17.9811103323909 0.0601859108620713 1.18709148770378
69.3000000000003 35.1048599426117 76.6611731994106 68.738428388011 17.9850535834862 0.059010249310787 1.2418925014807
69.4000000000003 35.16087055929 76.6321366800001 68.6906818056273 17.9888395565291 0.0581130481579965 1.28756441819475
69.5000000000003 35.2169152395284 76.6031591278452 68.6428479311955 17.9924766035429 0.0575130668430817 1.321626685971
69.6000000000003 35.2729920803475 76.5742510430113 68.5949239449581 17.995973209125 0.0572250901829084 1.34207714547507
69.7000000000003 35.3290991179039 76.5454229982572 68.5469070546948 17.9993379897201 0.0572589618056517 1.34768692557156
69.8000000000003 35.3852343297462 76.5166856343041 68.498794506621 18.0025796928929 0.0576189477985425 1.33819901385623
69.9000000000003 35.4413956372403 76.4880496551027 68.4505835962876 18.0057071966006 0.0583035431866953 1.31437383829917
70.0000000000003 35.4975809081455 76.4595258231021 68.4022716794794 18.0087295084661 0.059305754876755 1.27786792276703
70.1000000000003 35.5537879593245 76.4311249545135 68.3538561831156 18.011655765033 0.0606138336766325 1.23088488741763
70.2000000000003 35.6100145595853 76.4028579144621 68.3053346161675 18.0144952305686 0.0622122964028124 1.17596286567264
70.3000000000003 35.6662584326667 76.3747356118563 68.2567045806239 18.0172572947182 0.0640828740465479 1.11577280819131
70.4000000000003 35.7225172603244 76.3467689941439 68.207963782474 18.0199514697066 0.0662056048920071 1.05277723756997
70.5000000000003 35.7787886854793 76.3189690420656 68.1591100426921 18.0225873875228 0.0685598492597509 0.98907352297768
70.6000000000003 35.8350703154047 76.2913467644069 68.1101413082214 18.0251747971039 0.0711251142041576 0.926324940916545
70.7000000000003 35.8913597249305 76.2639131927512 68.061055662958 18.0277235615198 0.0738816664732245 0.865760420852432
70.8000000000003 35.947654459643 76.2366793762321 68.0118513387353 18.0302436551573 0.0768109454687122 0.808218266247636
70.9000000000002 36.0039520390597 76.2096563762868 67.9625267263078 18.0327451609044 0.0798958069072063 0.754211500048982
71.0000000000002 36.0602499597593 76.1828552614075 67.9130803863354 18.0352382673349 0.0831206348394974 0.7039984396653
71.1000000000002 36.116545698461 76.156287101887 67.8635110603563 18.0377332658606 0.0864713354334778 0.657524734889241
71.2000000000002 36.1728367153466 76.129962964347 67.8138176814634 18.0402405470568 0.0899351524560231 0.614631430596835
71.3000000000002 36.2291204581057 76.1038939057201 67.7639993842299 18.0427705948873 0.0935005461719227 0.575206540609612
71.4000000000002 36.2853943661735 76.0780909670162 67.7140555143388 18.0453339801033 0.0971571204756615 0.539079554099958
71.5000000000002 36.3416558748218 76.0525651670812 67.6639856382009 18.0479413536089 0.10089553274532 0.506046083642799
71.6000000000002 36.397902419063 76.0273274963548 67.6137895525732 18.050603439828 0.104707399628832 0.475885659460454
71.7000000000002 36.4541314373425 76.0023889106289 67.5634672941766 18.0533310300703 0.108585204500058 0.448374113440046
71.8000000000002 36.5103403749941 75.9777603248057 67.5130191493141 18.056134975898 0.112522210105353 0.423291849649785
71.9000000000002 36.5665266874349 75.953452606656 67.4624456634892 18.0590261824917 0.116512378363198 0.400429081299527
72.0000000000002 36.6226878430773 75.9294765705777 67.4117476510235 18.0620156020171 0.120550298229428 0.379588890166461
72.1000000000002 36.6788213259723 75.9058429713515 67.3609262046355 18.0651142269651 0.124631138262593 0.360504437668492
72.2000000000002 36.7349246390488 75.8825624978493 67.3099827039834 18.0683330828142 0.128750582220026 0.342936460512889
72.3000000000002 36.7909953093551 75.8596457666171 67.2589188215815 18.0716832189723 0.132904633909899 0.326749747985388
72.4000000000002 36.8470308938736 75.8371033154107 67.207736527681 18.0751756990407 0.137089551486441 0.311821401202852
72.5000000000002 36.9030289850006 75.8149455967284 67.1564380951115 18.0788215910518 0.141301817610988 0.298040018450611
72.6000000000002 36.9589872156303 75.793182971344 67.1050261041216 18.0826319577069 0.145538113785965 0.285304812822886
72.7000000000001 37.0149032638199 75.7718257018402 67.0535034472209 18.0866178466144 0.149795298527063 0.273524715851131
72.8000000000001 37.0707748570096 75.7508839461418 67.0018733340207 18.0907902805273 0.154070389063298 0.262617501834101
72.9000000000001 37.1265997757763 75.7303677510481 66.9501392960753 18.0951602475809 0.158360546291228 0.252508954212535
73.0000000000001 37.1823758570977 75.7102870457668 66.8983051917233 18.0997386915313 0.162663062735488 0.243132086091846
73.1000000000001 37.2381009971428 75.6906516354547 66.8463752108867 18.1045365019929 0.166975446661877 0.23440016703097
73.2000000000001 37.2937731544873 75.671471194967 66.7943538787719 18.1095645046869 0.171295657809796 0.226233216477737
73.3000000000001 37.3493903552368 75.6527552631363 66.7422460567856 18.1148334517133 0.175621754953599 0.218583401580479
73.4000000000001 37.4049506986256 75.6345132372588 66.6900569423525 18.1203540118343 0.179951786328433 0.211407769372536
73.5000000000001 37.4604523621676 75.6167543675893 66.6377920686905 18.126136760756 0.184283784343284 0.204667674389952
73.6000000000001 37.5158936063057 75.5994877518358 66.5854573045868 18.132192171412 0.188615761936659 0.198328279676714
73.7000000000001 37.5712727785407 75.5827223296548 66.5330588541732 18.1385306042457 0.192945710503324 0.192358121273521
73.8000000000001 37.626588317024 75.5664668771455 66.4806032567019 18.1451622974932 0.197271599335532 0.186728727621692
73.9000000000001 37.6818387535948 75.5507300013447 66.4280973863208 18.1520973574661 0.201591376540612 0.181414286478517
74.0000000000001 37.7370227162487 75.5355201347218 66.3755484518495 18.1593457488342 0.205902971403869 0.176391352960289
74.1000000000001 37.7921389310304 75.5208455296607 66.3229639965427 18.1669172848904 0.210204165343539 0.171618779284071
74.2000000000001 37.8471862236348 75.5067142526044 66.2703518975503 18.174821617338 0.214492180571013 0.167060614459472
74.3000000000001 37.9021635211321 75.493134177346 66.217720364604 18.183068224871 0.218764054406965 0.162703613245132
74.4 37.9570698532536 75.4801129779825 66.1650779383997 18.1916664012769 0.223016777311752 0.158535499990382
74.5 38.0119043528991 75.4676581218555 66.1124334889691 18.2006252435218 0.227247304237781 0.15454487958009
74.6 38.0666662558316 75.4557768624919 66.0597962140496 18.2099536398348 0.231452567585068 0.150721157834562
74.7 38.1213548995378 75.4444762325453 66.007175637456 18.2196602577935 0.235629491798596 0.14705447017788
74.8 38.1759697212354 75.4337630367363 65.954581607451 18.2297535324086 0.239775009634643 0.143535617527323
74.9 38.230510255009 75.423643844794 65.9020242951163 18.2402416542085 0.243886080116447 0.140156008508351
75 38.284976128061 75.414124984396 65.849514192723 18.2511325573247 0.247959708189567 0.136907607207195
75.1 38.3393670561342 75.4052125341391 65.797062112031 18.2624339076052 0.251993188662371 0.133763895979282
75.2 38.3936828398825 75.3969123172638 65.7446791807139 18.2741530914778 0.25598471804612 0.130697938896187
75.3 38.4479233651413 75.3892298972944 65.6923768340282 18.2862972067168 0.259932604937157 0.127702010112854
75.4 38.5020886044107 75.3821705744352 65.6401668046083 18.2988730539585 0.26383503617658 0.124769046606276
75.5 38.556178617797 75.375739381994 65.5880611121903 18.3118871282461 0.267690085741882 0.121892569445864
75.6 38.6101935533303 75.3699410828074 65.5360720533353 18.3253456105745 0.271495724968744 0.11906661456647
75.7 38.6641336466399 75.3647801656646 65.4842121911525 18.3392543594353 0.275249834103548 0.116285671682193
75.8 38.7179992199738 75.3602608417321 65.4324943450226 18.3536189023613 0.278950215185082 0.113544630200668
75.9 38.771790680548 75.356387040978 65.3809315803214 18.3684444274713 0.282594606250334 0.110838731144748
76 38.8255085182112 75.3531624085964 65.3295371981428 18.3837357750149 0.286180696853554 0.108163524243993
76.1 38.8791533024457 75.3505903014495 65.278324724998 18.39949742895 0.289706328293896 0.105524153038343
76.1999999999999 38.9327256795075 75.3486737849658 65.227307901877 18.4157335093659 0.29317002623037 0.102924527611586
76.2999999999999 38.9862263710898 75.3474156311968 65.1765006716945 18.4324477670537 0.296570401921982 0.100358925595924
76.3999999999999 39.0396561733369 75.3468183173307 65.1259171660976 18.449643578923 0.299905969045925 0.0978220734489576
76.4999999999999 39.0930159554218 75.3468840242228 65.0755716922504 18.4673239434511 0.303175153334151 0.0953090956372417
76.5999999999999 39.1463066576401 75.3476146349261 65.0254787196173 18.4854914761317 0.306376303276179 0.0928154689751894
76.6999999999999 39.1995292890093 75.3490117332226 64.9756528667471 18.5041484049241 0.309507701876204 0.0903369813932296
76.7999999999999 39.252684924358 75.3510766021534 64.9261088880571 18.5232965657023 0.312567579451415 0.0878696945232488
76.8999999999999 39.305774700895 75.3538102225503 64.8768616606167 18.5429373977038 0.315554127450456 0.0854099095668266
76.9999999999999 39.3587998142442 75.3572132715656 64.8279261709315 18.563071938979 0.318465513267935 0.082954135974191
77.0999999999999 39.4117615139838 75.3612861212287 64.7793175016971 18.5837008218907 0.321300144659116 0.0805146757376318
77.1999999999999 39.4646610999311 75.3660288376541 64.7310508177742 18.6048242699376 0.324057369513084 0.0781025682953914
77.2999999999999 39.5174999212858 75.3714411819059 64.6831413501865 18.6264420979351 0.326736629717765 0.0757128923762713
77.3999999999999 39.570279376826 75.3775226115143 64.6356043793401 18.6485537135203 0.329337198860597 0.0733411215234708
77.4999999999999 39.6230009149374 75.3842722820181 64.5884552182121 18.671158118707 0.331858184557211 0.0709830802774587
77.5999999999999 39.6756660334015 75.3916890485063 64.5417091955398 18.6942539114411 0.334298531972989 0.0686349039963636
77.6999999999999 39.7282762789142 75.3997714671597 64.4953816390102 18.7178392871561 0.33665702857003 0.066293001790958
77.7999999999999 39.7808332463075 75.4085177967936 64.4494878584488 18.7419120403283 0.338932310100884 0.0639540220805947
77.8999999999998 39.8333385774432 75.417926000399 64.4040431290086 18.7664695660324 0.341122867869808 0.0616148203818408
77.9999999999998 39.8857939597509 75.4279937466849 64.3590626743595 18.7915088614963 0.343227057266551 0.0592724289574423
78.0999999999998 39.9382011243965 75.4387184116495 64.3145616498953 18.8170265277145 0.34524353218051 0.0569531815729422
78.1999999999998 39.9905618445497 75.4500970809111 64.270555126413 18.843018772554 0.347172507627002 0.0546820151718308
78.2999999999998 40.0428779347149 75.4621265539689 64.2270580749895 18.8694814176521 0.349014450077037 0.0524543022713167
78.3999999999998 40.0951512506499 75.4748033492236 64.1840853523305 18.8964099068073 0.350769641233909 0.0502658078889139
78.4999999999998 40.1473836894376 75.4881237090271 64.1416516861373 18.9237993144281 0.352438172022434 0.0481126494328682
78.5999999999998 40.1995771896596 75.5020836047325 64.0997716604735 18.9516443539812 0.354019937726123 0.0459912599613103
78.6999999999998 40.2517337316351 75.5166787417439 64.0584597011324 18.9799393864403 0.355514634354089 0.0438983543335013
78.7999999999998 40.3038553376893 75.531904564566 64.0177300610031 19.0086784287347 0.356921756310097 0.0418308978618215
78.8999999999998 40.3559440724091 75.5477562618544 63.9775968054383 19.0378551621973 0.358240595425825 0.039786077100763
78.9999999999998 40.4080020428489 75.564228771465 63.9380737976202 19.0674629410139 0.359470241415278 0.0377612724733996
79.0999999999998 40.4600313986358 75.5813167855079 63.8991746839476 19.0974948006827 0.36060973166574 0.035765252379462
79.1999999999998 40.5120343317772 75.5990147554979 63.8609128799275 19.1279434667727 0.361658509293952 0.033806628986031
79.2999999999998 40.5640130759477 75.6173168977533 63.8233015573504 19.1588013644393 0.362616000799797 0.0318828270063108
79.3999999999998 40.6159699055868 75.6362171988906 63.7863536319713 19.1900606282384 0.363481471040695 0.0299914504230504
79.4999999999998 40.6679071349558 75.6557094213238 63.7500817512103 19.2217131119514 0.364254024263595 0.0281302597143705
79.5999999999998 40.7198271171222 75.6757871087638 63.7144982818527 19.2537503984109 0.364932606413531 0.0262971503981589
79.6999999999997 40.7717322428334 75.6964435917174 63.6796152977493 19.2861638093257 0.365516008734849 0.02449013272422
79.7999999999997 40.8236249392403 75.7176719929863 63.6454445675173 19.3189444151065 0.366002872664261 0.0227073123345228
79.8999999999997 40.8755076684302 75.7394652331664 63.6119975422401 19.3520830446911 0.366391696005863 0.0209468717578923
79.9999999999997 40.9273829257309 75.7618160361471 63.5792853431683 19.3855702953699 0.366680840360233 0.0192070525919201
80.0999999999997 40.9792532377545 75.7847169346234 63.5473187494371 19.4193965426288 0.366868738614234 0.0174935958232982
80.1999999999997 41.0311211603253 75.8081602759574 63.5161081862422 19.4535519504579 0.366954490042917 0.0158121263673195
80.2999999999997 41.0829892766461 75.8321382289238 63.4856637141777 19.4880264828394 0.366937251050251 0.0141608099588591
80.3999999999997 41.1348601955344 75.856642790804 63.455995019031 19.5228099157015 0.366816037179753 0.0125378837991839
80.4999999999997 41.1867365495506 75.8816657944939 63.4271114015961 19.5578918488896 0.366589727557503 0.0109416392565613
80.5999999999997 41.2386209929709 75.9071989156113 63.3990217674859 19.5932617181373 0.366257070531438 0.00937040518060985
80.6999999999997 41.2905161995689 75.9332336796038 63.3717346169457 19.6289088070381 0.365816690459566 0.00782253171463466
80.7999999999997 41.3424248601644 75.959761468856 63.3452580346662 19.6648222590164 0.365267095586379 0.00629637446738305
80.8999999999997 41.3943496799066 75.9867735297975 63.3195996795955 19.7009910892992 0.364606686931319 0.00479027892474303
80.9999999999997 41.4462933752533 76.01426098001 63.2947667747532 19.7374041968866 0.363833768101486 0.00330256496809667
81.0999999999997 41.4982586706062 76.0422148153508 63.2707660970936 19.7740503765339 0.362946950791862 0.00183897717042542
81.1999999999997 41.5502482943818 76.0706259174726 63.2476039687075 19.8109183309818 0.361946359704603 0.00040524773932691
81.2999999999997 41.6022649743785 76.0994850623524 63.2252862514142 19.8479966838243 0.360832467659922 -0.00100031449627407
81.3999999999997 41.6543114330404 76.1287829292178 63.2038183426919 19.8852739926256 0.359605698748832 -0.00237936482496264
81.4999999999996 41.7063903828644 76.1585101094885 63.1832051716578 19.9227387620475 0.358266423910419 -0.00373353744047627
81.5999999999996 41.7585045219359 76.1886571157178 63.1634511950495 19.9603794569765 0.35681495720703 -0.00506445990594868
81.6999999999996 41.8106565295659 76.219214390534 63.1445603932057 19.9981845156505 0.35525155278641 -0.00637376741158447
81.7999999999996 41.862849062004 76.2501723155819 63.1265362660469 20.0361423627865 0.35357640251208 -0.00766311695437352
81.8999999999996 41.9150847482024 76.2815212204645 63.1093818290568 20.0742414227071 0.351789634234298 -0.00893420156817296
81.9999999999996 41.9673661856066 76.3132513916841 63.0930996092624 20.1124701324679 0.349891310665073 -0.0101887647528694
82.0999999999996 42.0196959359155 76.3453530815803 63.0776916412822 20.150816954969 0.347881853896845 -0.0114212509017828
82.1999999999996 42.0720765199818 76.3778165171628 63.063159465107 20.1892703916545 0.345763361817361 -0.0126258100959806
82.2999999999996 42.1245104107414 76.4106319086815 63.0495041282825 20.2278189941697 0.343538395883854 -0.0138037582291235
82.3999999999996 42.1770000258053 76.4437894580914 63.0367261898247 20.2664513756062 0.341209547211129 -0.0149563756904702
82.4999999999996 42.2295477206051 76.477279367514 63.0248257242024 20.3051562217317 0.338779417042591 -0.016084917405014
82.5999999999996 42.2821557821125 76.5110918476989 63.0138023253202 20.3439223022196 0.336250597968135 -0.0171906226344208
82.6999999999996 42.33482642312 76.545217126485 63.0036551105004 20.3827384818786 0.333625655972895 -0.0182747246125214
82.7999999999996 42.3875617770647 76.5796454572616 62.9943827244661 20.4215937318822 0.330907113381005 -0.0193384601051737
82.8999999999996 42.4403638933805 76.6143671274305 62.985983343323 20.4604771409987 0.328097432756047 -0.0203830789823388
82.9999999999996 42.4932347333582 76.6493724668664 62.9784546785425 20.4993779268205 0.325199001799675 -0.0214098538921991
83.0999999999996 42.5461761664669 76.6846518563632 62.9717939809899 20.5382854469733 0.322214399620364 -0.0224109680451028
83.1999999999995 42.599189966351 76.7201957356659 62.965998046138 20.5771892097921 0.319147260243928 -0.0233780422357214
83.2999999999995 42.6522778053992 76.7559946104557 62.9610632222945 20.616078883643 0.316001475333254 -0.0243114642744428
83.3999999999995 42.7054412493165 76.7920390589205 62.9569854200135 20.6549443057116 0.31278089835824 -0.025211538392186
83.4999999999995 42.7586817525108 76.8283197383114 62.9537601215538 20.6937754907716 0.309489320977602 -0.0260784872728256
83.5999999999995 42.8120006543043 76.8648273914973 62.9513823903372 20.7325626399526 0.306130450971041 -0.0269124535064966
83.6999999999995 42.8653991759518 76.9015528535213 62.9498468804067 20.7712961495083 0.302707891771402 -0.0277135004719534
83.7999999999995 42.9188784184405 76.9384870581558 62.9491478458841 20.8099666195847 0.29922512362561 -0.0284816126337684
83.8999999999995 42.9724393610517 76.9756210444579 62.9492791504285 20.8485648629881 0.295685486401951 -0.0292166952484356
83.9999999999995 43.0260828606551 77.0129459633253 62.9502342766942 20.8870819139533 0.292092164044175 -0.0299185734479981
84.0999999999995 43.0798096516545 77.0504530840164 62.9520063358343 20.925509036861 0.288448467979442 -0.0305853030063309
84.1999999999995 43.133620345095 77.08813379975 62.9545880781797 20.9638377336405 0.28475878133838 -0.0312142207808105
84.2999999999995 43.1875154247077 77.1259796309693 62.9579719069038 21.0020597478332 0.281027761241909 -0.0318038490036835
84.3999999999995 43.2414952424548 77.1639822276859 62.9621498928633 21.0401670673417 0.277260031779002 -0.0323524821034955
84.4999999999995 43.2955600150789 77.2021333717878 62.9671137894838 21.0781519271276 0.273460159333822 -0.0328581735567071
84.5999999999995 43.3497098216963 77.2404249793481 62.9728550476459 21.1160068119097 0.269632629993884 -0.0333187215200246
84.6999999999995 43.4039446024063 77.278849102933 62.9793648305706 21.1537244588626 0.265781829023027 -0.0337316531774091
84.7999999999995 43.4582641578894 77.3173979339104 62.9866340287057 21.191297860314 0.261912022362673 -0.0340942077737166
84.8999999999995 43.5126681499657 77.356063804758 62.9946532746113 21.2287202664438 0.258027340113187 -0.0344033182519535
84.9999999999994 43.5671561030804 77.394839191372 63.0034129578457 21.2659851879814 0.254131761932777 -0.0346555914476276
85.0999999999994 43.621727406659 77.4337167153581 63.0129032398385 21.3030863988872 0.250229034854295 -0.0348514165785619
85.1999999999994 43.6763813176508 77.4726891458858 63.0231140684336 21.3400179385906 0.246322482871401 -0.0349912001381018
85.2999999999994 43.7311169621697 77.5117494004305 63.0340351915932 21.3767741131021 0.24241525524917 -0.035071043389687
85.3999999999994 43.7859333372086 77.5508905450789 63.0456561707722 21.4133494956832 0.238510392907734 -0.0350866602553844
85.4999999999994 43.8408293130405 77.5901057948161 63.057966394279 21.4497389274979 0.234610819402278 -0.0350333485331493
85.5999999999994 43.8958036363066 77.6293885138144 63.0709550906371 21.4859375182658 0.230719333192699 -0.0349059589351415
85.6999999999994 43.9508549337662 77.6687322157211 63.0846113419463 21.5219406469138 0.226838601129239 -0.0346988618200792
85.7999999999994 44.0059817166816 77.708130563946 63.0989240972441 21.5577439622287 0.222971153078443 -0.0344059114256567
85.8999999999994 44.061182385812 77.74757737195 63.1138821858666 21.5933433835091 0.219119377616302 -0.0340204074641141
85.9999999999994 44.1164552369898 77.7870666035327 63.1294743308101 21.628735101218 0.215285518713232 -0.0335350538544739
86.0999999999994 44.1717984672276 77.8265923731008 63.1456891620978 21.663915577615 0.211471745006679 -0.0329382294783612
86.1999999999994 44.2272101807027 77.8661489454177 63.16251523029 21.6988815468705 0.207680386856208 -0.0322171305505715
86.2999999999994 44.2826883936188 77.9057307340396 63.1799410203573 21.7336300138638 0.20391376008503 -0.0313616016418336
86.3999999999994 44.3382310389761 77.9453322992328 63.1979549656981 21.7681582524634 0.200174096473562 -0.0303606289224423
86.4999999999994 44.3938359718653 77.9849483458712 63.2165454621603 21.8024638037874 0.196463540707943 -0.0292022861632758
86.5999999999994 44.4495009752878 78.0245737213346 63.2357008820644 21.8365444744632 0.192784148179995 -0.027873679325155
86.6999999999993 44.5052237664766 78.0642034134056 63.2554095882254 21.8703983348884 0.189137883587874 -0.0263608901669249
86.7999999999993 44.5610020036944 78.1038325481679 63.2756599479754 21.9040237174901 0.185526620295658 -0.024648919371846
86.8999999999993 44.6168332934854 78.1434563879034 63.2964403471861 21.9374192149859 0.181952140419564 -0.0227216298436803
86.9999999999993 44.6727151983574 78.1830703289905 63.3177392042908 21.9705836786436 0.178416135616394 -0.0205616909851491
87.0999999999993 44.7286452448222 78.2226698997722 63.3395449842889 22.0035162165071 0.174920202969183 -0.0181653599199331
87.1999999999993 44.7846209305683 78.2622507576688 63.3618462122658 22.0362161907218 0.171465873970094 -0.0155290031618166
87.2999999999993 44.8406397288228 78.3018086843698 63.3846314856886 22.0686832125754 0.168054708024472 -0.0126336389502195
87.3999999999993 44.8966990918219 78.3413395802708 63.4078894862167 22.1009171366394 0.164688307433581 -0.00945908965770093
87.4999999999993 44.9527964545829 78.3808394588799 63.4316089914958 22.1329180548748 0.161368316401168 -0.00598397862174666
87.5999999999993 45.0089292390118 78.4203044412254 63.4557788869503 22.1646862907392 0.15809642081663 -0.0021857452376541
87.6999999999993 45.0650948583324 78.4597307502625 63.4803881775765 22.1962223932926 0.154874348809986 0.001959317055556
87.7999999999993 45.1212907218215 78.4991147052804 63.5054259997359 22.2275271313039 0.151703872074256 0.0064759944539021
87.8999999999993 45.1775142398377 78.5384527163096 63.5308816329481 22.2586014873574 0.148586807958731 0.0113900518290537
87.9999999999993 45.2337628291273 78.5777412785289 63.5567445116838 22.2894466519591 0.145525022338851 0.0167280898704631
88.0999999999993 45.2900339183673 78.616976966666 63.5830042371169 22.3200640176338 0.14252024581547 0.022486309125199
88.1999999999993 45.3463249532007 78.6561564292261 63.6096505878047 22.3504551727803 0.139573539532307 0.0286585318610168
88.2999999999993 45.4026333995435 78.6952763822856 63.6366735276494 22.3806218949142 0.136685903272963 0.0352685019323679
88.3999999999993 45.4589567462502 78.7343336031142 63.6640632127881 22.4105661436674 0.133858472543816 0.0423399990619463
88.4999999999992 45.5152925078454 78.7733249237898 63.6918099984415 22.4402900537802 0.131092522744043 0.0498965027023987
88.5999999999992 45.5716382273473 78.8122472248138 63.7199044457623 22.4697959280921 0.128389473903865 0.0579607772229708
88.6999999999992 45.6279914791829 78.8510974287269 63.7483373286846 22.499086230533 0.125750895953431 0.0665543670733244
88.7999999999992 45.6843498721929 78.8898724937238 63.7770996407722 22.5281635791146 0.123178514465876 0.0756969903128462
88.8999999999992 45.7407110527244 78.9285694072688 63.8061826020673 22.5570307389213 0.120674216797619 0.0854058190270592
88.9999999999992 45.7970727078105 78.967185179711 63.8355776659396 22.5856906151018 0.118240058520449 0.0956946361399748
89.0999999999992 45.853432568414 79.0057168379034 63.8652765258974 22.6141462458522 0.115878101461788 0.106522823111711
89.1999999999992 45.9097884122039 79.0441614189188 63.8952711214244 22.6424007952025 0.113589926143414 0.117841642143942
89.2999999999992 45.96613806498 79.0825159640121 63.9255536413433 22.6704575453001 0.111377162235773 0.129645267754312
89.3999999999992 46.0224794015442 79.1207775126792 63.9561165262051 22.6983198884958 0.109241662195777 0.141921259543115
89.4999999999992 46.0788103465388 79.1589430967202 63.9869524706409 22.7259913194228 0.107185502330655 0.154649418565807
89.5999999999992 46.1351288752797 79.197009734302 64.0180544257131 22.7534754270751 0.105210982572332 0.167800579827025
89.6999999999992 46.1914330145905 79.2349744240213 64.0494156012677 22.7807758868859 0.103320624600412 0.181335371585839
89.7999999999992 46.247720843643 79.2728341389673 64.0810294682854 22.8078964528063 0.101517167915469 0.195202984532397
89.8999999999992 46.3039904948118 79.3105858207849 64.112889761234 22.8348409493839 0.0998035634386691 0.209340007876607
89.9999999999992 46.3602401545458 79.3482263737371 64.1449904804195 22.8616132638414 0.0981829641981895 0.223669404330683
90.0999999999992 46.4164680642574 79.3857526587938 64.1773258942833 22.8882173381655 0.0966583549266615 0.238034098164055
90.1999999999992 46.472672520981 79.4231614883774 64.2098905402726 22.91465716147 0.095231457245999 0.252271935586029
90.2999999999991 46.5288518773509 79.4604496227807 64.2426792220916 22.9409367630543 0.0939037734815862 0.266280757535339
90.3999999999991 46.5850045412078 79.4976137672412 64.2756870055253 22.967060205736 0.092676919300248 0.279950020870064
90.4999999999991 46.6411289750741 79.5346505690429 64.3089092142097 22.993031579193 0.0915525969192877 0.293161948689833
90.5999999999991 46.6972236955164 79.5715566146156 64.3423414254014 23.0188549933075 0.0905325655840411 0.305793107745019
90.6999999999991 46.7532872724102 79.6083284266363 64.3759794657468 23.0445345715078 0.0896186096759723 0.317716420005841
90.7999999999991 46.8093183281157 79.6449624611298 64.4098194070525 23.070074444112 0.088812504961782 0.328803589398773
90.8999999999991 46.8653155365776 79.6814551045687 64.4438575620541 23.0954787416706 0.0881159836450238 0.338927894136318
90.9999999999991 46.9212776223564 79.7178026709743 64.4780904801869 23.1207515883092 0.0875306990219074 0.347967262300569
91.0999999999991 46.9772033596162 79.7540013990266 64.5125149433569 23.1458970950828 0.0870581366676015 0.355820878236177
91.1999999999991 47.0330915713856 79.7900474494144 64.5471279617788 23.1709193536129 0.0866994149145735 0.362402757793724
91.2999999999991 47.0889411295921 79.8259369027961 64.5819267699772 23.1958224304469 0.0864554101016138 0.367629672978569
91.3999999999991 47.1447509553712 79.8616657580009 64.6169088228533 23.2206103617003 0.0863267853312579 0.37143530917551
91.4999999999991 47.2005200193465 79.8972299302393 64.6520717917537 23.2452871477104 0.0863139708005378 0.373772371948205
91.5999999999991 47.2562473418775 79.932625249314 64.6874135605398 23.2698567476898 0.0864171491508665 0.374614085589986
91.6999999999991 47.3119319932816 79.9678474578298 64.7229322216569 23.2943230743798 0.0866362463248531 0.373954991297948
91.7999999999991 47.3675730940385 80.0028922094046 64.7586260722029 23.3186899887046 0.0869709281924369 0.371810997000202
91.8999999999991 47.4231698149858 80.0377550668795 64.7944936099975 23.3429612944241 0.0874206029691011 0.368218679508845
91.999999999999 47.4787213775105 80.0724315005297 64.8305335296513 23.3671407327877 0.0879844292084387 0.363233888232965
92.099999999999 47.5342270537443 80.1069168862967 64.8667447186015 23.3912319772033 0.0886610610125433 0.35695627029575
92.199999999999 47.5896861667153 80.1412065045882 64.9031262522742 23.4152386282935 0.0894478686587296 0.349516332049956
92.299999999999 47.6450980903426 80.1752955405202 64.9396773870334 23.4391642099399 0.0903417775647871 0.341035523878723
92.399999999999 47.7004622492953 80.2091790847264 64.9763975522553 23.463012165715 0.0913395657773169 0.331640492500902
92.499999999999 47.7557781187559 80.2428521341892 65.013286342371 23.486785855329 0.0924378928133319 0.321459756674904
92.599999999999 47.8110452240928 80.2763095930712 65.050343508908 23.5104885510771 0.0936333283122208 0.31062071387578
92.699999999999 47.8662631404459 80.3095462735467 65.0875689525323 23.5341234342865 0.0949223797488145 0.299247062095235
92.799999999999 47.9214314922272 80.3425568966329 65.12496271509 23.5576935917635 0.0963015186057755 0.287456683781031
92.899999999999 47.9765499525379 80.3753360930211 65.1625249716496 23.5812020122406 0.0977672045575986 0.275360005486954
92.999999999999 48.0316182425051 80.4078784039081 65.2002560225431 23.6046515828233 0.0993159073662822 0.263058818958496
93.099999999999 48.0866361305545 80.4401782818479 65.2381562854002 23.6280450854653 0.100943952649196 0.250715320238714
93.199999999999 48.1416034320592 80.4722300921308 65.2762262869527 23.6513851941644 0.102647024502934 0.238482888149322
93.299999999999 48.1965200100397 80.5040281155019 65.3144666542617 23.6746744739911 0.104420711206113 0.226434050694989
93.399999999999 48.2513857761718 80.5355665514069 65.3528781057171 23.6979153808371 0.106260689064273 0.214629748609539
93.499999999999 48.3062006916505 80.5668395212585 65.3914614420275 23.7211102611936 0.108162728062955 0.203120121653024
93.599999999999 48.3609647678865 80.5978410717026 65.430217537211 23.7442613519277 0.110122695242168 0.191945418866968
93.699999999999 48.415678067034 80.6285651778846 65.4691473295853 23.7673707800601 0.112136556197081 0.181136974520429
93.7999999999989 48.4703407023414 80.6590057467157 65.5082518127584 23.7904405625421 0.114200375092935 0.17071820317067
93.8999999999989 48.5249528383228 80.6891566201389 65.5475320266185 23.8134726060329 0.116310313551981 0.160705578190258
93.9999999999989 48.579514690741 80.7190115783958 65.5869890483251 23.8364687066768 0.118462628737608 0.151109567870171
94.0999999999989 48.6340265264178 80.7485643433042 65.6266239833045 23.8594305499022 0.120653607708952 0.141979098582093
94.1999999999989 48.6884886633588 80.7778085818473 65.6664379563994 23.8823597107812 0.12287937312244 0.133356164791665
94.2999999999989 48.7429014719679 80.8067379105503 65.7064321034058 23.9052576558145 0.125136064962329 0.125234205749694
94.3999999999989 48.7972653765387 80.8353459001686 65.7466075627626 23.9281257452768 0.127419897024414 0.11760370305646
94.4999999999989 48.851580856515 80.8636260803865 65.7869654672472 23.9509652355843 0.129727150856166 0.110452836278041
94.5999999999989 48.9058484474904 80.8915719445175 65.8275069356716 23.973777281662 0.132054170219062 0.103768047697104
94.6999999999989 48.9600687419368 80.9191769542032 65.8682330645772 23.9965629393104 0.134397356188999 0.0975345238172216
94.7999999999989 49.0142423896525 80.946434544113 65.9091449199314 24.0193231675738 0.136753162984153 0.0917366018020316
94.8999999999989 49.068370097918 80.973338126644 65.9502435288227 24.0420588311066 0.139118094584503 0.0863581091836134
94.9999999999989 49.1224526313505 80.9998810966196 65.9915298711563 24.0647707025411 0.141488702192326 0.0813826449050376
95.0999999999989 49.1764908114653 81.0260568359987 66.0330048713646 24.0874594648653 0.143861571413566 0.0768004693328693
95.1999999999989 49.2304855164273 81.0518587188031 66.0746693904956 24.1101257140755 0.146233279718705 0.0726015750764285
95.2999999999989 49.2844376817721 81.0772801166067 66.1165242192627 24.1327699625282 0.148600414458938 0.0687694456650713
95.3999999999989 49.3383483012979 81.1023144042444 66.1585700714726 24.1553926425654 0.150959580821177 0.0652880740705897
95.4999999999988 49.3922184276223 81.1269549655295 66.2008075774676 24.1779941101524 0.15330740150795 0.0621420522802893
95.5999999999988 49.4460491723755 81.1511951989711 66.2432372775689 24.200574648514 0.155640517324811 0.0593166381628579
95.6999999999988 49.4998417060154 81.1750285234922 66.2858596155182 24.2231344717715 0.157955588661266 0.0567978036334139
95.7999999999988 49.5535972572565 81.1984483841467 66.3286749319212 24.2456737285797 0.160249297851372 0.0545722675428033
95.8999999999988 49.6073171121001 81.2214482578372 66.3716834576895 24.2681925057639 0.162518352392275 0.0526275162101307
95.9999999999988 49.6610026124572 81.2440216590321 66.4148853074837 24.290690831956 0.164759488997956 0.0509518141199114
96.0999999999988 49.7146551543777 81.2661621454705 66.4582804731936 24.3131686812263 0.166969671358899 0.0494956780814605
96.1999999999988 49.7682761864542 81.2878633235166 66.5018688184096 24.3356259765595 0.169146660716692 0.0482117392617962
96.2999999999988 49.8218672093671 81.3091188526297 66.5456500754087 24.3580625929389 0.171288417621257 0.0470924852390953
96.3999999999988 49.8754297757265 81.3299224494843 66.58962384313 24.380478360276 0.173392908648439 0.0461309945579086
96.4999999999988 49.9289654896514 81.3502678920775 66.6337895851896 24.4028730663349 0.175458109700747 0.0453209017890152
96.5999999999988 49.9824760060588 81.3701490238358 66.6781466278944 24.4252464596554 0.177482009723909 0.0446563651845572
96.6999999999988 50.0359630296606 81.3895597577225 66.722694158257 24.4475982524773 0.179462614816799 0.0441320368337733
96.7999999999988 50.0894283136637 81.4084940803446 66.7674312220092 24.4699281236639 0.181397952707338 0.043743035223208
96.8999999999988 50.1428736581723 81.4269460560599 66.812356721617 24.492235721626 0.183286077569309 0.0434849200963175
96.9999999999988 50.1963009082886 81.4449098310842 66.8574694142943 24.5145206672454 0.185125075150655 0.0433536695015614
97.0999999999988 50.2497119519081 81.4623796376043 66.9027679100181 24.5367825567843 0.186913032761997 0.0433145305766587
97.1999999999988 50.3031087171084 81.4793497980537 66.9482506695503 24.5590209644049 0.188647939179876 0.0433346378027059
97.2999999999987 50.3564931689605 81.495814729798 66.9939160024811 24.5812354437041 0.190327798037261 0.0434132123662056
97.3999999999987 50.4098673059083 81.5117689499833 67.0397620652788 24.6034255288582 0.191950670156868 0.0435496216192291
97.4999999999987 50.4632331558093 81.5272070803899 67.0857868593411 24.6255907357538 0.193514680489081 0.0437433770749618
97.5999999999987 50.5165927716449 81.5421238522863 67.1319882290459 24.647730563118 0.195018025128969 0.0439941329573119
97.6999999999987 50.5699482269008 81.5565141112836 67.178363859802 24.6698444936491 0.196458978376142 0.0443016853067742
97.7999999999987 50.6233016106209 81.5703728221895 67.2249112761 24.6919319951466 0.197835899802329 0.0446659716520005
97.8999999999987 50.6766550221397 81.583695073862 67.2716278395631 24.7139925216422 0.199147241286838 0.0450870712378123
97.9999999999987 50.7300105654968 81.5964760840641 67.3185107469981 24.7360255145298 0.200391553987691 0.0455652058188816
98.0999999999987 50.7833703435634 81.608711204298 67.3655570284839 24.7580304036804 0.20156770312707 0.0460500136229204
98.1999999999987 50.8367364524555 81.6203959241425 67.4127635464434 24.780006608143 0.202675478253564 0.0464920846155987
98.2999999999987 50.8901109772124 81.6315258743243 67.4601269972099 24.8019535357972 0.203714938374893 0.0468930817154407
98.3999999999987 50.9434959879388 81.6420968292927 67.5076439135779 24.8238705825918 0.204686200563882 0.0472545512331517
98.4999999999987 50.9968935358747 81.6521047097735 67.5553106673902 24.8457571317682 0.205589441132534 0.047577932895657
98.5999999999987 51.0503056493767 81.661545585324 67.6031234721263 24.8676125530831 0.206424896649205 0.0478645687393449
98.6999999999987 51.1037343298161 81.6704156768881 67.6510783854898 24.8894362020319 0.207192864792679 0.0481157109816723
98.7999999999987 51.1571815474008 81.6787113593501 67.6991713119964 24.9112274190714 0.207893705041351 0.0483325289666037
98.8999999999987 51.2106492369251 81.6864291640903 67.7473980055615 24.9329855288432 0.20852783919397 0.0485161152800816
98.9999999999987 51.264139293455 81.6935657815389 67.7957540720883 24.9547098393964 0.209095751723208 0.0486674911007498
99.0999999999986 51.317653567956 81.7001180637156 67.8442349720676 24.9763996413974 0.209598119288081 0.0487594821075337
99.1999999999986 51.3711938629649 81.7060830263609 67.8928360234924 24.9980542069828 0.210036192868251 0.0487649061444098
99.2999999999986 51.4247619284987 81.7114578500343 67.9415524055715 25.0196727877095 0.210411398398543 0.0486845936258069
99.3999999999986 51.4783594581224 81.7162398808044 67.9903791627581 25.0412546121484 0.210725203627539 0.048519212093561
99.4999999999986 51.5319880851044 81.7204266309236 68.0393112087902 25.0627988834642 0.210979115578304 0.0482692752646711
99.5999999999986 51.5856493786609 81.7240157795032 68.088343330731 25.0843047769961 0.21117467795439 0.0479351507115198
99.6999999999986 51.6393448402905 81.7270051731881 68.1374701930097 25.1057714378373 0.211313468508514 0.0475170663143869
99.7999999999986 51.6930759002045 81.7293928268315 68.1866863414615 25.1271979784153 0.211397096395074 0.047015115583647
99.8999999999986 51.7468439138539 81.7311769241696 68.2359862073686 25.148583476072 0.211427199524558 0.0464292619626118
99.9999999999986 51.800650158555 81.7323558184966 68.2853641115005 25.1699269706438 0.211405441940186 0.045759342186218
100.099999999999 51.8544958302211 81.7329280333236 68.3348142681596 25.1912274620409 0.211333622922201 0.045003183432221
100.199999999999 51.9083820403074 81.732892262628 68.3843307893565 25.2124839078039 0.211214004889773 0.0441581358766073
100.299999999999 51.962309813177 81.7322473700627 68.4339076893154 25.2336952206045 0.211048966961552 0.0432231572903272
100.399999999999 52.0162800837758 81.7309923877557 68.4835388891099 25.2548602657229 0.21084088803971 0.0421971157615052
100.499999999999 52.0702936955205 81.7291265150941 68.533218221303 25.2759778585255 0.21059214280608 0.0410787939445389
100.599999999999 52.1243513983984 81.726649117508 68.5829394345875 25.2970467619415 0.210305097896238 0.0398668929596678
100.699999999999 52.178453847273 81.723559725254 68.6326961984267 25.3180656839399 0.209982108268911 0.0385600360085923
100.799999999999 52.2326016003961 81.7198580321996 68.6824821076948 25.3390332750072 0.209625513787793 0.0371567717636052
100.899999999999 52.2867951181215 81.7155438946064 68.7322906873167 25.3599481256239 0.209237636026792 0.0356555775773264
100.999999999999 52.341034761818 81.7106173299145 68.7821153969094 25.3808087637415 0.208820775311848 0.0340548625727607
101.099999999999 52.39532079298 81.7050785155104 68.8319496354154 25.4016136522739 0.208377306194698 0.0323819887764611
101.199999999999 52.4496533725715 81.6989277870823 68.8817867455849 25.4223611869423 0.207909968843057 0.0306639815389335
101.299999999999 52.5040325606962 81.6921656359295 68.9316200180675 25.443049695022 0.207421570081817 0.0288987434945598
101.399999999999 52.5584583165766 81.6847927058588 68.981442695351 25.4636774344433 0.206914881046474 0.0270842423994252
101.499999999999 52.6129304988105 81.6768097900651 69.0312479756948 25.484242592907 0.206392633328754 0.0252185132656651
101.599999999999 52.6674488658973 81.6682178280124 69.0810290170624 25.5047432869987 0.205857515355609 0.0232996611279353
101.699999999999 52.7220130770299 81.6590179023145 69.1307789410551 25.5251775613044 0.205312169001559 0.0213258643885007
101.799999999998 52.7766226931458 81.6492112356158 69.1804908368443 25.5455433875246 0.204759186428694 0.0192953787009056
101.899999999998 52.8312771782313 81.6387991874715 69.2301577651048 25.5658386635899 0.204201107150987 0.0172065413475469
101.999999999998 52.885975900873 81.6277832512293 69.2797727619482 25.5860612127758 0.203640415315976 0.0150577760491315
102.099999999998 52.9407181360459 81.6161650509052 69.3293288428424 25.6062087828367 0.2030795571461 0.0128890183672078
102.199999999998 52.9955030670512 81.6039463379529 69.3788190062062 25.626279045647 0.20252100232669 0.0107403995394629
102.299999999998 53.0503297874711 81.591128987759 69.428236236173 25.6462695981257 0.201967188149631 0.00861082472823564
102.399999999998 53.1051973032776 81.5777149960313 69.4775735050285 25.6661779636685 0.201420497272624 0.00649935615477724
102.499999999998 53.1601045351765 81.563706475182 69.5268237756353 25.686001593598 0.200883254538986 0.00440520948030258
102.599999999998 53.2150503211823 81.5491056507122 69.5759800038577 25.7057378686148 0.200357723928413 0.00232775019754554
102.699999999998 53.270033419419 81.5339148575949 69.625035140987 25.7253841002483 0.199846105624329 0.000266489964668048
102.799999999998 53.3250525111408 81.5181365366591 69.6739821361659 25.7449375323077 0.199350533190942 -0.00177891720588856
102.899999999998 53.3801062039666 81.5017732309737 69.7228139388137 25.7643953423325 0.198873070846559 -0.00380867896447072
102.999999999998 53.435193035321 81.4848275822308 69.7715235010508 25.7837546430437 0.198415710826675 -0.00582286892435324
103.099999999998 53.4903114760758 81.4673023271364 69.8201037801159 25.8030124838124 0.197980320016806 -0.00778697402647316
103.199999999998 53.5454599343118 81.4492002939743 69.8685477405798 25.8221658525964 0.197568487568569 -0.00966628969068987
103.299999999998 53.6006367590683 81.4305243996091 69.9168483560416 25.8412116790651 0.197181679320866 -0.0114604475127637
103.399999999998 53.6558402441604 81.4112776466633 69.9649986106228 25.8601468381911 0.1968212868704 -0.0131690128109839
103.499999999998 53.7110686321219 81.3914631207005 70.0129915004519 25.878968153861 0.196488625290824 -0.0147914967863913
103.599999999998 53.7663201182718 81.3710839874092 70.0608200351509 25.8976724024858 0.196184930942927 -0.0163273687299265
103.699999999998 53.8215928548976 81.3501434897859 70.1084772393199 25.9162563166104 0.195911359372554 -0.0177760681994627
103.799999999998 53.8768849555518 81.3286449453186 70.155956154023 25.9347165885249 0.195668983295186 -0.0191370170742095
103.899999999998 53.9321944994545 81.3065917431703 70.2032498382741 25.9530498738741 0.195458790668022 -0.0204096313998316
103.999999999998 53.987519535997 81.2839873413627 70.2503513705216 25.9712527952682 0.195281682846927 -0.0215933329207734
104.099999999998 54.0428580893456 81.2608352639592 70.2972538501268 25.9893219459261 0.195138439007032 -0.0226267201427753
104.199999999998 54.0982081632355 81.2371390982575 70.3439503986326 26.0072538941833 0.195029606854681 -0.0234484775941563
104.299999999998 54.1535677460948 81.2129024920022 70.390434160506 26.0250451901924 0.194955591711393 -0.0240582586681912
104.399999999998 54.2089348163177 81.1881291506052 70.4366983036713 26.0426923734883 0.194916687354414 -0.0244558476505063
104.499999999998 54.2643073475782 81.1628228343675 70.4827360200361 26.0601919805865 0.194913074899358 -0.0246411684542498
104.599999999998 54.3196833141737 81.1369873556998 70.5285405260168 26.0775405525814 0.194944822028121 -0.024614290645474
104.699999999998 54.3750606963904 81.1106265763439 70.5741050630648 26.094734642744 0.195011882561086 -0.0243754326685385
104.799999999998 54.4304374858833 81.0837444045938 70.6194228981921 26.1117708241209 0.195114096375979 -0.0239249622519298
104.899999999998 54.4858116910628 81.0563447925172 70.6644873244969 26.1286456971319 0.195251189671062 -0.0232633940090004
104.999999999998 54.5411813424823 81.0284317331759 70.7092916616895 26.1453558971684 0.195422775576691 -0.0223913842964438
105.099999999998 54.5965444982107 81.0000092578629 70.7538292566162 26.161898102204 0.195628254557393 -0.0212910605026554
105.199999999998 54.6518992490429 80.9710814337314 70.7980934837394 26.1782690407199 0.195866519157833 -0.0199449121283733
105.299999999998 54.7072437232777 80.9416523624229 70.8420777455047 26.194465500432 0.196136266989759 -0.018354297454802
105.399999999998 54.7625760912332 80.9117261790878 70.8857754726642 26.2104843373324 0.196436106194586 -0.0165206259306582
105.499999999998 54.8178945696186 80.8813070514217 70.9291801245978 26.2263224847442 0.196764559565057 -0.0144453263455659
105.599999999998 54.8731974257635 80.8503991787017 70.9722851896344 26.2419769623751 0.197120069065728 -0.0121298141132085
105.699999999998 54.9284829816974 80.8190067908223 71.0150841853738 26.2574448853722 0.19750100074902 -0.0095754580768677
105.799999999998 54.9837496180734 80.7871341473314 71.0575706590078 26.2727234733756 0.197905650063779 -0.00678354723667539
105.899999999998 55.0389957779312 80.7547855364668 71.0997381876414 26.2878100595732 0.198332247557262 -0.00375525781250471
105.999999999998 55.0942199702929 80.7219652741918 71.1415803786146 26.3027020997544 0.198778964969744 -0.000491621019835458
106.099999999998 55.1494207735858 80.6886777032448 71.1830908698331 26.3173971813614 0.199243829204803 0.0029922409265189
106.199999999998 55.2045968388434 80.6549271925254 71.2242633303437 26.3318930324571 0.199724453047709 0.00668153739518675
106.299999999998 55.2597468925782 80.620718137338 71.2650914615324 26.3461875304817 0.200218322723587 0.0105761171891974
106.399999999998 55.3148697393458 80.5860549599722 71.3055689985662 26.360278710927 0.200722899021578 0.0146761945758614
106.499999999998 55.3699642640262 80.5509421102965 71.3456897118452 26.3741647760066 0.201235625931011 0.0189823789499647
106.599999999998 55.4250294338229 80.515384066352 71.3854474084542 26.3878441033269 0.201753939632349 0.0234957019658079
106.699999999998 55.4800642999772 80.4793853349458 71.4248359336144 26.4013152545574 0.202275277859655 0.028217642024117
106.799999999998 55.5350679991967 80.4429504522453 71.4638491721357 26.4145769841013 0.202797089652742 0.0331501460062676
106.899999999998 55.5900397547982 80.4060839843709 71.502481049868 26.4276282477667 0.203316845518187 0.0382956481396139
106.999999999998 55.6449788775665 80.3687905279904 71.5407255351528 26.4404682114364 0.203832048019122 0.0436570858543885
107.099999999998 55.6998847663212 80.3310747109178 71.5785766402842 26.4530962596952 0.204340281936431 0.0491599735842307
107.199999999998 55.7547569079948 80.292941192859 71.6160284231877 26.4655120033157 0.204839344124435 0.054730420009507
107.299999999998 55.8095948769129 80.2543946665283 71.6530749896566 26.4777152838485 0.205327137009968 0.0603728776907214
107.399999999998 55.8643983336261 80.2154398589106 71.6897104958073 26.4897061770711 0.2058016360319 0.0660921087610772
107.499999999998 55.9191670235044 80.17608153253 71.725929150543 26.5014849963939 0.206260895861024 0.071893174324311
107.599999999998 55.9739007751086 80.136324486718 71.7617252180178 26.5130522962653 0.206703056845638 0.0777814234827806
107.699999999998 56.0285994983473 80.0961735588816 71.7970930201003 26.5244088755771 0.207126351683906 0.0837624818419634
107.799999999998 56.0832631824254 80.0556336257715 71.8320269388376 26.5355557810701 0.207529112331796 0.0898422392673422
107.899999999998 56.1378918935939 80.0147096047505 71.8665214189189 26.5464943107395 0.207909777145178 0.0960268366455846
107.999999999998 56.19248577271 79.9734064550616 71.9005709701393 26.5572260172402 0.208266898262848 0.102322651347942
108.099999999998 56.2470450326161 79.9317291790983 71.9341701698714 26.5677527112674 0.208599158914005 0.108690600315716
108.199999999998 56.3015699553101 79.8896828237232 71.967313665732 26.5780764642959 0.208905403271145 0.115091607902692
108.299999999998 56.3560608888592 79.8472724817119 71.999996178746 26.588199609688 0.20918460134351 0.121532291393314
108.399999999998 56.4105182441363 79.8045032932446 72.0322125067051 26.5981247431609 0.209435842065922 0.128019338863568
108.499999999998 56.4649424914285 79.7613804474005 72.0639575275354 26.6078547232285 0.209658337801345 0.134559495414418
108.599999999998 56.5193341569308 79.7179091836518 72.0952262026632 26.617392671643 0.209851428991227 0.141159548292248
108.699999999998 56.573693819137 79.6740947933579 72.1260135803823 26.6267419738376 0.210014588942565 0.147826310504526
108.799999999998 56.6280221051397 79.6299426212592 72.1563147992207 26.6359062793681 0.210147428745802 0.154566602503629
108.899999999998 56.6823196868512 79.5854580669712 72.1861250913074 26.6448895023547 0.210249702311891 0.161387231492722
108.999999999998 56.7365872771595 79.540646586479 72.2154397857387 26.6536958219247 0.210321311521218 0.168294967876802
109.099999999998 56.7908256260325 79.4955136936305 72.2442543119526 26.6623296826286 0.210362321312071 0.175250143744969
109.199999999998 56.845035516585 79.4500649616181 72.2725642032795 26.6707957942063 0.210372980832512 0.18221248761472
109.299999999998 56.8992177611292 79.4043060244309 72.3003651009454 26.6790991296991 0.210353673427218 0.189187699719701
109.399999999998 56.9533731972218 79.3582425782941 72.3276527582532 26.6872449229103 0.210304904767416 0.196181308457039
109.499999999998 57.0075026837206 79.3118803831086 72.3544230447695 26.6952386658411 0.210227304095043 0.20319865621182
109.599999999998 57.0616070968587 79.2652252638905 72.3806719505131 26.7030861061261 0.210121625531616 0.210244882812367
109.699999999998 57.1156873263478 79.2182831122102 72.4063955901423 26.7107932444691 0.209988749440886 0.217324906329117
109.799999999998 57.1697442715194 79.1710598876322 72.4315902071427 26.7183663320792 0.209829683843143 0.22444340093298
109.899999999998 57.2237788375156 79.1235616191544 72.4562521780146 26.7258118681059 0.209645565870879 0.231604771526739
109.999999999998 57.2777919315385 79.0757944066471 72.480378016461 26.7331365970749 0.209437663262948 0.238813124878453
110.099999999998 57.3317844591669 79.0277644222814 72.5039643775605 26.7403475062832 0.209207549664697 0.246003603492662
110.199999999998 57.3857573207287 78.9794779116451 72.5270080615577 26.7474518221246 0.20895760087735 0.253106826796907
110.299999999998 57.4397114077511 78.9309411940724 72.5495060166817 26.7544570037018 0.208690423664959 0.260119403905491
110.399999999998 57.4936475996249 78.8821606626625 72.5714553415829 26.7613707353709 0.20840866667196 0.267037340252345
110.499999999998 57.5475667605295 78.8331427842855 72.5928532877542 26.7682009192433 0.208115011191046 0.273856069321005
110.599999999998 57.6014697366181 78.7838940995897 72.6136972619526 26.774955667689 0.20781216190324 0.280570487787731
110.699999999998 57.6553573534598 78.7344212230079 72.6339848286211 26.7816432958385 0.207502837609247 0.287174994418856
110.799999999998 57.7092304137341 78.6847308427639 72.6537137123096 26.7882723140858 0.207189761978288 0.293663533009997
110.899999999998 57.7630896951737 78.6348297208791 72.6728818000971 26.794851420591 0.206875654337469 0.300029639587488
110.999999999998 57.816935948749 78.5847246931793 72.691487144013 26.8013894937827 0.206563220532706 0.30626649401626
111.099999999998 57.8707698970891 78.5344226692906 72.7095279634388 26.8078955848551 0.206255296179721 0.312356531832568
111.199999999998 57.9245922332029 78.4839306323663 72.7270026470013 26.8143789101103 0.205955287199361 0.318278081135809
111.299999999998 57.9784036196431 78.4332556381277 72.7439097531726 26.8208488429113 0.205666688630353 0.324017649609678
111.399999999998 58.0322046880761 78.3824048136367 72.7602480103616 26.8273149054805 0.205392916412295 0.32956146803316
111.499999999998 58.0859960391969 78.3313853560567 72.7760163169849 26.8337867606923 0.205137293130161 0.334895614052141
111.599999999998 58.1397782429738 78.2802045314142 72.7912137415389 26.8402742038663 0.204903033921147 0.340006144835328
111.699999999998 58.1935518392074 78.2288696733601 72.8058395226709 26.8467871545599 0.204693232623824 0.344879237412778
111.799999999998 58.2473173383893 78.1773881819313 72.8198930692509 26.8533356483607 0.20451084825297 0.349501335155654
111.899999999998 58.3010752228432 78.1257675223118 72.833373960443 26.85992982868 0.204358691885747 0.353859298531296
111.999999999998 58.3548259481325 78.0740152235945 72.8462819457769 26.866579938545 0.204239414051327 0.357940558008583
112.099999999998 58.4085699447179 78.0221388775353 72.8586169452013 26.8732963123972 0.204155629946499 0.361737514040972
112.199999999998 58.4623076199359 77.9701461371267 72.8703790486616 26.8800893680298 0.204110319201339 0.365239515088944
112.299999999998 58.5160393604563 77.9180447147112 72.8815685144712 26.8869695988787 0.204106400313211 0.36843059985128
112.399999999998 58.5697655351331 77.8658423799143 72.892185767208 26.8939475664532 0.204146578674428 0.371295849936892
112.499999999998 58.62348649816 77.8135469575695 72.9022313955918 26.9010338927711 0.204233332518647 0.373821576815975
112.599999999998 58.677202592507 77.7611663256444 72.9117061503619 26.9082392527952 0.204368899777112 0.375995499197372
112.699999999998 58.7309141536175 77.7087084131661 72.9206109421552 26.9155743668682 0.20455526596257 0.377806906848003
112.799999999998 58.7846215133419 77.656181198147 72.928946839384 26.9230499931493 0.204794153198643 0.379246807044937
112.899999999998 58.8383250040877 77.6035927055101 72.9367150661134 26.9306769200493 0.205087010496554 0.380308050109666
112.999999999998 58.8920249631609 77.5509510050147 72.9439169999393 26.9384659586666 0.205435005376003 0.38098543091239
113.099999999998 58.9457217372788 77.4982642091816 72.9505541698483 26.9464279352504 0.205839193478029 0.381313789403433
113.199999999998 58.9994156872979 77.4455404712049 72.9566282536132 26.9545736843764 0.20630106326417 0.381324298584578
113.299999999998 59.0531071932938 77.3927879828289 72.9621410740099 26.9629140439328 0.20682203490048 0.381009035208985
113.399999999998 59.1067966599585 77.3400149722129 72.9670945945692 26.9714598508185 0.207403279215713 0.380361841469718
113.499999999998 59.1604845222524 77.2872297017944 72.9714909153123 26.9802219366693 0.208045708825514 0.379378386233014
113.599999999998 59.2141712512945 77.2344404661524 72.9753322684846 26.9892111235834 0.2087499703742 0.378056202594865
113.699999999998 59.2678573604701 77.1816555898716 72.9786210142903 26.9984382198475 0.209516437942445 0.376394700780504
113.799999999998 59.3215434117414 77.1288834254052 72.9813596366273 27.0079140156628 0.210345207657469 0.374395156021792
113.899999999998 59.3752300221378 77.0761323509393 72.9835507388214 27.0176492788706 0.211236093527147 0.37206067172993
113.999999999998 59.4289178704114 77.0234107682556 72.985197039361 27.0276547506786 0.212188624508293 0.369396118867918
114.099999999998 59.4826077038308 76.9707271006017 72.9863013676414 27.0379411414055 0.213202048854283 0.366448575042963
114.199999999998 59.5363003450358 76.9180897907277 72.9868666599673 27.0485191267235 0.214275378137858 0.363265320526972
114.299999999998 59.5899966988386 76.8655072993438 72.9868959562097 27.0593993451634 0.215407414976768 0.359853506775101
114.399999999998 59.6436977590529 76.8129881037449 72.9863923967205 27.0705923961161 0.216596753136968 0.356221146766816
114.499999999998 59.6974046154008 76.760540696442 72.9853592192576 27.0821088378544 0.217841777595541 0.35237702279437
114.599999999998 59.7511184604857 76.7081735837923 72.9837997559094 27.0939591855539 0.219140665171893 0.348330589804852
114.699999999998 59.8048405968164 76.6558952846308 72.9817174300197 27.1061539093147 0.220491385710761 0.344091876025024
114.799999999998 59.8585724438706 76.6037143289005 72.9791157531123 27.1187034321818 0.221891703802446 0.339671382613334
114.899999999998 59.9123155451797 76.5516392562838 72.9759983218157 27.1316181281673 0.223339181026449 0.335079983957438
114.999999999998 59.9660715754217 76.4996786148331 72.972368814788 27.144908320271 0.22483117870999 0.330328830131915
115.099999999998 60.019842347506 76.447840959606 72.9682309896378 27.1585842785234 0.226364977792757 0.325453472132245
115.199999999998 60.073629819682 76.3961348514097 72.9635886797408 27.1726562185852 0.227938143933754 0.320485873203926
115.299999999998 60.1274361027724 76.344568855823 72.9584457907949 27.1871343017609 0.229548199488272 0.315432030340897
115.399999999998 60.1812634675038 76.2931515423274 72.9528062972706 27.2020286355701 0.231192508823945 0.310298017926798
115.499999999998 60.2351143518927 76.2418914834433 72.946674238858 27.2173492743388 0.232868277494834 0.305089954974505
115.599999999998 60.2889913686723 76.1907972538647 72.9400537169136 27.2331062197923 0.234572551895969 0.299813974479456
115.699999999998 60.3428973127462 76.1398774295957 72.932948890907 27.2493094216467 0.236302219440705 0.294476195125014
115.799999999998 60.3968351686554 76.0891405870852 72.925363974868 27.2659687782014 0.238054009306754 0.289082695512849
115.899999999998 60.4508081180404 76.0385953023629 72.9173032338335 27.2830941369314 0.239824493799082 0.283639491062146
115.999999999998 60.504819547085 75.9882501501748 72.9087709802938 27.3006952950789 0.241610090381477 0.278152513615985
116.099999999998 60.5588730539182 75.9381137031256 72.8997715706491 27.3187820002596 0.243407102655628 0.272652900557061
116.199999999998 60.6129724558811 75.8881945309932 72.890309401901 27.3373639514204 0.245211853667587 0.267169595965449
116.299999999998 60.6671217965317 75.8385012004829 72.8803889089424 27.3564508006929 0.247020600328236 0.261705035787426
116.399999999998 60.7213253525184 75.7890422751539 72.8700145620835 27.3760521555991 0.248829500547681 0.256261493065598
116.499999999998 60.7755876403908 75.7398263153523 72.8591908645867 27.3961775812702 0.250634615417075 0.250841094736433
116.599999999998 60.8299134233357 75.6908618781446 72.8479223502011 27.4168366026665 0.252431912229839 0.24544583799976
116.699999999998 60.884307717824 75.6421575172506 72.8362135806981 27.438038706796 0.254217268399376 0.240077606180962
116.799999999998 60.9387758001502 75.593721782977 72.8240691434058 27.4597933449341 0.255986476325891 0.234738183982615
116.899999999998 60.9933232128482 75.5455632221501 72.8114936487438 27.4821099348425 0.257735249259326 0.229429272044168
116.999999999998 61.0479557709653 75.4976903780496 72.7984917277584 27.504997862989 0.259459228199943 0.224152500759494
117.099999999998 61.1026795681687 75.4501117903439 72.7850680296677 27.5284664867631 0.261153946273627 0.218919424768791
117.199999999998 61.1575009825173 75.4028359950903 72.7712272196772 27.5525251366242 0.262814717137733 0.21374143327921
117.299999999998 61.2124266816248 75.3558715249001 72.7569739774803 27.5771831180717 0.264436793827083 0.208619738889602
117.399999999998 61.2674636274058 75.3092269091666 72.7423129960296 27.6024497135463 0.266015426427515 0.203555406324798
117.499999999998 61.3226190805315 75.2629106742975 72.7272489803184 27.6283341843292 0.267545874614476 0.198549374286053
117.599999999998 61.3779006045819 75.2169313439458 72.711786646162 27.6548457724403 0.269023421137879 0.193602475619716
117.699999999998 61.4333160698775 75.1712974392415 72.6959307189788 27.6819937025371 0.27044338620768 0.188715455763743
117.799999999998 61.4888736569759 75.1260174790234 72.6796859325722 27.7097871838131 0.271801142722679 0.183888989482316
117.899999999998 61.5445818598149 75.0810999800698 72.6630570279119 27.7382354118969 0.273092132267766 0.17912369586714
117.999999999998 61.6004494884886 75.0365534573308 72.6460487519149 27.7673475707503 0.274311881790568 0.17442015164092
118.099999999998 61.6564856716343 74.9923864241586 72.628665856235 27.7971328345577 0.275455949781719 0.169781075909924
118.199999999998 61.7126998582419 74.9486073925147 72.6109130962438 27.8276003693606 0.276519739583687 0.165209645768702
118.299999999998 61.769101818567 74.9052248731189 72.592795230502 27.8587593340473 0.277498746969847 0.160706992246103
118.399999999998 61.8257016443668 74.8622473755741 72.5743170204236 27.8906188810882 0.278388653465308 0.156274115175486
118.499999999998 61.8825097486127 74.8196834084912 72.5554832299468 27.9231881572617 0.279185346335904 0.151911897834616
118.599999999998 61.9395368646816 74.7775414796136 72.5362986252058 27.9564763043795 0.279884938222858 0.147621119913671
118.699999999998 61.9967940450225 74.7358300959413 72.5167679742014 27.990492460013 0.280483786226786 0.143402468855017
118.799999999998 62.0542926592978 74.6945577638555 72.496896046473 28.0252457582181 0.280978510239875 0.139256549631511
118.899999999998 62.1120443920004 74.6537329892431 72.4766876127699 28.0607453302617 0.281366010324962 0.135183893049504
118.999999999998 62.1700612395522 74.6133642776215 72.4561474447221 28.0970003053467 0.281643482942173 0.131184962651765
119.099999999998 62.2283555068848 74.5734601342614 72.4352803145146 28.1340198113326 0.281808402428617 0.127260211351925
119.199999999998 62.2869398034176 74.5340290642868 72.4140909946273 28.1718129753126 0.281858438893965 0.123410248891134
119.299999999998 62.3458270382744 74.4950795727126 72.3925842577428 28.2103889238268 0.28179157876132 0.119635651152192
119.399999999997 62.4050304148847 74.4566201644588 72.3707648767199 28.2497567829331 0.281606169888838 0.11593689739442
119.499999999997 62.464563425079 74.4186593443628 72.3486376245706 28.2899256782721 0.2813009300205 0.112314375233827
119.599999999997 62.5244398427006 74.3812056171928 72.3262072744362 28.3309047351319 0.280874952984043 0.108768384763103
119.699999999997 62.5846737167603 74.3442674876606 72.3034785995637 28.3727030785135 0.280327712538629 0.105299141898925
119.799999999997 62.6452793641583 74.307853460434 72.2804563732823 28.4153298331955 0.279659063804482 0.10190678109115
119.899999999997 62.706271362001 74.2719720401503 72.2571453689798 28.4587941237991 0.278869242236469 0.0985913574811092
119.999999999997 62.7676645395444 74.2366317314287 72.233550360079 28.5031050748531 0.27795886013428 0.0953528486285432
