#t s x y z curvature torsion
5 0 129.339805602579 109.557172671542 3.20767397047247 0.191141693368589 -0.0214755161693409
5.1 0.0738856754903162 129.36267833921 109.539034549518 3.27554840963107 0.182533686484408 -0.0316113216936973
5.2 0.147709760680492 129.384587387999 109.520894746875 3.34367283032881 0.1738246047215 -0.0368032623860002
5.3 0.221487174708587 129.405580099243 109.502755791091 3.41203503610315 0.165005784089204 -0.0359376443670551
5.4 0.2952309989575 129.425703939765 109.484620106062 3.48062278709461 0.156065676928919 -0.0275815959213652
5.5 0.368952566083706 129.445006616397 109.466489576901 3.54942365952143 0.146990064503209 -0.00982537170603942
5.6 0.442661544350146 129.463536199472 109.448365114721 3.61842490515424 0.137762778260185 0.0199680707555224
5.7 0.516366018170201 129.481341246308 109.43024622144 3.68761331079073 0.128367188306152 0.0655701667983098
5.8 0.590072566092654 129.498470924698 109.412130554564 3.75697505773032 0.118788906276 0.132564496756526
5.9 0.663786337876632 129.514975136397 109.394013491984 3.8264955812488 0.109020518147142 0.229501447871631
6 0.737511132820975 129.530904640609 109.37588769677 3.89615943007305 0.0990699045106455 0.369901566985299
6.1 0.811249481293185 129.546311168634 109.357742683999 3.9659501274559 0.0890076721455534 0.571254414976729
6.2 0.885002713903245 129.561247308638 109.339564440545 4.03585007385862 0.0790883322746489 0.856553574215094
6.3 0.958771001420359 129.575765806909 109.321335179301 4.1058405552521 0.0696884492844622 1.25603105301203
6.4 1.0325534119963 129.589918639225 109.303033146368 4.17590179302559 0.0613297266138943 1.78724690154143
6.49999999999999 1.10634800291646 129.603756073394 109.284632430271 4.24601299549567 0.0547361432282266 2.40061545948236
6.59999999999999 1.18015194102195 129.617325731786 109.26610277118 4.31615240941521 0.0508069834928501 2.89509386965098
6.69999999999999 1.25396164622622 129.630671653871 109.247409370134 4.38629737148238 0.0503481981501031 2.96855285697025
6.79999999999999 1.32777295417204 129.643833358748 109.22851269826 4.45642435984963 0.0536169296883342 2.54073176515759
6.89999999999999 1.40158129612903 129.656844907685 109.20936830599 4.52650904563263 0.0601909736768758 1.86643401204074
6.99999999999999 1.47538189671454 129.669733966651 109.189926632287 4.59652634441931 0.0693555070971754 1.21546613038886
7.09999999999999 1.54916999530746 129.682520880471 109.170132837375 4.66645047481737 0.080406693649075 0.706369329083999
7.19999999999999 1.62294115254871 129.695218049052 109.149927246755 4.73625520000433 0.0924967150924946 0.351088817871887
7.29999999999999 1.69669170595252 129.707830070429 109.129247346945 4.80591453382257 0.104893077528107 0.108670060663445
7.39999999999999 1.77041922519664 129.720354185881 109.108030392508 4.8754036298768 0.116992654240439 -0.0612211750220653
7.49999999999999 1.84412287184003 129.732780736667 109.086216036585 4.94469967767015 0.128262157433318 -0.188164372302391
7.59999999999999 1.91780363050388 129.745093620765 109.063748961438 5.01378279874025 0.138207318451975 -0.292829516455302
7.69999999999999 1.99146438310528 129.757270749606 109.040581508978 5.08263694279533 0.146361381016197 -0.390518305806232
7.79999999999999 2.06510980369563 129.769284504811 109.016676311312 5.15125078385023 0.152286450686974 -0.494297410357642
7.89999999999999 2.13874606143415 129.781102194931 108.992008921269 5.21961861636254 0.155585527704356 -0.617825803349309
7.99999999999999 2.21238033324909 129.792686512179 108.966570442945 5.28774125136865 0.155927258087439 -0.778539401122228
8.09999999999999 2.28602014477487 129.803995996931 108.940370104076 5.35562688784162 0.153294228505922 -0.969137496950691
8.19999999999999 2.35967257616251 129.814985704031 108.913436316257 5.4232913398154 0.148593699840196 -1.16442796056287
8.29999999999999 2.433343496279 129.825608381376 108.885813896609 5.49075662814682 0.142946964486316 -1.35055712565268
8.39999999999999 2.50703705981236 129.835815850303 108.857559777283 5.55804892804394 0.137404333573264 -1.49941862877869
8.49999999999999 2.58075550006281 129.845560393748 108.828738656808 5.62519649181614 0.13283549699023 -1.57200908998906
8.59999999999999 2.65449916057138 129.854796144394 108.799418651436 5.6922275716243 0.129797293474611 -1.53091862872355
8.69999999999999 2.72826668917725 129.863480472826 108.769666946495 5.7591683422309 0.128435099244977 -1.35714019246812
8.79999999999999 2.80205531245197 129.871575375682 108.739545447728 5.82604082375018 0.128489282582332 -1.0570030507664
8.89999999999999 2.87586111491939 129.879048863808 108.709106432644 5.89286080439823 0.129435437246681 -0.651726308769069
8.99999999999999 2.94967926583257 129.88587635041 108.678388201865 5.95963576324315 0.130722080554136 -0.159972001327456
9.09999999999999 3.02350416892746 129.892042016465 108.647410800021 6.0263628301208 0.13202744172033 0.31846973134511
9.19999999999999 3.09732961047239 129.897539584874 108.616173544956 6.09302771185671 0.13338126374338 0.693559761421342
9.29999999999998 3.17114904962388 129.902371593728 108.584657147239 6.15960607141908 0.135096086145842 0.965440281443221
9.39999999999998 3.24495600023774 129.906548078312 108.55282763799 6.22606587337789 0.137535377712774 1.13089452874511
9.49999999999998 3.31874446921395 129.910085230367 108.520640366249 6.29236976652973 0.140916391597794 1.19125295262062
9.59999999999998 3.39250943976189 129.913004057359 108.48804399635 6.35847746652247 0.145189922030508 1.15824375143102
9.69999999999998 3.46624736030278 129.915329041736 108.45498450529 6.42434813848015 0.150006620862434 1.05262805945607
9.79999999999998 3.5399565803749 129.9170868002 108.421409180101 6.48994277962765 0.154757204693709 0.897162823001468
9.89999999999998 3.61363766647552 129.918304742966 108.387270615223 6.5552266019155 0.158652973732336 0.709162455266612
9.99999999999998 3.68729353341664 129.919009733027 108.352530709878 6.62017141464466 0.160813549355787 0.495860619018102
10.1 3.76092933702368 129.919226760534 108.317164613806 6.6847579745512 0.160506373859091 0.294145131680142
10.2 3.8345520265103 129.9189780101 108.281163330699 6.74897748984921 0.157719569355692 0.129393042960963
10.3 3.90816954025344 129.918282925562 108.244532914195 6.81283097662916 0.152724413044156 -0.0126175616658595
10.4 3.98178997467331 129.917158667663 108.207292321561 6.87632776921453 0.145875191832764 -0.141237707163329
10.5 4.05542088509355 129.915620586855 108.169471215746 6.93948399797824 0.137576087556525 -0.262250457041054
10.6 4.12906874215914 129.9136826961 108.131107767432 7.00232106715921 0.128258006600987 -0.378234593432906
10.7 4.20273854621797 129.91135814367 108.09224645709 7.06486413267886 0.11835966194307 -0.488055493101277
10.8 4.27643358854967 129.908659685946 108.052935877032 7.12714057995761 0.108309195300284 -0.585490388513528
10.9 4.35015533840984 129.905600160223 108.013226533462 7.18917850173138 0.0985038398491758 -0.657112519548041
11 4.42390342862436 129.902192957506 107.973168648531 7.25100517586812 0.0892870509573823 -0.679999311442259
11.1 4.49767571295839 129.898452493021 107.932809978739 7.31264555738803 0.0808784333471485 -0.653209107559023
11.2 4.57146844006297 129.894394617199 107.892194058377 7.3741211397801 0.0732405343016428 -0.590273464549388
11.3 4.64527662506101 129.890036875523 107.851359521927 7.4354497537634 0.0662671217535446 -0.480472018719828
11.4 4.719094469197 129.885398708862 107.810339851508 7.49664573534464 0.0598466623571485 -0.310099190684018
11.5 4.7929157513001 129.880501651495 107.769163140669 7.55772010807952 0.0538780230393042 -0.0601219117334259
11.6 4.86673419394081 129.875369529152 107.727851858176 7.61868076533399 0.0482958753799601 0.297306786185072
11.7 4.94054381084037 129.870028657045 107.686422611806 7.67953265254561 0.0431119266171049 0.801165756376453
11.8 5.0143392426438 129.864508037902 107.64488591214 7.74027794948482 0.0384819354297781 1.49154521631691
11.9 5.08811608873838 129.858839560001 107.603245936355 7.80091625251628 0.0348039639178768 2.35250794321582
12 5.16187124339667 129.853058195205 107.561500292011 7.86144475686016 0.0328013139748495 3.16876999779007
12.1 5.23560324027657 129.847202174559 107.519639796898 7.9218584418574 0.0333662246845724 3.37628940285298
12.2 5.30931249234231 129.841312580613 107.477648676117 7.98215033433701 0.0368001800116233 2.79378322949769
12.3 5.38300123291072 129.8354314591 107.435505818341 8.04231197024266 0.0424201441020604 1.94264620655707
12.4 5.45667333548932 129.829599347337 107.393186449323 8.10233393436126 0.0491255751691476 1.20090398205998
12.5 5.53033410811083 129.823852780194 107.350663821445 8.1622064030556 0.0559000689445855 0.634891729048561
12.6 5.60399003980459 129.818221796055 107.307910903272 8.22191968699681 0.0619287787174509 0.192146266614255
12.7 5.67764847521835 129.81272744279 107.264902069112 8.28146477389702 0.0665737645652955 -0.195816614979171
12.8 5.75131720116423 129.807379283717 107.221614788561 8.34083387124189 0.069357307429074 -0.59542314481055
12.9 5.82500394112055 129.80217290357 107.178031316064 8.40002094902316 0.0699972027982332 -1.08065726161083
13 5.89871577040062 129.797087414467 107.134140380465 8.45902228247123 0.0685300192474025 -1.74840771353121
13.1 5.97245848551109 129.792083011371 107.089938839892 8.51783697274874 0.0657638743701447 -2.59898439420151
13.2 6.04623598918553 129.787099814504 107.045432435211 8.57646689462997 0.0639824303247156 -3.38554099171353
13.3 6.12004980942964 129.782059978632 107.00063425525 8.63491518960601 0.0659050064321751 -3.65647310133676
13.4 6.19389885551356 129.776871089293 106.955562300589 8.69318418597578 0.0732808140678225 -3.18260481738256
13.5 6.26777940941309 129.771429608527 106.910237012682 8.75127329689807 0.0859847509118159 -2.33179929654073
13.6 6.34168530381261 129.765624320606 106.864678802982 8.80917691844351 0.10266944849718 -1.52248574384027
13.7 6.4156082196338 129.759339777761 106.818905582061 8.86688232764663 0.121850659641076 -0.888991529411241
13.8 6.48953802916204 129.752459745915 106.772930288735 8.92436758055787 0.142366024578583 -0.411157682239657
13.9 6.56346311450909 129.744870650408 106.726758419185 8.9815994102956 0.163418213293782 -0.0391303570943912
14 6.6373706051759 129.736465021726 106.680385556077 9.03853112509815 0.184533800763375 0.267934674380073
14.1 6.71124652159275 129.727144919518 106.633794945969 9.09510056712321 0.205490367764821 0.483286151712081
14.2 6.78507629079636 129.716824791962 106.58695633191 9.1512296506799 0.226048480964214 0.596223033832891
14.3 6.8588463650312 129.705432901814 106.539827972344 9.20682790978974 0.245868682435932 0.644957097664703
14.4 6.93254612308237 129.692912187816 106.492359915214 9.26179762518029 0.264462085088951 0.653782140052504
14.5 7.00616950116025 129.679221104388 106.444497320349 9.31603901202607 0.281170839976163 0.638627353666408
14.6 7.07971623100237 129.664334461312 106.396183781846 9.36945540768969 0.295181799169926 0.610057785352518
14.7 7.15319257075479 129.64824426343 106.347364650452 9.42195845946277 0.305555533071249 0.575082054603693
14.8 7.22661142228188 129.630960550327 106.297990355952 9.47347331230699 0.311262164529101 0.538375294043784
14.9 7.29999175744018 129.612512236027 106.248019729549 9.52394379659508 0.311219467259642 0.503194837670414
15 7.3733573266617 129.592947948675 106.197423326249 9.57333761585185 0.304329750000161 0.472171362907451
15.1 7.44673468121288 129.572336817562 106.146186696415 9.6216514358043 0.289956956374863 0.459378173404522
15.2 7.52015035990518 129.550767890551 106.094312335697 9.66891340746881 0.269303320962076 0.47382038192404
15.3 7.59362746578104 129.528346074909 106.041818280089 9.71517917664 0.244088349619554 0.513608704823072
15.4 7.66718305014087 129.505186708541 105.988735379361 9.7605253274167 0.216059687316036 0.579212565023236
15.5 7.74082676075984 129.481410078569 105.935104519663 9.80504272703698 0.186952561930099 0.670755658586407
15.6 7.81456059001796 129.457135939892 105.880973846129 9.84882987071317 0.158458018607586 0.782128411324989
15.7 7.88837946463591 129.432478033762 105.826395985479 9.891986226467 0.132190033022364 0.887030703516454
15.8 7.96227238746462 129.407538606345 105.771425268622 9.93460557996455 0.109635440102063 0.911683246584645
15.9 8.03622385347623 129.382402927298 105.716114953261 9.97676937935135 0.0920852417472407 0.706704892559923
16 8.11021531356594 129.357133808332 105.660514446492 10.0185400800875 0.0806366097991936 0.0972833783477434
16.1 8.18422654953849 129.331766213408 105.604666561563 10.0599545935688 0.0760571897347299 -0.729119531788303
16.2 8.25823694873035 129.306304251192 105.548605662513 10.1010204341949 0.0778960087116339 -1.28968356043249
16.3 8.33222668394086 129.280724214792 105.492358062698 10.1417187163377 0.0855289644689799 -1.41786421778799
16.4 8.40617777602081 129.254980003753 105.435943311209 10.1820098497575 0.0980091164661651 -1.25232936653948
16.5 8.48007510884364 129.22900863768 105.379375513436 10.2218393388037 0.113956133007471 -0.998443425744992
16.6 8.55390741161909 129.202735769859 105.322664651633 10.2611435816174 0.131771137762641 -0.768636590590139
16.7 8.62766813511137 129.176081200882 105.265817905486 10.2998556693325 0.149807990445061 -0.594376001328764
16.8 8.70135608850676 129.148964392267 105.208840972677 10.3379111852776 0.166432255915068 -0.473579047022506
16.9 8.77497567451238 129.12130998008 105.151739389452 10.3752540041776 0.180029168868335 -0.396897704489829
17 8.84853656288889 129.093053288559 105.094519851183 10.4118420913553 0.18900397696153 -0.357356406024049
17.1 8.92205268013562 129.064145779903 105.037191513463 10.4476532227608 0.19217027148356 -0.345896363169167
17.2 8.99554054918158 129.034558844428 104.979766786833 10.4826886465143 0.189901707264522 -0.350238153970742
17.3 9.06901743291888 129.004283377811 104.922260846142 10.5169715190618 0.182981959616963 -0.365692491082955
17.4 9.14249972174824 128.973327698696 104.864690633543 10.5505432828443 0.172212380657011 -0.389633361707866
17.5 9.21600169375587 128.941715402472 104.807073842016 10.5834599647952 0.158399500049258 -0.419937103593032
17.6 9.28953468789058 128.909483215048 104.749427898891 10.6157884748364 0.142341641867655 -0.453611932280754
17.7 9.36310668646595 128.876678846629 104.691768949368 10.6476029043761 0.124815335846077 -0.484703549682253
17.8 9.43672226862881 128.843358845494 104.634110840042 10.6789808248052 0.106561683615244 -0.500041639165312
17.9 9.5103828719502 128.80958645177 104.576464102423 10.7099995859941 0.0882729783098285 -0.469519276113611
18 9.58408728508688 128.77542945121 104.51883493646 10.74073261479 0.0705832977223293 -0.322064555776676
18.1 9.65783228778245 128.74095803004 104.461224215965 10.7712457501435 0.0540085244486783 0.00522960975892622
18.2 9.73161329839756 128.706242657707 104.403627063472 10.8015945306123 0.0388130172902076 0.630809407675687
18.3 9.8054248542554 128.671352040433 104.346033870604 10.8318238994381 0.0253804916394797 2.13278727116038
18.4 9.87926097568536 128.636351102662 104.288431887868 10.8619688619995 0.0147196159178953 6.59865586928412
18.5 9.95311546179818 128.601298969594 104.230806836355 10.8920551798956 0.010144589219057 11.9772149172971
18.6 10.0269821120035 128.566246949699 104.173144519448 10.9221000650296 0.0133511720521385 4.87664664273861
18.7 10.100854866193 128.531236517249 104.115432434514 10.9521128736919 0.0179753627252994 1.23475125472526
18.8 10.1747278611102 128.496297294836 104.057661384613 10.9820958006434 0.020891999782809 -0.334892828384433
18.9 10.2485954083913 128.461445035902 103.999827090195 11.012044573199 0.0213132134164172 -1.67490083005023
19 10.3224519111257 128.426679607257 103.9419318008 11.0419491453113 0.0193042035733685 -3.93549823460089
19.1 10.3962917528539 128.391983020299 103.883985880014 11.0717944019563 0.0167000294384431 -7.85187486611643
19.2 10.4701092665123 128.357318728113 103.82600869495 11.1015611314047 0.0187383207293749 -8.08134244861814
19.3 10.5438989405065 128.322634136016 103.768027740304 11.1312276775041 0.0278815250422567 -4.42425934944397
19.4 10.6176558068125 128.28786437798 103.710077066941 11.1607718598456 0.0412564861413066 -2.37783660317271
19.5 10.6913759371579 128.252936141754 103.652195683741 11.1901729042335 0.0565100152648481 -1.48327954630762
19.6 10.7650569966144 128.217771493986 103.594425959427 11.2194133731553 0.0722739131429874 -1.07320968581984
19.7 10.8386987879842 128.182291705338 103.536812024415 11.2484810962511 0.0875388160907546 -0.884381346376812
19.8 10.9123037118322 128.146421075607 103.479398172641 11.2773711007835 0.10143456673777 -0.815949364037225
19.9 10.9858770682917 128.110090758843 103.422227263411 11.3060875421072 0.113172453848918 -0.829811718586857
20 11.0594271381324 128.073242588471 103.365339123229 11.3346456341391 0.122047093159253 -0.917345158122495
20.1 11.132964995542 128.035832844949 103.308768964345 11.3630735198483 0.127718332911036 -1.0250338367389
20.2 11.206503893078 127.997834529499 103.252546237503 11.3914125822914 0.13088408675435 -1.09028514470865
20.3 11.2800581181768 127.959235845555 103.196694586927 11.4197137970288 0.132350216051817 -1.10072138294603
20.4 11.3536417931795 127.92003718628 103.141232239526 11.4480325250846 0.132702973773548 -1.04154532084574
20.5 11.4272678209974 127.880248064626 103.086172410791 11.4764232459284 0.132271342954995 -0.899422590469413
20.6 11.5009469516365 127.839884043394 103.031523710701 11.5049342904564 0.131138935658638 -0.663096229044634
20.7 11.5746869244133 127.79896366529 102.977290549617 11.5336025739725 0.129226596733061 -0.319897292470657
20.8 11.6484916453847 127.757505382985 102.92347354419 11.56244832917 0.126461704081931 0.15004311619349
20.9 11.7223603817535 127.715524489178 102.870069923259 11.5914698391127 0.123058342073174 0.77469866523372
21 11.7962869946137 127.673030046649 102.817073933753 11.6206381702161 0.119951530260494 1.56603221401343
21.1 11.8702593043363 127.630021864194 102.764477248262 11.6498920165115 0.119243654754262 2.2951992302149
21.2 11.9442591341188 127.58648866524 102.712269416093 11.6791354372564 0.123522315340387 2.62758314776549
21.3 12.0182637973984 127.542409284036 102.660438424681 11.708242939194 0.134425261191824 2.49380573312015
21.4 12.0922483716102 127.497755054533 102.608971304487 11.7370674521595 0.151752793289371 2.07023535432379
21.5 12.1661882433997 127.452492245133 102.557854735561 11.765448415969 0.173814173699094 1.58885936971264
21.6 12.2400617182597 127.406584493439 102.507075654112 11.793219867308 0.198329880042363 1.17127873938306
21.7 12.3138524458697 127.359995241004 102.456621859071 11.8202185266202 0.223000970958669 0.842136155057167
21.8 12.3875513832471 127.312690168079 102.406482618659 11.8462918849965 0.245675201374738 0.586413442454586
21.9 12.4611580189748 127.264639628366 102.356649276953 11.8713062910637 0.264344580684448 0.380450776216204
22 12.5346806166671 127.215821083768 102.307115860451 11.8951550378732 0.277119194593424 0.201047641246028
22.1 12.6081353037643 127.166221511292 102.257879668376 11.9177663371892 0.282614893321616 0.0523907888485622
22.2 12.681543894249 127.115839086067 102.208941440124 11.9391083661669 0.281153124328745 -0.0619422532971485
22.3000000000001 12.7549308555729 127.064683026777 102.160304449305 11.9591868824043 0.273584557040963 -0.15706441538388
22.4000000000001 12.8283204258394 127.012772717205 102.111973174932 11.9780399113826 0.260847792974343 -0.241289713320934
22.5000000000001 12.9017343113783 126.960136799935 102.06395195635 11.9957323213074 0.243925557577171 -0.318963293046907
22.6000000000001 12.9751900710564 126.906812270048 102.016243648154 12.0123503979496 0.223807055639056 -0.391351059349447
22.7000000000001 13.0487002070028 126.852843568824 101.968848275119 12.0279964194855 0.201454061380992 -0.456199997924472
22.8000000000001 13.1222719173613 126.798281677442 101.921761687123 12.0427832313382 0.177769808931273 -0.505774102182898
22.9000000000001 13.1959074200998 126.743183210682 101.874974214069 12.0568288210178 0.153570147044317 -0.522303793525043
23.0000000000001 13.2696047283972 126.687609510622 101.828469320814 12.0702508929624 0.129558873652152 -0.468044715965825
23.1000000000001 13.3433587399239 126.631625729042 101.782222297536 12.0831614798633 0.106300073901024 -0.339566827421415
23.2000000000001 13.4171623323719 126.575299616109 101.736199871578 12.0956625025877 0.0842329275913827 -0.148685692419332
23.3000000000001 13.4910070640771 126.518699563468 101.690362158464 12.10784373808 0.063837056105578 0.18455375926183
23.4000000000001 13.5648836932329 126.461892353608 101.644665534384 12.1197817358603 0.0456993267690764 0.858181773116592
23.5000000000001 13.6387826464708 126.404940897937 101.59906554413 12.1315387710082 0.0306464148411982 2.36469745818561
23.6000000000001 13.7126944010749 126.347901974857 101.553519809029 12.1431617971453 0.0201503797971283 5.27587605208098
23.7000000000001 13.786609747952 126.290823967835 101.507990934873 12.154681399419 0.0164265974745736 5.96667092047145
23.8000000000001 13.8605199192571 126.233744603479 101.462449419859 12.1661107474856 0.0187493895870667 1.78881700952385
23.9000000000001 13.9344165881913 126.176688689607 101.416876562515 12.1774445484935 0.0236639216264315 -1.51074153064457
24.0000000000001 14.00829177908 126.119665853325 101.371267369637 12.1886580000664 0.03082659650788 -3.06088599284232
24.1000000000001 14.0821377665663 126.06266832916 101.325633410229 12.1997057987503 0.0421415371047622 -2.97055696194423
24.2000000000001 14.1559471546933 126.005670048886 101.280004265623 12.2105225905087 0.0584144484440534 -2.20264771448172
24.3000000000001 14.2297133601124 125.948629035603 101.234425416053 12.2210270818045 0.0788108645282499 -1.54086999638274
24.4000000000001 14.3034313901404 125.891491099511 101.188954723409 12.2311275927307 0.101904354560932 -1.09939230670923
24.5000000000001 14.377098763881 125.834193583744 101.143658860006 12.2407276656042 0.126173963773767 -0.820911750477317
24.6000000000001 14.4507164293527 125.776669110195 101.098609737337 12.2497316735597 0.150110035933864 -0.647033963426706
24.7000000000001 14.5242894881814 125.718849325361 101.053880934842 12.2580504291443 0.172219459403467 -0.540821804755053
24.8000000000001 14.5978275221967 125.660668646165 101.009544128667 12.265606792911 0.191022031063938 -0.48185897671422
24.9000000000001 14.67134432746 125.602068005796 100.965665520428 12.2723412820128 0.20505621938192 -0.460850107476538
25.0000000000001 14.7448569021109 125.542998599539 100.922302265972 12.278217678797 0.212896238985484 -0.477383776001665
25.1000000000001 14.8183836142177 125.483425584263 100.879498944204 12.2832285559552 0.213558392446137 -0.530971012557285
25.2000000000001 14.8919418312705 125.42333057292 100.837285067667 12.2873986321393 0.207652155308782 -0.618801284963352
25.3000000000001 14.9655458627294 125.362711070219 100.795675237537 12.2907826202955 0.19622816688405 -0.749938884157222
25.4000000000001 15.0392054927281 125.301578703315 100.754670340373 12.2934609064642 0.18040149028382 -0.942706830826582
25.5000000000001 15.1129251003227 125.239957406147 100.714258784932 12.2955351451359 0.161375327930306 -1.22923200796597
25.6000000000001 15.1867034045833 125.177881603784 100.674417738977 12.2971238546074 0.140502498921505 -1.66281698652646
25.7000000000001 15.2605338136741 125.115394396763 100.635114366095 12.2983580123376 0.119415962679523 -2.32160202248606
25.8000000000001 15.3344053062095 125.052545745429 100.596307062509 12.2993766503036 0.100257565906325 -3.2696093793815
25.9000000000001 15.4083037362086 124.989390654279 100.557946693892 12.3003224503564 0.0858907702478822 -4.35581112297084
26.0000000000001 15.4822134287692 124.925987356301 100.519977832179 12.3013373395774 0.0793799273237985 -4.91469280257591
26.1000000000001 15.5561189128019 124.862395503733 100.48233999794 12.3025581143121 0.0819009831015383 -4.42581894589919
26.2000000000001 15.6300064494809 124.798674525659 100.444969047302 12.3041128098388 0.0916253102340584 -3.38778342528308
26.3000000000001 15.7038649406388 124.734882409119 100.407798925783 12.3061189627995 0.105407425753505 -2.4356680895357
26.4000000000001 15.7776864866638 124.671074647057 100.370763566683 12.3086826192656 0.120626672597209 -1.74577659299702
26.5000000000001 15.851466750745 124.607303192684 100.333798795032 12.3118973714811 0.13553121350212 -1.27036599960954
26.6000000000001 15.9252050992176 124.543615413847 100.296844231527 12.3158433946066 0.148954316328539 -0.935411486937175
26.7000000000001 15.9989044880558 124.480053047392 100.259845196488 12.3205864834624 0.160055478967587 -0.686212453234345
26.8000000000001 16.0725710771137 124.416651153527 100.222754613797 12.3261770892726 0.168175504926474 -0.486320225695699
26.9000000000001 16.1462135686806 124.353437070189 100.185534914844 12.3326493564081 0.172766584612058 -0.310008905757892
27.0000000000001 16.2198422852358 124.290429367412 100.148159942476 12.3400201591307 0.173363921278744 -0.135625301939034
27.1000000000001 16.2934680257753 124.227636825637 100.110616814885 12.3482881660307 0.169727981640711 0.0273548161978231
27.2000000000001 16.3671008538139 124.165058036802 100.072906748035 12.3574336245225 0.16228826404441 0.167133233069758
27.3000000000001 16.4407491372475 124.102682586289 100.035043234375 12.3674199731773 0.151685761577162 0.29730824071195
27.4000000000001 16.5144189208496 124.040492857643 99.9970491800996 12.378196174113 0.138591152884118 0.427235044355206
27.5000000000001 16.5881136122216 123.978465861236 99.9589540023406 12.3896990730791 0.123677571680828 0.563794867523255
27.6000000000001 16.66183397286 123.916575062939 99.9207907263668 12.4018557595407 0.107597921680849 0.711777928479506
27.7000000000001 16.7355783808216 123.854792212789 99.8825930827811 12.4145859267634 0.0909614918319141 0.87275177885026
27.8000000000001 16.8093433125479 123.79308917366 99.8443926047184 12.4278042318975 0.0743047041468985 1.04118266699184
27.9000000000001 16.8831239811879 123.731439749929 99.8062157250428 12.441422656063 0.0580503562669564 1.19372250343578
28.0000000000001 16.956915066956 123.669821516143 99.7680808735451 12.4553528644336 0.0424513008821197 1.25479542733088
28.1000000000001 17.0307114754452 123.608217619941 99.7299956201281 12.4695085470649 0.0275074620185992 1.28161798197835
28.2000000000001 17.1045089314089 123.546617915377 99.6919550136672 12.4838072590497 0.0130296478898266 2.08146909976062
28.3000000000001 17.1783041480857 123.485018396541 99.6539429560487 12.4981709897353 0.00182126055914188 0
28.4000000000001 17.2520948128829 123.423419961592 99.6159347718834 12.512526231269 0.0151323165597052 1.4377392582762
28.5000000000001 17.3258795473032 123.361827151033 99.5778998242081 12.5268040278857 0.0284909029564674 0.671615094632577
28.6000000000001 17.3996578460462 123.300246885992 99.5398041301871 12.5409400251971 0.0412178878554671 0.401881199694182
28.7000000000001 17.4734299848642 123.238687206503 99.5016129768132 12.5548745194792 0.0530584791739067 0.207576645211729
28.8000000000001 17.5471968812967 123.177156009779 99.4632935366095 12.5685525069615 0.0637435132360696 0.0257523190153375
28.9000000000001 17.620959890973 123.115659788499 99.4248174833305 12.5819237331145 0.0730076578012878 -0.166841046534973
29.0000000000001 17.6947205247597 123.054202369079 99.3861636076635 12.5949427419387 0.0806209290143894 -0.38732774424178
29.1000000000001 17.7684800826648 122.992783665577 99.3473203992793 12.6075689212831 0.0865013948325996 -0.59906950065447
29.2000000000001 17.8422393114314 122.931398839735 99.3082877539556 12.619766444952 0.0909323242327699 -0.7714532216761
29.3000000000002 17.9159982902609 122.870038492012 99.2690764597338 12.6315039528134 0.0943020166462044 -0.91726134869909
29.4000000000002 17.989756437753 122.808689258759 99.2297068081495 12.6427541276955 0.0970057645883296 -1.0381981725443
29.5000000000002 18.0635125631661 122.747334425014 99.1902071718115 12.6534932683135 0.0994229099749917 -1.13007957085733
29.6000000000002 18.1372649674162 122.685954537299 99.1506125819809 12.6637008621963 0.101891115637577 -1.18637070833792
29.7000000000002 18.2110115960251 122.624528016417 99.1109633061505 12.6733591586136 0.104679441118988 -1.20141004498887
29.8000000000002 18.2847502403424 122.563031770251 99.0713034256237 12.6824527415028 0.107965366191559 -1.17305478408701
29.9000000000002 18.3584787786988 122.501441806554 99.0316794130941 12.6909681023954 0.111821962963005 -1.10387754207021
30.0000000000002 18.4321954456948 122.439733845755 98.9921387102243 12.6988932133442 0.116219083644123 -1.00046680628603
30.1000000000002 18.5058991143233 122.3778839321 98.9527283122213 12.7062171111743 0.121007523712313 -0.884377440160919
30.2000000000002 18.5795895426296 122.315869002002 98.9134935343111 12.7129297761619 0.125870622069849 -0.776854685087159
30.3000000000002 18.6532675036974 122.253667343721 98.8744772399556 12.7190227581079 0.130467895258282 -0.682800557257714
30.4000000000002 18.7269348172862 122.191259014242 98.8357192509695 12.7244900968384 0.134477011983591 -0.604229756152811
30.5000000000002 18.8005943028661 122.128626254505 98.7972557646327 12.7293292540311 0.137595302634183 -0.541600404660776
30.6000000000002 18.8742496508393 122.065753904631 98.7591187708028 12.7335420450396 0.139539106937613 -0.49482764790657
30.7000000000002 18.9479052106181 122.002629819161 98.7213354690277 12.7371355707197 0.140042533625148 -0.464031649644228
30.8000000000002 19.0215656979785 121.939245282276 98.6839276856582 12.7401231492541 0.138856493492132 -0.45018670972467
30.9000000000002 19.0952358285336 121.875595423036 98.6469112909607 12.7425252479784 0.135748517876508 -0.455911290846307
31.0000000000002 19.1689198892285 121.811679630603 98.6102956162293 12.7443704152058 0.130503927175639 -0.486791472030945
31.1000000000002 19.242621267039 121.747501957172 98.5740828884766 12.7456961877417 0.12304859748869 -0.550978497975499
31.2000000000002 19.3163420086373 121.683071200997 98.5382681221509 12.7465493663069 0.113810913171022 -0.655575692154325
31.3000000000002 19.3900825708979 121.618400177378 98.5028401709971 12.7469846864211 0.103368150422377 -0.811921723259101
31.4000000000002 19.4638417848809 121.55350466974 98.4677832369448 12.7470628571958 0.0923380472267283 -1.03570830675596
31.5000000000002 19.5376169941251 121.488402368419 98.4330783965742 12.7468485758161 0.0813963715827572 -1.34260628693129
31.6000000000002 19.6114043395366 121.423111809439 98.3987051275814 12.746408542022 0.0712948396808475 -1.73248035019076
31.7000000000002 19.6851991577719 121.357651313298 98.3646428352449 12.7458094725904 0.0628532983390197 -2.15164760377338
31.8000000000002 19.7589964568716 121.292037923747 98.3308723788908 12.745116115816 0.0568623787506254 -2.44745046039774
31.9000000000002 19.8327914332246 121.226286346569 98.2973775983589 12.7443892659935 0.0538337667596869 -2.40879854455349
32.0000000000002 19.9065799976425 121.160407888364 98.2641468404682 12.743683777899 0.0537169305187081 -1.95340061299694
32.1000000000002 19.9803592801443 121.094409415369 98.2311744563715 12.7430466156271 0.0558497532755564 -1.33761970158475
32.2000000000002 20.0541279656468 121.028292833306 98.1984615420085 12.7425157946697 0.0592378515013225 -0.848796125510788
32.3000000000002 20.1278862324373 120.962055889844 98.166014757196 12.7421215914568 0.0631860259399585 -0.534684404652787
32.4000000000002 20.2016354966247 120.895693498095 98.1338443878162 12.7418886461383 0.0672862979819038 -0.379353241838166
32.5000000000002 20.2753781075573 120.829199080139 98.1019623788949 12.7418380997222 0.0712829165117172 -0.354285239789854
32.6000000000002 20.3491170098628 120.762565910556 98.0703803676784 12.7419897312119 0.0750004666782613 -0.435968763584246
32.7000000000002 20.4228553767737 120.69578845996 98.0391077167115 12.7423640947443 0.0783319846210893 -0.609411649871864
32.8000000000002 20.4965962183302 120.628863738526 98.0081495469141 12.7429846567275 0.0812735243774397 -0.866287761275888
32.9000000000002 20.5703419717872 120.561792639521 97.9775047706594 12.7438799329787 0.0839969386860633 -1.19881070511002
33.0000000000002 20.644094090065 120.494581282839 97.947164124851 12.7450856258617 0.0869539602542972 -1.58726765364111
33.1000000000002 20.71785266221 120.427242338441 97.9171082349653 12.746646720164 0.0909372924938683 -1.89630442002802
33.2000000000002 20.7916162312264 120.359795827603 97.8873064841843 12.7486185061892 0.0967455868459071 -2.00788347911501
33.3000000000002 20.8653820374465 120.292268598563 97.8577179262181 12.7510648796286 0.104819852927385 -1.94275460930071
33.4000000000002 20.9391464868564 120.224693279974 97.8282930032183 12.7540555686475 0.115138459217957 -1.76228358219337
33.5000000000002 21.0129056909001 120.157107214264 97.7989752946561 12.757663319712 0.127283885010271 -1.53578845391631
33.6000000000002 21.0866560243187 120.089551391003 97.7697032661997 12.7619610834145 0.140594665976801 -1.31300963517227
33.7000000000002 21.1603946404333 120.022069380261 97.7404120185931 12.7670192002997 0.154301738868979 -1.11907804684144
33.8000000000002 21.2341198767914 119.95470626598 97.7110350365336 12.772902586691 0.167611282248939 -0.962151397872421
33.9000000000002 21.3078314831784 119.887507579329 97.68150593755 12.7796679205164 0.179743440761701 -0.84207863624354
34.0000000000002 21.3815306088039 119.820518232075 97.6517602208807 12.7873608271343 0.189947241899785 -0.756083377476314
34.1000000000002 21.455219501981 119.753781451375 97.6217370087103 12.7960130991174 0.197630368178202 -0.696637825542995
34.2000000000002 21.5289010467659 119.687337751867 97.5913805887324 12.8056407989303 0.202721282528076 -0.652426473321786
34.3000000000002 21.6025784722614 119.621224002406 97.5606414523853 12.8162446028016 0.205271342204083 -0.617486494317225
34.4000000000002 21.6762551511058 119.555472530097 97.5294771344142 12.8278110274901 0.20532066734227 -0.587907621641648
34.5000000000002 21.7499343915246 119.490110225752 97.497853044792 12.8403136910085 0.202893515940491 -0.560885997542535
34.6000000000002 21.8236192373003 119.42515764936 97.4657433006396 12.8537145733473 0.197995324474566 -0.534141769243812
34.7000000000002 21.8973122930259 119.360628135543 97.4331315581467 12.8679652771983 0.190610776621157 -0.50546393430178
34.8000000000002 21.9710155911235 119.296526899022 97.4000118444925 12.8830082886787 0.180702657316769 -0.472200970439046
34.9000000000002 22.0447305176614 119.23285014008 97.3663893897664 12.8987782380546 0.168211513489093 -0.430445838814443
35.0000000000002 22.1184578160167 119.169584150023 97.3322814588883 12.9152031604649 0.153056461758422 -0.373360702922184
35.1000000000002 22.1921976829249 119.106704441768 97.2977181569902 12.9322057609508 0.13524797416198 -0.309857851023754
35.2000000000002 22.2659497939064 119.044175533602 97.2627425447715 12.9497047914309 0.115238365182924 -0.250405683553894
35.3000000000002 22.3397130340276 118.981952391017 97.2274090022514 12.9676167118473 0.0936157147317821 -0.182421258709076
35.4000000000002 22.4134853269648 118.919982521718 97.1917809024955 12.985857463258 0.0709881045060454 -0.0764621466672085
35.5000000000002 22.4872637307879 118.858208095755 97.1559282588027 13.0043442452339 0.0479813879619103 0.173760967677859
35.6000000000002 22.5610447403847 118.796568065655 97.1199253718924 13.0229972932572 0.0252668383579324 1.2919815113442
35.7000000000002 22.6348247166705 118.735000286556 97.0838484770919 13.0417416561185 0.0045656831427416 45.0355512263858
35.8000000000002 22.7086003575009 118.673443636335 97.0477733915234 13.0605089733147 0.0177564745305217 2.45502944825644
35.9000000000002 22.782369126084 118.611840135743 97.0117731612908 13.0792392524466 0.0359774718986273 0.266739717410842
36.0000000000002 22.8561295596334 118.550137068538 96.9759157086674 13.0978826466165 0.0515768016079191 -0.131633275832516
36.1000000000002 22.9298813951856 118.488289080494 96.9402615025468 13.1164012104971 0.0639794465343648 -0.311731637004513
36.2000000000002 23.0036255008389 118.426259729388 96.9048618337559 13.1347701018474 0.0732501510657124 -0.440780075567876
36.3000000000002 23.0773636838281 118.364021641261 96.869758625789 13.1529773753196 0.0796202567395636 -0.565845828800259
36.4000000000002 23.1510984087949 118.301556117655 96.8349848504034 13.1710232217117 0.0833491202159374 -0.707324635364309
36.5000000000002 23.2248324565908 118.238852721727 96.8005649664788 13.1889191858935 0.0847340698566753 -0.880051973373091
36.6000000000003 23.2985685661152 118.175908864361 96.7665153588775 13.2066873847305 0.0841276671467645 -1.09885098729917
36.7000000000003 23.3723090951239 118.112729390289 96.7328447773041 13.224359725009 0.081964411087486 -1.37938701184844
36.8000000000003 23.4460557287763 118.0493261642 96.6995547751648 13.241977121361 0.0787996455350279 -1.73424450784537
36.9000000000003 23.5198092579191 117.985717656861 96.6666401484279 13.2595887141887 0.0753584055546632 -2.15974091896728
37.0000000000003 23.5935694427589 117.921928531228 96.6340893744827 13.2772510875895 0.0725723803001704 -2.60910428985844
37.1000000000003 23.6673349727356 117.857989222312 96.6018850565271 13.2950274790398 0.0715505371252012 -2.94299742237425
37.2000000000003 23.7411035529377 117.793935354521 96.5700045116548 13.3129867748145 0.0733265149201693 -2.99314620316191
37.3000000000003 23.8148721577656 117.729806746458 96.5384207237244 13.3312019615041 0.0783587048774912 -2.73435714303655
37.4000000000003 23.8886373946939 117.66564625319 96.5071034399287 13.3497483632684 0.0863691336735677 -2.29549273510061
37.5000000000003 23.9623959185462 117.601498602273 96.4760202728911 13.3687018708479 0.0965854162627078 -1.82968523245541
37.6000000000003 24.0361448541618 117.537409229771 96.4451378027628 13.3881371705765 0.10808226221655 -1.42094629915295
37.7000000000003 24.109882183687 117.473423116283 96.4144226793189 13.4081259733934 0.119981442623811 -1.09007537785186
37.8000000000003 24.1836070546628 117.409583622962 96.3838427240554 13.4287352438551 0.131509042887438 -0.828472290265447
37.9000000000003 24.2573199676496 117.345931327538 96.3533680322857 13.4500254291477 0.141988315178607 -0.619569559428647
38.0000000000003 24.3310228074227 117.282502860342 96.3229720752373 13.472048688099 0.150818152928013 -0.447080794133802
38.1000000000003 24.4047186891752 117.219329759574 96.2926327838841 13.4948471469697 0.157568646168024 -0.317046048780595
38.2000000000003 24.4784115964803 117.156437827051 96.2623331579089 13.5184518515071 0.162322656667034 -0.232175432159696
38.3000000000003 24.5521058673192 117.093847754369 96.2320606692256 13.5428834864326 0.165336764904139 -0.179702888494994
38.4000000000003 24.6258056779685 117.031576249551 96.2018061906331 13.568153791191 0.166905258201235 -0.152744976454376
38.5000000000003 24.6995145921557 116.969637182932 96.1715629062023 13.5942670024795 0.167345392576565 -0.147756052536995
38.6000000000003 24.7732351985266 116.908042733048 96.1413252216657 13.6212212967765 0.166990116488564 -0.163050780457501
38.7000000000003 24.8469688503571 116.846804532528 96.1110876748054 13.6490102328705 0.166185628934014 -0.197784509170807
38.8000000000003 24.9207155155014 116.785934813983 96.0808438458413 13.6776241943887 0.165292620959368 -0.251077414630209
38.9000000000003 24.9944737408701 116.725447555895 96.0505852678203 13.7070518323263 0.16469043862243 -0.321135613887234
39.0000000000003 25.0682407342909 116.665359628503 96.020300337004 13.7372815075747 0.164783094648719 -0.40436924543347
39.1000000000003 25.1420125687316 116.605691919908 95.9899732397213 13.7683027144852 0.16590471109383 -0.48015156863134
39.2000000000003 25.2157845369898 116.546469947561 95.9595833072742 13.80010701133 0.168002243326648 -0.531861848996178
39.3000000000003 25.289551637952 116.487723163458 95.9291054574438 13.8326876990408 0.170899695322739 -0.561640661484131
39.4000000000003 25.363309054746 116.42948374474 95.8985110640496 13.8660390068459 0.174387748232107 -0.573121365947923
39.5000000000003 25.4370525690216 116.371785364486 95.8677688429727 13.900155258941 0.178222872478514 -0.57068807660253
39.6000000000003 25.5107789001208 116.314661962517 95.8368457381789 13.93503004116 0.182130759950687 -0.558824436957993
39.7000000000003 25.5844859572568 116.2581465162 95.8057078077424 13.9706553676468 0.185812182257418 -0.541671752957472
39.8000000000003 25.6581729919872 116.20226981124 95.7743211098689 14.0070208475259 0.188949725655237 -0.522828427396301
39.9000000000003 25.7318406388731 116.147059212491 95.7426525889183 14.0441128515735 0.191214424920312 -0.505360291398649
40.0000000000003 25.8054908343297 116.092537434749 95.7106709614287 14.0819136788886 0.192271850486359 -0.491972382404769
40.1000000000003 25.8791266081151 116.038721324317 95.6783475990245 14.1204007375173 0.191851552448562 -0.481811585480229
40.2000000000003 25.9527517737497 115.985620920402 95.6456573303488 14.1595460878506 0.189938715151604 -0.471549500228668
40.3000000000003 26.0263706119037 115.93323922684 95.6125790374369 14.1993169069113 0.186575201116779 -0.460125002428898
40.4000000000003 26.0999875887263 115.881572263658 95.5790961711146 14.2396763154158 0.181793584078785 -0.4464427290152
40.5000000000003 26.173607107637 115.830609129393 95.5451972632802 14.2805842187872 0.175616322944239 -0.429231654016865
40.6000000000003 26.2472332977877 115.780332063421 95.5108764391881 14.3219981481701 0.168055151108315 -0.406846524205133
40.7000000000003 26.3208698426477 115.73071650827 95.4761339297312 14.3638741014446 0.159110804558878 -0.376943340556124
40.8000000000003 26.3945198523031 115.68173117195 95.440976583724 14.4061673842398 0.148773303113365 -0.335891824361295
40.9000000000003 26.4681857836536 115.633338090271 95.4054183801854 14.4488334509484 0.137023196843227 -0.277620010609673
41.0000000000003 26.5418694137471 115.585492689164 95.3694809406214 14.4918287457406 0.123834665614314 -0.191144538550185
41.1000000000003 26.6155718687971 115.538143870474 95.3331940166759 14.535111541395 0.109290977556377 -0.0782917978530652
41.2000000000003 26.6892936192896 115.491234707869 95.2965953373429 14.5786427213749 0.0939260367628146 0.0605604409042757
41.3000000000003 26.7630343321354 115.444704691527 95.2597288304499 14.6223864178322 0.0784123970383312 0.253479218947181
41.4000000000003 26.8367927893738 115.39849258295 95.2226422037033 14.6663105928568 0.0634589699609342 0.546770683009575
41.5000000000003 26.9105669402919 115.352539293238 95.1853845011011 14.7103876175427 0.0498299634253121 1.01138738907992
41.6000000000003 26.984354032612 115.306790761371 95.1480036593462 14.7545948510542 0.0383802432394028 1.70830418838011
41.7000000000003 27.0581507666617 115.261200832482 95.1105440642589 14.7989152196919 0.0300640120579864 2.46652089442433
41.8000000000003 27.1319534260911 115.215734136138 95.0730441071898 14.8433377959593 0.0257056051953902 2.48930486412956
41.9000000000003 27.2057579552105 115.170368964616 95.0355337414335 14.8878583776284 0.0254128905501356 1.14623302338753
42.0000000000003 27.2795599763701 115.125100151181 94.9980320386403 14.9324800668063 0.0287286972304753 -0.635902547691132
42.1000000000003 27.3533547748753 115.079941878779 94.9605447930629 14.9772138251889 0.0356455102313102 -1.50497271918906
42.2000000000003 27.4271374030095 115.034928679482 94.9230633694483 15.02207841019 0.0459516359658305 -1.46967101042084
42.3000000000003 27.50090310414 114.990111841262 94.8855667078818 15.067098739449 0.0589583750585493 -1.16236590785662
42.4000000000003 27.5746479030378 114.945554005505 94.8480245722776 15.1123036362125 0.0736046322610308 -0.863608116759367
42.5000000000003 27.6483692279603 114.901323694954 94.8104008467021 15.1577235509054 0.0886640644920125 -0.634157331746263
42.6000000000003 27.7220664809249 114.857489841645 94.7726568316976 15.2033882827007 0.102861228899631 -0.466939289681937
42.7000000000003 27.795741449752 114.814116314843 94.7347545406053 15.2493247010896 0.114909789893455 -0.343660881693729
42.8000000000003 27.8693984503469 114.771256448983 94.6966599958888 15.295554467452 0.123523768168931 -0.248111557442627
42.9000000000003 27.9430441047018 114.728947571603 94.6583465254578 15.3420917566265 0.127423326479375 -0.166779352912111
43.0000000000003 28.0166866996132 114.687205531284 94.6197980589907 15.3889409784808 0.125341015133667 -0.0855554119944519
43.1000000000003 28.0903351333555 114.646019327479 94.5810123720698 15.4360945456726 0.11648200774191 0.00201331391889434
43.2000000000003 28.1639975762887 114.605348389497 94.5420029734028 15.4835318423725 0.101888418535068 0.113333174559781
43.3000000000003 28.2376802618278 114.565126580279 94.5027975475741 15.5312212415834 0.0830801657280393 0.305530791433501
43.4000000000003 28.3113868089849 114.525268849329 94.4634350408837 15.5791233234209 0.0616168257264055 0.73956057187422
43.5000000000003 28.385118117084 114.485677987536 94.423962694997 15.6271941395853 0.0392082872311418 2.10430513407542
43.6000000000004 28.4588727228932 114.446251382 94.3844330805947 15.6753884778333 0.0186228372079157 9.59914152910409
43.7000000000004 28.5326474517556 114.406887770851 94.3449011310223 15.7236631264498 0.0135673265830618 16.3316255427369
43.8000000000004 28.6064381683905 114.367493998075 94.3054211759405 15.7719801387198 0.0278295643477091 2.78726698016335
43.9000000000004 28.680240438114 114.327991768335 94.2660439749744 15.8203100973997 0.0410184659137259 0.389390687814445
44.0000000000004 28.75404994477 114.288324401796 94.2268137513636 15.8686353791894 0.0492619851791872 -0.683979636710144
44.1000000000004 28.8278625774534 114.248463488464 94.1877652657964 15.9169533686649 0.0517180988415304 -1.66648478155911
44.2000000000004 28.9016742038026 114.20841293008 94.1489219350271 15.9652783581856 0.0499672833930007 -2.88052804353451
44.3000000000004 28.975480332309 114.168206350378 94.1102966026391 16.013640112203 0.0470323687822559 -4.39080525025289
44.4000000000004 29.0492759267043 114.127901892893 94.0718933545914 16.0620811175441 0.0471523024145396 -5.33897454804937
44.5000000000004 29.1230554883882 114.087576918295 94.0337093749494 16.1106537831555 0.0539279687325917 -4.64744584419792
44.6000000000004 29.1968134167629 114.047322701707 93.9957368016158 16.1594176398477 0.0673592541792484 -3.19548825217846
44.7000000000004 29.2705445897052 114.007239130044 93.9579645820611 16.2084365400395 0.0849559534742976 -2.03211239127842
44.8000000000004 29.3442450576904 113.96742939933 93.9203803290545 16.2577758575021 0.10421659343795 -1.2765552138612
44.9000000000004 29.4179127146209 113.927994712036 93.8829721763945 16.3074996871037 0.123204085728261 -0.786324822636163
45.0000000000004 29.491547796143 113.889028974402 93.84573063464 16.357668044553 0.140366633453891 -0.44272986309116
45.1000000000004 29.5651530637876 113.850613547772 93.8086504237424 16.4083340921748 0.154565301020923 -0.206053120679206
45.2000000000004 29.6387336096012 113.812813404046 93.7717317051257 16.4595420414815 0.165589410805517 -0.0504921710719116
45.3000000000004 29.7122964113452 113.775676845445 93.734979789286 16.5113267737667 0.173535565566721 0.0605746948694895
45.4000000000004 29.7858497654161 113.739236628395 93.6984042428383 16.5637141374959 0.178559738088805 0.145751103500789
45.5000000000004 29.8594026536749 113.703511141414 93.6620179724654 16.6167212717281 0.180849192977229 0.21526714936327
45.6000000000004 29.9329640952678 113.668505583001 93.6258363088659 16.6703569295368 0.180608222722357 0.275148325504925
45.7000000000004 30.0065425247941 113.634213139525 93.5898760907036 16.7246218014313 0.178049354188045 0.329178997236866
45.8000000000004 30.0801452283958 113.600616163114 93.5541547485556 16.7795088387778 0.173386806332386 0.379904387917931
45.9000000000004 30.153777860403 113.567687349544 93.518689388861 16.8350035772212 0.16683093293128 0.429190336733277
46.0000000000004 30.2274440551772 113.535390916125 93.48349587787 16.8910844601057 0.15858318953205 0.47858205351881
46.1000000000004 30.3011451434616 113.503683789605 93.4485879310091 16.9477231729095 0.148889644228195 0.529543666050102
46.2000000000004 30.3748800203271 113.472517054302 93.4139763430953 17.0048852640101 0.13820993762508 0.579829021476395
46.3000000000004 30.4486452638403 113.441838060868 93.3796685760865 17.0625314922937 0.127033817966126 0.622776506146347
46.4000000000004 30.522435467941 113.411592795287 93.3456684876803 17.1206194610956 0.115811191282844 0.646785768843292
46.5000000000004 30.5962437260197 113.381728257882 93.3119760653296 17.1791052631535 0.104938379020914 0.63313997839689
46.6000000000004 30.670062226576 113.352194842328 93.2785871602584 17.2379451255617 0.0947455162713682 0.554000844474053
46.7000000000004 30.7438829248351 113.322948714655 93.2454932214779 17.2970970547237 0.085494355263238 0.371840082552324
46.8000000000004 30.8176982591217 113.293954192263 93.2126810298017 17.3565224813062 0.0774057362626306 0.0428679664298455
46.9000000000004 30.8915018894431 113.265186122929 93.1801324318621 17.4161879051928 0.0707466100600218 -0.46921635083799
47.0000000000004 30.9652894480738 113.236632263814 93.1478240741256 17.4760665404368 0.0660035023141374 -1.15323953515526
47.1000000000004 31.0390592929412 113.208295626243 93.1157271483807 17.5361399317236 0.0639909580465841 -1.80707436006847
47.2000000000004 31.1128129084501 113.180195930464 93.0838074354927 17.5963988300451 0.0654506171578748 -2.14913371301062
47.3000000000004 31.1865543589597 113.152368801125 93.052026106299 17.6568421879158 0.0708594372117867 -2.09324513968445
47.4000000000004 31.2602893946219 113.124864072735 93.0203408207717 17.7174754138016 0.0801430705550278 -1.77117588562703
47.5000000000004 31.3340245977056 113.097744060893 92.9887068386522 17.7783085980577 0.0927306720027367 -1.38013965390799
47.6000000000004 31.4077665862991 113.071081833516 92.9570781300855 17.8393547388649 0.107854169718688 -1.03576159598105
47.7000000000004 31.4815212621822 113.044959482071 92.9254084862546 17.9006279681678 0.124764716451096 -0.769633118887679
47.8000000000004 31.5552930776571 113.019466392797 92.8936526300149 17.9621417776113 0.142806802432216 -0.574852963779583
47.9000000000004 31.6290842874135 112.994697517942 92.8617673265289 18.0239072444785 0.161422323585804 -0.435046262825958
48.0000000000004 31.7028941460902 112.970751646984 92.8297124939002 18.0859312576273 0.180138204079531 -0.335095341311427
48.1000000000004 31.7767180390377 112.947729666106 92.7974523020337 18.1482147673799 0.198545445550857 -0.263305615964575
48.2000000000004 31.8505472297253 112.925732511918 92.7649559653484 18.2107516581503 0.216231428446201 -0.211630435816985
48.3000000000004 31.924370334485 112.904858349066 92.7321977583507 18.2735292018736 0.232754915486456 -0.174773392787019
48.4000000000004 31.9981753070395 112.885199442099 92.6991567250611 18.3365291341734 0.247640541989384 -0.149122542006849
48.5000000000004 32.0719511574284 112.866839015569 92.6658163766664 18.3997287544819 0.26037582541923 -0.132292295415696
48.6000000000004 32.1456893331375 112.849848114136 92.6321643891714 18.4631020261589 0.270412927448354 -0.122832909919209
48.7000000000004 32.2193847280544 112.834282462678 92.5981923010511 18.5266206766121 0.277173799229756 -0.120085146960685
48.8000000000004 32.2930362983748 112.82017932639 92.5638952109025 18.5902552974158 0.280058079136744 -0.124179549610326
48.9000000000004 32.3666472836926 112.807554370891 92.5292714750967 18.6539764444312 0.278453278438587 -0.136225799126552
49.0000000000004 32.4402250568738 112.796398522329 92.4943224054308 18.7177557379257 0.271746794992212 -0.15883265698527
49.1000000000004 32.5137806394881 112.786674898028 92.4590519686345 18.7815669528679 0.259592565849063 -0.19108469607218
49.2000000000004 32.5873275484372 112.778317571236 92.4234665340964 18.8453868537891 0.242688854829438 -0.23084843302068
49.3000000000004 32.6608796504123 112.771234991666 92.3875747439949 18.9091953812356 0.222025663922657 -0.281300760624989
49.4000000000004 32.7344492035095 112.765315240142 92.3513874316481 18.972975582787 0.198616621228295 -0.346926909012094
49.5000000000004 32.8080456142515 112.760431353781 92.3149175417197 19.0367135342501 0.173483870364097 -0.434230198651156
49.6000000000004 32.881674857926 112.756446651184 92.2781800504227 19.1003982608532 0.147646990798329 -0.552649756718767
49.7000000000004 32.9553394488372 112.753220057619 92.241191885726 19.1640216584397 0.122115782968003 -0.71532936259153
49.8000000000004 33.0290388208818 112.750611430204 92.203971847558 19.2275784146623 0.0978838852363621 -0.937837734517094
49.9000000000004 33.1027699676895 112.748486883099 92.1665405280125 19.2910659301773 0.0759140944676105 -1.22730138567836
50.0000000000004 33.1765281947926 112.746724112686 92.1289202315536 19.3544842398379 0.0570916757691357 -1.53727798927856
50.1000000000004 33.2503078540174 112.745217661565 92.0911348917022 19.4178359313123 0.0419398755209046 -1.81107694634333
50.2000000000004 33.3241029762819 112.743882591503 92.0532098962493 19.4811259967085 0.0300916198969432 -2.05276420303039
50.3000000000004 33.3979077572148 112.742654117591 92.015171680267 19.5443615141435 0.0209163906257118 -2.1507187287539
50.4000000000004 33.4717168587921 112.741485651361 91.9770472276449 19.6075512623199 0.0137200770606016 -1.87106419232238
50.5000000000004 33.5455255668454 112.740346782706 91.9388635691096 19.6707053325255 0.00783600178072107 -0.356617202521831
50.6000000000004 33.6193298600824 112.739221261804 91.9006472802431 19.7338347406345 0.00312750566592691 11.4584974644944
50.7000000000005 33.6931264313789 112.738104981039 91.8624239795015 19.7969510391064 0.0041643979403657 5.96517244951308
50.8000000000005 33.766912688407 112.737003956923 91.8242178262344 19.860065928987 0.00918515374048329 -0.0256956666785794
50.9000000000005 33.8406867491516 112.735932312018 91.7860510187031 19.9231908719082 0.0146844862559852 -0.775041603229468
51.0000000000005 33.914447438497 112.73491025686 91.7479432920997 19.986336702088 0.0202878380237787 -0.878717417079628
51.1000000000005 33.9881942849087 112.733962072378 91.709911425046 20.0495132435434 0.0257666343471683 -0.813783505747378
51.2000000000005 34.0619275135843 112.733114105351 91.6719689665714 20.1127290628275 0.030955335593396 -0.6739211045635
51.3000000000005 34.1356480339306 112.732392796934 91.6341265227694 20.1759915657924 0.035656340886283 -0.50409694238415
51.4000000000005 34.2093574131926 112.731822724214 91.5963922639336 20.2393072298763 0.0396303887250549 -0.314487672052453
51.5000000000005 34.2830578271706 112.731424642272 91.5587724401732 20.3026818416032 0.0426181228479376 -0.0984251361136757
51.6000000000005 34.3567519815189 112.731213526236 91.5212718970291 20.3661207340827 0.044363224053543 0.165069871435192
51.7000000000005 34.4304430002277 112.731196613348 91.4838945910897 20.4296290245102 0.0446438881308214 0.51749810670561
51.8000000000005 34.5041342829144 112.731371445012 91.4466441056061 20.4932118516661 0.0433294088965879 1.03826801802667
51.9000000000005 34.5778293395512 112.731723908861 91.4095241661087 20.5568746134161 0.0405046044681175 1.87790040343357
52.0000000000005 34.6515316202282 112.732226280812 91.3725391560226 20.620623204211 0.0367727437280799 3.27076689865864
52.1000000000005 34.7252443661974 112.732835327957 91.3356946356315 20.6844642513284 0.0340005031412913 4.91187343446831
52.2000000000005 34.798970468394 112.733491993126 91.2989979480996 20.7484053184149 0.0354356809286283 5.1675983326138
52.3000000000005 34.8727122963661 112.734125094448 91.2624590464847 20.8124550260189 0.042523419469724 3.72621201824534
52.4000000000005 34.9464715969724 112.734656606583 91.2260914078083 20.8766231394233 0.0536564002570015 2.18365113137703
52.5000000000005 35.0202494668947 112.73500700279 91.1899129504746 20.9409206552208 0.066555040560562 1.12314865309181
52.6000000000005 35.0940463268232 112.735100596986 91.1539469516893 21.0053598878885 0.079534941685523 0.41424222674953
52.7000000000005 35.1678618211064 112.734870885821 91.1182229648783 21.0699545563633 0.0914642092102249 -0.117392992107306
52.8000000000005 35.2416945788847 112.734265890731 91.0827777371069 21.1347198706167 0.101620780914567 -0.586894196704871
52.9000000000005 35.3155417987999 112.733253500015 91.0476561264979 21.1996726182296 0.109694592783658 -1.06952700343289
53.0000000000005 35.3893986591634 112.731826810892 91.0129120196509 21.2648312509678 0.115932243771142 -1.61396499547142
53.1000000000005 35.4632576232385 112.7300093656 90.978609206821 21.3302159624745 0.121485234142202 -2.09165797185273
53.2000000000005 35.5371081257518 112.727857632327 90.9448211588595 21.3958485350306 0.128365746139033 -2.32878664493948
53.3000000000005 35.6109374164907 112.725456492243 90.9116280163183 21.4617516001 0.138093120246988 -2.30705728416049
53.4000000000005 35.6847320915403 112.72291197137 90.8791124803165 21.5279476679419 0.151059619964286 -2.08493667350831
53.5000000000005 35.7584798693249 112.720343866481 90.8473556611668 21.5944581483411 0.166533440089014 -1.766846766466
53.6000000000005 35.8321714177167 112.717878370997 90.816432927002 21.6613023713389 0.183026500804068 -1.43873321022308
53.7000000000005 35.9058020065782 112.715640700887 90.7864097524012 21.7284966079627 0.198694972101215 -1.14338263573459
53.8000000000005 35.9793727462244 112.713747720569 90.7573375670166 21.796053090957 0.21159232988341 -0.890725203560089
53.9000000000005 36.0528911918508 112.712300568807 90.7292496041996 21.8639790355136 0.219787503650801 -0.673546560215883
54.0000000000005 36.1263711492476 112.711377284609 90.7021567496276 21.9322756600016 0.221415186671475 -0.475973612335356
54.1000000000005 36.1998315974533 112.711025532858 90.6760434751942 22.0009372258129 0.215170092076154 -0.302912076659248
54.2000000000005 36.2732945270955 112.711257922893 90.6508659897616 22.0699505741868 0.201751052660878 -0.14809664462563
54.3000000000005 36.3467818455758 112.712053909195 90.6265560173344 22.1392959245992 0.182486692197682 0.0240080371124064
54.4000000000005 36.4203126339096 112.71336428504 90.6030267920936 22.2089481701316 0.15882945366508 0.259150369909139
54.5000000000005 36.4939012943 112.715115775867 90.5801791386968 22.2788781919548 0.132358284786534 0.639334682537201
54.6000000000005 36.5675565817989 112.717215632655 90.5579075525766 22.3490541738126 0.104882722888836 1.33956601083445
54.7000000000005 36.6412814008712 112.719556225293 90.5361062802402 22.4194429165053 0.0788104357237536 2.74058291447338
54.8000000000005 36.7150731819312 112.722019635959 90.5146753995683 22.4900111523733 0.0581928884624747 5.27496410921721
54.9000000000005 36.7889246191787 112.72448225249 90.4935269001144 22.5607268597812 0.0498159632513246 6.84400328711467
55.0000000000005 36.8628245480029 112.726819361754 90.472590763404 22.6315605776008 0.0568618519657707 4.3377581442356
55.1000000000005 36.9367587750753 112.728909715107 90.4518209632208 22.7024867064674 0.0724762863004983 1.78387100061963
55.2000000000005 37.0107109423058 112.730639367827 90.4311993855653 22.773484466112 0.0903830384836622 0.480239669617661
55.3000000000005 37.0846637185973 112.731903675604 90.41073446778 22.8445379796572 0.108315294973784 -0.171949810060448
55.4000000000005 37.1585999907583 112.732608565026 90.3904577573463 22.9156360139897 0.125614413118218 -0.520618712970124
55.5000000000005 37.2325038936699 112.732671776132 90.3704203906686 22.9867717069051 0.142086627017479 -0.717748249481432
55.6000000000005 37.3063617110773 112.732024104966 90.3506895718592 23.0579422942523 0.157632255768895 -0.833795767946716
55.7000000000005 37.3801626600833 112.730610646139 90.3313450515221 23.1291488370785 0.172122557055651 -0.905391117623445
55.8000000000005 37.4538995514627 112.728392035384 90.3124756055374 23.2003959487733 0.185362341817066 -0.95408022463759
55.9000000000005 37.5275693034339 112.72534569211 90.2941755138462 23.2716915222141 0.197087578450724 -0.994230881432343
56.0000000000005 37.6011732786807 112.721467061963 90.2765410392341 23.3430464569101 0.206980272333794 -1.03679856844851
56.1000000000005 37.6747174079042 112.716770813722 90.2596669132103 23.4144743790878 0.214826041063971 -1.06985716478171
56.2000000000005 37.7482119530319 112.711290849142 90.2436430063265 23.4859911782325 0.220872044059514 -1.07422679545141
56.3000000000005 37.8216708020392 112.705077299473 90.2285514666941 23.5576140777098 0.225318596621203 -1.04922463208826
56.4000000000005 37.8951106447032 112.69819233493 90.2144640429429 23.6293605218432 0.228161199683917 -0.995118099783065
56.5000000000005 37.968550150535 112.690705928492 90.2014394142725 23.7012470559331 0.229197242625715 -0.91281806891501
56.6000000000005 38.042009094962 112.682691619713 90.1895205205055 23.7732882062745 0.228051067510247 -0.802765010498655
56.7000000000005 38.1155073760077 112.674222278527 90.1787318921388 23.8454953601757 0.224214125066482 -0.663065261544644
56.8000000000005 38.1890638786578 112.665365869057 90.1690769803964 23.9178756459768 0.217096584813207 -0.486566063740811
56.9000000000005 38.2626951714314 112.656181213415 90.1605354872814 23.990430813068 0.206090769645494 -0.255597702628507
57.0000000000005 38.3364140588393 112.646713755516 90.1530606956283 24.0631561119077 0.190658745036145 0.0692947485748565
57.1000000000005 38.4102280655882 112.636991373523 90.1465768625595 24.1360391880601 0.170671186333306 0.518299093902092
57.2000000000005 38.4841380531607 112.627021457091 90.1409782614538 24.2090593407234 0.147196840417436 1.16388373518839
57.3000000000005 38.5581373668724 112.616791195213 90.1361324085991 24.2821877065045 0.122275039107302 2.21307409856404
57.4000000000005 38.6322117193616 112.606269128857 90.1318849383571 24.3553878076851 0.0995732498270798 3.92018125912046
57.5000000000005 38.7063397948512 112.595406752248 90.1280645417325 24.4286161145058 0.0858296681341428 5.79025056905193
57.6000000000005 38.7804944985067 112.584140114147 90.124487904942 24.5018226074515 0.0891268034888236 5.59862362072996
57.7000000000006 38.8546447286502 112.572391419134 90.1209646479833 24.5749513395355 0.109908801864249 3.66383026382034
57.8000000000006 38.9287575160936 112.560070628888 90.117302263204 24.6479409985845 0.141383943971208 2.09381898099247
57.9000000000006 39.0028003530464 112.547077063471 90.1133110538708 24.7207254695232 0.177911435947195 1.16893351342456
58.0000000000006 39.0767435217739 112.533301002607 90.1088090727387 24.7932343966592 0.216354385411087 0.626627227794848
58.1000000000006 39.1505622375135 112.518625308595 90.10362702273 24.8653937561104 0.254884315323691 0.307372491665732
58.2000000000006 39.2242386258433 112.502927611658 90.0976121724821 24.9371266919537 0.292306374082796 0.124755979395947
58.3000000000006 39.2977637151016 112.486083923012 90.0906297711766 25.0083550218181 0.327685176010546 0.0176524502201054
58.4000000000006 39.3711390010776 112.467972810368 90.082563478236 25.0790010061983 0.36014620279242 -0.0451181872274606
58.5000000000006 39.4443772629798 112.448479595066 90.0733157551315 25.1489891279121 0.388805445134356 -0.080301839717165
58.6000000000006 39.5175025079314 112.42750054921 90.0628082571899 25.2182478715565 0.412757130440715 -0.0972519098533033
58.7000000000006 39.5905489469235 112.404947092803 90.0509822254019 25.2867115029652 0.431091595692645 -0.101256696480253
58.8000000000006 39.6635589409634 112.380749990883 90.0377988782289 25.3543218486652 0.442929238686391 -0.0951518048833012
58.9000000000006 39.7365799102291 112.354863550655 90.0232398034106 25.4210300753338 0.447460343134683 -0.080055924846171
59.0000000000006 39.8096602685004 112.327269818629 90.0073073497724 25.4867984692552 0.443981465294089 -0.0555535685664406
59.1000000000006 39.8828445386101 112.297982693353 89.9900249838021 25.5516021845117 0.432265801468774 -0.0279767162707398
59.2000000000006 39.956168321523 112.267049843757 89.971436730215 25.6154301782534 0.41358129001552 -0.00300643521505997
59.3000000000006 40.0296546480915 112.23454905711 89.9516042872643 25.6782840824003 0.389577000768311 0.0215008677571393
59.4000000000006 40.1033121040557 112.200582392595 89.9306032260386 25.7401762624249 0.361877503686875 0.0472681179536884
59.5000000000006 40.1771345193379 112.165270250468 89.9085191545306 25.8011278448669 0.332042699326116 0.075761821210231
59.6000000000006 40.2511020758512 112.128745441236 89.8854438817042 25.8611667448489 0.301545873362296 0.108109810006411
59.7000000000006 40.325183625596 112.091147254816 89.8614715815626 25.9203256935924 0.271765877902174 0.144669880118087
59.8000000000006 40.3993399759705 112.052615529711 89.8366949572155 25.9786402659328 0.243984019511555 0.184060265635398
59.9000000000006 40.4735278960905 112.013284722173 89.8112014049472 26.0361469078352 0.219373321416466 0.221548757199362
60.0000000000006 40.5477046187093 111.973277975374 89.7850691782841 26.0928809639099 0.198971868410961 0.247299992269413
60.1000000000006 40.6218326111726 111.932701259554 89.7583636097575 26.1488747315056 0.183351111540178 0.251335661066769
60.2000000000006 40.6958834551146 111.891639357647 89.7311348327381 26.2041562058193 0.17178192415066 0.231140678811169
60.3000000000006 40.7698389219331 111.850156535586 89.7034193111449 26.258749579126 0.163283073404299 0.186678848884196
60.4000000000006 40.8436905682078 111.808299058087 89.6752428692264 26.3126764310254 0.156961767407684 0.120757858723575
60.5000000000006 40.9174388819529 111.766097775415 89.6466237790363 26.3659569452661 0.152019277487885 0.0370786442367033
60.6000000000006 40.9910920990734 111.723570710142 89.6175758479094 26.4186111265698 0.147739336507358 -0.0618622221464481
60.7000000000006 41.0646647447375 111.680725643918 89.5881115059376 26.4706600174553 0.14346803854228 -0.176601730297929
60.8000000000006 41.1381759374489 111.637562704227 89.5582448934457 26.5221269150631 0.138596333160589 -0.312541786151069
60.9000000000006 41.2116474852093 111.594076951158 89.5279949484675 26.5730385879792 0.132554488577685 -0.482703274385992
61.0000000000006 41.2851018025521 111.550260964162 89.4973884942214 26.6234264930595 0.124827057769012 -0.713302550574091
61.1000000000006 41.3585597007594 111.506107404326 89.4664632625996 26.6733279560838 0.115251147088163 -1.00555841198824
61.2000000000006 41.4320385439335 111.461610939737 89.4352692539971 26.7227864119894 0.104786141396192 -1.33055844175226
61.3000000000006 41.5055516357662 111.41676855411 89.4038658740022 26.7718492578813 0.094669425243843 -1.65871461930605
61.4000000000006 41.5791082979523 111.371579218519 89.3723174064278 26.8205647656222 0.0860352556398204 -1.90820719770815
61.5000000000006 41.6527141728879 111.326043538623 89.3406884223554 26.8689789582526 0.079689091942852 -1.95095678166557
61.6000000000006 41.7263716448776 111.280163401906 89.3090391891788 26.9171324864101 0.0758454568914855 -1.67990048922774
61.7000000000006 41.800080293642 111.2339416249 89.2774210796482 26.9650575047494 0.0740653915219337 -1.0847239066308
61.8000000000006 41.8738373120279 111.187381600425 89.245871980914 27.0127745483619 0.073592123096151 -0.230583262337212
61.9000000000006 41.9476378525086 111.140486944816 89.2144117035712 27.0602894091957 0.0739903734711671 0.812250536263943
62.0000000000006 42.021475314085 111.093261145156 89.1830373907027 27.1075900124752 0.075866389581982 1.93674700387202
62.1000000000006 42.0953416361464 111.04570722114 89.1517190070816 27.1546433512818 0.0812479930741705 2.69984699473788
62.2000000000006 42.1692275795573 110.997827767274 89.120396912481 27.2013939333216 0.0923031144386871 2.75729432051117
62.3000000000006 42.2431228729383 110.949625960581 89.0889847254102 27.2477660663206 0.109873610397037 2.34187798906583
62.4000000000006 42.3170165211702 110.901106948643 89.0573742709597 27.2936676556062 0.133264698841247 1.81919694656833
62.5000000000006 42.3908974093188 110.852279252269 89.025440608803 27.3389940598507 0.161015526298789 1.37992007953042
62.6000000000006 42.4647551121649 110.803156168176 88.9930470611997 27.3836319468139 0.19153918760794 1.05973344145137
62.7000000000006 42.5385807533296 110.753757171655 88.9600502409972 27.4274631490861 0.223343804142824 0.838968382162509
62.8000000000006 42.6123677169674 110.704109319247 88.9263050796338 27.470368519831 0.25505360571004 0.691034920739121
62.9000000000006 42.6861119929372 110.654248651417 88.8916698551403 27.5122317885288 0.285386221324094 0.595343242509516
63.0000000000006 42.7598119337196 110.604221595221 88.8560112201432 27.5529434167189 0.313138310575071 0.538355200261388
63.1000000000006 42.8334672484029 110.554086324179 88.8192091859938 27.5924044134259 0.337411595897986 0.499966575190568
63.2000000000006 42.9070778514465 110.50391300511 88.7811609662077 27.6305291023447 0.358234512864826 0.462933248101989
63.3000000000006 42.9806440036423 110.453781219617 88.7417819243038 27.6672452281061 0.375799634442578 0.423864576293858
63.4000000000006 43.0541669772689 110.403776272545 88.7010053809536 27.7024930143009 0.390224112201538 0.380419990764346
63.5000000000006 43.1276496208692 110.353985457631 88.6587823772577 27.736224181188 0.401550567564269 0.330701669154724
63.6000000000006 43.2010968113907 110.304494323155 88.6150814380211 27.7684009634015 0.409753005253404 0.272877101915293
63.7000000000006 43.2745157982851 110.25538293759 88.5698883350303 27.7989951276585 0.41474790507073 0.204873894946262
63.8000000000006 43.3479164401381 110.206722155255 88.523205850329 27.8279869904665 0.416411117906496 0.124063847997587
63.9000000000006 43.4213113376221 110.158569881962 88.4750535394944 27.8553644358312 0.414601786073952 0.0268765692944055
64.0000000000006 43.4947158770816 110.110967340669 88.4254674949136 27.8811219329638 0.409195545433512 -0.0917138112319026
64.1000000000006 43.5681481854823 110.063935410316 88.3745000848256 27.9052595499388 0.400270407159467 -0.215986070208178
64.2000000000006 43.6416283035132 110.017472867497 88.3222190622876 27.927781862053 0.388579343513117 -0.327361840447481
64.3000000000006 43.7151756621746 109.971559458407 88.2687050747154 27.9486965928896 0.375123901669523 -0.425589841036881
64.4000000000006 43.7888064797916 109.926160873629 88.2140485433469 27.9680131500833 0.360950992237094 -0.507130194933644
64.5000000000006 43.8625319170647 109.881233796098 88.1583465184724 27.9857411570356 0.347088761302124 -0.565259693080113
64.6000000000006 43.9363569568796 109.836730949075 88.1016995346646 28.0018889846302 0.33448773368812 -0.590670332264974
64.7000000000006 44.0102799060348 109.792606144115 88.044208466009 28.0164622829486 0.323972072627166 -0.572973320967471
64.8000000000006 44.0842923994889 109.748819329036 87.9859713813334 28.0294625129855 0.316211574705616 -0.503192675688679
64.9000000000006 44.1583797917228 109.705341635888 87.9270803994385 28.0408854783638 0.311729169685609 -0.376735247742241
65.0000000000006 44.23252184357 109.662160428925 87.8676185443277 28.0507198570505 0.310956589837024 -0.195870668020962
65.1000000000006 44.3066936670255 109.619284273015 87.8076566468953 28.0589457615805 0.314141366043631 -0.00762256719827387
65.2000000000006 44.3808671900484 109.576745833543 87.7472514545217 28.0655340405095 0.32085573700289 0.140133949237898
65.3000000000006 44.4550133845551 109.534599525502 87.6864468068951 28.070447461447 0.330565547715382 0.243418769322919
65.4000000000006 44.5291045407598 109.492917094064 87.6252760197402 28.0736426353175 0.342741814918324 0.304037652832699
65.5000000000006 44.6031162763036 109.451783115608 87.5637643150048 28.0750719691306 0.356796853266925 0.327317996309523
65.6000000000005 44.6770292595083 109.411290498736 87.5019312510471 28.0746856187517 0.37205096848461 0.320002619482474
65.7000000000005 44.7508305934511 109.371535985293 87.4397931528217 28.0724334416716 0.387725306634383 0.288614577122123
65.8000000000005 44.8245147751331 109.332615651392 87.3773655420673 28.0682669497774 0.402953889493699 0.238409876710799
65.9000000000005 44.8980841257387 109.294620408432 87.3146655674924 28.0621412621219 0.41680905527315 0.172838627585239
66.0000000000005 44.971548585354 109.257631504119 87.2517144349631 28.0540170576944 0.428336972608209 0.0933166711451104
66.1000000000005 45.0449247834237 109.221716077229 87.1885398058011 28.0438625126695 0.436757373759199 0.0159491676458469
66.2000000000005 45.1182344499314 109.186924109647 87.1251773659867 28.0316548341016 0.441974356841981 -0.0456905305358459
66.3000000000005 45.1915026091657 109.153288925356 87.0616702907363 28.0173807692122 0.44411783320301 -0.0944883598584313
66.4000000000005 45.2647558412725 109.120829086698 86.9980678799835 28.0010367111232 0.443370858158928 -0.132211412811109
66.5000000000005 45.3380206633751 109.089550344377 86.9344241619731 27.9826287890691 0.439953199988788 -0.15981091752341
66.6000000000005 45.4113220736071 109.059447587467 86.8707964968536 27.9621729586083 0.434106614834454 -0.177608241070628
66.7000000000005 45.4846822876058 109.030506793416 86.8072441802715 27.9396950918351 0.42608155920648 -0.18539787064808
66.8000000000005 45.558119682804 109.00270697805 86.743827046964 27.9152310675917 0.416125686315207 -0.182485791875613
66.9000000000005 45.6316479538263 108.976022145581 86.6806040743527 27.8888268616801 0.404474788017001 -0.167669952278665
67.0000000000005 45.7052754730279 108.950423238609 86.6176319861368 27.8605386370736 0.391347021835869 -0.139160003483892
67.1000000000005 45.7790048428262 108.925880083047 86.5549638695536 27.8304328128899 0.377007010268532 -0.101817200426648
67.2000000000005 45.8528326090982 108.902363200868 86.492648147976 27.7985855811492 0.361969683537232 -0.060941172993083
67.3000000000005 45.9267491853346 108.879845287358 86.4307284555222 27.7650810217561 0.346810347594364 -0.0149868001729591
67.4000000000004 46.0007391446615 108.858302556192 86.3692438670025 27.7300086652676 0.332095904640829 0.0373132331083124
67.5000000000004 46.0747818962999 108.837716079427 86.308229141533 27.6934610344212 0.318382339862829 0.0966727484319156
67.6000000000004 46.1488527030297 108.818073127498 86.2477149661495 27.6555311856635 0.306213176438821 0.162836363358565
67.7000000000004 46.2229239975286 108.799368509213 86.1877281994216 27.6163102506787 0.296117306887811 0.234078168073474
67.8000000000004 46.2969669625568 108.781605911746 86.128292115066 27.575884977917 0.28860488251557 0.306776213213389
67.9000000000004 46.3709533503546 108.764799240632 86.0694266455608 27.5343352741231 0.284160860524773 0.375340118309695
68.0000000000004 46.4448575297132 108.748973959763 86.0111486257588 27.4917317458648 0.283237269417187 0.432788984161379
68.1000000000004 46.5186587504262 108.73416838847 85.953472034078 27.4481332824803 0.286042202748932 0.46711372119325
68.2000000000004 46.5923432592309 108.720433882891 85.8964081706624 27.4035857159209 0.291927046673163 0.474005394242461
68.3000000000004 46.6659054580736 108.707832185155 85.8399656755497 27.3581232142494 0.300005362712922 0.459700638567916
68.4000000000004 46.7393483503632 108.696431656847 85.7841504838114 27.3117707520348 0.309360853931462 0.431269500134671
68.5000000000004 46.812683542091 108.686303469562 85.7289657782669 27.2645466221641 0.319054290920513 0.395031515585976
68.6000000000004 46.8859307708608 108.677517795464 85.6744119421999 27.2164649476563 0.328134281148613 0.355846788591627
68.7000000000004 46.9591169115362 108.670139997839 85.6204865120731 27.1675381934742 0.335651718933281 0.317048783426514
68.8000000000004 47.0322744086905 108.664226821651 85.5671841302436 27.117779678338 0.340677465923424 0.280703976991411
68.9000000000004 47.1054391004572 108.659822584098 85.5144964976783 27.0672060865379 0.342321956020279 0.247968594058961
69.0000000000004 47.1786474247171 108.656955365168 85.4624123266693 27.0158399797471 0.339754424567127 0.219425877370943
69.1000000000004 47.2519330500466 108.655633272253 85.4109173059421 26.9637122731933 0.332522416657841 0.199317477794554
69.2000000000003 47.325323445127 108.655842630319 85.3599943879952 26.9108637851635 0.321457503179322 0.189831804812732
69.3000000000003 47.3988375631186 108.657551060026 85.3096248944069 26.8573444341987 0.307729148216191 0.189067981054205
69.4000000000003 47.4724846299502 108.660712481396 85.2597899433735 26.8032115096213 0.292516083431721 0.195709945051755
69.5000000000003 47.5462637451499 108.665272191544 85.2104718896395 26.7485279064214 0.276992066598389 0.20841401831332
69.6000000000003 47.6201642140467 108.671171942413 85.1616557644295 26.6933603601437 0.262319338575809 0.225168715012133
69.7000000000003 47.6941665186242 108.678355018505 85.1133307153783 26.6377776817731 0.249645541701027 0.242642937472973
69.8000000000003 47.7682438293251 108.686771314609 85.0654914464627 26.5818489926217 0.240097200480129 0.255808727633306
69.9000000000003 47.8423639730377 108.696382413534 85.018139657932 26.525641959215 0.234763050817107 0.258430350933346
70.0000000000003 47.9164918012722 108.707166663843 84.9712854862394 26.4692210281785 0.234666992490061 0.244932689961599
70.1000000000003 47.9905919368002 108.71912417021 84.9249489098913 26.4126456817891 0.240397320151718 0.216166505938685
70.2000000000003 48.0646316743136 108.732279512129 84.8791602691917 26.3559692308332 0.251083271082029 0.181232233527979
70.3000000000003 48.1385833846479 108.746678696112 84.8339585366382 26.299238971393 0.265484527101351 0.147517185908161
70.4000000000003 48.2124263715362 108.762383836244 84.7893887012122 26.2424968789385 0.282361913932076 0.119394912654089
70.5000000000003 48.2861483030739 108.779467747355 84.7454991185877 26.1857803230853 0.300480848509993 0.0986232912013798
70.6000000000003 48.3597461675313 108.798008538199 84.7023388613409 26.1291227823519 0.318605298057644 0.0854141839794396
70.7000000000003 48.4332266555874 108.818084204632 84.6599550691588 26.0725545589179 0.335493047984532 0.0793786871888722
70.8000000000003 48.5066058501251 108.839767222789 84.618390299048 26.016103493381 0.349899343319135 0.0801507376308049
70.9000000000002 48.5799081053917 108.86311914226 84.5776798755446 25.9597956795152 0.360591367716423 0.0877798205212016
71.0000000000002 48.653164021062 108.88818517927 84.5378492409224 25.9036561790281 0.366372250636596 0.103058188570387
71.1000000000002 48.7264074756154 108.914988876928 84.4989113571438 25.8477097168202 0.366410416738834 0.115283129814885
71.2000000000002 48.7996721047979 108.943528509481 84.460865453083 25.7919808692887 0.361146576189193 0.112470490571677
71.3000000000002 48.8729883052515 108.973777913613 84.4236991866741 25.7364929657435 0.351361698793118 0.0927546167052926
71.4000000000002 48.9463809932821 109.005689063745 84.3873921523325 25.6812664828671 0.337855431060167 0.0522434029399085
71.5000000000002 49.0198680090331 109.039194714412 84.3519194401172 25.6263174196768 0.321433042534987 -0.0152434656266628
71.6000000000002 49.0934591752484 109.074211042634 84.3172551948937 25.5716556724867 0.302904581922594 -0.118666787264185
71.7000000000002 49.1671559932426 109.110640290293 84.2833761754962 25.5172834098694 0.283104662164347 -0.270251890265065
71.8000000000002 49.2409519364368 109.148373406508 84.25026531389 25.4631934476181 0.262943584850938 -0.485262418697748
71.9000000000002 49.314833294078 109.187292690007 84.2179152743345 25.4093676237083 0.243502272039808 -0.779107818432559
72.0000000000002 49.3887805240704 109.227274431506 84.1863320125455 25.35577517326 0.226177783925632 -1.15735279692754
72.1000000000002 49.4627700858668 109.268191557393 84.1555382649467 25.3023711549397 0.212695145908149 -1.54066154059622
72.2000000000002 49.5367765590469 109.309916307572 84.1255752202365 25.2490962148016 0.204446310404752 -1.80572855703934
72.3000000000002 49.6107746214679 109.352322999998 84.0964995768315 25.195879745169 0.202216489301708 -1.88427974901343
72.4000000000002 49.6847409477943 109.395290829364 84.0683787826257 25.1426443809547 0.205839671579515 -1.76557133909129
72.5000000000002 49.7586560378459 109.438706667106 84.0412862048375 25.089310547422 0.214110297681283 -1.50557474414337
72.6000000000002 49.8325058049556 109.482467861403 84.0152962998585 25.0358010079451 0.225107586846978 -1.18165399354944
72.7000000000001 49.9062827348701 109.526485037181 83.9904797831003 24.98204541177 0.236649549526676 -0.848274687659458
72.8000000000001 49.9799864361092 109.570684896113 83.9668987988431 24.9279848417751 0.246620628073874 -0.525932407170503
72.9000000000001 50.0536234385995 109.615013016624 83.9446020900831 24.8735763622319 0.253137212674841 -0.208976852316285
73.0000000000001 50.1272061610347 109.659436653891 83.9236201683803 24.8187975665656 0.254635172130543 0.126895989752491
73.1000000000001 50.2007510602995 109.7039474802 83.903960553797 24.7636510516839 0.25027544271933 0.472845071437683
73.2000000000001 50.2742761491582 109.74856277454 83.8856048371837 24.7081669830674 0.240933470384021 0.818342266527459
73.3000000000001 50.3477984947045 109.793322675633 83.8685103684273 24.652400813334 0.228199385752828 1.18764353364264
73.4000000000001 50.421332335198 109.838285884199 83.8526137670468 24.5964290915661 0.213991357793253 1.58713673206828
73.5000000000001 50.4948879935715 109.883525305581 83.8378345028797 24.5403451992042 0.200468400882459 1.99310387808175
73.6000000000001 50.5684715646802 109.929123692362 83.8240784767686 24.4842550859421 0.189827620861496 2.33809628284162
73.7000000000001 50.6420852554894 109.975169286986 83.8112416012471 24.4282730056211 0.183881215836032 2.52340619537499
73.8000000000001 50.7157281870987 110.021751464385 83.7992133812268 24.3725172521243 0.183473480599902 2.48077156605917
73.9000000000001 50.7893974231019 110.068956374591 83.7878804946829 24.3171058952713 0.188099133175859 2.23355344067859
74.0000000000001 50.8630889691207 110.116862585365 83.777130373341 24.2621525167125 0.196070617008259 1.87538310440122
74.1000000000001 50.9367984974661 110.165536774106 83.7668547569259 24.2077619878807 0.205277318834307 1.52876285713841
74.2000000000001 51.0105217269461 110.215030701326 83.7569525600336 24.1540273414226 0.214412658142095 1.24850214279428
74.3000000000001 51.0842546978119 110.265381437331 83.7473309941237 24.1010294183887 0.222755419656459 1.02437511103845
74.4 51.1579939356159 110.316612870462 83.7379060021356 24.0488376089038 0.229893338602365 0.842803223169113
74.5 51.2317364795041 110.368737264628 83.7286026666667 23.9975106348936 0.235618048913336 0.691453008229757
74.6 51.3054798307303 110.421756816843 83.7193556181508 23.947097332812 0.239854407536874 0.560266962531305
74.7 51.3792218708152 110.475665214755 83.7101094430364 23.8976374363683 0.242615644276978 0.4412604177508
74.8 51.4529607894822 110.530449194182 83.700819091965 23.8491623592542 0.243976161244047 0.328033134104821
74.9 51.5266950547696 110.586090096648 83.6914502879494 23.8016959778712 0.244056366425789 0.215321141721143
75 51.6004234515321 110.642565426911 83.6819799345523 23.7552554140571 0.243016186287329 0.0986873088285968
75.1 51.6741452048839 110.699850399346 83.6723965051383 23.7098518158403 0.241031311227591 -0.0128819583958496
75.2 51.7478600785121 110.757919194287 83.6626999400504 23.6654910868821 0.238227646163044 -0.108950218483158
75.3 51.82156823722 110.816745478122 83.6529002946696 23.6221744856692 0.234749026169051 -0.190498906168195
75.4 51.895270056174 110.876302633363 83.6430158953988 23.5798991733953 0.23076137371158 -0.257543599665985
75.5 51.9689660043219 110.936563977545 83.6330714767208 23.5386587598685 0.226434391411448 -0.309244661068372
75.6 52.0426566081339 110.997502982143 83.6230963182558 23.4984438494201 0.221926220019967 -0.344067772222829
75.7 52.1163424903475 111.059093491473 83.6131223818193 23.4592425868117 0.217370985789939 -0.359985062445716
75.8 52.1900244735964 111.121309941601 83.6031824484796 23.4210412031438 0.212869773347537 -0.354696490472933
75.9 52.2637037358118 111.184127579254 83.5933082556162 23.3838245617634 0.20848601262399 -0.325834194598876
76 52.3373820030941 111.247522680723 83.5835286339769 23.3475767041721 0.20424650775346 -0.271104026696319
76.1 52.4110617613516 111.311472765485 83.5738676827239 23.3122813863976 0.200127299227042 -0.217580645074283
76.1999999999999 52.4847463474989 111.375956672202 83.5643439321671 23.2779223674147 0.19602033857742 -0.195847541389733
76.2999999999999 52.5584396939853 111.440954285432 83.5549720137037 23.2444830681538 0.19183462451222 -0.208982014641768
76.3999999999999 52.6321459095151 111.506446124717 83.545765317446 23.2119459825603 0.187516793161767 -0.26036552206206
76.4999999999999 52.7058688288235 111.572412928383 83.5367386878365 23.1802920791157 0.183056272431072 -0.353919613713055
76.5999999999999 52.7796115489342 111.638835237348 83.5279111192634 23.1495002023601 0.178506024353655 -0.494057562226531
76.6999999999999 52.8533759666126 111.705692978919 83.5193084516759 23.119546474414 0.174021781977558 -0.684921335224185
76.7999999999999 52.9271623374905 111.772965050593 83.5109660661997 23.0904036965004 0.169922206596019 -0.928010825463863
76.8999999999999 53.0009688866806 111.840628903863 83.5029315807522 23.0620407504665 0.166768321155935 -1.2168795024985
76.9999999999999 53.0747915136567 111.908660128012 83.4952675456582 23.0344220003061 0.16544735822437 -1.52829733771587
77.0999999999999 53.1486236598968 111.977032044857 83.488054065666 23.0075067163251 0.167129406792666 -1.74986908052241
77.1999999999999 53.2224566364535 112.045715587722 83.4813895083872 22.9812490880416 0.172640250450615 -1.78477990650232
77.2999999999999 53.2962807786823 112.114679901972 83.4753863551985 22.9555997315673 0.182031260121406 -1.65620000648045
77.3999999999999 53.3700869545609 112.183893229796 83.4701651385652 22.930507785723 0.1945715830157 -1.42630124118666
77.4999999999999 53.4438680505124 112.253323805911 83.4658483057676 22.9059230307981 0.20897431847336 -1.15850402917826
77.5999999999999 53.517620257431 112.32294075328 83.4625540826263 22.8817980073101 0.223686092742549 -0.893162420049953
77.6999999999999 53.5913439820003 112.392714978819 83.4603903372278 22.8580901347637 0.237098247310141 -0.645891358509521
77.7999999999999 53.6650442213957 112.462620069111 83.4594484436501 22.8347638304106 0.2476608974678 -0.41533447145205
77.8999999999998 53.7387302735732 112.532633186114 83.4597971456882 22.8117926280086 0.25394029229228 -0.189608105661016
77.9999999999998 53.8124147117978 112.602735962879 83.4614764205799 22.7891612965811 0.254662140076253 0.052043245543997
78.0999999999998 53.8861116323849 112.67291538319 83.4644914208848 22.7668679154544 0.249007899175501 0.303341532923064
78.1999999999998 53.9598343485271 112.743164243556 83.4688084483586 22.7449248125199 0.237369453655238 0.561579761037107
78.2999999999998 54.0335930565019 112.813480554993 83.4743560859673 22.7233566168369 0.220614301445418 0.863306495867484
78.3999999999998 54.1073929639727 112.883866527138 83.4810283618973 22.7021971744595 0.199854435848825 1.25638645968457
78.4999999999998 54.1812330551884 112.954327536313 83.488687991718 22.6814864205424 0.176549743845605 1.81185523932703
78.5999999999998 54.2551055554686 113.024871093575 83.4971696205451 22.6612672514462 0.152776853292623 2.62704367914845
78.6999999999998 54.3289960956671 113.095505812775 83.5062830652036 22.6415823968426 0.131749182774966 3.75622939393766
78.7999999999998 54.4028845290938 113.166240378617 83.5158165563912 22.6224712918199 0.118349830081536 4.90338094286355
78.8999999999998 54.4767463184908 113.237082514711 83.5255399808411 22.6039669489881 0.118061128938376 5.19275954569383
78.9999999999998 54.5505543879631 113.308037951629 83.5352081234851 22.5860928305848 0.132911571665902 4.3582131132525
79.0999999999998 54.624281324086 113.379109405185 83.5445639344427 22.5688597693085 0.159966820885345 3.21160782921183
79.1999999999998 54.6979018529098 113.450295820325 83.553342441476 22.552264156094 0.194931450618015 2.28188784726634
79.2999999999998 54.7713955753672 113.521592289328 83.5612763009368 22.53628934397 0.234145423760521 1.64066043787073
79.3999999999998 54.8447497351383 113.592990235615 83.5681019941809 22.5209083188576 0.274853327123604 1.20851944528106
79.4999999999998 54.9179616807843 113.664477607785 83.573566048807 22.5060864190977 0.31487486663792 0.909450271576146
79.5999999999998 54.9910406851092 113.736039073652 83.5774312598959 22.491784054978 0.352316107194548 0.69301779593522
79.6999999999997 55.0640087905247 113.807656214273 83.5794829112505 22.4779594282605 0.385421246308077 0.527802090007244
79.7999999999997 55.1369003810471 113.879307717988 83.5795349966343 22.4645712517089 0.412524384981818 0.393735985207821
79.8999999999997 55.209760247037 113.95096957445 83.5774364410117 22.4515814686153 0.432062728011266 0.276927475853767
79.9999999999997 55.2826400115653 114.022615268659 83.5730773217864 22.4389579723281 0.442623986881949 0.166230717718238
80.0999999999997 55.3555929400881 114.094215971865 83.5663949662373 22.4266772881138 0.443445994150195 0.0690413327264053
80.1999999999997 55.4286677866572 114.165740650988 83.5573768300378 22.4147262757284 0.43576275277249 -0.00784332912635385
80.2999999999997 55.5019034757191 114.237155971213 83.5460552046863 22.4031013460968 0.42141607578945 -0.0717387248405422
80.3999999999997 55.5753254166656 114.308426117112 83.5324987060203 22.391806698701 0.402321301148534 -0.125969549969581
80.4999999999997 55.6489434762277 114.379512610626 83.516803638927 22.3808525213032 0.380391077755189 -0.170808413547359
80.5999999999997 55.7227515920417 114.450374129052 83.499085362054 22.3702531896694 0.357480258015275 -0.203544923384815
80.6999999999997 55.7967288873108 114.520966323024 83.4794696525192 22.3600254672924 0.33534897116177 -0.218258406232271
80.7999999999997 55.8708420693871 114.591241634501 83.4580840706218 22.3501867051154 0.315636144688821 -0.206037171000769
80.8999999999997 55.9450488705262 114.661149114751 83.4350493245524 22.3407530412549 0.299835431885066 -0.156745077488342
80.9999999999997 56.0193023088204 114.730634242336 83.4104706351034 22.3317376007243 0.289274022293751 -0.0633029372666737
81.0999999999997 56.093555571058 114.799638753382 83.384429214468 22.3231487230609 0.284753714898916 0.0446206102004536
81.1999999999997 56.1677665744491 114.868100791301 83.3569767113352 22.3149889154566 0.285564046643814 0.1288431413141
81.2999999999997 56.2419004602215 114.935955867419 83.3281371858152 22.3072556475502 0.290667794758777 0.182810909144283
81.3999999999997 56.315930814651 115.00313814106 83.2979120506611 22.2999428717229 0.29906049112394 0.206218575425234
81.4999999999996 56.3898403849389 115.06958171191 83.2662851265789 22.2930425712982 0.309753831704831 0.20279904354478
81.5999999999996 56.4636213510497 115.135221912383 83.2332276975373 22.286546308741 0.321762164594145 0.177778137721244
81.6999999999996 56.5372751366507 115.19999659999 83.1987035660783 22.2804467738579 0.334096626589466 0.135986825904367
81.7999999999996 56.610811710584 115.263847449702 83.1626741086267 22.2747393319961 0.345769412305199 0.0808216913887579
81.8999999999996 56.6842483155529 115.32672124632 83.1251033308005 22.2694235722433 0.355808926145041 0.0138028562165402
81.9999999999996 56.7576075632516 115.388571176838 83.0859629227206 22.2645048556275 0.363285515503302 -0.0656228005383616
82.0999999999996 56.830914874996 115.449358104884 83.0452372549266 22.2599958294901 0.367533359271878 -0.14174859099404
82.1999999999996 56.9041958095494 115.509051378983 83.0029268300258 22.2559170623847 0.368716853840335 -0.199684729275899
82.2999999999996 56.9774744438786 115.567628457476 82.9590478142842 22.2522954464606 0.367221113960817 -0.241443375739187
82.3999999999996 57.0507724241449 115.625074067265 82.913630024952 22.2491617203718 0.363433928943662 -0.267563508411144
82.4999999999996 57.1241082876979 115.681379344631 82.8667148581937 22.2465479583593 0.357724111723228 -0.277487401780578
82.5999999999996 57.1974970434446 115.736540976048 82.8183532170186 22.2444850593337 0.350424942903132 -0.269775150438812
82.6999999999996 57.2709499989066 115.790560339 82.768603439211 22.2430002359583 0.341823530483352 -0.242205347349307
82.7999999999996 57.3444748104159 115.8434426428 82.7175292252608 22.2421145037311 0.332157513176961 -0.19177847139986
82.8999999999996 57.4180757272222 115.895196069407 82.665197566294 22.2418401700677 0.321621066284659 -0.114626560855236
82.9999999999996 57.4917540007125 115.945830914238 82.6116766720026 22.2421783233842 0.310382838839118 -0.0058457179947806
83.0999999999996 57.5655084226211 115.995358719324 82.5570339106861 22.243116358665 0.298657257984745 0.122865684570252
83.1999999999995 57.6393356476654 116.043791207124 82.501334064166 22.2446264516605 0.28686858769594 0.256615888915823
83.2999999999995 57.713229813924 116.09113870836 82.4446383819966 22.2466664411424 0.275564912456716 0.394737566124449
83.3999999999995 57.7871820789295 116.137408390512 82.3870039505494 22.2491816597884 0.265373340799013 0.533429636122356
83.4999999999995 57.8611804236713 116.182602478648 82.3284830742084 22.2521068015523 0.256983983863436 0.664704297564458
83.5999999999995 57.9352097287314 116.226716476262 82.2691226565647 22.2553677890343 0.251121071220116 0.776138455740092
83.6999999999995 58.0092521098152 116.269737386102 82.2089635816123 22.2588836408509 0.24849591952577 0.852524694000047
83.7999999999995 58.0832875007558 116.311641931001 82.1480400949425 22.2625683390055 0.249744504316228 0.879994709005025
83.8999999999995 58.1572944766342 116.352394774715 82.0863791849395 22.2663326962586 0.25536531273677 0.851369098654882
83.9999999999995 58.2312513177651 116.391946742746 82.023999963975 22.2700862234977 0.265681993760418 0.769629861375676
84.0999999999995 58.3051373344889 116.430233101217 81.9609130766074 22.2737390121137 0.280609010868759 0.643980280952647
84.1999999999995 58.378934631583 116.467173344542 81.8971208098728 22.2772040065328 0.29896205326386 0.495738428460067
84.2999999999995 58.4526303279695 116.502674813199 81.832618985812 22.2804002671429 0.319231118815159 0.345020248680449
84.3999999999995 58.5262184970994 116.536637820305 81.7673995560897 22.2832566233759 0.33989459865114 0.200966650550107
84.4999999999995 58.5997014299554 116.568960836229 81.7014532236182 22.285715341796 0.359464358362649 0.0647867080112902
84.5999999999995 58.6730900633043 116.599545673206 81.6347720641801 22.2877357941879 0.376515056034393 -0.0671837154190785
84.6999999999995 58.7464034374736 116.62830266995 81.5673521480514 22.2892981256451 0.389716996589694 -0.201732794416846
84.7999999999995 58.8196670888016 116.655155876263 81.4991961616246 22.2904069226576 0.39788480398541 -0.348412752102643
84.8999999999995 58.8929103520303 116.680048237651 81.4303160290322 22.2910948812008 0.400050083256567 -0.520427462823701
84.9999999999994 58.9661626456062 116.702946779936 81.3607355337693 22.2914264748235 0.395569232984743 -0.736814576489811
85.0999999999994 59.0394489613071 116.723847713826 81.2904928871712 22.2915015111127 0.3846579210046 -0.982682332666957
85.1999999999994 59.1127856730381 116.742779458424 81.2196419151017 22.291455785962 0.369462775787358 -1.22729045065239
85.2999999999994 59.1861788262177 116.75980038204 81.1482497370225 22.2914543707228 0.352546855889079 -1.46229267476934
85.3999999999994 59.2596246800144 116.774994461934 81.0763930632732 22.291681997158 0.336253783717373 -1.66553365836594
85.4999999999994 59.3331117445946 116.788466864024 81.0041544392065 22.2923333307733 0.322413314225546 -1.80474560982333
85.5999999999994 59.4066238981957 116.800339522592 80.9316184893222 22.2936032441479 0.312004212271926 -1.84937583181664
85.6999999999994 59.4801441049953 116.810746719989 80.8588681614021 22.2956770902657 0.304889774983335 -1.78631480043423
85.7999999999994 59.5536582253892 116.81983066634 80.7859809706445 22.2987209758463 0.299773086072065 -1.62674157003067
85.8999999999994 59.6271584344646 116.827737079253 80.7130252437988 22.3028720346757 0.294419670459845 -1.39667230517222
85.9999999999994 59.7006458410735 116.834610763519 80.6400563632999 22.3082287009375 0.286042545272589 -1.1186416545564
86.0999999999994 59.7741319833024 116.840591202568 80.5671130771303 22.3148411476287 0.272207407040521 -0.851030382611393
86.1999999999994 59.8476379700337 116.845808455243 80.4942155175909 22.3227060171814 0.252849217584835 -0.621618657795454
86.2999999999994 59.92119009822 116.850379827648 80.4213675580725 22.331772047684 0.229025751437187 -0.394030368379016
86.3999999999994 59.9948149581797 116.854406850326 80.348560878736 22.3419499913086 0.20222327488153 -0.126154496548022
86.4999999999994 60.0685355739322 116.857972267174 80.2757790979198 22.3531226978228 0.174228749524613 0.238788472116654
86.5999999999994 60.1423686069979 116.86113702437 80.2030019035482 22.365155198102 0.147129402632571 0.776308935261234
86.6999999999993 60.216322466193 116.863937259286 80.1302091845384 22.3779047876412 0.123469759822706 1.54427883942968
86.7999999999993 60.2903960943002 116.866381289411 80.0573851622084 22.3912311100673 0.106514680545251 2.40343711958916
86.8999999999993 60.364578195374 116.86844660127 79.9845225216849 22.4050062406507 0.100046840397265 2.75250205258695
86.9999999999993 60.4388467230636 116.870076839343 79.9116265433105 22.4191247698179 0.106709508613316 2.08122661345051
87.0999999999993 60.513168606013 116.871178892844 79.8387191706393 22.4335137507899 0.126078035069564 1.03473921328218
87.1999999999993 60.5875007201958 116.871622526743 79.7658414297044 22.4481391145137 0.154904411966542 0.32176390259917
87.2999999999993 60.6617935873845 116.87124647129 79.6930516630547 22.4630031169528 0.190402510211434 -0.0478218188380461
87.3999999999993 60.7359961910567 116.869867055775 79.6204221150655 22.4781382536706 0.230524024426696 -0.212544830261909
87.4999999999993 60.8100609157008 116.867286940163 79.548035453835 22.4936010385401 0.273463034566417 -0.273161605218399
87.5999999999993 60.8839483788782 116.863303846709 79.4759812930816 22.5094657824541 0.31739284840117 -0.28437861571832
87.6999999999993 60.9576318083397 116.857719291591 79.4043527140413 22.5258183720351 0.36035342288147 -0.273413349662352
87.7999999999993 61.0311005047411 116.850347316527 79.3332427873649 22.5427500483448 0.400212390160396 -0.253347589816839
87.8999999999993 61.1043618685364 116.841023220407 79.262741095015 22.5603511855949 0.434674110998362 -0.230302919201287
87.9999999999993 61.1774414700612 116.829612290915 79.1929302521633 22.5787050698562 0.461332243132649 -0.207003967091731
88.0999999999993 61.2503807239517 116.816018416218 79.1238824655461 22.5978817351581 0.478277696177595 -0.186887495155408
88.1999999999993 61.3232321189498 116.800189578418 79.0556570397358 22.6179332917078 0.485760838881408 -0.169594899613353
88.2999999999993 61.3960532538861 116.782115431443 78.9883002896602 22.6388930417968 0.484704751991056 -0.151680721407455
88.3999999999993 61.4689011782827 116.7618217607 78.9218464010378 22.6607760878286 0.476179626559778 -0.130182797987303
88.4999999999992 61.5418275851506 116.739364822795 78.8563183272712 22.6835799977345 0.461366433313308 -0.101999640813129
88.5999999999992 61.6148751068132 116.714825685243 78.7917286863412 22.7072854703898 0.441509484657648 -0.0634262308667292
88.6999999999992 61.688074843312 116.688304566194 78.7280806577002 22.7318570010301 0.417870212628967 -0.00972302835878705
88.7999999999992 61.7614451468906 116.659915174147 78.6653688791655 22.7572435466676 0.391692845383156 0.0653053349616532
88.8999999999992 61.8349916026272 116.629779047666 78.6035803438132 22.7833791915069 0.364190119621439 0.169626014011917
88.9999999999992 61.9087080893306 116.5980198951 78.5426952968718 22.8101838123615 0.336554824516797 0.31285480671063
89.0999999999992 61.9825787631458 116.564757983595 78.4826881378771 22.8375637788023 0.309898478010618 0.479438654137203
89.1999999999992 62.0565804576903 116.530105809707 78.4235284596243 22.8654135563479 0.28496688931952 0.642890091091023
89.2999999999992 62.1306846818523 116.494167023346 78.3651824343729 22.8936196019924 0.262382555193958 0.792300776977857
89.3999999999992 62.2048594865 116.457036633314 78.3076143368497 22.9220651627738 0.242667359619353 0.909658538341728
89.4999999999992 62.2790714111385 116.418801262148 78.2507880725117 22.9506351090766 0.226148198980127 0.97120750851527
89.5999999999992 62.3532874266313 116.379539400954 78.1946687058102 22.9792207679327 0.212861337710511 0.952484162804399
89.6999999999992 62.4274767815465 116.339321664246 78.1392239884546 23.0077247563234 0.202496428456154 0.8352589777182
89.7999999999992 62.5016126733871 116.298211044785 78.0844258876754 23.0360658144807 0.194428095853295 0.611325039205822
89.8999999999992 62.5756736894466 116.256263168412 78.0302521144888 23.0641836391895 0.187860258200852 0.279262846469818
89.9999999999992 62.6496449962788 116.213526548894 77.9766876519592 23.0920437170883 0.182074903818913 -0.163367166436388
90.0999999999992 62.7235192816554 116.170042849626 77.9237262627657 23.1196420719766 0.176780973066603 -0.65054699579633
90.1999999999992 62.7972970003147 116.125847324043 77.8713714586035 23.1470077762455 0.172406635684129 -1.09779192348186
90.2999999999991 62.8709852128882 116.080969709642 77.8196361034832 23.174199786626 0.169896120001847 -1.46827465140337
90.3999999999991 62.9445960023041 116.035435300701 77.768541478866 23.201301544062 0.170341941307845 -1.71057497191568
90.4999999999991 63.018145057475 115.989266027874 77.7181163281016 23.228415487588 0.174572759519066 -1.7864757108761
90.5999999999991 63.0916504338392 115.94248153778 77.6683959008651 23.2556575682068 0.182809896785789 -1.70170491175302
90.6999999999991 63.1651314257715 115.895100272595 77.6194209975948 23.2831517627674 0.194563644899835 -1.50535441369178
90.7999999999991 63.2386074469244 115.847140549651 77.5712370139291 23.3110245878425 0.208793938433449 -1.25873038547023
90.8999999999991 63.3120967906646 115.79862164102 77.5238929851443 23.3393996136065 0.224184932336541 -1.00743408063491
90.9999999999991 63.3856151343594 115.749564853114 77.4774406305917 23.368391977713 0.23937863710589 -0.774163377309376
91.0999999999991 63.4591736928468 115.699994586606 77.4319333988568 23.3981029532078 0.253261112260838 -0.578811384653
91.1999999999991 63.5327778009249 115.649938885018 77.3874255316883 23.4286159213468 0.265459372554289 -0.424675721684623
91.2999999999991 63.6064274110629 115.599428685302 77.3439711755723 23.4599959107142 0.275885475333598 -0.299016444867419
91.3999999999991 63.6801183158636 115.548496557077 77.3016235120761 23.4922905412463 0.284531100716969 -0.192832934292658
91.4999999999991 63.7538433015959 115.497175422201 77.2604338889139 23.5255310222902 0.291426770919667 -0.0996831205863051
91.5999999999991 63.827593229556 115.445497274346 77.2204509510126 23.5597331506621 0.2966174855508 -0.0148061482338341
91.6999999999991 63.9013580701672 115.393491898569 77.1817197715777 23.5948983087063 0.300148663697338 0.0654904946199337
91.7999999999991 63.9751279099119 115.341185590886 77.1442809831588 23.6310144623533 0.302059048502987 0.144258637344511
91.8999999999991 64.0488939475015 115.288599877845 77.1081699087151 23.6680571591792 0.302378864455576 0.224217233029437
91.999999999999 64.1226494931816 115.235750236096 77.0734156926818 23.7059905264634 0.301132547238162 0.307984418995201
92.099999999999 64.1963909628123 115.182644834235 77.0400404478246 23.7447682735248 0.298391624395661 0.391301308406371
92.199999999999 64.2701183639798 115.129283853557 77.0080588126179 23.7843348052593 0.294428893803256 0.468385347313538
92.299999999999 64.3438345114837 115.075660278382 76.9774785507206 23.824626617958 0.28959091875847 0.538720858441562
92.399999999999 64.4175438906547 115.021761265296 76.9483015609733 23.8655738063282 0.284236703829402 0.600686093149842
92.499999999999 64.4912517053057 114.967569534659 76.920524903187 23.9071015747908 0.278718471115214 0.651685181821256
92.599999999999 64.5649631197986 114.913064762115 76.8941418239298 23.9491317487779 0.273362072345099 0.688383254406344
92.699999999999 64.6386826747986 114.858224970098 76.8691427823151 23.9915842860304 0.268447999577995 0.707084160254774
92.799999999999 64.7124138497685 114.803027919339 76.8455164757889 24.0343787878955 0.264194945314769 0.704232677952416
92.899999999999 64.7861587411486 114.747452500378 76.8232508659177 24.077436010624 0.260748603157089 0.67694840022921
92.999999999999 64.8599178235912 114.691480125071 76.8023342041756 24.1206793766685 0.258178549548597 0.623444214696051
93.099999999999 64.9336897709185 114.635096104332 76.7827560430625 24.16403647557 0.256447750244843 0.554052942479426
93.199999999999 65.0074715101384 114.578290667984 76.7645078657974 24.2074402941831 0.255330868099143 0.481455627864513
93.299999999999 65.081258775001 114.521059076124 76.7475827477852 24.2508297598321 0.254566212985334 0.407879676433001
93.399999999999 65.1550467701482 114.463401372586 76.7319746366584 24.2941500128052 0.253902539762027 0.33488477279261
93.499999999999 65.2288307334941 114.405322124651 76.71767761765 24.3373526684379 0.253101872792337 0.263368851438237
93.599999999999 65.3026063953366 114.346830162745 76.7046851789659 24.3803960791964 0.251940793383939 0.193625642730464
93.699999999999 65.3763703412774 114.287938320148 76.692989477157 24.4232455967617 0.250210812003448 0.12541347538072
93.7999999999989 65.4501202863394 114.228663172699 76.6825806024922 24.4658738341128 0.247718380591422 0.0580052803925403
93.8999999999989 65.5238552683042 114.169024778493 76.6734458443301 24.5082609276106 0.24428500859411 -0.00980207240461755
93.9999999999989 65.5975757692751 114.109046417592 76.6655689564921 24.5503947990812 0.239747879691272 -0.0797382928082915
94.0999999999989 65.6712837721788 114.048754331415 76.6589294195201 24.5922714105163 0.233956230223055 -0.149684412416783
94.1999999999989 65.7449826721017 113.988177453981 76.6535016219696 24.6338948268092 0.226758325169973 -0.217686311001686
94.2999999999989 65.818676904516 113.927347122479 76.6492538361725 24.6752767911938 0.21801627377308 -0.286739821311009
94.3999999999989 65.8923714463892 113.866296779696 76.6461471130354 24.7164361087209 0.207608369082233 -0.360964699952651
94.4999999999989 65.9660712985067 113.805061676125 76.6441341737221 24.7573980223492 0.195428102338315 -0.446451157397215
94.5999999999989 66.039780972572 113.743678572077 76.6431583013382 24.7981935890376 0.1813863439225 -0.552921604132959
94.6999999999989 66.1135040052323 113.682185439796 76.6431522326134 24.8388590558372 0.165419239945988 -0.697173078714468
94.7999999999989 66.1872425240536 113.620621165564 76.6440370495862 24.8794352359828 0.147508221340432 -0.910742943680425
94.8999999999989 66.2609968940266 113.559025251819 76.6457210712864 24.9199668849851 0.127729181202259 -1.25845490631947
94.9999999999989 66.3347654774833 113.49743751926 76.6480987454187 24.9605020767225 0.106381215567017 -1.88695460508928
95.0999999999989 66.4085445475944 113.435897802829 76.651049600195 25.0010915697497 0.0845608659402559 -3.08878446638506
95.1999999999989 66.4823284634733 113.374445488178 76.6544387600145 25.0417879192443 0.0656314582805191 -5.19213814984259
95.2999999999989 66.5561102950768 113.313118643231 76.6581214309172 25.0826439432628 0.0556093754566916 -7.14747725418077
95.3999999999989 66.6298828156214 113.251952990242 76.6619489498867 25.1237109346356 0.0595145223657564 -5.99385903051812
95.4999999999988 66.7036396420849 113.190980871714 76.6657748942998 25.1650368630774 0.0736643432954953 -3.62939432417118
95.5999999999988 66.7773763188998 113.130230216324 76.6694611913785 25.2066645772983 0.0909752335201927 -2.10999216524121
95.6999999999988 66.8510911519492 113.069723504841 76.6728842276394 25.2486300071154 0.106946258897823 -1.26987939750924
95.7999999999988 66.9247856293478 113.009476736047 76.6759409583449 25.2909603655629 0.118967124955011 -0.769429006502509
95.8999999999988 66.9984643147206 112.949498392659 76.6785550169535 25.3336723510038 0.125223067826122 -0.42086299181192
95.9999999999988 67.0721341686277 112.889788407251 76.6806828245709 25.3767703492406 0.124249893366473 -0.111433251085793
96.0999999999988 67.1458033429537 112.830337156199 76.6823195936629 25.4202446747809 0.11520391722022 0.226220076010849
96.1999999999988 67.2194795888478 112.771125182284 76.6835025826041 25.4640708301147 0.0990841812963669 0.704044777469458
96.2999999999988 67.2931686797408 112.712124766963 76.6843073715772 25.5082113491784 0.0776170331044092 1.6648379802422
96.3999999999988 67.3668733948444 112.653302231289 76.6848413893063 25.5526186588305 0.0534632943232272 4.3181980925768
96.4999999999988 67.4405932275241 112.594620264871 76.6852373340545 25.5972379794813 0.0338985012524787 12.0129025006523
96.5999999999988 67.514324761524 112.536040254815 76.6856465946203 25.6420102257237 0.0384621460798218 9.68559782974575
96.6999999999988 67.5880625622024 112.477524614681 76.6862326713345 25.6868749069632 0.064143835631744 3.35139746353867
96.7999999999988 67.6618003653885 112.419039113433 76.6871645970572 25.7317730280479 0.0947091137819529 1.33979607713928
96.8999999999988 67.7355323092624 112.360555204388 76.6886103581748 25.7766499898988 0.124953174389344 0.563737684174961
96.9999999999988 67.8092539437897 112.302052354166 76.6907303155965 25.8214584901403 0.152653636185457 0.166782349465251
97.0999999999988 67.8829627723231 112.243520334944 76.693670692184 25.8661613794766 0.176519393411901 -0.0576025002784378
97.1999999999988 67.9566582698577 112.184960562431 76.69755878743 25.9107333674905 0.196565755707355 -0.178373120859504
97.2999999999987 68.030341679203 112.126385011497 76.7025025766915 25.95515980774 0.213157556950978 -0.244057941617502
97.3999999999987 68.1040156749582 112.067814177521 76.7085920376722 25.9994343322761 0.226667201151751 -0.274525522019278
97.4999999999987 68.1776839177456 112.00927500105 76.7159005433375 26.0435564419078 0.237446463047972 -0.278354627298455
97.5999999999987 68.2513505707406 111.950798792446 76.7244862548292 26.087529096467 0.245815258332176 -0.259011292363465
97.6999999999987 68.3250198309105 111.892419156545 76.7343935143807 26.131356305073 0.252058945231064 -0.21734689114985
97.7999999999987 68.3986955091661 111.834169917305 76.7456542382321 26.1750407163978 0.256432493374164 -0.152697161021941
97.8999999999987 68.4723806809847 111.776083042463 76.7582893095448 26.2185812089304 0.259172168701981 -0.0633975496614349
97.9999999999987 68.546077422039 111.718186568186 76.7723099713167 26.261970481242 0.26051639778363 0.0529198098633161
98.0999999999987 68.6197866441779 111.660502553259 76.7877192075973 26.3051926895099 0.260689724672063 0.167208158184079
98.1999999999987 68.6935080952578 111.603045801266 76.8045128205086 26.3482223137827 0.25977273517163 0.250462672284328
98.2999999999987 68.767240572764 111.545824532248 76.8226797350795 26.3910261433567 0.257802805776873 0.304480963806736
98.3999999999987 68.8409822110544 111.488841822362 76.8422019998863 26.4335664908937 0.254783763930731 0.329939687061177
98.4999999999987 68.9147307727676 111.432097073062 76.8630547759933 26.475804453798 0.250663546521927 0.326513191474438
98.5999999999987 68.9884839294867 111.375587480292 76.8852063258929 26.5177031755928 0.24532475087357 0.292730311046524
98.6999999999987 69.0622395147892 111.319309503671 76.9086180024463 26.5592311072975 0.238587730120346 0.225431826640709
98.7999999999987 69.1359957344871 111.263260335681 76.9332442378241 26.6003652688044 0.230227022266108 0.118635664082654
98.8999999999987 69.2097513265636 111.207439370857 76.9590325324465 26.6410945102555 0.220004073992134 -0.0385298267858767
98.9999999999987 69.2835056770677 111.151849674974 76.9859234439242 26.6814227734197 0.207724110564556 -0.265440025552748
99.0999999999986 69.3572589069244 111.096499437502 77.0138505899782 26.7213722995667 0.193431642821227 -0.555723060416149
99.1999999999986 69.4310117148393 111.041402989028 77.0427410148377 26.7609854462771 0.177803072347306 -0.89822075460939
99.2999999999986 69.5047646879354 110.98658071436 77.0725164783106 26.8003229730888 0.161878948998729 -1.31116004870414
99.3999999999986 69.5785176626784 110.932058530594 77.1030951083306 26.8394609360785 0.146998241395937 -1.79372489653065
99.4999999999986 69.6522694180422 110.877867348456 77.1343930674846 26.8784875289411 0.134792889872789 -2.29304900125889
99.5999999999986 69.7260176645614 110.824042533632 77.1663262195406 26.9174999240688 0.127002719657608 -2.67288758226787
99.6999999999986 69.7997592603291 110.770623368111 77.1988117959745 26.9566011136305 0.124964439626497 -2.76221355438456
99.7999999999986 69.8734905702947 110.717652511518 77.2317700624978 26.9958967506511 0.12895730562565 -2.50947635545132
99.8999999999986 69.9472078767411 110.665175462454 77.2651259855848 27.0354919900903 0.138019969400887 -2.04135291632138
99.9999999999986 70.020907746431 110.61324001983 77.2988108990003 27.0754883299226 0.150461005658444 -1.52649490100518
100.099999999999 70.0945872726525 110.561895736951 77.3327641526059 27.1159804744627 0.164529427809152 -1.08402995490645
100.199999999999 70.1682443407986 110.511193186937 77.3669343004234 27.1570537761081 0.178860946331021 -0.749057922458182
100.299999999999 70.241878237261 110.461182749246 77.4012791191211 27.1987831453687 0.19251146132418 -0.499701418865391
100.399999999999 70.3154902349127 110.411913207544 77.435765165756 27.2412325393128 0.204815062947282 -0.312354623964994
100.499999999999 70.3890839359257 110.363430340309 77.470367317796 27.2844544722601 0.215277215170634 -0.168104811137429
100.599999999999 70.4626653723864 110.315775511446 77.5050683131417 27.328489526474 0.223508622511821 -0.0529246453819374
100.699999999999 70.5362428770705 110.268984260892 77.5398582901487 27.3733658628549 0.229187360314891 0.0436163738140013
100.799999999999 70.609826741107 110.22308489523 77.5747343276488 27.4190987316327 0.232038604170608 0.129723818076957
100.899999999999 70.6834286811226 110.178097078296 77.6096999849725 27.4656899830593 0.231825079539548 0.212598033908792
100.999999999999 70.7570611456699 110.134030421791 77.644764841971 27.513127578102 0.228344356833701 0.299632192818652
101.099999999999 70.8307364889838 110.090883121372 77.6799440463606 27.5613851190411 0.221608379510455 0.405526572585768
101.199999999999 70.9044658313398 110.048641775323 77.7152580514659 27.6104218976027 0.212392590868058 0.543406211023977
101.299999999999 70.9782574395047 110.007284205151 77.7507328372803 27.6601842568359 0.201738957586933 0.718122514267357
101.399999999999 71.0521152786167 109.966783458753 77.7864003219245 27.7106074705236 0.190806783388999 0.929390901630848
101.499999999999 71.1260380274114 109.927111859069 77.8222987804278 27.7616176424995 0.180898196492092 1.16422904806414
101.599999999999 71.2000185407383 109.888245052742 77.85847326351 27.8131336059646 0.173457062205975 1.38730073880287
101.699999999999 71.2740437222397 109.850166058764 77.8949760163623 27.8650688228042 0.169992699283667 1.53848662342092
101.799999999998 71.3480947710603 109.812869317138 77.9318668974295 27.9173332829046 0.171891029823023 1.55382117903086
101.899999999998 71.4221477785505 109.776364737524 77.9692137971906 27.9698354034695 0.180169267597229 1.40785391626432
101.999999999998 71.496174673923 109.7406817479 78.0070930569411 28.022483928337 0.195347015228733 1.13646067607386
102.099999999998 71.5701445703094 109.705873252756 78.0455898438521 28.0751898258702 0.217195448982833 0.822634864734791
102.199999999998 71.6440260095186 109.672017239498 78.0847973892615 28.1278681497695 0.243921530659024 0.546367569966776
102.299999999998 71.7177905806294 109.639212414885 78.124813341322 28.1804398057635 0.273469204050062 0.331043217856623
102.399999999998 71.79141669694 109.607571489672 78.1657349808798 28.2328332812217 0.303918832364788 0.170466394390784
102.499999999998 71.8648927932439 109.577214372798 78.2076543936323 28.2849863733409 0.3334322895237 0.0502289631737955
102.599999999998 71.9382196761559 109.548261365566 78.2506536422854 28.3368479173317 0.360196765097939 -0.0437411146060041
102.699999999998 72.0114117574518 109.520826355838 78.2947999387105 28.3883795146055 0.382401089743288 -0.12330146688516
102.799999999998 72.0844969165658 109.495010012214 78.3401408161026 28.4395572609602 0.398250116337767 -0.19875078698826
102.899999999998 72.15751480097 109.470892978224 78.3866993011366 28.4903734747676 0.406012239343764 -0.280481834202606
102.999999999998 72.2305134867327 109.44852906651 78.4344690861254 28.5408384251593 0.404090971077286 -0.381604814517041
103.099999999998 72.3035445810832 109.427938572728 78.4834098022012 28.5909820051857 0.391714963191065 -0.505935884458472
103.199999999998 72.3766571033342 109.40910470202 78.5334449191288 28.6408539742473 0.370780559068918 -0.651578109981248
103.299999999998 72.4498915260485 109.391977896612 78.5844663127214 28.6905205686816 0.343950744420319 -0.826157160064633
103.399999999998 72.5232757053314 109.376483275989 78.6363414588885 28.7400596816217 0.313967357514893 -1.03325659699339
103.499999999998 72.5968230246478 109.362528196778 78.6889207287077 28.7895559878287 0.283571765663761 -1.26588615774705
103.599999999998 72.6705324820401 109.350009812637 78.7420446834966 28.8390960685224 0.255394384818475 -1.49435654057847
103.699999999998 72.7443902900085 109.338822634135 78.7955513698847 28.8887635362133 0.231748184684505 -1.65333248508175
103.799999999998 72.8183724907144 109.328866088644 78.8492836148853 28.9386341595338 0.214276570848197 -1.64706788570891
103.899999999998 72.8924480984136 109.32005208022 78.9030963209673 28.9887709880698 0.203565579570402 -1.39323044627247
103.999999999998 72.9665823550835 109.31231254949 78.9568637611272 29.039219477192 0.199083291852943 -0.878401307568723
104.099999999998 73.0407398079008 109.305606920324 79.0104867723888 29.0900026930127 0.19955773808966 -0.280050412484142
104.199999999998 73.1148868737322 109.299926603008 79.0638973084204 29.1411186005895 0.203418817617202 0.211255028142086
104.299999999998 73.188993474836 109.295292025433 79.1170562883765 29.1925426403753 0.209877863165212 0.564139826204333
104.399999999998 73.2630341223568 109.291746720782 79.1699488048561 29.2442323879146 0.218665829725541 0.775563880975591
104.499999999998 73.3369888377541 109.28935130201 79.2225792302901 29.2961322936664 0.22955218879506 0.859535758041725
104.599999999998 73.4108440003227 109.288177436319 79.2749663233277 29.3481784228255 0.242048782464381 0.841108062235188
104.699999999998 73.4845930761529 109.28830181963 79.3271383352233 29.4003031951451 0.255302902367857 0.748918626320202
104.799999999998 73.5582370966504 109.289800151065 79.3791281162232 29.4524401247587 0.268129135595408 0.607438747180459
104.899999999998 73.6317847062132 109.292741107419 79.4309682219524 29.5045285600021 0.279113712408698 0.431931177147703
104.999999999998 73.7052515904589 109.297180317637 79.4826860198015 29.5565184232356 0.286743472154492 0.226388558719679
105.099999999998 73.7786591305358 109.30315441663 79.5342988516341 29.6083748854326 0.289845663754131 0.0263789779339659
105.199999999998 73.8520322599064 109.310677161862 79.5858106608414 29.6600813447003 0.288633721034142 -0.141227915015828
105.299999999998 73.9253969687967 109.319740786229 79.6372123365835 29.7116380993965 0.283820473166458 -0.28840414269408
105.399999999998 73.9987780584115 109.33031941371 79.6884835223772 29.7630593251791 0.276244402494889 -0.420924139355677
105.499999999998 74.0721973494013 109.342372554356 79.7395944810051 29.8143699868211 0.266807755259602 -0.539580473922549
105.599999999998 74.1456723934459 109.355848599284 79.7905079594245 29.8656027500267 0.256421886354536 -0.640516883683019
105.699999999998 74.2192156813157 109.370688315663 79.8411810536762 29.9167948932468 0.245953376060336 -0.715382683673677
105.799999999998 74.2928342996489 109.386828341707 79.8915670737935 29.9679852194943 0.236169536329067 -0.752051858992732
105.899999999998 74.366529961272 109.404204681664 79.9416174087111 30.0192109681603 0.227688246947534 -0.736543428762646
105.999999999998 74.4402993204595 109.422756200808 79.9912833911738 30.070504726829 0.220945004868026 -0.656203367957374
106.099999999998 74.5141344906377 109.442428081994 80.0405181476565 30.121891380738 0.216102559482272 -0.537497013566935
106.199999999998 74.5880238254375 109.463174282922 80.0892780585558 30.1733860409788 0.212868552484145 -0.418502573973447
106.299999999998 74.6619530602821 109.484957456743 80.1375232290747 30.2249944571975 0.21089909729016 -0.3059413231913
106.399999999998 74.7359064692691 109.507747873371 80.1852175703798 30.2767144090358 0.209901498999668 -0.204730595948582
106.499999999998 74.8098678955408 109.531522302366 80.2323288657692 30.3285371352169 0.209622306003225 -0.118089255405907
106.599999999998 74.8838216739041 109.556262895808 80.2788288368402 30.3804487626309 0.20983353800414 -0.0478357215168274
106.699999999998 74.9577534628348 109.581956071177 80.3246932096569 30.4324317354206 0.210319752737592 0.00525403728143625
106.799999999998 75.0316509962178 109.608591394238 80.3699017809181 30.484466244067 0.210867593837872 0.0410932462709681
106.899999999998 75.1055047597364 109.636160461912 80.4144384841251 30.5365316544745 0.211258649370899 0.059955828844945
106.999999999998 75.1793085928003 109.66465578516 80.4582914557494 30.5886079370572 0.21126592196515 0.0621700645234323
107.099999999998 75.2530602053049 109.694069675885 80.5014530993206 30.6406770824667 0.210671572300534 0.0548981514564876
107.199999999998 75.3267613825641 109.724393238427 80.5439200954424 30.6927241700368 0.209329385876916 0.0450926808521324
107.299999999998 75.400417530942 109.755615626567 80.5856932745488 30.7447375546607 0.207124436483052 0.0325259991441684
107.399999999998 75.4740369464773 109.787723405129 80.6267774355872 30.7967087063834 0.203955548329938 0.0168009016161808
107.499999999998 75.5476300414362 109.820699915595 80.6671811626226 30.848632036638 0.199733974789125 -0.00270696091649024
107.599999999998 75.621208544544 109.854524641736 80.7069166414419 30.9005047244813 0.194382487540117 -0.0269425421058131
107.699999999998 75.6947846828047 109.889172575224 80.7459994761575 30.9523265428298 0.187834813152153 -0.0573251328640559
107.799999999998 75.7683703540245 109.924613581261 80.7844485058116 31.0040996846951 0.180035459267596 -0.0960066695021473
107.899999999998 75.8419763002258 109.960811764197 80.8222856209799 31.0558285894202 0.17094015427121 -0.146318925632169
107.999999999998 75.9156112930773 109.997724833152 80.8595355803758 31.1075197689153 0.160517459070755 -0.213577537296744
108.099999999998 75.9892813512156 110.035303484207 80.8962258285495 31.1591816324122 0.148796140990322 -0.297115163449836
108.199999999998 76.062989204901 110.073491213389 80.9323863420594 31.2108242727156 0.135994079626067 -0.395606198420324
108.299999999998 76.1367343661547 110.112225223215 80.9680495479202 31.2624591547124 0.122378026756704 -0.517933664306107
108.399999999998 76.2105135183907 110.151437760029 81.0032502705233 31.3140987653767 0.108221028099757 -0.677953862983203
108.499999999998 76.284321020177 110.191057467903 81.038025679652 31.3657562622945 0.093809862272397 -0.898694414620776
108.599999999998 76.3581494980824 110.231010742552 81.0724152384974 31.417445122188 0.0794613773314001 -1.22051360267617
108.699999999998 76.4319905096514 110.271223085232 81.1064606516737 31.4691787894398 0.0655570232482848 -1.71665910472127
108.799999999998 76.5058352566715 110.311620456653 81.1402058132335 31.5209703246174 0.0526171778382291 -2.51700600342505
108.899999999998 76.5796753287572 110.35213063088 81.1736967546835 31.5728320529975 0.0414569606196105 -3.79734526963638
108.999999999998 76.6535034577907 110.39268454924 81.2069815930003 31.6247752130904 0.0334243741535508 -5.4613076924433
109.099999999998 76.7273142573835 110.433217668508 81.2401104677541 31.6768096059135 0.030265108724134 -6.26422238372651
109.199999999998 76.8011047438209 110.47367116027 81.2731351950674 31.7289432637445 0.0325256411694599 -5.13373183206526
109.299999999998 76.8748743281831 110.513992732523 81.3061082027656 31.781182168321 0.0383238217757761 -3.51571582283129
109.399999999998 76.9486245699362 110.55413730246 81.3390811823619 31.8335299885211 0.0453562147721665 -2.39437744486018
109.499999999998 77.0223588655829 110.594067663534 81.3721037301499 31.8859878187914 0.0521553490490415 -1.73337882996778
109.599999999998 77.096082067802 110.633755152509 81.405221988298 31.9385539175763 0.057874057977838 -1.35461454047089
109.699999999998 77.1698000274681 110.673180316532 81.4384772859424 31.9912234457471 0.0619685652184187 -1.14701851031905
109.799999999998 77.2435190565883 110.712333580183 81.4719047802804 32.0439882050301 0.064042432507386 -1.05766738488742
109.899999999998 77.3172453169373 110.751215912541 81.5055320976644 32.0968363764361 0.0637841801115529 -1.07281811440608
109.999999999998 77.3909841469401 110.789839494245 81.5393779746949 32.1497522586892 0.0609527268652661 -1.21655149987627
110.099999999998 77.4647393536277 110.828228365499 81.5734509225716 32.2027160132796 0.0555164435571925 -1.56937834104221
110.199999999998 77.5385126438982 110.866418578802 81.6077484961416 32.2557035817504 0.0480872230728877 -2.28599097473136
110.299999999998 77.6123034844766 110.90445709439 81.6422580979472 32.3086870401912 0.039830839519323 -3.66373628982148
110.399999999998 77.6861092269472 110.942400180403 81.6769583869704 32.3616351259655 0.0329530446070761 -5.85911048922241
110.499999999998 77.7599253712762 110.980311793994 81.711820710636 32.4145137710613 0.0312335232754794 -7.05546944885088
110.599999999998 77.8337459540172 111.018261962441 81.7468105368134 32.4672866354432 0.0372791773449434 -5.26802001586977
110.699999999998 77.9075640416712 111.056325164262 81.781888885819 32.5199156404035 0.0492099955844193 -3.14861445882128
110.799999999998 77.9813723009088 111.094578710319 81.8170137624192 32.5723615019136 0.0641516116943433 -1.88084492974016
110.899999999998 78.0551636108558 111.133101124939 81.8521415878321 32.624584263975 0.0803846238285807 -1.17836972199076
110.999999999998 78.1289316782961 111.171970527018 81.8872286317305 32.6765438319713 0.0969283811222263 -0.765380614054574
111.099999999998 78.2026716144191 111.211263009877 81.9222324427775 32.7282005080391 0.113109469019968 -0.503944688676613
111.199999999998 78.2763804322133 111.25105098834 81.9571132410412 32.7795155789533 0.12836282834454 -0.326347087197761
111.299999999998 78.3500574228333 111.291401462624 81.9918352136368 32.8304520373202 0.14218200348911 -0.195296409578111
111.399999999998 78.4237043679376 111.332374249459 82.0263677722476 32.8809753552834 0.154094880099096 -0.0895767470020033
111.499999999998 78.4973255551726 111.374020211943 82.0606868091791 32.9310542602505 0.163652044221373 0.00441451231062092
111.599999999998 78.5709275757368 111.416379489408 82.0947759534134 32.98066151062 0.170425492823742 0.0970491257705518
111.699999999998 78.6445188958669 111.459479727267 82.1286278266636 33.0297746715074 0.174014115280062 0.198274557318747
111.799999999998 78.7181092098816 111.503334306885 82.1622452994283 33.0783768904723 0.174055566793883 0.320220750819396
111.899999999998 78.7917086009957 111.547940575425 82.1956427470453 33.126457673244 0.17024731386161 0.480843816822281
111.999999999998 78.8653265571965 111.593278075716 82.228847305747 33.1740136594491 0.162385554892876 0.710580043588321
112.099999999998 78.9389709140954 111.639306831759 82.2619000859183 33.2210493761241 0.150673666015891 1.02379582259013
112.199999999998 79.0126468762611 111.685967081179 82.2948562726719 33.267577413691 0.136471531784601 1.42457948649102
112.299999999998 79.0863564335949 111.733182680686 82.3277824019175 33.3136171358715 0.12157803343 1.93164923847009
112.399999999998 79.1600983224719 111.780865958481 82.3607525237483 33.3591928120633 0.107997273756956 2.50880545167286
112.499999999998 79.2338684506071 111.828922622308 82.3938443230298 33.4043317275036 0.0977681936571666 2.99460117065917
112.599999999998 79.3076606494245 111.877256667514 82.4271352399908 33.4490622934317 0.0923804483931274 3.11795979394985
112.699999999998 79.3814675948402 111.925775285098 82.4606985908133 33.4934121572526 0.0919128134941698 2.74442232665076
112.799999999998 79.4552817342096 111.97439376977 82.4945996882223 33.5374063126998 0.0947975861129406 2.03870658590352
112.899999999998 79.5290960737172 112.023040428006 82.5288919620762 33.5810652099983 0.0986402519960043 1.23226621725351
112.999999999998 79.602904716487 112.071661486103 82.5636130799567 33.6244028660282 0.101212656852554 0.406854581841433
113.099999999998 79.6767030954042 112.120225916012 82.5987811337742 33.6674250099675 0.101165355380104 -0.352385973782164
113.199999999998 79.7504878828689 112.168728123392 82.6343925427709 33.7101281514184 0.0987237078600313 -1.00436778685494
113.299999999998 79.8242566778845 112.217185209001 82.6704243135331 33.7525009902198 0.0949769830566303 -1.59633794019528
113.399999999998 79.8980077635587 112.265632092306 82.7068380164015 33.7945267487436 0.0913362569019245 -2.09470824075766
113.499999999998 79.9717400661167 112.314116552874 82.7435838278966 33.8361855396704 0.0891411055056708 -2.39917030341835
113.599999999998 80.0454533065334 112.36269427176 82.7806045731437 33.877456733765 0.0891769239766985 -2.41883650268601
113.699999999998 80.1191482779931 112.411423872893 82.8178397682988 33.9183213276525 0.0912946782042507 -2.16866261439816
113.799999999998 80.1928271486503 112.460361964472 82.8552296629739 33.9587643115946 0.0944313191625006 -1.75914231963668
113.899999999998 80.2664936773894 112.509558180348 82.8927192826622 33.9987770372643 0.0969869765441645 -1.29658556262593
113.999999999998 80.3401532406446 112.55905022142 82.9302624711634 34.0383595855232 0.097227729417085 -0.820075728656197
114.099999999998 80.4138125977069 112.608858965622 82.9678258658842 34.0775231050391 0.0937754741241255 -0.41199707073791
114.199999999998 80.4874793108427 112.658985361644 83.0053911278735 34.1162913928243 0.0865117195217548 -0.116237540729874
114.299999999998 80.5611608485142 112.709411850548 83.0429527415728 34.1547005504134 0.0758613155503667 0.119701026998396
114.399999999998 80.6348637203505 112.760105571117 83.0805140693031 34.1927978819591 0.0623926667284415 0.330327382077193
114.499999999998 80.7085928129454 112.811021633799 83.1180833386253 34.2306407631721 0.0467206166532062 0.550629484215105
114.599999999998 80.7823509450167 112.862106394653 83.1556696297009 34.2682955102605 0.0294707273979513 0.878880046026988
114.699999999998 80.8561386225701 112.913300729302 83.1932788626533 34.305836248869 0.0115592429041432 2.54539255379238
114.799999999998 80.9299539542143 112.964543306877 83.2309097849283 34.3433437830186 0.0101315725386368 3.35909589770191
114.899999999998 81.0037926799401 113.015773863964 83.2685499586549 34.3809044640459 0.0293482884942563 1.43170617160416
114.999999999998 81.0776482734128 113.066936478553 83.3061717480061 34.4186090595426 0.0499558999702075 1.40506076288062
115.099999999998 81.1515121043375 113.117982807649 83.343728376588 34.456551614205 0.0717008666755794 1.35567252815608
115.199999999998 81.2253738303424 113.168874380054 83.3811518055485 34.494828100347 0.0946908479997146 1.20821347543297
115.299999999998 81.2992222940294 113.219582490775 83.4183552335178 34.5335345344813 0.118748015569119 1.04807484180471
115.399999999998 81.373046656074 113.270087150598 83.4552374172691 34.5727648835645 0.143458276922596 0.900390637906902
115.499999999998 81.4468375472189 113.320375999333 83.4916870624072 34.6126089631512 0.168238365494335 0.771941626728222
115.599999999998 81.5205881421673 113.370443219057 83.5275872140569 34.6531503355498 0.192385893546698 0.662853467780798
115.699999999998 81.59429504285 113.420288447348 83.5628196475519 34.6944642079765 0.215113647873715 0.570913782045057
115.799999999998 81.6679588477438 113.469915690534 83.5972692591235 34.7366153307104 0.23557422431955 0.49330150809353
115.899999999998 81.7415842848437 113.519332236931 83.6308284565887 34.7796558952487 0.252880324163743 0.427247223536355
115.999999999998 81.8151797994009 113.568547570086 83.6634015500393 34.823623432461 0.266124014441625 0.370222139645478
116.099999999998 81.8887565222785 113.617572296068 83.6949090948525 34.8685387417844 0.274596584915662 0.33065063356071
116.199999999998 81.9623268086993 113.666417436191 83.7252909950846 34.9144046274582 0.278415337401641 0.31329955137099
116.299999999998 82.0359029374597 113.715094647333 83.7545064601422 34.9612066833989 0.277937832163385 0.313585820511043
116.399999999998 82.1094960342828 113.763616807678 83.7825327218358 35.0089148851148 0.273554261612073 0.329894832392896
116.499999999998 82.1831151740154 113.811998616514 83.8093637037562 35.0574852126607 0.265680137093251 0.362742741485479
116.599999999998 82.2567667255939 113.860257194031 83.8350086906502 35.1068612735928 0.254751523184214 0.41457603278403
116.699999999998 82.3304539882517 113.908412681118 83.8594909977971 35.1569759259237 0.2412237236633 0.490000497261668
116.799999999998 82.404177147559 113.956488839158 83.8828466403846 35.2077529010764 0.225575383587266 0.596389491360229
116.899999999998 82.4779335628239 114.004513649829 83.9051230028849 35.25910842684 0.208321105021389 0.744859619976175
116.999999999998 82.5517183833391 114.0525199149 83.9263775084309 35.310952850324 0.190037321721573 0.95144362915266
117.099999999998 82.6255254670604 114.100545836754 83.9466762879463 35.3631922606166 0.171404468275801 1.22464793243214
117.199999999998 82.6993482589097 114.148635097828 83.9660928428808 35.4157301037418 0.153234555886506 1.56785113086143
117.299999999998 82.7731800820548 114.196835668066 83.9847066917122 35.4684687780645 0.136482483234228 1.98283427708955
117.399999999998 82.8470143032061 114.245198111285 84.0026020100543 35.5213112219938 0.12223794583447 2.43699392964692
117.499999999998 82.9208446288046 114.293773872265 84.0198662705175 35.5741625013903 0.111612698625647 2.83567294044994
117.599999999998 82.9946654765976 114.342613563848 84.0365888825704 35.6269313969733 0.105435449530646 3.03571459804958
117.699999999998 83.0684723531378 114.391765254029 84.0528598324016 35.6795319917277 0.103821401462532 2.94666850285897
117.799999999998 83.1422621698296 114.44127275305 84.0687683227805 35.7318852583116 0.105963912999426 2.62353700637165
117.899999999998 83.2160334355321 114.491173900492 84.0844014129187 35.7839206464629 0.110402254224119 2.20951490048039
117.999999999998 83.2897862725237 114.541498852371 84.0998426583318 35.8355776704069 0.115509168312705 1.82011955861491
118.099999999998 83.3635222175936 114.592268390317 84.1151707681795 35.8868074728722 0.119931239059374 1.52899829068096
118.199999999998 83.4372438567042 114.643492804982 84.1304587170596 35.9375737809359 0.123078889249437 1.34667279414605
118.299999999998 83.5109544611686 114.695172237113 84.1457740104166 35.9878523180516 0.124802150898833 1.24711143163884
118.399999999998 83.5846576324723 114.747297592853 84.1611794044033 36.0376296079068 0.125171297813526 1.21134744857785
118.499999999998 83.6583569539496 114.799851481128 84.1767336432218 36.0869017548886 0.124404590091205 1.22597236352579
118.599999999998 83.7320556856558 114.852809151033 84.1924921964648 36.1356732245502 0.122828649357273 1.28019918673011
118.699999999998 83.8057565304629 114.906139429224 84.2085079964561 36.1839556240766 0.120855022884594 1.36268929399293
118.799999999998 83.8794614900473 114.959805657298 84.2248321755921 36.231766482751 0.118960839282023 1.45855195223058
118.899999999998 83.9531718214418 115.013766629186 84.2415148036824 36.2791280324209 0.117663214163186 1.54745018848245
118.999999999998 84.0268880982228 115.06797752854 84.2586056252907 36.3260659879637 0.117479295636219 1.60462200013875
119.099999999998 84.10061037481 115.122390860176 84.2761547890802 36.37260833702 0.118822934315693 1.61211030307497
119.199999999998 84.1743384346332 115.176957227154 84.2942133692537 36.4187843706548 0.121818555609689 1.56985201791212
119.299999999998 84.2480720712216 115.23162571595 84.3128333592405 36.4646243256095 0.126445317963348 1.48555745860127
119.399999999997 84.321811382329 115.286344127259 84.332067457478 36.5101592674822 0.132598473046542 1.37227739329219
119.499999999997 84.3955570765761 115.341059200862 84.3519688451986 36.5554209831749 0.140112825000465 1.24413674270745
119.599999999997 84.4693107877568 115.395716840482 84.372590964215 36.6004418733411 0.148789015428165 1.11303302499045
119.699999999997 84.5430753913492 115.450262338653 84.3939872947069 36.6452548448327 0.15841538648136 0.987229561387848
119.799999999997 84.6168553174858 115.50464060158 84.4162111330069 36.6898932031472 0.168782484717963 0.871471275214998
119.899999999997 84.6906568543676 115.558796374001 84.4393153693865 36.7343905448751 0.179690689739931 0.767818750041474
119.999999999997 84.7644884358558 115.612674464055 84.4633522658424 36.7787806501467 0.190952940422071 0.676587620135064
