#t s x y z curvature torsion
5 0 117.474529354226 85.9632118129588 3.22226864068953 0.17307001934374 -0.010076774856338
5.1 0.0617645549728437 117.432242050702 85.9250520531253 3.24615329980626 0.17184761039703 -0.0103951573242378
5.2 0.123359157482547 117.389826015328 85.8869143119785 3.26939738941372 0.170561525273076 -0.0107241080581091
5.3 0.184792203308019 117.347282744392 85.8487987377591 3.29200916111445 0.169213332426264 -0.0110641398081574
5.4 0.246071890048881 117.304613734182 85.8107054786923 3.31399686650582 0.167804675673144 -0.0114158034420592
5.5 0.307206215247759 117.261820480974 85.7726346829752 3.33536875717708 0.166337266971127 -0.0117796910887782
5.6 0.368202974754192 117.218904481035 85.7345864987633 3.3561330847064 0.164812879085089 -0.0121564395672002
5.7 0.429069761330892 117.175867230619 85.6965610741576 3.37629810065793 0.163233338191335 -0.0125467341237885
5.8 0.489813963501772 117.132710225959 85.6585585571911 3.39587205657882 0.161600516470376 -0.0129513125348475
5.9 0.550442764639834 117.089434963269 85.620579095816 3.41486320399632 0.159916324735594 -0.0133709695819431
6 0.610963142293066 117.046042938738 85.5826228378902 3.43327979441478 0.158182705143576 -0.013806561974102
6.1 0.671381867745605 117.002535648525 85.5446899311635 3.45113007931163 0.156401629913264 -0.01425778486725
6.2 0.731705505824254 116.958914588749 85.5067805232382 3.46842231010553 0.154575111973818 -0.0147242837627228
6.3 0.791940414968974 116.915181255455 85.468894761467 3.48516473805377 0.152705180456937 -0.0152069422207033
6.4 0.852092747544924 116.871337144567 85.4310327928254 3.50136561412188 0.150793868157021 -0.0157067175954884
6.49999999999999 0.912168450377808 116.827383751851 85.3931947637838 3.51703318885208 0.148843205142756 -0.0162246476658425
6.59999999999999 0.972173265505192 116.78332257287 85.3553808201787 3.53217571223184 0.146855212664268 -0.016761857960506
6.69999999999999 1.03211273113765 116.739155102939 85.3175911070848 3.54680143356233 0.144831897377346 -0.0173195699051932
6.79999999999999 1.09199218282263 116.694882837083 85.2798257686865 3.56091860132696 0.142775245902644 -0.017899109843542
6.89999999999999 1.1518167548032 116.650507269994 85.2420849481498 3.57453546305987 0.140687219733926 -0.0185019191018359
6.99999999999999 1.21159138156442 116.606029895991 85.2043687874938 3.58766026521444 0.138569750505927 -0.0191295652173
7.09999999999999 1.27132079955979 116.561452208971 85.1666774274606 3.60030125302835 0.136424754529694 -0.0197803704650604
7.19999999999999 1.33100954913234 116.516775702356 85.1290110073384 3.61246667029961 0.134254185423221 -0.0204524276703277
7.29999999999999 1.39066197666151 116.472001868993 85.091369664664 3.62416475893641 0.132059973555024 -0.021147152676264
7.39999999999999 1.45028223690166 116.427132201045 85.0537535348791 3.63540375841795 0.129844003673821 -0.0218660914081061
7.49999999999999 1.50987429548293 116.38216818988 85.0161627509845 3.64619190525182 0.127608111834566 -0.0226109329417951
7.59999999999999 1.56944193156482 116.33711132596 84.9785974431936 3.65653743243137 0.125354082706964 -0.0233835241946499
7.69999999999999 1.62898874063231 116.291963098728 84.9410577385873 3.66644856889313 0.123083647256173 -0.0241858864867791
7.79999999999999 1.68851813742651 116.246724996497 84.9035437607675 3.67593353897412 0.120798480785072 -0.025020234258925
7.89999999999999 1.74803335899997 116.201398506343 84.8660556295116 3.68500056186932 0.118500201324617 -0.0258889962672595
7.99999999999999 1.80753746788763 116.155985113987 84.8285934604261 3.69365785108896 0.116190368358247 -0.0267948396400032
8.09999999999999 1.86703335538556 116.110486303688 84.7911573645994 3.70191361391114 0.113870508207426 -0.0277350677051101
8.19999999999999 1.92652374494576 116.064903558126 84.7537474482049 3.70977605070765 0.111542192143458 -0.02870653215759
8.29999999999999 1.98601119571081 116.019238358274 84.7163638119811 3.71725335394869 0.109206956438003 -0.0297115771444178
8.39999999999999 2.0454981061632 115.973492183272 84.6790065506628 3.72435370708087 0.106866275662734 -0.030752779055602
8.49999999999999 2.10498671786639 115.927666510288 84.6416757524101 3.73108528340038 0.104521562661168 -0.0318329736620252
8.59999999999999 2.16447911928815 115.881762814393 84.6043714982378 3.73745624492621 0.102174168778093 -0.0329552872105014
8.69999999999999 2.2239772496972 115.835782568427 84.567093861445 3.74347474127329 0.099825384327084 -0.0341231721898566
8.79999999999999 2.28348290312558 115.789727242871 84.529842907044 3.74914890852567 0.0974764392774812 -0.0353404485422093
8.89999999999999 2.34299773238825 115.743598305709 84.4926186911898 3.75448686810973 0.0951285041423346 -0.0366113513057685
8.99999999999999 2.40252325315272 115.697397222304 84.4554212606092 3.75949672566732 0.0927826910495713 -0.0379405858601508
9.09999999999999 2.46206084805073 115.651125455266 84.418250652029 3.76418656992544 0.0904400725084382 -0.0393260210426941
9.19999999999999 2.52161177082214 115.604784464342 84.3811068915682 3.76856447147435 0.0881017350896732 -0.0407649837357748
9.29999999999998 2.58117715048117 115.558375706379 84.3439899940409 3.77263848131334 0.085768727776415 -0.0422621162971458
9.39999999999998 2.64075799550995 115.511900635299 84.3068999622232 3.77641662930494 0.0834420458680527 -0.0438225948580531
9.49999999999998 2.70035519807693 115.465360702087 84.2698367861191 3.77990692262564 0.0811226325928708 -0.0454522071037339
9.59999999999998 2.75996953827408 115.418757354767 84.2328004422264 3.78311734421656 0.0788113808196352 -0.0471574440157902
9.69999999999998 2.81960168836676 115.37209203839 84.1957908928024 3.78605585123418 0.0765091348539271 -0.0489456085736548
9.79999999999998 2.87925221705035 115.32536619501 84.1588080851297 3.78873037350103 0.074216692308321 -0.0508249450377681
9.89999999999998 2.93892159370807 115.278581263673 84.1218519507822 3.79114881195639 0.0719348060342893 -0.0528047934024879
9.99999999999998 2.99861019266479 115.231738680392 84.0849224048904 3.79331903710702 0.0696641861070196 -0.0548957747748658
10.1 3.05831829743041 115.184839878135 84.0480193454083 3.79524888747802 0.067405499266754 -0.0571084877679115
10.2 3.11804610489812 115.13788628684 84.01114265239 3.79694616806999 0.0651593633182229 -0.059455066643442
10.3 3.17779372944298 115.090879333509 83.9742921872946 3.79841864883149 0.0629263571331549 -0.0619511195985393
10.4 3.23756120696583 115.043820442343 83.937467792302 3.79967406313775 0.0607070253267255 -0.0646147060965471
10.5 3.2973484989096 114.996711034867 83.9006692896283 3.80072010626962 0.0585018803449869 -0.0674668255166147
10.6 3.35715549624464 114.949552530066 83.8638964808428 3.80156443389241 0.0563114045814046 -0.0705320240654519
10.7 3.41698202342094 114.90234634451 83.8271491461831 3.80221466053483 0.0541360525267521 -0.0738391538212703
10.8 3.47682784228346 114.855093892492 83.7904270438716 3.80267835806789 0.0519762529618292 -0.0774223289985588
10.9 3.53669265594775 114.807796586152 83.7537299094314 3.80296305418383 0.0498324112070323 -0.0813221402642386
11 3.59657611263307 114.76045583561 83.7170574550027 3.80307623087501 0.0477049114488741 -0.0855872096599983
11.1 3.65647780944912 114.713073049101 83.680409368662 3.80302532291692 0.0455941009697458 -0.0903035421248116
11.2 3.7163972960774 114.665649633088 83.6437853138486 3.80281771645876 0.0435002394832461 -0.0955774136878448
11.3 3.77633407825706 114.618186992363 83.6071849290572 3.80246074788665 0.041423559105062 -0.101509795754351
11.4 3.83628762115824 114.570686530133 83.5706078276366 3.80196170279443 0.0393642864269188 -0.108225885115382
11.5 3.89625735269603 114.523149648106 83.5340535975927 3.80132781495854 0.0373226466156884 -0.115882430645878
11.6 3.95624266678698 114.475577746578 83.4975218013908 3.80056626531292 0.0352988682842771 -0.1246777731185
11.7 4.01624292654627 114.427972224518 83.4610119757586 3.79968418092385 0.0332931894499714 -0.134865805451193
11.8 4.0762574674255 114.380334479654 83.4245236314887 3.79868863396489 0.031305865042299 -0.146775697456236
11.9 4.13628560029017 114.332665908564 83.3880562532414 3.79758664069173 0.0293371766477918 -0.160840260189166
12 4.19632661443602 114.284967906754 83.3516092993472 3.7963851604171 0.027387445538523 -0.177637534705724
12.1 4.25637978054133 114.237241868749 83.3151822016176 3.79509109449068 0.0254570387036768 -0.198056468715491
12.2 4.31644435349278 114.189489188093 83.2787743653608 3.79371128540948 0.02354636398405 -0.223336484793023
12.3 4.37651957498413 114.141711257154 83.2423851699179 3.79225251625958 0.0216559548355727 -0.255114057742044
12.4 4.43660467598711 114.093909466848 83.2060139694046 3.79072151028832 0.019786546295521 -0.295768236053558
12.5 4.49669887915521 114.04608520636 83.1696600934606 3.78912493048152 0.0179391735610963 -0.348858315876527
12.6 4.55680140116436 113.998239862868 83.1333228479989 3.78746937914074 0.0161153324819131 -0.419888344232599
12.7 4.61691145498984 113.950374821261 83.0970015159555 3.78576139746049 0.0143172524046906 -0.517701746378188
12.8 4.67702825212042 113.902491463862 83.0606953580383 3.78400746510544 0.0125483837597389 -0.657152328800934
12.9 4.73715100470935 113.85459117015 83.024403613477 3.78221399978769 0.0108143216747252 -0.864499035201965
13 4.79727892766322 113.80667531648 82.9881255007724 3.78038735684397 0.00912467908480213 -1.1889002944426
13.1 4.85741124066601 113.758745275802 82.9518602184555 3.77853382881677 0.00749721711623185 -1.72827684068552
13.2 4.91754717008841 113.710802417242 82.9156069461041 3.77665964513731 0.00596777140086018 -2.68342520783228
13.3 4.97768595070018 113.662848105357 82.8793648460112 3.77477097206669 0.00461519257393247 -4.42388943721249
13.4 5.03782682726968 113.61488369925 82.8431330651109 3.77287391273895 0.00361800950709996 0
13.5 5.09796905610034 113.566910551685 82.8069107369137 3.77097450720794 0.00328803521244499 0
13.6 5.15811190650846 113.518930008201 82.7706969834427 3.76907873249426 0.00378055536498758 0
13.7 5.21825466224092 113.470943406228 82.7344909171682 3.76719250263216 0.00483376551781278 -3.87661287571314
13.8 5.27839662283426 113.422952074197 82.6982916429441 3.76532166871645 0.00615321813556296 -2.37528756495053
13.9 5.3385371049146 113.374957330656 82.6620982599431 3.7634720189494 0.00759062096511224 -1.55045526744779
14 5.3986754434393 113.326960483384 82.6259098635923 3.76164927868766 0.00908116856505701 -1.07615249218581
14.1 5.45881099287851 113.278962828501 82.589725547517 3.75985911049066 0.0105948117005148 -0.785042728301755
14.2 5.51894312830795 113.230965649453 82.553544405692 3.75810711420748 0.0121162912922895 -0.59526451151703
14.3 5.57907124636584 113.182970215703 82.5173655351223 3.75639882716136 0.0136371493555171 -0.46513043221922
14.4 5.63919476612089 113.134977781293 82.4811880387314 3.75473972437276 0.0151523412221382 -0.372033632390061
14.5 5.69931312988204 113.086989583408 82.4450110282574 3.75313521878385 0.0166586703525502 -0.303008587874886
14.6 5.75942580395048 113.039006840931 82.4088336271501 3.751590661483 0.0181540038701558 -0.250242255076015
14.7 5.819532279314 112.991030753013 82.3726549734666 3.7501113419293 0.0196368529787154 -0.20882058543149
14.8 5.87963207228321 112.943062497625 82.3364742227687 3.74870248817703 0.0211061359052083 -0.17553660786136
14.9 5.93972472507054 112.895103230124 82.3002905510183 3.74736926710022 0.0225610376582732 -0.148229432046042
15 5.99980980631076 112.847154081813 82.2641031574745 3.74611678461708 0.0240009237967935 -0.125401925158856
15.1 6.05988691152331 112.7992161585 82.2279112675919 3.744950085913 0.0254252757693771 -0.1059707625406
15.2 6.11995566350852 112.751290539032 82.1917141359689 3.74387415562292 0.0268336250000675 -0.0891505127445645
15.3 6.18001571266295 112.703378273766 82.1555110494226 3.74289391791078 0.0282255582382697 -0.0743780333950995
15.4 6.24006673722753 112.655480383003 82.1193013301147 3.7420142365085 0.0296007117786757 -0.0612293848573645
15.5 6.30010844347495 112.607597855436 82.0830843386782 3.74123991475326 0.0309587609235875 -0.0493804174617807
15.6 6.36014056583733 112.559731646586 82.046859477345 3.74057569562495 0.0322994128385019 -0.0385797505954235
15.7 6.42016286697454 112.511882677244 82.0106261930725 3.74002626178346 0.0336224017729749 -0.0286298950527594
15.8 6.48017513778219 112.464051831911 81.9743839806715 3.73959623560607 0.0349274859677776 -0.019373837116035
15.9 6.54017719734098 112.416239957238 81.938132385933 3.73929017922484 0.0362144457915262 -0.0106853551130883
16 6.60016889280606 112.368447860469 81.9018710087553 3.73911259456391 0.0374830827931519 -0.00246193023686742
16.1 6.6601500992388 112.32067630788 81.8655995062656 3.73906792337374 0.0387332082792755 0.00532468584464093
16.2 6.72012071938597 112.272926023343 81.8293175957818 3.73916054718273 0.0399646098520687 0.0126971248820645
16.3 6.78008068341547 112.225197687169 81.7930250573735 3.73939478703934 0.0411770847185409 0.0197250419497015
16.4 6.84002994859883 112.177491935062 81.7567217362631 3.73977490317164 0.0423704508318824 0.0264669325555984
16.5 6.89996849893562 112.129809357085 81.7204075452215 3.74030509464367 0.0435445472261618 0.0329722840992168
16.6 6.9598963447198 112.082150496623 81.6840824669638 3.7409894990119 0.0446992346542674 0.0392832571585034
16.7 7.01981352204975 112.03451584934 81.6477465565448 3.74183219198156 0.0458343964797962 0.0454360094907381
16.8 7.07972009228282 111.986905862146 81.6113999437543 3.74283718706303 0.0469499397853089 0.0514617458337476
16.9 7.13961614143529 111.939320932156 81.5750428355133 3.74400843522824 0.0480457966685563 0.0573875555341644
17 7.19950177953035 111.891761405653 81.5386755182687 3.74534982456707 0.049121925704133 0.0632370843896445
17.1 7.25937713989477 111.844227577062 81.5022983603769 3.74686517994221 0.0501783163820348 0.0689442279902622
17.2 7.31924237841723 111.796719688153 81.4659118141562 3.74855826260519 0.051214996277983 0.0744493357221527
17.3 7.37909767278546 111.749237927863 81.4295164171018 3.75043276971361 0.0522320182729731 0.0797805372030416
17.4 7.43894322168978 111.701782432344 81.3931127927705 3.75249233380954 0.0532294572687872 0.0849624956870884
17.5 7.49877924398409 111.654353285029 81.3567016516528 3.75474052229638 0.0542074105554745 0.0900169071926578
17.6 7.55860597780688 111.606950516691 81.3202837920448 3.75718083691572 0.0551659983053385 0.0949629143781428
17.7 7.61842367966346 111.559574105511 81.2838601009207 3.75981671322424 0.0561053641742837 0.0998174509080735
17.8 7.67823262347269 111.512223977131 81.2474315548045 3.76265152007056 0.057025675994242 0.104595528748811
17.9 7.73803309957917 111.464900004726 81.210999220642 3.76568855907215 0.0579271265433789 0.109310478396182
18 7.79782541373418 111.417602009063 81.1745642566733 3.76893106409215 0.0588099343822628 0.113974150059472
18.1 7.85760988604793 111.370329758571 81.1381279132886 3.77238220071883 0.0596743668034998 0.118505796216152
18.2 7.91738684992504 111.32308296973 81.101691533475 3.77604506581103 0.0605208006068344 0.122829332694066
18.3 7.97715665100479 111.275861308233 81.0652565522222 3.77992268721134 0.0613496449803194 0.126961031098306
18.4 8.03691964609672 111.228664390462 81.0288244955181 3.78401802352533 0.0621613171404098 0.130915282896783
18.5 8.09667620210557 111.181491784969 80.9923969793295 3.78833396390326 0.0629562416079472 0.134704830592117
18.6 8.15642669494625 111.134343013966 80.9559757085818 3.79287332782188 0.0637348495587072 0.138340966705063
18.7 8.21617150845145 111.087217554811 80.9195624761396 3.7976388648662 0.0644975782353505 0.141833705625844
18.8 8.27591103327384 111.040114841491 80.8831591617861 3.80263325451118 0.0652448704102649 0.14519193253264
18.9 8.33564566578342 110.993034266107 80.8467677312041 3.80785910590356 0.0659771738902588 0.148423532841937
19 8.39537580696312 110.945975180363 80.8103902349556 3.8133189576436 0.0666949410556373 0.151535505106688
19.1 8.45510186130347 110.898936897062 80.7740288074481 3.81901527757428 0.0673986693021345 0.154458289924807
19.2 8.5148242357107 110.851918691894 80.7376856655321 3.82495046276484 0.068089015583767 0.157124131370457
19.3 8.57454333845301 110.804919805973 80.7013631061651 3.83112683998739 0.0687666593845369 0.159541379379177
19.4 8.63425957813756 110.757939448669 80.6650635037068 3.83754666638783 0.0694322583698052 0.16171750296312
19.5 8.69397336270834 110.710976800444 80.6287893072005 3.84421213016428 0.0700864468897842 0.163659222392705
19.6 8.75368509846588 110.664031015698 80.5925430376544 3.85112535124539 0.0707298346090731 0.16537262504632
19.7 8.81339518910736 110.617101225604 80.5563272853226 3.85828838196878 0.0713630052605089 0.166863266822803
19.8 8.87310403478851 110.570186540951 80.520144706987 3.86570320775942 0.0719865155218494 0.168136260871298
19.9 8.93281203120581 110.523286054987 80.483998023238 3.87337174780799 0.0726008940152329 0.169196355014986
20 8.99251956869916 110.476398846257 80.4478900157563 3.88129585574927 0.0732066404290793 0.17004799907783
20.1 9.05222703137479 110.429523981449 80.4118235245856 3.88947732035114 0.0738042772239911 0.170650449648219
20.2 9.11193479627086 110.382660518427 80.3758014451952 3.89791786647864 0.0743945007475162 0.170962765719375
20.3 9.17164323260852 110.335807509722 80.339826725006 3.90661915675647 0.0749780132322897 0.170988826247626
20.4 9.23135270110401 110.288964006202 80.3039023597066 3.91558279350661 0.0755554680821634 0.170732447419726
20.5 9.29106355332142 110.242129060753 80.2680313895597 3.92481032069651 0.0761274692424823 0.170197438932705
20.6 9.3507761310627 110.195301731961 80.2322168957102 3.93430322588732 0.0766945708194145 0.16938764926073
20.7 9.41049076579329 110.148481087788 80.196461996492 3.94406294218205 0.0772572769500304 0.168307000711159
20.8 9.47020777810107 110.101666209256 80.1607698437357 3.95409085017378 0.0778160419244444 0.166959515173965
20.9 9.52992747718643 110.054856194127 80.1251436190755 3.96438827989387 0.0783712705595066 0.165349331274483
21 9.5896501603807 110.008050160576 80.0895865302568 3.97495651276018 0.0789233188229373 0.163480713755994
21.1 9.64937611269212 109.961247250881 80.0541018074427 3.98579678353271 0.0794725342987454 0.161349248700871
21.2 9.70910560640644 109.914446635117 80.0186926995043 3.9969102824644 0.0800193746399137 0.158949722815453
21.3 9.76883890079478 109.867647514906 79.983362470268 4.00829815794702 0.0805642875037718 0.156285488336599
21.4 9.82857624188829 109.82084912718 79.9481143947471 4.01996151935203 0.081107671977882 0.153360145575293
21.5 9.88831786228954 109.774050747954 79.9129517553724 4.03190143987909 0.0816498802202659 0.150177531826107
21.6 9.9480639810174 109.727251696089 79.8778778382221 4.04411895940444 0.0821912193672432 0.146741705402756
21.7 10.0078148033823 109.680451337062 79.842895929253 4.05661508732936 0.0827319537034538 0.143056925464275
21.8 10.0675705208896 109.633649086732 79.8080093105307 4.06939080542856 0.0832723070859217 0.139127628514005
21.9 10.1273313111687 109.586844415107 79.7732212564601 4.08244707069865 0.0838124656146898 0.13495840223261
22 10.1870973379251 109.540036850112 79.7385350300161 4.09578481820658 0.084352580540875 0.130553957469494
22.1 10.246868750915 109.493225981352 79.7039538789788 4.10940496393734 0.0848927779379029 0.125942607656019
22.2 10.3066456859745 109.44641146373 79.669481032294 4.12330840762469 0.0854331835542143 0.1211517520173
22.3000000000001 10.3664282651567 109.399593020701 79.6351196967522 4.13749603553823 0.0859739097175345 0.116184862281695
22.4000000000001 10.4262165969247 109.352770447387 79.6008730537918 4.15196872325347 0.0865150522404107 0.111045468764916
22.5000000000001 10.4860107763612 109.305943613678 79.5667442563083 4.16672733842116 0.0870566934847854 0.105737139554323
22.6000000000001 10.5458108853954 109.259112467348 79.5327364254624 4.18177274353662 0.087598905553798 0.100263461560659
22.7000000000001 10.605616993045 109.212277037154 79.4988526474891 4.19710579870914 0.0881417536040606 0.0946280237927987
22.8000000000001 10.6654291556718 109.165437435943 79.4650959705062 4.21272736443132 0.0886852992705293 0.0888344031606747
22.9000000000001 10.7252474172523 109.118593863765 79.4314694013227 4.22863830434839 0.089229604198192 0.0828861531021562
23.0000000000001 10.7850718096612 109.071746610972 79.3979759022477 4.24483948802763 0.0897747336729523 0.0767867952544131
23.1000000000001 10.8449023529696 109.024896061321 79.3646183879073 4.26133179371761 0.0903207299870576 0.0705879945255208
23.2000000000001 10.9047390557697 108.978042694801 79.3313997222764 4.27811611084626 0.0908675278179187 0.0643401004318534
23.3000000000001 10.9645819155431 108.931187089804 79.2983227162573 4.29519334185569 0.0914150529778001 0.0580445428444339
23.4000000000001 11.0244309190425 108.884329925017 79.2653901254726 4.31256440377574 0.0919632555793322 0.0517026411630708
23.5000000000001 11.0842860426722 108.837471981322 79.2326046480671 4.33023022978745 0.0925121120926053 0.0453156201272858
23.6000000000001 11.14414725287 108.790614143679 79.1999689225093 4.34819177078662 0.0930616274044619 0.0388846272798518
23.7000000000001 11.2040145064893 108.74375740302 79.1674855253929 4.36644999694726 0.0936118368788311 0.0324107520278816
23.8000000000001 11.2638877511864 108.696902858139 79.1351569692387 4.38500589928509 0.0941628084174262 0.0258950462410936
23.9000000000001 11.3237669258125 108.650051717583 79.102985700296 4.4038604912211 0.0947146445194476 0.0193385463746323
24.0000000000001 11.3836519608141 108.603205301539 79.0709740963441 4.42301481014498 0.0952674843384727 0.0127422970417757
24.1000000000001 11.4435427786433 108.556365043717 79.0391244645051 4.44246991896323 0.0958214572783671 0.00616875668603462
24.2000000000001 11.5034392941625 108.509532492887 79.007439039336 4.46222690724598 0.0963765401522122 -0.00032152532231279
24.3000000000001 11.5633414150111 108.462709313572 78.9759199816332 4.48228689135527 0.0969327042705679 -0.00673036645067702
24.4000000000001 11.6232490419463 108.415897286395 78.9445693775164 4.50265101417208 0.097489963615495 -0.0130595850583009
24.5000000000001 11.6831620691758 108.369098308425 78.9133892375241 4.52332044480795 0.0980483743213826 -0.0193109712716836
24.6000000000001 11.7430803846857 108.322314393513 78.8823814957083 4.54429637831663 0.0986080341676178 -0.0254862602729554
24.7000000000001 11.803003870566 108.275547672634 78.85154800873 4.56558003540561 0.0991690820816914 -0.031587107834615
24.8000000000001 11.8629324033378 108.228800394227 78.8208905549538 4.58717266214779 0.0997316976505484 -0.0376150679377888
24.9000000000001 11.9228658542833 108.182074924531 78.7904108335432 4.60907552969307 0.100296100637536 -0.0435715723128596
25.0000000000001 11.982804089784 108.135373747932 78.7601104635558 4.63128993397994 0.100862550502084 -0.0494579117737875
25.1000000000001 12.0427469716682 108.088699467283 78.7299909830512 4.65381719543286 0.101431307627855 -0.0552136622308408
25.2000000000001 12.102694357531 108.042054803884 78.7000538485385 4.67665865828794 0.102002515164633 -0.0607804959595601
25.3000000000001 12.1626461009642 107.995442596576 78.6703004352838 4.69981568897553 0.102576307486045 -0.066162639686246
25.4000000000001 12.2226020517433 107.948865800483 78.6407320379575 4.7232896741312 0.103152845195535 -0.071364191371887
25.5000000000001 12.2825620560105 107.902327485742 78.6113498712945 4.74708201859241 0.103732312546981 -0.0763891160896542
25.6000000000001 12.342525956456 107.855830836233 78.5821550707539 4.77119414339523 0.104314914984877 -0.0812412445108251
25.7000000000001 12.4024935924997 107.809379148312 78.5531486931794 4.79562748377103 0.104900876798788 -0.0859242736258444
25.8000000000001 12.4624648004754 107.762975829536 78.524331717459 4.82038348714315 0.105490438887062 -0.0904417692770024
25.9000000000001 12.5224394138178 107.716624397398 78.4957050451855 4.84546361112359 0.106083856625689 -0.0947971702614308
26.0000000000001 12.5824172632559 107.670328478054 78.4672695013162 4.87086932150975 0.106681397838386 -0.0989937936421772
26.1000000000001 12.64239817701 107.624091805046 78.4390258348462 4.89660209027361 0.107283331879817 -0.102987334799055
26.2000000000001 12.7023819809716 107.577918217737 78.4109747198194 4.92266339335718 0.107889896173598 -0.106734987764307
26.3000000000001 12.7623684988213 107.531811659038 78.3831167571984 4.94905470797586 0.108501312663139 -0.11024217089228
26.4000000000001 12.8223575521235 107.485776172859 78.3554524770724 4.97577750972803 0.109117792847142 -0.113514235724585
26.5000000000001 12.8823489604226 107.439815901541 78.327982340878 5.00283326969717 0.109739535173946 -0.116556481253667
26.6000000000001 12.9423425413392 107.393935083291 78.3007067436201 5.03022345155393 0.110366722671987 -0.119374167090737
26.7000000000001 13.0023381106669 107.348138049621 78.2736260160928 5.05794950865828 0.110999520810725 -0.121972525292271
26.8000000000001 13.0623354824661 107.302429222781 78.2467404271003 5.0860128811616 0.111638075586257 -0.124356770743262
26.9000000000001 13.1223344691568 107.256813113196 78.2200501856779 5.1144149931088 0.11228251182604 -0.126532109945799
27.0000000000001 13.1823348816045 107.211294316901 78.1935554433125 5.14315724954042 0.112932931707342 -0.128503748154742
27.1000000000001 13.2423365292011 107.165877512972 78.1672562961738 5.17224103359541 0.113589432823492 -0.130249802199072
27.2000000000001 13.3023392199629 107.120567460785 78.1411527875963 5.20166770363037 0.114252160776082 -0.131748893187823
27.3000000000001 13.3623427606852 107.07536899685 78.1152449112019 5.23143859038096 0.11492124242942 -0.133007010397793
27.4000000000001 13.4223469571218 107.030287031483 78.0895326142745 5.26155499413971 0.115596764358605 -0.134030180602481
27.5000000000001 13.4823516141602 106.985326545461 78.0640158011434 5.29201818193463 0.1162787719775 -0.134824470417696
27.6000000000001 13.5423565359919 106.940492586686 78.0386943365681 5.32282938470764 0.116967268939245 -0.135395985590574
27.7000000000001 13.6023615262699 106.895790266842 78.0135680491216 5.35398979449317 0.117662216801717 -0.13575086742713
27.8000000000001 13.6623663882522 106.85122475806 77.988636734575 5.38550056159665 0.118363534947681 -0.135895286608984
27.9000000000001 13.7223709249261 106.806801289573 77.9639001592813 5.41736279177302 0.119071100752177 -0.135835434646915
28.0000000000001 13.7823749391093 106.762525144383 77.9393580635595 5.44957754340531 0.119784749986044 -0.135577513258506
28.1000000000001 13.8423782335266 106.718401655911 77.9150101650814 5.48214582468823 0.120504302512772 -0.135121099162228
28.2000000000001 13.9023806109484 106.674436204594 77.8908561623333 5.51506859094542 0.12122963548555 -0.134465520216559
28.3000000000001 13.9623818745348 106.630634214298 77.8668957382667 5.54834674228562 0.121960604079284 -0.133616610600774
28.4000000000001 14.0223818282491 106.587001148667 77.8431285640243 5.58198112139239 0.12269701668122 -0.13258020039553
28.5000000000001 14.0823802772485 106.54354250747 77.8195543026682 5.61597251131898 0.123438636052991 -0.131362100245031
28.6000000000001 14.1423770282426 106.500263822946 77.7961726129084 5.65032163328318 0.124185180693343 -0.129968084803509
28.7000000000001 14.2023718898163 106.457170656152 77.772983152831 5.68502914446219 0.124936326391079 -0.128403875293935
28.8000000000001 14.2623646727111 106.414268593308 77.7499855836273 5.72009563578748 0.125691707958481 -0.126675121457463
28.9000000000001 14.3223551900605 106.371563242141 77.7271795733216 5.75552162973964 0.126450921135588 -0.124787383187409
29.0000000000001 14.3823432575735 106.329060228236 77.7045648005001 5.79130757814327 0.127213524655025 -0.122746112104038
29.1000000000001 14.442328693669 106.286765191378 77.6821409580315 5.82745385996741 0.127979050499456 -0.120572779216704
29.2000000000001 14.502311319702 106.244683781918 77.6599077565856 5.8639607792722 0.128747029639747 -0.118288089204612
29.3000000000002 14.5622909605138 106.202821657172 77.6378649276404 5.9008285635263 0.129516968837555 -0.115896154040654
29.4000000000002 14.6222674450717 106.161184477844 77.6160122262865 5.93805736207052 0.130288344450705 -0.113400944808785
29.5000000000002 14.682240607047 106.119777904439 77.5943494340242 5.97564724458708 0.131060604519239 -0.110806279474698
29.6000000000002 14.7422102853219 106.078607593688 77.5728763615607 6.01359819956874 0.131833170929114 -0.108115811443889
29.7000000000002 14.8021763244215 106.037679194961 77.5515928516071 6.0519101327881 0.132605441650385 -0.105333018950965
29.8000000000002 14.8621385748656 105.996998346691 77.5304987816752 6.09058286576679 0.133376793044338 -0.102461195326803
29.9000000000002 14.9220968934386 105.956570672789 77.5095940668747 6.12961613424467 0.134146582237024 -0.0995034401521304
30.0000000000002 14.9820511433717 105.916401779065 77.4888786627105 6.16900958664909 0.134914149556323 -0.0964626513022295
30.1000000000002 15.0420011944429 105.87649724965 77.4683525678614 6.20876278256965 0.1356788186344 -0.0933776600356635
30.2000000000002 15.1019469231623 105.836862643531 77.4480158265025 6.24887519137784 0.136439892269226 -0.0902860759305137
30.3000000000002 15.1618882133176 105.797503491359 77.427868529463 6.28934619121426 0.137196662489076 -0.0871886900210991
30.4000000000002 15.2218249565984 105.75842529237 77.407910814928 6.33017506812078 0.137948414504403 -0.0840861370845698
30.5000000000002 15.281757053124 105.719633511314 77.3881428691216 6.37136101517812 0.138694428105059 -0.0809788982974802
30.6000000000002 15.3416844118673 105.681133575374 77.3685649269897 6.41290313164358 0.139433979082261 -0.0778673040207743
30.7000000000002 15.4016069509707 105.642930871095 77.3491772728837 6.45480042208866 0.14016634067516 -0.0747515366310829
30.8000000000002 15.4615245979526 105.605030741308 77.3299802412438 6.49705179553674 0.140890785043189 -0.0716316333876666
30.9000000000002 15.5214372898048 105.567438482056 77.3109742172823 6.53965606460072 0.141606584764994 -0.0685074892627558
31.0000000000002 15.5813449729758 105.530159339517 77.2921596376665 6.5826119446207 0.142313014364981 -0.0653788597234859
31.1000000000002 15.6412476032485 105.493198506934 77.2735369911816 6.62591805280765 0.14300935505113 -0.0622880097314033
31.2000000000002 15.7011451456729 105.456561121734 77.2551068188482 6.66957290754314 0.143694905614984 -0.059276030194709
31.3000000000002 15.7610375748185 105.420252263092 77.2368697126591 6.7135749280754 0.144368973389614 -0.056340799539194
31.4000000000002 15.8209248750832 105.384276949683 77.2188263137709 6.75792243437143 0.145030871221431 -0.053480184005697
31.5000000000002 15.8808070408958 105.34864013744 77.200977310675 6.80261364697512 0.14567991766912 -0.0506920433226455
31.6000000000002 15.9406840768033 105.313346717308 77.183323437369 6.8476466868654 0.146315437263232 -0.0479742356159276
31.7000000000002 16.0005559974441 105.278401513006 77.1658654715272 6.89301957531433 0.146936760823604 -0.0453246216228175
31.8000000000002 16.0604228274057 105.243809278781 77.148604232672 6.93873023374528 0.147543225832551 -0.0427410682567185
31.9000000000002 16.1202846009671 105.209574697167 77.1315405803448 6.98477648359099 0.148134176863936 -0.040221451594827
32.0000000000002 16.1801413617255 105.175702376739 77.114675412277 7.03115604615176 0.148708966061967 -0.0377636593153003
32.1000000000002 16.2399931621131 105.142196849879 77.0980096625446 7.07786654246023 0.149266969193537 -0.0353992293279364
32.2000000000002 16.2998400629509 105.109062570727 77.0815442992944 7.12490549331978 0.149807630938081 -0.0331590659702091
32.3000000000002 16.3596821332804 105.076303913583 77.0652803213827 7.17227031978357 0.150330415227759 -0.0310402153752351
32.4000000000002 16.4195194502456 105.043925171508 77.0492187545859 7.21995834380723 0.150834788949781 -0.0290398558413529
32.5000000000002 16.4793520988797 105.011930554921 77.0333606477946 7.2679667889082 0.151320221685587 -0.0271552980012805
32.6000000000002 16.5391801717908 104.980324190199 77.0177070692073 7.31629278082501 0.151786185551143 -0.0253839848000837
32.7000000000002 16.5990037687466 104.94911011828 77.0022591025248 7.36493334817666 0.152232155135645 -0.0237234913663888
32.8000000000002 16.6588229961574 104.918292293258 76.987017843144 7.41388542312195 0.152657607531098 -0.0221715248407442
32.9000000000002 16.7186379664582 104.88787458099 76.9719843943517 7.46314584201881 0.153062022450495 -0.0207259242198091
33.0000000000002 16.778448797388 104.857860757693 76.9571598635193 7.51271134608359 0.153444882428418 -0.0193846602869051
33.1000000000002 16.8382556111741 104.828254508548 76.94254535829 7.56257858205809 0.153805706402662 -0.0181599215896958
33.2000000000002 16.898058533747 104.799059426453 76.9281419826161 7.61274410307475 0.154144147225213 -0.0170638240830208
33.3000000000002 16.9578576942042 104.770279011124 76.9139508324099 7.66320437002516 0.154459887088669 -0.0160944728550407
33.4000000000002 17.0176532243333 104.741916668353 76.8999729910438 7.71395575312688 0.154752603497162 -0.0152501637085596
33.5000000000002 17.0774452580716 104.713975709262 76.8862095248438 7.76499453349784 0.155021969304844 -0.0145293815315493
33.6000000000002 17.1372339308954 104.686459349553 76.8726614785834 7.81631690473073 0.155267652852202 -0.0139307993399716
33.7000000000002 17.1970193791392 104.659370708774 76.859329870978 7.86791897446747 0.155489318198479 -0.013453278028899
33.8000000000002 17.2568017392445 104.632712809567 76.8462156901778 7.91979676597357 0.155686625445433 -0.0130958668469626
33.9000000000002 17.3165811469371 104.606488576927 76.8333198892626 7.97194621971259 0.155859231148695 -0.0128578046288158
34.0000000000002 17.3763577363344 104.580700837458 76.8206433817352 8.02436319492053 0.156006788814933 -0.0127385218114221
34.1000000000002 17.4361316389837 104.555352318632 76.8081870370224 8.07704347118827 0.156129000773369 -0.0127285516255949
34.2000000000002 17.4959029829413 104.530445648132 76.7959516761662 8.12998275025255 0.156225769903147 -0.0128185782826635
34.3000000000002 17.5556718920778 104.505983353412 76.7839380679947 8.18317665831641 0.156297041302573 -0.0130085316483041
34.4000000000002 17.6154384854662 104.481967861337 76.7721469254834 8.23662074857808 0.15634275054166 -0.0132985123428325
34.5000000000002 17.6752028767528 104.458401497827 76.7605789021234 8.29031050376803 0.156362823944708 -0.0136887931409578
34.6000000000002 17.7349651735066 104.43528648751 76.7492345882898 8.34424133868586 0.156357178934724 -0.0141798212515205
34.7000000000002 17.7947254765457 104.412624953357 76.7381145076099 8.39840860273737 0.156325724439785 -0.01477222147181
34.8000000000002 17.8544838792417 104.390418916336 76.7272191133312 8.45280758247146 0.156268361360331 -0.015466800236538
34.9000000000002 17.9142404668001 104.368670295053 76.7165487846903 8.50743350411712 0.156184983099186 -0.0162645505812538
35.0000000000002 17.9739953155175 104.347380905401 76.7061038232805 8.56228153612043 0.156075476153436 -0.0171666580419025
35.1000000000002 18.033748492018 104.326552460203 76.6958844494374 8.61734679168856 0.155939779140286 -0.0181478499316332
35.2000000000002 18.0935000525521 104.306186568888 76.6858907990649 8.67262433151646 0.155778055818069 -0.0191827760148856
35.3000000000002 18.1532500425088 104.286284737235 76.6761229215798 8.72810916697743 0.155590515407676 -0.020272727402134
35.4000000000002 18.2129984960399 104.266848367146 76.6665807782979 8.78379626349638 0.155377353457715 -0.0214190967562649
35.5000000000002 18.2727454357192 104.247878756418 76.6572642408359 8.83968054393009 0.155138751773632 -0.0226233831465809
35.6000000000002 18.3324908722348 104.229377098516 76.6481730895146 8.89575689194757 0.154874878383699 -0.0238871974306725
35.7000000000002 18.3922348041116 104.211344482348 76.6393070117611 8.95202015541026 0.154585887545119 -0.0252122681894322
35.8000000000002 18.4519772174645 104.193781892033 76.6306656005115 9.00846514975239 0.154271919790817 -0.0266004482570376
35.9000000000002 18.5117180857811 104.176690206681 76.6222483526135 9.06508666136122 0.153933102018948 -0.0280537218638918
36.0000000000002 18.5714573697325 104.160070200161 76.6140546672287 9.12187945095736 0.153569547628715 -0.0295742124447091
36.1000000000002 18.6311950170138 104.143922540876 76.6060838442567 9.17883825697964 0.153181410560085 -0.031129241853635
36.2000000000002 18.6909309622578 104.128247791529 76.5983350833002 9.23595779908872 0.152769044386481 -0.0326855711123298
36.3000000000002 18.7506651271051 104.113046408875 76.5908074840088 9.29323278197235 0.152332835765979 -0.0342445938784988
36.4000000000002 18.810397420391 104.098318743465 76.5835000469641 9.35065789926943 0.151873149144688 -0.0358077112811179
36.5000000000002 18.8701277384088 104.08406503939 76.5764116745867 9.40822783749851 0.15139032598412 -0.0373763379274303
36.6000000000003 18.9298559652481 104.07028543403 76.569541172042 9.4659372799865 0.15088468403384 -0.038951908007118
36.7000000000003 18.9895819732045 104.056979957795 76.5628872481474 9.52378091079719 0.150356516654966 -0.0405358815458584
36.8000000000003 19.0493056232597 104.04414853387 76.5564485162785 9.58175341865988 0.149806092191074 -0.0421297508408114
36.9000000000003 19.1090267656293 104.031790977961 76.5502234952751 9.63984950089795 0.149233653394176 -0.043735047114847
37.0000000000003 19.1687452403765 104.019906998043 76.5442106103486 9.6980638673575 0.148639416900996 -0.0453533474418654
37.1000000000003 19.2284608780891 104.008496194096 76.5384081940077 9.75639124433703 0.148023615446025 -0.0469508495358735
37.2000000000003 19.2881735006007 103.997558057842 76.5328144875066 9.81482637854658 0.147386623507131 -0.0484927270693218
37.3000000000003 19.3478829217423 103.987091972428 76.5274276436155 9.87336404114138 0.146728824990591 -0.0499789827391062
37.4000000000003 19.4075889481672 103.977097212098 76.5222457299122 9.93199903178488 0.146050568807176 -0.0514095196590257
37.5000000000003 19.467291380269 103.967572941865 76.5172667320944 9.99072618271298 0.14535216766001 -0.0527841448602976
37.6000000000003 19.5269900131899 103.958518217182 76.5124885572913 10.0495403627981 0.144633896921129 -0.0541025723231911
37.7000000000003 19.5866846379151 103.949931983613 76.5079090373755 10.1084364816136 0.143895993599977 -0.0553644255493061
37.8000000000003 19.6463750424507 103.941813076505 76.5035259322748 10.1674094934976 0.143138655405213 -0.0565692396362089
37.9000000000003 19.706061013081 103.934160220655 76.4993369332842 10.2264544016175 0.142362039902438 -0.0577164628456248
38.0000000000003 19.765742335701 103.926972029988 76.4953396663779 10.2855662620338 0.141566263768956 -0.0588054576270821
38.1000000000003 19.825418797218 103.920247007219 76.4915316955362 10.3447401877614 0.140751427906147 -0.0598064349426566
38.2000000000003 19.8850901869175 103.91398354351 76.487910526471 10.4039713527477 0.139917694175317 -0.0606883663745778
38.3000000000003 19.9447562976382 103.908179918054 76.4844736113631 10.4632549956406 0.139065207415954 -0.0614485142871073
38.4000000000003 20.0044169269229 103.902834297653 76.481218353997 10.5225864234732 0.138194068790076 -0.0620838989071225
38.5000000000003 20.0640718782464 103.897944736283 76.4781421149118 10.5819610153464 0.13730433500856 -0.0625912889941536
38.6000000000003 20.1237209623185 103.893509174666 76.4752422165512 10.6413742261102 0.136396017723208 -0.0629671903701504
38.7000000000003 20.1833639984593 103.889525439836 76.4725159484147 10.7008215900463 0.135469083090731 -0.0632078320773137
38.8000000000003 20.2430008160421 103.885991244715 76.4699605722077 10.7602987245494 0.134523451514968 -0.0633091499101281
38.9000000000003 20.3026312560004 103.882904187677 76.467573326992 10.8198013338094 0.133558997573836 -0.06326676703093
39.0000000000003 20.362255172395 103.880261752122 76.4653514343369 10.8793252124935 0.13257555013836 -0.0630759713374713
39.1000000000003 20.4218724340301 103.878061306044 76.4632921034742 10.9388662494203 0.131572908797804 -0.062722596598772
39.2000000000003 20.4814829259198 103.876300101638 76.4613925365878 10.9984204310368 0.130550896213788 -0.0621915629280081
39.3000000000003 20.5410865502948 103.874975274998 76.4596499344426 11.0579838443941 0.129509316484702 -0.0614761480848982
39.4000000000003 20.6006832274642 103.874083845853 76.4580615021467 11.1175526799254 0.128447940440497 -0.0605690984793821
39.5000000000003 20.6602728967272 103.873622717294 76.4566244549187 11.1771232342168 0.12736650638005 -0.0594625814896427
39.6000000000003 20.719855517339 103.873588675514 76.4553360238553 11.236691912778 0.126264721066708 -0.0581481313219394
39.7000000000003 20.7794310695298 103.873978389542 76.454193461699 11.2962552328125 0.125142260995611 -0.0566165876380786
39.8000000000003 20.8389995555743 103.874788410973 76.4531940486053 11.3558098259887 0.123998773951543 -0.0548580260741689
39.9000000000003 20.8985610009102 103.876015173707 76.4523350979102 11.4153524412101 0.122833880879463 -0.0528616796924324
40.0000000000003 20.9581154553048 103.87765499368 76.4516139618978 11.4748799473862 0.121647178088442 -0.0506158502606471
40.1000000000003 21.0176629940561 103.879704068609 76.4510280375575 11.5343893361911 0.120438270883166 -0.0481383188889959
40.2000000000003 21.0772037189458 103.882158477956 76.4505747720669 11.5938777245165 0.119206876732361 -0.0454472897099271
40.3000000000003 21.1367377584975 103.885014183463 76.4502516675823 11.6533423561465 0.117952746940722 -0.0425301770549175
40.4000000000003 21.1962652680052 103.888267029906 76.4500562857548 11.7127806031272 0.116675639417778 -0.0393732912267569
40.5000000000003 21.2557864296207 103.891912745863 76.4499862522363 11.7721899671242 0.11537532099381 -0.0359617225153392
40.6000000000003 21.3153014525114 103.895946944476 76.4500392611852 11.8315680807797 0.114051570083851 -0.0322792115605239
40.7000000000003 21.37481057309 103.900365124218 76.4502130797727 11.89091270907 0.112704179743075 -0.0283080043895118
40.8000000000003 21.4343140553183 103.905162669655 76.4505055526882 11.9502217506628 0.111332961152823 -0.0240286903418524
40.9000000000003 21.4938121910864 103.910334852215 76.4509146066457 12.009493239275 0.10993774759134 -0.0194200208628805
41.0000000000003 21.5533053006698 103.915876830948 76.4514382548894 12.0687253450298 0.108518398946845 -0.0144587069655718
41.1000000000003 21.6127937332525 103.921783653313 76.4520746016735 12.1279163757985 0.107074867754245 -0.00920032199963347
41.2000000000003 21.6722778671755 103.928050256414 76.4528218460646 12.1870647781435 0.105607393576073 -0.00370405866723511
41.3000000000003 21.7317581093765 103.934671469392 76.4536782840222 12.2461691372468 0.104116334734456 0.00205083558284024
41.4000000000003 21.7912348945943 103.941642016279 76.4546423098028 12.3052281764385 0.10260211117621 0.00808688030511226
41.5000000000003 21.8507086846915 103.94895651886 76.4557124173368 12.3642407567106 0.101065207009761 0.0144285352114802
41.6000000000003 21.9101799681104 103.956609499545 76.4568872016057 12.423205876231 0.099506173553051 0.0211023896326303
41.7000000000003 21.9696492594654 103.964595384232 76.4581653600197 12.4821226698564 0.0979256329546382 0.0281373690756969
41.8000000000003 22.0291170992735 103.972908505176 76.4595456937947 12.5409904086466 0.0963242824557112 0.035564959509328
41.9000000000003 22.0885840538249 103.981543103858 76.4610271093297 12.5998084993776 0.0947028993763795 0.043419449567005
42.0000000000003 22.1480507151961 103.990493333847 76.4626086195844 12.6585764840555 0.0930623469103846 0.0517381902840389
42.1000000000003 22.2075177013924 103.999753263693 76.4642893454207 12.7172940394131 0.0914036470032577 0.060435656445225
42.2000000000003 22.2669856562674 104.009316880357 76.4660685160328 12.7759609759724 0.0897281832712568 0.0694164846765306
42.3000000000003 22.3264552486674 104.019178094036 76.4679454670597 12.8345772360019 0.0880375012180959 0.0787066990444791
42.4000000000003 22.3859271713851 104.029330743525 76.4699196377852 12.8931428910399 0.0863332417343343 0.0883336382012015
42.5000000000003 22.445402140282 104.039768601605 76.4719905683031 12.9516581394012 0.084617141604017 0.0983259672964699
42.6000000000003 22.5048808935912 104.050485380432 76.4741578966819 13.0101233036828 0.082891034491165 0.108713665067872
42.7000000000003 22.564364191395 104.061474736923 76.47642135613 13.0685388282706 0.081156852417537 0.119527977749232
42.8000000000003 22.6238528152771 104.072730278141 76.4787807721602 13.1269052768458 0.0794166277396376 0.130801329332828
42.9000000000003 22.6833475681418 104.084245566687 76.4812360597555 13.1852233298907 0.0776724956255347 0.142567175352479
43.0000000000003 22.7428492741963 104.096014126083 76.4837872205329 13.2434937821958 0.0759266970269878 0.154859784388883
43.1000000000003 22.8023587790781 104.108029446175 76.4864343398742 13.3017175403494 0.0741816036175865 0.167562442100886
43.2000000000003 22.8618769497691 104.120284988939 76.48917758313 13.3598956198161 0.072439769133531 0.180538542361713
43.3000000000003 22.9214046737359 104.132774195284 76.4920171894811 13.4180291409662 0.0707038334712077 0.193790188300068
43.4000000000003 22.9809428578506 104.145490492272 76.4949534648737 13.4761193246927 0.0689764885602523 0.207315213709448
43.5000000000003 23.040492427436 104.158427300343 76.4979867749207 13.5341674880134 0.0672604686438588 0.221106371497299
43.6000000000004 23.1000543254345 104.171578040537 76.5011175378018 13.5921750396711 0.0655585396827906 0.23515042685223
43.7000000000004 23.1596295116915 104.184936141725 76.5043462171644 13.6501434757358 0.0638734876958564 0.249427157960584
43.8000000000004 23.2192189623383 104.198495047833 76.5076733150241 13.7080743752055 0.062208105841974 0.263908272799239
43.9000000000004 23.2788236692636 104.212248225072 76.5110993646654 13.7659693956075 0.0605651800378093 0.278556258085701
44.0000000000004 23.3384446396589 104.226189169159 76.5146249235422 13.8238302685999 0.0589474729053575 0.293323185901521
44.1000000000004 23.3980828956124 104.240311412552 76.5182505661522 13.8816587955601 0.0573576552065565 0.308026258586453
44.2000000000004 23.4577394734096 104.254608531739 76.5219768762255 13.9394568428512 0.0557981115956689 0.322457040396034
44.3000000000004 23.5174154219974 104.269074154696 76.5258044371739 13.9972263362667 0.054271027444557 0.336510817993412
44.4000000000004 23.5771118011138 104.283701968409 76.5297338218545 14.0549692551542 0.052778401764059 0.350069818857527
44.5000000000004 23.6368296793925 104.298485726392 76.5337655823066 14.1126876265246 0.0513220132464958 0.363003547877411
44.6000000000004 23.6965701324402 104.313419256216 76.5379002394892 14.1703835191629 0.0499033853497176 0.375169584499091
44.7000000000004 23.7563342408747 104.328496467028 76.5421382730184 14.228059037738 0.0485237509942467 0.386414894899511
44.8000000000004 23.8161230883069 104.343711357076 76.5464801109042 14.2857163169131 0.0471840176066031 0.396577688588353
44.9000000000004 23.8759377592551 104.359058021231 76.5509261192883 14.3433575154554 0.0458847334068022 0.405489812776238
45.0000000000004 23.9357793369786 104.37453065851 76.5554765921807 14.400984810347 0.0446260559813149 0.412979631361349
45.1000000000004 23.9956489012088 104.390123579588 76.5601317411906 14.4586003908881 0.0434076469431627 0.41889152372023
45.2000000000004 24.0555475255136 104.405831213971 76.5648916850682 14.5162064526347 0.0422284174012769 0.42308717895736
45.3000000000004 24.1154762738783 104.421648116336 76.569756438773 14.5738051909155 0.041086745124603 0.425427754702918
45.4000000000004 24.1754361968871 104.437568972525 76.5747259023536 14.6313987941814 0.0399805439901052 0.42578661353812
45.5000000000004 24.2354283277489 104.453588605539 76.5797998498209 14.6889894373496 0.0389072641549951 0.424051420919721
45.6000000000004 24.2954536781724 104.469701981522 76.5849779180213 14.7465792751477 0.0378639010882137 0.420125225998925
45.7000000000004 24.3555132340885 104.485904215749 76.5902595955094 14.8041704354574 0.0368470138601111 0.413926240011127
45.8000000000004 24.4156079512181 104.502190578616 76.5956442114213 14.8617650126581 0.0358527528081013 0.405386056225765
45.9000000000004 24.4757387504845 104.518556501628 76.6011309243476 14.919365060971 0.0348768964295332 0.394446090898868
46.0000000000004 24.5359065132731 104.534997583383 76.6067187112063 14.9769725878031 0.0339148971460578 0.381052053333823
46.1000000000004 24.5961120765377 104.551509595542 76.6124063561335 15.0345895470916 0.0329619363177643 0.36538917434593
46.2000000000004 24.6563562276447 104.568088488121 76.6181924398253 15.0922178326723 0.0320130164520481 0.347660286465962
46.3000000000004 24.7166396987875 104.584730393117 76.6240753300256 15.1498592717072 0.0310630703167901 0.327818357118088
46.4000000000004 24.7769631611591 104.601431627465 76.6300531724668 15.2075156181359 0.0301070292493966 0.305782155926787
46.5000000000004 24.837327219009 104.61818869597 76.636123881826 15.2651885461273 0.0291398896816279 0.281421077699951
46.6000000000004 24.8977324036034 104.634998294241 76.642285132683 15.3228796435319 0.0281567859619784 0.254536214739014
46.7000000000004 24.9581791671053 104.651857311622 76.648534350477 15.3805904053339 0.0271530721398162 0.224836186836432
46.8000000000004 25.0186678763912 104.668762834127 76.6548687024641 15.4383222271031 0.0261244170985153 0.191905480420503
46.9000000000004 25.0791988068246 104.685712147374 76.6612850886742 15.4960763984468 0.0250669199647083 0.155161957587006
47.0000000000004 25.1397721360077 104.702702739514 76.6677801328683 15.5538540964625 0.0239772565127908 0.113798632268484
47.1000000000004 25.2003879375363 104.719732304132 76.6743501735366 15.6116563791983 0.0228529971504664 0.0671908881671163
47.2000000000004 25.2610461748831 104.7367987423 76.6809912559535 15.669484179352 0.0216932398187159 0.0144079105117267
47.3000000000004 25.3217466955967 104.753900162453 76.6876991269187 15.7273382985724 0.0204985725187438 -0.0464284278546176
47.4000000000004 25.3824892256954 104.771034879427 76.6944692305545 15.7852194019981 0.0192714146578941 -0.117881057473409
47.5000000000004 25.4432733641837 104.788201413454 76.7012967041455 15.8431280128053 0.0180167160045107 -0.203441714414979
47.6000000000004 25.504098577716 104.805398489164 76.7081763739762 15.9010645067561 0.0167430244234666 -0.307821042479893
47.7000000000004 25.5649641954327 104.822625034581 76.7151027511708 15.9590291067459 0.0154641295726563 -0.437194303273746
47.8000000000004 25.6258694039964 104.839880180125 76.7220700275312 16.0170218773519 0.014201583604806 -0.599089284374147
47.9000000000004 25.6868132428565 104.857163257607 76.7290720713764 16.0750427193807 0.0129884602605681 -0.801040702467994
48.0000000000004 25.7477945997711 104.874473799233 76.7361024233806 16.1330913644164 0.0118745181955152 -1.04599915663098
48.1000000000004 25.8088122066283 104.891811536563 76.7431542924681 16.1911673693858 0.0109318826302245 -1.32046040128815
48.2000000000004 25.8698646359339 104.909176398614 76.7502205531525 16.249270111576 0.0102567211997143 -1.5782798129614
48.3000000000004 25.9309502985336 104.926568507738 76.7572937465463 16.3073987847992 0.0099573304785137 -1.7375699613805
48.4000000000004 25.992067442055 104.943988174643 76.7643660828144 16.3655523960096 0.0101229860504743 -1.72351097285132
48.5000000000004 26.0532141497516 104.961435893376 76.7714294436844 16.4237297619382 0.0107873573585534 -1.53943738282354
48.6000000000004 26.1143883397566 104.978912336301 76.7784753849566 16.4819295057266 0.0119195655168664 -1.26645102902323
48.7000000000004 26.1755877647609 104.996418349085 76.7854951390133 16.540150053562 0.0134505364021006 -0.989832275676622
48.8000000000004 26.2368100121377 105.013954945679 76.7924796173295 16.5983896313112 0.0153058991297023 -0.754070498192536
48.9000000000004 26.2980525045265 105.031523303301 76.7994194129818 16.6566462611553 0.01742369487391 -0.569030368557921
49.0000000000004 26.3593125008984 105.049124757416 76.8063048031591 16.7149177582238 0.0197580039168353 -0.428898701800506
49.1000000000004 26.4205870981371 105.066760796695 76.8131257517301 16.773201727254 0.0222761609303331 -0.32411924632061
49.2000000000004 26.4818732337039 105.08443305723 76.8198719133211 16.8314955598961 0.0249541221546503 -0.24590540698525
49.3000000000004 26.5431676902546 105.102143314884 76.8265326412251 16.8897964336583 0.0277743709064652 -0.187233330594046
49.4000000000004 26.6044671013147 105.119893476914 76.8330969968222 16.9481013114973 0.0307241191498633 -0.142893428411112
49.5000000000004 26.6657679574566 105.137685573555 76.8395537590558 17.0064069414341 0.0337938587630535 -0.109114606504131
49.6000000000004 26.7270666129506 105.155521749606 76.8458914339107 17.0647098561698 0.0369763847401057 -0.0831833119279407
49.7000000000004 26.7883592928876 105.173404256024 76.8520982638904 17.1230063727009 0.0402661379332708 -0.0631410808963151
49.8000000000004 26.8496421007656 105.191335441509 76.8581622374942 17.1812925919353 0.0436587593477746 -0.0475638662706277
49.9000000000004 26.9109110265341 105.209317744094 76.8640710986949 17.2395643983077 0.0471507839851366 -0.0354063101124679
50.0000000000004 26.9721619550884 105.227353682729 76.8698123564157 17.2978174593955 0.050739427231182 -0.0258930858131631
50.1000000000004 27.0333906752343 105.245445848859 76.8753732940562 17.3560472255635 0.0544221446815094 -0.0184811721361517
50.2000000000004 27.0945928897976 105.263596897578 76.880740980262 17.4142489303721 0.0581956396448217 -0.0127569110076757
50.3000000000004 27.155764227929 105.281809537736 76.8859022828563 17.4724175929217 0.0620566199951676 -0.00836881543359436
50.4000000000004 27.2169002584349 105.300086521625 76.8908438840153 17.5305480209602 0.0660020246558492 -0.00504537735289379
50.5000000000004 27.2779965034049 105.318430634653 76.895552295493 17.5886348140201 0.0700289776123758 -0.00257540259664563
50.6000000000004 27.3390484520766 105.336844685022 76.9000138738444 17.6466723665549 0.074134750018457 -0.000793547678942943
50.7000000000005 27.4000515749026 105.355331493396 76.9042148356499 17.7046548710763 0.0783167281143703 0.000430402856030903
50.8000000000005 27.461001337784 105.373893882577 76.9081412727392 17.762576321291 0.0825723853423953 0.00119954979984374
50.9000000000005 27.521893216433 105.392534667179 76.9117791674152 17.8204305152374 0.0868992575101479 0.00159591491012909
51.0000000000005 27.5827227108265 105.411256643298 76.9151144076778 17.8782110584224 0.0912949201831986 0.00168502160652275
51.1000000000005 27.6434853597389 105.430062578195 76.9181328024742 17.9359113669862 0.0957568035139012 0.0015279552081113
51.2000000000005 27.7041767560278 105.44895520007 76.9208200976235 17.9935246715862 0.100281663788014 0.00117364362000548
51.3000000000005 27.7647925637455 105.467937188104 76.9231619934551 18.0510440231078 0.104866028481716 0.000653690009802261
51.4000000000005 27.8253285358344 105.487011162595 76.9251441631214 18.1084622990947 0.109506336786385 -6.48586467114889e-006
51.5000000000005 27.8857805316172 105.506179675101 76.9267522709376 18.1657722102068 0.11419892002206 -0.000786465749281755
51.6000000000005 27.9461445339924 105.525445198587 76.9279719907203 18.2229663066784 0.118939982266322 -0.00166989599941416
51.7000000000005 28.0064166662691 105.544810117566 76.9287890241269 18.2800369847762 0.123725581318989 -0.00264374195605055
51.8000000000005 28.0665932085742 105.564276718241 76.9291891189944 18.336976493257 0.128551610148321 -0.00369769224856676
51.9000000000005 28.1266706137619 105.583847178652 76.9291580876787 18.3937769398261 0.133413778981411 -0.00482368129003783
52.0000000000005 28.1866455227538 105.603523558815 76.9286818253941 18.450430297595 0.138307598224435 -0.00601550535751005
52.1000000000005 28.2465147792621 105.623307790896 76.9277463285484 18.5069284115591 0.143228373426433 -0.0072384226316589
52.2000000000005 28.3062754444941 105.643201670036 76.9263377129991 18.5632630055841 0.148171208756655 -0.00846337517893306
52.3000000000005 28.365924812855 105.663206846878 76.9244422321033 18.6194256906834 0.153130933343078 -0.00969385785021861
52.4000000000005 28.4254604275061 105.683324820739 76.9220462946876 18.6754079738048 0.15810207166655 -0.0109333332832865
52.5000000000005 28.484880095028 105.703556932824 76.9191364830147 18.7312012666366 0.163078830161283 -0.0121852450225533
52.6000000000005 28.5441818990749 105.723904359429 76.9156995707498 18.7867968944133 0.168055085793036 -0.0134530312130917
52.7000000000005 28.6033642129327 105.744368105145 76.9117225409275 18.8421861047218 0.173024376949909 -0.0147401388107837
52.8000000000005 28.662425710892 105.764948996072 76.9071926039182 18.8973600763075 0.177979896987756 -0.016050038286287
52.9000000000005 28.7213653783446 105.78564767302 76.9020972153949 18.9523099278799 0.182914490780785 -0.0173862388658302
53.0000000000005 28.7801825205111 105.806464584716 76.8964240942993 19.0070267269194 0.187820654626964 -0.0187523043932574
53.1000000000005 28.8388767697321 105.827399981053 76.8901612407772 19.0615014984891 0.192690735812138 -0.0201147762701178
53.2000000000005 28.8974480918486 105.848453907394 76.8832969532779 19.1157252342255 0.197517516123725 -0.0214433929901237
53.3000000000005 28.9558967926532 105.869626201555 76.8758198435372 19.1696889017773 0.202293612028622 -0.0227460045283564
53.4000000000005 29.0142235234791 105.890916491846 76.8677188507263 19.2233834544213 0.207011285736922 -0.0240298088919767
53.5000000000005 29.0724292852665 105.912324195153 76.8589832555672 19.2767998406861 0.211662459058518 -0.0253014576777843
53.6000000000005 29.130515431006 105.93384851502 76.8496026944498 19.3299290139742 0.216238731635371 -0.026567148097578
53.7000000000005 29.1884836664852 105.955488439729 76.8395671735483 19.3827619421856 0.220731403746468 -0.027832703970427
53.8000000000005 29.2463360492642 105.977242740382 76.8288670829368 19.4352896173407 0.225131503840938 -0.0291036477593182
53.9000000000005 29.3040749858143 105.999109968985 76.8174932107065 19.4875030652028 0.229429820898022 -0.0303852654091929
54.0000000000005 29.3617032267521 106.021088456525 76.8054367570815 19.5393933549018 0.233616941648073 -0.0316826654655158
54.1000000000005 29.4192238601364 106.043176311101 76.7926893484733 19.5909516085467 0.237683692246425 -0.0329638041899047
54.2000000000005 29.4766403033822 106.0653714173 76.7792430499202 19.64216901058 0.24162237238762 -0.0341976779115361
54.3000000000005 29.5339562949012 106.087671438718 76.7650903734273 19.6930368164758 0.245425581430331 -0.0353904156191712
54.4000000000005 29.5911758847741 106.110073821735 76.7502242846921 19.7435463611789 0.249085857936819 -0.0365476324287709
54.5000000000005 29.6483034239113 106.132575799331 76.7346382097679 19.7936890675337 0.252595723855082 -0.0376745107956569
54.6000000000005 29.7053435516716 106.155174394906 76.7183260417267 19.843456454714 0.255947731147547 -0.0387758721888042
54.7000000000005 29.7623011819367 106.177866426097 76.7012821473227 19.8928401466516 0.259134510485157 -0.0398562408742571
54.8000000000005 29.8191814876437 106.200648508596 76.6835013736555 19.941831880466 0.262148821568231 -0.0409199012135022
54.9000000000005 29.8759898837904 106.223517059968 76.6649790548334 19.9904235148934 0.264983604578273 -0.0419709496899904
55.0000000000005 29.932732008929 106.246468303473 76.6457110186369 20.0386070387162 0.267632032216834 -0.0430133426479504
55.1000000000005 29.9894137051965 106.269498271911 76.625693593118 20.0863745791707 0.270087987140307 -0.0440251723721636
55.2000000000005 30.0460409974243 106.292602812392 76.6049236115473 20.1337184098118 0.272347375250611 -0.0449840501790396
55.3000000000005 30.1026200723811 106.315777593393 76.5833984131663 20.1806309569948 0.274406867409715 -0.0458929119265759
55.4000000000005 30.1591572577383 106.339018112729 76.5611158422859 20.2271048058136 0.276263503310343 -0.0467544370806997
55.5000000000005 30.2156590004048 106.362319705565 76.5380742473221 20.2731327060177 0.277914720773215 -0.0475710913116764
55.6000000000005 30.2721318442751 106.385677552414 76.5142724798319 20.3187075779291 0.279358381911507 -0.0483451638557297
55.7000000000005 30.32858240746 106.409086687146 76.4897098935486 20.3638225183596 0.280592795833407 -0.0490788003602366
55.8000000000005 30.3850173590687 106.432542004997 76.4643863434171 20.4084708065277 0.281616737596218 -0.0497740317999644
55.9000000000005 30.4414433956127 106.456038270568 76.4383021846301 20.4526459099757 0.282429463174467 -0.0504327999499197
56.0000000000005 30.4978672171069 106.479570125838 76.4114582716631 20.4963414904866 0.283030720257985 -0.0510569798514596
56.1000000000005 30.5542955029567 106.503132098182 76.3838559572501 20.5395514099759 0.283421159260642 -0.0516364011693216
56.2000000000005 30.6107348881734 106.526718608867 76.3554970898031 20.5822697357207 0.283603530212036 -0.0521597579609768
56.3000000000005 30.6671919409254 106.550323982741 76.3263840068786 20.6244907439077 0.283581427672624 -0.0526270871815964
56.4000000000005 30.7236731410857 106.573942458386 76.2965195270885 20.666208922519 0.283358861604488 -0.053038306346552
56.5000000000005 30.7801848594621 106.597568198292 76.2659069419503 20.7074189741918 0.282940233258968 -0.053393222929054
56.6000000000005 30.836733337749 106.621195299037 76.234550007738 20.7481158190792 0.282330308007101 -0.053691540884533
56.7000000000005 30.8933246692521 106.644817801453 76.2024529373325 20.78829459771 0.281534185519459 -0.0539328644998171
56.8000000000005 30.9499647804301 106.668429700811 76.1696203920724 20.8279506738488 0.280557267727198 -0.054116699733682
56.9000000000005 31.006659413291 106.692024956985 76.136057473604 20.8670796373564 0.279405225003077 -0.0542424531768514
57.0000000000005 31.0634141086768 106.715597504635 76.1017697157325 20.90567730705 0.278083961008902 -0.0543094287130588
57.1000000000005 31.1202341904692 106.73914126337 76.0667630762283 20.943739733538 0.27659988742163 -0.054324249905419
57.2000000000005 31.1771247509552 106.762650147765 76.0310439274941 20.9812632014034 0.274960808447165 -0.0542925260798992
57.3000000000005 31.2340906378576 106.786118076973 75.9946190443372 21.0182442297318 0.273174928085346 -0.0542118904972383
57.4000000000005 31.2911364429408 106.809538984196 75.9574955906024 21.0546795719873 0.271250492084251 -0.0540798746904525
57.5000000000005 31.3482664920324 106.83290682613 75.9196811057614 21.090566215864 0.269195744471917 -0.053893895835911
57.6000000000005 31.405484836437 106.856215592431 75.881183491501 21.1259013831366 0.267018885922576 -0.053651243281952
57.7000000000006 31.4627952457206 106.879459315164 75.8420109983125 21.1606825295117 0.264728034274549 -0.0533490641784285
57.8000000000006 31.5202012018365 106.902632078263 75.8021722120804 21.1949073444785 0.262331187464495 -0.0529843481636959
57.9000000000006 31.5777058945576 106.925728026983 75.7616760406713 21.2285737511604 0.259836189080692 -0.0525539110345962
58.0000000000006 31.6353122181783 106.948741377362 75.7205317005232 21.2616799061653 0.257250696686479 -0.0520543773209813
58.1000000000006 31.6930227694315 106.971666425642 75.678748703217 21.2942241994192 0.254582317879177 -0.0515085459171577
58.2000000000006 31.7508398463564 106.994497556979 75.6363368416181 21.3262052535256 0.251839086745739 -0.0509391661264894
58.3000000000006 31.8087654477933 107.017229252296 75.5933061749201 21.3576219219257 0.249028957759736 -0.0503425708104856
58.4000000000006 31.8668012739407 107.039856094424 75.5496670132577 21.3884732865851 0.246159618478697 -0.0497149952975942
58.5000000000006 31.9249487281773 107.062372774206 75.5054299023032 21.4187586556625 0.2432384680035 -0.0490525604923173
58.6000000000006 31.9832089200972 107.084774096608 75.4606056078626 21.4484775611789 0.240272598428179 -0.0483512563441198
58.7000000000006 32.0415826697022 107.107054986821 75.4152051004713 21.4776297566858 0.237268779160155 -0.0476069255916386
58.8000000000006 32.1000705126873 107.129210496373 75.3692395399908 21.5062152149343 0.234233443969418 -0.0468152476914738
58.9000000000006 32.1586727067598 107.151235809232 75.3227202602046 21.5342341255436 0.231172680604192 -0.0459717228152323
59.0000000000006 32.2173892389304 107.173126247918 75.2756587534144 21.5616868926703 0.228092222795245 -0.0450716558070684
59.1000000000006 32.2762198336912 107.194877279568 75.2280666550412 21.5885741326646 0.22499751697567 -0.0441484616201251
59.2000000000006 32.3351639614333 107.216484520987 75.1799557283532 21.6148966714248 0.221893959061858 -0.0432367495165926
59.3000000000006 32.3942208461447 107.237943741115 75.1313378495165 21.6406555409792 0.218786713647752 -0.0423334672666786
59.4000000000006 32.453389473342 107.259250862479 75.082224992772 21.6658519757663 0.215680643536559 -0.04143556554898
59.5000000000006 32.5126685987883 107.280401962603 75.0326292156185 21.6904874089018 0.21258030733153 -0.0405399894313899
59.6000000000006 32.5720567579706 107.301393275417 74.9825626439942 21.7145634684465 0.209489958340187 -0.0396436705954127
59.7000000000006 32.6315522762858 107.32222119267 74.9320374574596 21.7380819736738 0.206413544625226 -0.0387435202410025
59.8000000000006 32.691153279887 107.342882265341 74.8810658743794 21.7610449313373 0.203354710044768 -0.037836422614202
59.9000000000006 32.7508577071423 107.363373205048 74.8296601371053 21.7834545319386 0.200316796133457 -0.0369192291261866
60.0000000000006 32.8106633206609 107.38369088546 74.7778324971576 21.805313145995 0.197302844689817 -0.0359887530023392
60.1000000000006 32.8705677198059 107.403832343666 74.7255952004312 21.8266233203009 0.194315613009084 -0.0350852704217643
60.2000000000006 32.9305683527551 107.423794780471 74.6729604729983 21.847387774043 0.191357647459147 -0.0342514624183332
60.3000000000006 32.9906625266499 107.443575557951 74.6199405084294 21.8676093945396 0.188431308908791 -0.0334878900962391
60.4000000000006 33.0508474172605 107.463172195945 74.5665474557121 21.8872912328336 0.18553877033094 -0.0327953454163023
60.5000000000006 33.1111200790408 107.482582368498 74.5127934071922 21.9064364992793 0.182682018118857 -0.0321748526793711
60.6000000000006 33.1714774555825 107.501803900301 74.458690386516 21.925048559129 0.179862853590149 -0.0316276698818486
60.7000000000006 33.2319163904396 107.52083476314 74.4042503365716 21.94313092812 0.177082894623313 -0.0311552898821682
60.8000000000006 33.292433638298 107.539673072335 74.3494851074304 21.9606872680613 0.174343577383291 -0.0307594413058321
60.9000000000006 33.3530258764659 107.55831708319 74.2944064442891 21.9777213824207 0.171646158104255 -0.0304420891358312
61.0000000000006 33.4136897166591 107.576765187431 74.2390259754113 21.9942372119115 0.168991714908261 -0.0302054349274962
61.1000000000006 33.4744217170229 107.595015909626 74.183355200102 22.0102388300805 0.166381115490693 -0.0300860973660789
61.2000000000006 33.5352183933917 107.613067902824 74.1274054775437 22.025730438929 0.163814950996111 -0.0301233349569939
61.3000000000006 33.5960762282067 107.630919942249 74.071188017818 22.0407163646168 0.161293699769626 -0.0303238098877078
61.4000000000006 33.6569916786264 107.648570918218 74.0147138737887 22.0552010531995 0.158817770016209 -0.0306946137810609
61.5000000000006 33.717961184791 107.666019829031 73.9579939330179 22.0691890663663 0.156387499670531 -0.0312432630197544
61.6000000000006 33.7789811782698 107.683265773861 73.9010389096816 22.0826850771785 0.154003156390157 -0.0319776911162994
61.7000000000006 33.8400480906818 107.700307945645 73.8438593364861 22.0956938658072 0.151664937693683 -0.0329062378772911
61.8000000000006 33.9011583624793 107.717145623974 73.7864655565839 22.1082203152722 0.149372971276874 -0.0340376350757611
61.9000000000006 33.9623084518878 107.733778167982 73.7288677154898 22.1202694071796 0.147127315541511 -0.0353809883607919
62.0000000000006 34.0234948439918 107.750205009236 73.6710757529966 22.1318462174604 0.14492796038693 -0.0369457551020029
62.1000000000006 34.0847140599198 107.76642564462 73.6130993951312 22.1429559121119 0.142774764600179 -0.0387491266458459
62.2000000000006 34.1459626651265 107.782439628949 73.5549481471443 22.1536037430295 0.140667298211767 -0.040809397125402
62.3000000000006 34.2072372751593 107.798246566934 73.496631289124 22.1637950440671 0.138605090674862 -0.0431381703128838
62.4000000000006 34.2685345604686 107.813846104883 73.4381578726439 22.1735352271875 0.136587703007367 -0.0457473429761636
62.5000000000006 34.3298512512518 107.829237922389 73.3795367174505 22.1828297786162 0.13461472853685 -0.0486490572208797
62.6000000000006 34.3911841423706 107.844421724023 73.3207764081509 22.1916842549957 0.132685794105647 -0.0518556429083952
62.7000000000006 34.452530098344 107.859397231024 73.2618852909001 22.2001042795387 0.130800561777062 -0.055379548890856
62.8000000000006 34.513886058417 107.87416417299 73.202871470089 22.2080955381828 0.12895873108631 -0.0592332615888664
62.9000000000006 34.5752490417089 107.888722279571 73.1437428050315 22.2156637757435 0.127160041882159 -0.0634292093434498
63.0000000000006 34.6366161524397 107.903071272155 73.0845069066523 22.222814792069 0.125404277806029 -0.0679796507441945
63.1000000000006 34.6979845852074 107.917210855577 73.0251711342124 22.2295544382004 0.123691166791466 -0.0728669537162939
63.2000000000006 34.7593516294945 107.931140710173 72.9657425930162 22.2358886127128 0.122020095858347 -0.0780719048699604
63.3000000000006 34.8207146720674 107.944860484731 72.9062281346122 22.2418232585135 0.120390462877065 -0.0836038727000065
63.4000000000006 34.8820711985389 107.958369789789 72.8466343579759 22.2473643598201 0.118801788638944 -0.0894716895558891
63.5000000000006 34.9434187949093 107.971668190958 72.7869676107299 22.2525179391455 0.117253720322955 -0.0956834875114571
63.6000000000006 35.0047551491278 107.984755202228 72.7272339903646 22.2572900542833 0.115746035392852 -0.10224650955594
63.7000000000006 35.0660780526816 107.99763027929 72.6674393454587 22.2616867952927 0.114278645912962 -0.109166893780627
63.8000000000006 35.1273854022218 108.010292812847 72.6075892768995 22.2657142814839 0.112851603263859 -0.116449428241387
63.9000000000006 35.1886752012334 108.022742121932 72.5476891391034 22.2693786584027 0.111465103227448 -0.12409727442393
64.0000000000006 35.249945561758 108.034977447221 72.4877440412366 22.2726860948163 0.110119491401009 -0.132111657553414
64.1000000000006 35.3111947061536 108.046997944377 72.4277588484656 22.2756427797071 0.108815137130021 -0.140439322129375
64.2000000000006 35.3724209682893 108.058802678092 72.367738184002 22.2782549195101 0.107552050845181 -0.149023808365873
64.3000000000006 35.4336227931785 108.070390617913 72.3076864331599 22.2805287359648 0.10633029488529 -0.15785824094775
64.4000000000006 35.4947987359774 108.081760634764 72.2476077482078 22.2824704642101 0.105150118209202 -0.166933324786712
64.5000000000006 35.5559474609543 108.092911497499 72.1875060532499 22.2840863508882 0.104011957081665 -0.176237038771158
64.6000000000006 35.6170677404638 108.103841869456 72.1273850491084 22.2853826522485 0.102916435286455 -0.185754317357569
64.7000000000006 35.6781584539379 108.114550305006 72.0672482182044 22.2863656322518 0.101864363743249 -0.195466725720413
64.8000000000006 35.7392185869034 108.125035246107 72.0070988294409 22.2870415606744 0.100856739394229 -0.205352135876868
64.9000000000006 35.8002472300356 108.135295018857 71.9469399430836 22.2874167112117 0.0998947432109725 -0.215384413251045
65.0000000000006 35.8612435782595 108.145327830042 71.8867744156429 22.2874973595825 0.0989797371644042 -0.225533125248974
65.1000000000006 35.9222069298907 108.155131763724 71.8266049047767 22.2872897816441 0.098113109317776 -0.235712721321568
65.2000000000006 35.9831366854368 108.164704778607 71.7664338747251 22.2868002517998 0.0972958114694778 -0.245836551942068
65.3000000000006 36.0440323454107 108.174044707423 71.706263603099 22.2860350421466 0.0965287943905134 -0.255866895709728
65.4000000000006 36.1048935077331 108.183149257096 71.6460961882012 22.2850004219162 0.0958131458798133 -0.265763084364279
65.5000000000006 36.1657198651062 108.192016008941 71.5859335563686 22.2837026569256 0.0951500778691973 -0.275481648368366
65.6000000000005 36.2265112023844 108.200642418867 71.5257774693136 22.2821480090295 0.0945409122187329 -0.284976547650295
65.7000000000005 36.2872673939491 108.209025817574 71.4656295314661 22.2803427355709 0.0939870652188453 -0.294199495031335
65.8000000000005 36.347988401096 108.217163410755 71.4054911973154 22.2782930888334 0.0934900308481823 -0.303100377433306
65.9000000000005 36.4086742694406 108.225052279289 71.3453637787519 22.2760053154919 0.0930513628719055 -0.311627776824973
66.0000000000005 36.4693251263497 108.232689379448 71.2852484524088 22.2734856560647 0.092672655907622 -0.319729588940802
66.1000000000005 36.5299411784002 108.240071543119 71.225146267012 22.2707403443764 0.092355375590465 -0.327327534018228
66.2000000000005 36.5905227087356 108.247195478721 71.1650581509361 22.2677756073289 0.0921003812432452 -0.334352445438873
66.3000000000005 36.6510700740831 108.254057773877 71.1049849202826 22.2645976654525 0.0919083443836991 -0.340768217041318
66.4000000000005 36.7115837015991 108.26065489878 71.0449272871655 22.261212733765 0.0917798788109891 -0.346542506480561
66.5000000000005 36.7720640856655 108.266983209578 70.9848858680034 22.257627022642 0.0917155233834712 -0.351647362699149
66.6000000000005 36.8325117846457 108.273038951765 70.9248611918127 22.2538467386876 0.0917157260249341 -0.356059792003787
66.7000000000005 36.8929274176038 108.278818263573 70.8648537085005 22.2498780856053 0.0917808292408477 -0.359762240780646
66.8000000000005 36.9533116609869 108.284317179356 70.8048637971568 22.245727265068 0.091911057399546 -0.362742975203142
66.9000000000005 37.0136652452743 108.289531632988 70.7448917743481 22.2414004775893 0.0921065060032727 -0.364996341818506
67.0000000000005 37.0739889515935 108.294457461243 70.6849379024093 22.2369039233936 0.0923671331277424 -0.366522897398787
67.1000000000005 37.1342836083074 108.299090407211 70.6250023977347 22.2322438032975 0.0926926298429343 -0.367330683281925
67.2000000000005 37.1945500876522 108.303426124215 70.5650854389996 22.2274263198649 0.0930820454436218 -0.367441538544853
67.3000000000005 37.254789302528 108.307460181026 70.50518717521 22.2224576792576 0.0935341562007906 -0.366885435632884
67.4000000000004 37.3150022032755 108.311188067593 70.4453077336842 22.2173440933602 0.0940475932663439 -0.365697222929301
67.5000000000004 37.3751897743493 108.314605200785 70.3854472280316 22.212091781915 0.0946208498619756 -0.363915905674804
67.6000000000004 37.4353530308811 108.31770693014 70.3256057661316 22.2067069746575 0.0952522904226305 -0.361583876162303
67.7000000000004 37.495493015133 108.320488543609 70.2657834581127 22.2011959134515 0.0959401614544553 -0.358746119548904
67.8000000000004 37.5556107928369 108.322945273305 70.205980424331 22.1955648544243 0.0966826038483663 -0.355449420418389
67.9000000000004 37.6157074494195 108.325072301245 70.1461968033497 22.189820070102 0.0974776663821599 -0.351741593058073
68.0000000000004 37.6757840861106 108.326864765102 70.0864327599173 22.1839678515445 0.0983233201471319 -0.34767075517772
68.1000000000004 37.7358418159428 108.328317763952 70.0266884929355 22.1780145104872 0.0992174116807924 -0.34329739337984
68.2000000000004 37.7958817599172 108.329426364278 69.9669642431268 22.1719663816396 0.100157493907316 -0.338683687106642
68.3000000000004 37.8559050437616 108.330185606569 69.907260299941 22.1658298253849 0.101141030397067 -0.333878521184204
68.4000000000004 37.9159127948166 108.330590512168 69.8475770081626 22.1596112306372 0.102165473968562 -0.328928327486081
68.5000000000004 37.9759061387696 108.330636090123 69.7879147745062 22.1533170177044 0.103228282619713 -0.323876755269874
68.6000000000004 38.0358861962201 108.330317344042 69.7282740742123 22.1469536411518 0.104326934926706 -0.318764434808372
68.7000000000004 38.0958540790777 108.329629278948 69.6686554576425 22.140527592665 0.105458944832833 -0.313628826485882
68.8000000000004 38.1558108867896 108.328566908134 69.6090595568754 22.1340454039132 0.106621875782693 -0.308504145942386
68.9000000000004 38.2157577023975 108.327125260011 69.5494870923019 22.1275136494126 0.107813354178579 -0.303421355036563
69.0000000000004 38.2756955884228 108.325299384969 69.4899388792211 22.120938949389 0.109031082158603 -0.298408208080374
69.1000000000004 38.3356255826003 108.323084362225 69.4304158344169 22.1143279726386 0.110272853944378 -0.293486594884828
69.2000000000003 38.3955486939273 108.32047530663 69.3709189822562 22.1076874393029 0.111536572994899 -0.288675361913962
69.3000000000003 38.455465899784 108.317467375353 69.3114494595685 22.1010241234315 0.112820237046548 -0.283993320953055
69.4000000000003 38.5153781433748 108.31405577452 69.2520085200471 22.094344855459 0.114121940625091 -0.27945671871614
69.5000000000003 38.5752863310264 108.310235765852 69.1925975386306 22.0876565246801 0.11543988289755 -0.275079410578023
69.6000000000003 38.6351913293229 108.306002673303 69.1332180158857 22.0809660817237 0.116772375031557 -0.270873040042922
69.7000000000003 38.6950939620809 108.301351889692 69.0738715823891 22.0742805410278 0.11811784712279 -0.266847219188444
69.8000000000003 38.7549950071682 108.296278883346 69.01456000311 22.0676069833137 0.119474854750469 -0.263009706235496
69.9000000000003 38.8148951931666 108.290779204731 68.9552851817915 22.0609525580604 0.120842085216482 -0.259366577206799
70.0000000000003 38.8747951958861 108.284848493095 68.8960491653339 22.0543244859793 0.122218363521746 -0.25592238936498
70.1000000000003 38.9346956347546 108.278482483092 68.8368541481556 22.0477300614751 0.123602684418237 -0.252653514189936
70.2000000000003 38.9945970696503 108.271677011199 68.7777024760309 22.0411766547476 0.124994278727441 -0.2495358940351
70.3000000000003 39.0544999990829 108.264428021605 68.718596648593 22.0346717129843 0.126392507163029 -0.246571753393733
70.4000000000003 39.114404858845 108.256731571871 68.6595393213132 22.0282227611947 0.127796832698819 -0.243762527978697
70.5000000000003 39.1743120205808 108.248583838602 68.6005333074595 22.0218374030299 0.129206823563856 -0.241108944987202
70.6000000000003 39.2342217902541 108.2399811231 68.5415815800543 22.0155233216033 0.130622156177037 -0.238611096408423
70.7000000000003 39.2941344065196 108.230919857037 68.4826872738339 22.0092882803106 0.13204261803809 -0.236268505454225
70.8000000000003 39.3540500390039 108.221396608106 68.4238536872062 22.0031401236498 0.133468110590561 -0.234080186303347
70.9000000000002 39.413968786501 108.211408085694 68.3650842842095 21.9970867780418 0.134898652069576 -0.232044697404408
71.0000000000002 39.4738906750895 108.200951146536 68.306382696471 21.9911362526503 0.136334380345261 -0.23016018865276
71.1000000000002 39.5338156562058 108.190022800368 68.2477527251425 21.985296640177 0.1377755732155 -0.228376487703957
71.2000000000002 39.5937436053588 108.178620215231 68.1891983422441 21.9795761170122 0.139222673443985 -0.226645381621691
71.3000000000002 39.6536743225844 108.166740721904 68.130723690506 21.9739829417457 0.140676185462072 -0.224967566601838
71.4000000000002 39.7136075335671 108.154381817983 68.0723330826179 21.9685254530334 0.142136651071963 -0.223343596934089
71.5000000000002 39.773542890754 108.141541171964 68.0140310004558 21.9632120674383 0.143604650106642 -0.221773893247305
71.6000000000002 39.8334799744356 108.128216627306 67.9558220943092 21.9580512772725 0.145080801175106 -0.220258749994016
71.7000000000002 39.8934182937974 108.114406206511 67.8977111821076 21.9530516484379 0.146565762488533 -0.218798342228004
71.8000000000002 39.953357287942 108.100108115194 67.8397032486478 21.9482218182678 0.148060232761146 -0.217392731751465
71.9000000000002 40.0132963268873 108.085320746155 67.7818034448202 21.9435704933686 0.14956495218148 -0.216041872644085
72.0000000000002 40.0732347125414 108.070042683454 67.7240170868364 21.9391064474605 0.151080703447343 -0.214745616259703
72.1000000000002 40.1331716796849 108.054272706464 67.6663496554353 21.9348385191901 0.152608314224683 -0.213449293933882
72.2000000000002 40.1931063976119 108.038009793472 67.6088067945726 21.9307756091811 0.154148627587946 -0.212101007118382
72.3000000000002 40.2530379734689 108.021253124109 67.5513943087929 21.9269266751521 0.155702437535496 -0.210704698623539
72.4000000000002 40.3129654562556 108.004002081328 67.4941181600849 21.9233007262736 0.157270478830329 -0.209264316895549
72.5000000000002 40.3728878408338 107.986256253361 67.4369844647157 21.9199068174953 0.158853427071072 -0.207783805164009
72.6000000000002 40.4328040719148 107.968015435682 67.3799994900658 21.9167540438736 0.160451898995219 -0.206267090447867
72.7000000000001 40.4927130480165 107.94927963296 67.3231696514634 21.9138515348994 0.162066452998093 -0.204718072579231
72.8000000000001 40.5526136253859 107.930049061021 67.2665015090192 21.9112084488248 0.163697589853767 -0.203140613404688
72.9000000000001 40.61250462188 107.910324148805 67.2100017644611 21.9088339669913 0.165345753621652 -0.201538526280424
73.0000000000001 40.6723848207995 107.890105540324 67.153677257969 21.906737288157 0.167011332727796 -0.199915565999391
73.1000000000001 40.7322529746909 107.869394096601 67.097534964993 21.9049276227989 0.168694661329889 -0.198228594513875
73.2000000000001 40.7921078096907 107.848190897051 67.0415819926584 21.9034141867648 0.170395988347969 -0.196436720820564
73.3000000000001 40.8519480313274 107.82649723945 66.9858255751162 21.902206193274 0.172115421058603 -0.194547008107311
73.4000000000001 40.9117723308481 107.804314639349 66.9302730684812 21.9013128442672 0.173852917987196 -0.192566480320991
73.5000000000001 40.9715793914757 107.781644829466 66.8749319457525 21.900743321731 0.175608290445796 -0.190502094168086
73.6000000000001 41.0313678945554 107.758489759082 66.8198097917345 21.9005067790231 0.177381204427352 -0.188360711868905
73.7000000000001 41.0911365255729 107.734851593432 66.7649142979585 21.9006123321973 0.179171182833731 -0.186149075094389
73.8000000000001 41.1508839800276 107.710732713094 66.7102532576034 21.901069051328 0.180977608020284 -0.183873780421884
73.9000000000001 41.2106089691396 107.686135713389 66.6558345604167 21.9018859518354 0.182799724640197 -0.181541256623748
74.0000000000001 41.2703102253745 107.661063403768 66.6016661876359 21.9030719858105 0.184636642776507 -0.179157743992283
74.1000000000001 41.3299865077844 107.635518807186 66.547756206899 21.9046360333272 0.186487362879052 -0.176700586998444
74.2000000000001 41.3896366076074 107.609505158909 66.49411276688 21.9065868934405 0.188350819925951 -0.174147882006833
74.3000000000001 41.4492593548591 107.583025903906 66.4407440912286 21.908933274382 0.190225780368951 -0.171506706931405
74.4 41.5088536251643 107.556084693668 66.387658472234 21.9116837834413 0.192110818391186 -0.168783932216773
74.5 41.5684183463469 107.528685383015 66.3348642644793 21.9148469168347 0.194004320136245 -0.165986192864776
74.6 41.6279525047287 107.5008320269 66.2823698784949 21.9184310495735 0.195904488386292 -0.163119863175338
74.7 41.6874551511117 107.472528877211 66.2301837744127 21.9224444253335 0.197809347687979 -0.160191034351005
74.8 41.7469254064136 107.443780379576 66.1783144556198 21.9268951463229 0.199716749931882 -0.157205495026515
74.9 41.8063624669283 107.414591170164 66.1267704624124 21.9317911631516 0.201624380392368 -0.154168714734811
75 41.8657656091834 107.384966072494 66.0755603656498 21.9371402646999 0.203529764240033 -0.151085830239357
75.1 41.9251341943774 107.354910094216 66.0246927604043 21.9429500679917 0.205430335845573 -0.147954106881351
75.2 41.9844676726783 107.324428423469 65.9741762595103 21.949228008194 0.207323620761129 -0.144770038343605
75.3 42.043765587878 107.293526424131 65.9240194868574 21.955981328934 0.209207034358306 -0.141537159044229
75.4 42.1030275819221 107.262209630641 65.8742310705829 21.9632170727421 0.211077823505035 -0.13825874027946
75.5 42.162253398987 107.230483742799 65.8248196362602 21.9709420714999 0.212933074194056 -0.13493777708028
75.6 42.2214428890622 107.198354620571 65.7757938000868 21.9791629368877 0.214769719809451 -0.131576976904078
75.7 42.2805960110073 107.165828278891 65.7271621620735 21.9878860508325 0.216584550050902 -0.128178749975689
75.8 42.3397128350543 107.132910882463 65.678933299232 21.9971175559556 0.218374220533023 -0.124745201071055
75.9 42.3987935447262 107.099608740566 65.6311157587639 22.0068633460202 0.220135263074173 -0.12127812252571
76 42.457838438144 107.065928301854 65.583718051249 22.0171290563796 0.221864096687618 -0.117778988208094
76.1 42.5168479287 107.03187614915 65.5367486438374 22.0279200544501 0.223557177010986 -0.114262505744062
76.1999999999999 42.5758225452574 106.997458993998 65.4902159535455 22.0392414308461 0.225211419339576 -0.110741562280305
76.2999999999999 42.6347629322016 106.96268367058 65.4441283408138 22.0510979921955 0.22682379216811 -0.107214594983415
76.3999999999999 42.6936698491345 106.927557129405 65.3984941031676 22.0634942546165 0.228391188594873 -0.103679945769459
76.4999999999999 42.7525441700352 106.89208643097 65.3533214688825 22.0764344372203 0.229910436510244 -0.100135848896845
76.5999999999999 42.811386881864 106.856278739438 65.3086185906493 22.0899224556138 0.231378309395163 -0.0965804185493429
76.6999999999999 42.8701990825895 106.820141316303 65.2643935392389 22.1039619154016 0.232791537707748 -0.0930116362571642
76.7999999999999 42.9289819786257 106.783681514065 65.2206542971676 22.118556105689 0.234146820831579 -0.0894273379611364
76.8999999999999 42.9877368816629 106.746906769894 65.1774087523617 22.1337079925844 0.235440839552031 -0.0858252005259449
76.9999999999999 43.0464652048803 106.709824599304 65.1346646918233 22.1494202127018 0.236670269018985 -0.0822027275309688
77.0999999999999 43.1051684585315 106.672442589826 65.0924297953069 22.1656950667051 0.237832006134425 -0.0785856233528813
77.1999999999999 43.1638482449918 106.634768394648 65.0507116293174 22.1825345139404 0.23892382727968 -0.074997809557182
77.2999999999999 43.2225062535107 106.59680972622 65.0095176419201 22.1999401698294 0.239943760737317 -0.0714340817360404
77.3999999999999 43.281144254681 106.55857434983 64.9688551578712 22.2179133043512 0.240889880753603 -0.0678893550549781
77.4999999999999 43.3397640945736 106.520070077178 64.9287313737605 22.2364548405648 0.2417603148412 -0.0643586387479346
77.5999999999999 43.3983676885362 106.481304759952 64.8891533531542 22.2555653531332 0.242553251134627 -0.0608370108602467
77.6999999999999 43.4569570146607 106.442286283409 64.8501280217374 22.2752450668457 0.243266945749999 -0.0573195930366249
77.7999999999999 43.5155341069218 106.403022559947 64.8116621624571 22.2954938551422 0.243899730097986 -0.0538015252091391
77.8999999999998 43.5741010479926 106.363521522683 64.7737624106645 22.3163112386352 0.244450018101667 -0.0502779399900959
77.9999999999998 43.6326599617447 106.323791119028 64.7364352492582 22.3376963836342 0.244916313268884 -0.0467439365998602
78.0999999999998 43.6912130054393 106.283839304274 64.6996870038431 22.3596481007119 0.245297443826875 -0.0432268885725736
78.1999999999998 43.7497623616762 106.243674035351 64.6635238383137 22.3821648444137 0.245593255082193 -0.0397533221391226
78.2999999999998 43.8083102303031 106.20330326504 64.6279517515173 22.4052447158649 0.245803929188376 -0.0363172055209027
78.3999999999998 43.8668588203929 106.162734936366 64.5929765743399 22.4288854665198 0.245929755789216 -0.0329127222156466
78.4999999999998 43.9254103422909 106.121976976993 64.55860396681 22.4530845019545 0.245971129968849 -0.0295342397245957
78.5999999999998 43.9839669997465 106.081037293624 64.5248394152019 22.4778388856604 0.245928549883961 -0.0261762795719925
78.6999999999998 44.0425309821392 106.039923766392 64.4916882291384 22.5031453428368 0.245802614085249 -0.0228334884033852
78.7999999999998 44.1011044568101 105.998644243264 64.459155538695 22.5290002641843 0.245594018540401 -0.0195006099716302
78.8999999999998 44.1596895615106 105.957206534435 64.4272462915022 22.5553997096975 0.245303553374018 -0.0161724578301415
78.9999999999998 44.218288396977 105.915618406727 64.3959652498494 22.5823394124582 0.244932099344018 -0.0128438885337794
79.0999999999998 44.2769030196426 105.873887577995 64.3653169878048 22.6098147824685 0.24448083410888 -0.00954293853065714
79.1999999999998 44.3355354345361 105.832021711867 64.335305888776 22.6378209115239 0.243951856729096 -0.00629777297113969
79.2999999999998 44.3941875885343 105.790028413306 64.3059361441887 22.6663525807268 0.243347547435674 -0.00310367254132429
79.3999999999998 44.4528613640807 105.747915224503 64.2772117526052 22.69540426904 0.242670346310422 4.38170971932438e-005
79.4999999999998 44.5115585733789 105.705689620776 64.2491365188603 22.7249701618806 0.241922742086688 0.00314891028246324
79.5999999999998 44.5702809530619 105.663359006477 64.221714053197 22.7550441597133 0.24110726104436 0.00621560449384289
79.6999999999997 44.6290301593391 105.620930710892 64.1949477704025 22.7856198866441 0.240226456053298 0.00924770188352812
79.7999999999997 44.687807763619 105.578411984147 64.1688408889436 22.8166906990142 0.239282895816331 0.012248829372727
79.8999999999997 44.7466152486041 105.535809993108 64.1433964301027 22.8482496939933 0.23827915435954 0.0152224574890007
79.9999999999997 44.8054540048563 105.493131817286 64.1186172171134 22.8802897181734 0.237217800813328 0.0181719181147188
80.0999999999997 44.8643253278181 105.450384444758 64.0945058743095 22.9128033761867 0.23610152343891 0.021071949232232
80.1999999999997 44.9232304151783 105.407574768552 64.0710648266092 22.9457830399628 0.234933523520156 0.0238964676619302
80.2999999999997 44.982170364457 105.364709584221 64.0482962998518 22.9792208596057 0.233717105423311 0.0266472455927656
80.3999999999997 45.041146171081 105.321795587872 64.0262023214708 23.0131087749103 0.23245553024445 0.0293257556826807
80.4999999999997 45.1001587270719 105.27883937423 64.0047847211794 23.0474385269026 0.231152003310461 0.0319331858572387
80.5999999999997 45.1592088203372 105.235847434682 63.9840451316557 23.0822016693806 0.229809662289824 0.0344704530392188
80.6999999999997 45.2182971345489 105.192826155338 63.9639849892289 23.1173895804549 0.228431565935608 0.0369382159716067
80.7999999999997 45.2774242495909 105.149781815081 63.9446055345644 23.152993474089 0.227020683474487 0.0393368872914953
80.8999999999997 45.3365906425578 105.106720583622 63.9259078133495 23.1890044116405 0.225579884651933 0.0416666449688293
80.9999999999997 45.3957966892826 105.063648519555 63.9078926769794 23.225413313401 0.224111930438764 0.0439274432464981
81.0999999999997 45.4550426663629 105.020571568431 63.8905607832498 23.2622109701433 0.222619520536126 0.0461009856089714
81.1999999999997 45.5143287533644 104.977495561309 63.8739125972536 23.2993880548257 0.221105462151699 0.04816810258286
81.2999999999997 45.5736550347278 104.93442621456 63.8579483927907 23.3369351346971 0.219572507883378 0.0501270512482357
81.3999999999997 45.6330215018792 104.891369130135 63.8426682539803 23.3748426835597 0.218023292939283 0.0519757957780901
81.4999999999996 45.6924280558315 104.848329795867 63.8280720768818 23.4131010940383 0.216460326971397 0.0537120183367768
81.5999999999996 45.751874510266 104.805313585766 63.8141595711152 23.4517006898488 0.214885986576376 0.0553331299017718
81.6999999999996 45.8113605950716 104.762325760319 63.8009302614812 23.4906317380677 0.213302508455601 0.0568362810143023
81.7999999999996 45.8708859603154 104.719371466782 63.7883834895819 23.5298844614003 0.211711983225378 0.0582183724429529
81.8999999999996 45.9304501806236 104.67645573948 63.7765184154411 23.5694490504505 0.210116349868114 0.0594760657359671
81.9999999999996 45.9900527599463 104.633583500104 63.7653340191247 23.6093156759888 0.20851739081595 0.0606057935649203
82.0999999999996 46.0496931366624 104.59075955802 63.7548291023668 23.6494745012107 0.206916737888432 0.0616026147109253
82.1999999999996 46.1093706885207 104.547988610968 63.7450022903386 23.6899156936934 0.205315915513591 0.0624612772368326
82.2999999999996 46.1690847366289 104.505275246719 63.7358520337803 23.7306294365928 0.203716334778334 0.063177409173672
82.3999999999996 46.2288345492489 104.462623945124 63.7273766112765 23.7716059395396 0.20211928357827 0.0637464135260826
82.4999999999996 46.2886193458653 104.420039080174 63.7195741315368 23.8128354495247 0.200525923400873 0.064163474948444
82.5999999999996 46.3484383015248 104.377524922062 63.7124425356762 23.854308261784 0.198937286615406 0.0644235658383584
82.6999999999996 46.4082905514295 104.335085639239 63.705979599496 23.8960147306836 0.19735427427287 0.0645214516922117
82.7999999999996 46.4681751957633 104.292725300479 63.7001829357644 23.9379452806044 0.195777654415222 0.0644516954917157
82.8999999999996 46.5280913047356 104.250447876934 63.695049996497 23.9800904168278 0.194208060898999 0.0642086609050813
82.9999999999996 46.5880379238207 104.208257244201 63.6905780752376 24.0224407364202 0.19264599273727 0.0637865140490982
83.0999999999996 46.6480140791539 104.166157184384 63.6867643093454 24.0649869390902 0.191091814666923 0.0632012234561205
83.1999999999995 46.7080187824293 104.124151388357 63.6836056824599 24.107719837325 0.189545782690219 0.0624693355568575
83.2999999999995 46.7680510342758 104.082243458523 63.6810990274146 24.1506303646954 0.188008082391164 0.0615855977276723
83.3999999999995 46.8281098271136 104.040436911754 63.6792410293282 24.193709583439 0.186478833568131 0.0605445704268339
83.4999999999995 46.8881941481187 103.998735182357 63.6780282287027 24.2369486920165 0.184958090051875 0.0593406220842019
83.5999999999995 46.94830298231 103.957141625022 63.6774570245207 24.2803390326678 0.183445839865013 0.0579679228064078
83.6999999999995 47.0084353157516 103.915659517782 63.6775236773441 24.3238720989677 0.181942005733654 0.0564204367843776
83.7999999999995 47.068590138862 103.874292064969 63.6782243124115 24.3675395433819 0.18044644595967 0.0546919132862275
83.8999999999995 47.1287664498222 103.833042400167 63.6795549227361 24.4113331848232 0.178958955667262 0.0527758760891618
83.9999999999995 47.1889632580749 103.791913589172 63.6815113722039 24.455245016207 0.177479268435366 0.0506656112758678
84.0999999999995 47.2491795878827 103.750908632947 63.6840893986786 24.4992672119717 0.176007064941126 0.0483956841333132
84.1999999999995 47.3094144813007 103.710030470549 63.6872846172964 24.5433921346582 0.174542017700233 0.0460020259754767
84.2999999999995 47.369666999541 103.669281982017 63.6910925242418 24.5876123391045 0.173083811972278 0.043479643482711
84.3999999999995 47.4299362237534 103.628665991216 63.6955085007129 24.6319205757006 0.171632144881669 0.0408233489065116
84.4999999999995 47.4902212558635 103.588185268701 63.7005278168939 24.6763097936063 0.170186725578678 0.0380277536553977
84.5999999999995 47.5505212194928 103.547842534567 63.7061456359274 24.7207731439702 0.168747275605662 0.0350872619135334
84.6999999999995 47.6108352609624 103.507640461304 63.7123570178875 24.7653039831479 0.167313529480436 0.0319960644044253
84.7999999999995 47.6711625503812 103.467581676652 63.7191569237519 24.8098958759207 0.165885235505333 0.0287481324232236
84.8999999999995 47.7315022828193 103.427668766456 63.7265402193747 24.8545425987135 0.164462156814061 0.0253372122780968
84.9999999999994 47.7918536795669 103.387904277521 63.7345016794587 24.899238142814 0.163044072667375 0.0217568203223074
85.0999999999994 47.8522159894568 103.34829072046 63.7430359915363 24.9439767175522 0.161630802734103 0.0180525438742365
85.1999999999994 47.9125884896466 103.308830572423 63.7521377601575 24.9887527524821 0.160222294875777 0.0142720291759337
85.2999999999994 47.9729704849035 103.269526279509 63.7618015116059 25.0335608970283 0.158818588259143 0.0104116748155329
85.3999999999994 48.0333613063775 103.230380259056 63.7720216988223 25.0783960191343 0.157419793265379 0.0064678510216063
85.4999999999994 48.0937603104749 103.191394901927 63.7827927063359 25.1232532038721 0.156026089593115 0.00243691770763227
85.5999999999994 48.1541668778606 103.152572574795 63.7941088551964 25.1681277520519 0.154637724491177 -0.00168475530130621
85.6999999999994 48.214580412596 103.113915622428 63.8059644079052 25.2130151788321 0.153255011121276 -0.00590076558772715
85.7999999999994 48.2750003414134 103.075426369977 63.8183535733471 25.2579112123286 0.151878327051767 -0.0102146527294964
85.8999999999994 48.3354261131329 103.037107125258 63.8312705117217 25.302811792225 0.150508112881723 -0.0146298699001483
85.9999999999994 48.3958571982241 102.998960181037 63.8447093394754 25.3477130683822 0.149144870993814 -0.0191497521358154
86.0999999999994 48.4562930884984 102.960987817315 63.8586641342375 25.3926113994174 0.14778918281848 -0.0237308193475499
86.1999999999994 48.5167332964865 102.923192303461 63.8731289398861 25.4375033504962 0.14644177227172 -0.0283270922482265
86.2999999999994 48.5771773537928 102.885575899992 63.8880977719432 25.4823856891225 0.145103464331175 -0.0329377343308422
86.3999999999994 48.6376248091577 102.848140860213 63.903564623098 25.5272553801419 0.143775164736857 -0.0375614552209085
86.4999999999994 48.6980752266784 102.810889431845 63.9195234687361 25.5721095807135 0.142457855637983 -0.0421964645128009
86.5999999999994 48.7585281842121 102.773823858661 63.9359682724684 25.6169456352825 0.141152591294563 -0.0468404245101299
86.6999999999993 48.8189832719606 102.736946382113 63.9528929916599 25.6617610705523 0.139860493819709 -0.0514904021973485
86.7999999999993 48.8794400912391 102.700259242968 63.9702915829587 25.7065535904572 0.138582748949246 -0.0561428208416972
86.8999999999993 48.9398982534307 102.663764682936 63.9881580078247 25.7513210711343 0.137320601825504 -0.0607934117145172
86.9999999999993 49.0003573791244 102.627464946306 64.0064862380589 25.7960615558961 0.136075352779917 -0.065437166580564
87.0999999999993 49.0608170974294 102.591362281569 64.0252702613306 25.8407732501843 0.13484834219487 -0.0700372587009787
87.1999999999993 49.1212770451852 102.555458942919 64.0445040866718 25.8854545160476 0.133640916786485 -0.0745546363203188
87.2999999999993 49.1817368656262 102.519757191425 64.0641817498859 25.9301038654098 0.132454462900252 -0.078979722851876
87.3999999999993 49.242196206933 102.484259296078 64.0842973189237 25.9747199528612 0.131290412181057 -0.0833020663808838
87.4999999999993 49.3026547209453 102.448967534828 64.1048448992574 26.0193015684322 0.13015023543085 -0.0875103333982504
87.5999999999993 49.363112062044 102.413884195629 64.1258186392546 26.0638476303666 0.129035436463705 -0.0915923124358804
87.6999999999993 49.4235678862024 102.379011577473 64.1472127355531 26.1083571778951 0.12794754596226 -0.0955349288425891
87.7999999999993 49.4840218502028 102.344351991435 64.1690214384346 26.1528293640084 0.126888115337409 -0.0993242720057085
87.8999999999993 49.5444736110159 102.309907761713 64.1912390571993 26.1972634482306 0.125858710603465 -0.10294563624538
87.9999999999993 49.6049228253409 102.275681226665 64.2138599655402 26.2416587893929 0.124860906279132 -0.106383576481132
88.0999999999993 49.6653691492973 102.241674739846 64.2368786069067 26.2860148384021 0.123896219910675 -0.109614769935571
88.1999999999993 49.7258122381588 102.20789067091 64.2602894996075 26.3303311308938 0.122965929106336 -0.112615891879459
88.2999999999993 49.7862517459366 102.174331406172 64.2840872412461 26.3746072795925 0.122071246272466 -0.115370754619781
88.3999999999993 49.8466873249556 102.140999349037 64.3082665128958 26.4188429665544 0.121213372848151 -0.117862960836727
88.4999999999992 49.9071186255225 102.107896920422 64.3328220832633 26.4630379354078 0.120393494023488 -0.120076029750231
88.5999999999992 49.9675452956861 102.075026559184 64.3577488128535 26.5071919835917 0.119612773717453 -0.121993535635892
88.6999999999992 50.0279669810878 102.042390722536 64.3830416581332 26.5513049545955 0.118872349865071 -0.123599257470179
88.7999999999992 50.0883833248993 102.009991886482 64.4086956756954 26.5953767301982 0.118173330060374 -0.124877338078299
88.8999999999992 50.1487939678454 101.977832546229 64.4347060264235 26.6394072227079 0.117516787610241 -0.125812450841043
88.9999999999992 50.2091985483085 101.945915216618 64.4610679796556 26.6833963672009 0.116903758048484 -0.126389971636768
89.0999999999992 50.2695967025139 101.914242432541 64.4877769173302 26.7273441137701 0.116335130789344 -0.12661733935146
89.1999999999992 50.329988064819 101.882816749201 64.514828337651 26.7712504199955 0.115811333050974 -0.12650541906467
89.2999999999992 50.3903722681209 101.851640741989 64.5422178575322 26.8151152439819 0.115332648925086 -0.126046199670357
89.3999999999992 50.450748944295 101.820717006194 64.5699412145631 26.8589385376196 0.114899325045028 -0.125232867838703
89.4999999999992 50.51111772463 101.790048156721 64.5979942689538 26.9027202398537 0.114511570833157 -0.124059892784933
89.5999999999992 50.5714782402571 101.759636827799 64.6263730054814 26.9464602699527 0.114169559280964 -0.122523099151424
89.6999999999992 50.6318301225737 101.729485672693 64.655073535436 26.9901585207785 0.11387342827661 -0.120619726654756
89.7999999999992 50.692173003664 101.699597363413 64.6840920985664 27.0338148520546 0.113623282484199 -0.118348475570434
89.8999999999992 50.7525065167153 101.669974590428 64.7134250650264 27.0774290836364 0.113419195775998 -0.115709537305393
89.9999999999992 50.812830296433 101.640620062378 64.7430689373207 27.1210009887795 0.113261214209818 -0.112704609805105
90.0999999999992 50.8731439794607 101.611536505775 64.7730203522272 27.1645302874275 0.113149228765234 -0.109382916274871
90.1999999999992 50.9334472049198 101.58272666454 64.8032760821054 27.2080166399798 0.113082590115554 -0.105797363291649
90.2999999999991 50.9937396152246 101.5541932991 64.8338330346449 27.251459642276 0.113060510649736 -0.101956919181492
90.3999999999991 51.0540208569408 101.525939185318 64.864688252001 27.2948588210609 0.113082200439056 -0.0978712988831686
90.4999999999991 51.1142905815644 101.497967113419 64.8958389099052 27.3382136294676 0.11314687175085 -0.0935508721486586
90.5999999999991 51.1745484462193 101.470279886904 64.927282316777 27.3815234425006 0.1132537436254 -0.0890065706706748
90.6999999999991 51.2347941142786 101.442880321478 64.9590159128348 27.4247875525187 0.113402046487413 -0.0842497957730551
90.7999999999991 51.2950272559146 101.415771243974 64.9910372692071 27.4680051647187 0.11359102676205 -0.0792923281267175
90.8999999999991 51.3552475485811 101.388955491267 65.0233440870442 27.5111753926179 0.113819951470245 -0.0741462408837238
90.9999999999991 51.415454677433 101.362435909206 65.0559341966286 27.5542972535376 0.114088112774875 -0.0688238173704665
91.0999999999991 51.4756483356962 101.336215351525 65.0888055564646 27.59736966411 0.114394713033304 -0.0633957722118738
91.1999999999991 51.5358282251575 101.310296678633 65.1219562517824 27.6403914364009 0.114738511421857 -0.0579330961395816
91.2999999999991 51.5959940570184 101.284682756086 65.1553844915597 27.6833612755981 0.115118186463482 -0.0524480642163729
91.3999999999991 51.6561455528054 101.25937645292 65.1890886049598 27.7262777783145 0.115532457755737 -0.0469522178464084
91.4999999999991 51.7162824451622 101.234380639991 65.2230670377458 27.7691394309167 0.115980087786588 -0.0414563457947974
91.5999999999991 51.7764044785219 101.20969818831 65.2573183486966 27.8119446078519 0.116459883503327 -0.0359704752429163
91.6999999999991 51.8365114096653 101.185331967372 65.2918412060212 27.8546915699761 0.116970697649162 -0.0305038718540563
91.7999999999991 51.8966030081685 101.161284843499 65.326634383774 27.8973784628818 0.117511429889089 -0.0250650477676044
91.8999999999991 51.9566790567455 101.137559678167 65.36169675827 27.9400033152254 0.11808102774143 -0.0196617764691397
91.999999999999 52.0167393514903 101.114159326347 65.3970273044995 27.982564037055 0.118678487338546 -0.0143011134853386
92.099999999999 52.0767837020307 101.091086634837 65.432625092529 28.0250584181624 0.119302782124917 -0.00904436689330074
92.199999999999 52.1368119318096 101.068344440593 65.4684892835243 28.0674841270615 0.119952643775004 -0.00395085454094401
92.299999999999 52.1968238788142 101.045935569055 65.5046191248154 28.109838711559 0.12062677061103 0.000976591609810525
92.399999999999 52.2568193963944 101.023862832468 65.541013944585 28.152119599951 0.121323896848752 0.00573603315976326
92.499999999999 52.3167983539526 101.002129028203 65.5776731465413 28.1943241022448 0.122042790812509 0.010326352097505
92.599999999999 52.3767606375 100.980736937078 65.6145962045918 28.2364494113799 0.122782253203351 0.0147471793947991
92.699999999999 52.4367061500803 100.95968932168 65.6517826575165 28.2784926044491 0.123541115444141 0.0189988259370541
92.799999999999 52.496634812063 100.938988924685 65.6892321036411 28.3204506439202 0.124318238120465 0.0230822161987321
92.899999999999 52.5565465613069 100.918638467182 65.7269441955109 28.3623203788569 0.125112509536081 0.0269988250034055
92.999999999999 52.6164413531956 100.898640646989 65.7649186345636 28.4040985461405 0.125922844396481 0.0307506175807716
93.099999999999 52.6763191605543 100.878998136986 65.8031551658004 28.4457817717092 0.126748169279019 0.034303731900683
93.199999999999 52.7361799736971 100.85971358354 65.8416535723857 28.4873665722846 0.127587374976824 0.0376258557426712
93.299999999999 52.7960238009972 100.840789605216 65.880413670067 28.52884935833 0.128439343640338 0.0407218825300264
93.399999999999 52.8558506695785 100.822228791593 65.9194353015242 28.5702264374957 0.129302958680566 0.043597018886042
93.499999999999 52.9156606258779 100.804033702074 65.9587183307162 28.6114940180821 0.130177103186889 0.0462567298706229
93.599999999999 52.9754537360676 100.786206864714 65.9982626372276 28.652648212503 0.131060658634224 0.0487066883850567
93.699999999999 53.0352300863338 100.768750775031 66.0380681106146 28.6936850407496 0.131952503880718 0.0509527285385834
93.7999999999989 53.0949897830092 100.751667894825 66.078134644752 28.7346004338534 0.132851514450475 0.0530008027698667
93.8999999999989 53.1547329525579 100.734960651001 66.1184621321798 28.7753902373498 0.133756562098106 0.0548569425024533
93.9999999999989 53.2144597414076 100.71863143438 66.1590504584492 28.8160502147415 0.134666514650381 0.0565272221502568
94.0999999999989 53.2741703156398 100.702682598527 66.199899496476 28.8565760509742 0.135580258298147 0.058001084195841
94.1999999999989 53.3338648608161 100.687116458702 66.2410091010639 28.8969633562244 0.136496757373647 0.0592683146756543
94.2999999999989 53.3935435824015 100.671935291136 66.2823791038597 28.9372076704823 0.13741497563662 0.0603354687621191
94.3999999999989 53.4532067063348 100.65714133244 66.3240093084787 28.977304468446 0.138333852535182 0.0612090200973265
94.4999999999989 53.5128544794612 100.642736779014 66.3658994856369 29.0172491644294 0.139252303685719 0.0618953383523679
94.5999999999989 53.572487169812 100.628723786464 66.4080493682831 29.0570371172689 0.140169221634214 0.0624006684435888
94.6999999999989 53.632105066724 100.615104469005 66.4504586467308 29.0966636352302 0.141083476890453 0.0627311113341387
94.7999999999989 53.6917084807965 100.601880898884 66.4931269637903 29.136123980916 0.141993919223792 0.0628926063090226
94.8999999999989 53.751297743678 100.58905510578 66.5360539099009 29.1754133761727 0.142899379212114 0.0628909146511237
94.9999999999989 53.8108732076797 100.576629076225 66.5792390182627 29.2145270069973 0.14379867003255 0.0627316046232448
95.0999999999989 53.8704352452212 100.564604753013 66.6226817599817 29.2534600284488 0.144690633563021 0.0624221153621449
95.1999999999989 53.9299842483835 100.552984034711 66.666381539549 29.2922075696553 0.145574269020144 0.0619693017307419
95.2999999999989 53.9895206290252 100.541768775398 66.710337691169 29.330764739069 0.146448592603769 0.0613775564441779
95.3999999999989 54.0490448190322 100.530960784492 66.7545494754215 29.3691266298172 0.147312593876649 0.0606510718928466
95.4999999999988 54.1085572704221 100.520561826592 66.7990160759371 29.4072883250574 0.148165237833229 0.0597938332390666
95.5999999999988 54.1680584552872 100.510573621306 66.8437365960726 29.4452449033324 0.149005467149189 0.0588096117359812
95.6999999999988 54.2275488655712 100.500997843091 66.8887100555859 29.4829914439254 0.149832204603453 0.0577019582331154
95.7999999999988 54.2870290126739 100.491836121085 66.9339353873116 29.5205230322151 0.150644355666818 0.0564741968934466
95.8999999999988 54.3464994268817 100.483090038944 66.9794114338361 29.5578347650308 0.151440811248901 0.0551294190447931
95.9999999999988 54.4059606566168 100.474761134673 67.0251369441728 29.5949217560075 0.152220450596428 0.0536704771879299
96.0999999999988 54.4654132675134 100.466850900467 67.0711105704522 29.6317791409387 0.152982197410533 0.0521114482899509
96.1999999999988 54.5248578415565 100.45936078261 67.1173308649896 29.6684020830725 0.15372517763994 0.0504656091903023
96.2999999999988 54.584294976687 100.452292181526 67.1637962783149 29.7047857782632 0.154448555042549 0.0487343001651928
96.3999999999988 54.6437252865072 100.445646451894 67.2105051575797 29.7409254600662 0.155151479410706 0.0469186861424481
96.4999999999988 54.7031493998517 100.439424902771 67.2574557449796 29.7768164048307 0.155833089072585 0.0450197528832176
96.5999999999988 54.7625679602077 100.433628797705 67.3046461761763 29.8124539367922 0.156492513492487 0.0430383028986296
96.6999999999988 54.8219816249853 100.428259354853 67.35207447872 29.847833433165 0.157128875964211 0.0409749510546366
96.7999999999988 54.8813910646327 100.423317747101 67.399738570471 29.882950329235 0.157741296393487 0.0388301198916735
96.8999999999988 54.9407969615952 100.418805102183 67.4476362580224 29.9178001234523 0.158328894163932 0.0366040346004151
96.9999999999988 55.0002000091167 100.414722502792 67.4957652351218 29.952378382524 0.158890791083676 0.0342967176441456
97.0999999999988 55.0596009098874 100.411070986709 67.544123081107 29.9866807464999 0.159426172131775 0.0319228363484019
97.1999999999988 55.1190003747173 100.407851546973 67.5927072596887 30.020702933693 0.159934458193773 0.0294964296429424
97.2999999999987 55.1783991215374 100.4050651322 67.641515118613 30.0544407451771 0.16041512932056 0.0270163369268157
97.3999999999987 55.2377978744747 100.402712646965 67.6905438896723 30.0878900691185 0.16086766819961 0.0244812796703043
97.4999999999987 55.2971973628285 100.40079495217 67.7397906887281 30.1210468851014 0.16129156222414 0.0218898554470099
97.5999999999987 55.3565983199417 100.399312865429 67.789252515735 30.1539072684528 0.161686305608027 0.0192405316345701
97.6999999999987 55.4160014819669 100.398267161443 67.838926254764 30.186467394568 0.162051401544573 0.0165316387972868
97.7999999999987 55.4754075865264 100.397658572377 67.8888086740259 30.2187235432357 0.162386364405388 0.0137613636978475
97.8999999999987 55.5348173712691 100.397487788239 67.9388964258949 30.2506721029633 0.162690721980261 0.0109277419429312
97.9999999999987 55.5942315723219 100.397755457255 67.9891860469319 30.2823095753022 0.162964017752357 0.00802865023307257
98.0999999999987 55.653650922643 100.398462186253 68.0396739579192 30.3136325791627 0.163205874566626 0.00507854183424133
98.1999999999987 55.7130761503787 100.399608541093 68.0903564641765 30.344637854867 0.163416178611249 0.00209154308796804
98.2999999999987 55.7725079774069 100.401195047246 68.1412297565935 30.3753222675351 0.163594892875952 -0.000935128968209853
98.3999999999987 55.8319471179416 100.403222190423 68.1922899129444 30.4056828102092 0.163741996333964 -0.00400432394627864
98.4999999999987 55.8913942771075 100.405690417207 68.2435328992133 30.4357166069669 0.163857485043583 -0.00711896605364455
98.5999999999987 55.9508501494827 100.408600135689 68.2949545709191 30.4654209160353 0.16394137327233 -0.0102820620766268
98.6999999999987 56.0103154176125 100.411951716096 68.3465506744414 30.4947931329048 0.163993694646561 -0.0134967094260048
98.7999999999987 56.0697907504947 100.415745491428 68.3983168483456 30.5238307934427 0.164014503326194 -0.0167661042418848
98.8999999999987 56.1292768020408 100.419981758085 68.450248624708 30.5525315770068 0.164003875207616 -0.0200935495561746
98.9999999999987 56.1887742095137 100.424660776509 68.5023414304414 30.5808933095597 0.163961909157357 -0.023482463509466
99.0999999999986 56.2482835919465 100.429782771808 68.5545905886283 30.6089139667694 0.163888785294282 -0.0269176810184785
99.1999999999986 56.3078055485717 100.435347934416 68.6069913200544 30.6365916767838 0.163784935725945 -0.0303839969948894
99.2999999999986 56.3673406573242 100.441356420807 68.6595387452537 30.6639247221754 0.163650871385957 -0.0338848658995168
99.3999999999986 56.4268894734105 100.447808354227 68.712227886754 30.6909115415582 0.163487124641508 -0.0374237541624698
99.4999999999986 56.4864525279286 100.454703825431 68.7650536713295 30.7175507311928 0.163294249279379 -0.0410041463737637
99.5999999999986 56.5460303265402 100.462042893418 68.8180109322548 30.7438410465917 0.163072820524804 -0.0446295510374043
99.6999999999986 56.6056233481974 100.469825586167 68.8710944115578 30.7697814041234 0.162823435099208 -0.0483035058414181
99.7999999999986 56.6652320439267 100.478051901375 68.9242987622731 30.7953708826182 0.162546711319298 -0.0520295824436506
99.8999999999986 56.7248568356733 100.486721807186 68.977618550695 30.8206087249723 0.162243289244025 -0.0558113907106273
99.9999999999986 56.784498115206 100.495835242935 69.031048258631 30.8454943397531 0.161913830872107 -0.0596525823863085
100.099999999999 56.8441562430865 100.505392119876 69.0845822856606 30.8700273027893 0.161559070087307 -0.0635340448707021
100.199999999999 56.9038315476711 100.515392321879 69.1382149515363 30.8942073583767 0.161179960420849 -0.0674361956490508
100.299999999999 56.9635243241125 100.525835706026 69.1919404989475 30.9180344195095 0.160777522780526 -0.0713619466101929
100.399999999999 57.0232348334433 100.536722103164 69.245753096426 30.9415085677267 0.160352794250714 -0.0753141195687911
100.499999999999 57.0829633017804 100.54805131846 69.2996468412579 30.9646300529442 0.159906826958327 -0.0792954467417254
100.599999999999 57.142709919655 100.559823131955 69.3536157623949 30.9873992932872 0.159440686990364 -0.0833085703925828
100.699999999999 57.2024748414683 100.572037299119 69.4076538233657 31.0098168749216 0.158955453365116 -0.0873560415961262
100.799999999999 57.2622581850732 100.584693551405 69.461754925188 31.0318835518866 0.158452217057527 -0.0914403181346456
100.899999999999 57.3220600314828 100.597791596799 69.5159129092794 31.0536002459265 0.157932080082564 -0.0955637614982514
100.999999999999 57.381880424707 100.611331120379 69.5701215603691 31.0749680463225 0.157396154635223 -0.0997286329628084
101.099999999999 57.441719371713 100.625311784861 69.6243746094117 31.0959882097139 0.156845582457103 -0.103916797210268
101.199999999999 57.5015768424315 100.639733231035 69.6786657365524 31.1166621596233 0.156281593309642 -0.108109490209076
101.299999999999 57.5614527696875 100.654595077897 69.7329885742255 31.1369914852338 0.155705440980837 -0.112307809129062
101.399999999999 57.6213470491939 100.669896922667 69.7873367103046 31.1569779398707 0.1551183809975 -0.116512658325501
101.499999999999 57.6812595396888 100.685638340806 69.8417036912549 31.1766234394722 0.154521668809263 -0.120724746469192
101.599999999999 57.7411900632181 100.70181888603 69.8960830252857 31.1959300610598 0.153916558014564 -0.124944583361865
101.699999999999 57.8011384055625 100.718438090318 69.9504681855025 31.2149000412091 0.153304298625771 -0.129172476527342
101.799999999998 57.861104316807 100.735495463934 70.0048526130593 31.23353577452 0.15268613537142 -0.133408527649843
101.899999999998 57.9210875120498 100.752990495434 70.0592297203112 31.2518398120876 0.152063306032404 -0.137652628939288
101.999999999998 57.9810876722504 100.770922651683 70.1135928939665 31.2698148599724 0.151437039809101 -0.14190445952784
102.099999999998 58.0411044452082 100.789291377865 70.1679354982381 31.2874637776649 0.15080855034005 -0.146149737986909
102.199999999998 58.1011374465502 100.808096097327 70.222250877965 31.3047895763824 0.15017901805989 -0.150373795660739
102.299999999998 58.1611862605335 100.827336211036 70.27653236166 31.3217954169424 0.149549604621667 -0.154575405267424
102.399999999998 58.2212504408468 100.847011096865 70.3307732645275 31.3384846074694 0.148921456194581 -0.158753124054453
102.499999999998 58.2813295115278 100.867120108884 70.3849668914802 31.3548606010946 0.148295701362129 -0.162905297965549
102.599999999998 58.3414229679969 100.887662576644 70.4391065401565 31.3709269936563 0.147673449041395 -0.167030066812654
102.699999999998 58.4015302782043 100.908637804464 70.4931855039365 31.3866875213995 0.147055786422486 -0.171125370521813
102.799999999998 58.4616508838861 100.930045070717 70.5471970749596 31.4021460586765 0.1464437769265 -0.175188956589885
102.899999999998 58.5217842019264 100.951883627115 70.601134547141 31.4173066156465 0.145838458182367 -0.179218388801554
102.999999999998 58.5819296258208 100.974152698 70.6549912191885 31.4321733359758 0.145240840020807 -0.183211057311386
103.099999999998 58.6420865272314 100.996851479617 70.7087603976151 31.4467504945372 0.144651888961032 -0.187162783000533
103.199999999998 58.7022542574793 101.01997913929 70.7624353996316 31.4610424950899 0.144072489082274 -0.191069489696438
103.299999999998 58.7624321487258 101.043534814275 70.8160095557382 31.4750538679104 0.143503486685289 -0.194928506595326
103.399999999998 58.8226195150724 101.06751761052 70.8694762121959 31.4887892674043 0.142945702843336 -0.198737051531504
103.499999999998 58.8828156537239 101.091926601401 70.9228287334936 31.5022534697169 0.142399931602428 -0.202492246059925
103.599999999998 58.9430198462175 101.116760826468 70.9760605048158 31.5154513703445 0.14186693820848 -0.206191131843254
103.699999999998 59.0032313597126 101.142019290193 71.0291649345098 31.5283879817448 0.141347457366572 -0.209830688312502
103.799999999998 59.063449448339 101.167700960707 71.0821354565523 31.541068430948 0.140842191534813 -0.213407851539815
103.899999999998 59.1236733545983 101.193804768547 71.1349655330175 31.553497957168 0.140351809256884 -0.216919534255549
103.999999999998 59.1839023108153 101.220329605402 71.1876486565439 31.5656819094125 0.13987694353947 -0.220362646904382
104.099999999998 59.2441355406284 101.247274322854 71.240178352795 31.5776257440948 0.139418200921274 -0.223738957228951
104.199999999998 59.304372260374 101.274637731119 71.2925481827512 31.5893350226471 0.138976196877468 -0.227050065809031
104.299999999998 59.3646116801356 101.302418597779 71.3447517445719 31.6008154091407 0.138551531121495 -0.230292641568499
104.399999999998 59.4248530046867 101.330615646514 71.3967826752894 31.6120726679091 0.1381447766832 -0.23346336701173
104.499999999998 59.485095434468 101.359227555828 71.448634652495 31.6231126611716 0.137756478414568 -0.236558959456188
104.599999999998 59.5453381666017 101.38825295778 71.5003013960267 31.6339413466556 0.137387151540473 -0.239576192921741
104.699999999998 59.6055803959383 101.417690436711 71.5517766696551 31.6445647752206 0.137037280260122 -0.242511920494057
104.799999999998 59.6658213161345 101.447538527978 71.6030542827712 31.6549890884804 0.136707316406161 -0.245363096995524
104.899999999998 59.726060120757 101.477795716677 71.6541280920726 31.6652205164272 0.136397678167179 -0.248126801748532
104.999999999998 59.7862960044095 101.508460436376 71.7049920032506 31.675265375054 0.136108748880465 -0.250800261237443
105.099999999998 59.8465281638759 101.539531067848 71.7556399726706 31.685130063976 0.135840913515573 -0.25338318772804
105.199999999998 59.9067557991869 101.571005937908 71.8060660088858 31.6948210640035 0.135594673434314 -0.255874372718474
105.299999999998 59.9669781144726 101.602883318506 71.8562641737288 31.7043449345898 0.135370537411317 -0.258269880016668
105.399999999998 60.0271943187615 101.63516142594 71.9062285832353 31.7137083112313 0.135168983095979 -0.260565921063753
105.499999999998 60.0874036268135 101.667838420051 71.9559534085628 31.7229179028656 0.134990455370777 -0.262758881538407
105.599999999998 60.1476052599906 101.700912403438 72.0054328769086 31.731980489269 0.134835364781642 -0.264845347536518
105.699999999998 60.2077984471603 101.734381420659 72.0546612724275 31.7409029184547 0.134704086048383 -0.266822131035987
105.799999999998 60.2679824256291 101.768243457438 72.1036329371504 31.7496921040703 0.134596956663778 -0.268686294343704
105.899999999998 60.3281564421019 101.802496439873 72.1523422719018 31.7583550227962 0.13451427558858 -0.270435173251136
105.999999999998 60.3883197536655 101.837138233641 72.2007837372186 31.7668987117432 0.134456302050948 -0.272066398600693
106.099999999998 60.4484716287905 101.872166643209 72.2489518542628 31.7753302658447 0.134423303152941 -0.273569895784112
106.199999999998 60.5086113483317 101.907579411214 72.2968412056173 31.7836568351005 0.134415696606349 -0.274934313596723
106.299999999998 60.5687382065059 101.943374218247 72.3444464357783 31.7918856214436 0.134433899040271 -0.27615589099527
106.399999999998 60.6288515118975 101.979548682809 72.3917622515314 31.8000238754589 0.134478274771354 -0.277231276999523
106.499999999998 60.6889505885095 102.016100361266 72.438783422321 31.808078893096 0.134549133958145 -0.278157557979617
106.599999999998 60.7490347768571 102.053026747813 72.4855047806213 31.8160580123816 0.134646730923985 -0.278932281591052
106.699999999998 60.8091034350992 102.090325274426 72.5319212223061 31.8239686101328 0.134771262657245 -0.2795534770243
106.799999999998 60.8691559402029 102.127993310827 72.5780277070196 31.8318180986696 0.134922867498702 -0.280019671246036
106.899999999998 60.9291916891368 102.166028164438 72.6238192585463 31.8396139225278 0.13510162402208 -0.280329900998126
106.999999999998 60.9892101000867 102.204427080341 72.6692909651817 31.8473635551716 0.135307550115242 -0.280483720383159
107.099999999998 61.0492106136931 102.243187241242 72.7144379801012 31.8550744956969 0.135540634913466 -0.280461491179943
107.199999999998 61.1091926943439 102.282305767593 72.7592555216944 31.8627542652839 0.135800928108781 -0.280243146934596
107.299999999998 61.1691558315953 102.321779718098 72.8037388738117 31.8704104030134 0.136088427138499 -0.279828524570371
107.399999999998 61.2290995416613 102.361606090385 72.8478833859769 31.8780504614327 0.136403041754409 -0.279218170962676
107.499999999998 61.2890233689289 102.401781821673 72.8916844735972 31.8856820021116 0.136744593560045 -0.278413333023992
107.599999999998 61.3489268874881 102.442303789448 72.9351376181743 31.8933125911988 0.137112815877273 -0.277415940879512
107.699999999998 61.4088097026706 102.48316881213 72.9782383675154 31.9009497949776 0.137507353939982 -0.276228584439719
107.799999999998 61.4686714525879 102.524373649753 73.0209823359433 31.9086011754229 0.137927765408317 -0.274854483811471
107.899999999998 61.5285118096611 102.565915004626 73.0633652045079 31.9162742857564 0.138373521196545 -0.273297454074864
107.999999999998 61.5883304821364 102.607789522015 73.1053827211962 31.9239766660036 0.138844006603783 -0.27156186504822
108.099999999998 61.6481272155772 102.649993790813 73.1470307011459 31.9317158385406 0.139338518969679 -0.269634330011019
108.199999999998 61.7079017943861 102.692524344284 73.1883050269157 31.9394993034153 0.139856250196326 -0.267502309946177
108.299999999998 61.7676540434392 102.735377660992 73.2292016489027 31.9473345330927 0.140396286435784 -0.265172240972265
108.399999999998 61.8273838297288 102.778550165791 73.2697165858181 31.9552289669734 0.140957612604829 -0.262651045000789
108.499999999998 61.8870910639454 102.822038230827 73.3098459251639 31.9631900059042 0.141539115454954 -0.259946059816323
108.599999999998 61.946775701986 102.865838176535 73.3495858237106 31.9712250066873 0.142139586950265 -0.25706496760389
108.699999999998 62.0064377463785 102.909946272632 73.3889325079748 31.9793412765912 0.142757727928817 -0.254015722972858
108.799999999998 62.0660772476111 102.954358739124 73.4278822746962 31.9875460678602 0.143392152021523 -0.250806481474265
108.899999999998 62.1256943053572 102.999071747294 73.4664314913152 31.9958465722244 0.144041389804224 -0.247445529522154
108.999999999998 62.1852890695845 103.044081420708 73.5045765964503 32.00424991541 0.144703893159015 -0.243941216524904
109.099999999998 62.2448617415409 103.089383836208 73.5423141003774 32.0127631516505 0.145378031721902 -0.240304662848008
109.199999999998 62.304412574634 103.134975024901 73.5796405855595 32.0213932582289 0.146062073539994 -0.236547076502058
109.299999999998 62.3639418752417 103.180850973135 73.6165527073042 32.030147130101 0.146754214675403 -0.232676827459531
109.399999999998 62.4234500033915 103.227007623459 73.653047194472 32.0390315745483 0.147452592389486 -0.228702086355772
109.499999999998 62.4829373732696 103.273440875586 73.6891208501857 32.0480533058337 0.148155290260599 -0.224630777493216
109.599999999998 62.5424044535508 103.320146587358 73.724770552541 32.0572189398561 0.148860343376697 -0.220470536803452
109.699999999998 62.6018517675386 103.367120575709 73.7599932553157 32.0665349888059 0.149565743589921 -0.216228674761732
109.799999999998 62.6612798931078 103.414358617627 73.7947859886801 32.0760078558196 0.15026944482096 -0.21191214414609
109.899999999998 62.7206894624425 103.461856451119 73.8291458599069 32.0856438296351 0.150969368403257 -0.207527512466424
109.999999999998 62.7800811615598 103.509609776173 73.8630700540807 32.0954490792469 0.151663408458106 -0.203080938809867
110.099999999998 62.8394557296141 103.557614255721 73.8965558348074 32.1054296485765 0.152349466678335 -0.198606522002208
110.199999999998 62.8988139579707 103.605865516528 73.9296005448889 32.115591451552 0.153025553996544 -0.194136764499573
110.299999999998 62.9581566890506 103.654359149927 73.962201606916 32.1259402682257 0.153689721162377 -0.189674801913794
110.399999999998 63.0174848149602 103.703090712469 73.9943565238265 32.1364817413001 0.154340034987488 -0.185223365013921
110.499999999998 63.0767992759077 103.752055726589 74.0260628794635 32.1472213726693 0.154974581828896 -0.180784792330567
110.599999999998 63.1361010584081 103.801249681258 74.0573183391324 32.1581645199613 0.155591471042202 -0.176361043310595
110.699999999998 63.1953911932716 103.850668032642 74.0881206501594 32.1693163930796 0.15618883840475 -0.171953711719401
110.799999999998 63.254670753377 103.900306204759 74.1184676424484 32.1806820507449 0.156764849506386 -0.167564039042125
110.899999999998 63.3139408512288 103.950159590139 74.1483572290389 32.192266397037 0.157317703107192 -0.163192927657934
110.999999999998 63.373202636297 104.000223550476 74.1777874066639 32.2040741779368 0.157845634457385 -0.158840953568903
111.099999999998 63.4324572921416 104.050493417289 74.2067562563005 32.2161099778932 0.158347006621049 -0.154547636652423
111.199999999998 63.4917060333237 104.100964492512 74.2352619435463 32.2283782170569 0.158820586709672 -0.150350290171015
111.299999999998 63.5509501021366 104.151632048932 74.2633027185515 32.2408831502025 0.159265298995843 -0.14624589075287
111.399999999998 63.6101907652041 104.20249133057 74.290876915777 32.2536288663184 0.159680139165432 -0.142231359387231
111.499999999998 63.6694293099625 104.253537553052 74.3179829537447 32.26661928822 0.160064174223278 -0.138303576545936
111.599999999998 63.7286670410325 104.304765903982 74.3446193347887 32.2798581721646 0.160416542381962 -0.134459395073034
111.699999999998 63.7879052764875 104.356171543325 74.3707846448063 32.2933491074658 0.160736452926929 -0.130695651039082
111.799999999998 63.8471453440249 104.407749603771 74.3964775530088 32.3070955161076 0.161023186051543 -0.127009172760895
111.899999999998 63.9063885770462 104.459495191118 74.4216968116722 32.3211006523585 0.161276092655274 -0.123396788152054
111.999999999998 63.9656363106535 104.511403384642 74.4464412558883 32.3353676023865 0.161494594099654 -0.119855330577484
112.099999999998 64.0248898775702 104.563469237473 74.4707098033062 32.3498992838972 0.161678289761661 -0.116413299577356
112.199999999998 64.0841506040242 104.615687776938 74.4945014536317 32.3646984464029 0.161827284810938 -0.113097780245025
112.299999999998 64.1434198056908 104.668054004823 74.5178152875119 32.3797676730935 0.161941873058255 -0.109903664784413
112.399999999998 64.2026987837057 104.720562897615 74.5406504651773 32.3951093833368 0.16202242723669 -0.106826071846925
112.499999999998 64.2619888207424 104.773209406733 74.5630062250751 32.4107258352044 0.162069395867375 -0.103860339798968
112.599999999998 64.3212911771586 104.82598845876 74.5848818825024 32.4266191279963 0.162083300146594 -0.101002019564636
112.699999999998 64.3806070872217 104.878894955682 74.6062768282385 32.4427912047665 0.162064730851563 -0.098246867193598
112.799999999998 64.4399377554204 104.931923775118 74.6271905271788 32.4592438548481 0.162014345264508 -0.0955908362610716
112.899999999998 64.499284352868 104.985069770559 74.6476225169674 32.4759787163786 0.161932864114778 -0.0930300702017324
112.999999999998 64.5586480138066 105.038327771599 74.66757240663 32.4929972788252 0.16182106854017 -0.0905608946521281
113.099999999998 64.6180298322191 105.091692584169 74.6870398752006 32.5103008855242 0.161679870031626 -0.0881957142261621
113.199999999998 64.6774308586117 105.145158990778 74.7060246701738 32.5278907365929 0.161510526878931 -0.0859464844502171
113.299999999998 64.7368520970872 105.198721750761 74.7245266055156 32.5457678927878 0.161314422672193 -0.0838091772508458
113.399999999998 64.7962945026619 105.252375600528 74.7425455595012 32.5639332797341 0.161092989275647 -0.0817800029629939
113.499999999998 64.8557589787864 105.306115253822 74.7600814725446 32.5823876921705 0.160847702643931 -0.079855395741527
113.599999999998 64.9152463750719 105.359935401966 74.7771343450298 32.6011317981936 0.160580078730735 -0.078031999501553
113.699999999998 64.9747574852254 105.413830714119 74.7937042351408 32.6201661435023 0.160291669491183 -0.0763066543801635
113.799999999998 65.0342930451966 105.467795837527 74.8097912566926 32.6394911556422 0.159984058981479 -0.0746763836691765
113.899999999998 65.093853731541 105.521825397777 74.8253955769609 32.6591071482504 0.159658859556478 -0.0731383812139852
113.999999999998 65.1534401599984 105.575913999046 74.8405174145132 32.6790143252993 0.159317708168285 -0.0716899992272166
114.099999999998 65.2130528842918 105.63005622436 74.8551570370386 32.6992127853421 0.158962267197284 -0.0703280507954219
114.199999999998 65.2726923951725 105.68424663587 74.8693147591624 32.7197025257681 0.158594233550512 -0.0690494506725341
114.299999999998 65.3323591197528 105.738479775212 74.8829909402241 32.740483447085 0.158215320725033 -0.0678519083021221
114.399999999998 65.3920534210909 105.79275016389 74.8961859820395 32.7615553572128 0.157827250859361 -0.0667332485075956
114.499999999998 65.451775598 105.847052303661 74.9089003266628 32.7829179757768 0.15743175149128 -0.0656914008857288
114.599999999998 65.5115258850829 105.901380676918 74.9211344541487 32.8045709384019 0.157030552417834 -0.0647243895063252
114.699999999998 65.5713044529894 105.955729747077 74.9328888803138 32.8265138010055 0.156625382654548 -0.0638303228873023
114.799999999998 65.6311114088961 106.010093958965 74.9441641544993 32.8487460440922 0.156217967492229 -0.0630073842405663
114.899999999998 65.6909467972078 106.0644677392 74.9549608573326 32.8712670770465 0.155810025647229 -0.0622538219667364
114.999999999998 65.7508106004774 106.118845496578 74.965279598489 32.8940762424271 0.155403266502352 -0.0615679403903805
115.099999999998 65.8107027405424 106.173221622462 74.9751210144591 32.9171728202512 0.154999337363772 -0.0609387565538315
115.199999999998 65.8706230798327 106.227590491194 74.9844857664456 32.9405560320424 0.154599671092103 -0.0603555790374929
115.299999999998 65.9305714227641 106.281946460597 74.9933745385903 32.9642250442777 0.154205634835215 -0.0598172040651033
115.399999999998 65.9905475172563 106.3362838725 75.0017880363311 32.9881789715981 0.153818578344148 -0.0593224487460928
115.499999999998 66.0505510564101 106.390597053263 75.0097269847644 33.0124168800092 0.153439832193239 -0.0588701471939962
115.599999999998 66.1105816803417 106.444880314311 75.0171921270069 33.0369377900831 0.15307070604898 -0.0584591468088593
115.699999999998 66.1706389781733 106.499127952661 75.0241842225577 33.0617406801591 0.152712486983673 -0.0580883047504366
115.799999999998 66.2307224901769 106.553334251447 75.0307040456604 33.086824489545 0.152366437831407 -0.0577564845991778
115.899999999998 66.2908317100701 106.607493480453 75.0367523836653 33.1121881217185 0.152033795582104 -0.0574625532194931
115.999999999998 66.3509660874605 106.661599896638 75.0423300353914 33.1378304475284 0.151715769812044 -0.0572053778365371
116.099999999998 66.4111250304342 106.715647744668 75.0474378094958 33.1637503083837 0.151413473425193 -0.0569745509636124
116.199999999998 66.4713079081748 106.769631257445 75.0520765230381 33.1899465191418 0.151127720276198 -0.0567600290908222
116.299999999998 66.5315140534161 106.823544656651 75.0562470005381 33.216417870228 0.150859231216794 -0.0565612247876952
116.399999999998 66.5917427648675 106.877382153293 75.0599500732287 33.2431631294537 0.150608701649368 -0.056377551716774
116.499999999998 66.6519933097075 106.93113794825 75.0631865783157 33.2701810438233 0.150376800835458 -0.0562084248177569
116.599999999998 66.7122649261512 106.984806232817 75.065957358238 33.2974703413398 0.150164171211657 -0.0560532605434485
116.699999999998 66.772556826089 107.038381189254 75.0682632599274 33.3250297328118 0.149971427714361 -0.0559114771709695
116.799999999998 66.8328681977954 107.091856991328 75.070105134069 33.3528579136598 0.149799157111731 -0.0557824951747102
116.899999999998 66.8931982087065 107.145227804861 75.071483834361 33.3809535657225 0.149647917343324 -0.0556657376429847
116.999999999998 66.9535460082666 107.198487788278 75.0724002167747 33.409315359063 0.149518236865764 -0.0555606307661678
117.099999999998 67.0139107308348 107.251631093146 75.07285513882 33.4379419537663 0.149410567040718 -0.0554598525615528
117.199999999998 67.0742914985173 107.304651864698 75.0728494589437 33.4668320014952 0.149325143760096 -0.0553563684357345
117.299999999998 67.1346874236912 107.357544242266 75.0723840362677 33.4959841464329 0.149262133459217 -0.0552500469739163
117.399999999998 67.1950976114124 107.410302359705 75.0714597304593 33.5253970259856 0.149221680706133 -0.0551407686184895
117.499999999998 67.2555211618365 107.462920345797 75.0700774016084 33.5550692714752 0.149203908056005 -0.0550284259809841
117.599999999998 67.3159571726572 107.515392324669 75.0682379101033 33.5849995088313 0.149208915899997 -0.0549129240968343
117.699999999998 67.3764047415631 107.567712416203 75.0659421165072 33.6151863592848 0.149236782308945 -0.0547941806168238
117.799999999998 67.4368629687104 107.619874736449 75.0631908814342 33.6456284400598 0.149287562871859 -0.0546721259464205
117.899999999998 67.4973309592132 107.671873398039 75.0599850654259 33.6763243650667 0.149361290529187 -0.0545467033127656
117.999999999998 67.5578078256507 107.723702510598 75.0563255288278 33.7072727455949 0.149457975399881 -0.0544178687735308
118.099999999998 67.618292690585 107.775356181156 75.0522131316666 33.7384721910004 0.149577590176995 -0.054282004562524
118.199999999998 67.6787846889897 107.82682851451 75.0476487335627 33.769921309271 0.149720029117931 -0.0541356127365161
118.299999999998 67.7392829704163 107.87811361347 75.04263319373 33.8016187072782 0.149885155501438 -0.0539788491994483
118.399999999998 67.7997867010575 107.929205579052 75.0371673710113 33.8335629909061 0.150072816600435 -0.0538118834037809
118.499999999998 67.8602950658084 107.980098510674 75.0312521239137 33.8657527651757 0.150282843606975 -0.0536348977259984
118.599999999998 67.920807270328 108.03078650635 75.0248883106454 33.8981866343689 0.150515051547566 -0.0534480867866267
118.699999999998 67.9813225431033 108.081263662885 75.0180767891512 33.9308632021533 0.150769239186299 -0.0532516567408478
118.799999999998 68.0418401375137 108.131524076067 75.0108184171489 33.9637810717055 0.151045188918262 -0.0530458245234451
118.899999999998 68.1023593338981 108.181561840865 75.0031140521656 33.9969388458362 0.151342666651466 -0.0528308170699772
118.999999999998 68.162879441622 108.231371051618 74.9949645515732 34.0303351271136 0.151661421678751 -0.0526068705041097
119.099999999998 68.2233998011455 108.280945802233 74.9863707726251 34.0639685179874 0.15200118844648 -0.0523736220707931
119.199999999998 68.2839197860477 108.330280186339 74.9773335724855 34.0978376208841 0.152361693181945 -0.0521307136111676
119.299999999998 68.3444388049414 108.379368297353 74.967853808245 34.1319410382345 0.15274264983755 -0.0518783992719811
119.399999999997 68.4049563033465 108.428204228501 74.95793233693 34.1662773724737 0.15314375824574 -0.0516169388801713
119.499999999997 68.4654717655646 108.476782072856 74.9475700155119 34.2008452260401 0.153564703904673 -0.0513465971528051
119.599999999997 68.5259847165563 108.525095923351 74.9367677009158 34.2356432013743 0.154005157753729 -0.0510676429222336
119.699999999997 68.5864947238215 108.573139872817 74.9255262500303 34.2706699009184 0.15446477593895 -0.0507803483588638
119.799999999997 68.647001399283 108.620908014001 74.9138465197164 34.3059239271143 0.154943199569132 -0.0504849882161647
119.899999999997 68.7075044011713 108.668394439596 74.9017293668166 34.3414038824035 0.155440054462623 -0.0501818390904646
119.999999999997 68.7680034359134 108.715593242266 74.889175648164 34.3771083692256 0.155954950886662 -0.0498711786991423
