#t s x y z curvature torsion
5 0 127.771123371052 95.2178009100909 5.86913753919394 0.0536019608373208 1.32024280170172
5.1 0.055481952762688 127.735705276364 95.1853355490802 5.8968829169262 0.0419451144764455 2.16113238329228
5.2 0.110981584046195 127.700345142903 95.152757130505 5.92460505027417 0.0309772419389324 3.94341563571501
5.3 0.16649702635832 127.665033851419 95.1200967448947 5.95232465057097 0.0217550301666428 7.92030334886267
5.4 0.222026239740713 127.629762268271 95.0873854151604 5.98006231211766 0.0171995200204252 12.5260239572431
5.5 0.277567085657993 127.594521238408 95.0546540084488 6.00783838804803 0.0204580957689181 8.75592062854639
5.6 0.333117399218777 127.559301578355 95.0219331479944 6.03567286619344 0.0287894607143246 4.38645451882768
5.7 0.388675058398553 127.524094069196 94.9892531249736 6.06358524494763 0.038863903844235 2.40204966629943
5.8 0.444238048978415 127.488889449555 94.9566438103569 6.09159440913149 0.049430377689287 1.49445801215475
5.9 0.499804523964898 127.453678408578 94.9241345667625 6.11971850585791 0.0600372343453711 1.03081417658691
6 0.55537285632256 127.418451578922 94.8917541603094 6.14797482039656 0.0704795030885162 0.770986613532301
6.1 0.6109416836158 127.383199529122 94.8595306733859 6.17637965171348 0.0806436581970742 0.619664579827729
6.2 0.666509935877188 127.347912740105 94.827491441228 6.20494817955409 0.0904687882826224 0.53264021202035
6.3 0.722076834069633 127.31258154143 94.7956630489356 6.23369431005971 0.099918984879365 0.484689712297347
6.4 0.777641871941352 127.277196031672 94.7640713522987 6.26263051292749 0.108971309470565 0.462226181759293
6.49999999999999 0.833204789300708 127.241745998185 94.7327414995382 6.2917676582452 0.117612079814715 0.457485709120719
6.59999999999999 0.88876553734873 127.206220836878 94.701697953048 6.32111485332588 0.125835552180833 0.465817867654483
6.69999999999999 0.944324236568461 127.170609471983 94.670964511136 6.35067927954262 0.133643807080275 0.484325411242902
6.79999999999999 0.999881127867063 127.134900275822 94.6405643297658 6.38046602916326 0.14104731457576 0.511133519612951
6.89999999999999 1.05543651788342 127.09908098858 94.6105199442981 6.4104779421851 0.14806592851447 0.54496998482513
6.99999999999999 1.11099071961326 127.063138638074 94.580853291232 6.44071544316964 0.154730175448991 0.584905492185941
7.09999999999999 1.16654399108611 127.027059462035 94.5515857259047 6.47117637958872 0.161059934447665 0.623188759817114
7.19999999999999 1.22209650593939 126.99082889577 94.5227379350947 6.5018558994675 0.166990668115947 0.654866197989926
7.29999999999999 1.27764840296632 126.954431725764 94.494329582844 6.53274642878091 0.172430930447682 0.682990596073805
7.39999999999999 1.33319985267259 126.917852308666 94.4663788511852 6.56383768814698 0.177284600680662 0.710262356780093
7.49999999999999 1.38875110443079 126.881074792781 94.4389019768249 6.59511671103155 0.181452687748646 0.739182047903507
7.59999999999999 1.4443025115044 126.844083339566 94.411912787829 6.62656786195302 0.184835773175755 0.772201073438633
7.69999999999999 1.49985453307612 126.806862345129 94.3854222403064 6.65817285468705 0.187337115674198 0.811881167701547
7.79999999999999 1.5554077130921 126.769396661716 94.3594379550937 6.68991077047132 0.188866565348686 0.861074211602112
7.89999999999999 1.6109626365765 126.731671819218 94.3339637544394 6.72175807621021 0.18934558656217 0.923134721305596
7.99999999999999 1.66651986508562 126.693674246654 94.3089991986884 6.75368864267954 0.188713895810082 1.00217639941499
8.09999999999999 1.72207985394171 126.655391491969 94.2845391285345 6.7856737645875 0.18697562441433 1.09915218007162
8.19999999999999 1.7776428521359 126.616812397389 94.2605733520543 6.8176822288959 0.184315708777023 1.21219777326759
8.29999999999999 1.83320879588269 126.577927162018 94.2370866992597 6.84968050564865 0.180985540492124 1.34149638722178
8.39999999999999 1.88877722469693 126.538727360011 94.2140592214313 6.88163298706056 0.177268358792172 1.48608303879019
8.49999999999999 1.94434723100324 126.499205957033 94.1914663960209 6.91350222846243 0.173481816650362 1.64297566986058
8.59999999999999 1.99991744502408 126.459357326723 94.1692793315526 6.94524918924601 0.169977528058701 1.80617223208604
8.69999999999999 2.05548605557098 126.419177267154 94.1474649725255 6.976833473809 0.167134951401074 1.96583773382752
8.79999999999999 2.1110508665889 126.378663017296 94.1259863043154 7.00821357250015 0.165346646361361 2.10831231177812
8.89999999999999 2.16660938860607 126.337813273481 94.1048025580763 7.03934710256419 0.164993083646957 2.2177065809144
8.99999999999999 2.22215896361962 126.29662820586 94.0838694156429 7.07019104908689 0.166408627941455 2.27938161945428
9.09999999999999 2.27769692171219 126.25510947589 94.0631392197273 7.10070201151168 0.169825296969729 2.27012364554176
9.19999999999999 2.33322077398477 126.213260280388 94.0425613217808 7.13083659501813 0.17523984615182 2.18321639534126
9.29999999999998 2.38872844278037 126.171085463029 94.0220827793158 7.16055216962674 0.182402825876765 2.04098079610683
9.39999999999998 2.44421849480108 126.128591652415 94.0016491908921 7.18980777416558 0.190879987275591 1.86994022649543
9.49999999999998 2.49969034762504 126.08578740117 93.9812055363985 7.21856502580851 0.20012126416047 1.69328862897421
9.59999999999998 2.55514442885495 126.042683325028 93.9606970173346 7.24678902961349 0.209522502737474 1.52743817281724
9.69999999999998 2.61058226863803 125.999292241924 93.9400698970922 7.27444928806077 0.218469361140819 1.38217104754474
9.79999999999998 2.66600650848276 125.955629311087 93.9192723412368 7.30152061059116 0.226363698779473 1.2625158325646
9.89999999999998 2.7214208125446 125.911712172131 93.8982552577896 7.32798402314431 0.232637691988579 1.17090232717474
9.99999999999998 2.77682967189548 125.867561084146 93.8769731375084 7.35382767769693 0.236761318786108 1.10900689966535
10.1 2.83223809804305 125.823199059021 93.8553848841311 7.37904774373747 0.238387286101369 1.07842341387764
10.2 2.88765122461538 125.778651844814 93.8334543836067 7.40364883008857 0.237773071305741 1.07285479394277
10.3 2.94307390580434 125.733947528462 93.811150410762 7.42764321453511 0.235350933647603 1.08420955834036
10.4 2.99851039029969 125.689115988536 93.788446274956 7.45104960379997 0.231570107371137 1.1054624780516
10.5 3.05396408761318 125.644188342234 93.7653194556964 7.47389187545627 0.226880042095869 1.12961244737004
10.6 3.10943742878977 125.599196392364 93.7417512382557 7.4961978198396 0.221713761709367 1.14906851020869
10.7 3.16493181780695 125.554172074335 93.7177263492871 7.51799788196024 0.216470560508309 1.15545148700439
10.8 3.22044766559958 125.509146903146 93.693232592441 7.53932390341537 0.211498550450861 1.13985726768956
10.9 3.27598449566028 125.464151420373 93.668260483981 7.56020786430131 0.207079035275777 1.09357924448109
11 3.33154110854028 125.419214641159 93.6428028884001 7.58068062512572 0.203416102772491 1.00914087356521
11.1 3.38711579099682 125.374363504357 93.6168546581302 7.60077067747959 0.200585482828445 0.892879494991422
11.2 3.44270652284118 125.329622404762 93.5904123796898 7.62050312246157 0.19841339757804 0.75750563722058
11.3 3.49831110067378 125.28501293371 93.5634743900167 7.63989922724338 0.196675448758105 0.60629893772409
11.4 3.5539272041892 125.240553701752 93.536040899239 7.65897620938759 0.195166127091732 0.441628917759572
11.5 3.60955243481249 125.196260164502 93.5081141175388 7.67774702992511 0.193711841481104 0.264665571840053
11.6 3.66518433157804 125.152144448469 93.4796983820169 7.69622018643276 0.192182694402138 0.0753481521484305
11.7 3.72082036899442 125.108215176897 93.4508002835566 7.71439950611079 0.190503923927951 -0.127415597426913
11.8 3.77645794273491 125.064477295606 93.4214287936881 7.73228393886034 0.188668152087791 -0.345310219946314
11.9 3.83209435014644 125.020931898826 93.3915953914526 7.74986735036104 0.186749435749222 -0.579854431886823
12 3.88772677378896 124.97757605504 93.3613141902668 7.76713831514848 0.184919483863759 -0.831177862035869
12.1 3.94335227809447 124.93440264019 93.3306020595384 7.78407992090351 0.183459080372312 -1.06886282327838
12.2 3.99896784450478 124.891400362517 93.2994786098268 7.80066986424669 0.182705091338468 -1.25781983342764
12.3 4.0545704767869 124.848554273846 93.2679658316165 7.81688128650772 0.182957669601515 -1.38912524326926
12.4 4.11015735223901 124.805846472498 93.2360875976353 7.83268390100001 0.184417941635596 -1.45683774360623
12.5 4.16572599607836 124.763256813578 93.203869159924 7.84804513150702 0.187143758920826 -1.4610041846812
12.6 4.22127446602482 124.720763619259 93.171336646906 7.86293125076865 0.191029342089398 -1.40849543815258
12.7 4.27680153154812 124.678344389065 93.1385165604572 7.87730851896754 0.195811465513388 -1.31123055468558
12.8 4.33230683035848 124.635976510157 93.105435272976 7.89114432221546 0.201096605268008 -1.18287765009835
12.9 4.38779098409441 124.593637967621 93.0721185244526 7.90440831103965 0.206398426070923 -1.03569482377755
13 4.44325565583391 124.551308054747 93.0385909195391 7.91707353886913 0.211175461254516 -0.878554668739908
13.1 4.49870353435719 124.508968075737 93.00487543148 7.92911759446184 0.214891766901008 -0.734089909770464
13.2 4.55413824230439 124.466601851332 92.9709930844241 7.94052357679096 0.217148337355966 -0.61882327070652
13.3 4.60956418654911 124.424195724163 92.9369630885507 7.95128067002004 0.217635796887093 -0.529475225093939
13.4 4.66498635670702 124.381738367015 92.9028031535771 7.96138456093744 0.216096975304442 -0.46343572068965
13.5 4.7204100766542 124.339220583528 92.8685298091271 7.97083785033149 0.212315190022397 -0.41923759487625
13.6 4.77584072011316 124.296635108882 92.8341587250989 7.97965046436559 0.206105891157226 -0.39700574309752
13.7 4.83128340302698 124.253976410487 92.799705032034 7.98784006595338 0.197311070111722 -0.399175905129507
13.8 4.88674266698333 124.211240488681 92.7651836414852 7.99543246613391 0.18579626694651 -0.431936498415217
13.9 4.94222216957926 124.168424677413 92.7306095663851 8.00246203544675 0.171450923496134 -0.508382601562839
14 4.99772439935289 124.12552744494 92.6959982414141 8.00897211530715 0.154194903058892 -0.655980607589931
14.1 5.05325043510453 124.082548193516 92.6613658401496 8.0150154071216 0.13414265436092 -0.922880968453428
14.2 5.1087997851332 124.03948703306 92.6267295084999 8.0206537826536 0.112077277811614 -1.40503621767017
14.3 5.16437037680318 123.996344488778 92.5921073856339 8.02595662525561 0.0891293659214563 -2.33757407497817
14.4 5.21995871887997 123.953121182759 92.5575185411965 8.03099859235118 0.0669811182208403 -4.28102071608694
14.5 5.27556020383322 123.909817514578 92.5229829093041 8.03585735565752 0.0489195846137786 -8.10204056566979
14.6 5.33116950768694 123.866433341889 92.4885212225405 8.04061134140808 0.0415082081299626 -10.9910552218659
14.7 5.38678104135183 123.822967661023 92.4541549459518 8.04533747057508 0.0489172854151391 -7.3791954171633
14.8 5.44238940672176 123.779418287593 92.419906211043 8.05010889909212 0.0647400829339919 -3.66178748413787
14.9 5.4979898132293 123.735781537084 92.3857977497727 8.0549927580767 0.0824637862354468 -1.73370789217685
15 5.55357841600868 123.692051905455 92.3518528285493 8.0600478940528 0.099141413421624 -0.687256551021529
15.1 5.60915254469824 123.648221757285 92.3180951774512 8.06532263416966 0.113475607235717 -0.0687641799361269
15.2 5.66471078995088 123.604281210103 92.2845487952938 8.07085320132179 0.125131755340094 0.312940481178644
15.3 5.72025293773798 123.560218516752 92.251237439538 8.0766637790185 0.134133672514205 0.580679873527067
15.4 5.77577981788891 123.516020643939 92.2181839920452 8.08276722615459 0.140611946393467 0.790871234870346
15.5 5.83129311093838 123.471673858331 92.1854098200566 8.08916581677737 0.144739402559635 0.972959399460963
15.6 5.88679513262858 123.427164312655 92.1529341371735 8.09585197985353 0.146705413808515 1.14471274304164
15.7 5.94228861022973 123.38247863179 92.1207733643369 8.10280903903621 0.146706095647665 1.31896831786746
15.8 5.99777646118819 123.337604498869 92.0889404908072 8.11001195243184 0.144943188571862 1.50710827960337
15.9 6.05326158173434 123.292531241372 92.0574444351438 8.11742805236717 0.14163013044443 1.72122448322633
16 6.10874665097493 123.247250417225 92.0262894061854 8.12501778515623 0.13700670317989 1.97566602232926
16.1 6.16423395509592 123.201756395824 91.9954742722628 8.13273545687312 0.131434976029044 2.27572613009942
16.2 6.2197252483054 123.156046807151 91.9649921444835 8.14053013527819 0.125617465415464 2.60343975835074
16.3 6.27522168791041 123.110122656049 91.9348305034267 8.14834694813318 0.120341589417919 2.92703141744258
16.4 6.33072384302254 123.063988304595 91.9049715399103 8.15612853766967 0.116337889134177 3.19702937967972
16.5 6.38623175781703 123.017651449391 91.8753925039905 8.16381652106343 0.114170353861949 3.35932702966535
16.6 6.44174505216132 122.971123098863 91.8460660539615 8.17135295090872 0.114115597159797 3.38189962629207
16.7 6.49726304072139 122.924417550558 91.816960605356 8.17868177569268 0.116094303809705 3.27599476768068
16.8 6.552784851038 122.877552368436 91.7880406799446 8.18575030026962 0.119704343345596 3.09065251501196
16.9 6.60830952186311 122.830548360169 91.7592672547362 8.19251064633536 0.124339816489367 2.88665545332188
17 6.66383606525469 122.783429554439 91.7305981109776 8.1989212129016 0.129332816126947 2.71431921093438
17.1 6.71936348013964 122.736223172376 91.7019881876045 8.20494811765959 0.134197270871674 2.59181427342606
17.2 6.77489072920339 122.688959446891 91.6733900504224 8.21056614146739 0.139048241781298 2.49129228306669
17.3 6.83041673630201 122.641671055837 91.6447546550621 8.2157584115353 0.144132934902355 2.38849278036982
17.4 6.88594042209036 122.594392403068 91.6160322256651 8.22051558773491 0.149631891219435 2.26885302540038
17.5 6.941460769111 122.54715889363 91.5871731380193 8.22483502979741 0.155617896528184 2.12669196201944
17.6 6.99697690913673 122.500006208964 91.5581288026959 8.22871996451198 0.162038594964221 1.9633261978834
17.7 7.05248822213047 122.452969582101 91.5288525481859 8.23217865292414 0.168719672267818 1.78427032306546
17.8 7.10799443354789 122.406083072865 91.4993005040356 8.23522355753413 0.175382469313152 1.59632959709519
17.9 7.1634956953133 122.359378843067 91.4694324839835 8.23787050949525 0.181668624459716 1.40536489184169
18 7.21899263566173 122.312886431706 91.4392128690968 8.24013787581227 0.187165570176266 1.21501311774922
18.1 7.27448636380897 122.266632037902 91.4086114801731 8.24204573153711 0.191480935467506 1.04719748995334
18.2 7.32997841190143 122.220638004905 91.3776041710593 8.24361516189635 0.194448250500404 0.915616551423718
18.3 7.38547061398213 122.174922814533 91.3461727135266 8.24486789424552 0.196023064165219 0.81135838603032
18.4 7.44096496368025 122.12950128269 91.314304403061 8.24582605995503 0.196216273614412 0.727591861717074
18.5 7.49646347357977 122.084384762617 91.2819916539208 8.24651196129358 0.195076850152935 0.659072990902786
18.6 7.55196804501795 122.039581348145 91.2492315941933 8.24694783831155 0.192680089647424 0.601696574806006
18.7 7.60748035485237 121.995096076938 91.2160256608521 8.24715563572433 0.189119424575959 0.552131288416552
18.8 7.66300176409889 121.950931133753 91.1823791948137 8.24715676979575 0.184500571176639 0.507528687454057
18.9 7.71853325186363 121.907086053683 91.1483010359952 8.24697189522138 0.178937260933247 0.465284452669394
19 7.77407537667707 121.863557925414 91.1138031183706 8.24662067201199 0.172548110222636 0.422829536635482
19.1 7.82962826581019 121.820341594869 91.0789000651057 8.2461215347544 0.165451606367461 0.38246552085813
19.2 7.88519162294793 121.777429879206 91.0436087857098 8.24549152368873 0.157759031965355 0.347564032044136
19.3 7.9407647374353 121.734813807094 91.0079480783069 8.24474627270393 0.149585892124439 0.31720485875324
19.4 7.99634650839068 121.692482869321 90.9719382339242 8.24390005914956 0.14105335040329 0.290615884390178
19.5 8.05193549184023 121.650425269822 90.9356006408585 8.24296585602514 0.132286620926221 0.267135369304029
19.6 8.10752996954883 121.608628176686 90.8989573890416 8.24195538416955 0.123413752029663 0.246178488292445
19.7 8.1631280373509 121.56707797318 90.8620308744067 8.24087916445033 0.114564705084949 0.227206815376374
19.8 8.21872771043333 121.525760508763 90.8248434032543 8.23974656995308 0.105870653672866 0.209700169860403
19.9 8.27432704280399 121.484661350101 90.7874167966184 8.23856587817081 0.0974634546635881 0.193131933060765
20 8.32992425809898 121.443766032088 90.749771994632 8.23734432319328 0.0894752839812323 0.176952333791666
20.1 8.3855178874831 121.403060305987 90.7119286661385 8.23608814675504 0.0820023449165436 0.152603955184733
20.2 8.44110687516848 121.362530312928 90.6739049546616 8.23480261960898 0.0749966934617183 0.10867056070505
20.3 8.4966905859352 121.322162567899 90.6357175705211 8.23349198757233 0.0683756473759303 0.039007854118222
20.4 8.55226876549137 121.281943869087 90.5973820193081 8.23215938789818 0.0620597040620872 -0.0651810888788648
20.5 8.60784148988909 121.241861204354 90.5589128356048 8.23080676450566 0.0559756006060717 -0.217316836360331
20.6 8.66340910708801 121.2019016577 90.5203238167044 8.22943478321013 0.05006166261588 -0.439075486439778
20.7 8.71897217226778 121.16205231574 90.4816282563314 8.22804274695339 0.0442775328482644 -0.76710656458092
20.8 8.77453137845636 121.122300174171 90.4428391783611 8.22662851103387 0.0386228935436618 -1.26508114701761
20.9 8.83008748404819 121.082632044246 90.4039695705399 8.22518839833678 0.0331755301709825 -2.04170998637637
21 8.88564123883918 121.04303445924 90.3650326182051 8.22371711456435 0.0281704505545579 -3.2538680046761
21.1 8.94119331091506 121.003493583478 90.326041934449 8.22220766561927 0.0241618324492731 -4.88975437035163
21.2 8.99674423182345 120.963995187731 90.2870116978405 8.22065133097257 0.0221353848631995 -6.18269820973064
21.3 9.05229438704835 120.924524793113 90.247956555482 8.21903777914616 0.0229743394539977 -5.88975022608852
21.4 9.10784402767101 120.885067881339 90.2088914336233 8.2173552391797 0.0266042440696096 -4.37075717507235
21.5 9.16339328641064 120.845610107555 90.1698313447198 8.21559067425085 0.0321644803785275 -2.88367363618548
21.6 9.21894219561473 120.806137513153 90.1307911944906 8.21372995529543 0.0388167406025695 -1.84240651458475
21.7 9.27449070525663 120.766636738592 90.0917855889775 8.21175803462765 0.0460090566116483 -1.16602857330842
21.8 9.33003869894694 120.727095236221 90.0528286416026 8.20965911956032 0.0533983034506858 -0.720793650984922
21.9 9.3855860059809 120.687501483094 90.0139337802268 8.20741684602499 0.0607567480293532 -0.414652058133944
22 9.44113240753108 120.647845193796 89.9751135542082 8.20501445219223 0.0679187778576243 -0.192219032443544
22.1 9.49667763600551 120.608117530242 89.9363794433331 8.20243495426848 0.074754277542003 -0.0390627239391758
22.2 9.55222138483761 120.568311233042 89.8977417154348 8.1996613788879 0.0811548418403386 0.0539387046768487
22.3000000000001 9.60776335751147 120.528420553739 89.8592094076064 8.19667713916807 0.0870231387230759 0.106763803203322
22.4000000000001 9.66330332478438 120.488441108612 89.8207903561011 8.19346646736061 0.0922644345119364 0.131508095136989
22.5000000000001 9.71884117041601 120.448369729456 89.782491228105 8.19001484967844 0.0967824641322785 0.135523284068984
22.6000000000001 9.77437692381816 120.408204314362 89.7443175535113 8.18630946112316 0.100477878056812 0.123115772185064
22.7000000000001 9.82991077899408 120.367943678507 89.7062737566924 8.18233960031234 0.103248108894707 0.0964415088013748
22.8000000000001 9.88544309947112 120.32758740493 89.6683631882739 8.17809712430688 0.104988123812713 0.0559081330946807
22.9000000000001 9.94097440940628 120.287135695314 89.6305881569069 8.17357688343825 0.105591875561555 0.000209783200213757
23.0000000000001 9.99650537164992 120.246589220774 89.5929499610423 8.16877715613589 0.104954521332391 -0.0740103640530884
23.1000000000001 10.0520367538389 120.205948972979 89.5554489219703 8.16370007671671 0.103017665089455 -0.162471001610323
23.2000000000001 10.1075693745056 120.165216124172 89.518084449806 8.15835188019211 0.0998984710348102 -0.261585463763657
23.3000000000001 10.1631040225384 120.124391909791 89.4808551931055 8.15274268258096 0.0957653335973763 -0.378245043566322
23.4000000000001 10.2186413813423 120.083477519978 89.4437592214266 8.14688607824007 0.0907984029632091 -0.520589097686093
23.5000000000001 10.2741819727276 120.042473991439 89.4067942091572 8.14079873015688 0.0851939004743208 -0.698573845310827
23.6000000000001 10.3297261213987 120.001382099295 89.3699576193429 8.1344999602421 0.0791708224383954 -0.924125356674593
23.7000000000001 10.3852739395742 119.96020224894 89.3332468875156 8.12801133962246 0.0729806823881269 -1.21005745173524
23.8000000000001 10.4408253305743 119.9189343679 89.2966596055213 8.12135627893329 0.066920278456177 -1.56583820514688
23.9000000000001 10.496380009648 119.877577797684 89.2601937053486 8.11455961861131 0.0613448204846009 -1.98682857000453
24.0000000000001 10.5519375398933 119.836131185643 89.2238476429563 8.10764721918723 0.0566718387057541 -2.43441547658962
24.1000000000001 10.6074973805154 119.794592378725 89.1876205801362 8.10064555301306 0.0533348054842083 -2.81853398219138
24.2000000000001 10.6630589365452 119.752958366667 89.151512515273 8.09358133328923 0.0516456401193662 -3.02731157609501
24.3000000000001 10.7186215925601 119.711225350668 89.1155242843805 8.08648123777586 0.0517482539815457 -2.98703339057392
24.4000000000001 10.7741847387416 119.669388861491 89.0796575110356 8.07937166980389 0.0535688071407232 -2.71756115423664
24.5000000000001 10.8297477951139 119.627443879472 89.0439145543464 8.07227852072072 0.0568386724232159 -2.3152732847588
24.6000000000001 10.8853102326272 119.585384954524 89.0082984569199 8.06522693233601 0.0611895782516662 -1.88264617062275
24.7000000000001 10.9408715894465 119.543206326147 88.9728128928311 8.05824105936733 0.0662477410184474 -1.48340948433534
24.8000000000001 10.9964314808658 119.500902043431 88.9374621155902 8.05134383188589 0.0716848714738847 -1.14181306516759
24.9000000000001 11.0519896013657 119.458466085066 88.9022509061114 8.04455671776227 0.077230977418791 -0.858846950527871
25.0000000000001 11.1075457174821 119.415892479344 88.8671845206806 8.03789948511208 0.0826684857929514 -0.625888307813231
25.1000000000001 11.1630996508556 119.373175423356 88.8322686386941 8.03138996699226 0.0878322085387863 -0.438365198956831
25.2000000000001 11.2186512634311 119.330309381098 88.7975093044191 8.02504388461151 0.0926333832533869 -0.290111028860908
25.3000000000001 11.27420046644 119.287289128022 88.7629128535804 8.01887481907659 0.0970200822528194 -0.170540530413883
25.4000000000001 11.3297472355216 119.244109774508 88.7284858339701 8.01289424165292 0.100957985419206 -0.0719813682758816
25.5000000000001 11.3852916205583 119.200766788517 88.6942349258272 8.00711154627559 0.104424571088711 0.0111555510195679
25.6000000000001 11.4408337504707 119.157256018241 88.6601668622166 8.00153408206051 0.107405391895767 0.0830018275715872
25.7000000000001 11.4963738336755 119.113573714765 88.6262883494091 7.99616718581538 0.109891668252387 0.14667910272719
25.8000000000001 11.5519121548658 119.069716554712 88.5926059872604 7.99101421455086 0.111878730607513 0.204614590304124
25.9000000000001 11.6074490687433 119.025681662907 88.5591261895911 7.98607657799158 0.113365024236726 0.258765021577124
26.0000000000001 11.6629849913026 118.981466635024 88.5258551045657 7.98135377108725 0.114351502150089 0.31077918051476
26.1000000000001 11.718520389239 118.937069561075 88.4927985342567 7.97684340435088 0.114826937740886 0.365463668980782
26.2000000000001 11.7740557675483 118.892489070494 88.4599618329999 7.97254117770388 0.114725994421739 0.428398491424042
26.3000000000001 11.8295916524743 118.847724432064 88.427349751913 7.9684407109153 0.11397553127072 0.502858807855161
26.4000000000001 11.8851285667833 118.802775675436 88.3949662622058 7.9645333175479 0.112511948843491 0.593239435700432
26.5000000000001 11.9406669978254 118.757643713487 88.3628143776749 7.96080777673141 0.110285325447071 0.705567350607562
26.6000000000001 11.9962073600446 118.712330464676 88.3308959771982 7.9572501049358 0.107265782927237 0.848252437102479
26.7000000000001 12.0517499541569 118.666838975395 88.2992116272293 7.95384332774449 0.103453516944208 1.03314180319155
26.8000000000001 12.10729492581 118.62117354233 88.2677604042924 7.95056725162767 0.0988949383422302 1.27684237233911
26.9000000000001 12.1628422272032 118.575339834811 88.2365397174765 7.94739823571547 0.0937090055231307 1.60183633527062
27.0000000000001 12.2183915858632 118.529345017169 88.2055451309298 7.94430896357128 0.0881300322313042 2.03545221133989
27.1000000000001 12.2739424857732 118.483197867372 88.1747701903006 7.94126822753017 0.0826133914033017 2.54639550080929
27.2000000000001 12.32949417292 118.436908798978 88.144206351763 7.93824103973163 0.0779380453588246 3.03461074051914
27.3000000000001 12.3850457049274 118.390489637661 88.1138431714547 7.93518957245361 0.0748907245332172 3.38500147136771
27.4000000000001 12.4405960395928 118.343953301048 88.0836685975006 7.93207442514077 0.0740136388784857 3.47840722806827
27.5000000000001 12.4961441462953 118.297313474844 88.0536692659826 7.92885590399797 0.0754010177062683 3.28359320592045
27.6000000000001 12.551689125361 118.250584288952 88.0238307969086 7.92549530158384 0.078648720072938 2.88705887386824
27.7000000000001 12.6072303200148 118.203779993596 87.9941380901821 7.92195617640418 0.0830055514497837 2.41860364426508
27.8000000000001 12.6627674060453 118.156914635442 87.9645756215714 7.9182056325055 0.0875922606125574 1.97220327394853
27.9000000000001 12.7183004459533 118.110001733722 87.9351277386792 7.91421559906853 0.0915516477381933 1.5884730613739
28.0000000000001 12.7738298971513 118.063053956354 87.9057789569121 7.90996411000167 0.0941068137751566 1.27282714403693
28.1000000000001 12.8293565675282 118.016082799004 87.8765142535619 7.90543656782418 0.0946605979903496 1.03837453876345
28.2000000000001 12.8848815141214 117.969098340621 87.8473193128126 7.90062659908088 0.0930829505822744 0.881623485924782
28.3000000000001 12.940405899515 117.922109193084 87.8181806461694 7.89553587287537 0.089422967490209 0.780242392278988
28.4000000000001 12.9959308460164 117.875122527314 87.7890856638133 7.89017351093477 0.0837827801385898 0.722899135285804
28.5000000000001 13.0514573078777 117.828144102339 87.7600227440671 7.88455548196417 0.0762969833716388 0.707376926390561
28.6000000000001 13.1069859699896 117.781178294343 87.7309813028622 7.878703996001 0.0671214998147519 0.742943476092194
28.7000000000001 13.1625171785713 117.73422812573 87.7019518632052 7.87264689876953 0.0564286680611689 0.862083501599622
28.8000000000001 13.2180509069946 117.687295294176 87.6729261246441 7.86641706603524 0.0444097291522011 1.16544395800147
28.9000000000001 13.2735867577361 117.640380201691 87.6438970327351 7.86005179795926 0.0312988905330974 2.04102152359749
29.0000000000001 13.3291239995494 117.593481983675 87.6148588485088 7.85359221345281 0.017535782526079 5.99776411908904
29.1000000000001 13.384661637382 117.546598538596 87.5858072179899 7.84708263914099 0.0066147275133898 41.6596328286655
29.2000000000001 13.4401985130765 117.499726573829 87.556739243089 7.84056985817065 0.0158421615015075 7.66878689403303
29.3000000000002 13.4957334340001 117.452861692522 87.5276535559793 7.83410200323762 0.0307791472774289 2.27719205033897
29.4000000000002 13.5512653152861 117.405998496617 87.498550394846 7.82772730945811 0.0458538067294857 1.20671584013263
29.5000000000002 13.6067933186714 117.359130690496 87.4694316796893 7.82149286184941 0.0603245306234136 0.849095800979406
29.6000000000002 13.6623169723338 117.312251184627 87.4403010881253 7.81544334281053 0.0737326913838299 0.70817289726598
29.7000000000002 13.7178362571031 117.265352199207 87.4111641311898 7.80961977960298 0.0856729528841447 0.662280655485533
29.8000000000002 13.7733516463154 117.218425367811 87.3820282291393 7.80405829183148 0.0957627172673011 0.673412530869713
29.9000000000002 13.828864089482 117.171461841033 87.3529027872541 7.79878883892462 0.103639860893295 0.731264845988716
30.0000000000002 13.8843749338682 117.124452390136 87.3237992716402 7.7938339676156 0.108970446272393 0.83947469816869
30.1000000000002 13.9398857833658 117.077387511993 87.2947312787269 7.7892075818415 0.111599407267682 0.978121635720353
30.2000000000002 13.9953983118578 117.030257567889 87.2657144408396 7.78491429552426 0.111947383340924 1.12002308681247
30.3000000000002 14.0509140852912 116.983053008243 87.2367659156566 7.78095026497486 0.110566475405865 1.26253716954616
30.4000000000002 14.1064344262778 116.935764631174 87.207903711741 7.77730460417921 0.107986239972123 1.39748064338459
30.5000000000002 14.161960326181 116.888383842384 87.1791460077683 7.77396082250259 0.104692064731459 1.51071819099653
30.6000000000002 14.2174924039405 116.840902915024 87.1505104717531 7.77089826239411 0.101095867872374 1.58255419032812
30.7000000000002 14.2730309060008 116.793315249571 87.1220135802771 7.76809353709119 0.0975020533425286 1.58990789247858
30.8000000000002 14.3285757382861 116.745615633702 87.0936699377157 7.76552196832397 0.0940767945184979 1.51015154006386
30.9000000000002 14.3841265193912 116.697800502168 87.0654915954659 7.76315902401979 0.0908333315041151 1.32458057407671
31.0000000000002 14.4396826440317 116.649868196665 87.037487371173 7.7609817560076 0.0876464623568279 1.01821927215149
31.1000000000002 14.4952433468747 116.601819222273 87.0096621757527 7.75897022420591 0.0842993957254406 0.640886719748381
31.2000000000002 14.5508077493038 116.55365641451 86.9820165430608 7.75710856937981 0.080579853746645 0.24690797776186
31.3000000000002 14.6063748692999 116.505384879481 86.9545466739807 7.75538519380453 0.076392451263054 -0.179952591891774
31.4000000000002 14.6619436157853 116.45701184466 86.9272446831592 7.75379259049813 0.07177389379669 -0.664406792511768
31.5000000000002 14.717512785169 116.408546506217 86.900098853536 7.75232715893769 0.066904103142053 -1.23539275472524
31.6000000000002 14.7730810665242 116.359999876357 86.8730938908746 7.75098902077541 0.0621347681519445 -1.91297907375272
31.7000000000002 14.8286470601397 116.311384630657 86.8462111782918 7.74978183555481 0.0580284651239622 -2.67338980882189
31.8000000000002 14.8842093130156 116.262714955394 86.8194290307877 7.74871261642685 0.0553686208886237 -3.38927732948288
31.9000000000002 14.9397663737785 116.214006394888 86.7927229497763 7.7477915458661 0.0550470472903639 -3.81484117961479
32.0000000000002 14.9953168684792 116.165275698828 86.7660658776149 7.74703179138688 0.0577635225585028 -3.751427203335
32.1000000000002 15.0508595971763 116.116540667459 86.7394284574309 7.7464493186481 0.0636956100447098 -3.24068670956889
32.2000000000002 15.1063936351668 116.067819940615 86.7127794306496 7.74606263666367 0.072393467703813 -2.54371537357148
32.3000000000002 15.1619184093695 116.019132644282 86.6860863840733 7.74589237066562 0.0830775234479764 -1.89218626935768
32.4000000000002 15.2174337642948 115.970497981017 86.6593166346623 7.74596076707284 0.0949540040739327 -1.36646015614625
32.5000000000002 15.2729400210223 115.921934818215 86.6324381196115 7.74629119584843 0.107333013546802 -0.963055960933779
32.6000000000002 15.3284380172762 115.87346127637 86.6054202864281 7.74690765285712 0.119634176820695 -0.653911694854663
32.7000000000002 15.383929116135 115.825094317342 86.5782349830079 7.74783426222263 0.131361866137287 -0.410542842516814
32.8000000000002 15.4394151717416 115.776849332621 86.5508573477131 7.74909477868512 0.142082221021662 -0.209897874478849
32.9000000000002 15.4948984420008 115.728739731591 86.5232666994487 7.75071208995851 0.151408848286454 -0.034034408590049
33.0000000000002 15.5503814406643 115.680776529794 86.4954474277401 7.7527077190879 0.158996862844019 0.131678199844058
33.1000000000002 15.6058667255578 115.632967943645 86.4673898702267 7.75510133486845 0.164639373569323 0.285534017067951
33.2000000000002 15.6613566554535 115.585319152905 86.4390908629963 7.7579104718626 0.168553108865001 0.423911931265445
33.3000000000002 15.7168531977545 115.537832488992 86.4105534604358 7.76115078247461 0.171081871013043 0.553221699796709
33.4000000000002 15.7723577872277 115.490507791041 86.3817863279237 7.76483649862357 0.172593735504263 0.675860431579582
33.5000000000002 15.8278712240023 115.443342768427 86.3528031219374 7.76898090147778 0.17347497074757 0.791084645988888
33.6000000000002 15.8833936164752 115.396333363273 86.3236218701622 7.77359679118914 0.174122510913521 0.895441446876991
33.7000000000002 15.9389243730176 115.349474112975 86.2942643515993 7.77869695662763 0.174933464066058 0.983228950885499
33.8000000000002 15.9944622440926 115.302758512713 86.2647554766743 7.78429464511567 0.176290959982359 1.04732733566966
33.9000000000002 16.0500054146188 115.256179377971 86.2351226673458 7.79040403216257 0.178546950828791 1.0805573713687
34.0000000000002 16.1055516451297 115.209729207051 86.2053952372132 7.79704069119892 0.182004304081707 1.07740672894284
34.1000000000002 16.1610984592885 115.163400541822 86.1756037723376 7.80422205331802 0.18683611162497 1.03593727433241
34.2000000000002 16.2166433669372 115.117186282508 86.1457795305731 7.81196760719875 0.192881489776666 0.963432107086473
34.3000000000002 16.272184086649 115.071079885793 86.1159538878899 7.82029843948926 0.199852382984314 0.870491328525083
34.4000000000002 16.327718740817 115.025075516972 86.0861578032079 7.82923651537207 0.207417973257009 0.766340748692295
34.5000000000002 16.3832460141954 114.979168200322 86.0564212839426 7.83880394913628 0.215222682056717 0.657872148364185
34.6000000000002 16.4387652673295 114.933353969487 86.0267728515515 7.84902227474965 0.222900695074791 0.549477902058104
34.7000000000002 16.4942765964659 114.887630017852 85.9972390070797 7.85991171643076 0.230086516404894 0.443345590639491
34.8000000000002 16.5497808323382 114.841994848923 85.9678436967062 7.87149045922118 0.236422263462265 0.339899149084138
34.9000000000002 16.6052794715928 114.796448426702 85.9386077772894 7.88377391955753 0.241562843888762 0.238185518240001
35.0000000000002 16.6607745365627 114.750992326068 85.9095484819138 7.89677401584371 0.245180140237529 0.136106527537292
35.1000000000002 16.7162683623106 114.70562988003 85.880678894396 7.91049845033506 0.247049979418434 0.040942375839917
35.2000000000002 16.7717633349213 114.66036624574 85.8520076567738 7.92495028513659 0.247304398186339 -0.0409265405657302
35.3000000000002 16.8272616547388 114.615208264292 85.8235392682078 7.94012826479834 0.246180184199387 -0.112531419737633
35.4000000000002 16.8827651524219 114.57016423928 85.7952746168663 7.95602743302474 0.243928408935392 -0.175596703133927
35.5000000000002 16.9382751564193 114.525243712228 85.7672115207696 7.97263976069599 0.240807906219823 -0.230814792433752
35.6000000000002 16.9937924146475 114.480457238029 85.7393452686349 7.98995477388953 0.237079708109535 -0.278008849025043
35.7000000000002 17.0493170711642 114.435816160372 85.7116691607213 8.00796018190145 0.233001994843261 -0.316243900485555
35.8000000000002 17.1048486966209 114.391332387182 85.6841750496743 8.02664250526794 0.228825358660325 -0.343935080493731
35.9000000000002 17.1603863697607 114.347018166049 85.656853881371 8.04598770378668 0.224788393841671 -0.358994923225046
36.0000000000002 17.2159288062085 114.302885859664 85.6296962357648 8.06598180453831 0.221113846715125 -0.359052431625104
36.1000000000002 17.2714745288795 114.258947722306 85.6026928640956 8.08661152366 0.21796529848653 -0.347467223346617
36.2000000000002 17.327022038631 114.215215703721 85.5758351316125 8.10786472567602 0.215329495779021 -0.329286822088093
36.3000000000002 17.3825699082373 114.171701322545 85.5491152204385 8.12973047047263 0.213146996780585 -0.304732772056691
36.4000000000002 17.4381168329112 114.128415567117 85.5225262379484 8.15219889782993 0.211354989436592 -0.274125576289754
36.5000000000002 17.4936616678901 114.085368797349 85.4960623215103 8.1752611057059 0.209888554831798 -0.237840244222154
36.6000000000003 17.5492034546668 114.042570646591 85.4697187432294 8.19890902852042 0.208682041361703 -0.196260158692022
36.7000000000003 17.604741436162 114.000029923504 85.44349201469 8.22313531543928 0.207670502842078 -0.149733760977312
36.8000000000003 17.6602750611843 113.957754513922 85.4173799916983 8.24793320865822 0.206791168254753 -0.0985373557250867
36.9000000000003 17.7158039785965 113.915751282727 85.3913819790253 8.27329642168694 0.205984929524752 -0.0428459818841246
37.0000000000003 17.7713280217052 113.87402597571 85.3654988351493 8.29921901763315 0.205197853718059 0.0172868352275601
37.1000000000003 17.8268471839376 113.832583124016 85.3397330720861 8.32569528761736 0.204384889783049 0.0724567084972855
37.2000000000003 17.8823615972919 113.791426015416 85.3140888274966 8.35271963258846 0.203515916128661 0.113135451759939
37.3000000000003 17.9378715322568 113.750556835233 85.2885715125747 8.38028645377192 0.202564714883864 0.139190624653883
37.4000000000003 17.9933774038589 113.709976874114 85.2631873322127 8.40839004651872 0.201502969708688 0.150475123678589
37.5000000000003 18.0488797734613 113.669686738364 85.2379428002535 8.43702449428506 0.200297938631974 0.146792970386847
37.6000000000003 18.1043793455236 113.629686560281 85.2128442547438 8.46618356261213 0.198911513635933 0.127853209426113
37.7000000000003 18.1598769587833 113.589976208492 85.1878973731868 8.49586059310582 0.197300684483526 0.0932052301096899
37.8000000000003 18.2153735713284 113.550555498292 85.1631066877947 8.52604839741645 0.195419443967613 0.0421528286262369
37.9000000000003 18.2708702392327 113.511424401977 85.1384751007416 8.55673915121849 0.193222217258776 -0.0263515624361537
38.0000000000003 18.3263680888062 113.472583259183 85.1140033994165 8.58792428819035 0.190668980632047 -0.11382564021222
38.1000000000003 18.3818682826067 113.434032985984 85.0896897753017 8.61959439445183 0.187737017927548 -0.215296772516945
38.2000000000003 18.437371969056 113.395775251913 85.065529437137 8.65173911490442 0.184441740405103 -0.325630098000573
38.3000000000003 18.4928802007627 113.357812575523 85.0415144634197 8.68434708978611 0.180825845709689 -0.44660906273754
38.4000000000003 18.5483938448825 113.320148387868 85.0176337491903 8.71740590312894 0.176958628902325 -0.580007641191335
38.5000000000003 18.6039135001693 113.282787094747 84.9938729564434 8.75090203167435 0.172941211622986 -0.727325133020444
38.6000000000003 18.6594394238075 113.24573413895 84.9702144645392 8.78482079378853 0.168912735834394 -0.88932401301136
38.7000000000003 18.714971470791 113.208996062499 84.9466373206151 8.81914629837774 0.165057093899394 -1.06529615382641
38.8000000000003 18.7705090487791 113.172580568901 84.9231171899969 8.85386139380368 0.161609112956619 -1.25202887762072
38.9000000000003 18.8260510915303 113.136496585381 84.89962630661 8.88894761679883 0.15885810614894 -1.44259836557435
39.0000000000003 18.8815960541975 113.100754325139 84.8761334233914 8.9243851413818 0.157145515859702 -1.62543674354068
39.1000000000003 18.9371419351111 113.06536534599 84.8526037725352 8.96015273246431 0.156844492997379 -1.75931670479149
39.2000000000003 18.9926863560574 113.03034251552 84.8289992814501 8.99622782144127 0.158250241332902 -1.80540726630877
39.3000000000003 19.0482267460833 112.995699738895 84.8052794378263 9.03258689143008 0.161462397658292 -1.76278037231177
39.4000000000003 19.1037605727072 112.961451593184 84.7814024104135 9.06920598449311 0.166360558303931 -1.64471360515335
39.5000000000003 19.1592855762992 112.927612958071 84.757326179633 9.10606121355166 0.172628586054053 -1.47339956713937
39.6000000000003 19.2147999894627 112.894198646578 84.7330096681909 9.14312927430008 0.179808347894133 -1.27204413493154
39.7000000000003 19.2703027241519 112.861223035787 84.7084138716907 9.18038795711978 0.187360661370718 -1.05894588012637
39.8000000000003 19.3257935100338 112.828699697557 84.6835029892456 9.21781665899332 0.194716835768098 -0.845230935755741
39.9000000000003 19.3812729694256 112.796641029242 84.6582455540915 9.25539689541842 0.201315089909408 -0.635241097461107
40.0000000000003 19.4367426170425 112.765057884418 84.6326155641996 9.29311281232207 0.206624162645923 -0.427882294451678
40.1000000000003 19.492204776393 112.73395920831 84.6065936004259 9.33095169266377 0.210227657610928 -0.234053268437449
40.2000000000003 19.5476624034987 112.703351795855 84.5801676206175 9.36890432495911 0.212046877692227 -0.0601231928470529
40.3000000000003 19.6031188338936 112.673240361019 84.5533329311496 9.40696502129318 0.212143902933291 0.103294776716259
40.4000000000003 19.658577514266 112.643627728744 84.5260918344181 9.44513149725425 0.210641825751823 0.263768321147713
40.5000000000003 19.7140417489476 112.614515031605 84.4984532638706 9.4834047465567 0.207717219091187 0.427597246780958
40.6000000000003 19.7695144729978 112.585901906465 84.4704324190364 9.52178891566394 0.203597801152051 0.600064160883519
40.7000000000003 19.8249980610443 112.557786691138 84.4420504005567 9.56029117841131 0.198563869521054 0.785329008294528
40.8000000000003 19.8804941790695 112.530166621047 84.4133338452151 9.59892161062904 0.192952284529525 0.985863659629569
40.9000000000003 19.9360036844703 112.503038025879 84.3843145609676 9.63769306476509 0.187161285443461 1.20129984284316
41.0000000000003 19.9915265779808 112.476396526247 84.355029161973 9.67662104450818 0.18165310439834 1.42666497587667
41.1000000000003 20.0470620100548 112.450237227583 84.3255186989908 9.71572357490749 0.176933084493033 1.63747964088902
41.2000000000003 20.1026083563631 112.424554842141 84.2958281693261 9.7550209554111 0.173449378289362 1.80374963577729
41.3000000000003 20.1581633784739 112.399343628517 84.2660057210142 9.79453521569773 0.171540182252664 1.90858124496262
41.4000000000003 20.2137244311481 112.374597259276 84.2361017365519 9.8342894544271 0.171386897783146 1.94148013264297
41.5000000000003 20.269288686671 112.35030868582 84.2061679119968 9.87430717348718 0.172977518826077 1.90299868890148
41.6000000000003 20.324853360203 112.326470003248 84.1762563360664 9.91461161224145 0.176102935135836 1.80495230014685
41.7000000000003 20.3804159199164 112.303072315223 84.1464185692373 9.95522508177606 0.180386538749137 1.66609523570626
41.8000000000003 20.4359742656241 112.280105598835 84.1167047228442 9.99616829914716 0.185333931851606 1.50617039992257
41.9000000000003 20.4915268603297 112.257558569469 84.0871625381794 10.037459721628 0.190385080550494 1.34148084313398
42.0000000000003 20.5470728006521 112.235418545662 84.0578364655914 10.0791148809564 0.194956450034535 1.18314835308318
42.1000000000003 20.6026118140041 112.213671316329 84.0287667562702 10.1211457270157 0.198555987433636 1.05221629856847
42.2000000000003 20.6581441680391 112.192301069237 83.9999888838644 10.1635602168002 0.201083537940485 0.95872327604973
42.3000000000003 20.71367050731 112.171290474966 83.9715338033636 10.2063625260241 0.202603437555288 0.895029539758902
42.4000000000003 20.7691916809899 112.150620832129 83.9434285398134 10.2495535060149 0.203241195462679 0.855211592175097
42.5000000000003 20.8247085905176 112.130272214947 83.9156967897161 10.2931311500405 0.203167168510842 0.834539509113649
42.6000000000003 20.8802220660051 112.110223620821 83.8883595224313 10.3370910596362 0.202585451017343 0.828979136336797
42.7000000000003 20.9357327774648 112.090453117907 83.8614355815764 10.3814269109321 0.201725907148752 0.834759903711632
42.8000000000003 20.9912411850662 112.07093799269 83.8349422864272 10.42613092098 0.20083789788036 0.848026917182034
42.9000000000003 21.046747531159 112.051654897559 83.8088960333187 10.4711943140806 0.200184649431455 0.864606438481217
43.0000000000003 21.1022518757081 112.032579998378 83.7833128970458 10.5166077881109 0.200037504106185 0.87993199297043
43.1000000000003 21.1577541753229 112.01368912448 83.7582092243954 10.5623619766117 0.200617877263492 0.881317032548406
43.2000000000003 21.2132543847868 111.994957981486 83.7336020231096 10.6084478006529 0.201924617609179 0.860239747671893
43.3000000000003 21.2687525298373 111.97636252362 83.7095088315545 10.654856540902 0.203868122834445 0.818938794922097
43.4000000000003 21.3242487547663 111.957879388854 83.6859473838203 10.7015797994702 0.206323498351954 0.760371230193621
43.5000000000003 21.37974335482 111.939486336465 83.6629352669526 10.7486094575194 0.209137438937348 0.687732580616178
43.6000000000004 21.435236789961 111.921162684602 83.6404895781834 10.795937632868 0.21213641615326 0.604006910426984
43.7000000000004 21.4907296762104 111.902889747843 83.6186265821634 10.8435566375984 0.215135179984811 0.511622486675525
43.8000000000004 21.5462227513247 111.884651274757 83.5973613681925 10.8914589356632 0.21794491173335 0.412235677978238
43.9000000000004 21.6017168122897 111.866433885464 83.5767075074519 10.939637100492 0.220380755945394 0.306623711381777
44.0000000000004 21.65721262305 111.8482275092 83.5566767102353 10.9880837725978 0.22226881271679 0.194645944025232
44.1000000000004 21.712710793443 111.830025816244 83.5372784869806 11.0367916182192 0.223478198239339 0.0838043832148588
44.2000000000004 21.76821166734 111.811826503551 83.5185199081134 11.0857533148779 0.224002881535333 -0.0193447238051665
44.3000000000004 21.823715290757 111.793631208974 83.5004056147181 11.1349616052615 0.223885787501871 -0.116751763164686
44.4000000000004 21.8792214197123 111.775445279189 83.4829379280209 11.1844093780213 0.223189214003938 -0.209973011294684
44.5000000000004 21.9347295383488 111.757277531984 83.4661169626728 11.2340897496064 0.221991157666181 -0.300184765845975
44.6000000000004 21.9902388887587 111.739140018557 83.4499407400329 11.2839961460972 0.220382397205621 -0.388188228074514
44.7000000000004 22.0457485146666 111.721047785801 83.4344053014513 11.3341223850388 0.218464040570106 -0.474402385641186
44.8000000000004 22.1012573205144 111.703018638607 83.4195048215525 11.3844627572749 0.216345283089127 -0.558847181745019
44.9000000000004 22.1567641469355 111.685072902147 83.4052317215186 11.4350121087809 0.21414115248784 -0.641123620113229
45.0000000000004 22.2122678630929 111.667233184174 83.3915767823722 11.4857659224982 0.211970042784113 -0.720401689991211
45.1000000000004 22.267767475115 111.649524133851 83.3785292574161 11.5367203979029 0.20993591117581 -0.789714153618513
45.2000000000004 22.3232622299948 111.631972110543 83.3660769627441 11.587872471706 0.208072772432336 -0.842495788195278
45.3000000000004 22.3787516764621 111.614604624071 83.3542063120831 11.6392196891165 0.206372175910079 -0.878530124776109
45.4000000000004 22.4342357036583 111.597449684927 83.3429023297076 11.6907600162335 0.204791857247565 -0.898139860178491
45.5000000000004 22.4897145713983 111.580535151025 83.3321486625092 11.7424916501761 0.203253573403793 -0.90222996944486
45.6000000000004 22.5451889282833 111.563888074455 83.321927592067 11.7944128292119 0.201643401776178 -0.892229764105964
45.7000000000004 22.6006598131947 111.547534048234 83.3122200467177 11.8465216428859 0.199814198799158 -0.869948620003618
45.8000000000004 22.6561286360164 111.531496553062 83.3030056136257 11.8988158421497 0.197589698321012 -0.837377714549701
45.9000000000004 22.7115971340454 111.515796304073 83.2942625508533 11.95129264949 0.194769618016546 -0.796474272604081
46.0000000000004 22.7670673014714 111.500450597588 83.2859677994305 12.0039485690583 0.191135146719632 -0.748955125414686
46.1000000000004 22.8225412904037 111.485472663255 83.2780970002297 12.0567791989155 0.186503003281888 -0.697068199700035
46.2000000000004 22.8780212829461 111.470871156279 83.2706246357459 12.1097790983077 0.180877221994245 -0.639778428662934
46.3000000000004 22.9335093492404 111.456650005266 83.2635244889471 12.1629417946311 0.174306367581047 -0.573140148827693
46.4000000000004 22.9890073188164 111.442808400148 83.2567702270305 12.2162598454279 0.166835019585853 -0.492248388377211
46.5000000000004 23.0445166727853 111.429340785503 83.2503359899837 12.2697249024973 0.158505240127452 -0.390588732701065
46.6000000000004 23.1000384570398 111.416236853872 83.2441969791448 12.3233277760075 0.149360641647929 -0.25901663383333
46.7000000000004 23.1555732165501 111.40348153908 83.2383300457635 12.3770584986073 0.139454611801253 -0.0841052453816055
46.8000000000004 23.2111209511927 111.391055009548 83.2327142795612 12.4309063895381 0.128865639113914 0.15453927094595
46.9000000000004 23.266681094129 111.378932661617 83.2273315972921 12.4848601187449 0.117725403724991 0.488457648895479
47.0000000000004 23.3222525145519 111.36708511286 83.2221673313037 12.5389077709887 0.106270566707955 0.965779446039524
47.1000000000004 23.3778335475532 111.355478204606 83.217210809373 12.5930369110209 0.0949422388751161 1.60463662839838
47.2000000000004 23.4334220526391 111.344073243685 83.2124557077169 12.6472346764023 0.084491055285718 2.38765342331444
47.3000000000004 23.4890155014348 111.33282785146 83.2078998282113 12.7014879404941 0.075960571290646 3.24794946663135
47.4000000000004 23.5446110983893 111.321697052079 83.2035446487835 12.7557835030939 0.0705786116165742 3.94088286756332
47.5000000000004 23.6002059296114 111.310634369937 83.1993948650812 12.8101082821331 0.0693512881211981 4.11290579314395
47.6000000000004 23.655797128948 111.299592927134 83.1954579321407 12.8644495053761 0.0724582203810067 3.66567496418092
47.7000000000004 23.7113820483856 111.288526540935 83.1917436060556 12.9187949021185 0.079088805042491 2.88783933885427
47.8000000000004 23.7669584188094 111.277390821223 83.1882634856454 12.9731328948853 0.087939641381782 2.10305928694039
47.9000000000004 23.8225244870019 111.266144267966 83.185030554124 13.0274527911296 0.0977521762732619 1.45074018186279
48.0000000000004 23.8780791154805 111.25474936867 83.1820587207681 13.081744974931 0.107514599325785 0.93992922743399
48.1000000000004 23.9336218337556 111.243173686295 83.1793623632412 13.1360010970467 0.116491194720674 0.557328382439412
48.2000000000004 23.9891528417396 111.231390699091 83.1769558869472 13.1902142221375 0.124292301512351 0.276840666755246
48.3000000000004 24.0446729838137 111.219380010662 83.174853327616 13.2443788672823 0.130701819829733 0.060856780891463
48.4000000000004 24.1001836925011 111.207127311957 83.1730679709192 13.298490997668 0.135583367042501 -0.115501582059196
48.5000000000004 24.1556869007634 111.194624333708 83.1716119727407 13.3525480206309 0.138849689630277 -0.269460159391719
48.6000000000004 24.2111849285653 111.181868798875 83.170495979448 13.4065487796996 0.140447322949513 -0.414060402934303
48.7000000000004 24.2666803497958 111.168864375088 83.1697287481626 13.4604935486367 0.14035013838806 -0.560552186207557
48.8000000000004 24.3221758458649 111.155620627092 83.1693167670307 13.514384025481 0.138559032786722 -0.720273097553143
48.9000000000004 24.3776740526011 111.142152969184 83.1692638754945 13.5682233265901 0.13510725692426 -0.906462468884123
49.0000000000004 24.4331774074502 111.128482617665 83.1695708845625 13.6220159806822 0.130072791976383 -1.13637671696497
49.1000000000004 24.4886880040757 111.114636535542 83.1702352065054 13.6757679204045 0.1236782983641 -1.42200845342886
49.2000000000004 24.5442074559901 111.100647176257 83.1712507295898 13.7294864095916 0.116542636232964 -1.76219942889809
49.3000000000004 24.5997367811981 111.086551717199 83.1726083148343 13.7831798072706 0.109448110175099 -2.14577384203016
49.4000000000004 24.6552763447325 111.072391092231 83.1742965378046 13.8368572673569 0.10324730086272 -2.53165175286532
49.5000000000004 24.7108258653933 111.058209016481 83.1763024398322 13.8905284358751 0.0987942166665117 -2.83913269400386
49.6000000000004 24.7663844760175 111.044051011137 83.1786122792344 13.9442031481807 0.0967950278459812 -2.96692044758404
49.7000000000004 24.8219508236641 111.029963428242 83.1812122825332 13.9978911261817 0.097612648843418 -2.85152205438359
49.8000000000004 24.8775231946349 111.01599247549 83.1840893956747 14.0516016755596 0.101146224741582 -2.51647642019228
49.9000000000004 24.9330996488036 111.002183241015 83.1872320352487 14.1053433829915 0.106889591102639 -2.0513460546673
50.0000000000004 24.9886781482873 110.98857871819 83.1906308397076 14.1591238133709 0.11412419072086 -1.54772791418843
50.1000000000004 25.0442566673635 110.975218839442 83.1942794124753 14.2129492101583 0.122124693898671 -1.09509829000451
50.2000000000004 25.099833281324 110.962139744745 83.1981748541712 14.2668242770743 0.130344549021624 -0.73372339655323
50.3000000000004 25.1554062440074 110.949373645788 83.202317759513 14.3207521662797 0.138441753532526 -0.447752371114037
50.4000000000004 25.2109740457926 110.936948924821 83.2067120033357 14.3747345478996 0.146216799565494 -0.220012768282536
50.5000000000004 25.2665354501199 110.924890242524 83.2113645184997 14.4287716826749 0.153564655906861 -0.0362000242564905
50.6000000000004 25.3220895136004 110.913218645872 83.216285073798 14.4828624946151 0.160442190980817 0.114524272575902
50.7000000000005 25.3776355943348 110.901951676005 83.2214860518649 14.53700464365 0.166846722821534 0.240043233609128
50.8000000000005 25.4331733523591 110.891103476094 83.2269822270833 14.5911945982821 0.172801843033044 0.345981979320218
50.9000000000005 25.488702745471 110.880684899209 83.2327905434926 14.6454277082387 0.178347825153061 0.436314633011941
51.0000000000005 25.5442240230726 110.87070361619 83.2389298926968 14.6996982771241 0.183534893531365 0.513831785902713
51.1000000000005 25.599737719882 110.861164227293 83.2454208870522 14.7539996360869 0.188417625888205 0.569169619278837
51.2000000000005 25.6552446457671 110.852068472284 83.252285510128 14.8083242438817 0.193038792284085 0.59385712828989
51.3000000000005 25.7107458636343 110.84341569038 83.2595464556303 14.8626638539324 0.197408326165651 0.590937799972251
51.4000000000005 25.7662426615143 110.835203378632 83.2672263435999 14.9170097077897 0.201497687293362 0.563063930011627
51.5000000000005 25.8217365198323 110.827427754091 83.2753469318887 14.9713527296035 0.205240630054062 0.512525183777132
51.6000000000005 25.8772290690498 110.820084315971 83.2839283276374 15.0256837205961 0.208538005774259 0.441127026899437
51.7000000000005 25.9327220326042 110.813168407814 83.2929881987521 15.0799935535345 0.211265868274911 0.34998305146623
51.8000000000005 25.9882171506296 110.806675779659 83.3025409853815 15.1342733672032 0.213286349125847 0.2392675984664
51.9000000000005 26.0437160811291 110.800603150203 83.3125971113939 15.1885147608772 0.214461129803561 0.107954165220711
52.0000000000005 26.0992202770585 110.79494876897 83.3231621958546 15.2427099887942 0.214667876802446 -0.0464479491013868
52.1000000000005 26.1547308410778 110.789712971491 83.3342362781164 15.2968521520735 0.213860704466738 -0.204749682242328
52.2000000000005 26.2102483861782 110.784898552966 83.3458133968766 15.3509353242202 0.212203190453412 -0.347314751028843
52.3000000000005 26.2657729614305 110.780510681123 83.3578820677609 15.4049545080416 0.209934042679088 -0.475701364693469
52.4000000000005 26.321304033925 110.776556627559 83.3704261148722 15.4589055261494 0.20730977672528 -0.589609882422251
52.5000000000005 26.3768405119121 110.773045492094 83.3834255159547 15.5127849089081 0.204589470795093 -0.68711453945846
52.6000000000005 26.4323808083371 110.769987927128 83.3968572475565 15.5665897823828 0.202019855337705 -0.765010593413223
52.7000000000005 26.4879229423814 110.767395861994 83.4106961301934 15.6203177562875 0.199820543345982 -0.819343239402833
52.8000000000005 26.5434646747581 110.765282227317 83.4249156735124 15.673966811933 0.198170140290406 -0.846117860751052
52.9000000000005 26.5990036711552 110.76366067937 83.4394889214544 15.727535190175 0.197194796551678 -0.842088166357302
53.0000000000005 26.6545376873712 110.762545324427 83.4543892974183 15.7810212793623 0.196961204856125 -0.805427403299766
53.1000000000005 26.7100647690873 110.761950437862 83.4695914426768 15.8344235049098 0.197424410629671 -0.742605952814276
53.2000000000005 26.765583451169 110.761890046554 83.4850718793718 15.8877402611194 0.198287689781329 -0.664274475486415
53.3000000000005 26.8210929209615 110.762377164281 83.5008092282085 15.9409699502464 0.199181996412671 -0.575478635192792
53.4000000000005 26.876593126717 110.763422890429 83.5167842507291 15.9941110638139 0.199730912684623 -0.479841341993811
53.5000000000005 26.9320848296176 110.765035503438 83.5329798848384 16.0471622655522 0.199560021069734 -0.379240377656643
53.6000000000005 26.9875695983981 110.767219554242 83.5493812803306 16.100122474338 0.198304073697503 -0.2736560937882
53.7000000000005 27.0430497471033 110.769974959723 83.5659758344147 16.1529909471334 0.195612638830503 -0.160981203044914
53.8000000000005 27.098528218744 110.773296096153 83.5827532272414 16.2057673619259 0.19115528487823 -0.0365525488992791
53.9000000000005 27.1540084204243 110.777170892637 83.5997054574291 16.258451900667 0.184627761033558 0.107935481401993
54.0000000000005 27.2094940188489 110.781579924567 83.6168268775896 16.3110453322118 0.175761486453578 0.286766919550724
54.1000000000005 27.2649887077692 110.786495524773 83.6341142209116 16.3635490952563 0.164428875883825 0.493352959310683
54.2000000000005 27.3204959378542 110.791881355238 83.651566395215 16.4159653812179 0.150915256253364 0.718872244104086
54.3000000000005 27.3760186082515 110.797693147887 83.6691836867433 16.4682972169727 0.135630712260088 0.986008864453701
54.4000000000005 27.4315588116992 110.80387990593 83.6869667314269 16.5205485475367 0.119014282350728 1.33018630388176
54.5000000000005 27.4871176671968 110.810385122921 83.7049154772044 16.5727243187444 0.101544603038863 1.81480244727418
54.6000000000005 27.5426952317751 110.817148001811 83.7230281463426 16.6248305599278 0.0837826098755149 2.5655837668184
54.7000000000005 27.5982904777238 110.824104674002 83.7413001977572 16.6768744665953 0.0664963084399023 3.846625431967
54.8000000000005 27.6539013195061 110.831189418409 83.7597232893337 16.7288644831099 0.0510121185683076 6.15380590116188
54.9000000000005 27.7095246741412 110.838335880509 83.7782842402473 16.7808103853689 0.0400514336268158 9.56803016801344
55.0000000000005 27.7651565400403 110.8454782914 83.7969639932843 16.8327233634819 0.0379758137061172 10.6515836034364
55.1000000000005 27.820792084662 110.852552681558 83.8157365972474 16.8846161006393 0.046136220746504 7.62126331233203
55.2000000000005 27.8764257980159 110.859497956802 83.8345687115807 16.9365027529023 0.060829003462548 4.7829462009461
55.3000000000005 27.9320518181384 110.86625662449 83.8534204366276 16.9883986774871 0.0785350018876799 3.17420281416741
55.4000000000005 27.9876643282558 110.872775381925 83.8722466661071 17.0403200619703 0.0974275867766504 2.28463389327194
55.5000000000005 28.0432579490596 110.879005699458 83.8909984596761 17.0922835496848 0.116513591368584 1.75900736688841
55.6000000000005 28.0988281051082 110.8849044036 83.9096244154909 17.1443058651148 0.135116078435996 1.42664401068844
55.7000000000005 28.1543713450248 110.890434260122 83.9280720427698 17.1964034392911 0.152677453556586 1.20561676455096
55.8000000000005 28.2098855946826 110.895564557165 83.9462891343545 17.2485920351863 0.168685350935711 1.05444756231315
55.9000000000005 28.2653703235299 110.900271688344 83.9642251392723 17.3008863731103 0.182643988195904 0.951163195767457
56.0000000000005 28.3208266066847 110.904539735855 83.9818325352981 17.3532997561053 0.194064078287676 0.88409893484986
56.1000000000005 28.3762570691922 110.908361043458 83.9990681937662 17.4058436982792 0.202546384858037 0.845543116791091
56.2000000000005 28.4316657013739 110.911736526254 84.015894542879 17.4585276295265 0.208037098579671 0.827261707088392
56.3000000000005 28.4870575673687 110.914675312333 84.032280219507 17.511358794157 0.210569886058436 0.824785264077688
56.4000000000005 28.542438470125 110.917194121213 84.0482005194865 17.5643422259116 0.210178843703269 0.836480593149136
56.5000000000005 28.597814603118 110.919316632155 84.0636378401659 17.6174807259167 0.206898031948513 0.862944928588441
56.6000000000005 28.653192202938 110.921072852488 84.0785821229533 17.6707748406381 0.200762075141755 0.907118482238467
56.7000000000005 28.7085772157723 110.922498485916 84.0930312958632 17.7242228398355 0.191808096852923 0.975146345535591
56.8000000000005 28.7639749904035 110.923634300848 84.1069917160634 17.7778206945161 0.180080144714034 1.07844661630397
56.9000000000005 28.8193900102247 110.924525498702 84.1204786124223 17.8315620548894 0.165638920098252 1.23825558626994
57.0000000000005 28.8748256769396 110.925221082236 84.1335165280556 17.8854382283209 0.14858362522029 1.49598466308934
57.1000000000005 28.9302841584564 110.925773215072 84.1461397437614 17.9394381611608 0.129239700839733 1.92468668023082
57.2000000000005 28.9857663030427 110.926236352866 84.1583922045477 17.9935485213145 0.108664077899977 2.64056718179408
57.3000000000005 29.0412716377884 110.926665794773 84.1703261847775 18.0477540365391 0.0884090055229201 3.84785361394714
57.4000000000005 29.0967985031421 110.92711600654 84.1820004564056 18.1020379334821 0.0707602365052993 5.75923985462452
57.5000000000005 29.1523443081123 110.927638934818 84.1934784381049 18.1563823805942 0.0591651157447631 7.85906430020486
57.6000000000005 29.2079058577048 110.928282321476 84.2048263443909 18.2107689310423 0.0570651331882551 8.04315582605538
57.7000000000006 29.2634797006268 110.929088017909 84.2161113347478 18.2651789656225 0.0639215413117431 6.12360177306095
57.8000000000006 29.3190624465906 110.930090299355 84.2273996627535 18.319594135673 0.0753386670724042 4.26096024136097
57.9000000000006 29.3746510077651 110.931314179202 84.238754825205 18.3739968059868 0.0873244798989989 3.13674438120315
58.0000000000006 29.4302427280702 110.932773723304 84.2502357112443 18.428370497725 0.0974509436571484 2.58075229057655
58.1000000000006 29.4858353774447 110.934470391803 84.2618947710936 18.4827003265846 0.104511383173767 2.39344361820997
58.2000000000006 29.5414270189795 110.936392096247 84.2737766946654 18.5369733175911 0.108731446025994 2.41901846406115
58.3000000000006 29.5970158227144 110.938514072469 84.2859183844659 18.5911784067099 0.110857119198234 2.57111604769305
58.4000000000006 29.6525998996343 110.940800468757 84.2983494383727 18.6453063190826 0.111816844460245 2.78993014646574
58.5000000000006 29.7081771888832 110.943205961536 84.3110926520225 18.6993494425177 0.112642961181028 3.01251775644632
58.6000000000006 29.7637454156158 110.945677371055 84.3241645211992 18.7533017009822 0.114362421160714 3.16660346495252
58.7000000000006 29.8193021251673 110.948155277067 84.3375757442216 18.8071584280925 0.117835441106241 3.18843763230707
58.8000000000006 29.8748447891756 110.950575634515 84.3513317243316 18.8609162406054 0.123582010493518 3.05339057672746
58.9000000000006 29.930370971049 110.952871389214 84.3654330720817 18.9145729119095 0.131683097593326 2.7887244743565
59.0000000000006 29.9858785317236 110.954974093534 84.3798761077234 18.9681272455159 0.141811761709302 2.45279376420411
59.1000000000006 30.0413658523393 110.956815518546 84.3946533634803 19.0215789490934 0.153373991317363 2.10814679920384
59.2000000000006 30.0968320571494 110.958329174066 84.4097540828506 19.0749285226391 0.165706902693387 1.79234312757338
59.3000000000006 30.1522772292671 110.959451594957 84.4251647123663 19.1281771825324 0.178148059188244 1.51663152703268
59.4000000000006 30.2077025864891 110.960123535319 84.4408693903802 19.1813267997258 0.190058696929128 1.28159464625414
59.5000000000006 30.2631105897869 110.960291159159 84.45685043574 19.2343798384787 0.200833935056069 1.08270090349225
59.6000000000006 30.3185049676913 110.959907231045 84.4730888364609 19.2873392950908 0.209902799716094 0.913603119709214
59.7000000000006 30.3738906436152 110.958932306766 84.4895647383993 19.3402086366367 0.216725178664697 0.767676508421397
59.8000000000006 30.429273557802 110.957335923994 84.5062579339263 19.3929917396998 0.220788920759437 0.638485090574
59.9000000000006 30.4846603814208 110.955097792945 84.5231483506003 19.4456928291058 0.22160812792526 0.519611254568311
60.0000000000006 30.5400581273163 110.952208987036 84.540216539841 19.4983164166569 0.218722723807234 0.403978477692366
60.1000000000006 30.5954736701676 110.948673112572 84.5574441614583 19.5508672400064 0.211825616494308 0.297325046680815
60.2000000000006 30.6509132092773 110.944506933175 84.5748143604265 19.603350205183 0.201148996014719 0.203440921970937
60.3000000000006 30.7063817641543 110.939739610069 84.5923118701301 19.6557703383831 0.187087393602516 0.11197996665119
60.4000000000006 30.761882784653 110.934411397104 84.6099230078551 19.7081327414126 0.170059548567059 0.0114450421036899
60.5000000000006 30.8174178990779 110.928572314812 84.627635666135 19.76044254727 0.150500177778594 -0.114958003328231
60.6000000000006 30.8729868054148 110.922280824459 84.6454393040984 19.8127048757284 0.128858202206655 -0.298060816447231
60.7000000000006 30.9285873022868 110.915602502096 84.6633249388153 19.8649247889186 0.105606057765186 -0.606336093220559
60.8000000000006 30.9842154491155 110.908608712612 84.6812851366439 19.9171072469117 0.0812781116449966 -1.22502254478563
60.9000000000006 31.0398658392399 110.901375283789 84.6993140045776 19.9692570633015 0.0566204272630458 -2.80145168646822
61.0000000000006 31.0955319653242 110.893981180354 84.7174071815914 20.0213788607876 0.0333921428607492 -8.48305627421825
61.1000000000006 31.1512066522522 110.886507180854 84.7355618269078 20.0734770272566 0.0203446606137502 -23.0931970312117
61.2000000000006 31.206882508465 110.879034627933 84.7537765281534 20.125555684847 0.0332192946511877 -8.49563469718776
61.3000000000006 31.2625523319243 110.871644364938 84.772051006161 20.1776186919671 0.0558681041027612 -2.89084973593396
61.4000000000006 31.3182094831391 110.864415745916 84.7903857396635 20.229669658296 0.079649286579853 -1.35724893992758
61.5000000000006 31.3738482273245 110.857425648448 84.8087815869057 20.2817119602836 0.102909053060021 -0.778121014760787
61.6000000000006 31.4294640268386 110.850747486473 84.8272394072568 20.3337487566504 0.124995207796305 -0.512847065622452
61.7000000000006 31.4850537652655 110.844450223115 84.8457596828226 20.3857830038875 0.145463799603049 -0.379127842070484
61.8000000000006 31.5406158863084 110.838597383509 84.8643421400577 20.4378174717568 0.163930862238664 -0.311135072191613
61.9000000000006 31.5961504331918 110.83324606763 84.8829853713778 20.4898547587907 0.180033828425727 -0.281299901871561
62.0000000000006 31.6516589776226 110.828445963118 84.901686456772 20.5418973077923 0.19342082076979 -0.277309220803287
62.1000000000006 31.7071444323102 110.824238371541 84.9204405906131 20.5939474213261 0.203839106447455 -0.28718091377044
62.2000000000006 31.762610768497 110.820655583991 84.9392408436233 20.6460072769743 0.211403328120973 -0.302221954919002
62.3000000000006 31.8180627097962 110.817721143425 84.958078267924 20.6980789419959 0.216323645183107 -0.321651829355978
62.4000000000006 31.873505430193 110.815450456351 84.9769421372415 20.7501643877518 0.218816054927848 -0.345153209097986
62.5000000000006 31.9289442632775 110.813851417939 84.9958201923101 20.8022655041194 0.21910234824376 -0.372670277899603
62.6000000000006 31.9843844360194 110.812925037138 85.0146988862759 20.8543841139091 0.217409541192806 -0.40430006354318
62.7000000000006 32.0398308377721 110.812666061785 85.0335636300996 20.9065219872791 0.213968887925812 -0.440222063718052
62.8000000000006 32.0952878321993 110.813063603727 85.0523990379604 20.9586808561512 0.209014583832106 -0.480638863764836
62.9000000000006 32.1507591170642 110.814101763928 85.0711891726595 21.0108624286261 0.202782246850415 -0.525710668913921
63.0000000000006 32.206247634336 110.815760257588 85.0899177910232 21.0630684033991 0.195507223710275 -0.575469938722702
63.1000000000006 32.2617555297871 110.818015038898 85.1085685853203 21.1153004844484 0.187424751288288 -0.636987172174825
63.2000000000006 32.3172841331715 110.820838916481 85.1271253210414 21.1675604028236 0.178781993761268 -0.718640482467372
63.3000000000006 32.3728339131079 110.824202145198 85.1455717115961 21.2198499564562 0.169846135528555 -0.822143474548888
63.4000000000006 32.4284044486378 110.828073008636 85.1638911893719 21.2721710570691 0.160907629040088 -0.948389394559248
63.5000000000006 32.4839944420883 110.83241840124 85.1820666728078 21.3245257773607 0.152283887552984 -1.09615244696344
63.6000000000006 32.5396017707874 110.837204410444 85.2000803334669 21.3769163981874 0.144321357004174 -1.26013731414499
63.7000000000006 32.5952235736905 110.842396898802 85.2179133631094 21.4293454557473 0.137392721566031 -1.42862169801681
63.8000000000006 32.650856368861 110.847962086122 85.2355457407658 21.4818157887627 0.131884622644078 -1.58177104500739
63.9000000000006 32.706496197901 110.853867131593 85.2529559998099 21.5343305856643 0.128171607266505 -1.69277384803306
64.0000000000006 32.7621387938349 110.860080715921 85.270120995032 21.5868934317733 0.126576599467761 -1.73392281354651
64.1000000000006 32.8177797693141 110.866573617143 85.2870156754812 21.6395083551174 0.127272158807322 -1.69025207180772
64.2000000000006 32.8734148143208 110.87331912225 85.3036130073279 21.6921798366736 0.130092464341355 -1.5747343498707
64.3000000000006 32.929039876873 110.880293022004 85.3198842775409 21.7449127303153 0.134723281007855 -1.4134235059076
64.4000000000006 32.984651320547 110.88747344156 85.3357995475838 21.7977121471867 0.140800497537313 -1.23295925281749
64.5000000000006 33.0402460614074 110.894840664782 85.3513281128817 21.8505833387103 0.147950027865574 -1.05387844912406
64.6000000000006 33.0958216829156 110.902376958544 85.3664389622874 21.9035315795932 0.155814491359894 -0.888778894677863
64.7000000000006 33.1513765266311 110.910066397042 85.3811012375472 21.9565620508343 0.164065769247554 -0.743596849581431
64.8000000000006 33.206909756137 110.917894686103 85.3952846927679 22.0096797227309 0.172407523195031 -0.619840131721913
64.9000000000006 33.2624213914069 110.925848987494 85.4089601538829 22.0628892378859 0.180572383537427 -0.516557463886083
65.0000000000006 33.3179123108036 110.933917743228 85.422099978118 22.1161947942141 0.188317201882193 -0.431690290775755
65.1000000000006 33.3733842180144 110.942090499898 85.4346785104219 22.1696000286308 0.195438245203087 -0.363695480716542
65.2000000000006 33.4288395718959 110.950357733557 85.4466724609442 22.2231079184473 0.20182763682681 -0.310521587958774
65.3000000000006 33.4842814843582 110.958710676013 85.4580610820995 22.2767207277187 0.207410778838255 -0.269610581214322
65.4000000000006 33.5397135967226 110.967141141671 85.4688262666802 22.3304399712998 0.21212359915842 -0.239046519683938
65.5000000000006 33.5951399383021 110.9756413544 85.4789526429324 22.384266379581 0.215910641618086 -0.217431466127542
65.6000000000005 33.6505647687059 110.984203774399 85.4884276696323 22.4381998632259 0.2187238949365 -0.203793228231852
65.7000000000005 33.705992405506 110.992820925066 85.4972417311624 22.4922394779077 0.220522140305118 -0.19752290785241
65.8000000000005 33.7614270391125 111.001485219862 85.5053882325872 22.5463833890458 0.221270674516639 -0.198339613709701
65.9000000000005 33.8168725369205 111.010188789174 85.51286369473 22.6006288365428 0.22094132721934 -0.206280956070742
66.0000000000005 33.8723322390004 111.01892330719 85.5196678492484 22.654972099521 0.219512745869676 -0.221720131545683
66.1000000000005 33.9278087492821 111.027679821842 85.5258037287346 22.709408462617 0.217004659951062 -0.240804971136777
66.2000000000005 33.983303763468 111.036448664989 85.531277627429 22.763932222781 0.213576373095248 -0.25905736241398
66.3000000000005 34.0388180094339 111.045219566249 85.5360987334935 22.8185367988948 0.209419623788307 -0.276032292832091
66.4000000000005 34.0943512596182 111.05398184705 85.5402786318986 22.8732148818944 0.204722792833777 -0.29105688772781
66.5000000000005 34.1499023815088 111.062724617777 85.5438308023348 22.9279585864505 0.199669538026197 -0.303204593560391
66.6000000000005 34.2054694231309 111.071436974911 85.5467701171227 22.9827596026489 0.194437431371099 -0.311276343891025
66.7000000000005 34.2610497312066 111.080108198175 85.5491123391247 23.037609347671 0.189196617217997 -0.313800790510693
66.8000000000005 34.3166400992537 111.088727947673 85.5508736196555 23.0924991174747 0.184108551156627 -0.309068626065733
66.9000000000005 34.3722369426898 111.097286461034 85.552069996393 23.1474202384739 0.17932494657727 -0.295217292853417
67.0000000000005 34.4278364980137 111.105774750553 85.5527168912896 23.2023642192202 0.174987142817761 -0.2703798884835
67.1000000000005 34.4834350422485 111.114184798385 85.5528286147273 23.2573229012857 0.17118832142667 -0.238686124597975
67.2000000000005 34.5390291017847 111.122509701024 85.5524180320339 23.312288589434 0.167863975665602 -0.206043928107388
67.3000000000005 34.5946155930881 111.130743685062 85.5514966421453 23.3672541292106 0.16491200161198 -0.173322286345479
67.4000000000004 34.650191922848 111.138882072237 85.5500748186281 23.4222129638204 0.162231914369245 -0.141287074883586
67.5000000000004 34.7057560723544 111.146921242524 85.5481620569466 23.4771591902078 0.159725221316248 -0.110574404318644
67.6000000000004 34.7613066682181 111.154858597238 85.5457672217303 23.5320876151374 0.157295657962703 -0.0816801453099143
67.7000000000004 34.8168430403614 111.162692522126 85.5428987940412 23.5869938112748 0.154849319864177 -0.0549628639314112
67.8000000000004 34.8723652680744 111.170422350465 85.5395651186411 23.641874173267 0.152294732462514 -0.0306565144672763
67.9000000000004 34.927874214853 111.178048326158 85.5357746512586 23.6967259738229 0.149542904646906 -0.00888925737387567
68.0000000000004 34.9833715526989 111.18557156683 85.5315362058567 23.7515474197938 0.146507413131476 0.0102946127095969
68.1000000000004 35.0388597742692 111.192994027035 85.5268591954551 23.8063377053492 0.143146507849128 0.0315906429264816
68.2000000000004 35.0943421374447 111.200318464309 85.5217537053868 23.8610969896152 0.139589796721732 0.0601961840565916
68.3000000000004 35.1498224625412 111.20754841244 85.5162301411958 23.9158261825698 0.136013171492715 0.0967357909342977
68.4000000000004 35.2053048883803 111.214688157598 85.5102987089683 23.9705266553996 0.13259629634906 0.141465775903932
68.5000000000004 35.2607936467977 111.22174271456 85.5039688892201 24.0251999479539 0.129522245660295 0.19398131866879
68.6000000000004 35.3162928568029 111.228717802944 85.4972489107829 24.0798474761966 0.126977584112801 0.252889112891645
68.7000000000004 35.3718063374302 111.235619823443 85.4901452246916 24.1344702396594 0.125152833503163 0.315524063861953
68.8000000000004 35.4273374387017 111.242455834049 85.4826619780708 24.1890685288948 0.124243156199869 0.37784073075163
68.9000000000004 35.4828888907242 111.249233526292 85.4748004880217 24.2436416329285 0.124448949800622 0.434635923209927
69.0000000000004 35.5384626717539 111.255961201467 85.466558715509 24.2981875467125 0.125975959272851 0.480210500145897
69.1000000000004 35.5940598976654 111.26264774193 85.4579307452272 24.3527026807076 0.128997460686978 0.494696629020688
69.2000000000003 35.6496807488295 111.26930245403 85.4489064209287 24.4071816258336 0.133533078793127 0.46533962444174
69.3000000000003 35.7053244513391 111.2759345852 85.4394713753885 24.4616170589701 0.139545219557401 0.400265601836806
69.4000000000003 35.7609892814988 111.282552712688 85.4296072158301 24.5159997038256 0.146978725514792 0.309611510649382
69.5000000000003 35.8166725786875 111.289164127345 85.4192917153318 24.5703182939353 0.15576981061015 0.203381104900281
69.6000000000003 35.8723707672355 111.295774217424 85.4084990042322 24.6245595356596 0.165856505459292 0.09003480071059
69.7000000000003 35.9280793886637 111.302385852366 85.3971997615363 24.678708071183 0.1771884165911 -0.0240678155816621
69.8000000000003 35.9837931460006 111.308998766596 85.3853614063209 24.7327464415116 0.189734663911322 -0.134594624584033
69.9000000000003 36.0395059625386 111.315608943313 85.3729482891407 24.786655049472 0.203489725803795 -0.238847114764017
70.0000000000003 36.0952110583131 111.322207998286 85.3599218834345 24.8404121227098 0.21847738904624 -0.335287960377096
70.1000000000003 36.1509010529092 111.328782572916 85.3462409856326 24.8939936820552 0.234686006715344 -0.411245882408691
70.2000000000003 36.2065681994612 111.335313968439 85.3318621415357 24.9473736494606 0.25185160487609 -0.460737427510933
70.3000000000003 36.2622048879868 111.341778392229 85.3167406470678 25.0005243102299 0.269627313370234 -0.491949257825602
70.4000000000003 36.317804210441 111.348147445235 85.3008317752989 25.0534169148191 0.287642764210149 -0.511583117772426
70.5000000000003 36.3733604611537 111.354388618694 85.2840920121705 25.106022286004 0.3055041534245 -0.524893235092223
70.6000000000003 36.4288695493064 111.360465790842 85.2664802922212 25.158311426049 0.322796875139904 -0.535942647150589
70.7000000000003 36.4843293032249 111.366339723628 85.2479592343115 25.2102561238751 0.339089969949625 -0.547928410298373
70.8000000000003 36.5397396464563 111.37196855942 85.22849637735 25.2618295622279 0.35394222028665 -0.563507070820932
70.9000000000002 36.5951026272671 111.377308317725 85.2080654160182 25.3130069248463 0.36691002968957 -0.585100935526072
71.0000000000002 36.6504222864602 111.382313391891 85.1866474364959 25.3637660036304 0.377557348437418 -0.615193887264217
71.1000000000002 36.7057043548278 111.386937051956 85.1642321327405 25.4140877981946 0.385580440921767 -0.644369362888007
71.2000000000002 36.760955824788 111.391132106805 85.1408185171572 25.4639569174257 0.391132095199418 -0.661482528352547
71.3000000000002 36.8161845448417 111.394851970777 85.116414347802 25.5133614784387 0.394440965272656 -0.666216650877876
71.4000000000002 36.8713988836123 111.398051889585 85.0910350499762 25.5622928075374 0.395687190138378 -0.657835689609606
71.5000000000002 36.9266074462374 111.400690172377 85.0647026183744 25.6107451335598 0.394998126264737 -0.635293415779027
71.6000000000002 36.9818188362038 111.402729423784 85.0374445192325 25.6587152812236 0.392446680426018 -0.597243241549102
71.7000000000002 37.0370414539565 111.404137775977 85.0092925924759 25.7062023644721 0.388052984694172 -0.5419471290334
71.8000000000002 37.0922833225336 111.404890120721 84.9802819538674 25.7532074798192 0.381790135798231 -0.467066109578244
71.9000000000002 37.1475519312 111.404969341428 84.9504498971551 25.7997333996953 0.37359482208263 -0.369299287997715
72.0000000000002 37.2028540905811 111.40436754521 84.9198347962207 25.8457842657926 0.363384046193644 -0.243817383076951
72.1000000000002 37.2581957937303 111.403087272123 84.8884750139934 25.8913652823119 0.35114359989204 -0.105190312692237
72.2000000000002 37.3135820082709 111.401142111242 84.8564079872807 25.936482406645 0.337159587542285 0.0305830524900622
72.3000000000002 37.3690163195755 111.39855581104 84.8236697581572 25.9811420335459 0.321850919723997 0.167224897614097
72.4000000000002 37.4245006237291 111.395360796597 84.7902946812695 26.0253506767378 0.305692794234529 0.307494843588469
72.5000000000002 37.4800349685415 111.391596664 84.7563151379086 26.0691146504208 0.289203162596553 0.452741417305324
72.6000000000002 37.5356175407838 111.387308674743 84.7217612500806 26.1124397507803 0.272931086755111 0.60211757161139
72.7000000000001 37.5912447877294 111.382546250126 84.6866605945781 26.1553309374952 0.25744399625867 0.751456338911338
72.8000000000001 37.6469116564022 111.377361465655 84.6510379170522 26.1977920152453 0.24331006901494 0.892025416987099
72.9000000000001 37.7026119310221 111.37180754544 84.6149148460836 26.2398253152203 0.231071859945539 1.00979296006731
73.0000000000001 37.7583386478877 111.365937356597 84.5783096072539 26.2814313766271 0.221209342008424 1.08628329036652
73.1000000000001 37.8140845642306 111.35980191024 84.5412367441098 26.3226086313341 0.21403887468625 1.10818514860819
73.2000000000001 37.8698425841861 111.353449033938 84.5037070183279 26.3633531700453 0.209519569527281 1.07200512680434
73.3000000000001 37.9256059826062 111.346922479433 84.4657277647751 26.4036587154358 0.207441423504723 0.978166324144017
73.4000000000001 37.9813685106423 111.340261201815 84.4273034257703 26.4435166768176 0.207503961637374 0.833969868609381
73.5000000000001 38.0371244505894 111.333498645291 84.3884360922388 26.4829162079416 0.209352446718642 0.650888265890658
73.6000000000001 38.0928686230021 111.326662028963 84.349126044866 26.5218442647993 0.212622792939422 0.441167893463649
73.7000000000001 38.1485963476885 111.319771632598 84.3093722952514 26.560285663424 0.216985398687495 0.215289383127174
73.8000000000001 38.204303362194 111.312840082397 84.2691731270632 26.598223137693 0.222182101809556 -0.0190660130401059
73.9000000000001 38.2599857039413 111.305871636774 84.2285266371915 26.6356373971293 0.228055084637868 -0.256745334858223
74.0000000000001 38.3156395652753 111.298861472121 84.1874312769032 26.6725071847027 0.234569261259534 -0.494078264259557
74.1000000000001 38.3712611390597 111.291794990689 84.1458863886946 26.7088093413075 0.241796883503147 -0.695538232657807
74.2000000000001 38.4268465888694 111.284647703108 84.1038926313143 26.7445190437965 0.249773672464824 -0.831921999326913
74.3000000000001 38.4823923369402 111.277386569646 84.0614521209121 26.7796104835844 0.258470704097007 -0.910515113516624
74.4 38.5378954669794 111.269971916115 84.0185684603573 26.8140577188087 0.267763548209831 -0.940007665110046
74.5 38.5933541085555 111.262359371882 83.9752467642564 26.8478355331653 0.277406447811091 -0.929931700154323
74.6 38.6487677783078 111.254501807878 83.9314936839702 26.8809202947453 0.287029239211317 -0.889749952688241
74.7 38.70413765232 111.246351274602 83.8873174326319 26.91329081487 0.296149808611866 -0.82791960473153
74.8 38.7594667410811 111.237860940139 83.842727810164 26.944929206928 0.304195138449965 -0.751201208753526
74.9 38.8147599384407 111.228987028164 83.7977362282963 26.9758217452105 0.310525551678585 -0.664290072785136
75 38.8700239189911 111.21969075595 83.7523557355832 27.0059597237477 0.314458797670561 -0.569675034584645
75.1 38.9252668645155 111.209940254028 83.7066010399621 27.0353403052789 0.315408878278963 -0.47995175032852
75.2 38.9804980197992 111.199712008683 83.6604884673846 27.063967113718 0.313268951325261 -0.403556822523654
75.3 39.0357271548322 111.188991093184 83.6140357581668 27.0918501754884 0.308090128772966 -0.335907191340344
75.4 39.0909640336256 111.177770921868 83.567261799412 27.1190056043539 0.299959578389539 -0.273142493580879
75.5 39.1462179261928 111.166052985853 83.5201863549747 27.1454552763823 0.288992568622 -0.211635762264125
75.6 39.2014971816338 111.153846588767 83.4728297954245 27.1712265049107 0.275326127842271 -0.147489095733231
75.7 39.2568088769355 111.141168582468 83.4252128280097 27.1963517155098 0.259114107750502 -0.0758808233698407
75.8 39.3121585530816 111.128043102765 83.3773562266214 27.220868120948 0.240523951565411 0.00996219534683827
75.9 39.3675500471761 111.114501305142 83.3292805617569 27.2448173961563 0.219736083437931 0.12062643909306
76 39.4229854266125 111.10058110048 83.2810059304843 27.268245353193 0.196947962630334 0.274257692729874
76.1 39.4784650269519 111.086326878803 83.2325516871324 27.2912016054876 0.172482607341664 0.492008106563824
76.1999999999999 39.5339875496593 111.071788921692 83.1839361928804 27.3137389533673 0.147096266597414 0.809585428735901
76.2999999999999 39.5895501684309 111.057022024369 83.1351766133201 27.3359120620652 0.121726339692524 1.30658631763821
76.3999999999999 39.6451487359798 111.042083806459 83.0862887349164 27.3577758610106 0.0974833366456309 2.12829935287841
76.4999999999999 39.7007781038608 111.027033010759 83.037286782195 27.3793839323992 0.0758430532241921 3.50267491373126
76.5999999999999 39.7564325079708 111.011927802025 82.9881832349303 27.4007868997628 0.0589748763612805 5.50280937178376
76.6999999999999 39.8121059710869 110.996824065745 82.9389886453325 27.4220308165396 0.0496969204608352 6.95777561665601
76.7999999999999 39.8677926779801 110.981773706919 82.8897114552356 27.4431555546442 0.049222750841462 5.87956025968255
76.8999999999999 39.9234872860685 110.96682294884 82.8403578132849 27.4641931930377 0.0545858678654792 3.44377022853093
76.9999999999999 39.9791851452487 110.952010631868 82.7909313921244 27.4851664062976 0.0614857597621668 1.36147188522265
77.0999999999999 40.0348824130212 110.937366535597 82.7414332106308 27.5060868773857 0.0673693959958997 -0.107840761549521
77.1999999999999 40.090576032936 110.922910309026 82.6918615873444 27.5269543395528 0.0717228297500459 -1.14900485945292
77.2999999999999 40.1462635516158 110.908651944141 82.6422124269404 27.5477572152843 0.075109761947162 -1.95385343478516
77.3999999999999 40.201942888911 110.894592857503 82.5924796378975 27.5684738843833 0.0785644129957829 -2.54898248605342
77.4999999999999 40.2576121365899 110.880726995223 82.5426555552124 27.5890739762511 0.0832537745072264 -2.87870249443372
77.5999999999999 40.3132694076522 110.867041937939 82.4927313631145 27.6095196621673 0.0901461461851907 -2.90340251037821
77.6999999999999 40.3689127441286 110.853520005785 82.442697517781 27.6297669475706 0.0997392322037667 -2.6710727618558
77.7999999999999 40.4245400804898 110.840139363372 82.3925441700511 27.6497669643394 0.111990227488986 -2.29650792307381
77.8999999999998 40.4801492509536 110.82687512476 82.3422615881409 27.6694672630718 0.126450565109265 -1.88898822029264
77.9999999999998 40.5357380220574 110.813700458431 82.291840580358 27.6888131053668 0.142462630818938 -1.51249372755885
78.0999999999998 40.5913041305361 110.800587688698 82.2412729136764 27.7077487534354 0.159327339984393 -1.19619061746721
78.1999999999998 40.6468453932478 110.787509304358 82.1905516246782 27.7262186903339 0.17645256104849 -0.9412887494209
78.2999999999998 40.7023600180027 110.774438731896 82.1396710572703 27.7441686640783 0.193312558920005 -0.734820441665924
78.3999999999998 40.7578469540572 110.761351015926 82.0886267927692 27.7615466623798 0.209418361748783 -0.564592856816154
78.4999999999998 40.8133061734573 110.74822349608 82.0374155758447 27.7783038847115 0.224308630532095 -0.420337303484543
78.5999999999998 40.8687388636001 110.735036483883 81.9860352404639 27.7943957143755 0.237543625269018 -0.29360057716326
78.6999999999998 40.9241475177427 110.721773939634 81.9344846358355 27.8097826905694 0.248702722015799 -0.177226706654706
78.7999999999998 40.9795359138543 110.708424149288 81.8827635523543 27.8244314804534 0.257385364062029 -0.064724010677561
78.8999999999998 41.0349089769129 110.694980401335 81.8308726475447 27.8383158512173 0.26321535750604 0.0504347014686011
78.9999999999998 41.0902725255032 110.681441663682 81.7788133720052 27.8514176421468 0.265848777642507 0.175652943963958
79.0999999999998 41.1456329102851 110.66781324675 81.7265878955039 27.8637277217293 0.265090125732138 0.303226209447433
79.1999999999998 41.2009965650035 110.654107108271 81.6741990370085 27.8752465557562 0.261208168852936 0.424569897813289
79.2999999999998 41.2563695442061 110.640341248545 81.6216502047054 27.8859837879579 0.254608268348892 0.545586365336233
79.3999999999998 41.3117571364545 110.626538747387 81.5689453399522 27.8959574316359 0.245717303468204 0.670849514356226
79.4999999999998 41.3671635814495 110.612726787301 81.5160888613831 27.9051930463334 0.234975827836295 0.804055177773657
79.5999999999998 41.42259189683 110.598935676647 81.463085609013 27.9137229145055 0.222831178334952 0.948150346161237
79.6999999999997 41.4780438132756 110.585197872814 81.4099407883426 27.9215852181907 0.209730608694062 1.105182062314
79.7999999999997 41.5335198108833 110.571547005387 81.3566599144626 27.9288232156806 0.196113326581176 1.27585725791436
79.8999999999997 41.5890192452981 110.558016899322 81.3032487561588 27.9354844181907 0.182399914872727 1.45881153588513
79.9999999999997 41.6445405487693 110.544640598112 81.2497132800163 27.9416197665312 0.168977229111187 1.64968220764874
80.0999999999997 41.7000814874978 110.531449388442 81.1960595956745 27.9472828062482 0.156188039770892 1.84099454049336
80.1999999999997 41.7556394171488 110.518471863448 81.1422939309772 27.9525288230031 0.144338435898882 2.01914102399247
80.2999999999997 41.8112114569947 110.50573308396 81.0884226830144 27.9574138770188 0.133631075429299 2.16469768698248
80.3999999999997 41.8667946333941 110.493253778352 81.0344524990592 27.9619937977637 0.124111113607866 2.25776046619211
80.4999999999997 41.9223860166282 110.481049543869 80.9803903586553 27.9663231771069 0.115631337168003 2.28436645902175
80.5999999999997 41.9779828377221 110.46913004796 80.9262436557039 27.9704543624731 0.107841470646114 2.24238498976142
80.6999999999997 42.0335825736213 110.457498229614 80.872020280551 27.9744364499974 0.10021034516495 2.14328382084075
80.7999999999997 42.0891829934872 110.446149500685 80.817728702075 27.9783142776804 0.092075681336634 2.00910461962759
80.8999999999997 42.1447821643047 110.435070947226 80.7633780497733 27.9821274185433 0.0827047912195121 1.86840436786606
80.9999999999997 42.2003784204649 110.424240530823 80.70897819585 27.9859091737826 0.0713489370157276 1.75853975615246
81.0999999999997 42.2559703083498 110.413626312005 80.6545398351177 27.9896855792519 0.0574329529357507 1.82637548759426
81.1999999999997 42.3115564996963 110.40318624778 80.600074508088 27.9934747584405 0.0410994162292339 2.48243854142116
81.2999999999997 42.3671356705468 110.392869446556 80.545594479846 27.9972871550205 0.0230437229545172 6.15279057959227
81.3999999999997 42.4227064287186 110.382617997186 80.491112562114 28.0011261118906 0.00859470639612736 41.8169812503849
81.4999999999996 42.4782673215606 110.372368820093 80.4366419331292 28.0049884635468 0.0227305502278662 6.84244534825463
81.5999999999996 42.5338169118617 110.362055518393 80.3821959575215 28.0088651284529 0.044533968187 2.2776450211606
81.6999999999996 42.5893539000391 110.351610229022 80.327788006192 28.0127417014113 0.0671251485785775 1.32706533802179
81.7999999999996 42.6448772646314 110.340965473863 80.2734312761903 28.0165990459336 0.0895304092174804 0.985699033646764
81.8999999999996 42.7003863893763 110.330056010864 80.2191386105932 28.0204138866111 0.111097467345061 0.834078447497366
81.9999999999996 42.7558811437786 110.318820685172 80.1649223183823 28.0241594014859 0.131229767170391 0.766906932348851
82.0999999999996 42.8113618872397 110.307204261903 80.1107939960989 28.0278058150939 0.149465122454579 0.736038821179185
82.1999999999996 42.8668294263847 110.295158781802 80.0567643956965 28.0313210090118 0.165798665154938 0.714784079732668
82.2999999999996 42.9222850256255 110.282643705767 80.002843409665 28.0346711768309 0.180323428505115 0.69720244017563
82.3999999999996 42.9777304215765 110.269625582266 79.9490401023522 28.0378214966343 0.193113114606542 0.680290400481683
82.4999999999996 43.0331678018359 110.256077696386 79.8953627430625 28.0407368041471 0.204221353586028 0.662352391218954
82.5999999999996 43.0885997518517 110.241979718904 79.841818839155 28.0433822658861 0.21368159996257 0.642327709585322
82.6999999999996 43.1440291740007 110.227317355338 79.7884151691427 28.04572405231 0.221507490770261 0.619471328131207
82.7999999999996 43.1994591817622 110.212081995013 79.7351578157905 28.0477300109692 0.227693593167232 0.593176870725827
82.8999999999996 43.2548929709905 110.196270360118 79.6820521992142 28.0493703396561 0.232216502381064 0.562856127310436
82.9999999999996 43.3103336697667 110.179884154767 79.6291031099785 28.050618259555 0.235036262790175 0.527834101841397
83.0999999999996 43.3657841687844 110.16292971033 79.5763147426596 28.0514506842952 0.236133321482052 0.488767931248705
83.1999999999995 43.4212469518814 110.14541753387 79.523690741459 28.051848782481 0.235616863160224 0.444921855821286
83.2999999999995 43.4767239709231 110.127361610604 79.4712342764121 28.0517982698201 0.233621219098553 0.393382076532286
83.3999999999995 43.5322165615647 110.10877860946 79.4189481316483 28.0512895947276 0.230271109166208 0.331010725973847
83.4999999999995 43.5877253898867 110.089687084918 79.3668347941149 28.0503181198347 0.225683298989929 0.254196527123717
83.5999999999995 43.6432504304803 110.070106678841 79.3148965423011 28.0488843034962 0.219970369374515 0.158579503150685
83.6999999999995 43.6987909766982 110.05005732231 79.2631355349615 28.0469938812985 0.213247486125771 0.0387319239634817
83.7999999999995 43.7543456837979 110.029558437462 79.2115538998409 28.0446580475679 0.205643491678016 -0.112191893880868
83.8999999999995 43.809912646176 110.008628139323 79.1601538223969 28.0418936368781 0.197318264864592 -0.30274745387503
83.9999999999995 43.8654895107975 109.98728243764 79.1089376345249 28.0387233055585 0.188489103323236 -0.543153806268661
84.0999999999995 43.9210736284963 109.965534450537 79.0579079010436 28.035175700994 0.179459485720475 -0.810665849271258
84.1999999999995 43.9766622031819 109.943393925364 79.0070674479977 28.0312853135147 0.170597050279641 -1.07181139116062
84.2999999999995 44.0322523694991 109.920867539374 78.9564192432637 28.0270915225533 0.162299470988639 -1.31650881377636
84.3999999999995 44.0878412663431 109.897959507597 78.9059662189727 28.0226373253915 0.154950409053366 -1.52782570017615
84.4999999999995 44.1434261428188 109.874672202538 78.8557110916946 28.0179680536996 0.148860906485777 -1.68413594691143
84.5999999999995 44.19900448688 109.851006773862 78.8056561826231 28.0131300900747 0.144205852737819 -1.76474851886597
84.6999999999995 44.2545741625368 109.826963768095 78.7558032377598 28.0081695845804 0.140970919024355 -1.75733277163063
84.7999999999995 44.3101335402156 109.802543748312 78.7061532480995 28.003131171285 0.138929336134028 -1.66280014908482
84.8999999999995 44.3656816048299 109.777747913827 78.6567062698143 27.9980566848008 0.137659342909229 -1.49395341414423
84.9999999999994 44.4212180273677 109.752578719894 78.6074612444383 27.992983876823 0.136595793463042 -1.26855464877033
85.0999999999994 44.4767431878488 109.727040491254 78.5584158213287 27.9879451471853 0.13515216155152 -1.03552083647028
85.1999999999994 44.5322581312401 109.701139876107 78.5095662393043 27.9829666523496 0.132984647001474 -0.831820060106168
85.2999999999994 44.587764449399 109.674885894984 78.4609073585081 27.9780683719989 0.129904811440697 -0.653643927017998
85.3999999999994 44.6432641329786 109.648289830025 78.4124327514466 27.9732645530632 0.125810082593006 -0.495764429611665
85.4999999999994 44.6987594186987 109.621365108129 78.3641347963066 27.9685641682634 0.120661996883693 -0.352484015591876
85.5999999999994 44.7542526404902 109.594127184098 78.3160047702717 27.9639713746545 0.114469700290912 -0.217852355879751
85.6999999999994 44.8097460907341 109.566593423781 78.2680329428379 27.9594859721688 0.10727784898454 -0.0853807267676544
85.7999999999994 44.8652418962082 109.538782987225 78.2202086691305 27.9551038621595 0.0991580102182036 0.0527265522483014
85.8999999999994 44.9207419118881 109.510716711814 78.1725204832203 27.9508175059438 0.0902029452917743 0.207069968372662
85.9999999999994 44.976247634401 109.482416995419 78.1249561914396 27.9466163833463 0.08052363327437 0.39400802975057
86.0999999999994 45.031760136252 109.453907677539 78.077502966197 27.9424874525112 0.0702644469084592 0.637960768782966
86.1999999999994 45.0872800333903 109.425213868297 78.0301474527453 27.9384156426972 0.0596519574460866 0.982056137430066
86.2999999999994 45.1428075069256 109.396361645092 77.9828759088316 27.9343844307991 0.0489631075947701 1.51585401654168
86.3999999999994 45.1983423573448 109.367377697105 77.935674357301 27.9303764508538 0.038546559571051 2.4318749769481
86.4999999999994 45.2538840736741 109.338288967798 77.8885287391983 27.9263741048132 0.0289231406474885 4.1568173558063
86.5999999999994 45.3094319111994 109.309122297421 77.8414250668697 27.9223601733181 0.0210641917292175 7.37249614452614
86.6999999999993 45.3649849717253 109.279904065513 77.7943495770649 27.9183184264723 0.0168537847569716 10.7020146617244
86.7999999999993 45.4205422805436 109.250659833399 77.7472888840386 27.9142342346159 0.0178666658854928 8.86171526967322
86.8999999999993 45.4761028547998 109.221413986701 77.7002301326526 27.9100951790989 0.0223390708783919 5.37703336919101
86.9999999999993 45.5316657587876 109.192189377832 77.6531611514774 27.9058916630557 0.0276759120008728 3.4585146505262
87.0999999999993 45.5872301427444 109.163006973027 77.6060706039664 27.9016175140828 0.0326262594247292 2.58825486935151
87.1999999999993 45.6427952608483 109.133885617018 77.558948089512 27.8972703764517 0.0369053820767807 2.18916155811891
87.2999999999993 45.6983604678459 109.104842096347 77.5117841172777 27.8928515690576 0.0405464317347677 2.00812329593241
87.3999999999993 45.7539252066972 109.075891320331 77.4645700299131 27.8883657329023 0.0436774764341296 1.93285289488424
87.4999999999993 45.8094889949344 109.047046506551 77.4172979253398 27.8838204704815 0.0464644183116657 1.90504036288275
87.5999999999993 45.8650514128284 109.018319366339 77.3699605785385 27.8792259851727 0.0490838070205508 1.88922234616306
87.6999999999993 45.9206120954174 108.989720290265 77.3225513633355 27.8745947206225 0.0517045351123938 1.86179123143692
87.7999999999993 45.9761707296532 108.96125853363 77.2750641741894 27.8699410001342 0.0544728741538098 1.80771292851599
87.8999999999993 46.0317270572284 108.932942401947 77.2274933479776 27.8652806660557 0.057500636740778 1.71980050800734
87.9999999999993 46.0872808830629 108.904779436437 77.1798335857834 27.8606307191665 0.0608579647692379 1.59796987619442
88.0999999999993 46.1428320887466 108.876776598381 77.1320798754247 27.8560089596812 0.0645658539753984 1.45756321530244
88.1999999999993 46.1983806448421 108.848940424195 77.0842274332979 27.851433670244 0.0685897080412067 1.31511718653065
88.2999999999993 46.253926611999 108.821277106107 77.0362716952479 27.8469234055212 0.0728765686579137 1.17551888382799
88.3999999999993 46.3094701372328 108.793792543561 76.988208326752 27.8424968237856 0.0773671949730103 1.04201765270233
88.4999999999992 46.3650114495454 108.766492393474 76.9400332338466 27.8381725201163 0.0819991579164763 0.916412454124239
88.5999999999992 46.4205508543429 108.739382120507 76.8917425740546 27.8339688595988 0.0867090767381631 0.799376885164518
88.6999999999992 46.4760887259019 108.712467047325 76.8433327673113 27.829903810524 0.091434152587575 0.690792489515058
88.7999999999992 46.5316254971584 108.685752404866 76.7948005068919 27.8259947775885 0.0961131928432617 0.590027375845963
88.8999999999992 46.5871616461331 108.659243382607 76.7461427703381 27.8222584350943 0.100687304809674 0.496142128257347
88.9999999999992 46.6426976783644 108.632945178823 76.6973568303848 27.8187105601483 0.105100402671853 0.408028151921761
89.0999999999992 46.6982341049028 108.606863048728 76.648440266622 27.8153658700279 0.109306044747241 0.339131730934797
89.1999999999992 46.753771418192 108.581002297131 76.5993909962685 27.812237967856 0.113291046322113 0.299962985795272
89.2999999999992 46.809310071206 108.555368130298 76.5502073534598 27.8093395632148 0.117061238691286 0.285992681951645
89.3999999999992 46.8648504578524 108.529965452342 76.5008881876479 27.8066828010698 0.120632886607862 0.293804503659993
89.4999999999992 46.9203928932888 108.504798659478 76.451432962736 27.8042795948586 0.12403143832042 0.320771139914738
89.5999999999992 46.9759375949855 108.479871434285 76.4018418562133 27.8021419595803 0.127292004909613 0.364780406128789
89.6999999999992 47.0314846655145 108.455186539955 76.3521158582899 27.8002823448849 0.130461181166677 0.423993635383768
89.7999999999992 47.0870340782049 108.430745614558 76.3022568710315 27.7987139681625 0.13359990728886 0.496615627453121
89.8999999999992 47.1425856670634 108.406548965292 76.2522678074944 27.7974511476323 0.136787082584502 0.580660784693295
89.9999999999992 47.1981391227211 108.382595362745 76.2021526908597 27.7965096354323 0.140123585348342 0.673712077441622
90.0999999999992 47.253693996377 108.358881837968 76.1519167525596 27.7959069475614 0.143731150913835 0.762426713088829
90.1999999999992 47.3092497079334 108.335403552836 76.1015665041599 27.7956626120055 0.147730661482567 0.834716260189191
90.2999999999991 47.3648055496892 108.312153856443 76.0511097426281 27.7957982091754 0.152239208403677 0.889652836931591
90.3999999999991 47.4203606962932 108.289124414784 76.0005555293592 27.7963373305278 0.157367584129997 0.92666286290336
90.4999999999991 47.4759142281753 108.266305343251 75.9499141681919 27.7973055340402 0.163215247837874 0.945785695119788
90.5999999999991 47.5314651695486 108.24368533913 75.8991971834246 27.7987302996847 0.169866232034629 0.947814626480058
90.6999999999991 47.5870125416182 108.221251814104 75.8484172978323 27.8006409849034 0.177386338714451 0.93429308018377
90.7999999999991 47.6425554314594 108.198991026752 75.7975884106822 27.8030687800821 0.18582179216512 0.907376483602399
90.8999999999991 47.6980930768508 108.17688821504 75.7467255757503 27.8060466640252 0.195199285413608 0.86960417076495
90.9999999999991 47.7536249671876 108.154927728831 75.6958449793379 27.8096093594301 0.205527152858348 0.823641907411782
91.0999999999991 47.8091509597547 108.133093161788 75.6449639188767 27.8137932832978 0.216764388702664 0.772268462958684
91.1999999999991 47.864671392008 108.111367468047 75.5941007968521 27.8186363656841 0.228725246813615 0.719554882863836
91.2999999999991 47.920187146784 108.089733040197 75.5432751536099 27.8241775342381 0.241183593532533 0.668957046917101
91.3999999999991 47.9756996772145 108.068171772007 75.4925077154807 27.8304560670809 0.253910946596863 0.622687016523862
91.4999999999991 48.0312109989218 108.046665120582 75.4418204434937 27.8375109406213 0.266680383680246 0.582029542281884
91.5999999999991 48.0867236434696 108.025194168504 75.3912365820898 27.8453801773702 0.279269616658476 0.547639491678928
91.6999999999991 48.1422405665902 108.003739685982 75.3407807078359 27.8541001937564 0.291463622624085 0.519784330554865
91.7999999999991 48.1977650051846 107.982282193002 75.2904787781378 27.8637051479412 0.303057158341217 0.498526272447843
91.8999999999991 48.2533002778649 107.960802021472 75.2403581799543 27.8742262876339 0.313857398290134 0.483852915218699
91.999999999999 48.308849524862 107.939279377371 75.1904477785105 27.8856912979067 0.32368686077492 0.475769524767129
92.099999999999 48.3644153864878 107.91769440198 75.1407779664303 27.8981236582426 0.332445245985879 0.473632151317013
92.199999999999 48.4199996751641 107.896027209323 75.0913807237586 27.9115422396298 0.340284264334357 0.475724340392784
92.299999999999 48.4756031631752 107.874257863197 75.0422897056266 27.9259615110061 0.347425531511281 0.480694218849622
92.399999999999 48.5312254548287 107.852366330415 74.9935403408063 27.9413919857502 0.354099067724528 0.487363193670599
92.499999999999 48.5868649072184 107.830332433125 74.945169930685 27.9578406774055 0.360540907967688 0.494653583684712
92.599999999999 48.6425186029704 107.808135801141 74.8972177482386 27.9753115554038 0.366990422812648 0.501551699268118
92.699999999999 48.6981823793163 107.785755824259 74.8497251370056 27.9938060007892 0.373687310051581 0.50709828338569
92.799999999999 48.7538509171414 107.763171604587 74.8027356100608 28.0133232619419 0.380868256395465 0.510400634738884
92.899999999999 48.8095178931669 107.740361908866 74.756294948989 28.0338609103022 0.388763311102841 0.510660878886391
92.999999999999 48.8651761981489 107.717305120796 74.7104513028589 28.0554152960937 0.397592056323801 0.507213764818628
93.099999999999 48.9208182259977 107.693979199181 74.6652552788975 28.0779819986008 0.407492939117948 0.495573220771536
93.199999999999 48.9764362817594 107.670361787555 74.6207598173718 28.1015561348178 0.418308720803495 0.473231852410789
93.299999999999 49.0320231381234 107.646430708289 74.5770195186923 28.1261323085851 0.429768875224095 0.442512522668336
93.399999999999 49.0875725848676 107.622164608185 74.5340897547236 28.151704418098 0.441559572785354 0.405464711236518
93.499999999999 49.1430798911988 107.597543609882 74.4920257717967 28.1782654579687 0.453330997419943 0.363752483142729
93.599999999999 49.1985421625037 107.572549963265 74.45088179372 28.2058073212882 0.464705202958414 0.318603115748289
93.699999999999 49.2539585754786 107.547168696881 74.4107101247907 28.2343206016879 0.475284283518694 0.270798624962285
93.7999999999989 49.3093304766217 107.521388269344 74.3715602528065 28.2637943954016 0.48465885795478 0.220689268373621
93.8999999999989 49.3646613310875 107.495201220752 74.3334779520771 28.2942161033272 0.492416966680892 0.168209480335131
93.9999999999989 49.4199565120156 107.468604824093 74.2965043864358 28.3255712330887 0.498153470704328 0.11287946677144
94.0999999999989 49.4752229254652 107.441601726039 74.2606752218919 28.3578432041967 0.501558333816195 0.059723500615906
94.1999999999989 49.5304684996548 107.414200311756 74.2260199899548 28.3910132337745 0.502660633431272 0.0132672796399322
94.2999999999989 49.5857016528684 107.386414369094 74.1925620872775 28.4250604267973 0.50159389419095 -0.0277190584204987
94.3999999999989 49.6409308131684 107.358262476799 74.1603190259713 28.459961946897 0.498512048752453 -0.0641207870854201
94.4999999999989 49.6961640011131 107.329767382103 74.1293026935617 28.4956931902655 0.493583562627254 -0.0965557639587836
94.5999999999989 49.7514084833778 107.300955378314 74.099519612944 28.5322279595585 0.486985774490914 -0.125427059857387
94.6999999999989 49.8066705025285 107.271855682408 74.0709712023396 28.5695386377987 0.478899467905406 -0.150957975370242
94.7999999999989 49.8619550853838 107.242499812618 74.0436540352517 28.6075963622794 0.469503748370219 -0.173214166331009
94.8999999999989 49.9172659299087 107.212920966027 74.0175601004211 28.6463711984682 0.458971317935871 -0.192116042720684
94.9999999999989 49.9726053684648 107.183153396158 73.9926770617825 28.6858323139099 0.447464235859533 -0.207443459048377
95.0999999999989 50.0279744031434 107.153231790072 73.9689885183713 28.7259481512003 0.435127452421886 -0.218113283009167
95.1999999999989 50.0833727980074 107.123190632651 73.9464742629711 28.7666865767723 0.422077583633388 -0.222798912707514
95.2999999999989 50.1387992043415 107.093063538356 73.9251105375604 28.8080149682849 0.40840925979454 -0.220646797708232
95.3999999999989 50.1942513252986 107.062882570167 73.9048702874999 28.8499002778256 0.3941964615406 -0.2105543538445
95.4999999999988 50.2497261228524 107.032677558033 73.8857234156699 28.8923090941821 0.37949206088028 -0.191110841542384
95.5999999999988 50.3052200615399 107.002475417321 73.8676370366095 28.9352077051144 0.364328616589191 -0.160507744153447
95.6999999999988 50.36072938372 106.972299467262 73.8505757306539 28.9785621596266 0.348720740216231 -0.116404486826553
95.7999999999988 50.4162504119942 106.942168749406 73.8345017980733 29.0223383302388 0.332669517592342 -0.0557293143179504
95.8999999999988 50.471779875653 106.912097346063 73.8193755132107 29.0665019752593 0.316169739306351 0.0256118840823178
95.9999999999988 50.5273152594932 106.88209369876 73.8051553786204 29.1110188010562 0.299221128813893 0.133151255564588
96.0999999999988 50.58285516754 106.852159943302 73.7917983835884 29.1558545273661 0.281887205307584 0.2561415653832
96.1999999999988 50.6383995178841 106.822291676912 73.7792603765934 29.2009750315586 0.264439978197035 0.378878206646024
96.2999999999988 50.693949292426 106.79247882216 73.7674967270013 29.2463466933253 0.247232806459181 0.499356719443201
96.3999999999988 50.7495061676845 106.762706922965 73.7564631007004 29.291936818325 0.230640138221122 0.612868357197903
96.4999999999988 50.8050722098258 106.732958457215 73.7461162401183 29.3377140648654 0.215035628178571 0.71110319590642
96.5999999999988 50.8606496265286 106.703214149379 73.7364147442396 29.3836488705849 0.20076715591807 0.781557535938888
96.6999999999988 50.9162405590417 106.673454283137 73.7273198486229 29.4297138791339 0.188129908597035 0.807844612368825
96.7999999999988 50.9718468977471 106.643660013987 73.7187962054181 29.4758843668569 0.177342306190546 0.771540407273165
96.8999999999988 51.0274701060601 106.613814681873 73.7108126633839 29.522138669474 0.168534098727995 0.655723347735917
96.9999999999988 51.0831110405907 106.583905123796 73.7033430479051 29.5684586087627 0.161758984117747 0.449450766082773
97.0999999999988 51.1387697622359 106.553922975243 73.6963669327433 29.6148299132576 0.156997485863121 0.181541374811948
97.1999999999988 51.1944453872103 106.523865680463 73.6898701968647 29.6612424834271 0.15410547568254 -0.104676728900165
97.2999999999987 51.2501360536756 106.493736763714 73.6838450356927 29.7076902620573 0.153007455762743 -0.390129065667457
97.3999999999987 51.3058389181481 106.46354580936 73.6782897574369 29.7541709491129 0.153747527504617 -0.655047555557181
97.4999999999987 51.361550142824 106.433308430784 73.6732085711561 29.8006857106164 0.156472097321664 -0.880536861304068
97.5999999999987 51.4172648870908 106.403046239288 73.6686113748212 29.8472388875266 0.161395577776468 -1.05114053048666
97.6999999999987 51.4729773170869 106.372786813001 73.6645135433778 29.8938377046179 0.168756099504234 -1.1579727537361
97.7999999999987 51.5286806457333 106.342563665784 73.6609357168093 29.9404919793591 0.178771860542628 -1.20086609019805
97.8999999999987 51.5843672143612 106.312416216136 73.6579035881997 29.9872138307923 0.191609007914499 -1.18802392488874
97.9999999999987 51.6400286259077 106.282389756099 73.6554476917964 30.0340173884122 0.207367324869639 -1.13312113881815
98.0999999999987 51.6956559442362 106.252535404371 73.6536031815862 30.0809184972412 0.225987998495196 -1.03546692655131
98.1999999999987 51.7512401017498 106.222909648747 73.6524093632123 30.1279343240224 0.246944541133224 -0.905560001354322
98.2999999999987 51.8067726983002 106.193572846111 73.6519085997565 30.1750827124004 0.269495727559187 -0.76696421372997
98.3999999999987 51.862246896196 106.164587311749 73.6521449708621 30.2223814392189 0.292818831425455 -0.632796377256913
98.4999999999987 51.9176582178529 106.136015392882 73.653162922371 30.269847467015 0.316043786486332 -0.508626249884189
98.5999999999987 51.9730051894227 106.107917542186 73.6550059159594 30.317496196514 0.338273721234964 -0.395404828464206
98.6999999999987 52.0282897778143 106.080350391322 73.6577150787743 30.3653407191234 0.358598111685777 -0.291528311077887
98.7999999999987 52.0835175708307 106.053364824458 73.6613278530699 30.4133910694277 0.376104133810413 -0.194002137762598
98.8999999999987 52.138697656927 106.027004051796 73.6658766458439 30.4616534776828 0.389889808269904 -0.0989167783075915
98.9999999999987 52.1938421727997 106.001301683099 73.6713874784737 30.51012962231 0.399080666418353 -0.00141179774532425
99.0999999999986 52.2489655045171 105.976279827157 73.6778786550034 30.5588158940102 0.403058597915005 0.0937626311650862
99.1999999999986 52.3040831878457 105.951947865756 73.6853599153352 30.6077029619708 0.402103506049965 0.182290692492569
99.2999999999986 52.359210732496 105.928302939854 73.6938328193364 30.6567761069281 0.396764844915718 0.269249949234236
99.3999999999986 52.4143625838498 105.905331110241 73.7032916158503 30.7060158563237 0.387641646214062 0.358514681648001
99.4999999999986 52.4695512852094 105.883008544165 73.7137241303591 30.7553986310791 0.375371199139779 0.453230522194085
99.5999999999986 52.5247868660995 105.861302701935 73.7251126526452 30.8048973923714 0.360618606712435 0.555994321349229
99.6999999999986 52.5800764674069 105.84017352354 73.7374348244534 30.8544822884088 0.344067591207545 0.668786747368405
99.7999999999986 52.6354242012996 105.819574615264 73.7506645271532 30.9041213012048 0.326412462639336 0.792635613835642
99.8999999999986 52.6908312332858 105.799454436295 73.7647727694001 30.9537808933546 0.308350265455884 0.926953952154776
99.9999999999986 52.7462960655886 105.779757485342 73.7797285747982 31.0034266548095 0.290570891604073 1.06852023888719
100.099999999999 52.8018149930229 105.760425487751 73.7954998611473 31.0530239500932 0.273692060541114 1.20646081237075
100.199999999999 52.8573826432549 105.741398595659 73.8120541009076 31.1025385769785 0.25807851698588 1.32796511011357
100.299999999999 52.912992456375 105.722616621272 73.8293584262935 31.1519374542563 0.243945715844524 1.42294465235708
100.399999999999 52.9686371310902 105.704020283175 73.8473795155855 31.201189320965 0.2313745675539 1.48098880791117
100.499999999999 53.0243090608919 105.685552453151 73.8660834710262 31.2502654360611 0.22028444752481 1.49344684931055
100.599999999999 53.0800007399516 105.667159402997 73.8854356967178 31.2991402780896 0.210420364961936 1.45527858277533
100.699999999999 53.1357051193881 105.64879205134 73.905400776518 31.3477922448543 0.201360420579809 1.36561709900135
100.799999999999 53.1914158985858 105.630407210454 73.9259423519375 31.3962043530885 0.192544172609167 1.2263760561002
100.899999999999 53.2471277414528 105.611968833076 73.9470230000359 31.444364938125 0.183316587575643 1.03893228468561
100.999999999999 53.3028364139451 105.593449259224 73.9686041113192 31.4922683535668 0.17297982148242 0.799093521260648
101.099999999999 53.3585388432812 105.574830446747 73.9906457704652 31.5399156590308 0.160924704556558 0.525196411608976
101.199999999999 53.4142330241556 105.556104778918 74.0131067106094 31.5873149977968 0.146942363080773 0.226533674736248
101.299999999999 53.4699176731907 105.537274798386 74.0359444543599 31.6344811872945 0.131061454497621 -0.137393992371864
101.399999999999 53.5255918309252 105.518352518173 74.0591155283716 31.6814349994945 0.113483654480652 -0.643230753748642
101.499999999999 53.581254527168 105.4993587164 74.08257568075 31.7282024293748 0.094646068145746 -1.45137767885979
101.599999999999 53.6369045253455 105.480322231019 74.1062800984552 31.7748139633849 0.0754407221944679 -2.92099023415476
101.699999999999 53.6925401513743 105.461279254542 74.1301836247053 31.8213038479119 0.0578959988464094 -5.74463879113369
101.799999999998 53.7481592068843 105.442272628769 74.1542409763805 31.8677093577453 0.0468477277155982 -9.56349393282591
101.899999999998 53.8037589615918 105.423351139515 74.1784069614262 31.9140700645424 0.0494319917966197 -8.96558107986881
101.999999999998 53.8593362152906 105.404568811346 74.2026366962578 31.9604271052938 0.0654285079148919 -5.15869331494738
102.099999999998 53.9148874198104 105.385984195529 74.2268858266142 32.0068224504862 0.0884965156900866 -2.7475213759147
102.199999999998 53.970408931812 105.367659481979 74.2511108381397 32.0532981644109 0.114508510431393 -1.54340065779313
102.299999999998 54.0258975090272 105.349659164361 74.2752695947315 32.0998956455336 0.141463542519865 -0.916298772195327
102.399999999998 54.0813508687902 105.332048529193 74.2993219666127 32.1466548590091 0.168201114942021 -0.561752658576213
102.499999999998 54.1367681795549 105.314892138155 74.3232304618583 32.193613568894 0.193868899065732 -0.344985312184319
102.599999999998 54.1921504416211 105.29825231042 74.3469608579188 32.2408065703595 0.217735097647065 -0.202577393241669
102.699999999998 54.2475007190473 105.282187604968 74.370482833146 32.288264921904 0.239118496349234 -0.102124215017672
102.799999999998 54.302824189145 105.266751302912 74.3937705983172 32.3360151775663 0.257362225909952 -0.0255700627660935
102.899999999998 54.3581279827715 105.251989889814 74.4168035281602 32.3840786191375 0.271826153766858 0.0382105529064139
102.999999999998 54.4134207980128 105.23794153801 74.4395667928783 32.4324704883747 0.281888236096107 0.0970850194929414
103.099999999998 54.4687122838197 105.224634610232 74.4620519757237 32.4811992337747 0.287136770170504 0.149583519024705
103.199999999998 54.5240122673122 105.212086717104 74.4842573278498 32.5302661359519 0.287931383156607 0.192571071990203
103.299999999998 54.5793300376737 105.200305180614 74.5061871024052 32.5796658940856 0.28483442125548 0.228595265042969
103.399999999998 54.6346737653535 105.189288051468 74.5278505259068 32.6293875909701 0.278415937991388 0.258538105509534
103.499999999998 54.6900500606928 105.179025147733 74.5492607556608 32.6794156726272 0.269245504916245 0.281985886262044
103.599999999998 54.745463687227 105.169499093488 74.5704338371845 32.7297309279181 0.257884135690386 0.297266482363932
103.699999999998 54.8009174348507 105.160686357478 74.5913876616278 32.7803114681557 0.244876861096529 0.301268303461386
103.799999999998 54.8564121485658 105.152558291757 74.6121409231946 32.8311337067163 0.230746560881836 0.289092891226326
103.899999999998 54.9119469013831 105.145082170346 74.6327120765644 32.8821733386522 0.215989855611746 0.253588928043694
103.999999999998 54.9675192950912 105.138222227872 74.653118294314 32.9334063203033 0.201076378259049 0.184868683766913
104.099999999998 55.0231258659041 105.131940697045 74.6733744340618 32.9848098405189 0.186417610577746 0.0910648174519313
104.199999999998 55.0787624717938 105.126198815345 74.6934922584134 33.0363630737136 0.172277491948321 -0.0132142531483443
104.299999999998 55.1344244680351 105.12095775361 74.7134802966322 33.0880473791226 0.158900720034891 -0.129756911968476
104.399999999998 55.1901068080569 105.116179513847 74.7333439591102 33.1398462818913 0.146551108939086 -0.258540709159454
104.499999999998 55.2458041618165 105.111827825862 74.7530856615626 33.1917454457745 0.13551075092137 -0.39598042054054
104.599999999998 55.3015110498393 105.107869043886 74.7727049492223 33.2437326458355 0.126076680020663 -0.532689356812621
104.699999999998 55.3572219878246 105.104273043206 74.7921986210335 33.2957977411454 0.118552533755336 -0.651743397004142
104.799999999998 55.4129316379723 105.101014116797 74.811560853847 33.3479326474819 0.11323333427104 -0.729603062882905
104.899999999998 55.468634964944 105.098071871943 74.8307833266136 33.4001313100287 0.110384912061312 -0.742053162188381
104.999999999998 55.5243273966118 105.095432126875 74.849855344579 33.4523896760745 0.11022561807988 -0.67463614321015
105.099999999998 55.5800049913013 105.093087792474 74.8687639671858 33.5047056644312 0.112825241643011 -0.544800323855236
105.199999999998 55.6356645848445 105.091039366069 74.8874942323809 33.5570790495459 0.117837833785197 -0.390558993014583
105.299999999998 55.6913038563303 105.08929444053 74.9060296256432 33.6095111290675 0.124828501847026 -0.237002748541614
105.399999999998 55.746921342557 105.087866825454 74.9243526454174 33.6620043061071 0.133384697343143 -0.0992308476033113
105.499999999998 55.8025164298656 105.086775653416 74.9424453722544 33.7145616682179 0.143117822414563 0.0170517452201573
105.599999999998 55.8580893243849 105.086044486241 74.9602900379527 33.7671865663739 0.153658969154877 0.112309028283649
105.699999999998 55.9136409972832 105.085700421257 74.9778695946994 33.8198821939504 0.164653471636885 0.190080914500147
105.799999999998 55.9691730991254 105.085773197561 74.995168284211 33.8726511657027 0.175756851253568 0.254959324327242
105.899999999998 56.0246878357654 105.086294302279 75.0121722068749 33.9254950967461 0.186633003513599 0.311563163732075
105.999999999998 56.0801877973746 105.087296076824 75.02886989089 33.9784141815352 0.196954624446711 0.364171654693556
106.099999999998 56.1356757350005 105.088810828971 75.045252855574 34.0314067773961 0.20646022185744 0.411600329810983
106.199999999998 56.1911543497088 105.090870095951 75.061316022991 34.0844691064251 0.215116218156702 0.451687882858452
106.299999999998 56.2466262231822 105.093504290932 75.0770577445447 34.1375952578572 0.222945195426788 0.486398530819411
106.399999999998 56.3020938038975 105.096742500521 75.0924796758928 34.1907773088007 0.229969091630201 0.517158299662988
106.499999999998 56.3575593857245 105.100612288083 75.1075866460267 34.2440054495254 0.236208531893723 0.54504642909018
106.599999999998 56.4130250773395 105.105139497056 75.1223865263514 34.2972681087495 0.241682479099872 0.570917884612643
106.699999999998 56.4684927633189 105.110348054261 75.1368900997658 34.3505520789277 0.246408116798035 0.595484690049263
106.799999999998 56.5239640576043 105.116259773223 75.1511109297424 34.4038426415388 0.250400916013267 0.619372108670307
106.899999999998 56.5794402498995 105.122894157479 75.1650652294074 34.4571236923728 0.253674861078676 0.643159272604551
106.999999999998 56.6349222454664 105.130268203901 75.1787717306209 34.5103778668189 0.256242825401496 0.667410213130566
107.099999999998 56.6904105003498 105.138396206278 75.19225155208 34.5635866670383 0.25811936463976 0.690841862807603
107.199999999998 56.7459049928616 105.147289566034 75.2055280420382 34.6167306381526 0.259323548954495 0.712159256693128
107.299999999998 56.8014052971373 105.15695662102 75.2186265565843 34.6697896688567 0.259864312840226 0.731939372732039
107.399999999998 56.8569106950114 105.16740248144 75.2315742125377 34.7227433410481 0.259736985894222 0.750822138125331
107.499999999998 56.9124202848147 105.178628866045 75.2443996393661 34.7755712813403 0.258923604308112 0.769544224276635
107.599999999998 56.9679330840034 105.190633938326 75.2571327311043 34.8282535125769 0.257393641040552 0.788975931798122
107.699999999998 57.0234481242715 105.203412142714 75.269804398272 34.8807708053459 0.255105158846095 0.810166416349081
107.799999999998 57.0789645380588 105.21695404077 75.2824463197925 34.9331050294935 0.25200640870338 0.834404172586909
107.899999999998 57.1344816357534 105.231246147383 75.295090694911 34.9852395056378 0.248037927266759 0.863302463831189
107.999999999998 57.1899989734043 105.246270766967 75.3077699951125 35.0371593566833 0.243135239126098 0.898923854429955
108.099999999998 57.2455164097127 105.262005835547 75.3205167132294 35.0888518564129 0.237271889573385 0.938765708917462
108.199999999998 57.3010341136415 105.278424916074 75.3333630394608 35.1403067021181 0.230574331198474 0.977701964046339
108.299999999998 57.3565524749353 105.295497582696 75.3463403518614 35.1915160944015 0.223189374002211 1.01416297188267
108.399999999998 57.412072005451 105.313189958257 75.3594786337431 35.242474741017 0.215237853726332 1.04640835240487
108.499999999998 57.4675932729906 105.331465257687 75.3728058882649 35.2931798577889 0.206809480377412 1.07256351366421
108.599999999998 57.523116863256 105.350284331392 75.3863475530229 35.34363116953 0.197958120338404 1.09067447709831
108.699999999998 57.578643363499 105.369606208647 75.4001259146412 35.3938309109608 0.188697900153043 1.0987614781226
108.799999999998 57.6341733615749 105.389388640982 75.4141595233611 35.4437838276277 0.179000540799651 1.09483552041406
108.899999999998 57.6897074546476 105.409588645577 75.428462607632 35.4934971768218 0.168794290880476 1.07681881384192
108.999999999998 57.7452462627359 105.430163048651 75.4430444887014 35.542980728498 0.157964727054961 1.04227078075042
109.099999999998 57.8007904421345 105.451069029819 75.4579090022473 35.5922467619643 0.146402331719915 0.997952737213268
109.199999999998 57.8563406611654 105.472264691542 75.4730541031116 35.6413099526303 0.134153586206287 0.948176013199656
109.299999999998 57.9118974912041 105.493709692286 75.4884719348274 35.6901869796699 0.121307856937072 0.88372745054449
109.399999999998 57.9674612875561 105.515365904775 75.5041490822474 35.7388960237421 0.107950858173438 0.789658537171274
109.499999999998 58.0230320981543 105.537198075211 75.5200668312148 35.7874562604836 0.0941626135547764 0.63934935989056
109.599999999998 58.0786095982528 105.559174482493 75.5362014282332 35.8358873540006 0.0800225013544204 0.380292862271369
109.699999999998 58.1341930477286 105.581267597433 75.5525243401377 35.8842089503613 0.0656321268533105 -0.104169400906165
109.799999999998 58.1897812680811 105.603454741978 75.5690025137655 35.9324401710879 0.0511919767331692 -1.11186725903198
109.899999999998 58.2453726371817 105.625718748429 75.5855986356263 35.9805991066491 0.0372756785737067 -3.5057219679521
109.999999999998 58.3009651012693 105.648048618659 75.6022713915728 36.028702309952 0.0259406156300676 -9.23139401165699
110.099999999998 58.3565562065048 105.670440170224 75.6189757317574 36.0767642951257 0.0233706442079135 -12.3835971588788
110.199999999998 58.4121431754005 105.692896341691 75.6356632730216 36.1247971738714 0.0329544426629415 -6.03136780589673
110.299999999998 58.4677230642248 105.715426632904 75.6522830501528 36.1728106410204 0.0485934234828801 -2.42575479790004
110.399999999998 58.5232929621304 105.73804620446 75.6687824045745 36.2208120976603 0.0664852259965993 -1.00404498635734
110.499999999998 58.5788502037523 105.760774964078 75.6851078783223 36.2688067795507 0.0853058001836828 -0.385459719870336
110.599999999998 58.634392584623 105.783636652978 75.7012061080198 36.3167978855397 0.104412742748764 -0.085988107118278
110.699999999998 58.6899185662455 105.806657932245 75.7170247188541 36.3647867059806 0.123348162510247 0.0703735747113594
110.799999999998 58.7454274552604 105.829867469206 75.7325132185524 36.4127727511483 0.141706849658512 0.156382297744175
110.899999999998 58.8009195397375 105.853295023799 75.7476238913571 36.4607538796552 0.15909610536983 0.205699297337736
110.999999999998 58.8563961652528 105.876970534946 75.7623126920022 36.5087264268682 0.175122815858394 0.23540530134604
111.099999999998 58.9118597336385 105.900923209832 75.7765401269163 36.556685335109 0.189470376460572 0.24619407106574
111.199999999998 58.9673136016533 105.925180688793 75.7902718033353 36.6046243302483 0.202136804402326 0.236050462977777
111.299999999998 59.0227618807697 105.949768402133 75.8034781354151 36.6525362160666 0.213189983407169 0.20897949751279
111.399999999998 59.0782091922798 105.974709002547 75.8161337182542 36.7004132150088 0.222688950264063 0.166875011317504
111.499999999998 59.1336604017889 106.000021800453 75.8282166891433 36.748247310722 0.230687941811353 0.110380479204827
111.599999999998 59.1891203387163 106.025722199324 75.839708088815 36.796030590595 0.237242163866128 0.0393002204101793
111.699999999998 59.2445935056028 106.051821131024 75.8505912226935 36.8437555882959 0.242415438129682 -0.0471940549759171
111.799999999998 59.3000837822781 106.078324491133 75.8608510221441 36.8914156263114 0.246290091044885 -0.150438519593369
111.899999999998 59.3555941306577 106.105232574287 75.8704734057228 36.9390051584848 0.2489796259256 -0.272150608855108
111.999999999998 59.4111263071262 106.132539509504 75.8794446404264 36.9865201125549 0.2506448586127 -0.414215477511678
112.099999999998 59.466680594386 106.160232710601 75.8877507103466 37.0339582264342 0.251522284496253 -0.553838341702365
112.199999999998 59.5222556459965 106.188292718722 75.8953768778546 37.0813192217245 0.251936316296752 -0.667307073287918
112.299999999998 59.5778485900121 106.216694040241 75.9023077335144 37.1286045640636 0.252212572096808 -0.753810176742254
112.399999999998 59.6334552698213 106.245406376777 75.9085274385256 37.1758170607103 0.252636390255103 -0.811605328688558
112.499999999998 59.6890705376571 106.274395870294 75.9140199745718 37.222960451868 0.253430058845859 -0.838890530428563
112.599999999998 59.7446885896158 106.303626348199 75.9187693936679 37.270039002009 0.254735839375191 -0.834551409796786
112.699999999998 59.8003033314923 106.333060568441 75.9227600680086 37.3170570911985 0.256606593977206 -0.798627851651944
112.799999999998 59.8559087630135 106.36266146461 75.9259769398165 37.3640188064187 0.25900537132118 -0.732385846545629
112.899999999998 59.9114993673469 106.392393391034 75.9284057711893 37.410927532893 0.261814174679475 -0.637996412529183
112.999999999998 59.967070493046 106.422223367879 75.9300333939485 37.45778554541 0.264850903679956 -0.51794806647243
113.099999999998 60.0226187144091 106.452122315338 75.9308479627453 37.5045936036384 0.267866400712812 -0.388815453541307
113.199999999998 60.0781420975251 106.482066004175 75.9308392928806 37.5513506511963 0.270506424716523 -0.266033900948362
113.299999999998 60.1336402536047 106.512035286243 75.9299994131665 37.5980537781004 0.272428765985123 -0.149139129885442
113.399999999998 60.189114261608 106.542016041363 75.9283232035025 37.6446982869687 0.273331717734215 -0.0365253680594455
113.499999999998 60.2445665225987 106.571999113285 75.9258090357092 37.6912777632154 0.272951525926194 0.0743233767790779
113.599999999998 60.3000005539414 106.601980245656 75.922459414362 37.7377841452445 0.271061010810444 0.186780462967707
113.699999999998 60.3554207303952 106.631960017988 75.9182816176252 37.7842077946441 0.26747010082723 0.305211716235825
113.799999999998 60.4108319807959 106.661943781615 75.9132883380854 37.8305375663806 0.262029045671947 0.435324904603147
113.899999999998 60.4662394509122 106.691941595667 75.9074983235861 37.8767608789929 0.254635471796015 0.584794077217552
113.999999999998 60.5216481451808 106.721968163033 75.9009370180609 37.9228637847862 0.245247357488712 0.76426382511223
114.099999999998 60.577062562863 106.75204275839 75.8936371855793 37.9688310432091 0.234002510355373 0.970736879662446
114.199999999998 60.6324863656753 106.782188949968 75.8856390978982 38.0146462769745 0.221509182950574 1.19368472520245
114.299999999998 60.6879221600148 106.812433797701 75.8769896139886 38.0602923382257 0.208509236670515 1.43174156608655
114.399999999998 60.7433714245575 106.842806845111 75.8677408230687 38.1057517574461 0.195752653634524 1.6762861443203
114.499999999998 60.7988345628641 106.873339103257 75.8579486708484 38.1510071955526 0.183957627937043 1.9087024042675
114.599999999998 60.8543110555108 106.904062034683 75.8476715857738 38.1960418959883 0.173745368236896 2.09980179598682
114.699999999998 60.9097996824223 106.935006537368 75.8369691052715 38.2408401368152 0.165550060843287 2.21472743292213
114.799999999998 60.9652987839578 106.966201928676 75.8259005019934 38.2853876828072 0.159523199721782 2.22441072688554
114.899999999998 61.0208065291593 106.997674929302 75.8145234100615 38.3296722375426 0.155471125543577 2.11813108410309
114.999999999998 61.0763211613573 107.029448647226 75.8028924513116 38.3736838954975 0.152862820485978 1.90736667379185
115.099999999998 61.1318411943453 107.061541573857 75.7910578743224 38.4174155877894 0.150965527787981 1.65563614086623
115.199999999998 61.187365523893 107.09396689737 75.7790645258227 38.4608633628599 0.149198881459514 1.4184112329745
115.299999999998 61.2428934331073 107.126732621195 75.7669516658303 38.5040262481515 0.14716267092224 1.20115150094195
115.399999999998 61.2984245427017 107.1598419997 75.7547531151702 38.5469059467233 0.144587566892735 1.00349417121282
115.499999999998 61.3539587397628 107.193293986063 75.7424974157766 38.5895065275175 0.141310645879877 0.821717896781735
115.599999999998 61.4094960974881 107.22708368015 75.7302079909944 38.6318341156261 0.137252899176541 0.650263234183224
115.699999999998 61.4650367954385 107.261202776398 75.7179033058818 38.6738965825574 0.132401281226267 0.482449545311495
115.799999999998 61.520581047846 107.295640011683 75.7055970275115 38.7157032365028 0.126795868464518 0.31064345507811
115.899999999998 61.5761290457197 107.330381613204 75.693298185273 38.7572645126035 0.120522014713448 0.12610068047064
115.999999999998 61.6316809168873 107.365411746357 75.6810113311744 38.798591663217 0.113707394855752 -0.0813156920159562
116.099999999998 61.6872367062932 107.40071296272 75.6687367048834 38.8396964489393 0.106522338656751 -0.307214394528942
116.199999999998 61.7427963675088 107.436266650751 75.6564705219787 38.8805908492731 0.0991762302427096 -0.541735936615195
116.299999999998 61.7983597486536 107.472053493419 75.6442055749682 38.9212868231648 0.091913226260611 -0.784566702148741
116.399999999998 61.8539265881126 107.508053928533 75.6319319575182 38.9617960891877 0.0850002137950055 -1.02820152235096
116.499999999998 61.909496527801 107.544248609202 75.619637793421 39.0021299064803 0.0787080008293646 -1.25419545392867
116.599999999998 61.965069140425 107.580618864273 75.6073099655632 39.0422988556853 0.0732833978123122 -1.43089004534421
116.699999999998 62.0206439659946 107.617147158784 75.5949348448931 39.082312619888 0.0689115663732631 -1.51659875156273
116.799999999998 62.0762205525641 107.653817554407 75.5824990193892 39.1221797655545 0.0656764108460456 -1.4711638251842
116.899999999998 62.1317984964019 107.6906161699 75.5699900230276 39.1619075234709 0.0635373420174408 -1.27173857178075
116.999999999998 62.1873774775074 107.727531641551 75.5573970647501 39.2015015696815 0.0623429090146436 -0.921191387631121
117.099999999998 62.2429572871194 107.764555573366 75.5447117441357 39.2409658110953 0.0618761285604767 -0.540109282901249
117.199999999998 62.2985378337092 107.801682720469 75.5319284213565 39.2803022924573 0.0619205772113224 -0.253998455466808
117.299999999998 62.3541191077477 107.838910495278 75.5190437095521 39.3195114113996 0.0623467756604882 -0.0776075398324316
117.399999999998 62.4097011265267 107.876238206895 75.5060556214885 39.3585922548575 0.0630813056380003 -0.0146255377140212
117.499999999998 62.465283874069 107.913666290238 75.4929627029204 39.3975429401534 0.064070128652654 -0.0618412929130778
117.599999999998 62.5208672381397 107.951195535165 75.4797631659534 39.4363609560805 0.0652650111578929 -0.211893891973061
117.699999999998 62.5764509448453 107.988826315607 75.4664540224069 39.4750435039866 0.0666331895257895 -0.455371879747012
117.799999999998 62.6320344911791 108.026557818697 75.453030217176 39.5135878388583 0.0681876537574007 -0.781349850160721
117.899999999998 62.6876170766596 108.064387273899 75.4394837615944 39.5519916104046 0.0700340912209812 -1.17456879129568
117.999999999998 62.743197536914 108.102309182137 75.4258028667964 39.5902532041406 0.0724281229371329 -1.60801735938934
118.099999999998 62.7987742862943 108.140314557175 75.4119710932686 39.6283720784816 0.075791558821962 -1.94429880094278
118.199999999998 62.8543453180901 108.178390485533 75.397966921321 39.6663489980851 0.0805027502302465 -2.07495233402726
118.299999999998 62.9099083320451 108.216520494994 75.3837643900456 39.7041860038279 0.0867473606325651 -2.02867694033444
118.399999999998 62.9654609220616 108.254685241646 75.3693341571944 39.7418862790313 0.0944770066899404 -1.86246572273574
118.499999999998 63.0210007776576 108.29286320917 75.3546445752471 39.7794540116966 0.103435535732057 -1.63788805349378
118.599999999998 63.0765258884199 108.331031408134 75.3396627674778 39.8168942567402 0.113226424999484 -1.40163896965614
118.699999999998 63.1320347396919 108.36916607529 75.3243557040227 39.8542127982293 0.123378837195521 -1.18047844953387
118.799999999998 63.1875264861115 108.407243372858 75.3086912779472 39.8914160116166 0.133392839743633 -0.985549570813082
118.899999999998 63.2430010890148 108.445240087825 75.2926393813134 39.9285107259762 0.142763899078394 -0.81868435222849
118.999999999998 63.2984594041559 108.483134331235 75.276172981247 39.9655040862387 0.150993784538314 -0.677171979856252
119.099999999998 63.3539032071009 108.520906230755 75.2592691853669 40.0024034165376 0.157670953991463 -0.566466322099739
119.199999999998 63.4093351350454 108.558538448356 75.2419100306225 40.0392161124544 0.162707987723451 -0.486587649199039
119.299999999998 63.4647585404398 108.596016254059 75.2240825700149 40.0759496066183 0.166119232803948 -0.428661186562973
119.399999999997 63.5201773111556 108.633327424796 75.2057786827261 40.1126113632045 0.167937720058064 -0.387062645170652
119.499999999997 63.5755956841436 108.670462136545 75.1869948736104 40.1492088735436 0.168209804506434 -0.358213967764489
119.599999999997 63.6310180593416 108.707412856465 75.1677320726855 40.1857496517309 0.166991862791922 -0.339899450032327
119.699999999997 63.6864488191918 108.744174235028 75.1479954346242 40.2222412302359 0.164348119714656 -0.330882985618826
119.799999999997 63.7418921584196 108.780742998156 75.1277941382452 40.2586911555117 0.160349128084249 -0.330714237349851
119.899999999997 63.7973519280214 108.817117839356 75.1071411860045 40.2951069836044 0.155070670456729 -0.339671650424339
119.999999999997 63.8528314967163 108.853299311854 75.0860532034871 40.3314962757629 0.14859299665876 -0.358829925681323
120.099999999997 63.9083336325659 108.889289720099 75.0645502375667 40.3678665940852 0.141009955305153 -0.390385297308354
120.199999999997 63.9638604103382 108.9250929949 75.0426555199661 40.4042254981458 0.132457621296637 -0.437511511433878
120.299999999997 64.0194131537464 108.960714527009 75.0203951429827 40.4405805441082 0.12308621345238 -0.504855896204666
120.399999999997 64.0749924103491 108.996160984335 74.9977977006143 40.4769392848171 0.113052090949875 -0.599682608429537
120.499999999997 64.1305979551788 109.031440128528 74.9748939283532 40.5133092699291 0.102520942104833 -0.733358038287724
120.599999999997 64.1862288209285 109.066560631563 74.951716342981 40.5496980460418 0.091673747284493 -0.923865354779716
120.699999999997 64.2418833520497 109.101531892324 74.9282988823632 40.5861131568247 0.0807176469647458 -1.19995168789491
120.799999999997 64.2975592796378 109.136363853189 74.9046765452431 40.6225621431488 0.06990577916172 -1.60730712028347
120.899999999997 64.3532538136238 109.171066816615 74.8808850310371 40.6590525432168 0.0595734600293074 -2.2144027838137
120.999999999997 64.408963748541 109.205651261722 74.8569603796284 40.6955918926927 0.0502011626708235 -3.10140874775308
