#t s x y z curvature torsion
5 0 128.94214277866 108.786168815681 3.10881306689104 0.0360853526707527 4.85552676036228
5.1 0.0637731336159582 128.980131565389 108.76772684154 3.15660175011091 0.0312229445060498 6.57059759233394
5.2 0.127572091394161 129.01822911749 108.749343541324 3.20436091478792 0.0319050335097079 6.26055635766258
5.3 0.19139380754325 129.056411551888 108.731058524148 3.25212043009717 0.037608637282573 4.45399554799048
5.4 0.255235274573641 129.09465489281 108.71291072486 3.2999099390786 0.0461319778015934 2.94181583315832
5.5 0.319093605576842 129.132934839466 108.694937416981 3.34775857883305 0.0557262052296286 2.03808027907967
5.6 0.382966073230984 129.171226533726 108.677173225653 3.39569470071852 0.0654036709863226 1.5378130833417
5.7 0.446850117321825 129.209504327792 108.65964914058 3.44374559054621 0.0746038691758684 1.27224311705369
5.8 0.510743314175757 129.247741551878 108.642391528972 3.49193718877674 0.0829787110996647 1.14882243882829
5.9 0.574643303609308 129.285910281884 108.625421148485 3.54029381071624 0.0903009896804036 1.12073339311512
6 0.638547671808674 129.323981107077 108.608752160167 3.58883786671255 0.0964333657500623 1.16566679400247
6.1 0.702453794277283 129.361922902863 108.592391156367 3.63758958643782 0.101383465026264 1.24826675056536
6.2 0.766358704834324 129.399702736212 108.576336577702 3.68656684942089 0.105448751170455 1.33452891072647
6.3 0.83025911011865 129.437286107786 108.560579117652 3.73578528529034 0.10898939492677 1.41523168572793
6.4 0.894151486567566 129.474637326712 108.545102516224 3.78525848026709 0.112350725824529 1.48095609724778
6.49999999999999 0.958032211766818 129.51171989046 108.529884368569 3.83499818774371 0.115845099789803 1.52285411940664
6.59999999999999 1.0218977300143 129.54849686471 108.514896933609 3.88501453886355 0.119731625315294 1.53412788496894
6.69999999999999 1.08574475112164 129.584931263232 108.500107942655 3.93531625310002 0.124197557620001 1.51151673717292
6.79999999999999 1.14957047886409 129.620986427761 108.485481408035 3.98591084883577 0.129345762387886 1.45601353740301
6.89999999999999 1.21337286330103 129.656626407868 108.470978431716 4.03680485394189 0.13519133798385 1.37238653251893
6.99999999999999 1.27715086941226 129.691816340834 108.456558013923 4.08800401635716 0.141667712095519 1.26772062871022
7.09999999999999 1.34090475037949 129.726522833087 108.442177858806 4.13951350939162 0.148619829249802 1.15552223553126
7.19999999999999 1.40463624572947 129.76071438213 108.427795103127 4.19133799986371 0.155772163674784 1.04904003586458
7.29999999999999 1.46834857492292 129.79436190128 108.413366849563 4.24348136804585 0.16282319331114 0.953285070649739
7.39999999999999 1.53204631603488 129.827439284911 108.398850623033 4.29594629044357 0.169477481319766 0.870877794946906
7.49999999999999 1.59573522814086 129.85992397525 108.384204824067 4.34873381729897 0.17545100916448 0.802954824002653
7.59999999999999 1.65942201382298 129.891797529172 108.369389182176 4.40184295009425 0.180474227850091 0.749921123887142
7.69999999999999 1.72311401742781 129.923046185 108.354365209216 4.45527021905519 0.184294027348949 0.712020563498759
7.79999999999999 1.78681885705534 129.953661429302 108.339096652759 4.50900926065466 0.186675428013541 0.689779580270569
7.89999999999999 1.8505439909961 129.983640563688 108.323549949463 4.56305039511612 0.187403540636767 0.684409945199337
7.99999999999999 1.91429622240255 130.012987271605 108.307694678434 4.6173802039171 0.186286286810994 0.698276111132607
8.09999999999999 1.97808115071906 130.041712160156 108.291504005722 4.67198111943328 0.183298942437531 0.727662865214088
8.19999999999999 2.04190262576216 130.069832652368 108.274954897916 4.72683133023676 0.178997988774569 0.760828098370122
8.29999999999999 2.1057623506135 130.097371230626 108.258027749644 4.78190548767073 0.174073748084502 0.788022759798625
8.39999999999999 2.16965967158682 130.124353030551 108.240705780194 4.83717572807823 0.169192009072626 0.797250698250189
8.49999999999999 2.23359152835521 130.150803409915 108.22297442124 4.89261270717166 0.164976890163285 0.77472410081392
8.59999999999999 2.29755254589094 130.176745517536 108.20482070458 4.94818663440213 0.16199516483754 0.707016689151616
8.69999999999999 2.36153524922624 130.202197862185 108.186232649866 5.00386830732887 0.160748385283531 0.584861890669263
8.79999999999999 2.42553038460983 130.227171881492 108.167198652343 5.0596301459887 0.161681207084137 0.407459208247967
8.89999999999999 2.48952733737037 130.251669510845 108.147706870576 5.11544722726537 0.165211765485307 0.185260677208665
8.99999999999999 2.55351464762142 130.275680752299 108.127744614188 5.17129831925903 0.171781266087567 -0.0605166061566484
9.09999999999999 2.61748064179385 130.299181298384 108.107297745854 5.22716690004939 0.181662377756236 -0.264760335187333
9.19999999999999 2.68141424631605 130.322131583469 108.086350454101 5.28304177069755 0.194229841675183 -0.385044920864868
9.29999999999998 2.74530597152638 130.344479458926 108.064885967379 5.33891663823799 0.208625192263171 -0.438280086276116
9.39999999999998 2.80914884228399 130.366164295852 108.042887638941 5.39478929290924 0.223946931950264 -0.445118439051606
9.49999999999998 2.87293916525858 130.387121142689 108.020340045981 5.45066076977827 0.239231337368908 -0.423182694112037
9.59999999999998 2.93667707726388 130.407284882854 107.997230088772 5.50653451036487 0.253454846859446 -0.384996256172782
9.69999999999998 3.00036680914437 130.42659439236 107.973548089806 5.56241552426614 0.265546822216251 -0.33829062822324
9.79999999999998 3.06401659834481 130.444996697444 107.949288892934 5.61830955078084 0.274406718406876 -0.287023043855603
9.89999999999998 3.12763819351083 130.462451132188 107.924452962504 5.67422222053382 0.278923052123889 -0.232247258906623
9.99999999999998 3.19124591668922 130.478933496149 107.899047482499 5.73015821710044 0.277992631574617 -0.172435170396132
10.1 3.25485528470352 130.494440147901 107.873087432181 5.78612044756053 0.27087246292887 -0.113855708558909
10.2 3.3184813165484 130.508990432476 107.846596050786 5.84210944521997 0.258195299136049 -0.059819829158507
10.3 3.38213696209233 130.522624879473 107.819603751377 5.89812336168123 0.240962874403591 -0.00299477721090215
10.4 3.44583197748063 130.535401735061 107.792146423745 5.95415819108147 0.220195567437245 0.0644939098548703
10.5 3.50957229206563 130.547393429904 107.764263713818 6.01020800326027 0.196919939068871 0.153132948742559
10.6 3.57335984690521 130.558683047086 107.735997303066 6.06626517692727 0.172163826287217 0.278854283732162
10.7 3.63719285234476 130.569360790031 107.707389187913 6.12232063282991 0.146962195343573 0.467453551910442
10.8 3.70106638921557 130.579520450433 107.678479959142 6.17836406692108 0.122378631832238 0.760957507592762
10.9 3.76497326506243 130.589255876175 107.649307081299 6.23438418352682 0.0995501829005723 1.2220205033557
11 3.82890503287265 130.598657439255 107.619903172109 6.29036892851405 0.0797605502552723 1.91101351638332
11.1 3.89285307776001 130.607808539887 107.590294300788 6.34630571910176 0.0643183506163072 2.82081187123651
11.2 3.95680952831851 130.616783051137 107.560498778156 6.4021815864056 0.0539902777976633 3.72980341072867
11.3 4.02076764844757 130.625645151099 107.530527195107 6.45798309645898 0.0492694342423306 4.04081722774452
11.4 4.08472193296205 130.634450095604 107.500382952866 6.51369618396751 0.0498130360916437 3.4358606466345
11.5 4.14866809366299 130.643245027117 107.470062812163 6.56930598270697 0.0542691605662324 2.40099585869703
11.6 4.21260297244777 130.652069783617 107.439557442404 6.62479665592129 0.0611320289164182 1.47164298246007
11.7 4.27652440612318 130.66095770749 107.408851970839 6.68015122672053 0.0693873623550029 0.80353125028493
11.8 4.34043106263054 130.669936454416 107.377926531741 6.73535140847887 0.0785162540332755 0.36343250793191
11.9 4.40432226402661 130.679028802261 107.346756815569 6.79037743523259 0.0883001559882711 0.087459633525939
12 4.46819780775215 130.68825345996 107.315314618148 6.84520789207804 0.0986683473848797 -0.0755787810860314
12.1 4.53205779767301 130.697625863217 107.283568395462 6.89981955488954 0.109542126192257 -0.180238691268055
12.2 4.5959025682392 130.707158627203 107.251483964813 6.95418747235378 0.120587329698479 -0.262569809608968
12.3 4.65973280937956 130.716861128551 107.219025577486 7.00828566311587 0.131412361129676 -0.332360292477043
12.4 4.72354972737442 130.726738744365 107.186157137765 7.0620880552418 0.141636171690369 -0.397629790410143
12.5 4.78735514081811 130.736792078025 107.152843427582 7.11556943500098 0.150890315620314 -0.465160167179532
12.6 4.85115149439929 130.747016184997 107.119051331169 7.16870639564862 0.158824290178435 -0.541280087389242
12.7 4.91494177962016 130.757399798642 107.084751059698 7.22147828620822 0.165114653696363 -0.632726787465112
12.8 4.9787293563501 130.767924556029 107.049917375935 7.27386816025397 0.169479291633052 -0.747610542342287
12.9 5.04251767557977 130.778564223737 107.014530818885 7.32586372469323 0.171699560322745 -0.896577805728855
13 5.10630991188376 130.78928392367 106.97857892844 7.37745828854894 0.171655373611379 -1.09423671675313
13.1 5.17010852601018 130.800039381747 106.942057450063 7.4286516953819 0.169505827585285 -1.32738143746536
13.2 5.23391484952093 130.810776771488 106.904971020358 7.47945083034721 0.16606054756405 -1.56618636416023
13.3 5.29772887751569 130.821434067749 106.86733253491 7.52986904747638 0.162294680188286 -1.79537544831115
13.4 5.3615492746026 130.831942995339 106.82916199701 7.5799251715936 0.159149070589609 -1.98791679995394
13.5 5.4253735450021 130.842231000538 106.790485346419 7.62964248387188 0.157430558393628 -2.11020386480808
13.6 5.48919833862173 130.852223222596 106.751333288132 7.67904770738916 0.157687390174756 -2.13455218914028
13.7 5.55301985611883 130.86184446525 106.711740121136 7.72816999268437 0.160103706341814 -2.05316883984175
13.8 5.6168343087554 130.871021168225 106.671742567174 7.7770399033136 0.164466271813602 -1.88245894625725
13.9 5.68063838498356 130.879683378747 106.631378599511 7.82568840140617 0.170222104261639 -1.6536543544551
14 5.74442967511551 130.887766723049 106.590686271689 7.87414583322075 0.176593754736089 -1.3981374741534
14.1 5.80820700611275 130.895214357679 106.549702555016 7.92244092256946 0.182768462155118 -1.1603923171722
14.2 5.87197060155777 130.901978395672 106.508462402746 7.97059996881036 0.188245061895755 -0.963800287395943
14.3 5.93572199898975 130.908019999647 106.466998389743 8.01864656412857 0.192724965642372 -0.800394176977724
14.4 5.99946384985623 130.913308949765 106.42534057885 8.06660151538593 0.196018370344397 -0.662361441672482
14.5 6.06319967622589 130.917823191497 106.383516395969 8.11448277383846 0.19801378099063 -0.542858923766482
14.6 6.12693360171247 130.921548383373 106.341550505153 8.16230536485394 0.198656916012281 -0.43608197163488
14.7 6.19067007033671 130.924477444752 106.299464683687 8.21008131762946 0.197936514360825 -0.337055873912828
14.8 6.25441356555269 130.926610103579 106.257277697174 8.257819594909 0.195875053378457 -0.241346428573736
14.9 6.31816834022649 130.927952444142 106.215005174622 8.3055260227009 0.192523040885045 -0.144758756033517
15 6.38193816697803 130.928516454837 106.172659483531 8.35320321999551 0.18795612277212 -0.043040131378125
15.1 6.44572611702898 130.928319573297 106.130249606479 8.40085052986536 0.182286698195185 0.0655025172165043
15.2 6.50953437631924 130.927384163168 106.087781056853 8.44846398651574 0.175701337389048 0.182404028924078
15.3 6.5733641126772 130.925736817359 106.045255893914 8.49603637359368 0.168426308146211 0.31177793760818
15.4 6.6372154034404 130.923407592944 106.002672777002 8.5435573184472 0.160718229722702 0.457350394818496
15.5 6.70108722481177 130.920429243428 105.960027021244 8.59101338776727 0.15286863630661 0.621797494431848
15.6 6.76497750181611 130.916836451012 105.917310653266 8.63838818322978 0.145209499316465 0.805414734845543
15.7 6.82888321636001 130.912665058867 105.874512466898 8.68566243713751 0.138117346950855 1.00393280444739
15.8 6.89280056990868 130.907951303396 105.831618078884 8.73281410806208 0.132011424376924 1.20571314696229
15.9 6.95672519667671 130.902731046507 105.788609984593 8.77981847648594 0.12733895012753 1.38964695014496
16 7.0206524229597 130.897039007876 105.745467613726 8.82664824044432 0.124540480363486 1.52656828507176
16.1 7.08457756734447 130.890908003205 105.702167394537 8.87327361856057 0.123939382908563 1.5771134623749
16.2 7.14849625134355 130.88436833807 105.658683039403 8.91966264530919 0.125494791267216 1.52634915796196
16.3 7.21240465679353 130.877447596767 105.614986392271 8.96578195424144 0.128913469182516 1.39487677870517
16.4 7.27629973432156 130.870170586751 105.571048497448 9.01159775343871 0.133741522457196 1.21380124053157
16.5 7.34017936867994 130.862559289059 105.526840676909 9.05707680835914 0.139432715937523 1.0121256761036
16.6 7.4040424878446 130.854632808745 105.482335607602 9.10218742468439 0.145411713639485 0.809712305116498
16.7 7.46788910231925 130.846407325297 105.437508398753 9.14690043116629 0.151116630791368 0.616434084826111
16.8 7.53172026269978 130.837896043069 105.392337669169 9.1911901624735 0.156021266767202 0.434372265118314
16.9 7.59553792639613 130.829109141704 105.346806624552 9.2350354420383 0.159644431949481 0.260290934364482
17 7.6593447285043 130.820053726565 105.300904134794 9.27842056490317 0.161554025164811 0.0871335765675803
17.1 7.72314365907484 130.810733782663 105.254625794729 9.32133626632342 0.16146130894814 -0.0780429739967256
17.2 7.78693770749022 130.801150219852 105.207974554202 9.36378032002186 0.15949351064902 -0.229099714094168
17.3 7.85072960873425 130.791301149639 105.160960254933 9.40575719632979 0.155914676250931 -0.374534039524113
17.4 7.91452168215643 130.781182253259 105.11359873671 9.44727734998015 0.15102274406247 -0.520265619039281
17.5 7.97831573629004 130.770787153248 105.065910927017 9.48835649365653 0.145140465319668 -0.670071630770614
17.6 8.04211304319958 130.760107785024 105.017921930664 9.52901487154215 0.138608122873679 -0.825420471056598
17.7 8.1059143824463 130.749134768466 104.96966011942 9.5692765328689 0.131775596731761 -0.98479015570387
17.8 8.16972015049386 130.737857779486 104.921156221643 9.60916860546628 0.124991272019847 -1.14263411958142
17.9 8.23353052795614 130.726265921615 104.872442411907 9.64872056931046 0.118585222723041 -1.28842891504362
18 8.29734569451239 130.714348097573 104.823551400634 9.68796353007326 0.112844873887 -1.40665326511685
18.1 8.36116607567603 130.702093376132 104.774515527197 9.72692948919905 0.108007422635913 -1.48465305385654
18.2 8.42499251253886 130.689491236177 104.725365943295 9.76565052370732 0.104308820985977 -1.50630658195583
18.3 8.4888261941832 130.676531499089 104.676132025476 9.80415773683734 0.101901892930075 -1.45197732610075
18.4 8.55266850539086 130.663204138335 104.626840877938 9.84248011841841 0.100815427949118 -1.31273832055704
18.5 8.61652087839373 130.649499084331 104.5775168388 9.88064340176805 0.100961526704435 -1.09337514431939
18.6 8.68038464445854 130.635406029318 104.528180986373 9.9186689205902 0.102174813907835 -0.809286036205433
18.7 8.74426087999054 130.620914232223 104.478850645429 9.95657246587346 0.104274066673325 -0.479994074204561
18.8 8.80815024550226 130.606012323533 104.429538893472 9.9943631427892 0.107130617710721 -0.124043448712243
18.9 8.87205282030595 130.590688110156 104.380254067009 10.0320422275898 0.110731078034261 0.242076583688808
19 8.93596794115191 130.574928380296 104.330999267821 10.0696020245069 0.115227616439654 0.601497105356531
19.1 8.99989406098428 130.558718711724 104.281771882591 10.1070247446787 0.120921212137666 0.889302586217173
19.2 9.06382869052774 130.542043368637 104.232563449822 10.1442819578351 0.128057729523842 1.05751737318173
19.3 9.12776849979311 130.524885423371 104.183360408338 10.1813354979078 0.136807447427299 1.11966770746964
19.4 9.19170950351932 130.507226966704 104.134145193079 10.2181389413972 0.147220720979293 1.09793435913022
19.5 9.25564728220105 130.489049321561 104.084897344247 10.2546391077697 0.159199311205364 1.01841945502541
19.6 9.31957722643509 130.470333256716 104.035594616458 10.2907775598539 0.172509412061531 0.905363237257645
19.7 9.38349478681634 130.451059200503 103.98621408789 10.3264921042378 0.186815388297258 0.777369969346839
19.8 9.44739570617108 130.431207454515 103.936733269436 10.3617182916652 0.201716534181643 0.646477485005353
19.9 9.51127620732399 130.410758407317 103.887131213847 10.3963909174325 0.21677757519905 0.519110766675304
20 9.57513310785975 130.389692748146 103.837389624889 10.4304455217854 0.231550886184954 0.39765612422633
20.1 9.63896383958725 130.367991682631 103.787493954669 10.4638198856254 0.245612043842579 0.291526520815247
20.2 9.70276650098531 130.345637200834 103.737434193705 10.4964554042715 0.258631650036957 0.205882777114141
20.3 9.76654018107761 130.322612478117 103.687204881003 10.5282981516689 0.270317424888841 0.13557249197706
20.4 9.83028531641325 130.298902328322 103.636804806878 10.5592998226533 0.280387450039468 0.0765239329761
20.5 9.89400392570686 130.274493658975 103.586236703948 10.5894186705241 0.288565875047399 0.0254615801802198
20.6 9.95769971234383 130.249375926487 103.535506938132 10.6186204446188 0.294581451843888 -0.0203561174870077
20.7 10.0213780341362 130.223541591347 103.484625199653 10.6468793278863 0.29816809174021 -0.0633772090892912
20.8 10.0850457436917 130.196986573328 103.43360419403 10.6741788744607 0.299066831311748 -0.105996472639454
20.9 10.1487109075744 130.169710706681 103.382459333076 10.7005129472355 0.297028742729463 -0.150833475915752
21 10.2123824180428 130.141718195339 103.331208425901 10.7258866554367 0.291818490147541 -0.201112305141392
21.1 10.2760695130816 130.113018064478 103.27987136345 10.7503172629181 0.283346062181419 -0.248790766112035
21.2 10.3397811364941 130.083624517597 103.228469635165 10.7738343352042 0.272045813990888 -0.282673038338702
21.3 10.4035251023719 130.053557053744 103.177025419499 10.7964779541242 0.258474550430371 -0.300292523685587
21.4 10.4673073815218 130.022840490249 103.125560506553 10.8182961711942 0.243168546412397 -0.296577261646614
21.5 10.531131636171 129.99150498183 103.074095214254 10.8393424317211 0.226632978690182 -0.263138752736306
21.6 10.5949989849812 129.959586039695 103.022647304529 10.8596729989053 0.209338064392785 -0.187082816804638
21.7 10.6589079681654 129.927124550647 102.971230899491 10.8793443779443 0.191727255897662 -0.0492666399763086
21.8 10.7228546798878 129.894166796182 102.91985539761 10.8984107401362 0.174247210134212 0.177837004774808
21.9 10.7868330372153 129.860764471597 102.868524389897 10.916921346983 0.157416471228778 0.531264155435127
22 10.8508351615277 129.826974705092 102.817234576079 10.9349179742937 0.141958885140274 1.05168436094376
22.1 10.9148518582916 129.792860063459 102.765974703097 10.9524323715891 0.128909538087674 1.68665920557197
22.2 10.9788731647662 129.758488209055 102.714725083857 10.9694846393358 0.119352882767719 2.29131076810454
22.3000000000001 11.0428888936863 129.723930671574 102.663458588941 10.9860839360555 0.114406221409513 2.69974855042455
22.4000000000001 11.1068891742489 129.6892612711 102.612142218577 11.0022301032638 0.114797702371337 2.76115420697092
22.5000000000001 11.1708649999693 129.654554527742 102.560738696919 11.0179153257104 0.120375709166031 2.48648121341746
22.6000000000001 11.2348087620818 129.619884071277 102.509208066334 11.0331257916192 0.1300962006546 2.03641477673793
22.7000000000001 11.2987147346495 129.585321050791 102.457509281689 11.0478433529281 0.142461163240551 1.57049085662745
22.8000000000001 11.3625794699312 129.550932544317 102.405601804631 11.0620471855291 0.155950805428439 1.16783981491765
22.9000000000001 11.4264020590561 129.516779968475 102.353447197876 11.0757154495088 0.169215332509662 0.844608578238652
23.0000000000001 11.4901842138535 129.482917488114 102.301010719492 11.0888269493876 0.181095167714398 0.589413940424948
23.1000000000001 11.5539301322346 129.449390438342 102.24826290483 11.1013627817168 0.190686128208873 0.389152333180251
23.2000000000001 11.6176461567048 129.416234068801 102.195180827245 11.113307653939 0.19761255785447 0.227861286125412
23.3000000000001 11.6813403230016 129.383473105922 102.141748543447 11.1246503687647 0.201690874507699 0.0882387487713871
23.4000000000001 11.7450218325038 129.351121637426 102.087957217636 11.1353839798142 0.202803052923272 -0.0427975015586871
23.5000000000001 11.808700458036 129.319183009209 102.033805233293 11.1455059346153 0.200885723757477 -0.176832300498117
23.6000000000001 11.8723859112511 129.287649722232 101.979298304962 11.1550182176002 0.195928913558006 -0.326291023876044
23.7000000000001 11.9360872024821 129.256503329416 101.924449590036 11.1639274931038 0.187983798249269 -0.507128550563021
23.8000000000001 11.9998120253906 129.225714332525 101.869279800544 11.1722452483611 0.177183251320087 -0.742787510210588
23.9000000000001 12.0635661998494 129.19524207906 101.813817314934 11.1799879365047 0.163785890433712 -1.07077876729954
24.0000000000001 12.1273532073487 129.16503465915 101.758098289861 11.1871771195626 0.148268297506232 -1.55342296924982
24.1000000000001 12.1911738560459 129.135028828709 101.702166754168 11.1938396006784 0.13162532550747 -2.24167708374307
24.2000000000001 12.2550261699328 129.105150615661 101.646074239931 11.2000072761211 0.115897243560232 -3.13092538501146
24.3000000000001 12.318905654182 129.075317660087 101.589878238381 11.2057162759908 0.103830310901874 -4.06837934961997
24.4000000000001 12.3828058730033 129.045442237432 101.533640192888 11.2110058247144 0.0982966243796732 -4.58607384119953
24.5000000000001 12.4467192192687 129.015434307987 101.477423474138 11.2159170907633 0.10080910977261 -4.27724208782774
24.6000000000001 12.5106377781479 128.985204566363 101.421291355318 11.2204920363718 0.110259979334341 -3.40390142533009
24.7000000000001 12.5745541825685 128.954667490977 101.365304987294 11.2247722672547 0.123785311957299 -2.48710039592695
24.8000000000001 12.6384623594153 128.923744393528 101.309521373792 11.2287978823257 0.138425830821177 -1.75890605712635
24.9000000000001 12.7023580738754 128.892366468475 101.253991346579 11.2326063234153 0.151808413702421 -1.2247150711886
25.0000000000001 12.7662391954586 128.860477842521 101.198757540644 11.2362312249889 0.162103163858224 -0.827335695772175
25.1000000000001 12.8301056327624 128.828038578663 101.143852398019 11.2397012808233 0.168084126850493 -0.544680502988968
25.2000000000001 12.8939589179354 128.795026499181 101.089296916316 11.243039551612 0.169755932526806 -0.354287789395743
25.3000000000001 12.9578015640217 128.761436010539 101.03510128769 11.2462638918486 0.167562661834025 -0.218370866765314
25.4000000000001 13.021636431338 128.727275747215 100.981266282512 11.2493878176384 0.162056081838179 -0.117107333302763
25.5000000000001 13.0854662134117 128.69256617011 100.927784661682 11.2524213914692 0.153844892650102 -0.040441678601942
25.6000000000001 13.1492930840878 128.657337164954 100.874642588952 11.2553721069813 0.143566960264722 0.0153250805913736
25.7000000000001 13.2131185227118 128.621625640717 100.821821043239 11.2582457737385 0.131872315630698 0.0484520062484659
25.8000000000001 13.2769433153417 128.585473128011 100.76929723094 11.2610474019982 0.119412086852857 0.0510578319565029
25.9000000000001 13.3407677157245 128.548923377501 100.717045998254 11.2637820874817 0.106832121020837 0.00726827578715153
26.0000000000001 13.4045917403411 128.512019958313 100.665041243494 11.2664558961454 0.0947731633012818 -0.10871678596399
26.1000000000001 13.4684155622525 128.474803875219 100.613257321237 11.2690767353796 0.0837946325612987 -0.286041203398957
26.2000000000001 13.5322398482861 128.437311674138 100.561670234137 11.2716548723662 0.0741270936933307 -0.488661943882971
26.3000000000001 13.5960657973523 128.399574787175 100.510258285713 11.2742025567593 0.0659374867307754 -0.701612226336645
26.4000000000001 13.6598950386795 128.361619365982 100.459002520797 11.2767332905237 0.0594036400738171 -0.889685549138137
26.5000000000001 13.7237295057964 128.323466133888 100.407887157823 11.2792610842021 0.0546862297311472 -0.996016619099622
26.6000000000001 13.7875712919458 128.285130238034 100.356900021105 11.2817997131829 0.051889492022367 -0.960250222780341
26.7000000000001 13.8514224888545 128.24662110151 100.306032973122 11.2843619739676 0.0510322022183431 -0.756002955900431
26.8000000000001 13.9152850122091 128.207942275485 100.255282346803 11.2869589404384 0.0520607273114011 -0.416504306792992
26.9000000000001 13.9791604190137 128.169091291349 100.204649377809 11.2895992201256 0.0549105405249424 -0.0188538289684931
27.0000000000001 14.0430497242204 128.130059512838 100.154140636813 11.2922882104751 0.0595796854913107 0.356300130352866
27.1000000000001 14.1069532275926 128.090831996142 100.103768455166 11.2950273697023 0.0661326422481564 0.600300786927528
27.2000000000001 14.17087038671 128.051387557095 100.053551178345 11.2978138668922 0.0745551465303183 0.677354718723081
27.3000000000001 14.2347997814845 128.011699364065 100.003512982263 11.3006411947995 0.0847730058313573 0.643845305691393
27.4000000000001 14.2987391330399 127.97173573794 99.9536835173708 11.3035001618961 0.0966535543448509 0.550768319041773
27.5000000000001 14.3626853538886 127.931460960082 99.9040975461343 11.3063798990037 0.11001290616232 0.43330237351087
27.6000000000001 14.4266346260398 127.890836080269 99.8547945805134 11.3092688659271 0.124636310177555 0.311440168369022
27.7000000000001 14.4905825009849 127.849819724654 99.8058185194395 11.3121558580872 0.140297303827395 0.19457200928561
27.8000000000001 14.5545240128301 127.808368903709 99.7572172862935 11.315031013154 0.156771685338339 0.0859059802530362
27.9000000000001 14.618453794143 127.766439820176 99.7090424663839 11.31788681768 0.173847001129157 -0.0145024496606768
28.0000000000001 14.6823661833412 127.72398867702 99.6613489444248 11.320719113733 0.191329351008671 -0.107992086802468
28.1000000000001 14.7462553206572 127.680972487455 99.6141945285581 11.3235280933662 0.208996526240266 -0.182796017244476
28.2000000000001 14.8101154185199 127.637349938992 99.567639224521 11.3263189768572 0.226431042978254 -0.233399498979671
28.3000000000001 14.8739414824481 127.59308239462 99.5217436217223 11.3291018882016 0.243151056974547 -0.26866856545368
28.4000000000001 14.9377301016295 127.548134948003 99.4765669294638 11.3318914143764 0.258654937851025 -0.295060865317547
28.5000000000001 15.0014800697191 127.502477480762 99.4321649997066 11.3347061524397 0.272421305244486 -0.31739555904237
28.6000000000001 15.0651927964247 127.456085719748 99.3885883498362 11.3375682566302 0.283912761010829 -0.339516312935047
28.7000000000001 15.128872483147 127.408942294325 99.3458801854289 11.340502985467 0.292582564518704 -0.364869049417174
28.8000000000001 15.1925260437726 127.361037793642 99.3040744230174 11.3435382488499 0.297883895915615 -0.397071232718307
28.9000000000001 15.2561627630117 127.312371823914 99.2631937128565 11.3467041551586 0.299281558634066 -0.440597409749531
29.0000000000001 15.3197936994883 127.262954065702 99.2232474616887 11.3500325583529 0.296266309421331 -0.501794863757863
29.1000000000001 15.3834308557728 127.212805304223 99.1842298942656 11.3535565921912 0.288588883931608 -0.572483379118824
29.2000000000001 15.4470861061917 127.161957758656 99.1461191224966 11.3573098695413 0.276897706764958 -0.638281749046995
29.3000000000002 15.5107700025994 127.110453631944 99.1088787724255 11.3613248315402 0.262034354629771 -0.696687358495151
29.4000000000002 15.5744908400118 127.058342959584 99.0724606188351 11.3656307618459 0.244783271181492 -0.742190922931678
29.5000000000002 15.638254093717 127.005681431456 99.0368072586075 11.3702517880075 0.225841844061457 -0.765137418870503
29.6000000000002 15.7020621902796 126.95252821365 99.0018547840832 11.3752048828369 0.205791871733301 -0.749717025998865
29.7000000000002 15.7659145550715 126.898943770292 98.9675354564215 11.3804978657783 0.185078173287566 -0.67034053628817
29.8000000000002 15.8298078728568 126.844987685376 98.9337803789599 11.3861274042797 0.164006861938751 -0.484451272268861
29.9000000000002 15.8937365012608 126.790716484589 98.9005221705744 11.3920770151633 0.142791052724578 -0.117009198338297
30.0000000000002 15.9576929893441 126.736181457136 98.8676976390388 11.398315065996 0.121709417551964 0.573067929343016
30.1000000000002 16.0216686710025 126.681426503342 98.8352504278709 11.4047928253387 0.101486118128606 1.70433250612117
30.2000000000002 16.0856542424263 126.626486652174 98.8031329738144 11.4114437838362 0.0838430477077888 3.34212114026585
30.3000000000002 16.1496401914072 126.571388279371 98.7713067143993 11.4181862012877 0.0721603832297688 5.14806348906815
30.4000000000002 16.2136172295826 126.51614999551 98.739741606137 11.4249269245577 0.0706556342138776 5.59059099967546
30.5000000000002 16.2775768048418 126.460783559835 98.7084156162033 11.4315652543658 0.0802886632059811 4.21101248538993
30.6000000000002 16.3415116566099 126.405294794085 98.6773142141196 11.4379968120764 0.0974304966466403 2.61103939161159
30.7000000000002 16.4054163513504 126.349684496326 98.6464298634361 11.4441174064881 0.117879169780492 1.51384386189472
30.8000000000002 16.4692877222409 126.293949354782 98.615761513413 11.4498269006237 0.138764702557036 0.83282062536423
30.9000000000002 16.5331251320549 126.238082861659 98.585314090703 11.4550330785195 0.158199282010092 0.394410560457502
31.0000000000002 16.5969304821309 126.182076226984 98.5550979910336 11.4596555120152 0.174795487808984 0.0839402695114773
31.1000000000002 16.6607079074174 126.125919288338 98.5251285642008 11.4636293858647 0.187605472505996 -0.143016043135387
31.2000000000002 16.7244632330508 126.0696013143 98.4954254251803 11.4669082392064 0.196556695650718 -0.309251342601025
31.3000000000002 16.7882034548001 126.013111538044 98.4660113238407 11.4694639562512 0.201840301603829 -0.442642730540079
31.4000000000002 16.8519362334263 125.956439584632 98.436910840773 11.4712856733292 0.203685670450251 -0.558899381302424
31.5000000000002 16.9156693720632 125.899575894222 98.4081490764333 11.4723786442589 0.202337745897285 -0.668169792800999
31.6000000000002 16.979410312359 125.842512145271 98.3797503402838 11.4727631057145 0.198044502791653 -0.778334106480441
31.7000000000002 17.0431656786489 125.785241677747 98.3517368399355 11.4724731425954 0.19104963770714 -0.897076725477052
31.8000000000002 17.1069408907573 125.727759916332 98.3241273702897 11.4715555533942 0.181589338896804 -1.03376101799324
31.9000000000002 17.1707398589552 125.670064793627 98.2969360026799 11.4700687155649 0.169894251858909 -1.20190457729495
32.0000000000002 17.2345647692262 125.612157173363 98.2701707740144 11.4680814508919 0.156200351154886 -1.42335671707575
32.1000000000002 17.2984159630408 125.554041265847 98.2438323950118 11.4656718790025 0.140893210392822 -1.738934292093
32.2000000000002 17.3622919117728 125.495724841805 98.2179134548969 11.4629259626362 0.124926283203966 -2.18989282610256
32.3000000000002 17.4261893189754 125.437218934423 98.1923988863363 11.4599352704508 0.10956829548925 -2.79916266369439
32.4000000000002 17.4901034004249 125.378537339776 98.1672669268336 11.4567944315833 0.0963374655363316 -3.5270913346872
32.5000000000002 17.5540283176646 125.319696109507 98.1424900992183 11.4535985783567 0.0868918995603055 -4.17533561248842
32.6000000000002 17.6179577106001 125.260713043498 98.1180361921353 11.450440788986 0.0825156711072409 -4.39981263244346
32.7000000000002 17.6818852702088 125.201607182549 98.093869240534 11.4474095302848 0.0832873497901866 -4.04249079227584
32.8000000000002 17.7458052925728 125.14239830105 98.0699505061578 11.4445861003716 0.087814804105724 -3.34721639059864
32.9000000000002 17.8097131595173 125.083106399658 98.0462394580333 11.4420420713757 0.0939644040016282 -2.6422448871769
33.0000000000002 17.8736056991869 125.023751197971 98.0226947529596 11.4398367321438 0.0996835091381046 -2.081583754892
33.1000000000002 17.937481389407 124.96435163026 97.9992752129888 11.438014561905 0.103444359404588 -1.70709123607304
33.2000000000002 18.0013403261982 124.904925420615 97.9759407246793 11.436603508862 0.104680391791257 -1.48852436893294
33.3000000000002 18.0651839024793 124.845488859699 97.9526529397723 11.4356153120565 0.103267534206959 -1.37966660110687
33.4000000000002 18.1290143837872 124.786056660915 97.9293758976407 11.4350466281608 0.0992522632667401 -1.35957402601575
33.5000000000002 18.1928344923141 124.726641819636 97.9060766447298 11.4348801892283 0.0927830213776017 -1.42836873617549
33.6000000000002 18.2566470303051 124.667255472424 97.8827258539974 11.4350859604439 0.0840841333996598 -1.61116971320241
33.7000000000002 18.3204545634886 124.607906756258 97.8592984443547 11.4356222978744 0.0734640624519104 -1.97704651216462
33.8000000000002 18.3842591784684 124.548602667759 97.8357742001057 11.4364371062186 0.0613791530142842 -2.69395883879812
33.9000000000002 18.448062322155 124.489347922417 97.812138390389 11.4374689965579 0.0486458315464603 -4.1703381418629
34.0000000000002 18.5118647263858 124.430144813808 97.7883823886169 11.4386484441068 0.0371232802633594 -7.17820895417643
34.1000000000002 18.5756664183944 124.37099307787 97.7645042764408 11.439898963029 0.0313857332974284 -10.3530155913918
34.2000000000002 18.639466850616 124.31188988822 97.7405090453485 11.4411387249715 0.0366900419487738 -7.87557588585895
34.3000000000002 18.7032652036191 124.25283018417 97.7164077768665 11.4422833039581 0.0501620351567331 -4.35795595452925
34.4000000000002 18.7670607754337 124.1938071298 97.6922164203961 11.4432488650001 0.0664936243634409 -2.52978047723955
34.5000000000002 18.830853364092 124.134812578069 97.6679545555722 11.4439553697736 0.0828251756318076 -1.63091654494629
34.6000000000002 18.8946435788009 124.075837534927 97.643644154624 11.4443297822961 0.0975596494617154 -1.1488518837238
34.7000000000002 18.958433020336 124.016872623431 97.6193083447335 11.4443092746037 0.109537535432316 -0.868280017581744
34.8000000000002 19.0222242816256 123.957908547854 97.5949701703965 11.4438444324283 0.117763021929107 -0.696920913797148
34.9000000000002 19.0860207365852 123.898936557802 97.570651355781 11.4429024608739 0.121312293056084 -0.593609875960578
35.0000000000002 19.1498261091247 123.839948912323 97.5463710670878 11.4414703900944 0.11930058610826 -0.542771270161696
35.1000000000002 19.2136438459906 123.780939339952 97.5221446866132 11.4395582195096 0.111177823292827 -0.554169104205511
35.2000000000002 19.2774763957837 123.721903392937 97.4979828911008 11.4372004640546 0.0976502520352727 -0.648788035843263
35.3000000000002 19.3413246355393 123.66283853286 97.473891502518 11.4344536440492 0.0797615775781524 -0.890996392664833
35.4000000000002 19.4051875902678 123.603744110438 97.4498716431219 11.4313921771 0.0586115369650053 -1.53196820355578
35.5000000000002 19.4690624559403 123.544621341258 97.4259199022275 11.4281042085415 0.0355430260819795 -3.93493168711041
35.6000000000002 19.5329448966013 123.485473281507 97.402028502977 11.4246874418783 0.0144145857364381 -23.2385885024964
35.7000000000002 19.596829555532 123.426304803712 97.3781854691079 11.4212449692264 0.0211898693864248 -10.9234504571377
35.8000000000002 19.6607106987379 123.367122572465 97.3543747917225 11.4178811017547 0.0443821184194112 -2.69251498685219
35.9000000000002 19.7245828968687 123.307935020163 97.3305765960563 11.4146972001269 0.067518246635099 -1.3521682872484
36.0000000000002 19.7884416487088 123.248752322738 97.3067673082468 11.4117875049427 0.0885045681848608 -0.977990426213676
36.1000000000002 19.8522838547678 123.189586371639 97.2829198290377 11.4092350080405 0.106405478658923 -0.854713101036316
36.2000000000002 19.9161080550756 123.130450648261 97.2590038878071 11.4071083861805 0.121196838852973 -0.806216522595249
36.3000000000002 19.9799144187853 123.071359850733 97.2349868543396 11.40546163154 0.133056878113171 -0.790349264720016
36.4000000000002 20.0437045929441 123.01232942316 97.210834730923 11.4043347445901 0.142152032051305 -0.79127407936401
36.5000000000002 20.1074814727669 122.953375081104 97.1865131513791 11.4037544678323 0.148632252577704 -0.802153578433749
36.6000000000003 20.1712489207303 122.894512337071 97.1619883800958 11.4037350195362 0.152628918520263 -0.819945602631046
36.7000000000003 20.2350114554708 122.835756026 97.1372283110587 11.404278827476 0.15425347235958 -0.843599942194767
36.8000000000003 20.2987739270371 122.777119830742 97.1122034668827 11.405377262668 0.153596361559508 -0.873464305780061
36.9000000000003 20.3625411915165 122.71861580755 97.0868879978434 11.4070113731076 0.150726325907274 -0.911274869031838
37.0000000000003 20.4263177954067 122.660253911566 97.0612606809089 11.4091526175061 0.145690319085999 -0.960621421265803
37.1000000000003 20.4901076775 122.602041531614 97.0353059014864 11.4117636140616 0.138633614870138 -1.03541524484129
37.2000000000003 20.5539138813542 122.543983267206 97.0090141857591 11.4147992800922 0.130170726922078 -1.14087312657148
37.3000000000003 20.6177383001476 122.48608132033 96.9823815922145 11.4182089638623 0.121040933803662 -1.26592107502835
37.4000000000003 20.6815815410101 122.428336129451 96.9554086537625 11.421938967272 0.11196761953879 -1.38995372638205
37.5000000000003 20.7454429218531 122.370747012814 96.928099302569 11.4259350835797 0.103617749393643 -1.47741101904048
37.6000000000003 20.8093205734231 122.313312811755 96.9004597948893 11.4301451351246 0.0965430095691842 -1.47717614630941
37.7000000000003 20.8732116152079 122.256032534007 96.8724976359015 11.4345215110497 0.0911156147193216 -1.33309530666575
37.8000000000003 20.9371123752804 122.19890599701 96.8442205045401 11.4390237050243 0.0874990499058996 -1.00563394642101
37.9000000000003 21.0010186300192 122.141934471219 96.8156351783292 11.4436208529664 0.0857092742899828 -0.492195728346964
38.0000000000003 21.0649258498588 122.085121323411 96.7867464582161 11.4482942707658 0.0857933033574407 0.165414924591944
38.1000000000003 21.128829451338 122.028472648596 96.757556108276 11.4530399418592 0.0879386803534861 0.765724900937415
38.2000000000003 21.1927250594317 121.971997605633 96.7280621820719 11.4578697009721 0.0921390338158754 1.12983189720077
38.3000000000003 21.2566087610147 121.915708000692 96.6982593305238 11.4628091081317 0.098342717527646 1.26247894568591
38.4000000000003 21.3204773498688 121.859617574418 96.6681394964334 11.4678940188462 0.106327010110514 1.21625586096398
38.5000000000003 21.384328567644 121.803741277703 96.6376926238789 11.4731671041367 0.115607836393276 1.06112982769935
38.6000000000003 21.4481613223585 121.748094547454 96.6069073676117 11.4786743705693 0.125481183590202 0.855433170139532
38.7000000000003 21.5119758513306 121.692692582359 96.5757718024514 11.484461680287 0.135111001530647 0.633886198053491
38.8000000000003 21.5757737881741 121.637549618662 96.5442741326814 11.490571271042 0.143607714656471 0.409599693241019
38.9000000000003 21.6395580934651 121.582678205924 96.5124034014454 11.4970382762276 0.150083765272814 0.179976073799968
39.0000000000003 21.7033328160222 121.528088482798 96.480150200142 11.50388724491 0.153695421029953 -0.0698250563607808
39.1000000000003 21.7671026683509 121.473787460052 96.4475073730342 11.5111287111336 0.153869525222874 -0.317187655106615
39.2000000000003 21.830872477985 121.419778492195 96.4144705973956 11.5187570443218 0.150878545182392 -0.541587001966171
39.3000000000003 21.8946467039017 121.366061227896 96.3810386477149 11.5267515516914 0.145257666283877 -0.763028365943273
39.4000000000003 21.9584290802199 121.312631748999 96.3472135354382 11.5350788617632 0.137588340216882 -0.995278629591308
39.5000000000003 22.0222223836492 121.259482716797 96.3130006439245 11.5436953571453 0.128477099345892 -1.24785314492679
39.6000000000003 22.0860283289741 121.206603518307 96.278408863401 11.5525496073166 0.118536682304517 -1.52569032133564
39.7000000000003 22.1498475844429 121.153980412545 96.2434507259181 11.5615848014097 0.108361857194443 -1.82692758466232
39.8000000000003 22.213679888405 121.101596676799 96.2081425403054 11.5707411809952 0.0984920616564491 -2.13959652094562
39.9000000000003 22.2775242413983 121.049432752901 96.1725045271265 11.5799584728642 0.0893541206243888 -2.4399898270817
40.0000000000003 22.3413791440978 120.997466393506 96.1365609536343 11.5891783218122 0.0811862815226721 -2.69816368897044
40.1000000000003 22.4052428491338 120.945672813359 96.100340258288 11.5983466970825 0.0740595490986563 -2.95875389632862
40.2000000000003 22.4691135544646 120.894024970499 96.0638749038579 11.6074156139769 0.0682784639572241 -3.24870680530689
40.3000000000003 22.5329894639267 120.842494177288 96.027200541564 11.6163431170425 0.0643054585851226 -3.47404961176581
40.4000000000003 22.5968688104083 120.79105084137 95.9903549038033 11.6250925784262 0.0625553667412064 -3.50900103212081
40.5000000000003 22.6607498929765 120.739665211627 95.9533766864387 11.6336319698889 0.0631958272089832 -3.27861363812177
40.6000000000003 22.7246311256779 120.688308124138 95.9163044310864 11.6419331348194 0.066028430113455 -2.82492368583329
40.7000000000003 22.7885110912456 120.636951748134 95.8791754074055 11.6499710602494 0.0705555181116744 -2.26404112831575
40.8000000000003 22.8523885917463 120.585570331957 95.8420244953857 11.6577231488669 0.0761630311585369 -1.69643725830827
40.9000000000003 22.9162626882579 120.534140949014 95.8048830676358 11.6651684910313 0.0822779163655122 -1.16986075038722
41.0000000000003 22.9801327230114 120.482644243735 95.7677778716725 11.6722871367874 0.0884480744474782 -0.691618001050416
41.1000000000003 23.0439983208647 120.431065166983 95.7307299278774 11.6790593809561 0.0943380708806212 -0.302563543345386
41.2000000000003 23.1078593892016 120.379393437144 95.6937538348507 11.6854653882221 0.0996485872426385 -0.0245488155406999
41.3000000000003 23.1717161438351 120.327623304907 95.6568581089216 11.6914856812878 0.104191640690294 0.173734245998145
41.4000000000003 23.2355691243669 120.27575304372 95.6200459310553 11.6971019690233 0.107852829835489 0.314538514055419
41.5000000000003 23.2994191826369 120.223784429707 95.583315909429 11.7022979876941 0.110544549451933 0.413174009274684
41.6000000000003 23.3632674471933 120.17172222158 95.5466628420069 11.707060342187 0.112179717698179 0.480280348786344
41.7000000000003 23.4271152656083 120.119573640548 95.5100784791168 11.7113793472384 0.112657511973242 0.523468627868232
41.8000000000003 23.490964125362 120.067347850233 95.4735522860252 11.7152498686601 0.111856280607067 0.548377997454338
41.9000000000003 23.5548155537638 120.015055436582 95.437072205513 11.7186721645672 0.109630824921668 0.559325242840645
42.0000000000003 23.61867099799 119.962707887776 95.4006254204519 11.7216527266046 0.105812325424161 0.559698583561034
42.1000000000003 23.6825316876425 119.910317078736 95.3641991092499 11.7242051104427 0.10025980342157 0.573293272779019
42.2000000000003 23.7463984835166 119.85789487492 95.3277810159351 11.7263504872562 0.0930250840458035 0.628187558096527
42.3000000000003 23.8102717302514 119.805453038969 95.2913595497015 11.7281174869295 0.0842278313791791 0.742555834856213
42.4000000000003 23.8741511434924 119.753003256641 95.2549236990916 11.7295417622453 0.074017198703005 0.95622703287256
42.5000000000003 23.9380357440333 119.700557167352 95.2184629390497 11.7306655423414 0.0625972457292329 1.35982522248232
42.6000000000003 24.0019238429266 119.648126394697 95.1819671379756 11.731537186168 0.0503007406728957 2.18008782982398
42.7000000000003 24.0658130797181 119.595722576986 95.145426464778 11.7322107359448 0.0378301333611598 4.03887092910748
42.8000000000003 24.1297005144661 119.54335739777 95.1088312959273 11.7327454706183 0.0271483519088854 8.27445887018695
42.9000000000003 24.19358277286 119.491042616376 95.0721721225099 11.7332054593186 0.0236589028045199 11.5202118442154
43.0000000000003 24.2574562425428 119.438790098435 95.0354394572807 11.7336591148167 0.0317028814204716 6.77137498978249
43.1000000000003 24.3213173183701 119.386611842286 94.9986237460954 11.7341787309692 0.0465145803334766 3.27027060452117
43.2000000000003 24.3851627090938 119.334519898105 94.9617153931765 11.7348396038478 0.0637272069794975 1.7714123007994
43.3000000000003 24.4489898137064 119.282526014728 94.9247050753456 11.7357180960652 0.0814413736167532 1.0832659759593
43.4000000000003 24.5127970973747 119.230641179187 94.8875841700892 11.7368892847865 0.0986062122175687 0.727680209152649
43.5000000000003 24.5765844042376 119.178875152137 94.8503451880042 11.7384245937272 0.114430582602095 0.526563611300172
43.6000000000004 24.6403531641401 119.127236003266 94.8129822052427 11.7403894251516 0.128215203394228 0.406166405057084
43.7000000000004 24.7041064561562 119.075729646717 94.7754912959563 11.7428407918717 0.139298734230191 0.332814305302814
43.8000000000004 24.767848900239 119.024359376504 94.7378709647414 11.7458249492457 0.147039315849808 0.290368093180263
43.9000000000004 24.831586360366 118.973125401933 94.7001225790839 11.7493750271758 0.150809178762139 0.271741820592695
44.0000000000004 24.8953254581522 118.922024383014 94.6622508018041 11.7535086621074 0.149994648132501 0.276103697444004
44.1000000000004 24.9590729153395 118.871048978693 94.6242640124018 11.7582256826749 0.144275107051254 0.305615440752203
44.2000000000004 25.022834790139 118.820187728052 94.5861744398168 11.7635071901789 0.134453142078742 0.361396583491117
44.3000000000004 25.0866158002344 118.769425776786 94.5479975626247 11.7693181797915 0.121619443952853 0.449838301287108
44.4000000000004 25.1504188993947 118.718745936648 94.5097512206492 11.7756115565925 0.106873186213856 0.582756966768439
44.5000000000004 25.2142451243886 118.668129757715 94.4714547154729 11.7823322052537 0.0913224160524508 0.777038753650416
44.6000000000004 25.2780936774689 118.617558600641 94.4331279109497 11.7894210597225 0.0760865497295849 1.04883164991974
44.7000000000004 25.3419621900317 118.567014708921 94.3947903337165 11.7968191729063 0.0622930919102974 1.38695673050933
44.8000000000004 25.4058471041333 118.516482281148 94.3564602737045 11.804471786356 0.0510410397941069 1.67628470304884
44.9000000000004 25.4697441099475 118.465948543272 94.3181538846519 11.8123323999502 0.0432770265399766 1.59540779584637
45.0000000000004 25.5336485887774 118.41540482086 94.2798842846146 11.8203668415794 0.0396104888796477 0.771586622725993
45.1000000000004 25.5975560296845 118.364847593557 94.2416606727368 11.8285572790369 0.040191779111568 -0.392237520054895
45.2000000000004 25.6614623421196 118.314279086786 94.2034878687277 11.8369047293064 0.0445688850635736 -1.09703325945126
45.3000000000004 25.7253639517112 118.263706688747 94.1653669253652 11.8454277535448 0.0524158207998169 -1.2350636447026
45.4000000000004 25.7892578190909 118.213141904666 94.1272961637069 11.8541596494615 0.0633366853907578 -1.05348241209446
45.5000000000004 25.8531414834567 118.16259929323 94.089272224559 11.8631455859041 0.0767229608786268 -0.78326940145399
45.6000000000004 25.9170131398088 118.112095403037 94.0512911199452 11.8724397374452 0.091834599562372 -0.52915956625135
45.7000000000004 25.9808717344971 118.061647709035 94.0133492845758 11.8821024189687 0.107888660769933 -0.316235869462799
45.8000000000004 26.0447170480103 118.011273548967 93.9754446273161 11.8921972202557 0.124102924036563 -0.139418781845306
45.9000000000004 26.1085497239208 117.960989059812 93.9375775826563 11.9027881405713 0.139713372141532 0.0139825193939213
46.0000000000004 26.1723711985912 117.910808114235 93.8997521621793 11.9139367232505 0.153984257736307 0.157306622227478
46.1000000000004 26.2361834903525 117.860741266789 93.8619769973693 11.9256992183211 0.166359595848177 0.287244577947372
46.2000000000004 26.299988886596 117.810794954164 93.8242661572224 11.9381244740686 0.176888188654341 0.400761778478044
46.3000000000004 26.3637896845615 117.760971340246 93.7866393942054 11.9512536789937 0.185796113777121 0.506347899616878
46.4000000000004 26.4275879697705 117.711268415205 93.7491221650195 11.9651208327128 0.19334428767587 0.608368531824544
46.5000000000004 26.4913854029402 117.661680104363 93.7117456427009 11.9797532448938 0.199828684556411 0.708621318191529
46.6000000000004 26.5551830324724 117.612196377045 93.6745467287223 11.9951720341927 0.205580463118839 0.806979435024381
46.7000000000004 26.6189811498729 117.562803355443 93.6375680650944 12.0113926271902 0.210964486280067 0.901661564614318
46.8000000000004 26.6827792034973 117.513483423476 93.6008580464673 12.0284252573274 0.216374843042818 0.989422415599973
46.9000000000004 26.7465757842113 117.464215335647 93.5644708322314 12.0462754638428 0.222226139721297 1.06586859419334
47.0000000000004 26.8103686949328 117.414974325906 93.5284663586196 12.0649445907084 0.228939843412015 1.12603608845548
47.1000000000004 26.8741551172732 117.365732231312 93.4929103265335 12.0844302874437 0.236866961658325 1.14072605917186
47.2000000000004 26.9379319458885 117.316458000621 93.4578735582408 12.1047270587547 0.246014482015761 1.09203259634131
47.3000000000004 27.0016963554033 117.267119179986 93.4234297519722 12.1258269381121 0.256087837185058 0.99423133325804
47.4000000000004 27.0654464095986 117.21768378358 93.3896526053879 12.1477202101534 0.266568362326567 0.861806386157486
47.5000000000004 27.1291815754707 117.168122179019 93.3566129147701 12.1703961349639 0.276774768252126 0.706429209421769
47.6000000000004 27.1929030754641 117.118408972796 93.3243756742156 12.1938436723566 0.285930484414803 0.535216921639448
47.7000000000004 27.2566140202085 117.068524895699 93.2929971748279 12.2180522061533 0.293227083672621 0.35015341171764
47.8000000000004 27.3203192773441 117.018458688246 93.26252210391 12.2430122684646 0.297882837862697 0.147980592292409
47.9000000000004 27.3840250525468 116.968208986109 93.2329806441564 12.2687162639705 0.299202248076277 -0.080171460796049
48.0000000000004 27.4477381866927 116.917786205541 93.2043855728461 12.2951591942008 0.296648206183506 -0.349987191411465
48.1000000000004 27.5114652090977 116.867214389362 93.1767294184934 12.3223393693179 0.290145138516536 -0.638949579838826
48.2000000000004 27.5752112761744 116.816532027555 93.149983111431 12.3502587949554 0.2807203692069 -0.916467548533043
48.3000000000004 27.6389793228601 116.76579027492 93.1240984266801 12.3789227341998 0.269769498387852 -1.18326779836806
48.4000000000004 27.702769660442 116.715050143336 93.0990119207518 12.4083389446276 0.258736207675277 -1.42667187154535
48.5000000000004 27.7665800288059 116.66437965458 93.0746489259083 12.438516902846 0.248974007757328 -1.62061083480498
48.6000000000004 27.8304060413419 116.613850993151 93.0509275444223 12.4694670290316 0.241564648153194 -1.73107501979558
48.7000000000004 27.8942419252742 116.563537659092 93.0277626428389 12.5011999114712 0.237119428239985 -1.72890650006792
48.8000000000004 27.9580814385583 116.513511620809 93.0050698462348 12.5337255311008 0.235637321222196 -1.6039004578153
48.9000000000004 28.0219188363084 116.463840467893 92.98276953248 12.5670524860459 0.236500971578384 -1.36867637754376
49.0000000000004 28.0857497644751 116.414584563943 92.9607908264974 12.6011872161612 0.23862944617668 -1.04819162104782
49.1000000000004 28.1495719698907 116.365794237579 92.939075541129 12.6361332365174 0.240802338846085 -0.724764988811586
49.2000000000004 28.2133856063337 116.317507966402 92.9175807297323 12.6718906035195 0.24224150937476 -0.462397874113299
49.3000000000004 28.2771929226618 116.269753081532 92.896277714711 12.7084559715482 0.24261360417866 -0.254889164757627
49.4000000000004 28.3409976879175 116.222547465093 92.8751497277766 12.7458228822329 0.241854864847906 -0.0960962387295035
49.5000000000004 28.4048045869786 116.175901285892 92.8541894968149 12.7839820626713 0.240063278984853 0.0179612944917985
49.6000000000004 28.4686186415767 116.129818735091 92.8333968327525 12.8229217236496 0.237421977837711 0.0887429426993312
49.7000000000004 28.5324446851109 116.084299761889 92.812776216424 12.8626278578619 0.234146935127871 0.115524755282555
49.8000000000004 28.5962869042356 116.039341809196 92.7923343854383 12.9030845381308 0.230455024750423 0.0959729979994778
49.9000000000004 28.6601484494701 115.994941549311 92.7720779210452 12.9442742156266 0.226551682464858 0.0267712867314811
50.0000000000004 28.7240311111581 115.9510966196 92.7520108350025 12.9861780180878 0.222639691778427 -0.0957154547721685
50.1000000000004 28.7879350599557 115.907807338129 92.7321321766144 13.0287760429521 0.218891423742456 -0.247389651095769
50.2000000000004 28.8518587432969 115.86507789826 92.7124341642477 13.0720475181896 0.215300317740996 -0.401926973071291
50.3000000000004 28.9157990597959 115.822916240592 92.6929016482129 13.1159706273011 0.211856388368526 -0.559615424307505
50.4000000000004 28.9797516185682 115.781333403855 92.673512098122 13.1605222020171 0.208603464523863 -0.720757050658019
50.5000000000004 29.0437109870016 115.740342855769 92.6542356104189 13.2056774099094 0.205639475934766 -0.885238510545418
50.6000000000004 29.1076709329988 115.699959823899 92.6350349159098 13.251409442002 0.203117455685983 -1.0520296760258
50.7000000000005 29.1716246712778 115.660200626513 92.6158653872935 13.2976892003823 0.201246425489461 -1.21863477354512
50.8000000000005 29.2355651230876 115.621082003439 92.5966750466912 13.3444849858122 0.200290626762926 -1.38059761511627
50.9000000000005 29.2994851987641 115.582620446919 92.5774045731776 13.3917621853393 0.200564941824933 -1.53127534756517
51.0000000000005 29.36337811291 115.544831532468 92.5579873103104 13.439482959908 0.202424187440761 -1.66218765233861
51.1000000000005 29.4272377430412 115.507729252231 92.5383493009896 13.4876059455963 0.206235361984704 -1.73037389178377
51.2000000000005 29.4910590525551 115.47132541333 92.5184100328567 13.5360863091235 0.212189232084389 -1.70282837571465
51.3000000000005 29.5548385910799 115.435629201218 92.4980849873749 13.5848767026596 0.220075849985889 -1.59676586206678
51.4000000000005 29.618575009887 115.400646808007 92.4772888994499 13.6339285729058 0.22930230257856 -1.43839651145316
51.5000000000005 29.6822695074207 115.366381063319 92.4559390443789 13.6831934838003 0.238993014930819 -1.25346318226565
51.6000000000005 29.7459261251015 115.332831065115 92.4339585247999 13.7326244392244 0.248103749559607 -1.06087636092055
51.7000000000005 29.8095518184841 115.299991810544 92.4112795576413 13.7821772057085 0.255516772472721 -0.870903504348592
51.8000000000005 29.8731562408192 115.267853826776 92.3878467610707 13.8318116351382 0.260107656196816 -0.686046802082585
51.9000000000005 29.9367511958102 115.236402801846 92.3636204414444 13.88149298746 0.260788942975009 -0.502273322706236
52.0000000000005 30.0003497439598 115.205619215491 92.3385798802563 13.9311932533876 0.256540566590735 -0.308918089507135
52.1000000000005 30.0639649837442 115.17547798453 92.3127265601268 13.980892456271 0.246720683326586 -0.116978508523382
52.2000000000005 30.1276086374063 115.145948486204 92.2860858058068 14.0305794121986 0.231949890549258 0.0668104359685829
52.3000000000005 30.1912898149124 115.116995540985 92.2587044017608 14.0802511148485 0.213258988006462 0.264306852046111
52.4000000000005 30.2550142178321 115.08858077334 92.2306466247668 14.1299115785731 0.191772803902814 0.499071719629641
52.5000000000005 30.3187838122976 115.060663987046 92.2019902155544 14.1795706606463 0.168699651654419 0.80029663985599
52.6000000000005 30.3825969401363 115.033204540492 92.1728223504433 14.2292428835115 0.145346724812244 1.20434796739937
52.7000000000005 30.4464488024465 115.006162721991 92.1432356129815 14.2789462570287 0.123157390908586 1.74582450446457
52.8000000000005 30.5103322265137 114.979501125084 92.1133239655846 14.3287011007221 0.103740624294566 2.41401727045502
52.9000000000005 30.5742386151519 114.953186023854 92.0831787211729 14.3785288660279 0.0887731551481265 3.04483032625293
53.0000000000005 30.6381589765406 114.927188748227 92.0528845148112 14.4284509585416 0.0795210408422869 3.24844348666633
53.1000000000005 30.7020849365349 114.901487038951 92.0225153191233 14.4784875696854 0.075897247424655 2.84531702110656
53.2000000000005 30.7660095259469 114.8760658739 91.9921315979139 14.5286567532984 0.0762235683325951 2.13062092509602
53.3000000000005 30.8299274760823 114.850916952363 91.9617803490809 14.5789741239503 0.0786477557349666 1.38873410745635
53.4000000000005 30.893835229127 114.826037650671 91.9314962857339 14.6294528001785 0.0818202129573103 0.760869257603698
53.5000000000005 30.9577308338221 114.801429957485 91.9013030610894 14.6801033571444 0.0849469805268269 0.270133513068211
53.6000000000005 31.0216137682315 114.777099409081 91.8712144933659 14.73093377929 0.0876299131777154 -0.103659838570578
53.7000000000005 31.085484716319 114.753054024647 91.8412357906803 14.7819494129946 0.0897006205702055 -0.386240351972041
53.8000000000005 31.1493453166101 114.729303241562 91.8113647759421 14.8331529192309 0.0911027915885538 -0.598238867211592
53.9000000000005 31.2131978942232 114.705856850693 91.7815931117497 14.8845442262222 0.0918172311799411 -0.754635109380684
54.0000000000005 31.2770451819964 114.68272393168 91.7519075252853 14.9361204820986 0.0918157806840272 -0.866671586136571
54.1000000000005 31.3408900337784 114.659911795059 91.7222910371044 14.9878760146498 0.0910823886308014 -0.93376999598899
54.2000000000005 31.4047351680967 114.637425101986 91.6927242911678 15.0398024755871 0.0897337058209478 -0.94578373634029
54.3000000000005 31.468583012783 114.615265434821 91.663187141874 15.0918894531712 0.087848623681625 -0.896585014052453
54.4000000000005 31.5324356004194 114.593431045319 91.6336603423338 15.1441252693496 0.0854137374543135 -0.778182230870633
54.5000000000005 31.5962944727079 114.571916609644 91.6041272365393 15.1964977839894 0.0823343297757763 -0.578577344412395
54.6000000000005 31.6601605854558 114.550712983398 91.574575451533 15.2489951991112 0.0784650621399847 -0.276037175148894
54.7000000000005 31.7240342099677 114.529806956632 91.5449985895765 15.3016068631217 0.0736680114330955 0.171904560457424
54.8000000000005 31.7879148312438 114.509181008875 91.5153979203191 15.3543240750478 0.0679189750226345 0.84663187309628
54.9000000000005 31.8518010499381 114.488813064148 91.485784072967 15.4071408887692 0.0615173398026791 1.88596949587404
55.0000000000005 31.9156905035256 114.468676245989 91.4561787284522 15.460054917252 0.0555156955260166 3.41856295403196
55.1000000000005 31.9795798352839 114.448738644152 91.4266162635892 15.5130681176528 0.0523144881898328 4.89009508721273
55.2000000000005 32.0434648146813 114.428963385099 91.3971441469278 15.5661870790649 0.0547890663122932 5.05506953053864
55.3000000000005 32.1073407412377 114.409309473624 91.3678201658307 15.6194220477393 0.0636651666175077 3.98091375776557
55.4000000000005 32.1712030037259 114.389732938259 91.3387084052473 15.6727854549484 0.077061929562346 2.77840605678528
55.5000000000005 32.2350476740553 114.370187988371 91.3098751784748 15.7262904257198 0.0924609116642281 1.93096230443881
55.6000000000005 32.2988720625608 114.350628171252 91.28138495792 15.7799492875704 0.10777520801921 1.41284683739734
55.7000000000005 32.3626751570925 114.33100752921 91.2532963058607 15.8337720792408 0.121358364492432 1.11832212634921
55.8000000000005 32.4264578720746 114.311281756665 91.2256578052075 15.887765059429 0.131832029972806 0.975823533151007
55.9000000000005 32.4902230485468 114.291409357237 91.198503990265 15.9419292155248 0.13798167063621 0.953945382407287
56.0000000000005 32.5539751724067 114.271352800843 91.1718512774933 15.9962587723439 0.138725926659057 1.05859504526331
56.1000000000005 32.6177198146911 114.251079676399 91.1456939667085 16.0507397317498 0.13350024794761 1.28704864516081
56.2000000000005 32.6814628386552 114.230563730502 91.1200020736765 16.1053492153627 0.123317460150556 1.6359960752845
56.3000000000005 32.7452095670713 114.209785616636 91.0947238116359 16.1600568458739 0.109682320640111 2.16785464264038
56.4000000000005 32.8089641931744 114.18873353036 91.0697899042135 16.2148269314464 0.0943265204976306 2.98127956195529
56.5000000000005 32.8727295056506 114.167403840102 91.0451179687795 16.2696206810044 0.0793852594467879 4.17345946522733
56.6000000000005 32.9365068895671 114.145801717957 91.0206168998027 16.3243984195215 0.0675755807400465 5.60303221359033
56.7000000000005 33.0002965305556 114.123941770483 90.9961912522052 16.3791218033103 0.0617820532215629 6.45932002648462
56.8000000000005 33.0640977305504 114.101848669497 90.9717456247173 16.4337560353112 0.0631462237634623 5.98831586660098
56.9000000000005 33.1279092380603 114.079557782875 90.9471890432323 16.488272080381 0.0696585570445073 4.88768533145306
57.0000000000005 33.1917295041183 114.057115805344 90.9224393441618 16.5426488805824 0.0780343225026231 4.06076169144
57.1000000000005 33.2555567972252 114.034581360626 90.8974275031436 16.5968755341349 0.086180176911272 3.6572951387608
57.2000000000005 33.3193891725464 114.012024858499 90.8721005429387 16.6509525295926 0.0944150826456404 3.41222692058174
57.3000000000005 33.3832244198629 113.989526460513 90.8464208346528 16.7048905817482 0.103671424396006 3.15132045501401
57.4000000000005 33.4470601019153 113.967173300624 90.8203639781461 16.758708522763 0.114607128997495 2.81294373151443
57.5000000000005 33.5108937043366 113.94505667718 90.793916627797 16.8124311569598 0.12737341796765 2.41155757320494
57.6000000000005 33.5747228801546 113.9232692449 90.7670743182652 16.8660871156151 0.141624318185786 1.9903838062116
57.7000000000006 33.6385457456148 113.901902206852 90.739839290255 16.919706711752 0.156661448891044 1.58505207343463
57.8000000000006 33.7023611668928 113.881042506438 90.7122183162791 16.9733197949328 0.171597642775626 1.2114293443422
57.9000000000006 33.7661689694236 113.860770019373 90.6842205264214 17.0269536060514 0.185481245805643 0.868661863469623
58.0000000000006 33.829970003108 113.841154745667 90.6558552341011 17.0806306321261 0.197379023385806 0.545291696798762
58.1000000000006 33.8937660102466 113.822254034615 90.6271297867227 17.1343664890696 0.206543883640179 0.27256403845504
58.2000000000006 33.9575593342834 113.804110668042 90.5980480634044 17.1881685318738 0.212807729330065 0.069489451815727
58.3000000000006 34.0213526365224 113.786753122206 90.5686106152842 17.242036311309 0.216275975245905 -0.0882410770050073
58.4000000000006 34.0851486307025 113.77019668795 90.5388154529029 17.2959627580382 0.217150721069895 -0.215179941920966
58.5000000000006 34.1489498314707 113.754444623867 90.508658858475 17.3499353947081 0.215681617681603 -0.319965052021165
58.6000000000006 34.2127583480357 113.739489309464 90.478136198159 17.4039375480409 0.212135203981457 -0.407481930170932
58.7000000000006 34.2765757445653 113.72531339833 90.4472427343287 17.4579495609257 0.206773541308025 -0.480061078143587
58.8000000000006 34.3404029787208 113.711890971294 90.415974437843 17.5119500045101 0.199837789997483 -0.538120456784564
58.9000000000006 34.4042404214609 113.699188689599 90.3843288003171 17.5659168902912 0.191534758493487 -0.580463706249727
59.0000000000006 34.4680879549242 113.687166948057 90.3523056463931 17.6198288822076 0.182025766918199 -0.604311945786698
59.1000000000006 34.5319451369913 113.675781028203 90.3199079435733 17.6736665027218 0.171428188276201 -0.611586673450274
59.2000000000006 34.5958113275546 113.664982250964 90.2871425486896 17.727413182669 0.159850203552168 -0.603563113844531
59.3000000000006 34.6596856184333 113.654719128131 90.2540207935235 17.7810559145129 0.14737417542382 -0.573157525868192
59.4000000000006 34.723566717346 113.644938513355 90.2205590070621 17.8345857493688 0.13404773952244 -0.508906493164989
59.5000000000006 34.7874528754344 113.635586753125 90.1867790353173 17.8879982880168 0.119887099820413 -0.39084401007352
59.6000000000006 34.8513418563274 113.626610837751 90.152708761144 17.9412941719151 0.104889692225878 -0.180877325220035
59.7000000000006 34.915230943378 113.617959552337 90.1183826240594 17.994479574214 0.0890687466603626 0.201853755357843
59.8000000000006 34.9791169852067 113.609584627765 90.0838421400614 18.0475666907691 0.0725480708940232 0.950784891504824
59.9000000000006 35.0429964842135 113.601441891668 90.0491364214478 18.1005742311547 0.0558558331104435 2.58032406519487
60.0000000000006 35.1068657382688 113.593492419416 90.0143226966346 18.1535279096777 0.040976866382912 6.28578392064955
60.1000000000006 35.170721052507 113.585703665993 89.9794667945367 18.2064609104005 0.0342459088461393 10.207567154434
60.2000000000006 35.2345590467836 113.578050101454 89.9446427075455 18.2594136764126 0.0424890169713963 6.72929751432677
60.3000000000006 35.29837706867 113.570512586186 89.9099298155624 18.3124319837343 0.0603670099258515 3.1413467825744
60.4000000000006 35.362173660567 113.563077249743 89.8754091886297 18.3655643394682 0.0811030659713497 1.54927670328541
60.5000000000006 35.4259489979008 113.55573435058 89.8411598541235 18.418859353961 0.101501302261742 0.840746271744697
60.6000000000006 35.48970520694 113.548477135794 89.8072550639454 18.4723631129652 0.119740024371634 0.495731116686552
60.7000000000006 35.5534464718444 113.541300700857 89.7737585617158 18.5261165498003 0.134414170290962 0.317548538735484
60.8000000000006 35.6171788538606 113.534200849357 89.7407208499656 18.5801528175143 0.144262315199669 0.226834383143497
60.9000000000006 35.6809097715627 113.527172952737 89.7081754573294 18.6344946610458 0.14808521326493 0.190991811128502
61.0000000000006 35.744647129772 113.520210810024 89.6761352057375 18.6891517893849 0.144721876136388 0.201858284709708
61.1000000000006 35.8083981403853 113.51330552199 89.6445885503546 18.7441182963281 0.133479498888206 0.261773036220256
61.2000000000006 35.8721680686955 113.506444740017 89.6134978109232 18.7993713446514 0.115433652038377 0.392069441787241
61.3000000000006 35.9359594073129 113.499612866194 89.5828022043626 18.8548730574226 0.0921220262315591 0.685293271004316
61.4000000000006 35.9997716157161 113.492791628141 89.5524227687724 18.9105736727329 0.0651602144387753 1.49332007660733
61.5000000000006 36.063601360021 113.485960668233 89.5222673601828 18.96641474702 0.0366003114214799 4.99825153519616
61.6000000000006 36.1274431747831 113.479098132834 89.4922356493038 19.0223323583934 0.0144219622770351 32.5609639585481
61.7000000000006 36.1912904211561 113.472181261531 89.4622241182758 19.0782603099575 0.0308261866925046 6.79326214316368
61.8000000000006 36.2551363846611 113.465186976362 89.4321310574188 19.1341333331361 0.0576153360102569 1.6931727816432
61.9000000000006 36.3189753438433 113.458092471047 89.4018615619826 19.1898902909964 0.0822023995309689 0.612118905503528
62.0000000000006 36.3828034476673 113.450875800224 89.3713325288964 19.2454773815734 0.102311979519635 0.177972284295707
62.1000000000006 36.4466192614065 113.443516470527 89.3404775940456 19.3008513045423 0.116665048924599 -0.0501506840423481
62.2000000000006 36.5104238217198 113.435996079944 89.3092505232359 19.3559814749656 0.125398637331907 -0.176789318096334
62.3000000000006 36.5742201615948 113.428299079655 89.277624677907 19.4108498180719 0.129015131766716 -0.258567964453361
62.4000000000006 36.6380126310063 113.420413584145 89.245590934533 19.4654496111083 0.128026873798328 -0.315927964184161
62.5000000000006 36.7018062101265 113.412332183163 89.2131555445505 19.5197842885419 0.122941990538409 -0.355854412681653
62.6000000000006 36.7656058873726 113.404052753689 89.1803379942865 19.5738662472616 0.114255383514134 -0.377768138459425
62.7000000000006 36.8294161483483 113.395579271894 89.147168864886 19.6277156517789 0.102440821994722 -0.373052774556237
62.8000000000006 36.8932406025292 113.386922625104 89.1136876922396 19.6813592394299 0.0879443585821671 -0.317672422235038
62.9000000000006 36.9570817588243 113.378101423763 89.0799408269115 19.7348291255765 0.0711829945559658 -0.145035672503657
63.0000000000006 37.0209409490828 113.369142813396 89.0459792940672 19.7881616088079 0.0525658405381701 0.371445024404374
63.1000000000006 37.0848183878134 113.360083268156 89.0118566678767 19.8413959792906 0.032620285226746 2.20499573383533
63.2000000000006 37.148713291625 113.350968905549 88.9776273222864 19.8945734089748 0.0133123375180607 16.9099760367528
63.3000000000006 37.2126239411076 113.341854585692 88.9433456371852 19.9477360495926 0.0165627071567131 11.2524695703839
63.4000000000006 37.2765477658383 113.332802531749 88.9090655809401 20.0009262125126 0.038480804742897 1.83208283756898
63.5000000000006 37.3404814932965 113.323880931951 88.8748403074062 20.0541855517431 0.0621759428793404 0.506665863180955
63.6000000000006 37.4044213378036 113.315162541615 88.8407217529375 20.1075542469352 0.0862331542920278 0.120390111478702
63.7000000000006 37.468363199164 113.306723285165 88.8067602333972 20.1610701863862 0.110145428286018 -0.0345227803446058
63.8000000000006 37.5323028382076 113.298640858153 88.7730040411682 20.2147681500423 0.13351687429088 -0.108656446266404
63.9000000000006 37.5962359954186 113.290993329275 88.7394990421639 20.2686789925023 0.155977711788043 -0.148979980471837
64.0000000000006 37.6601584192567 113.283857742396 88.7062882728384 20.3228288260204 0.177167769313146 -0.173899251971692
64.1000000000006 37.7240657823498 113.277308719337 88.6734115367874 20.3772382147426 0.196754572825004 -0.187956493426885
64.2000000000006 37.7879537015205 113.271417082728 88.6409049906999 20.4319216610083 0.214486619555402 -0.192999672506825
64.3000000000006 37.8518182400319 113.266248529767 88.6088007032757 20.4868878330466 0.230113990132456 -0.192736605292858
64.4000000000006 37.9156565047056 113.261862326043 88.5771262034937 20.5421400847383 0.243365368468046 -0.189253596240456
64.5000000000006 37.9794670892674 113.258310000125 88.5459040284711 20.5976769866103 0.253949939070139 -0.183772985852573
64.6000000000006 38.0432503489304 113.25563403816 88.5151512713215 20.6534928568311 0.261560581645049 -0.177023379591775
64.7000000000006 38.1070085058576 113.253866578455 88.4848791290139 20.7095782922048 0.265877965629307 -0.169430032781756
64.8000000000006 38.1707455915382 113.253028106079 88.4550924502316 20.7659206991665 0.266575161560979 -0.161212567218538
64.9000000000006 38.2344672399752 113.253126147449 88.4257892832305 20.8225048247772 0.263322346487306 -0.152426619246152
65.0000000000006 38.2981803548921 113.254153964921 88.3969604236981 20.8793132877182 0.255791155295351 -0.1429592715779
65.1000000000006 38.3618926780269 113.256089282296 88.3685889765531 20.9363271075586 0.243820896753877 -0.136735891170398
65.2000000000006 38.4256121497788 113.258893813923 88.3406502802039 20.9935261890984 0.227913112319672 -0.137586392142389
65.3000000000006 38.4893459622136 113.262514833757 88.3131127508985 21.0508896926751 0.208747625932295 -0.145992053907215
65.4000000000006 38.5530997482714 113.266887548013 88.2859390895324 21.1083963595469 0.18701251684167 -0.163857073043497
65.5000000000006 38.616877103031 113.271937498739 88.2590875023989 21.166024835548 0.163396907117489 -0.195327197140944
65.6000000000005 38.6806794185401 113.277582967384 88.2325129219377 21.2237539947434 0.138586474011826 -0.248851100243256
65.7000000000005 38.7445059898601 113.283737378366 88.2061682274847 21.2815632630842 0.113262555887053 -0.342463786718548
65.8000000000005 38.8083543380939 113.290311702644 88.1800054660218 21.3394329420631 0.0881064494302244 -0.519054060605398
65.9000000000005 38.8722206888176 113.297216861283 88.1539770729258 21.3973445323691 0.0638146041292578 -0.899873174179439
66.0000000000005 38.9361005412883 113.304366129026 88.1280370927183 21.4552810575431 0.0411529047267237 -1.9367927255774
66.1000000000005 38.9999892630814 113.311677524453 88.102142389938 21.513227383028 0.0211941462987675 -6.4915636549495
66.2000000000005 39.06388260805 113.319075851473 88.0762536032146 21.5711704154873 0.00934278809323457 -29.5114230544066
66.3000000000005 39.1277770387853 113.32649385576 88.0503354474704 21.6290989981922 0.0187400675869274 -6.25199818903637
66.4000000000005 39.1916698978224 113.333873032514 88.0243567593216 21.6870036866763 0.0315666313827082 -1.72439146340622
66.5000000000005 39.2555594692006 113.34116442082 87.9982905326045 21.7448765197863 0.0424100344604332 -0.608834290209954
66.6000000000005 39.3194449375524 113.348329398005 87.9721139539004 21.802710790732 0.0506171693053625 -0.111248181364154
66.7000000000005 39.3833262542064 113.35534047399 87.9458084380615 21.8605008181368 0.0559488661865847 0.237937518198196
66.8000000000005 39.4472039242102 113.362182085651 87.9193596637359 21.9182417170876 0.058279560608817 0.594563372816823
66.9000000000005 39.5110787330393 113.368851391175 87.8927576088932 21.9759291701857 0.0575856956664597 1.07228664492639
67.0000000000005 39.5749514370148 113.375359064412 87.86599658635 22.0335591985963 0.0540285387259956 1.8372337949884
67.1000000000005 39.6388224489098 113.381730058501 87.8390752735106 22.0911279358572 0.0482960048172 3.07312797831684
67.2000000000005 39.7026916025522 113.388003570334 87.8119965917076 22.148631473384 0.0422960269412136 4.84820263255741
67.3000000000005 39.7665581206548 113.394230976403 87.7847672037562 22.20606588798 0.0391117546206226 6.43842261223578
67.4000000000004 39.8304207422105 113.400472969505 87.7573968611093 22.2634273410427 0.0418450461788487 6.09469605100626
67.5000000000004 39.8942779526898 113.406796664699 87.7298977452268 22.3207121805291 0.0507391553815909 4.32061571634435
67.6000000000004 39.9581282844003 113.413272705267 87.7022838089454 22.37791704292 0.0634688119160256 2.77784220318977
67.7000000000004 40.0219706451403 113.419972368675 87.6745701178486 22.4350389551855 0.077708067295795 1.7990703975223
67.8000000000004 40.0858046270321 113.426964672536 87.6467721916366 22.4920754367493 0.0918194111081602 1.20295371241235
67.9000000000004 40.1496307459328 113.434313480572 87.6189053454954 22.5490246014536 0.10460624981924 0.824971808880852
68.0000000000004 40.2134505651199 113.442074608572 87.5909840314675 22.6058852595241 0.115091262274221 0.568409653531166
68.1000000000004 40.2772666651109 113.450292955808 87.5630211897496 22.6626570207247 0.122525698637767 0.401323633556246
68.2000000000004 40.3410824401129 113.459000298232 87.5350278581352 22.719340428457 0.126707194410944 0.305332254813045
68.3000000000004 40.4049017598106 113.468214761582 87.5070134367444 22.7759371724091 0.12760817100709 0.256629189202538
68.4000000000004 40.4687285682498 113.477940956267 87.4789862108987 22.8324503321499 0.125234057476399 0.24600882392305
68.5000000000004 40.5325664611475 113.48817013771 87.4509538839232 22.8888846219121 0.119611786809217 0.274498709861533
68.6000000000004 40.5964182723634 113.498880366688 87.4229241099494 22.9452466353765 0.110786817306158 0.355018263975826
68.7000000000004 40.6602856988472 113.510036669673 87.3949050267181 23.0015450904553 0.098828700316376 0.522714613589778
68.8000000000004 40.724168992225 113.521591199172 87.3669057883819 23.0577910740758 0.0838549635824954 0.869442117705769
68.9000000000004 40.7880667441778 113.533483394069 87.3389370983081 23.1139982869644 0.066115281947732 1.67241654254658
69.0000000000004 40.8519757919884 113.545640139964 87.311011741881 23.1701832884302 0.0463511716382383 4.00810830751787
69.1000000000004 40.9158912717755 113.557975961261 87.2831451122735 23.2263657325179 0.028104589674763 12.3139925125498
69.2000000000003 40.9798068863417 113.570394038593 87.255355553395 23.2825683797695 0.0270083732938681 14.2209603498411
69.3000000000003 41.043715472626 113.582789321371 87.22766423875 23.3388165393744 0.047444474525431 4.64306973631131
69.4000000000003 41.1076097724149 113.595052465663 87.2000948674739 23.3951372869284 0.0737334417805966 1.80959491205761
69.5000000000003 41.1714832792735 113.60707380383 87.1726733533379 23.4515586735611 0.100760431885955 0.826316238658644
69.6000000000003 41.2353310567932 113.618747314157 87.1454275137521 23.5081089350647 0.12669864280654 0.36999060180736
69.7000000000003 41.2991504227325 113.629974590482 87.1183867587708 23.5648157010215 0.150327717012263 0.101855354831153
69.8000000000003 41.3629414000986 113.640668811826 87.0915817800958 23.621705203932 0.170597111452534 -0.0937118769804271
69.9000000000003 41.4267068516355 113.650758712028 87.065044240081 23.6788014883432 0.186537972399265 -0.269179537517786
70.0000000000003 41.4904522390727 113.660192549375 87.0388064607368 23.7361256199765 0.197260168493966 -0.458604237125743
70.1000000000003 41.5541849845407 113.66894201474 87.0129011061321 23.7936949026152 0.202242850656901 -0.65444433804114
70.2000000000003 41.6179135066889 113.677004540969 86.9873606931548 23.8515222967372 0.202101783299748 -0.842763780399615
70.3000000000003 41.6816462057479 113.684401553894 86.9622166665641 23.9096163502706 0.197764228358813 -1.03859730007405
70.4000000000003 41.7453906154902 113.691175124585 86.9374983024003 23.9679813310943 0.190187716100531 -1.25085905185479
70.5000000000003 41.8091527864391 113.697384560119 86.9132316047934 24.0266173672983 0.18033996626384 -1.48376380079031
70.6000000000003 41.872936920934 113.703102994339 86.8894382027708 24.085520587444 0.169171357078255 -1.73590308051954
70.7000000000003 41.9367452497561 113.708413978627 86.8661342470662 24.144683260824 0.15757217622483 -1.99812947625139
70.8000000000003 42.0005781158953 113.713408072664 86.8433293069276 24.2040939377228 0.146306801668297 -2.25206638587208
70.9000000000002 42.0644342144232 113.718179435196 86.8210252669254 24.2637375896765 0.135922745352081 -2.47252983284612
71.0000000000002 42.1283109282384 113.7228224148 86.7992152237611 24.3235957497334 0.126649208509598 -2.63715480577112
71.1000000000002 42.1922046956777 113.727428170856 86.7778824054997 24.383646656419 0.118447016931191 -2.7949795792859
71.2000000000002 42.2561113131353 113.732082079886 86.7569996738365 24.4438654940356 0.111565317568777 -2.98578677730665
71.3000000000002 42.3200261039264 113.736863135522 86.7365305063744 24.5042248775007 0.106489040382366 -3.16386420366964
71.4000000000002 42.3839440689756 113.741844133842 86.7164305619348 24.5646954335201 0.103752464608275 -3.26069234090273
71.5000000000002 42.4478600786518 113.747091888913 86.6966492682928 24.6252463854655 0.103766992758218 -3.21252333152357
71.6000000000002 42.511769105373 113.752667448333 86.6771314099137 24.6858461382529 0.106651180603777 -3.00052128578365
71.7000000000002 42.5756664881186 113.758626308773 86.6578187156872 24.7464628632198 0.112161660468658 -2.6635304369521
71.8000000000002 42.6395482150416 113.765018631522 86.6386514466642 24.8070650830037 0.119763705690589 -2.2682580413291
71.9000000000002 42.7034112069409 113.771889458026 86.6195699837914 24.8676222564196 0.128774579630411 -1.8712730317542
72.0000000000002 42.7672535824455 113.779278925431 86.6005164156475 24.9281053633381 0.13848864796782 -1.50344057365007
72.1000000000002 42.8310748837496 113.787222476443 86.5814361102334 24.9884874835623 0.148236709972003 -1.20092383845309
72.2000000000002 42.8948762033952 113.795750921316 86.5622788721977 25.0487442196789 0.157427601634958 -0.979863756011518
72.3000000000002 42.9586601289448 113.804890124506 86.542999047704 25.1088537238446 0.165635623215791 -0.823080893614457
72.4000000000002 43.0224305637733 113.814660543462 86.523555214732 25.168796568547 0.172564458948055 -0.716440962376768
72.5000000000002 43.0861924714036 113.825076761726 86.5039098574349 25.2285556113639 0.17800562558488 -0.649838782842485
72.6000000000002 43.1499515549149 113.83614702204 86.4840290404957 25.2881158597231 0.181813561701469 -0.616790382958
72.7000000000001 43.2137138822786 113.847872759445 86.4638820834843 25.3474643356625 0.183892082846691 -0.613850179871403
72.8000000000001 43.2774854695322 113.860248134385 86.4434412352144 25.4065899405891 0.184188778111604 -0.64022183003694
72.9000000000001 43.3412718348766 113.873259565812 86.4226813481 25.4654833200392 0.182695708052688 -0.697647521002001
73.0000000000001 43.4050775380129 113.886885264286 86.4015795525124 25.5241367284381 0.179456326146966 -0.790574542817583
73.1000000000001 43.4689057228197 113.901094781876 86.3801149301185 25.5825438921346 0.174648863570342 -0.913880864559511
73.2000000000001 43.5327577476759 113.91584899876 86.3582681607331 25.6406998275996 0.168792135254398 -1.05661743981268
73.3000000000001 43.5966330558704 113.931101218381 86.3360211019389 25.6986005458039 0.162510473694356 -1.21364925262292
73.4000000000001 43.6605292336633 113.946798699307 86.3133563422213 25.7562427117597 0.156450996758045 -1.37373980307803
73.5000000000001 43.7244421951866 113.962884203879 86.2902567530839 25.8136233023371 0.151259628770383 -1.51771224904912
73.6000000000001 43.7883664789013 113.979297546872 86.2667050411644 25.8707392640807 0.147536241314557 -1.61935269276474
73.7000000000001 43.8522956390782 113.995977144142 86.2426833003502 25.9275871710262 0.145769965265412 -1.65130179346808
73.8000000000001 43.916222713738 114.012861561287 86.2181725638945 25.9841628825166 0.146270882302567 -1.59515961179889
73.9000000000001 43.9801407499032 114.029891062292 86.1931523565318 26.0404612010195 0.149128071867777 -1.44994279358262
74.0000000000001 44.0440433678018 114.047009158193 86.1676002465939 26.0964755299429 0.15421966581377 -1.23219036776388
74.1000000000001 44.1079253443141 114.064164136392 86.141491412458 26.1521975401918 0.161194238618593 -0.995096136458421
74.2000000000001 44.1717831117896 114.081310087394 86.1147985816399 26.2076170639547 0.169361471104029 -0.789235762866983
74.3000000000001 44.2356149871601 114.098406655732 86.0874929158323 26.262722565306 0.178059903750115 -0.624502778345245
74.4 44.2994212200084 114.115418288301 86.0595452685872 26.3175018380385 0.186737132209551 -0.50136621516698
74.5 44.3632039358864 114.132313463361 86.0309274573315 26.3719427122361 0.194924274317586 -0.416306890063912
74.6 44.4269669764509 114.149063919543 86.0016135353824 26.4260337608458 0.202212885950111 -0.364996243651627
74.7 44.4907156338638 114.165643884852 85.9715810639628 26.4797650062502 0.208238984530918 -0.343882611217996
74.8 44.5544562776576 114.182029305673 85.9408123842164 26.5331286268398 0.212674751987895 -0.350951823372776
74.9 44.6181958746284 114.198197075773 85.9092958892237 26.5861196635855 0.215227291276346 -0.386189849983372
75 44.6819414062002 114.214124265305 85.8770272960164 26.6387367266107 0.21564409805646 -0.452079581553702
75.1 44.7456991951626 114.229787353215 85.8440108890142 26.6909826852983 0.213873171584106 -0.53857925071495
75.2 44.809474224328 114.245161548059 85.8102600203899 26.7428649302868 0.210503221379603 -0.63120759859574
75.3 44.8732696497255 114.260220333261 85.775795724181 26.7943945487281 0.206293619496969 -0.725912326949897
75.4 44.937086547331 114.274935100783 85.7406445873308 26.8455850714338 0.202013117716559 -0.815072487442449
75.5 45.0009238604884 114.289274788199 85.7048365921505 26.8964512035567 0.198422294432013 -0.887136327457199
75.6 45.0647785354131 114.303205515761 85.6684029587807 26.9470075552725 0.196246726369178 -0.927614688275154
75.7 45.1286458296155 114.316690223477 85.6313739876532 26.9972673724605 0.19614287391804 -0.922130742655495
75.8 45.1925197776152 114.32968830818 85.5937769019525 27.0472412673853 0.198665184443697 -0.861114868364114
75.9 45.2563938015455 114.342155260597 85.555633690078 27.0969359493782 0.204248471371527 -0.744069435378198
76 45.3202614610133 114.354042302425 85.5169589481053 27.1463529555181 0.2132180171463 -0.580780298870133
76.1 45.3841173393815 114.365296039817 85.4777577575176 27.1954873961211 0.225645319911835 -0.405127027137604
76.1999999999999 45.4479578834619 114.375858543718 85.4380244799422 27.244327085237 0.240872846120685 -0.250441753892875
76.2999999999999 45.5117818018398 114.385668513728 85.3977438796695 27.2928526484711 0.258127739497292 -0.123705083562709
76.3999999999999 45.5755901797162 114.394662868815 85.3568931631781 27.3410380158136 0.276700441800155 -0.0244453293133991
76.4999999999999 45.6393864527922 114.402778354443 85.3154440539288 27.388850929277 0.295927138985368 0.0513164243055936
76.5999999999999 45.7031762220947 114.409953149697 85.2733648671581 27.4362534505331 0.315175978462275 0.10859077336065
76.6999999999999 45.7669668768979 114.416128474417 85.2306225846731 27.4832024685506 0.333840426386285 0.152197698993209
76.7999999999999 45.830766989266 114.421250196319 85.187184929645 27.5296502072318 0.351339900316734 0.18631633095993
76.8999999999999 45.8945854443711 114.425270438128 85.1430224414033 27.5755447330503 0.367126627306016 0.21443184307853
76.9999999999999 45.9584302754809 114.428149184706 85.0981105502301 27.6208304626879 0.380697495700778 0.239458959968286
77.0999999999999 46.0223071981746 114.429855864373 85.0524316279378 27.6654486714771 0.391758968484764 0.260759150685802
77.1999999999999 46.0862182859553 114.430370259381 85.0059764088289 27.7093380227669 0.400660104774689 0.276226984444986
77.2999999999999 46.1501616567783 114.429681713426 84.9587438123949 27.7524351504062 0.407892858140377 0.285909674718822
77.3999999999999 46.2141317072439 114.427787668309 84.9107401363953 27.7946752621508 0.413924180185299 0.289536405341212
77.4999999999999 46.2781195209944 114.424692174793 84.8619782257227 27.835992743875 0.41918479255742 0.286661789242962
77.5999999999999 46.3421134401863 114.420404403461 84.8124766412662 27.876321763784 0.424059168712098 0.276779933634284
77.6999999999999 46.4060997979479 114.414937155569 84.7622588287756 27.915596876626 0.428877061722112 0.259420561459151
77.7999999999999 46.4700638043715 114.408305373907 84.7113522877254 27.9537536279035 0.433907026002958 0.234227743427365
77.8999999999998 46.5339905750051 114.400524653652 84.6597877401791 27.9907291580863 0.439352425564638 0.201017033212417
77.9999999999998 46.5978662887314 114.391609753227 84.6075982996526 28.0264628068224 0.445350384971222 0.159807084650306
78.0999999999998 46.6616794570006 114.381573131532 84.5548186445461 28.0608967243506 0.451863021478554 0.118547646207368
78.1999999999998 46.7254221690703 114.370424170856 84.5014843103228 28.0939766701003 0.458361563980048 0.085203713468936
78.2999999999998 46.7890909826707 114.358170140391 84.4476312831255 28.1256532864654 0.464186152578889 0.0596935143474849
78.3999999999998 46.8526874250147 114.344817845431 84.3932957121404 28.1558835597663 0.468666273487067 0.0417271609130675
78.4999999999998 46.9162181525117 114.330375302941 84.3385136265287 28.1846322884118 0.471128918765895 0.0309891956683868
78.5999999999998 46.9796947602332 114.314853417126 84.2833206523576 28.2118735510613 0.470908660848124 0.0272953891831697
78.6999999999998 47.0431332366918 114.298267655007 84.2277517295321 28.2375921747864 0.467359259981524 0.0307444664105465
78.7999999999998 47.1065530717353 114.280639721986 84.171840828726 28.261785203233 0.459865882409252 0.041900915301452
78.8999999999998 47.1699760416509 114.261999237421 84.1156206683135 28.2844633647832 0.447856590766693 0.0620698864218501
78.9999999999998 47.2334247152446 114.242385410196 84.0591224313003 28.3056525407173 0.430811639459539 0.0937784173881884
79.0999999999998 47.296920741921 114.221848679164 84.0023754849592 28.3253951890492 0.408543852295516 0.135593058844975
79.1999999999998 47.3604829346558 114.200451440342 83.9454071707668 28.3437506158804 0.382018586843986 0.185473474867649
79.2999999999998 47.4241253863123 114.178266455847 83.8882427728001 28.3607923212212 0.352506857937744 0.246802352979358
79.3999999999998 47.4878562279685 114.155374349574 83.830905556434 28.3766041923305 0.321284898442147 0.323464083488959
79.4999999999998 47.55167716115 114.131861067754 83.7734168097434 28.3912766527292 0.28961862565217 0.41948147314499
79.5999999999998 47.6155836570721 114.107815339511 83.7157958849048 28.4049028112131 0.258759063608307 0.53768857811831
79.6999999999997 47.679565687867 114.083326137416 83.6580602395984 28.4175746108668 0.229944741927028 0.676411028943637
79.7999999999997 47.743608848092 114.058480138047 83.6002254784099 28.4293789780762 0.204401077780228 0.822899535007301
79.8999999999997 47.8076957315997 114.033359182541 83.5423053942323 28.4403939715426 0.183318765213199 0.944044206670072
79.9999999999997 47.8718074473962 114.008037737155 83.4843120096676 28.4506849312955 0.167790474181409 0.98192106637101
80.0999999999997 47.9359251827332 113.982580382619 83.4262556207217 28.4603006885404 0.15839946611949 0.90266593730246
80.1999999999997 48.0000316349489 113.957040052366 83.3681449001099 28.4692713571994 0.154275763469764 0.735378274394862
80.2999999999997 48.0641119876659 113.931458171705 83.3099871518822 28.477610140519 0.154175633508916 0.521077241213284
80.3999999999997 48.1281544915907 113.905865545873 83.2517886256603 28.4853167193708 0.156906521156254 0.302249900176858
80.4999999999997 48.1921507955213 113.880283276882 83.1935548331671 28.4923807013866 0.161386103821842 0.106682770392137
80.5999999999997 48.2560960762516 113.854723680366 83.1352908647556 28.4987850700932 0.166644987855569 -0.054902344839339
80.6999999999997 48.3199889874215 113.829191202427 83.0770017059385 28.5045096340482 0.171797241306308 -0.183829793829264
80.7999999999997 48.3838314299697 113.803683336488 83.0186925539177 28.5095344759742 0.176006084265369 -0.287884829827334
80.8999999999997 48.4476281369494 113.778191540137 82.9603691341136 28.5138434018945 0.178459367238643 -0.377919515395125
80.9999999999997 48.511386063052 113.752702151975 82.9020380166943 28.5174273902679 0.178358528786323 -0.466962229547421
81.0999999999997 48.5751135776718 113.727197309834 82.8437069265931 28.5202879976452 0.175133185646937 -0.562926726791674
81.1999999999997 48.6388195707325 113.701655904499 82.7853848842171 28.5224396338801 0.16908325451448 -0.666460117883686
81.2999999999997 48.7025127460776 113.676054623598 82.7270819163704 28.5239089677472 0.160730070061369 -0.781348898966245
81.3999999999997 48.7662011176936 113.650369030991 82.6688085978681 28.5247332021145 0.150595168733036 -0.910665807881982
81.4999999999996 48.8298916545577 113.624574647539 82.6105755866395 28.5249583056378 0.13919124688494 -1.05655599339117
81.5999999999996 48.8935900641659 113.598648031862 82.5523931588294 28.5246372444538 0.127009996191706 -1.21952372149897
81.6999999999996 48.957300698712 113.572567861105 82.4942707439013 28.5238282138749 0.114505044171042 -1.39714787190445
81.7999999999996 49.0210265614451 113.546316011699 82.4362164597395 28.5225928700822 0.102067665032506 -1.58228907765999
81.8999999999996 49.0847693869499 113.519878640123 82.3782366477514 28.5209945618202 0.089993221727821 -1.76129986655575
81.9999999999996 49.1485297679324 113.493247263669 82.3203354079698 28.5190965620902 0.0784386873393277 -1.91349203889371
82.0999999999996 49.2123073033137 113.466419824436 82.2625141407471 28.5169603083011 0.0674167136983698 -2.07793503089696
82.1999999999996 49.276100766495 113.439401317337 82.204771259829 28.5146438623005 0.0569725643740855 -2.3299193059877
82.2999999999996 49.3399083186576 113.412203311387 82.1471023404695 28.5122009285623 0.0472155360496632 -2.71102843975948
82.3999999999996 49.4037277389065 113.384843035002 82.0895004389267 28.5096800922537 0.0383026459867549 -3.28662681827837
82.4999999999996 49.4675566510781 113.35734244453 82.0319564185488 28.5071240657605 0.0304469025440607 -4.15291348482327
82.5999999999996 49.5313927436543 113.329727292782 81.9744592758611 28.504568935211 0.0239370076420442 -5.40926281381172
82.6999999999996 49.5952339796297 113.302026197569 81.916996466653 28.5020434070006 0.0191560290904613 -6.97844724845908
82.7999999999996 49.6590787936332 113.274269710225 81.8595542320643 28.4995680543166 0.0165133885433059 -8.22395720327391
82.8999999999996 49.7229262748759 113.246489384146 81.8021179246721 28.4971545636622 0.0161660629873042 -8.31114847391387
82.9999999999996 49.7867763366 113.218716843319 81.7446723345777 28.4948049813815 0.0178573275757189 -7.50894679657758
83.0999999999996 49.850629870392 113.190982841687 81.6872020243347 28.4925109953808 0.0213604745897133 -6.15364819491119
83.1999999999995 49.9144887618813 113.16331608416 81.6296918937678 28.490254131985 0.0263914792836343 -4.58838432778452
83.2999999999995 49.978355566959 113.135741442583 81.5721283283568 28.4880082758237 0.0319910383845075 -3.41372374285208
83.3999999999995 50.0422330513083 113.108277933345 81.5145005775105 28.4857431048523 0.036977816825984 -2.70448182098979
83.4999999999995 50.1061237005309 113.080936685828 81.4568021416825 28.48342756057 0.0402226330735481 -2.39036800956464
83.5999999999995 50.1700291816248 113.053718910853 81.399032159487 28.4810333182375 0.0407197056998341 -2.48563620165334
83.6999999999995 50.2339497418866 113.026613869121 81.3411967948145 28.4785382570953 0.0376907791442391 -3.26708858407056
83.7999999999995 50.2978835516076 112.999596839665 81.2833106239477 28.4759299305817 0.031049898807965 -5.87948079586327
83.8999999999995 50.3618260268441 112.972627088292 81.2253980226774 28.4732090365509 0.0239087964135622 -13.1322580881295
83.9999999999995 50.4257692080408 112.945645836027 81.1674945534179 28.4703928874907 0.0295155162335666 -12.0823103997826
84.0999999999995 50.4897013294941 112.918574285414 81.1096483180103 28.4675188050185 0.0542768108382634 -4.86090529212119
84.1999999999995 50.5536070058619 112.891313150853 81.0519204183882 28.4646455455956 0.0899970133754978 -2.19885912277537
84.2999999999995 50.6174685825123 112.863746006935 80.9943831525893 28.4618497285668 0.132014296602287 -1.16906058438447
84.3999999999995 50.6812682232943 112.835744140816 80.9371173186297 28.4592202954186 0.177733304671379 -0.675652078177591
84.4999999999995 50.7449903087644 112.807171462447 80.8802094840658 28.4568528933149 0.225045470606686 -0.394559007748562
84.5999999999995 50.8086238716938 112.7778894148 80.8237492555558 28.4548442586333 0.271952025322435 -0.209419085619511
84.6999999999995 50.8721647528524 112.747761884097 80.7678265484211 28.4532866005004 0.316455123553965 -0.0698403336793387
84.7999999999995 50.9356171361968 112.716660110036 80.7125288562082 28.4522619843283 0.356531571871604 0.0503675240214384
84.8999999999995 50.9989941319631 112.68446759602 80.6579385202502 28.4518367153501 0.390153426476951 0.168177832908367
84.9999999999994 51.062317124007 112.651085019384 80.6041299992284 28.4520557221561 0.415348676556898 0.298207589171487
85.0999999999994 51.1256136962043 112.616435076429 80.5511671744584 28.4529370265718 0.430805100770913 0.428638664448819
85.1999999999994 51.188914343066 112.580465632443 80.4991015840085 28.4544684584389 0.437440492705634 0.545410403218104
85.2999999999994 51.2522490122979 112.543148569004 80.4479730146248 28.4566100689942 0.436815806657473 0.655305790778312
85.3999999999994 51.3156442002072 112.504476936262 80.397811022489 28.4592987891512 0.430570677216999 0.760040595254414
85.4999999999994 51.3791207843913 112.464462040034 80.3486364896999 28.4624531741243 0.420362219491678 0.857380277798619
85.5999999999994 51.4426926881582 112.423130528898 80.3004631807561 28.4659781480525 0.407794269078789 0.941321416375248
85.6999999999994 51.5063663790527 112.380521481286 80.2532992990372 28.4697697486235 0.394339091349647 1.00218994623732
85.7999999999994 51.5701411297958 112.336683492575 80.2071490432864 28.4737198716976 0.381254970746419 1.02733264472899
85.8999999999994 51.6340099198872 112.291671762185 80.1620141640924 28.4777210159317 0.369508228154173 1.00285643702814
85.9999999999994 51.6979608294727 112.245545180669 80.1178955203709 28.4816710274032 0.359716923628546 0.916277259230411
86.0999999999994 51.7619787650409 112.198363441543 80.0747946153304 28.4854778045298 0.352017301348504 0.78796735977742
86.1999999999994 51.8260471898224 112.150184796242 80.0327145989956 28.4890629706753 0.345842607629226 0.648916563684128
86.2999999999994 51.8901493555345 112.101065441641 79.9916599166125 28.4923629262683 0.340523071132582 0.504017267159034
86.3999999999994 51.9542691339482 112.051059550688 79.9516354236126 28.4953288686066 0.33545815878463 0.356155370232447
86.4999999999994 52.0183916188046 112.000219327793 79.9126454800591 28.497926771958 0.330127879242911 0.206135590599235
86.5999999999994 52.082503541601 111.9485950642 79.8746930450945 28.5001373676604 0.324097708698617 0.0527958508349475
86.6999999999993 52.1465935373275 111.896235193369 79.8377787713869 28.5019561242227 0.317021235035938 -0.106880679346316
86.7999999999993 52.2106522957138 111.843186346354 79.8019000995777 28.5033932274249 0.308644378871696 -0.277778700355662
86.8999999999993 52.2746726338233 111.789493407184 79.7670503527276 28.5044735604185 0.298814941713148 -0.466842731541596
86.9999999999993 52.3386495268967 111.735199568237 79.7332178307641 28.5052366838274 0.287501708896372 -0.683419903329802
87.0999999999993 52.402580128416 111.680346386824 79.7003849175817 28.5057367952835 0.274897656095888 -0.923680288032854
87.1999999999993 52.4664636356886 111.624973872945 79.668527517122 28.5060421542891 0.261641096956582 -1.17676638884291
87.2999999999993 52.5303007874804 111.569120656201 79.6376153245606 28.5062331498301 0.248558557759881 -1.43840936042355
87.3999999999993 52.5940933769546 111.512824183889 79.6076124264738 28.5063998333153 0.236543882728723 -1.69524374621581
87.4999999999993 52.6578439639848 111.45612092029 79.5784779136587 28.5066394309512 0.226479896196484 -1.92333837694672
87.5999999999993 52.7215557559717 111.399046545968 79.5501664939533 28.5070538561171 0.219118782195263 -2.09146324323659
87.6999999999993 52.7852326065386 111.341636157057 79.5226291050566 28.5077472217397 0.214934460840804 -2.17135373915271
87.7999999999993 52.8488790731901 111.283924464553 79.4958135273488 28.5088233526684 0.213994268322071 -2.15121043476919
87.8999999999993 52.9125004703526 111.225945993611 79.4696649967114 28.51038329805 0.215911868819025 -2.04258842966479
87.9999999999993 52.9761028532497 111.167735282832 79.4441268173471 28.5125228437036 0.219909219691129 -1.87458482896588
88.0999999999993 53.0396928742553 111.109327074899 79.4191409886923 28.5153300458565 0.225086257800525 -1.67826713090722
88.1999999999993 53.1032775525582 111.050756282008 79.3946491987206 28.518883320266 0.230952777851249 -1.46527821175518
88.2999999999993 53.1668641382593 110.992057379663 79.3705947473188 28.5232509411655 0.237095589838122 -1.24023994223741
88.3999999999993 53.2304600135451 110.933263575265 79.346924836054 28.5284910955971 0.243080140031141 -1.00605962590533
88.4999999999992 53.2940725493496 110.874405968048 79.3235928720335 28.5346519591046 0.248486792418297 -0.763203457252646
88.5999999999992 53.3577089016179 110.815512709014 79.3005607717639 28.5417717714267 0.252950041407711 -0.509488335329472
88.6999999999992 53.4213757428469 110.756608160861 79.2778012650109 28.5498789121903 0.256202484530431 -0.240231443192884
88.7999999999992 53.4850789364202 110.697712057921 79.2553001986584 28.5589919766035 0.258128082662059 0.0512540168804195
88.8999999999992 53.5488231763004 110.638838666093 79.2330588405683 28.5691198511491 0.25883114284259 0.372499487450645
88.9999999999992 53.6126116327902 110.579995942771 79.2110961834398 28.5802617892772 0.258727638757239 0.729233408125546
89.0999999999992 53.6764456640332 110.521184725615 79.1894511897093 28.5924075098289 0.258664942977885 1.05816776783173
89.1999999999992 53.7403246237323 110.462398670925 79.1681835035063 28.6055378864372 0.259843062802822 1.28423884886282
89.2999999999992 53.8042457729177 110.403626094893 79.1473702712871 28.6196271371015 0.263342445448008 1.39083380416846
89.3999999999992 53.8682044173419 110.344852564456 79.1271014295251 28.6346456047413 0.269810748940005 1.37216097910224
89.4999999999992 53.9321942675504 110.286063516997 79.1074749334404 28.6505625604791 0.279311769168326 1.2410411265873
89.5999999999992 53.9962079167401 110.227246880029 79.0885919857308 28.6673490069229 0.291344133003835 1.02458161661561
89.6999999999992 54.0602373074114 110.168395690894 79.0705522653014 28.6849804814493 0.305002758420446 0.752264393073847
89.7999999999992 54.124274056241 110.109510716451 79.0534491559951 28.7034398594867 0.319206138448711 0.44577184641754
89.8999999999992 54.1883095249679 110.050603072769 79.0373649753231 28.7227201577978 0.332924255024661 0.115154749002212
89.9999999999992 54.2523345633728 109.991696844819 79.0223662031946 28.7428273377626 0.345387981862934 -0.239857867003023
90.0999999999992 54.3163389233498 109.932831656491 79.0084987718461 28.7637830540941 0.356356702351438 -0.565957561175504
90.1999999999992 54.3803107797559 109.874063948977 78.9957849469231 28.7856259847906 0.36632924598548 -0.816154836594802
90.2999999999991 54.4442371449447 109.815464980414 78.9842242476471 28.8084095596173 0.376037401419861 -0.999697284257193
90.3999999999991 54.5081047930179 109.757117533898 78.9737959581356 28.8321982698248 0.386131447081269 -1.12144661929432
90.4999999999991 54.571901378044 109.699112575819 78.9644616999211 28.8570639233002 0.397012624198883 -1.18583392761798
90.5999999999991 54.6356166902667 109.641545914195 78.9561680044691 28.8830818997182 0.408728073735584 -1.1992887178039
90.6999999999991 54.6992439531247 109.584514857012 78.9488488856974 28.9103274056924 0.420927997150049 -1.17074950637711
90.7999999999991 54.7627810241491 109.528114870556 78.9424284124942 28.9388717299261 0.432879193955284 -1.11062992033347
90.8999999999991 54.8262313389314 109.47243623775 78.9368232812371 28.9687784983638 0.443520529189651 -1.02915085849381
90.9999999999991 54.8896044303152 109.417560716489 78.9319453883116 29.000099929342 0.451542005956248 -0.934898469661973
91.0999999999991 54.9529158589485 109.363558234395 78.9277043909068 29.0328731327917 0.455724466618256 -0.848340031433408
91.1999999999991 55.0161862887532 109.310484530428 78.9240099630195 29.0671175547811 0.455844347567468 -0.780733966783338
91.2999999999991 55.0794396886269 109.258381200053 78.9207732777544 29.1028353294591 0.452048535837243 -0.726339141132485
91.3999999999991 55.1427013874648 109.207276687278 78.9179081848324 29.1400127763376 0.444586849262668 -0.68061823156299
91.4999999999991 55.2059963149041 109.157187313095 78.915332376377 29.1786219416269 0.433782097403931 -0.639743459270414
91.5999999999991 55.2693474882015 109.108118303931 78.9129685526991 29.2186221395697 0.420003928673064 -0.600200927330685
91.6999999999991 55.3327747779649 109.060064820095 78.9107455880831 29.2599614937762 0.40364579771914 -0.558441784146238
91.7999999999991 55.3962939679888 109.013012984222 78.9085996965725 29.3025784785582 0.385105455677344 -0.510528999054134
91.8999999999991 55.4599161093052 108.966940909726 78.9064755977556 29.3464034602639 0.364769935576776 -0.451723577274459
91.999999999999 55.5236471565853 108.921819729243 78.9043276825509 29.3913602386128 0.343006423396535 -0.37593934983301
92.099999999999 55.5874878639109 108.8776146328 78.9021211572007 29.43736759244 0.320215794053838 -0.290478612101919
92.199999999999 55.6514338525277 108.834286158681 78.8998326206591 29.484340940109 0.297021156784208 -0.205151184056201
92.299999999999 55.7154757661604 108.791792125765 78.8974492036778 29.5321942910032 0.274132476940343 -0.116527482419605
92.399999999999 55.7795996538771 108.750089818563 78.8949671412853 29.5808423116846 0.252287817010502 -0.0220935155747493
92.499999999999 55.8437876161343 108.709138181974 78.8923903234756 29.6302023964637 0.232249226080284 0.0786202957917009
92.599999999999 55.908018665035 108.668900016043 78.8897288458957 29.6801967379681 0.214798976068849 0.182135002155383
92.699999999999 55.9722697489022 108.629344170716 78.8869975605333 29.7307543977124 0.200729062680496 0.278760173358285
92.799999999999 56.0365168992683 108.590447740598 78.8842146264049 29.7818133766673 0.190817250169243 0.351708272760623
92.899999999999 56.1007364718387 108.552198259711 78.8814000602434 29.833322685829 0.185790215369351 0.380572180079669
92.999999999999 56.1649064716613 108.514595896248 78.8785742871862 29.8852444167885 0.186290413934357 0.350499351662328
93.099999999999 56.2290079690745 108.477655598451 78.8757567054513 29.937555769308 0.192568850765276 0.28068787700215
93.199999999999 56.2930264368255 108.441407969635 78.8729646147167 29.9902499610921 0.203626824897944 0.206367884650483
93.299999999999 56.3569525887384 108.405896917198 78.8702130677449 30.0433343000489 0.218204884595521 0.141562778698686
93.399999999999 56.4207828547046 108.37117603077 78.8675150857108 30.0968271387461 0.235084918544046 0.0920678110018704
93.499999999999 56.4845196382669 108.337304911488 78.8648818875173 30.150754785874 0.253064612519113 0.058184339927293
93.599999999999 56.5481713248239 108.304345501274 78.8623231191117 30.205148417708 0.270936712187649 0.0378111977194508
93.699999999999 56.6117519749885 108.272358412102 78.8598470828016 30.2600409895723 0.287481020617231 0.0284237977216564
93.7999999999989 56.6752806248604 108.241399255281 78.8574609665712 30.3154641473026 0.301469392739589 0.0280264689453064
93.8999999999989 56.7387801167739 108.21151497072 78.8551710733969 30.3714451387089 0.311680844754571 0.0355478258680869
93.9999999999989 56.802275400706 108.182740156211 78.852983050564 30.4280037250388 0.316922816379695 0.0510818018076656
94.0999999999989 56.8657912903136 108.155093451679 78.8509021225174 30.4851491334254 0.316388982146257 0.0747050234473175
94.1999999999989 56.9293500509179 108.128575353052 78.8489334156242 30.5428780749357 0.310670516410449 0.106961630902216
94.2999999999989 56.9929697122588 108.103169655105 78.8470825162503 30.6011754676085 0.300730693074883 0.150235024905369
94.3999999999989 57.0566630370478 108.07884632392 78.845356120748 30.6600162250929 0.287554577384226 0.207603849044913
94.4999999999989 57.1204369392037 108.055564424325 78.8437626889786 30.7193670862716 0.27213943389291 0.282745616866333
94.5999999999989 57.1842923429495 108.033275047331 78.8423130978357 30.7791884448842 0.255491383759965 0.379498451240312
94.6999999999989 57.2482244578589 108.011924237571 78.8410212947678 30.8394361791506 0.238628891074357 0.500682976652209
94.7999999999989 57.3122234265528 107.991455920743 78.8399049513009 30.9000634813944 0.222590828833083 0.645614859951156
94.8999999999989 57.3762752921861 107.971814831045 78.8389861165619 30.9610226876662 0.208442162276385 0.805912816867812
94.9999999999989 57.4403632314035 107.952949438617 78.8382918708008 31.0222671073671 0.197263924162422 0.96055443799728
95.0999999999989 57.5044689983795 107.934814842388 78.8378549580164 31.0837528364951 0.189902176882859 1.0693932195905
95.1999999999989 57.5685743826886 107.917374763539 78.8377138752405 31.1454401450994 0.186262203145192 1.10644139664994
95.2999999999989 57.6326623088209 107.900601255924 78.8379115825737 31.2072937838769 0.185872693807958 1.07253064609658
95.3999999999989 57.6967176673854 107.884473517094 78.8384936698812 31.2692828649753 0.188099308830511 0.982119954900281
95.4999999999988 57.7607279998238 107.868976664745 78.8395065025897 31.3313807264205 0.192191815675017 0.856041249086283
95.5999999999988 57.8246840408348 107.854100513157 78.8409953674852 31.3935647965433 0.197344519975077 0.713749404063075
95.6999999999988 57.8885801109005 107.839838349633 78.8430026185108 31.4558164584069 0.202746428115275 0.568967564923199
95.7999999999988 57.9524143475925 107.826185710942 78.845565822564 31.5181209142332 0.207612079923255 0.428919099329343
95.8999999999988 58.0161887636451 107.81313915976 78.8487159052942 31.5804670498303 0.211195947281853 0.295407872382805
95.9999999999988 58.0799091222863 107.80069506111 78.8524752969006 31.6428472990195 0.212797651253511 0.166129914235743
96.0999999999988 58.1435846212156 107.788848367106 78.8568561133051 31.7052575021333 0.211918612845787 0.0565140523774078
96.1999999999988 58.2072272806073 107.777591617585 78.8618592570904 31.7676966103663 0.208730068359886 -0.0186286117848097
96.2999999999988 58.270850953302 107.766914488755 78.8674758532259 31.8301659988294 0.203602575789881 -0.0616124004260201
96.3999999999988 58.3344702897257 107.75680355773 78.8736896045588 31.8926686254556 0.196927872051656 -0.0708711230004723
96.4999999999988 58.3980998166466 107.747242075371 78.8804791826804 31.9552081839783 0.189101892090866 -0.041536386961336
96.5999999999988 58.4617531379284 107.738209739122 78.8878206187923 32.0177882569082 0.180517757382677 0.0342092065904095
96.6999999999988 58.5254422529688 107.729682465852 78.8956896945732 32.0804114685118 0.171571796653535 0.166635155593194
96.7999999999988 58.589176984658 107.721632164691 78.9040643330454 32.1430786377886 0.16268815112364 0.367167450570457
96.8999999999988 58.6529645083205 107.714026509869 78.9129269894409 32.2057879314486 0.154368852558582 0.644932947714128
96.9999999999988 58.716808976312 107.706828713557 78.922267042068 32.2685340168906 0.147273662528509 0.998681584431702
97.0999999999988 58.7807112423124 107.699997322127 78.9320831562768 32.3313072244951 0.142274576835031 1.34465089949754
97.1999999999988 58.844668757526 107.693486621384 78.9423849489939 32.3940929521325 0.140257547178058 1.56730378906889
97.2999999999987 58.9086757386279 107.687248587661 78.9531928777811 32.4568716845215 0.141926310851639 1.61401575629367
97.3999999999987 58.9727234887973 107.681235447879 78.9645374304633 32.5196192548025 0.147616798599168 1.4779979769375
97.4999999999987 59.0368007917674 107.675402263037 78.9764582878559 32.582307115426 0.15722729476933 1.20575253234738
97.5999999999987 59.1008943581187 107.669709511695 78.9890034864912 32.6449026090417 0.170328892783779 0.866246359798714
97.6999999999987 59.1649893055799 107.664125673464 79.002228581346 32.7073692393873 0.186366994318536 0.516154016661197
97.7999999999987 59.2290696590204 107.658629812487 79.0161958085683 32.7696669421772 0.204838951543413 0.18736957219946
97.8999999999987 59.2931188636406 107.653214160932 79.0309732482043 32.8317523559917 0.225401867751266 -0.107912114643582
97.9999999999987 59.3571203165966 107.647886702474 79.0466339869256 32.8935790931655 0.247923132621251 -0.36790241651794
98.0999999999987 59.4210579465636 107.642673702327 79.0632552634955 32.9550980196878 0.272368276037425 -0.553925648474458
98.1999999999987 59.4849170814418 107.637620847489 79.0809171654605 33.016257769396 0.298319216782474 -0.650340530400591
98.2999999999987 59.5486858851327 107.632790859049 79.0997001866452 33.0770058529131 0.32515824881057 -0.687304765879211
98.3999999999987 59.6123568836546 107.628259714699 79.1196823358716 33.1372900008788 0.352117316179562 -0.687227496929056
98.4999999999987 59.6759282582107 107.624112817806 79.1409362284185 33.1970595161915 0.378266258390885 -0.66592071258815
98.5999999999987 59.7394047790965 107.620441166468 79.1635261774801 33.256266626251 0.402529769671892 -0.634107911354201
98.6999999999987 59.8027982481856 107.617337522579 79.1875052856259 33.3148678352002 0.423719167846696 -0.598879819244524
98.7999999999987 59.8661273180355 107.614892580895 79.2129125362591 33.3728252761674 0.440572832222616 -0.564938599938936
98.8999999999987 59.9294165731954 107.613191138093 79.239769885076 33.430108063509 0.451802148790142 -0.535611523661268
98.9999999999987 59.9926947953542 107.612308261838 79.2680793515254 33.486693645051 0.456139605534294 -0.513709984304385
99.0999999999986 60.0559923947978 107.612305502752 79.297820170532 33.5425691295905 0.452771194796877 -0.503956156938878
99.1999999999986 60.1193382851749 107.613228221995 79.3289475111064 33.5977319711202 0.442521246345246 -0.505683404573089
99.2999999999986 60.1827570996233 107.615105750774 79.3613951724334 33.6521890201234 0.426663422673422 -0.514681918637268
99.3999999999986 60.2462672204671 107.617952665466 79.3950798468461 33.7059549315919 0.406487685132669 -0.527088272124059
99.4999999999986 60.3098796368299 107.621770105645 79.4299054430647 33.7590505483037 0.383256894300831 -0.538427051053109
99.5999999999986 60.3735976085273 107.626547092109 79.4657674094358 33.8115012840998 0.35816951471034 -0.542678571505352
99.6999999999986 60.437417066849 107.632261844908 79.502557057171 33.8633355071619 0.332330025719797 -0.531270330660691
99.7999999999986 60.5013276490805 107.638883101372 79.540165883586 33.9145829232889 0.306727778335346 -0.492045696191915
99.8999999999986 60.5653142472292 107.64637143414 79.5784898953392 33.965272959175 0.282226467911255 -0.408501182953032
99.9999999999986 60.6293589503817 107.654680569189 79.6174339316711 34.015433145686 0.259571278721251 -0.259974857996001
100.099999999999 60.6934432548266 107.663758707783 79.6569159275178 34.0650875259541 0.2392438675066 -0.0730279798469854
100.199999999999 60.7575500067655 107.673549950553 79.6968696133687 34.1142557087159 0.221019091245501 0.102719768966638
100.299999999999 60.8216642057172 107.683995980778 79.7372432468604 34.1629535595764 0.204600032701475 0.253793421322957
100.399999999999 60.8857732173939 107.69503784979 79.7779967811142 34.2111945375175 0.189757249931336 0.364309216313289
100.499999999999 60.949866835176 107.706617766305 79.8190989729483 34.2589910562228 0.176266786695484 0.415975087275138
100.599999999999 61.01393723129 107.71868088575 79.8605244910907 34.306355845403 0.163859140115708 0.388283455735458
100.699999999999 61.0779788081997 107.731177099599 79.9022510243914 34.3533033121209 0.152195188199495 0.257707610145887
100.799999999999 61.1419879543318 107.744062824698 79.9442563900349 34.3998509021165 0.140888201528901 -0.00617430094146261
100.899999999999 61.2059627093956 107.757302792597 79.9865156417529 34.4460204611324 0.129596644528606 -0.449703955231484
100.999999999999 61.2699023531863 107.770871838883 80.0289981780363 34.4918395962387 0.118230918075381 -1.14788393754251
101.099999999999 61.333806950613 107.784756658958 80.0716648954209 34.5373430089832 0.10739932989627 -2.06083645988731
101.199999999999 61.3976769766046 107.798956691565 80.114466513659 34.5825730959864 0.0988249738840466 -2.99329714587856
101.299999999999 61.4615132116236 107.813482788122 80.1573448756827 34.6275786899764 0.0947537873087496 -3.63780198840241
101.399999999999 61.5253168416083 107.828355009794 80.2002354194537 34.6724130682679 0.0969011957856423 -3.64859140041344
101.499999999999 61.5890896702234 107.843600391024 80.243069694886 34.7171319330671 0.105300692108169 -3.08559954874175
101.599999999999 61.6528343849859 107.859250703053 80.2857778807686 34.7617913917758 0.118316977182273 -2.3349946211062
101.699999999999 61.7165548045357 107.875340217455 80.3282913016879 34.8064459372965 0.1336962890428 -1.6684971867991
101.799999999998 61.7802560258084 107.891903469655 80.3705449449508 34.8511464283361 0.149346291794293 -1.15441071958811
101.899999999998 61.8439443899388 107.908973022465 80.4124799775065 34.8959380697109 0.163526943262793 -0.769166524481209
101.999999999998 61.907627194532 107.9265772296 80.4540462628701 34.9408583926511 0.174792535078212 -0.470492517854991
102.099999999998 61.9713121035829 107.944738028081 80.4952048485209 34.9859352588529 0.18213066031487 -0.235743087090019
102.199999999998 62.0350063920968 107.963469481165 80.5359296856885 35.0311854819721 0.185580838387268 -0.0434082635486482
102.299999999998 62.0987163957699 107.982778226497 80.5762074005817 35.0766150164702 0.185525195302866 0.133705164950053
102.399999999998 62.1624471174395 108.002664674807 80.6160362980043 35.1222197639013 0.182431103751255 0.314201108195971
102.499999999998 62.2262019229407 108.023124237468 80.6554253354472 35.1679864029469 0.176839725578577 0.512917427677323
102.599999999998 62.2899823599431 108.04414855406 80.6943930971806 35.2138932194512 0.169370562298726 0.742757616969748
102.699999999998 62.3537881247897 108.065726719926 80.7329667683463 35.2599109364556 0.160737931853466 1.01399027686662
102.799999999998 62.4176171903128 108.08784651374 80.7711811090494 35.3060035442342 0.151775206266501 1.33001410299614
102.899999999998 62.4814660975881 108.110495625059 80.809077428451 35.3521291303282 0.143455390732835 1.67803275265416
102.999999999998 62.5453304066238 108.133662881891 80.8467025588598 35.398240709581 0.136880018232848 2.01595468093485
103.099999999998 62.60920528949 108.15733946294 80.8841078278046 35.4442870560827 0.133120735780332 2.26115757790501
103.199999999998 62.6730861099461 108.181519711732 80.9213479775748 35.4902135847518 0.132797969049162 2.34162656873468
103.299999999998 62.7369687237972 108.206200940116 80.9584799514153 35.5359633589223 0.136047651477402 2.24385707893054
103.399999999998 62.8008496632498 108.23138283364 80.9955616271906 35.5814781475693 0.142523177649902 2.01126628586249
103.499999999998 62.8647263076339 108.257066841622 81.0326505490287 35.6266994844426 0.151508009876467 1.71345910276065
103.599999999998 62.9285970153643 108.283255567213 81.0698026589646 35.6715697272014 0.162108510467587 1.40885632242117
103.699999999998 62.9924611860484 108.309952157461 81.1070710285839 35.7160331165486 0.173412759806059 1.13007758327936
103.799999999998 63.0563192227435 108.337159693378 81.1445045906666 35.7600368353649 0.184574126733907 0.888275895899238
103.899999999998 63.1201723672228 108.364880580008 81.1821468708311 35.8035320678433 0.194837240131693 0.682322945543412
103.999999999998 63.1840223857434 108.393115936489 81.2200347191775 35.8464750586233 0.203535997639393 0.505636164444024
104.099999999998 63.2478710949475 108.421864994737 81.258197060116 35.8888281582857 0.210187764622353 0.360571174380674
104.199999999998 63.3117198713418 108.451124722087 81.2966541149927 35.9305605142296 0.214799807884648 0.245957804250358
104.299999999998 63.3755694430862 108.480890012481 81.3354178248952 35.9716478613615 0.217543527782781 0.151918705953436
104.399999999998 63.4394198320616 108.511154101605 81.3744927462548 36.0120719581666 0.218628397691273 0.0720199192415262
104.499999999998 63.5032703403949 108.541908990661 81.4138769646341 36.0518200091405 0.218286975349431 0.00204858348574546
104.599999999998 63.567119591866 108.573145870119 81.4535630085141 36.0908840872213 0.216765015654194 -0.0606934383519314
104.699999999998 63.6309656388147 108.604855543483 81.4935387630818 36.129260556221 0.21431445941789 -0.117790387811177
104.799999999998 63.6948061406938 108.637028851049 81.5337883840176 36.1669494932574 0.211188088565943 -0.169931649225852
104.899999999998 63.7586386167255 108.669657093671 81.5742932112821 36.2039541111861 0.207635184197068 -0.217026624973559
104.999999999998 63.8224607721713 108.702732456515 81.615032682904 36.2402801810322 0.203897857242087 -0.258271151349894
105.099999999998 63.8862708907587 108.736248427795 81.6559852402722 36.275935460421 0.200161183635214 -0.297154324914803
105.199999999998 63.9500681666186 108.770200086682 81.6971290125607 36.310929277987 0.196417355542318 -0.338350920763939
105.299999999998 64.0138527526654 108.804584059141 81.7384419404888 36.3452725137265 0.192617283474653 -0.382432528882893
105.399999999998 64.0776256799603 108.839398342954 81.7799016792148 36.3789777353273 0.188719600517637 -0.43011081140177
105.499999999998 64.1413887610559 108.874642127702 81.8214854927333 36.4120593404984 0.184691482912098 -0.482253681754517
105.599999999998 64.2051444836684 108.910315614759 81.8631701482735 36.4445336992996 0.180509769871699 -0.539902487958631
105.699999999998 64.2688958965075 108.946419837277 81.9049318106972 36.4764192964704 0.176162479134655 -0.604286916883169
105.799999999998 64.3326464892221 108.982956480176 81.9467459368971 36.5077368737594 0.171650836641979 -0.676830773102336
105.899999999998 64.3964000685839 109.019927700131 81.9885871701941 36.5385095722543 0.166991962261658 -0.759135641866722
105.999999999998 64.4601606332154 109.057335945561 82.030429234736 36.5687630747104 0.162222371060771 -0.852919300321125
106.099999999998 64.52393224717 109.095183780419 82.0722448323716 36.5985257348286 0.157460465494879 -0.949455194680656
106.199999999998 64.5877188635425 109.133473806879 82.1140056039094 36.6278283671773 0.153068470046738 -1.03190671582494
106.299999999998 64.6515240391185 109.172208839048 82.1556822538136 36.6567031756766 0.149440461209254 -1.08788981707645
106.399999999998 64.7153506559516 109.211392175583 82.1972447392842 36.6851823427268 0.146916854024436 -1.10411797084586
106.499999999998 64.7792007010094 109.251027876095 82.2386624618143 36.7132966052851 0.145761040262911 -1.06957539421913
106.599999999998 64.8430750947294 109.291121037569 82.2799044587461 36.7410738309427 0.146145174301458 -0.978926191547438
106.699999999998 64.9069735580659 109.331678070771 82.3209395948276 36.7685375940012 0.148153199441973 -0.834469318985678
106.799999999998 64.9708945098839 109.372706976667 82.36173675377 36.7957057515497 0.151804489477955 -0.645573758630934
106.899999999998 65.0348349900265 109.414217622828 82.4022650298035 36.8225890195412 0.157094147789714 -0.426095567740642
106.999999999998 65.0987906080328 109.45622201985 82.4424939192343 36.8491895488697 0.164040515383548 -0.19136382179799
107.099999999998 65.1627555293629 109.498734588902 82.4823935100266 36.8754995334371 0.172633807747803 0.00977232626151044
107.199999999998 65.226722656219 109.54177219892 82.5219346200378 36.9015006499753 0.182568115525555 0.142099775800287
107.299999999998 65.2906842111284 109.585353619031 82.5610888049137 36.9271656092437 0.193487697473559 0.215371763686313
107.399999999998 65.3546324311508 109.629498740619 82.5998283146373 36.9524605389811 0.205032977981679 0.24137128895455
107.499999999998 65.4185602035855 109.674227790529 82.6381260481027 36.9773473988487 0.216814463012036 0.231042706848393
107.599999999998 65.4824616208273 109.719560544271 82.6759555076887 37.0017863953724 0.228405226647442 0.193123935910399
107.699999999998 65.5463324321782 109.765515539227 82.7132907538332 37.025738396886 0.239345128368542 0.133665483088459
107.799999999998 65.610170367703 109.812109287854 82.7501063596067 37.0491673484728 0.249152022898658 0.0559918444666295
107.899999999998 65.6739753100095 109.859355490889 82.7863773652863 37.0720426869091 0.257337649830321 -0.0392117938667554
107.999999999998 65.7377492942847 109.90726425055 82.8220792329297 37.0943417556068 0.263427964638233 -0.153908702031661
108.099999999998 65.8014963245261 109.955841292411 82.8571878085208 37.1160521860182 0.267084378538181 -0.267121257978352
108.199999999998 65.8652220005763 110.005087412458 82.8916794809827 37.1371734070789 0.268398826432633 -0.359149374472567
108.299999999998 65.9289330218023 110.054998495831 82.9255318409306 37.157715941203 0.267577989416155 -0.434019586212033
108.399999999998 65.99263670341 110.105565760745 82.9587245362913 37.1776998283156 0.264825788723879 -0.493842802878187
108.499999999998 66.0563405530351 110.156776011094 82.9912401354959 37.1971530163483 0.260327908942318 -0.539396245638441
108.599999999998 66.1200519136036 110.208611889037 83.0230649906707 37.2161097517338 0.254239334326323 -0.570465860652422
108.699999999998 66.183777671153 110.261052127595 83.0541901008298 37.2346089699017 0.246674418910885 -0.586016584015144
108.799999999998 66.2475240217753 110.314071803243 83.0846119750663 37.2526926857735 0.237699577957961 -0.58419822631523
108.899999999998 66.3112962891671 110.367642588506 83.1143334957444 37.2704043842577 0.227329009457226 -0.56213610683125
108.999999999998 66.3750987834861 110.421733004549 83.1433647816915 37.287787410745 0.215524093045179 -0.515372424679196
109.099999999998 66.4389346897615 110.476308681165 83.1717240244811 37.30488336934 0.202309254531046 -0.456614308482715
109.199999999998 66.5028059007748 110.531332808944 83.1994376250965 37.3217307222318 0.188136227661259 -0.398164610302599
109.299999999998 66.5667127181101 110.586767079291 83.2265385546366 37.3383638996511 0.1735843379722 -0.332433827754816
109.399999999998 66.6306536321901 110.642572816637 83.2530640154017 37.3548126109656 0.159247081863565 -0.250478687254759
109.499999999998 66.6946252612721 110.698712118029 83.279053075071 37.3711011635131 0.145730674823396 -0.142184491315963
109.599999999998 66.758622422849 110.755148992733 83.3045443008795 37.3872477814334 0.133659653717743 0.00177672714406972
109.699999999998 66.8226383073205 110.811850501829 83.3295733937961 37.4032639245009 0.123689597037708 0.184646765488689
109.799999999998 66.8866647282549 110.868787897804 83.3541708227006 37.4191536069568 0.116523369827313 0.394327470256358
109.899999999998 66.9506924320809 110.925937764154 83.3783594585609 37.4349127163416 0.11291924990311 0.59477812076623
109.999999999998 67.0147114625833 110.983283154979 83.4021522086111 37.4505283323271 0.113672437623356 0.731250405057565
110.099999999998 67.078711594867 111.040814710489 83.4255496974099 37.4659780757179 0.119268201493101 0.748233545657863
110.199999999998 67.1426829261031 111.098531146144 83.4485391668296 37.4812302418348 0.128929538755692 0.662251642622
110.299999999998 67.2066166729176 111.156438151787 83.4710964702471 37.4962459250243 0.141484437489263 0.532232454957101
110.399999999998 67.2705059639134 111.21454666442 83.4931892856656 37.5109819275513 0.155710002874559 0.398723138750241
110.499999999998 67.3343465158388 111.272871116874 83.5147803757169 37.5253936986597 0.170371463713742 0.279497507514023
110.599999999998 67.3981371444687 111.331427686493 83.535830847664 37.539438273634 0.184237290342208 0.177816557527233
110.699999999998 67.4618800488228 111.390232543812 83.556303413404 37.5530772128595 0.196082233156754 0.0900594237151044
110.799999999998 67.525580804129 111.449300101234 83.5761656494706 37.5662795408841 0.204689016752869 0.00962922048547537
110.899999999998 67.5892480086365 111.508641261707 83.5953932570371 37.5790246854786 0.208853750673804 -0.0721714184881005
110.999999999998 67.6528925523632 111.568261667408 83.6139733219186 37.5913054166982 0.207396499265811 -0.167723429160663
111.099999999998 67.7165265133975 111.628159974196 83.631907524414 37.6031307379076 0.199539284464118 -0.284271809426928
111.199999999998 67.7801617942459 111.688326796396 83.6492140449522 37.6145275278863 0.186005198867747 -0.431255814963907
111.299999999998 67.8438088645296 111.748745353158 83.6659261590928 37.6255390125953 0.167935953200067 -0.636867521330608
111.399999999998 67.9074759005381 111.809392785131 83.6820895283307 37.6362219880236 0.146547319811505 -0.949113916918072
111.499999999998 67.9711683656483 111.870241496929 83.6977594407405 37.6466439949992 0.123184118339014 -1.45839751653947
111.599999999998 68.0348890048366 111.931260499586 83.7129980516206 37.6568804940001 0.0994628277259877 -2.33951098695667
111.699999999998 68.0986381908454 111.992416753017 83.7278716241373 37.6670120399649 0.0776159196906236 -3.87850489009161
111.799999999998 68.1624145342772 112.05367650848 83.7424477699685 37.6771214571043 0.0611370217126831 -6.07998820704276
111.899999999998 68.2262156549278 112.115006651032 83.7567926899482 37.6872910137113 0.0545948684143005 -7.09661224613242
111.999999999998 68.2900390065189 112.176376041993 83.7709684147105 37.6975995969727 0.0591518975256447 -5.30579756944738
112.099999999998 68.3538826453402 112.237756845857 83.7850300635619 37.7081199185744 0.0699713140891092 -3.13035901165608
112.199999999998 68.4177457097262 112.299125453003 83.7990235772908 37.7189165209641 0.0824349771532009 -1.73111582350376
112.299999999998 68.4816283446175 112.360462376363 83.8129846540483 37.7300458160516 0.0944038842535794 -0.870709981522501
112.399999999998 68.5455313374637 112.421751743878 83.8269381591664 37.7415569245673 0.105098638971673 -0.291978957157737
112.499999999998 68.6094556524693 112.482980775415 83.8408975532038 37.7534925462136 0.114368586004236 0.145364176539698
112.599999999998 68.6734019065677 112.544139259683 83.8548643199924 37.7658898298181 0.122404219135072 0.510842633843276
112.699999999998 68.7373698241768 112.605219031147 83.8688273946836 37.7787812434853 0.129637591796382 0.835497950220926
112.799999999998 68.8013577079709 112.666213446943 83.8827625917945 37.7921954447493 0.136710337532066 1.12627642435265
112.899999999998 68.865361963681 112.727116863797 83.8966320332541 37.8061581507261 0.144454117351974 1.37272697328363
112.999999999998 68.9293767183445 112.787924114932 83.9103835764493 37.8206930082657 0.153850332341501 1.55356410359834
113.099999999998 68.9933935832395 112.848629991732 83.9239502783582 37.835822453473 0.165831309949382 1.61155916361652
113.199999999998 69.0574018389035 112.909228848597 83.9372507979226 37.8515682948004 0.180692531340819 1.53644786833274
113.299999999998 69.1213894032786 112.969714520575 83.9501921801115 37.8679515944413 0.198194250440606 1.38097262397736
113.399999999998 69.1853441146803 113.030080364193 83.9626735782241 37.8849922732955 0.217728393859885 1.19158748455414
113.499999999998 69.2492550145086 113.090319303039 83.9745900122803 37.9027087053027 0.23844415399239 0.99917447610101
113.599999999998 69.3131135399163 113.150423873326 83.9858361274102 37.9211173117763 0.259355803030692 0.819427652531068
113.699999999998 69.376914536919 113.210386269477 83.9963099522443 37.9402321557375 0.279412830965427 0.657470280635657
113.799999999998 69.440657001758 113.270198389695 84.0059166573031 37.9600645362485 0.297539809108814 0.512358371138677
113.899999999998 69.5043444632151 113.329851881536 84.0145723133875 37.9806225827469 0.312660019405539 0.379982760063162
113.999999999998 69.5679849319159 113.389338187486 84.0222076499681 38.0019108493786 0.323713907922121 0.254407145169042
114.099999999998 69.6315903617599 113.448648592542 84.0287717563443 38.0239299107837 0.329915451409017 0.150058705834108
114.199999999998 69.6951755472638 113.507774323947 84.0342342947858 38.0466759956143 0.331495017845979 0.0786227536827405
114.299999999998 69.7587565762353 113.56670678332 84.0385839364019 38.0701407158389 0.329001737017453 0.033253985917105
114.399999999998 69.822349319938 113.625437830936 84.041825308994 38.0943108337788 0.323039765373243 0.0112355365354501
114.499999999998 69.8859681687508 113.683960072024 84.0439758876766 38.1191680305972 0.314245218689671 0.0127531393676884
114.599999999998 69.9496250566402 113.74226714305 84.0450628854984 38.1446886747874 0.303270592602806 0.0402972139233752
114.699999999998 70.0133287898293 113.800353998011 84.0451201440636 38.1708435906613 0.290777151873916 0.0983226370872064
114.799999999998 70.0770846769043 113.858217194726 84.0441850241529 38.1975978268378 0.277437559566334 0.192856599593769
114.899999999998 70.1408944453635 113.915855181123 84.0422952963443 38.2249104247314 0.263952025043125 0.330644939092619
114.999999999998 70.2047564235961 113.973268581532 84.0394860316347 38.2527341870408 0.25108126363191 0.517180831641275
115.099999999998 70.2686659644442 114.0304604708 84.0357865241171 38.2810154680861 0.239614679612962 0.717110633124575
115.199999999998 70.3326160109304 114.087436331863 84.0312180471273 38.3096945322222 0.2301111103563 0.882353885349359
115.299999999998 70.3965976140961 114.144203209793 84.0257937251189 38.3387073542913 0.223012298015191 0.994125859682866
115.399999999998 70.4606004447283 114.200768549303 84.0195192390075 38.3679879881499 0.218627170585912 1.0350567654305
115.499999999998 70.5246133393651 114.257139020069 84.0123935635708 38.3974709570463 0.217060717810224 0.995367854270444
115.599999999998 70.5886248552194 114.313319342066 84.0044097048495 38.4270936439971 0.218185232170291 0.876777127278721
115.699999999998 70.6526238045714 114.369311110892 83.9955554375474 38.4567986821642 0.221669693313199 0.691301141027548
115.799999999998 70.7165997418118 114.425111623096 83.9858140424324 38.4865363452316 0.227060060504269 0.455896570248576
115.899999999998 70.7805433828368 114.480712701511 83.9751650437365 38.5162669377825 0.233886023898692 0.186700263700277
115.999999999998 70.8444469470247 114.536099520577 83.9635849465564 38.5459631856755 0.241770011186564 -0.104073585038121
116.099999999998 70.9083044275758 114.591249456717 83.951047978583 38.5756125836478 0.250482533353371 -0.363500263905312
116.199999999998 70.9721118325291 114.646131589823 83.9375269443773 38.6052186307774 0.25983463668081 -0.549976158396091
116.299999999998 71.03586743985 114.700707857581 83.9229943653421 38.6347992428243 0.269679281953093 -0.672493617862685
116.399999999998 71.0995720194748 114.754934860914 83.9074237322413 38.664384052431 0.279838663078962 -0.740777435039546
116.499999999998 71.1632289896909 114.80876569447 83.890790762047 38.6940116665496 0.290037812243751 -0.764780337087678
116.599999999998 71.226844481456 114.862151777099 83.8730746547875 38.7237269238686 0.299876082244755 -0.754141794202432
116.699999999998 71.2904272695389 114.915044682349 83.8542593503945 38.7535781522389 0.308826658215753 -0.717537140966659
116.799999999998 71.3539885206973 114.967397968942 83.8343347855506 38.783614426101 0.316254365441414 -0.6620870883621
116.899999999998 71.4175413077474 115.019169011265 83.8132981505374 38.8138828239115 0.32144336418073 -0.592945457988626
116.999999999998 71.4810998444611 115.07032082985 83.7911551460823 38.8444256855697 0.3236284126869 -0.513035581828889
117.099999999998 71.5446784150039 115.120823899393 83.7679212134769 38.8752778973981 0.322225651728206 -0.435397191412443
117.199999999998 71.6082901446742 115.170657372451 83.7436220697193 38.9064648935226 0.317470498516993 -0.367668416050969
117.299999999998 71.6719460326601 115.219808819909 83.7182924784906 38.938002475806 0.309839193845119 -0.30393625985
117.399999999998 71.7356542929548 115.26827338713 83.6919743261553 38.9698973501818 0.299835765736726 -0.239085121744921
117.499999999998 71.7994199399932 115.316052927643 83.6647146710333 39.0021476905406 0.28797965539819 -0.168217493739158
117.599999999998 71.8632446222477 115.363155136816 83.6365637926703 39.0347437026178 0.274798432349016 -0.086285347749602
117.699999999998 71.9271266990871 115.409592685542 83.6075732411098 39.0676681878807 0.260825804898804 0.0120665326609609
117.799999999998 71.9910615472109 115.45538235392 83.5777938861639 39.1008971074156 0.246605421021991 0.132336106657965
117.899999999998 72.0550420773831 115.500544164934 83.5472739666843 39.1344001458149 0.232700893472884 0.279431905653909
117.999999999998 72.1190594398116 115.545100518137 83.5160571398344 39.1681412750641 0.219711784100207 0.455978209160158
118.099999999998 72.1831038874084 115.58907532292 83.4841805466279 39.2020793159301 0.208234239946166 0.653148027143303
118.199999999998 72.2471655315997 115.632493121193 83.4516733004465 39.2361684343594 0.198701922677355 0.855117829511877
118.299999999998 72.3112345537659 115.67537818316 83.4185560492678 39.2703584729061 0.191561101881003 1.04487254330506
118.399999999998 72.3753012156088 115.717753592494 83.3848409608713 39.3045952171713 0.187295781487649 1.19870315334392
118.499999999998 72.4393559071198 115.759640331112 83.3505317243123 39.3388206597425 0.186368369457017 1.29136474789028
118.599999999998 72.5033892476446 115.801056363947 83.3156235513963 39.3729732641334 0.189146960081368 1.30524538481845
118.699999999998 72.567392246667 115.842015723713 83.2801031781527 39.4069882287231 0.195845771956103 1.23855731397125
118.799999999998 72.631356532104 115.882527595684 83.2439488663094 39.4407977506961 0.206506613228493 1.10630266013158
118.899999999998 72.6952746555677 115.922595402458 83.2071304047663 39.4743312899816 0.221028655640178 0.933218626915663
118.999999999998 72.7591404861937 115.962215888734 83.1696091110698 39.5075158331935 0.239227468456546 0.744294335857105
119.099999999998 72.8229497118622 116.001378221671 83.131337840637 39.5402761570442 0.26083246455881 0.568476542722065
119.199999999998 72.8867005748301 116.040063496659 83.0922611974796 39.5725350781014 0.285351316755066 0.424131135837121
119.299999999998 72.950394996472 116.078245272191 83.0523162564301 39.604213667875 0.312280209758097 0.311171345356717
119.399999999997 73.0140398537565 116.115890510141 83.0114334868675 39.635231454246 0.341146658873336 0.225849750885256
119.499999999997 73.0776482697089 116.152960531631 82.9695376841932 39.6655066223705 0.371483632317349 0.163347259506714
119.599999999997 73.1412408916501 116.189411972905 82.9265489013068 39.6949562155832 0.40280713176497 0.119030926110764
119.699999999997 73.2048471253672 116.225197741194 82.8823833800823 39.7234963363012 0.434599606836883 0.0889337731840327
119.799999999997 73.2685062833548 116.260267970591 82.836954482844 39.751042346928 0.466300191206945 0.0698497416972922
119.899999999997 73.3322685962895 116.294570977917 82.7901736238422 39.7775090707571 0.497302423963906 0.0592662105906292
119.999999999997 73.3961960298361 116.328054218592 82.7419512007296 39.8028109928757 0.526960070851357 0.0552446636522243
