#t s x y z curvature torsion
5 0 119.244286202418 82.9564967941717 4.4579716760219 0.163166624232083 -0.095966137697716
5.1 0.056786929559017 119.231664958443 82.9294353690158 4.50627425191384 0.163206585956107 -0.0971524100506415
5.2 0.113454353706588 119.218725559562 82.9021491856259 4.55422457112157 0.163237369780437 -0.0983369989276459
5.3 0.170005099598815 119.205468046591 82.8746425346255 4.60182298875843 0.163259277386774 -0.0995193757683611
5.4 0.226441954339302 119.191892460386 82.8469197066291 4.64906985997833 0.163272615794517 -0.100699002018044
5.5 0.282767665239637 119.177998841864 82.818984992239 4.69596554000055 0.163277696919251 -0.101875329343716
5.6 0.338984940100528 119.163787232027 82.7908426820429 4.74251038413456 0.163274837128696 -0.103047799884237
5.7 0.395096447513469 119.149257671984 82.7624970666114 4.7887047478048 0.163264356794398 -0.104215846509919
5.8 0.451104817183134 119.134410202971 82.7339524364946 4.83454898657551 0.163246579843607 -0.105378893125049
5.9 0.507012640269546 119.119244866379 82.70521308222 4.88004345617551 0.163221833309198 -0.106536354982132
6 0.56282246975018 119.103761703772 82.676283294289 4.92518851252301 0.16319044688049 -0.107687639030412
6.1 0.618536820803585 119.087960756915 82.6471673631739 4.96998451175311 0.163152731395214 -0.10882773526452
6.2 0.674158171262613 119.071842067873 82.6178695792828 5.01443181031579 0.163108913206576 -0.10995171337781
6.3 0.729688962210007 119.055405679301 82.5883942328487 5.05853076525272 0.163059193464989 -0.111059108021962
6.4 0.785131598628901 119.038651634807 82.5587456137877 5.10228173454457 0.163003768382819 -0.112149473379816
6.49999999999999 0.840488450057433 119.021579979325 82.5289280115563 5.14568507746098 0.162942828966405 -0.113222383985395
6.59999999999999 0.895761851244069 119.004190759472 82.498945715008 5.18874115491057 0.162876560766007 -0.114277435490974
6.69999999999999 0.950954102803081 118.986484023925 82.4688030122513 5.23145032979095 0.162805143641946 -0.115314245428194
6.79999999999999 1.00606747186957 118.968459823785 82.438504190506 5.27381296733869 0.162728751549197 -0.116332453904485
6.89999999999999 1.0611041927531 118.950118212941 82.4080535359607 5.31582943547934 0.16264755233887 -0.117331724290089
6.99999999999999 1.11606646758914 118.931459248441 82.3774553336302 5.35750010517743 0.162561707577358 -0.118311743848797
7.09999999999999 1.17095646699164 118.912482990865 82.346713867208 5.39882535079122 0.162471329950968 -0.119259479990198
7.19999999999999 1.22577633079731 118.893189504866 82.3158334188108 5.43980555055232 0.162376351350426 -0.120162099359024
7.29999999999999 1.28052816903779 118.873578860132 82.2848182684479 5.48044108736181 0.162276642370033 -0.121019669214153
7.39999999999999 1.3352140629749 118.853651132521 82.2536726933808 5.52073234971126 0.162172053838845 -0.121832340420941
7.49999999999999 1.38983606610128 118.833406405198 82.2224009674799 5.56067973260839 0.162062417100975 -0.122600347025553
7.59999999999999 1.44439620510088 118.812844769772 82.1910073605805 5.60028363850293 0.161947544346874 -0.12332400559437
7.69999999999999 1.49889648076766 118.791966327435 82.1594961378392 5.63954447821224 0.161827228992856 -0.124003714356827
7.79999999999999 1.55333886888139 118.7707711901 82.1278715590896 5.67846267184717 0.161701246109429 -0.124639952162152
7.89999999999999 1.60772532103843 118.74925948154 82.0961378781992 5.71703864973771 0.161569352894432 -0.125233277225481
7.99999999999999 1.66205776543682 118.727431338525 82.0642993424246 5.7552728533588 0.161431289192195 -0.125784325728655
8.09999999999999 1.71633810761893 118.705286911969 82.0323601917596 5.79316573626164 0.161286720547609 -0.12626903758634
8.19999999999999 1.77056823130608 118.682826368324 82.0003246580403 5.83071776515019 0.161135058931764 -0.126663626402226
8.29999999999999 1.82474999952607 118.660049891604 81.9681969634408 5.86792942132623 0.160975623271937 -0.126969305914225
8.39999999999999 1.87888525579339 118.636957685643 81.935981318727 5.90480120227962 0.160807696335135 -0.12718742947052
8.49999999999999 1.9329758251986 118.613549976378 81.9036819215019 5.94133362328409 0.160630526070557 -0.127319481670006
8.59999999999999 1.98702351539866 118.589827014121 81.87130295445 5.97752721899306 0.160443327049742 -0.127367069578115
8.69999999999999 2.04103011750536 118.565789075833 81.838848583583 6.01338254503549 0.160245281997803 -0.127331913570785
8.79999999999999 2.09499740687006 118.541436467404 81.8063229564842 6.0489001796117 0.160035543409429 -0.127215837876967
8.89999999999999 2.14892714376192 118.516769525923 81.7737302005538 6.08408072508914 0.159813235243803 -0.127020760875495
8.99999999999999 2.20282107393779 118.49178862196 81.7410744212534 6.11892480959828 0.159577454690061 -0.126748685211026
9.09999999999999 2.25668092910154 118.466494161832 81.708359700352 6.15343308862507 0.159327310045516 -0.126404820161296
9.19999999999999 2.31050842724311 118.440886589763 81.6755900941806 6.18760624651744 0.1590620316224 -0.125994040014306
9.29999999999998 2.36430527285153 118.414966389775 81.6427696319139 6.22144499777342 0.158780866861906 -0.125517937049333
9.39999999999998 2.41807315702792 118.388734087448 81.6099023138603 6.25495008824314 0.158483046043916 -0.124978144086837
9.49999999999998 2.47181375750833 118.362190251695 81.5769921097535 6.28812229632764 0.15816778383707 -0.124376326914859
9.59999999999998 2.52552873859631 118.33533549653 81.5440429570439 6.3209624341776 0.157834280873914 -0.123714176679941
9.69999999999998 2.57921975100386 118.30817048283 81.5110587591893 6.35347134889211 0.157481725344121 -0.122993402258788
9.79999999999998 2.63288843160043 118.280695920108 81.4780433839466 6.38564992371739 0.157109294601947 -0.122215722632495
9.89999999999998 2.68653640306919 118.252912568277 81.4450006616629 6.41749907924558 0.156716156777538 -0.121382859287078
9.99999999999998 2.74016527347029 118.224821239422 81.4119343835666 6.44901977461348 0.156301472387867 -0.120496528639648
10.1 2.79377663571379 118.196422799562 81.3788483000551 6.4802130087039 0.155864374767046 -0.119551913469433
10.2 2.84737206701058 118.167718170476 81.345746118889 6.51107982141533 0.155403905753208 -0.11854429638835
10.3 2.90095312840699 118.138708331633 81.3126315031502 6.54162129510467 0.154919076755014 -0.117475509769668
10.4 2.95452136428522 118.109394322178 81.2795080691062 6.57183855609826 0.15440889118924 -0.116347343567798
10.5 3.00807830175943 118.079777242923 81.2463793840708 6.60173277620555 0.153872346334418 -0.115161534685806
10.6 3.06162544996416 118.049858258326 81.2132489642652 6.63130517423271 0.153308435154816 -0.113919756279345
10.7 3.11516429923752 118.019638598484 81.1801202726787 6.66055701749631 0.152716148084381 -0.112623606920978
10.8 3.16869632019787 117.989119561116 81.1469967169299 6.68948962333691 0.152094474764606 -0.111274599628183
10.9 3.22222296271725 117.958302513547 81.1138816471271 6.71810436063273 0.15144240572726 -0.109874150641628
11 3.27574565479135 117.927188894701 81.0807783537298 6.74640265131331 0.150758934012485 -0.108423567940252
11.1 3.32926580130932 117.895780217071 81.0476900654148 6.7743859718671 0.15004314535725 -0.106942116983423
11.2 3.38278478273118 117.864078068387 81.0146199470949 6.80205585469231 0.149294487621217 -0.105448416557598
11.3 3.43630395370671 117.832084112507 80.9815710983229 6.82941388904992 0.148512509312575 -0.103942666096186
11.4 3.48982464165907 117.799800090001 80.9485465518463 6.85646172185983 0.147696771692736 -0.102424994459962
11.5 3.54334814533735 117.767227818719 80.9155492721695 6.8832010584911 0.146846848887439 -0.100895455160884
11.6 3.59687573334089 117.734369194368 80.8825821541138 6.90963366355211 0.145962327929641 -0.0993540211443846
11.7 3.65040864261694 117.701226191077 80.8496480213799 6.93576136168071 0.145042808732433 -0.0978005790729285
11.8 3.70394807693522 117.667800861975 80.8167496251083 6.96158603833449 0.144087903993516 -0.0962349230118696
11.9 3.75749520534165 117.634095339756 80.7838896424408 6.98710964058086 0.14309723902785 -0.0946567474689146
12 3.811051160594 117.600111837256 80.7510706750819 7.01233417788731 0.142070451530534 -0.0930656396476993
12.1 3.86461703758154 117.565852648004 80.7182952478717 7.0372617229005 0.14100734018483 -0.0914910067465966
12.2 3.91819389171035 117.531320146313 80.6855658076666 7.06189441193794 0.139908313978299 -0.0899617496163275
12.3 3.97178273725215 117.496516786211 80.6528847230025 7.08623444474986 0.138773949429429 -0.0884766516340063
12.4 4.02538454574715 117.461445099898 80.6202542840643 7.11028408399368 0.137604840377837 -0.087034550021401
12.5 4.07900024449712 117.426107696193 80.5876767026686 7.13404565469736 0.13640159589081 -0.08563433452801
12.6 4.13263071515242 117.390507258986 80.5551541122454 7.15752154372281 0.135164838199627 -0.084274946203986
12.7 4.18627679239333 117.354646545676 80.5226885678207 7.18071419922923 0.133895200669904 -0.0829553763103283
12.8 4.2399392627076 117.318528385622 80.4902820459983 7.20362613013652 0.132593325812036 -0.0816746653584535
12.9 4.29361886326449 117.282155678587 80.4579364449423 7.22625990558864 0.131259863334996 -0.0804319022863763
13 4.34731628088696 117.245531393185 80.4256535843589 7.248618154417 0.129895468249654 -0.0792262237912423
13.1 4.40103215112155 117.208658565314 80.3934352054875 7.27070356459516 0.128500913895358 -0.0780779858163356
13.2 4.45476705741829 117.171540296244 80.3612829713181 7.29251888246865 0.127077435756586 -0.0770076202048039
13.3 4.50852153045601 117.134179749841 80.3291984673853 7.31406691141377 0.125626386457615 -0.0760145570878882
13.4 4.5622960476354 117.09658014944 80.2971832027881 7.33535051027143 0.124149118686399 -0.0750984198482919
13.5 4.61609103273606 117.058744774712 80.2652386112191 7.35637259177241 0.122646982845854 -0.07425902724582
13.6 4.66990685573652 117.020676958526 80.2333660519932 7.37713612096252 0.121121324858255 -0.0734963964461201
13.7 4.72374383279349 116.982380083815 80.2015668110773 7.39764411362787 0.119573484122287 -0.0728107469673242
13.8 4.77760222637898 116.943857580438 80.1698421021185 7.41789963472004 0.118004791623887 -0.0722025056008019
13.9 4.831482245571 116.905112922049 80.1381930674735 7.43790579678134 0.116416568199621 -0.0716723123290554
14 4.88538404649585 116.866149622952 80.1066207792376 7.45766575836997 0.114810122951965 -0.0712210272783695
14.1 4.93930773291411 116.826971234971 80.0751262402813 7.47718272248131 0.113186797576466 -0.0708655525284693
14.2 4.99325335685405 116.787581344231 80.043710385487 7.49645993486539 0.111548104822341 -0.0706236944761312
14.3 5.04722091914728 116.747983567745 80.0123740834926 7.51550068208115 0.109895594222615 -0.0704981140386541
14.4 5.10121037002547 116.708181549927 79.9811181386358 7.53430828944701 0.108230805652558 -0.0704918483555918
14.5 5.15522160987054 116.6681789591 79.9499432929052 7.55288611898741 0.106555268196957 -0.0706083243309694
14.6 5.20925449011703 116.627979484007 79.918850227892 7.57123756737934 0.104870499195303 -0.0708513729660122
14.7 5.26330881430267 116.587586830317 79.8878395667416 7.58936606389894 0.1031780034586 -0.071225244373439
14.8 5.31738433926141 116.547004717135 79.8569118761048 7.60727506836804 0.101479272654391 -0.0717346232710608
14.9 5.37148077645423 116.506236873508 79.8260676680896 7.62496806910068 0.0997757848520032 -0.0723846447598477
15 5.42559779343253 116.46528703494 79.7953074022124 7.64244858084972 0.0980690042253395 -0.0731809101246426
15.1 5.47973501542758 116.424158939899 79.7646314873458 7.6597201427574 0.0963603251593276 -0.0741179626685967
15.2 5.53389202703297 116.382856326503 79.7340402835519 7.67678631641098 0.094650905019812 -0.0751905000216354
15.3 5.58806837392055 116.341382929622 79.7035341036302 7.69365068416498 0.092941831573041 -0.0764050909777459
15.4 5.64226356461806 116.299742478137 79.6731132145516 7.71031684756849 0.0912341790546629 -0.077768829515684
15.5 5.69647707236864 116.257938692224 79.6427778388884 7.72678842579646 0.0895290085919231 -0.0792893636702381
15.6 5.75070833706924 116.215975280618 79.6125281562446 7.74306905408106 0.0878273687187007 -0.0809749251482192
15.7 5.8049567672848 116.17385593789 79.5823643046849 7.75916238214296 0.0861302959773573 -0.0828343594303334
15.8 5.85922174233278 116.13158434172 79.552286382166 7.77507207262271 0.0844388156050722 -0.0848771559716419
15.9 5.91350261443602 116.08916415017 79.5222944479652 7.79080179951201 0.0827539423009888 -0.0871134780152901
16 5.96779871093816 116.046598998955 79.4923885241112 7.80635524658507 0.081076681070555 -0.0895541914643285
16.1 6.02210933657825 116.003892498723 79.4625685968108 7.82173610583146 0.0794079970077568 -0.0921994919216276
16.2 6.07643377578915 115.961048232437 79.4328346178001 7.83694807592869 0.0777487228003915 -0.0950496738048685
16.3 6.13077129496378 115.918069753034 79.4031865055024 7.85199486081583 0.0760996530285555 -0.0981168721337095
16.4 6.18512114472891 115.874960581184 79.373624146111 7.86688016830677 0.0744615763277606 -0.101414018806795
16.5 6.23948256225216 115.83172420306 79.3441473946679 7.8816077087051 0.0728352764827779 -0.104954874452027
16.6 6.29385477358045 115.788364068104 79.3147560761434 7.89618119341895 0.0712215335687627 -0.108754057022061
16.7 6.34823699600754 115.744883586795 79.2854499865157 7.91060433357586 0.0696211251404636 -0.112827065667143
16.8 6.40262844046786 115.701286128416 79.2562288938497 7.92488083863757 0.0680348274687155 -0.11719029814657
16.9 6.45702831395319 115.657575018821 79.2270925393766 7.93901441501494 0.0664634168253516 -0.121861059602742
17 6.51143582195111 115.613753538202 79.1980406385734 7.95300876468276 0.0649076708159234 -0.126857560075181
17.1 6.56585017089401 115.56982491887 79.1690728822368 7.96686758379886 0.0633682841879909 -0.132173968715175
17.2 6.62027057043801 115.525792343385 79.1401889374281 7.98059456143425 0.0618456151860737 -0.137805086980667
17.3 6.67469623527421 115.481658943576 79.1113884480877 7.99419337858495 0.0603399465517098 -0.143771765540121
17.4 6.7291263867443 115.437427799906 79.0826710355208 8.00766770729484 0.0588515728741151 -0.150096277604192
17.5 6.78356025443492 115.393101940858 79.0540362988769 8.0210212097828 0.0573808020102962 -0.15680239173226
17.6 6.83799707775773 115.348684342311 79.0254838156301 8.03425753756979 0.0559279565752776 -0.163915440176138
17.7 6.89243610751403 115.304177926929 78.9970131420596 8.04738033060599 0.0544933755076149 -0.171462379827013
17.8 6.94687660744464 115.259585563536 78.9686238137292 8.0603932163979 0.0530774157191239 -0.179471841975087
17.9 7.00131785576301 115.2149100665 78.9403153459676 8.07329980913548 0.0516804538326589 -0.187974166175203
18 7.05575914667225 115.170154195118 78.9120872343489 8.08610370881924 0.050302888015903 -0.19700141213917
18.1 7.11019979186094 115.125320653001 78.8839389551661 8.09880850039062 0.0489450689960238 -0.206558674504624
18.2 7.16463912187175 115.080412087726 78.8558699657477 8.11141775294663 0.0476070890334254 -0.216653568218312
18.3 7.21907648716898 115.035431091127 78.8278797043747 8.12393501916857 0.0462889962377741 -0.227325444519179
18.4 7.27351125906449 114.990380199839 78.7999675900394 8.13636383483499 0.0449908676038524 -0.238616787509173
18.5 7.32794283060596 114.945261895864 78.7721330221982 8.14870771833795 0.0437128114066078 -0.250573413462688
18.6 7.38237061743167 114.900078607118 78.7443753805253 8.16097017019924 0.0424549698319763 -0.263244659373614
18.7 7.43679405859299 114.854832707999 78.716694024665 8.17315467258665 0.041217521868533 -0.276683550565091
18.8 7.49121261734543 114.809526519935 78.689088293985 8.18526468883015 0.0400006864880873 -0.290946933739764
18.9 7.54562578190799 114.764162311948 78.6615575073296 8.19730366293816 0.0388047261411394 -0.306095557218499
19 7.60003306619239 114.718742301209 78.6341009627727 8.20927501911381 0.0376299505960724 -0.32219407433083
19.1 7.65443401049662 114.673268653602 78.6067179373719 8.22118216127214 0.036476707339461 -0.339321809896429
19.2 7.70882818203415 114.627743484426 78.5794076869681 8.23302847258385 0.0353453483538091 -0.357565887161777
19.3 7.76321517508982 114.582168859467 78.5521694460938 8.24481731508608 0.0342362831936025 -0.377008623655506
19.4 7.81759461101005 114.536546796199 78.5250024279273 8.25655202931975 0.0331499999194326 -0.397735942255327
19.5 7.87196613815728 114.490879265004 78.4979058242472 8.26823593396777 0.0320870719200217 -0.419836426649203
19.6 7.92632943183514 114.445168190379 78.4708788053875 8.27987232549343 0.0310481652839842 -0.443399911459104
19.7 7.98068419418461 114.399415452157 78.4439205201928 8.29146447777862 0.0300340466790189 -0.468515469578163
19.8 8.03503015405228 114.353622886714 78.4170300959727 8.30301564176214 0.0290455916524203 -0.495268631425031
19.9 8.08936706683121 114.307792288187 78.3902066384574 8.31452904507803 0.0280837932073549 -0.523737642701609
20 8.14369471427491 114.261925409685 78.3634492317522 8.3260078916938 0.0271497704282325 -0.553988543147501
20.1 8.19801290428471 114.216023964501 78.3367569382966 8.33745536154868 0.0262448039230365 -0.58608943552742
20.2 8.25232147066005 114.170089627282 78.3101287989245 8.34887461018934 0.0253704273219087 -0.620074937457199
20.3 8.30662027279384 114.124124035075 78.2835638331808 8.36026876839929 0.0245283563145199 -0.655915310515598
20.4 8.36090919533437 114.078128788343 78.2570610397399 8.37164094182584 0.0237204649539467 -0.693526572168499
20.5 8.41518814782622 114.032105451961 78.2306193968279 8.38299421060699 0.0229487843732359 -0.73275579875683
20.6 8.4694570643303 113.986055556229 78.2042378626446 8.39433162899825 0.0222154960102767 -0.773365146528118
20.7 8.52371590302348 113.939980597876 78.1779153757855 8.40565622499951 0.0215229176305209 -0.815015615339708
20.8 8.57796464577878 113.893882041061 78.1516508556642 8.41697099998193 0.0208734802952911 -0.857252208556973
20.9 8.63220329772527 113.847761318385 78.1254432029341 8.42827892831474 0.0202696944446839 -0.899492858777388
21 8.68643188678887 113.801619831892 78.099291299911 8.43958295699215 0.0197141035381348 -0.941024171890539
21.1 8.74065046321422 113.755458954074 78.0731940109988 8.45088600525814 0.0192092569694088 -0.980954337427371
21.2 8.79485909908948 113.709280028775 78.0471501832171 8.46219096417784 0.0187577264017762 -1.01825081411656
21.3 8.84905788790724 113.663084371857 78.021158646986 8.4735006960735 0.0183619045140126 -1.05184578516874
21.4 8.90324694413088 113.616873271767 77.9952182170122 8.4848180339069 0.0180238697586619 -1.08065694716887
21.5 8.95742640274498 113.570647990103 77.9693276931795 8.49614578065988 0.0177452833031578 -1.1036602528765
21.6 9.01159641878983 113.52440976218 77.943485861439 8.50748670871475 0.0175272918602401 -1.11997097995051
21.7 9.0657571668785 113.478159797593 77.9176914946987 8.51884355923474 0.0173704455779956 -1.12892272975318
21.8 9.11990884069683 113.431899280785 77.8919433537148 8.53021904154446 0.0172746398844749 -1.13013217680103
21.9 9.17405165248628 113.385629371606 77.8662401879804 8.54161583251034 0.0172390883510598 -1.12353835478204
22 9.22818583250835 113.339351205887 77.840580736617 8.55303657592109 0.0172623303984419 -1.10940919471236
22.1 9.28231162848901 113.293065895997 77.8149637292712 8.56448388187398 0.017342334862175 -1.0883362427965
22.2 9.33642930498676 113.246774531418 77.7893878871931 8.57596032631239 0.0174767593466224 -1.06109582001044
22.3000000000001 9.39053914259579 113.200478179327 77.7638519247764 8.58746845094746 0.0176628608498908 -1.02858930796637
22.4000000000001 9.44464143707667 113.154177885185 77.7383545512793 8.59901076333109 0.0178975322104758 -0.991821000467757
22.5000000000001 9.49873649847082 113.107874673323 77.7128944725527 8.61058973693469 0.0181774044749356 -0.95182453699234
22.6000000000001 9.55282465020057 113.061569547533 77.6874703927686 8.62220781122798 0.0184989473281732 -0.909599556766902
22.7000000000001 9.60690622815512 113.015263491658 77.6620810161479 8.63386739175775 0.018858561215665 -0.866063610312401
22.8000000000001 9.66098157976218 112.968957470176 77.6367250486888 8.64557085022665 0.0192526568909276 -0.822020907743282
22.9000000000001 9.71505106304564 112.922652428791 77.6114011998949 8.657320524572 0.0196777202260841 -0.778146746720893
23.0000000000001 9.76911504566789 112.876349295025 77.5861081845035 8.6691187190445 0.0201303618984382 -0.734984781547463
23.1000000000001 9.82317390396031 112.830048978798 77.5608447242158 8.68096770429288 0.0206073947648875 -0.69294020737747
23.2000000000001 9.87722802198281 112.783752372971 77.5356095494915 8.69286971759852 0.0211059818321986 -0.652286407998963
23.3000000000001 9.93127779068168 112.737460353765 77.5104014015042 8.70482696349127 0.0216235207198409 -0.613209919625535
23.4000000000001 9.98532360708111 112.691173781134 77.4852190341603 8.71684161451546 0.0221576039293941 -0.575824129858561
23.5000000000001 10.0393658734657 112.644893499128 77.4600612161207 8.72891581200156 0.0227060157783459 -0.540183700421496
23.6000000000001 10.0934049965535 112.598620336271 77.4349267328223 8.74105166683795 0.0232667256674477 -0.506297557205599
23.7000000000001 10.147441386659 112.552355105924 77.4098143884994 8.75325126024265 0.0238378789559133 -0.474140111273731
23.8000000000001 10.2014754568468 112.50609860666 77.3847230082051 8.76551664453499 0.0244177864485446 -0.443660638069486
23.9000000000001 10.255507622076 112.459851622629 77.3596514398332 8.77784984390741 0.0250049132541268 -0.414790905724594
24.0000000000001 10.3095382983353 112.41361492393 77.3345985561394 8.79025285519716 0.0255978675701192 -0.387451233047487
24.1000000000001 10.3635679017703 112.36738926698 77.309563256763 8.8027276486638 0.0261954293351681 -0.361568167034848
24.2000000000001 10.417596847813 112.321175394912 77.2845444702545 8.81527616891734 0.0267966595702754 -0.337055570288803
24.3000000000001 10.4716255503362 112.274974038025 77.2595411561159 8.82790033622869 0.0274007732572189 -0.313811669637278
24.4000000000001 10.5256544208144 112.228785914273 77.2345523068479 8.84060204799063 0.0280070901406336 -0.291739120412956
24.5000000000001 10.5796838674849 112.182611729738 77.209576949996 8.8533831801847 0.028615025923999 -0.270745845637875
24.6000000000001 10.6337142945056 112.136452179116 77.1846141501977 8.86624558884798 0.0292240845681345 -0.250745505323961
24.7000000000001 10.6877461011142 112.090307946196 77.1596630112287 8.87919111153991 0.0298338516077508 -0.231657697779952
24.8000000000001 10.741779680786 112.044179704343 77.1347226780499 8.89222156880914 0.0304439883973675 -0.213407971008082
24.9000000000001 10.7958154203936 111.998068116979 77.1097923388539 8.90533876566034 0.0310542271979818 -0.195927703559426
25.0000000000001 10.8498536993677 111.951973838061 77.084871227112 8.918544493021 0.0316643670192747 -0.17915389941977
25.1000000000001 10.9038948888645 111.90589751257 77.0599586236112 8.93184052920825 0.0322742661373698 -0.163130758959787
25.2000000000001 10.9579393510197 111.859839777019 77.0350538582522 8.9452286413942 0.0328838312893088 -0.147897723541811
25.3000000000001 11.0119874384195 111.813801260046 77.0101563112373 8.95871058706799 0.0334930329751734 -0.133393095619524
25.4000000000001 11.0660394936594 111.767782583043 76.9852654140198 8.97228811549631 0.034101905607629 -0.119560727208349
25.5000000000001 11.1200958489137 111.721784360775 76.9603806502424 8.98596296918403 0.0347105431027901 -0.106349662735178
25.6000000000001 11.1741568255109 111.675807202012 76.9355015566776 8.99973688533468 0.035319095025014 -0.0937137795511081
25.7000000000001 11.2282227335182 111.629851710149 76.9106277241662 9.01361159731108 0.035927763214057 -0.0816114355489318
25.8000000000001 11.2822938713359 111.583918483832 76.885758798557 9.02758883609581 0.0365367988306973 -0.070005130273112
25.9000000000001 11.3363705253021 111.538008117586 76.8608944816462 9.04167033175185 0.0371464997642619 -0.0588611832003001
26.0000000000001 11.3904529693107 111.492121202439 76.8360345321167 9.05585781488305 0.03775720835109 -0.0481494311459857
26.1000000000001 11.4445414644389 111.446258326547 76.8111787664806 9.07015301809482 0.0383693134719102 -0.0378223103015847
26.2000000000001 11.4986362585086 111.400420075876 76.7863270601096 9.08455767745628 0.0389832612359303 -0.0278369371001399
26.3000000000001 11.5527375854576 111.354607034999 76.7614793484856 9.09907353396661 0.0395995416041813 -0.0181745658471177
26.4000000000001 11.6068456646469 111.308819787948 76.7366356285393 9.11370233502292 0.0402186835545887 -0.0088188565086701
26.5000000000001 11.6609607001867 111.263058919074 76.7117959599919 9.1284458358882 0.040841254458301 0.000244321844008918
26.6000000000001 11.7150828802824 111.217325013891 76.6869604666968 9.14330580115933 0.0414678595225792 0.00902707214122782
26.7000000000001 11.7692123766055 111.171618659939 76.662129337981 9.15828400623496 0.0420991412785199 0.017539636969498
26.8000000000001 11.8233493436881 111.125940447631 76.6373028299873 9.17338223878355 0.0427357790927408 0.0257905546525329
26.9000000000001 11.8774939183461 111.08029097111 76.6124812670156 9.18860230021128 0.043378488684659 0.0337868053559901
27.0000000000001 11.9316462191285 111.034670829101 76.5876650428644 9.20394600713001 0.0440280216323569 0.0415339488617239
27.1000000000001 11.9858063458017 110.989080625769 76.5628546221608 9.21941519282177 0.0446851422933391 0.0489311564467452
27.2000000000001 12.0399743789214 110.943520971653 76.5380505413679 9.23501170861241 0.0453505571487579 0.055885336424938
27.3000000000001 12.0941503795818 110.897992484786 76.5132534089768 9.25073742501472 0.0460249766904028 0.0624116602692427
27.4000000000001 12.1483343892544 110.852495791906 76.4884639053777 9.26659423278073 0.0467091348149561 0.0685240885631791
27.5000000000001 12.2025264296601 110.807031529657 76.4636827827181 9.28258404395056 0.0474037862817001 0.0742355288529476
27.6000000000001 12.2567265026777 110.761600345795 76.4389108647608 9.29870879290122 0.048109704287189 0.0795579837920891
27.7000000000001 12.3109345902865 110.716202900394 76.4141490467425 9.31497043739544 0.0488276781477695 0.0845026893408423
27.8000000000001 12.3651506545485 110.67083986705 76.3893982952322 9.3313709596305 0.0495585110808203 0.0890802428692233
27.9000000000001 12.419374637629 110.62551193409 76.3646596479893 9.34791236728703 0.050303018080475 0.0933007210962587
28.0000000000001 12.4736064618591 110.580219805774 76.339934213822 9.36459669457784 0.0510620238817003 0.0971737878096882
28.1000000000001 12.5278460298413 110.534964203501 76.3152231724413 9.38142600328911 0.0518363057338529 0.100683199324295
28.2000000000001 12.5820932246184 110.489745866982 76.290527774198 9.39840238362273 0.0526264244470135 0.103816324113936
28.3000000000001 12.6363479099265 110.44456555533 76.2658493395251 9.41552795453397 0.0534328861925202 0.106587826097899
28.4000000000001 12.690609930503 110.399424048122 76.2411892582634 9.43280486387034 0.0542561957057546 0.109012160738773
28.5000000000001 12.7448791124293 110.354322146457 76.216548988982 9.45023528850281 0.0550968546815808 0.111103590333612
28.6000000000001 12.799155263511 110.309260674013 76.1919300583 9.46782143445701 0.0559553603270865 0.112876194578624
28.7000000000001 12.8534381736946 110.26424047811 76.1673340602071 9.48556553704442 0.0568322040643962 0.114343876508315
28.8000000000001 12.9077276155237 110.219262430763 76.1427626553849 9.50346986099359 0.0577278703762853 0.115520364265865
28.9000000000001 12.9620233446339 110.174327429748 76.118217570528 9.52153670058138 0.0586428357870551 0.116419208930007
29.0000000000001 13.0163251002891 110.129436399652 76.0937005976648 9.5397683797641 0.0595775679709956 0.117053778974204
29.1000000000001 13.0706326059589 110.084590292939 76.0692135934757 9.5581672522989 0.0605324535864126 0.117427345784347
29.2000000000001 13.1249455699354 110.039790090944 76.0447584785216 9.57673570160811 0.0615075829532588 0.117546001345816
29.3000000000002 13.1792636859787 109.995036804745 76.0203372362494 9.59547613999132 0.062502962976594 0.117426814155558
29.4000000000002 13.233586633985 109.95033147597 75.9959519119082 9.61439100758051 0.0635185882650921 0.117086304735331
29.5000000000002 13.2879140806776 109.905675177603 75.9716046114623 9.63348277128534 0.064554441100155 0.116540414369053
29.6000000000002 13.3422456803223 109.861069014801 75.9472975005043 9.65275392373834 0.0656104915005272 0.115804479813728
29.7000000000002 13.3965810754648 109.816514125693 75.9230328031682 9.6722069822402 0.0666866973693841 0.114893213786825
29.8000000000002 13.4509198976924 109.772011682196 75.8988128010425 9.691844487705 0.0677830047096307 0.113820690797671
29.9000000000002 13.5052617684176 109.727562890818 75.8746398320829 9.71166900360547 0.068899347895911 0.112600338068125
30.0000000000002 13.5596062996849 109.683168993473 75.8505162895256 9.73168311491822 0.0700356499923827 0.111244931101803
30.1000000000002 13.6139530950065 109.638831268275 75.8264446207933 9.75188942706171 0.0711917506906778 0.10975662109609
30.2000000000002 13.6683017503888 109.594551030154 75.8024273262089 9.77229056464415 0.0723671860513966 0.10813951055097
30.3000000000002 13.7226518558014 109.550329630978 75.7784669572247 9.79288916972921 0.0735614002596782 0.106408074757946
30.4000000000002 13.7770029968133 109.50616845949 75.7545661144599 9.81368789991162 0.0747738177452046 0.104575817060819
30.5000000000002 13.8313547562303 109.462068941231 75.7307274457302 9.83468942638559 0.0760038437646212 0.10265528919598
30.6000000000002 13.8857067157236 109.41803253847 75.7069536440783 9.85589643201306 0.0772508649933542 0.100658117222666
30.7000000000002 13.9400584574484 109.374060750132 75.6832474458039 9.87731160939214 0.0785142501172171 0.0985950320441661
30.8000000000002 13.9944095656507 109.330155111718 75.6596116284936 9.89893765892543 0.0797933504158668 0.0964759035276462
30.9000000000002 14.0487596282588 109.286317195242 75.6360490090512 9.92077728688835 0.0810875003328486 0.0943097773843007
31.0000000000002 14.1031082384585 109.24254860915 75.6125624417274 9.94283320349751 0.0823960180275005 0.0921049140355528
31.1000000000002 14.1574549962438 109.198850998254 75.5891548161511 9.96510812097427 0.0837181869272144 0.0898633414980538
31.2000000000002 14.2117995097942 109.15522604378 75.5658290553723 9.98760475148333 0.0850532015983564 0.0875871512226175
31.3000000000002 14.2661413964419 109.111675463714 75.5425881139415 10.0103258047544 0.0864002293119909 0.0852835551011599
31.4000000000002 14.3204802834543 109.068201013262 75.5194349760006 10.0332739855786 0.0877584303318854 0.0829590318813978
31.5000000000002 14.374815808774 109.024804485317 75.496372653375 10.0564519913009 0.0891269586467576 0.0806193747552586
31.6000000000002 14.4291476217182 108.981487710928 75.473404183666 10.0798625093112 0.0905049626903439 0.0782697379391222
31.7000000000002 14.483475383637 108.938252559759 75.450532628343 10.1035082145368 0.0918915860509645 0.0759146819200799
31.8000000000002 14.5377987685248 108.895100940563 75.4277610708351 10.1273917669342 0.0932859681750665 0.0735582170361208
31.9000000000002 14.5921174635844 108.852034801645 75.405092614624 10.1515158089805 0.0946872450697137 0.071203845250432
32.0000000000002 14.6464311697402 108.809056131327 75.3825303813353 10.1758829631659 0.0960945500060887 0.0688545998850223
32.1000000000002 14.7007396021034 108.766166958412 75.360077508819 10.2004958294802 0.097506944811454 0.0664853557341386
32.2000000000002 14.7550424905379 108.723369352543 75.3377371489067 10.2253569827768 0.0989232080547184 0.0640733698758086
32.3000000000002 14.8093395805543 108.6806654243 75.3155124643525 10.2504689698212 0.100342036765252 0.061624375171559
32.4000000000002 14.8636306342713 108.638057325191 75.2934066254515 10.2758343062169 0.101762115977603 0.059143414598326
32.5000000000002 14.9179154312816 108.595547247643 75.2714228066457 10.301455473326 0.103182119982784 0.0566348862400422
32.6000000000002 14.9721937694143 108.553137424992 75.2495641831308 10.3273349151897 0.104600713618662 0.0541025864401421
32.7000000000002 15.0264654653864 108.510830131471 75.2278339274616 10.3534750354491 0.106016553605261 0.051549750914052
32.8000000000002 15.0807303553416 108.4686276822 75.2062352061589 10.379878194266 0.107428289928946 0.0489790936637773
32.9000000000002 15.1349882952699 108.426532433176 75.1847711763152 10.4065467052432 0.10883456728247 0.046392843558894
33.0000000000002 15.1892391613037 108.384546781261 75.1634449822012 10.4334828323455 0.11023402656539 0.043792778563084
33.1000000000002 15.2434828498907 108.342673164172 75.1422597518692 10.4606887868257 0.111625330568794 0.0411678145859987
33.2000000000002 15.297719277915 108.300914060495 75.1212185936874 10.4881667242897 0.113007236023794 0.038507122904569
33.3000000000002 15.3519483828913 108.25927198975 75.100324592699 10.5159187421142 0.114378519531004 0.0358122423095444
33.4000000000002 15.4061701231114 108.217749512485 75.0795808069118 10.5439468770049 0.115737954725586 0.033084326061184
33.5000000000002 15.4603844776643 108.176349230359 75.0589902635853 10.5722531025581 0.117084314129754 0.0303241639914134
33.6000000000002 15.5145914463219 108.135073786242 75.0385559555178 10.6008393268238 0.118416371086681 0.0275322027010265
33.7000000000002 15.5687910492889 108.093925864296 75.0182808373336 10.6297073898682 0.119732901780985 0.0247085639013594
33.8000000000002 15.6229833268125 108.052908190072 74.99816782177 10.6588590613366 0.121032687347253 0.0218530609779437
33.9000000000002 15.67716833865 108.012023530598 74.9782197759643 10.6882960380151 0.12231451606911 0.0189652137776499
34.0000000000002 15.7313461633896 107.971274694466 74.9584395177412 10.7180199413944 0.123577185671598 0.0160442617398558
34.1000000000002 15.7855168976299 107.93066453193 74.9388298118986 10.7480323152377 0.124819534629807 0.0130852790762995
34.2000000000002 15.8396806551299 107.890195934957 74.9193933664766 10.7783346233157 0.126040528916317 0.0100832332707416
34.3000000000002 15.8938375661232 107.849871837209 74.9001328289791 10.8089282475616 0.127239173311047 0.00703682685058128
34.4000000000002 15.9479877766147 107.809695214001 74.8810507825775 10.8398144863906 0.12841448426373 0.003944535254718
34.5000000000002 16.0021314475459 107.769669082245 74.8621497423145 10.8709945530277 0.129565492382254 0.000804611331094372
34.6000000000002 16.056268753821 107.729796500401 74.8434321513067 10.902469573833 0.130691245013828 -0.00238491120548029
34.7000000000002 16.1103998831946 107.690080568431 74.8249003769483 10.9342405866298 0.131790808919368 -0.00562621533117136
34.8000000000002 16.1645250350197 107.650524427745 74.8065567071141 10.9663085390302 0.132863273040966 -0.00892169922046673
34.9000000000002 16.2186444188563 107.611131261155 74.7884033463624 10.9986742867622 0.133907751363706 -0.0122739756470603
35.0000000000002 16.2727582529405 107.571904292821 74.7704424121387 11.0313385919963 0.134923385871299 -0.0156858722794526
35.1000000000002 16.326866762524 107.532846788197 74.7526759309999 11.06430212169 0.135909488239678 -0.0191112121463338
35.2000000000002 16.380970178326 107.493962053768 74.7351058353898 11.0975654463899 0.136865952405427 -0.0225054095425854
35.3000000000002 16.4350687355126 107.455253436267 74.7177339618148 11.1311290401981 0.137792829257125 -0.0258736448281729
35.4000000000002 16.4891626728694 107.416724321688 74.70056204957 11.1649932811959 0.138690187078165 -0.0292208568356493
35.5000000000002 16.5432522319391 107.378378134292 74.6835917394873 11.1991584518856 0.139558112158982 -0.0325517656531424
35.6000000000002 16.5973376561206 107.340218335613 74.666824572683 11.2336247396322 0.140396709441163 -0.0358708933147013
35.7000000000002 16.6514191897289 107.302248423462 74.6502619893057 11.2683922371055 0.141206103190127 -0.0391825826330328
35.8000000000002 16.7054970770195 107.264471930934 74.6339053272838 11.3034609427214 0.141986437692702 -0.0424910142725352
35.9000000000002 16.7595715611798 107.22689242541 74.6177558210736 11.3388307610836 0.142737877977893 -0.0458002222901499
36.0000000000002 16.8136428832891 107.189513507568 74.6018146004069 11.3745015034258 0.143460610558762 -0.0491141081974151
36.1000000000002 16.8677112812502 107.152338810379 74.5860826890397 11.4104728880493 0.144154819929794 -0.0524283940962032
36.2000000000002 16.9217769886744 107.11537199804 74.570561003526 11.4467445406661 0.144820616524597 -0.0557390299449429
36.3000000000002 16.9758402336888 107.078616764706 74.5552503520542 11.4833159945011 0.145458110251829 -0.0590500904110899
36.4000000000002 17.0299012376873 107.042076833159 74.5401514333098 11.5201866902982 0.146067435566072 -0.0623655566816722
36.5000000000002 17.0839602140471 107.005755953458 74.5252648353373 11.5573559763239 0.146648752306053 -0.0656893271435476
36.6000000000003 17.1380173668113 106.969657901608 74.5105910344034 11.5948231083699 0.14720224655564 -0.0690252271728414
36.7000000000003 17.1920728893419 106.933786478212 74.4961303938597 11.6325872497566 0.147728131529388 -0.0723770180728749
36.8000000000003 17.246126962945 106.898145507134 74.4818831630055 11.670647471336 0.148226648478568 -0.0757484051809835
36.9000000000003 17.3001797554701 106.862738834156 74.4678494759504 11.7090027514947 0.148698067622764 -0.0791430451711878
37.0000000000003 17.3542314198877 106.827570325641 74.4540293504772 11.747651976157 0.149142689101786 -0.0825645525694792
37.1000000000003 17.4082820928569 106.792643867174 74.4404226869212 11.7865939387971 0.149560894456159 -0.0859700393278824
37.2000000000003 17.462331893537 106.75796336191 74.4270292674763 11.8258273406862 0.149953287805791 -0.0893167298676063
37.3000000000003 17.5163809230598 106.723532728135 74.4138487565857 11.865350791736 0.150320524556108 -0.0926082189093845
37.4000000000003 17.570429264282 106.689355896523 74.40088070176 11.9051628115776 0.15066325703838 -0.0958479024808115
37.5000000000003 17.6244769815702 106.655436807382 74.388124534411 11.945261830649 0.15098213342516 -0.0990389957873745
37.6000000000003 17.6785241206107 106.621779407902 74.3755795706865 11.985646191283 0.151277796695702 -0.102184549863058
37.7000000000003 17.7325707082433 106.588387649397 74.3632450123039 12.0263141487948 0.15155088365017 -0.105287467104354
37.8000000000003 17.7866167523201 106.555265484555 74.3511199473848 12.0672638725696 0.151802023972554 -0.108350515791602
37.9000000000003 17.8406622415884 106.522416864681 74.3392033512894 12.1084934471507 0.152031839341007 -0.111376343704426
38.0000000000003 17.894707145598 106.489845736945 74.3274940874504 12.1500008733266 0.152240942586376 -0.114367490923006
38.1000000000003 17.9487514146393 106.457556041618 74.3159909082209 12.1917840692256 0.152429974968376 -0.117290842947415
38.2000000000003 18.0027949798671 106.425551709131 74.3046924560747 12.2338408715731 0.152599710317417 -0.120112921447843
38.3000000000003 18.0568377538689 106.393836656663 74.2935972657015 12.2761690373649 0.152750923155809 -0.122835527655031
38.4000000000003 18.11087963144 106.362414784547 74.282703766454 12.3187662457042 0.152884346305793 -0.125460320943943
38.5000000000003 18.1649204904119 106.331289972674 74.2720102848095 12.3616300996443 0.153000668938117 -0.127988839857446
38.6000000000003 18.2189601925228 106.300466076889 74.2615150468303 12.4047581280325 0.153100534735864 -0.130422521936567
38.7000000000003 18.2729985843286 106.269946925395 74.2512161806254 12.4481477873526 0.153184540175278 -0.132762722434236
38.8000000000003 18.327035498151 106.239736315147 74.2411117188111 12.4917964635682 0.15325323292424 -0.135010731952805
38.9000000000003 18.3810707530573 106.209838008261 74.2311996009723 12.5357014739662 0.153307110359997 -0.137167793072605
39.0000000000003 18.4351041558712 106.180255728403 74.2214776761236 12.5798600689994 0.153346618206125 -0.139235115994198
39.1000000000003 18.4891355022108 106.150993157198 74.2119437051709 12.6242694341334 0.153372154925342 -0.141210884730048
39.2000000000003 18.5431645776372 106.122053930575 74.2025953633956 12.668926691774 0.153384084594722 -0.14309319442155
39.3000000000003 18.5971911590439 106.093441635012 74.1934302429942 12.7138289034024 0.153382713866327 -0.144883117872824
39.4000000000003 18.6512150161505 106.065159803725 74.1844458556398 12.7589730717917 0.1533682846162 -0.146581753363786
39.5000000000003 18.7052359130121 106.037211912861 74.1756396350452 12.8043561432268 0.153340973090276 -0.148190236864944
39.6000000000003 18.7592536095364 106.009601377695 74.1670089395248 12.8499750097236 0.153300889200098 -0.149709753222514
39.7000000000003 18.8132678630025 105.982331548814 74.1585510545575 12.8958265112494 0.153248075967018 -0.151141546394996
39.8000000000003 18.8672784295772 105.955405708315 74.1502631953491 12.9419074379421 0.153182509114161 -0.152486928719263
39.9000000000003 18.9212850658236 105.928827065993 74.1421425093951 12.9882145323301 0.153104096809732 -0.153747289250519
40.0000000000003 18.9752875301972 105.902598755539 74.1341860790428 13.0347444915519 0.153012679556485 -0.154924101200861
40.1000000000003 19.0292855845195 105.876723830737 74.1263909240523 13.0814939695785 0.152908104496402 -0.156035771926915
40.2000000000003 19.0832789953391 105.851205262008 74.1187540041059 13.128459579504 0.152790454016258 -0.157099677093212
40.3000000000003 19.1372675350511 105.826045933789 74.1112722211886 13.1756378960085 0.152659832749554 -0.158115858103289
40.4000000000003 19.1912509829394 105.801248642253 74.1039424219178 13.2230254578895 0.152516294385344 -0.159084425536911
40.5000000000003 19.2452291262326 105.776816093034 74.0967613998702 13.270618770596 0.152359841389699 -0.16000556438583
40.6000000000003 19.2992017611728 105.752750898957 74.0897258979103 13.3184143087626 0.152190424816324 -0.16087953898403
40.7000000000003 19.3531686940934 105.729055577771 74.0828326105167 13.3664085187428 0.152007944212768 -0.161706697603482
40.8000000000003 19.4071297425028 105.705732549869 74.076078186111 13.4145978211438 0.151812247618423 -0.16248747677795
40.9000000000003 19.4610847361685 105.682784136027 74.0694592293841 13.4629786133598 0.151603131658653 -0.163222405285534
41.0000000000003 19.5150335181998 105.660212555125 74.0629723036245 13.5115472721061 0.151380341735144 -0.163912107877687
41.1000000000003 19.5689759461188 105.638019921884 74.0566139330393 13.5603001559504 0.151143578573122 -0.164575907778119
41.2000000000003 19.6229118928236 105.616208244717 74.050380604911 13.6092336077658 0.150892523600267 -0.165233322932548
41.3000000000003 19.6768412472872 105.594779423877 74.0442687713378 13.6583439569872 0.150626831480297 -0.165885422356264
41.4000000000003 19.7307639151437 105.573735249726 74.038274850809 13.7076275217905 0.150346125890629 -0.166533382195176
41.5000000000003 19.7846798192564 105.553077401002 74.0323952297748 13.7570806112681 0.150050000062449 -0.167178489679488
41.6000000000003 19.8385889002687 105.532807443096 74.0266262642155 13.8066995276051 0.149738017378925 -0.167822147343726
41.7000000000003 19.8924911171348 105.51292682632 74.0209642812111 13.8564805682547 0.149409712030743 -0.168465877555633
41.8000000000003 19.9463864476301 105.493436884179 74.0154055805105 13.9064200281144 0.149064589727506 -0.169111327410953
41.9000000000003 20.0002748888371 105.474338831645 74.0099464361015 13.956514201702 0.148702128468691 -0.169760274033008
42.0000000000003 20.0541564576067 105.455633763422 74.0045830977793 14.0067593853309 0.148321779367607 -0.17041463033863
42.1000000000003 20.1080311909919 105.437322652229 73.9993117927182 14.0571518792874 0.147922993759229 -0.171075566162305
42.2000000000003 20.1618991466379 105.419406347162 73.9941287270711 14.1076879900275 0.147505303009848 -0.17174389663805
42.3000000000003 20.2157604031123 105.401885572303 73.9890300876465 14.1583640324278 0.14706824102547 -0.172421210165048
42.4000000000003 20.2696150602036 105.384760925417 73.9840120436147 14.2091763320562 0.146611318783572 -0.173109236397448
42.5000000000003 20.3234632392053 105.368032876651 73.9790707482151 14.2601212274438 0.146134025078213 -0.173809853440009
42.6000000000003 20.3773050831819 105.351701767241 73.9742023404636 14.311195072357 0.145635827319688 -0.174525095692565
42.7000000000003 20.4311407572179 105.335767808212 73.9694029468605 14.3623942380691 0.145116172388793 -0.17525716247081
42.8000000000003 20.4849704486477 105.320231079078 73.9646686830973 14.4137151156322 0.144574487546952 -0.176008427482734
42.9000000000003 20.538794367265 105.305091526544 73.9599956557647 14.4651541181494 0.144010181400341 -0.176781449252291
43.0000000000003 20.5926127455115 105.290348963212 73.9553799640597 14.5167076830462 0.143422644921253 -0.177578982622159
43.1000000000003 20.6464258386335 105.276003066298 73.9508177014979 14.5683722743385 0.142811377939895 -0.17839904184598
43.2000000000003 20.7002339245712 105.26205337686 73.9463049577478 14.6201443847911 0.142176371246792 -0.179237212319687
43.3000000000003 20.7540373032271 105.248499300312 73.9418378207751 14.6720205377998 0.141517738845288 -0.180092805994718
43.4000000000003 20.8078362955349 105.235340107441 73.9374123791095 14.723997289164 0.140835592948657 -0.180965197497162
43.5000000000003 20.8616312425792 105.222574935443 73.9330247241156 14.7760712288556 0.140130043140798 -0.181853826665416
43.6000000000004 20.9154225047709 105.210202788962 73.9286709522647 14.8282389827875 0.139401195572317 -0.182758201430767
43.7000000000004 20.9692104610809 105.198222541128 73.9243471674054 14.8804972145825 0.138649152192907 -0.183677901059227
43.8000000000004 21.0229955083292 105.186632934593 73.9200494830355 14.9328426273416 0.137874010021726 -0.184612579776293
43.9000000000004 21.0767780605293 105.175432582569 73.915774024573 14.9852719654133 0.137075860457573 -0.185561970802178
44.0000000000004 21.1305585482864 105.164619969866 73.911516931627 15.0377820161615 0.136254788631353 -0.18652589082166
44.1000000000004 21.1843374182405 105.154193453944 73.9072743602731 15.090369611729 0.135410969587523 -0.187498021677902
44.2000000000004 21.2381151323318 105.144151266362 73.90304248541 15.1430316306478 0.13454496155107 -0.188469751865913
44.3000000000004 21.2918921665547 105.134491515239 73.8988175033295 15.1957649990636 0.133657420323026 -0.18943745234146
44.4000000000004 21.3456690095844 105.125212188106 73.8945956343687 15.2485666918079 0.132749001195125 -0.190397394426732
44.5000000000004 21.3994461615034 105.116311154774 73.8903731255654 15.3014337334647 0.131820356732667 -0.19134574407746
44.6000000000004 21.4532241326339 105.10778617021 73.8861462533138 15.3543631994366 0.130872134603424 -0.19227855624034
44.7000000000004 21.5070034424762 105.099634877404 73.8819113260203 15.4073522170113 0.129904975453856 -0.19319176932694
44.8000000000004 21.560784618749 105.091854810237 73.8776646867589 15.4603979664277 0.128919510835165 -0.194081199721231
44.9000000000004 21.6145681965297 105.084443396355 73.8734027159269 15.5134976819428 0.127916361187081 -0.194942536354697
45.0000000000004 21.6683547174926 105.077397960036 73.8691218339005 15.5666486528977 0.126896133878378 -0.195771335278552
45.1000000000004 21.7221447292316 105.07071572508 73.8648185036852 15.619848224775 0.125859529443429 -0.196578542153156
45.2000000000004 21.7759387844033 105.064393818121 73.8604892334266 15.6730938000207 0.124807671867448 -0.197372880486577
45.3000000000004 21.8297374392891 105.058429273041 73.8561305785701 15.7263828382682 0.123741795069858 -0.198146198668403
45.4000000000004 21.8835412522267 105.052819035807 73.8517391438797 15.7797128563271 0.122663133180184 -0.198889968207292
45.5000000000004 21.9373507821783 105.047559969325 73.847311585453 15.8330814281624 0.121572916985455 -0.199595265989006
45.6000000000004 21.9911665874424 105.0426488583 73.8428446127352 15.8864861848743 0.120472370449753 -0.200252757683158
45.7000000000004 22.0449892245054 105.038082414087 73.8383349905341 15.9399248146777 0.119362707310292 -0.200852682505461
45.8000000000004 22.0988192470301 105.033857279551 73.8337795410338 15.9933950628819 0.118245127758011 -0.201384839477483
45.9000000000004 22.1526572049759 105.02997003392 73.8291751458101 16.0468947318697 0.117120815208241 -0.201838575380171
46.0000000000004 22.2065036438474 105.026417197641 73.8245187478437 16.1004216810775 0.115990933171816 -0.202202774546026
46.1000000000004 22.2603591040588 105.023195237236 73.8198073535219 16.1539738269661 0.114856633013808 -0.202514597199134
46.2000000000004 22.3142241202384 105.02030057015 73.8150380342751 16.2075491427786 0.1137190949056 -0.202812833675629
46.3000000000004 22.3680992201922 105.017729569576 73.8102079272933 16.2611456577552 0.112579512639835 -0.203088107262495
46.4000000000004 22.4219849238042 105.015478569273 73.8053142358795 16.3147614561335 0.111439082564746 -0.203330555235898
46.5000000000004 22.4758817420447 105.013543868383 73.8003542297881 16.3683946761419 0.110299000466871 -0.203529813570642
46.6000000000004 22.5297901760896 105.011921736248 73.7953252455645 16.4220435089922 0.109160458531373 -0.203675004163446
46.7000000000004 22.5837107165496 105.01060841723 73.7902246868839 16.4757061978719 0.108024642386069 -0.203754724986019
46.8000000000004 22.6376438428027 105.009600135525 73.785050024891 16.5293810369373 0.106892728232196 -0.203757043688344
46.9000000000004 22.69159002243 105.008893099984 73.7797987985382 16.583066370306 0.105765880071975 -0.203669495030902
47.0000000000004 22.7455497107487 105.008483508927 73.7744686149255 16.6367605910498 0.104645247037619 -0.203479082709111
47.1000000000004 22.7995233504381 105.008367554963 73.7690571496317 16.6904621401836 0.10353197709599 -0.203200499230701
47.2000000000004 22.8535113711845 105.008541429815 73.7635621468447 16.7441695055632 0.102427268905513 -0.20284887119932
47.3000000000004 22.9075141892381 105.009001329164 73.7579814189825 16.7978812205502 0.101332330173082 -0.202411044863076
47.4000000000004 22.9615322069894 105.009743457505 73.7523128461136 16.8515958625851 0.100248360200579 -0.201873324229129
47.5000000000004 23.0155658126328 105.010764033002 73.7465543753688 16.9053120517571 0.0991765474157831 -0.20122148872147
47.6000000000004 23.0696153799157 105.012059292337 73.7407040203538 16.9590284493739 0.0981180670303351 -0.200440818430184
47.7000000000004 23.1236812679712 105.013625495566 73.7347598605616 17.0127437565315 0.0970740788365475 -0.199516127645749
47.8000000000004 23.1777638212297 105.015458930974 73.7287200407846 17.0664567126839 0.0960457251562773 -0.1984318073731
47.9000000000004 23.2318633694078 105.017555919929 73.7225827705271 17.1201660942125 0.0950341289569398 -0.197171877398968
48.0000000000004 23.2859802275706 105.019912821734 73.7163463234178 17.1738707129966 0.0940403921496518 -0.195720048511568
48.1000000000004 23.3401146962534 105.02252603847 73.7100090365982 17.22756941497 0.0930655905002618 -0.194168262044192
48.2000000000004 23.3942670613876 105.02539201957 73.7035693095026 17.2812610783535 0.0921107800853177 -0.192613651452998
48.3000000000004 23.4484375936209 105.0285072657 73.6970256010902 17.3349446110633 0.0911770387566041 -0.191047198330776
48.4000000000004 23.5026265474374 105.031868332371 73.6903764264685 17.3886189477934 0.0902654721395295 -0.189459464969284
48.5000000000004 23.5568341603314 105.035471833539 73.683620353493 17.4422830470865 0.0893772114801312 -0.187840622982157
48.6000000000004 23.6110606520445 105.039314445205 73.6767559993664 17.4959358884047 0.0885134116237372 -0.186180489524197
48.7000000000004 23.6653062238667 105.043392909017 73.6697820272388 17.5495764691998 0.0876752491311304 -0.184468571931916
48.8000000000004 23.7195710580015 105.047704035868 73.6626971428072 17.6032038019838 0.086863920532625 -0.182694121461374
48.9000000000004 23.773855316993 105.052244709501 73.6555000909151 17.6568169114001 0.0860806407243182 -0.180846196823483
49.0000000000004 23.828159143218 105.057011890106 73.6481896521521 17.7104148312931 0.0853266415098875 -0.178913738020265
49.1000000000004 23.8824826584374 105.062002617898 73.640764639446 17.7639966017771 0.0846030644769757 -0.176962103831764
49.2000000000004 23.9368259633174 105.06721401613 73.6332238944543 17.8175612662371 0.0839106529289585 -0.175063053311147
49.3000000000004 23.991189136767 105.072643292648 73.6255662834458 17.8711078681615 0.0832500867095306 -0.173214809305957
49.4000000000004 24.0455722352113 105.078287740886 73.6177906929827 17.9246354479073 0.0826220897124257 -0.171415226926455
49.5000000000004 24.0999752918874 105.084144740834 73.6098960255944 17.9781430394635 0.0820274290297194 -0.169661799321689
49.6000000000004 24.154398316169 105.090211760005 73.601881195451 18.0316296672138 0.0814669141774652 -0.167951666063056
49.7000000000004 24.2088412929228 105.096486354406 73.5937451240375 18.0850943427003 0.0809413963934566 -0.166281624558411
49.8000000000004 24.2633041818987 105.102966169503 73.5854867358274 18.1385360613859 0.0804517680006124 -0.164648144796455
49.9000000000004 24.3177869171574 105.109648941197 73.5771049539566 18.1919537994177 0.0799989618280671 -0.163047387857701
50.0000000000004 24.3722894065378 105.116532496783 73.5685986958975 18.2453465103902 0.0795839506810295 -0.161475228501871
50.1000000000004 24.4268115311643 105.123614755903 73.559966869133 18.2987131221082 0.0792076118275685 -0.159985075690818
50.2000000000004 24.4813531449166 105.130893730874 73.551208366849 18.3520525333516 0.0788703288401251 -0.158635362736492
50.3000000000004 24.5359140737213 105.138367525463 73.5423220636692 18.4053636106459 0.0785724093261936 -0.1574286400376
50.4000000000004 24.5904941147709 105.146034333043 73.5333068114086 18.4586451850332 0.0783142218510741 -0.156366549351005
50.5000000000004 24.6450930357451 105.15389243473 73.5241614348272 18.5118960488441 0.0780961960481589 -0.155449794954771
50.6000000000004 24.6997105740458 105.161940197522 73.514884727383 18.5651149524693 0.0779188227469403 -0.154678120172723
50.7000000000005 24.7543464360479 105.170176072429 73.505475446986 18.6183006011316 0.0777826541097093 -0.15405029002758
50.8000000000005 24.8090002963722 105.178598592614 73.4959323117521 18.6714516516575 0.0776883037668148 -0.153564080735689
50.9000000000005 24.8636717971856 105.187206371524 73.4862539957557 18.7245667092486 0.0776364469392153 -0.153216276798589
51.0000000000005 24.9183605475325 105.195998101028 73.4764391247844 18.7776443242537 0.0776278205352919 -0.153002676321507
51.1000000000005 24.973066122712 105.204972549538 73.4664862721122 18.8306829889555 0.077663038773796 -0.152887844130333
51.2000000000005 25.0277880639077 105.214128559698 73.4563939547998 18.883681134748 0.0777420335236641 -0.15284161185071
51.3000000000005 25.0825258783735 105.223465044994 73.4461606313317 18.9366371303066 0.0778645966614897 -0.152866495712554
51.4000000000005 25.1372790398213 105.232980985935 73.4357846997788 18.9895492801491 0.0780305633129039 -0.152964405462795
51.5000000000005 25.1920469888032 105.24267542622 73.4252644959825 19.0424158232112 0.0782398122287977 -0.153136641250632
51.6000000000005 25.2468291330834 105.252547468899 73.4145982917373 19.0952349314228 0.0784922661179887 -0.153383896367457
51.7000000000005 25.301624848006 105.262596272545 73.403784292975 19.1480047082836 0.0787878919447739 -0.153706265578418
51.8000000000005 25.3564334768623 105.272821047412 73.3928206379474 19.200723187439 0.0791267011943007 -0.154103258778998
51.9000000000005 25.4112543312624 105.283221051605 73.3817053954102 19.2533883312562 0.0795087501118887 -0.154573819479719
52.0000000000005 25.4660866915157 105.293795587242 73.3704365628062 19.3059980293997 0.0799341399188982 -0.155116347748962
52.1000000000005 25.5209298070214 105.304543996618 73.3590120644513 19.3585500974047 0.0804029913159211 -0.155733885005461
52.2000000000005 25.5757828965641 105.315465658253 73.3474297497839 19.411042275169 0.0809153704655553 -0.156429564507703
52.3000000000005 25.6306451483458 105.326559982666 73.3356873917766 19.4634722252436 0.081471371488478 -0.157201123633392
52.4000000000005 25.6855157199253 105.33782640803 73.3237826854114 19.5158375310416 0.0820711434592426 -0.15804578255169
52.5000000000005 25.7403937381758 105.349264395838 73.3117132461576 19.5681356950449 0.0827148909973257 -0.15896028092907
52.6000000000005 25.7952782992714 105.360873426549 73.2994766084492 19.6203641370109 0.0834028748446418 -0.159940916658197
52.7000000000005 25.8501684687062 105.372652995253 73.2870702241632 19.6725201921789 0.0841354124252768 -0.160983586063097
52.8000000000005 25.9050632813521 105.384602607322 73.274491461097 19.7246011094764 0.0849128783863685 -0.162083825101513
52.9000000000005 25.9599617415608 105.396721774069 73.2617376014458 19.7766040497262 0.0857357051153346 -0.16323685113191
53.0000000000005 26.0148628233145 105.409010008406 73.2488058402811 19.8285260838523 0.0866043832300203 -0.164437604880285
53.1000000000005 26.069765470444 105.421466820486 73.2356932840568 19.8803641911084 0.0875192351322724 -0.165635270904154
53.2000000000005 26.1246685971896 105.434091713064 73.2223969498612 19.9321152578685 0.0884797227805662 -0.166788343433454
53.3000000000005 26.1795710895162 105.44688417612 73.2089137665635 19.9837760778464 0.0894851084473206 -0.167905376899261
53.4000000000005 26.2344718066979 105.459843681208 73.1952405767057 20.0353433528768 0.0905346802186321 -0.16899465308977
53.5000000000005 26.2893695828867 105.472969675775 73.1813741384227 20.0868136937191 0.0916277537159993 -0.170064129221923
53.6000000000005 26.3442632286576 105.486261577499 73.1673111273632 20.1381836208608 0.092763673886331 -0.171121395456576
53.7000000000005 26.3991515325314 105.499718768611 73.1530481386104 20.1894495653204 0.093941816847184 -0.172173641292562
53.8000000000005 26.4540332624751 105.513340590231 73.1385816886023 20.2406078694513 0.0951615917738213 -0.173227630090904
53.9000000000005 26.5089071673844 105.527126336689 73.1239082170526 20.2916547877447 0.0964224428163772 -0.174289680995063
54.0000000000005 26.5637719785482 105.541075249864 73.1090240888711 20.3425864876333 0.0977238510378979 -0.175365657385335
54.1000000000005 26.6186264111075 105.555186513515 73.0939255961028 20.3933990503095 0.0990652400205955 -0.176393262172369
54.2000000000005 26.6734691657907 105.569459247879 73.0786089603523 20.4440884719307 0.10044567202804 -0.177317203736661
54.3000000000005 26.7282989313536 105.58389250492 73.063070336439 20.4946506658086 0.101864109718253 -0.17815306943975
54.4000000000005 26.7831143872574 105.598485263829 73.0473058165368 20.5450814649855 0.103319510421201 -0.178915814660285
54.5000000000005 26.837914206296 105.613236426539 73.031311434333 20.595376624825 0.10481082833044 -0.179619716352181
54.6000000000005 26.8926970571596 105.628144813237 73.0150831691869 20.6455318256038 0.106337016738969 -0.180278340881975
54.7000000000005 26.9474616069323 105.643209157877 72.9986169502885 20.6955426751025 0.107897030303643 -0.18090452454062
54.8000000000005 27.0022065235207 105.658428103693 72.9819086608174 20.7454047111968 0.109489827326436 -0.181510365104507
54.9000000000005 27.056930478011 105.673800198713 72.9649541421009 20.7951134044488 0.111114372046187 -0.182107222889268
55.0000000000005 27.1116321469514 105.689323891272 72.9477491977733 20.8446641606983 0.112769636935947 -0.182705729823998
55.1000000000005 27.1663102145728 105.704997525538 72.930289597953 20.8940523236711 0.114454498761672 -0.183247091051218
55.2000000000005 27.2209633752991 105.720819337448 72.9125710839011 20.9432731780423 0.116167400990739 -0.18367937655957
55.3000000000005 27.2755903370958 105.73678745167 72.8945893739042 20.9923219536531 0.117906637952586 -0.184022192835855
55.4000000000005 27.3301898250526 105.752899878968 72.8763401696383 21.0411938301815 0.119670458480129 -0.184294098223876
55.5000000000005 27.3847605848274 105.769154513583 72.8578191625516 21.0898839418307 0.121457068704807 -0.184512612457229
55.6000000000005 27.439301385928 105.785549130618 72.8390220402469 21.1383873820182 0.123264634936195 -0.184694237745108
55.7000000000005 27.4938110248249 105.802081383419 72.8199444928645 21.1866992080637 0.125091286623315 -0.184854489518471
55.8000000000005 27.5482883278831 105.818748800957 72.8005822194646 21.234814445878 0.126935119400467 -0.185007935078305
55.9000000000005 27.6027321541066 105.835548785207 72.7809309344104 21.2827280946511 0.128794198225986 -0.185168238468496
56.0000000000005 27.6571413976847 105.852478608537 72.7609863737503 21.3304351315412 0.13066656062601 -0.185348210161555
56.1000000000005 27.7115149903478 105.869535411121 72.7407443015904 21.3779305163632 0.132550352111803 -0.185481197124238
56.2000000000005 27.7658519039261 105.886716199326 72.7202005161959 21.4252091962889 0.134444200233453 -0.185501864848166
56.3000000000005 27.8201511537741 105.904017846558 72.6993508554055 21.4722661105742 0.136346776208072 -0.185423851974295
56.4000000000005 27.8744118024568 105.921437095063 72.678191201775 21.5190961952979 0.138256658056817 -0.185260098121949
56.5000000000005 27.9286329632975 105.938970557777 72.6567174877104 21.5656943881002 0.140172332256277 -0.185022872613232
56.6000000000005 27.9828138037614 105.956614720169 72.6349257006012 21.6120556329223 0.142092195568206 -0.184723803940322
56.7000000000005 28.0369535486629 105.974365942086 72.6128118879537 21.6581748847443 0.144014557048585 -0.184373910025137
56.8000000000005 28.0910514831869 105.992220459601 72.5903721625238 21.7040471143252 0.145937640243561 -0.183983629119523
56.9000000000005 28.1451069557111 106.010174386852 72.5676027074505 21.7496673129409 0.147859585578576 -0.183562851347142
57.0000000000005 28.1991193804192 106.028223717894 72.5444997813893 21.7950304971235 0.149778452952397 -0.183120950680866
57.1000000000005 28.2530882396958 106.046364328544 72.5210597236496 21.8401317134046 0.151692185499639 -0.182654795773676
57.2000000000005 28.3070130863643 106.064591978338 72.4972789594619 21.8849660431739 0.153598490676995 -0.182162166330627
57.3000000000005 28.3608935458624 106.082902312763 72.4731540055699 21.9295286078295 0.155494952458784 -0.181653041448127
57.4000000000005 28.4147293182143 106.101290865594 72.4486814759508 21.9738145740438 0.15737907313802 -0.181136905005184
57.5000000000005 28.468520179708 106.119753061237 72.4238580875413 22.017819159034 0.159248277614129 -0.180622783453277
57.6000000000005 28.5222659842635 106.138284217068 72.3986806659631 22.061537635832 0.161099918009298 -0.180119284102328
57.7000000000006 28.5759666644769 106.15687954578 72.3731461512482 22.1049653385546 0.162931278628434 -0.179634633773631
57.8000000000006 28.6296222323297 106.175534157719 72.3472516035646 22.1480976676741 0.164739581278213 -0.179176717722544
57.9000000000006 28.6832327795487 106.194243063232 72.3209942089423 22.190930095288 0.166521990957614 -0.178753118807184
58.0000000000006 28.7367984776066 106.213001175004 72.2943712849982 22.2334581703895 0.168275621932184 -0.178371156817065
58.1000000000006 28.7903195773685 106.231803310439 72.2673802866446 22.2756775241349 0.16999766942723 -0.177973432853325
58.2000000000006 28.8437964088562 106.250644194946 72.2400188113387 22.3175838750381 0.171685764920351 -0.177502685857887
58.3000000000006 28.8972293819195 106.269518467546 72.2122846031707 22.3591730339803 0.173337558893049 -0.176966068464098
58.4000000000006 28.9506189870929 106.28842068738 72.1841755564929 22.4004409091469 0.174950594030899 -0.17637048266508
58.5000000000006 29.0039657961598 106.307345340267 72.155689719532 22.4413835109615 0.176522310777223 -0.175722599686031
58.6000000000006 29.0572704623919 106.326286845251 72.1268252980006 22.4819969570199 0.17805005333611 -0.175028879262675
58.7000000000006 29.1105337204495 106.345239561147 72.0975806587096 22.522277477024 0.179531076115559 -0.174295588615347
58.8000000000006 29.1637563859329 106.364197793099 72.0679543331799 22.5622214177162 0.180962550602321 -0.17352882127227
58.9000000000006 29.2169393545694 106.383155799123 72.0379450212545 22.6018252478132 0.182341572656317 -0.172734515990559
59.0000000000006 29.2700836010278 106.402107796661 72.0075515947102 22.64108556294 0.183665170207064 -0.171918475913299
59.1000000000006 29.3231901773547 106.421047969137 71.9767731008445 22.6799990905505 0.184930506803089 -0.17107366073409
59.2000000000006 29.3762602112232 106.439970472725 71.945608765403 22.7185626944962 0.186135469180118 -0.170190330876712
59.3000000000006 29.4292949043527 106.45886944363 71.9140579938338 22.7567733787013 0.187278075372183 -0.16927017980774
59.4000000000006 29.4822955308663 106.477739005594 71.8821203718831 22.7946282904869 0.18835628328782 -0.168314939865249
59.5000000000006 29.5352634354021 106.496573277386 71.8497956661654 22.8321247238803 0.189367996670295 -0.167326382095798
59.6000000000006 29.5882000309656 106.515366380316 71.8170838247334 22.8692601229256 0.1903110712977 -0.166306316211221
59.7000000000006 29.6411067965182 106.53411244573 71.783984977648 22.9060320849935 0.191183321398083 -0.165256590687043
59.8000000000006 29.6939852742944 106.552805622519 71.7504994375489 22.9424383640912 0.191982526252218 -0.164179093039281
59.9000000000006 29.7468370668464 106.571440084617 71.7166277002243 22.9784768741728 0.192706436950911 -0.1630757503304
60.0000000000006 29.799663833809 106.590010038504 71.682370445181 23.0141456924492 0.19335278327385 -0.161948529960243
60.1000000000006 29.8524672883904 106.608509730709 71.6477285361886 23.0494430626829 0.193919491717219 -0.160806628833217
60.2000000000006 29.9052491937289 106.626933455169 71.6127030211462 23.0843673980983 0.194405324162414 -0.159656452162285
60.3000000000006 29.9580113594042 106.645275560264 71.5772951302299 23.118917283312 0.194809247291718 -0.158495958316691
60.4000000000006 30.0107556379693 106.663530455716 71.5415062733624 23.1530914758779 0.195130224514708 -0.157323289756416
60.5000000000006 30.0634839213883 106.681692619479 71.5053380376574 23.186888907818 0.195367219115281 -0.156136757807309
60.6000000000006 30.1161981373742 106.699756604638 71.4687921848635 23.2203086871522 0.195519197338592 -0.154934828199337
60.7000000000006 30.1689002456301 106.7177170463 71.4318706488081 23.2533500994289 0.195585131398478 -0.153716107229611
60.8000000000006 30.2215922339951 106.735568668487 71.3945755328412 23.2860126092552 0.195564002386325 -0.152479328365042
60.9000000000006 30.2742761144976 106.753306291034 71.35690910728 23.3182958618274 0.195454803061023 -0.151223339152001
61.0000000000006 30.326953919319 106.770924836476 71.3188738068521 23.3501996844613 0.195256540498696 -0.149947088300944
61.1000000000006 30.379627696661 106.788419336917 71.2804722281151 23.3817240880924 0.19496856612981 -0.148691678743054
61.2000000000006 30.4322995062727 106.805784940041 71.241707126228 23.4128692680017 0.194591576166408 -0.147494784171448
61.3000000000006 30.4849714143339 106.823016912989 71.2025814100783 23.4436356025726 0.194126655235532 -0.146350534851575
61.4000000000006 30.5376454882482 106.840110645382 71.1630981367626 23.4740236512738 0.193574948436644 -0.14525337634306
61.5000000000006 30.5903237916414 106.857061652323 71.1232605060406 23.5040341526113 0.192937656548035 -0.144198037194771
61.6000000000006 30.6430083795833 106.873865577389 71.0830718547911 23.533668022081 0.192216031053425 -0.1431794990182
61.7000000000006 30.6957012940395 106.890518195627 71.0425356514663 23.562926350121 0.191411369014863 -0.142192968662527
61.8000000000006 30.7484045595566 106.907015416552 71.0016554905469 23.5918104000645 0.190525007825287 -0.141233852155056
61.9000000000006 30.8011201791892 106.923353287138 70.960435086997 23.6203216060917 0.18955831986544 -0.140297730105429
62.0000000000006 30.8538501306691 106.939527994822 70.9188782707194 23.6484615711825 0.188512707102869 -0.139380334306908
62.1000000000006 30.9065963628166 106.955535870477 70.8769889810129 23.6762320650682 0.187389618753804 -0.138500428920164
62.2000000000006 30.9593607920389 106.971373391081 70.8347712610947 23.703635022156 0.186190623343212 -0.137677258894245
62.3000000000006 31.0121452986753 106.987037181558 70.7922292527892 23.7306725393884 0.184917347946381 -0.136907534885479
62.4000000000006 31.0649517234526 107.002524016293 70.7493671912816 23.7573468740745 0.183571450879268 -0.13618816532655
62.5000000000006 31.1177818642128 107.017830820648 70.7061893998735 23.7836604417219 0.182154615434091 -0.135516241658579
62.6000000000006 31.1706374729212 107.032954672459 70.66270028474 23.8096158138675 0.180668543696103 -0.134889024735109
62.7000000000006 31.2235202529576 107.047892803555 70.6189043296848 23.8352157159091 0.17911495047115 -0.134303932273195
62.8000000000006 31.2764318566899 107.062642601256 70.5748060908969 23.8604630249362 0.177495557354351 -0.133758527261868
62.9000000000006 31.3293738833327 107.077201609887 70.5304101917067 23.8853607675613 0.175812086968346 -0.133250507220175
63.0000000000006 31.3823478770879 107.091567532281 70.4857213173419 23.9099121177514 0.174066257398548 -0.132777694268103
63.1000000000006 31.4353553255621 107.105738231266 70.4407442096772 23.9341203946444 0.17225994746882 -0.132368650034147
63.2000000000006 31.4883976582792 107.11971173053 70.3954836618083 23.9579890599822 0.170395711423156 -0.132051346205883
63.3000000000006 31.5414762450466 107.133486213913 70.3499445121823 23.981521714573 0.168476274791265 -0.131822956372037
63.4000000000006 31.594592394527 107.147060024089 70.3041316385523 24.0047220943692 0.166504358497593 -0.131680836819072
63.5000000000006 31.6477473532082 107.160431661216 70.258049951926 24.027594066532 0.16448267189839 -0.131622507949869
63.6000000000006 31.7009423047729 107.17359978159 70.2117043905137 24.0501416254945 0.16241390628074 -0.131645636349188
63.7000000000006 31.7541783698628 107.186563196298 70.1650999136766 24.0723688890264 0.160300728843161 -0.131748017321649
63.8000000000006 31.8074566062289 107.199320869871 70.1182414958753 24.0942800942975 0.158145777173845 -0.131927557747625
63.9000000000006 31.8607780092605 107.211871918939 70.0711341206175 24.1158795939414 0.155951654240021 -0.132182259071736
64.0000000000006 31.9141435128848 107.224215610882 70.0237827744069 24.13717185212 0.153720923901543 -0.132510200256408
64.1000000000006 31.9675539908061 107.236351362452 69.9761924407034 24.1581614405773 0.151456213000511 -0.132965325308171
64.2000000000006 32.021010257528 107.24827873757 69.9283680942082 24.1788530344492 0.149160544279238 -0.133603754946615
64.3000000000006 32.0745130683022 107.259997443026 69.8803146959713 24.1992514074495 0.146837045743194 -0.134427141720399
64.4000000000006 32.1280631189133 107.271507323358 69.8320371888232 24.2193614268121 0.144488843760043 -0.135437466036979
64.5000000000006 32.1816610458481 107.282808355693 69.7835404928191 24.239188048222 0.142119058100371 -0.136637008567613
64.6000000000006 32.2353074268609 107.293900644596 69.7348295006828 24.258736310748 0.139730797587816 -0.138028318399045
64.7000000000006 32.2890027819244 107.304784416908 69.6859090732515 24.2780113317744 0.137327156346328 -0.139614175983119
64.8000000000006 32.3427475745513 107.315460016598 69.636784034919 24.2970183019328 0.134911210635418 -0.141397549758652
64.9000000000006 32.3965422134779 107.325927899603 69.5874591690808 24.3157624800341 0.132486016253003 -0.143381545211142
65.0000000000006 32.450387054693 107.336188628671 69.5379392135776 24.3342491880007 0.130054606491383 -0.145569344946246
65.1000000000006 32.5042824037772 107.346242868193 69.4882288561657 24.3524838058064 0.127619932523521 -0.148027089265477
65.2000000000006 32.5582285179301 107.356091378557 69.4383327306555 24.3704717666376 0.125184707612862 -0.150827281432848
65.3000000000006 32.6122256066951 107.365735009319 69.3882554147494 24.388218552613 0.122751614517853 -0.15398315852772
65.4000000000006 32.6662738323306 107.375174691905 69.3380014285481 24.4057296907233 0.120323367399426 -0.157508557909709
65.5000000000006 32.7203733104199 107.38441143229 69.2875752330836 24.4230107487802 0.117902711299928 -0.161417823952708
65.6000000000005 32.7745241107368 107.393446303689 69.2369812288508 24.4400673313647 0.115492422217708 -0.165725684422553
65.7000000000005 32.8287262583541 107.402280439232 69.1862237543404 24.4569050757757 0.113095307752664 -0.170447090348939
65.8000000000005 32.8829797349869 107.410915024654 69.135307084571 24.4735296479786 0.110714208294109 -0.175597012334364
65.9000000000005 32.9372844805589 107.419351290974 69.0842354296216 24.4899467385537 0.108351998709223 -0.181190185280218
66.0000000000005 32.9916403949811 107.427590507178 69.033012933164 24.506162058645 0.106011590488227 -0.187240792591535
66.1000000000005 33.0460473401073 107.435633972902 68.9816436710263 24.5221813359244 0.103695796716698 -0.193827620486283
66.2000000000005 33.1005051412097 107.443483010938 68.9301316505673 24.5380103109716 0.101406942222907 -0.201038839648206
66.3000000000005 33.1550135869176 107.451138959349 68.8784808121095 24.5536547347075 0.0991473150907043 -0.208901836290225
66.4000000000005 33.2095724286138 107.458603163408 68.8266950311827 24.5691203662427 0.0969193144024907 -0.217443239336985
66.5000000000005 33.2641813799197 107.46587696754 68.7747781207988 24.5844129707422 0.0947254562698927 -0.226688250096554
66.6000000000005 33.3188401162922 107.472961707255 68.722733833727 24.5995383172902 0.0925683805867733 -0.236659810369167
66.7000000000005 33.3735482747268 107.479858701094 68.6705658647686 24.614502176754 0.0904508584103149 -0.247377583681642
66.8000000000005 33.4283054535636 107.486569242559 68.6182778530317 24.6293103196494 0.0883757998303194 -0.258856723847197
66.9000000000005 33.4831112123916 107.493094592058 68.5658733842064 24.6439685140048 0.0863462621392538 -0.271106406121492
67.0000000000005 33.5379650720473 107.49943596884 68.5133559928396 24.6584825232259 0.0843654580452283 -0.284128099527593
67.1000000000005 33.5928665146943 107.505594542944 68.4607291646257 24.6728581039745 0.0824366170796319 -0.297941094556908
67.2000000000005 33.6478149837231 107.511571427429 68.407996339105 24.6871010044192 0.0805625630944879 -0.312564536379444
67.3000000000005 33.7028098830444 107.517367671301 68.3551609133988 24.7012169634296 0.0787461791063447 -0.327983654681161
67.4000000000004 33.7578505761526 107.522984252727 68.3022262463519 24.7152117101419 0.0769905653194988 -0.344169498262815
67.5000000000004 33.8129363852102 107.528422072255 68.2491956626909 24.7290909635397 0.0752990469658785 -0.361076110733419
67.6000000000004 33.8680665901637 107.533681946035 68.1960724571829 24.7428604320332 0.0736751800452614 -0.378637505058988
67.7000000000004 33.9232404278942 107.538764599038 68.142859898794 24.7565258130402 0.0721227541236328 -0.396764537562161
67.8000000000004 33.9784570914046 107.54367065828 68.0895612348475 24.770092792566 0.0706457912269644 -0.415341832887933
67.9000000000004 34.0337157290465 107.548400646038 68.0361796951823 24.7835670447834 0.0692485397613571 -0.434224971196071
68.0000000000004 34.0890154437897 107.552954973077 67.9827184963116 24.7969542316132 0.0679354623293126 -0.453238213468074
68.1000000000004 34.1443552925229 107.557333931865 67.9291808455986 24.8102600023113 0.0667111552296517 -0.472221206833202
68.2000000000004 34.199734285021 107.561537689819 67.8755699458758 24.8234899932445 0.0655801565607337 -0.490990717741528
68.3000000000004 34.2551513819876 107.56556628258 67.8218890011936 24.8366498281441 0.0645471295872029 -0.509288752828908
68.4000000000004 34.3106054927615 107.569419607323 67.7681412230126 24.8497451185481 0.0636168900428606 -0.526828450063559
68.5000000000004 34.3660954730647 107.573097416054 67.7143298364133 24.8627814642496 0.0627943586780133 -0.543299037215213
68.6000000000004 34.4216201228119 107.576599308911 67.6604580863054 24.8757644537466 0.0620845047435131 -0.558373245951802
68.7000000000004 34.4771781839933 107.579924727471 67.6065292436379 24.8886996646908 0.0614922813159356 -0.571717221598652
68.8000000000004 34.5327683386392 107.583072948046 67.5525466116078 24.9015926643368 0.0610225541629061 -0.583002708122116
68.9000000000004 34.5883892068769 107.586043074988 67.4985135318707 24.9144490099912 0.0606800266642999 -0.59192097789109
69.0000000000004 34.6440393450917 107.588834033992 67.4444333907495 24.9272742494619 0.0604691640702768 -0.598197656323795
69.1000000000004 34.6997172442004 107.591444565433 67.3903096254492 24.9400739215075 0.0603938719776803 -0.601585582385921
69.2000000000003 34.755421327982 107.593873218714 67.3361457303936 24.9528535563063 0.0604566783916805 -0.601939860456359
69.3000000000003 34.8111499513451 107.596118349165 67.2819452638723 24.965618675972 0.0606594251856561 -0.599229103495684
69.4000000000003 34.8669013986131 107.598178115939 67.2277118548111 24.9783747950886 0.0610034949365522 -0.59349660121008
69.5000000000003 34.9226738819002 107.600050479958 67.1734492095467 24.9911274212454 0.0614898086089688 -0.584858402108695
69.6000000000003 34.9784655395954 107.601733201851 67.1191611186005 25.0038820555729 0.062118840914005 -0.573497182617625
69.7000000000003 35.0342744349677 107.603223839896 67.0648514634543 25.0166441932777 0.0628906522837141 -0.559652520165925
69.8000000000003 35.0900985549107 107.604519747959 67.010524223324 25.0294193241782 0.063804935314797 -0.543608533948698
69.9000000000003 35.1459358088404 107.605618073435 66.9561834819347 25.0422129332399 0.0648610726981983 -0.525680052934903
70.0000000000003 35.2017840277651 107.606515755191 66.9018334342954 25.0550305011107 0.0660582031588803 -0.506198498118871
70.1000000000003 35.2576409635561 107.607209521544 66.8474783934577 25.0678775046425 0.0673950223688218 -0.485447819666212
70.2000000000003 35.3135042887384 107.607695889289 66.7931227968778 25.0807594170504 0.0688690213305272 -0.46373877549534
70.3000000000003 35.3693715972689 107.607971165392 66.7387712117675 25.0936817071533 0.0704773288332285 -0.441425978829436
70.4000000000003 35.4252404057866 107.608031449722 66.6844283400472 25.1066498382515 0.0722170551974885 -0.418829632235303
70.5000000000003 35.4811081550332 107.607872637828 66.630099023284 25.1196692669912 0.0740853647284341 -0.396230676579315
70.6000000000003 35.5369722114436 107.60749042372 66.5757882476299 25.1327454422291 0.0760795379059215 -0.373868746995801
70.7000000000003 35.5928298689205 107.606880302639 66.5215011487593 25.1458838038957 0.0781970228873879 -0.351942413529015
70.8000000000003 35.6486783508049 107.606037573839 66.467243016807 25.1590897818605 0.0804354765568113 -0.330611139384574
70.9000000000002 35.7045148120565 107.60495734336 66.4130193013064 25.1723687947955 0.0827927958222224 -0.309998414282877
71.0000000000002 35.7603363416585 107.60363452681 66.3588356161273 25.1857262490399 0.0852671401606114 -0.290195588260421
71.1000000000002 35.8161399652869 107.602063852179 66.3046977443803 25.1991675374441 0.0878565876797811 -0.271234713039882
71.2000000000002 35.8719226489138 107.600239863878 66.2506116424485 25.2126980376981 0.0905580398702089 -0.253144700890308
71.3000000000002 35.927681304354 107.598156929822 66.1965834418053 25.2263231093486 0.0933682583274903 -0.23597064470051
71.4000000000002 35.9834127956304 107.595809249735 66.1426194499592 25.2400480903006 0.0962842236228739 -0.219734864948123
71.5000000000002 36.0391139454824 107.593190863487 66.0887261513653 25.2538782932983 0.0993031370480956 -0.204441305869278
71.6000000000002 36.0947815419906 107.590295659441 66.0349102083365 25.2678190024067 0.102422417904695 -0.190079446257875
71.7000000000002 36.1504123453154 107.587117382795 65.9811784619553 25.2818754694932 0.105639697338886 -0.176627689455207
71.8000000000002 36.2060030945499 107.583649643929 65.9275379329849 25.296052910708 0.108952809567465 -0.164056237586549
71.9000000000002 36.2615505146846 107.579885926746 65.873995822781 25.3103565029665 0.112359781196209 -0.152329481113555
72.0000000000002 36.3170513236817 107.575819597016 65.8205595142027 25.3247913804299 0.115858819192117 -0.141407949802226
72.1000000000002 36.3725022396897 107.571443910736 65.7672365724887 25.3393626309826 0.119448114827017 -0.131241111275012
72.2000000000002 36.4278999891876 107.566752022931 65.7140347452027 25.3540752925939 0.123125254589542 -0.121781328875552
72.3000000000002 36.4832413172958 107.561736997563 65.6609619598182 25.3689343493899 0.126887710085681 -0.112990569962152
72.4000000000002 36.5385229989236 107.556391817878 65.6080263203734 25.3839447276096 0.130733000721874 -0.104830237560153
72.5000000000002 36.5937418499331 107.550709396775 65.5552361040901 25.3991112915573 0.13465867923736 -0.0972619242595056
72.6000000000002 36.6488947382716 107.544682587169 65.5025997579933 25.4144388395549 0.138662316796109 -0.0902479807392427
72.7000000000001 36.7039785950556 107.538304192356 65.4501258955293 25.4299320998939 0.142741487786063 -0.0837519323545073
72.8000000000001 36.7589904255875 107.531566976382 65.3978232931856 25.4455957267876 0.146893754449285 -0.0777387729082171
72.9000000000001 36.8139273202857 107.524463674404 65.3457008871096 25.4614342963235 0.15111665144425 -0.0721751603051889
73.0000000000001 36.8687864655085 107.516987003058 65.2937677697277 25.4774523024153 0.155407670433259 -0.0670295349766028
73.1000000000001 36.9235651542522 107.509129670843 65.2420331863524 25.4936541527392 0.159764067435655 -0.0622589027626676
73.2000000000001 36.9782607967884 107.500884388991 65.1905065314833 25.5100441642597 0.164182310022125 -0.0578247052840826
73.3000000000001 37.0328709313122 107.492243883584 65.1391973443289 25.5266265577108 0.168658585020842 -0.0537042614882276
73.4000000000001 37.0873932343547 107.483200908146 65.0881153040223 25.5434054516674 0.173188960977264 -0.049876073126617
73.5000000000001 37.1418255308156 107.473748256267 65.0372702248249 25.5603848566 0.177769375338554 -0.0463198606960805
73.6000000000001 37.1961658035708 107.463878774218 64.9866720513302 25.5775686689298 0.182395622399565 -0.0430165712095268
73.7000000000001 37.2504122026148 107.453585373569 64.9363308536676 25.5949606650838 0.187063342175085 -0.039948364661909
73.8000000000001 37.304563053694 107.442861043809 64.8862568227059 25.6125644955495 0.191768010370994 -0.0370985846862655
73.9000000000001 37.358616866387 107.431698864964 64.8364602652574 25.6303836789302 0.19650492962735 -0.0344517179034259
74.0000000000001 37.4125723415868 107.420092020213 64.7869515992813 25.6484215960001 0.201269222213591 -0.0319933454319908
74.1000000000001 37.4664283783803 107.408033808512 64.7377413490461 25.6666814837729 0.206055681716007 -0.0297228788099735
74.2000000000001 37.5201840813126 107.395517657359 64.6888401392093 25.6851664299333 0.210858305301042 -0.0276398106024294
74.3000000000001 37.5738387696129 107.382537135908 64.6402586861501 25.703879368188 0.215670654725138 -0.0257314059251363
74.4 37.6273919866238 107.369085968226 64.5920077882197 25.7228230739794 0.220485985889513 -0.0239859156024896
74.5 37.6808435083201 107.355158046554 64.54409831595 25.7420001602124 0.225297247076521 -0.0223925192758416
74.6 37.734193350814 107.340747444566 64.4965412022627 25.7614130729822 0.230097080038324 -0.0209412692258085
74.7 37.7874417767773 107.325848430635 64.4493474326775 25.7810640873016 0.234877824212359 -0.0196230356234109
74.8 37.8405893007175 107.310455481088 64.4025280355211 25.8009553028281 0.239631524331249 -0.0184294538013008
74.9 37.8936366930388 107.294563293471 64.3560940721364 25.8210886395915 0.244349941681113 -0.0173528739172144
75 37.9465849828257 107.27816679981 64.3100566270902 25.8414658337212 0.249024569241681 -0.0163863132948551
75.1 37.9994354593029 107.261261179841 64.2644267983797 25.8620884331983 0.253646847454836 -0.0155302551774834
75.2 38.052189672468 107.243841873497 64.2192156875499 25.88295779425 0.258208760814401 -0.0147851387832467
75.3 38.104849433802 107.22590459149 64.1744343895911 25.9040750793751 0.262702243737799 -0.0141448929676605
75.4 38.1574168162462 107.207445325146 64.130093982748 25.9254412560122 0.267119004588307 -0.0136040740423414
75.5 38.2098941528755 107.188460356217 64.0862055183266 25.9470570952324 0.271450553958088 -0.013157814601097
75.6 38.2622840341976 107.168946266683 64.0427800105003 25.9689231704317 0.275688236935535 -0.0128017780414166
75.7 38.3145893040365 107.148899948561 63.9998284261165 25.9910398560239 0.279823269331338 -0.0125321182558013
75.8 38.3668130539579 107.128318613712 63.9573616745027 26.0134073261333 0.283846777780589 -0.0123454440629806
75.9 38.4189586162024 107.107199803652 63.9153905972729 26.0360255532874 0.287749843570987 -0.0122387880079633
76 38.4710295550948 107.085541399351 63.873925958134 26.0588943071095 0.291523549986405 -0.0122095791985904
76.1 38.5230296569294 107.063341631018 63.8329784326957 26.0820131530414 0.295159269456714 -0.0122679227218
76.1999999999999 38.5749629189226 107.040599087081 63.7925585983603 26.105381451842 0.298649405100286 -0.0124236193955602
76.2999999999999 38.6268335382996 107.017312721168 63.7526769244201 26.128998361056 0.301986694235591 -0.0126742635929841
76.3999999999999 38.6786459006987 106.993481858291 63.7133437622348 26.1528628372592 0.305164014003735 -0.0130178786016779
76.4999999999999 38.7304045673341 106.969106201006 63.6745693354127 26.176973638333 0.308174429719333 -0.0134528927309133
76.5999999999999 38.782114260897 106.944185835565 63.6363637299914 26.2013293257392 0.311011244032848 -0.0139781202564063
76.6999999999999 38.8337798502111 106.918721238073 63.5987368846188 26.2259282667949 0.313668046412816 -0.014592746931259
76.7999999999999 38.8854063336615 106.892713280647 63.5616985807339 26.2507686369475 0.316138762426685 -0.0152963197877551
76.8999999999999 38.936998821423 106.866163237569 63.5252584327481 26.2758484220491 0.318417702280383 -0.0160887410649118
76.9999999999999 38.9885625165206 106.839072791444 63.4894258782256 26.3011654206315 0.320499608064737 -0.016970266128455
77.0999999999999 39.0401026947882 106.811444039265 63.4542101681194 26.3267172462148 0.322380483024699 -0.0179253430921544
77.1999999999999 39.09162468449 106.783279496192 63.4196203584273 26.3525013304872 0.32405995480298 -0.0189383982349652
77.2999999999999 39.1431338471323 106.754582093491 63.3856653054545 26.3785149286992 0.325538894949315 -0.0200100124247441
77.3999999999999 39.1946355589384 106.725355174191 63.3523536624969 26.4047551259291 0.326818634071651 -0.0211408873018433
77.4999999999999 39.246135192479 106.695602488646 63.3196938765783 26.4312188433825 0.327900963408078 -0.0223318430689215
77.5999999999999 39.2976380984882 106.665328190099 63.2876941851892 26.4579028446915 0.328788132718003 -0.0235838177479866
77.6999999999999 39.3491495879218 106.634536830243 63.2563626130235 26.4848037422137 0.329482844591965 -0.024897867729561
77.7999999999999 39.4006749143103 106.603233354787 63.2257069687175 26.5119180033322 0.329988245328654 -0.0262751695110003
77.8999999999998 39.4522192564574 106.571423099019 63.1957348415865 26.5392419567542 0.330307912568448 -0.0277170224964483
77.9999999999998 39.5037877015315 106.539111783369 63.1664535983637 26.5667717988105 0.330445839913861 -0.0292248527589498
78.0999999999998 39.5553852285811 106.506305508996 63.1378703799245 26.5945035997445 0.330406225726084 -0.030803922699679
78.1999999999998 39.6070166921525 106.473010754002 63.1099920976836 26.6224333097269 0.330192892820288 -0.0324599018099261
78.2999999999998 39.6586868053901 106.439234371231 63.0828254291579 26.6505567641763 0.329809882477281 -0.0341950857392638
78.3999999999998 39.7104001230955 106.404983586701 63.0563768132004 26.6788696888056 0.329261634777648 -0.0360119947349184
78.4999999999998 39.7621610251114 106.370265998045 63.0306524452221 26.7073677046582 0.328552969452688 -0.0379133864693468
78.5999999999998 39.8139737000784 106.33508957297 63.0056582724134 26.7360463331439 0.327689065126317 -0.0399022698077941
78.6999999999998 39.8658421296007 106.299462647705 62.9813999889658 26.7649010010751 0.326675437281827 -0.0419819194414637
78.7999999999998 39.9177700728501 106.263393925448 62.9578830312939 26.7939270457028 0.325517915296284 -0.0441558913019506
78.8999999999998 39.969761051637 106.226892474822 62.9351125732563 26.8231197197528 0.324222618893703 -0.0464280386746699
78.9999999999998 40.0218183359743 106.189967728322 62.9130935213779 26.8524741964616 0.322795934368314 -0.0488025288875037
79.0999999999998 40.0739449302058 106.152629480679 62.8918305101193 26.8819855746296 0.32124511078189 -0.0512469325386487
79.1999999999998 40.1261435610596 106.114887884985 62.8713278984009 26.9116488841243 0.31958001381888 -0.0537273519546679
79.2999999999998 40.1784166700308 106.076753443115 62.8515897693095 26.9414590925224 0.317811089750526 -0.0562459219417766
79.3999999999998 40.2307664083782 106.038236993916 62.8326199310594 26.9714111122025 0.315948684079148 -0.0588046775191577
79.4999999999998 40.2831946334854 105.999349701304 62.8144219180011 27.0014998074544 0.314003002431186 -0.0614055544506162
79.5999999999998 40.3357029064987 105.960103042363 62.7969989916306 27.0317200015885 0.31198407448722 -0.0640503885005277
79.6999999999997 40.3882924912028 105.920508795442 62.7803541415983 27.0620664840452 0.309901721033355 -0.066740913573487
79.7999999999997 40.4409643540903 105.880579028254 62.7644900867179 27.0925340175043 0.30776552416269 -0.0694787589759176
79.8999999999997 40.4937191655784 105.840326085975 62.7494092759758 27.1231173449945 0.305584800603996 -0.0722654459956882
79.9999999999997 40.5465573023251 105.799762579341 62.7351138895397 27.1538111970028 0.303368578110591 -0.0751023840234314
80.0999999999997 40.599478850594 105.758901372728 62.7216058397864 27.1846102985661 0.301125734993851 -0.0779569042816494
80.1999999999997 40.6524836106802 105.717755571642 62.7088867728046 27.2155093758976 0.29886545116721 -0.0807949989590803
80.2999999999997 40.7055711025099 105.676338508757 62.696958071108 27.2465031618328 0.296596689268125 -0.0836157282716967
80.3999999999997 40.75874057237 105.63466372936 62.6858208568228 27.2775864008106 0.294328013293588 -0.0864178196804287
80.4999999999997 40.8119910006719 105.592744976779 62.6754759948945 27.3087538538361 0.292067572533853 -0.089199677311828
80.5999999999997 40.8653211106853 105.550596177815 62.665924096295 27.3400003034439 0.289823087781592 -0.091959393726834
80.6999999999997 40.9187293781799 105.508231428168 62.6571655212284 27.3713205586612 0.287601839593881 -0.094694764463863
80.7999999999997 40.9722140419114 105.465664977863 62.6492003823385 27.4027094599705 0.285410658386588 -0.0974033057103718
80.8999999999997 41.0257731148911 105.422911216685 62.6420285479147 27.4341618842732 0.283255916149606 -0.100082275432426
80.9999999999997 41.0794043963782 105.379984659598 62.635649645099 27.4656727498521 0.281143519583603 -0.102728698171746
81.0999999999997 41.1331054845451 105.336899932163 62.6300630630962 27.4972370213255 0.279078950479413 -0.105312347815222
81.1999999999997 41.1868737900266 105.293671755399 62.6252679564797 27.5288497143541 0.277067377480824 -0.107802024682326
81.2999999999997 41.2407065507401 105.250314929294 62.6212632487404 27.5605058997231 0.275113475660196 -0.110193030623773
81.3999999999997 41.2946008475163 105.206844315775 62.6180476359309 27.5922007071774 0.273221370677645 -0.112480576751886
81.4999999999996 41.3485536202163 105.163274821654 62.6156195903129 27.623929329248 0.271394635226359 -0.114659845781789
81.5999999999996 41.4025616842657 105.119621381575 62.6139773640061 27.6556870250777 0.269636286369234 -0.116726056408109
81.6999999999996 41.4566217475456 105.075898940966 62.6131189926353 27.6874691242473 0.267948783723791 -0.118674528776976
81.7999999999996 41.5107304275828 105.032122438986 62.6130422989788 27.7192710306017 0.266334028474922 -0.120500749951373
81.8999999999996 41.5648842689841 104.98830679147 62.613744896616 27.7510882260758 0.264793363215074 -0.122200438181257
81.9999999999996 41.6190797610601 104.944466873882 62.6152241935757 27.7829162745206 0.263327572629227 -0.123769604744516
82.0999999999996 41.6733133555426 104.900617504302 62.6174773959878 27.8147508255107 0.261936915627643 -0.125215643811707
82.1999999999996 41.7275814832978 104.856773427411 62.6205015118389 27.8465876176703 0.260621280697415 -0.126546246716697
82.2999999999996 41.7818805683298 104.812949301045 62.6242933549915 27.8784224807782 0.259380203052748 -0.127758341077219
82.3999999999996 41.836207040734 104.769159683737 62.6288495493064 27.91025133739 0.25821285015716 -0.128849168600339
82.4999999999996 41.8905573496221 104.725419022305 62.6341665327698 27.9420702044435 0.257118022875126 -0.129816314944721
82.5999999999996 41.944927976028 104.681741639442 62.6402405616194 27.9738751948626 0.256094157159355 -0.130657734770844
82.6999999999996 41.9993154457605 104.638141721303 62.6470677144717 28.0056625191621 0.255139326315199 -0.131371771445644
82.7999999999996 42.0537163421739 104.594633305092 62.6546438964482 28.0374284870527 0.2542512438767 -0.13195717103688
82.8999999999996 42.1081273188218 104.551230266648 62.6629648433023 28.0691695090445 0.253427267133212 -0.132413090312368
82.9999999999996 42.1625451119652 104.507946308037 62.6720261255461 28.1008820980527 0.252664401338951 -0.13273909862415
83.0999999999996 42.2169665528934 104.464794945144 62.6818231525506 28.1325628710085 0.251959143765138 -0.132956066861891
83.1999999999995 42.2713885797847 104.421789495563 62.6923511759643 28.1642085506546 0.251307025151763 -0.133086917722761
83.2999999999995 42.325808248629 104.378943067195 62.7036052914003 28.1958159678068 0.250703132500501 -0.133134868093677
83.3999999999995 42.380222743467 104.336268547143 62.7155804394416 28.227382063799 0.250142284811602 -0.133103464366857
83.4999999999995 42.4346293861361 104.293778590606 62.72827140662 28.2589038929358 0.249619043998314 -0.13299655574841
83.5999999999995 42.4890256455094 104.251485609784 62.7416728263947 28.2903786249444 0.249127726290416 -0.132818266551942
83.6999999999995 42.5434091462058 104.209401762774 62.7557791801319 28.3218035474272 0.248662414145305 -0.132572968178895
83.7999999999995 42.5977776767488 104.167538942471 62.7705847980833 28.3531760683137 0.248216968683567 -0.132265251434913
83.8999999999995 42.6521291971535 104.12590876547 62.786083860365 28.3844937183132 0.247785042670407 -0.131899899840381
83.9999999999995 42.7064618459194 104.084522560961 62.8022703979366 28.4157541533666 0.247360094062187 -0.131481864517189
84.0999999999995 42.7607739463854 104.043391359668 62.819138293579 28.4469551570978 0.246935475791756 -0.13104279203292
84.1999999999995 42.8150640117716 104.002525883638 62.8366812828373 28.478094643226 0.246504715509298 -0.13061425366283
84.2999999999995 42.8693307478732 103.961936538218 62.8548929548775 28.5091706578841 0.246061368331169 -0.130201261574601
84.3999999999995 42.9235730544853 103.921633404896 62.8737667533088 28.5401813818974 0.245598961840267 -0.129808917534021
84.4999999999995 42.9777900262181 103.881626234169 62.8932959770038 28.5711251330626 0.245111007384139 -0.129442424273038
84.5999999999995 43.0319809527262 103.841924438414 62.9134737809199 28.6020003684258 0.244591011771073 -0.129107100929332
84.6999999999995 43.0861453183479 103.802537084758 62.9342931769199 28.6328056865605 0.244032489364437 -0.128808402724001
84.7999999999995 43.1402828011558 103.763472887951 62.9557470345928 28.6635398298465 0.243428974562132 -0.128551945159446
84.8999999999995 43.1943932714172 103.724740203233 62.9778280820744 28.6942016867472 0.24277403464563 -0.128343533000176
84.9999999999994 43.2484767894695 103.68634701921 63.0005289068685 28.7247902940889 0.242061282969226 -0.128189194411634
85.0999999999994 43.3025336029659 103.64830095078 63.0238419566725 28.7553048393301 0.241284646551016 -0.128135849837534
85.1999999999994 43.356564142344 103.610609233716 63.047759540331 28.7857446626242 0.240439200396557 -0.128229700774269
85.2999999999994 43.4105690127635 103.573278723396 63.0722738291152 28.816109258352 0.239520515953098 -0.128476195491865
85.3999999999994 43.464548984531 103.536315895188 63.0973768581303 28.8463982764472 0.238524424581146 -0.128881243512298
85.4999999999994 43.5185049832353 103.499726844888 63.1230605277273 28.8766115237123 0.237447019895926 -0.129451282863572
85.5999999999994 43.5724380796685 103.463517289161 63.1493166049157 28.9067489651366 0.23628465995655 -0.130193352393426
85.6999999999994 43.626349479564 103.427692565985 63.1761367247751 28.9368107252118 0.235033969236313 -0.131115170084042
85.7999999999994 43.6802405131812 103.392257635093 63.203512391868 28.9667970892497 0.233691840312638 -0.13222521848638
85.8999999999994 43.7341126247692 103.357217078412 63.2314349816518 28.9967085046987 0.232255435225155 -0.133532838521731
85.9999999999994 43.7879673619431 103.322575100505 63.2598957418908 29.0265455824606 0.230722186456791 -0.135048333073749
86.0999999999994 43.841806364978 103.28833552906 63.288885794083 29.0563090981967 0.229090075618449 -0.136798905557954
86.1999999999994 43.8956313553995 103.254501816551 63.3183961352619 29.0859999933546 0.227358495244815 -0.138810980591293
86.2999999999994 43.9494441229416 103.221077044887 63.3484176407509 29.1156193754869 0.225527457981285 -0.14109531915815
86.3999999999994 44.0032465121217 103.188063931231 63.3789410672922 29.1451685182901 0.223597316209454 -0.143663871891674
86.4999999999994 44.0570404091694 103.155464833872 63.4099570561909 29.1746488616328 0.221568752263073 -0.146529877891535
86.5999999999994 44.1108277293709 103.123281758093 63.4414561364589 29.2040620115847 0.219442768483991 -0.149707972551917
86.6999999999993 44.1646104048632 103.091516362035 63.4734287279582 29.2334097404446 0.217220677207901 -0.153214305322305
86.7999999999993 44.2183903729097 103.060169962572 63.5058651445453 29.2626939867689 0.214904090792703 -0.15706666827178
86.8999999999993 44.2721695646882 103.029243541174 63.5387555972145 29.2919168554003 0.212494911823194 -0.161284636310954
86.9999999999993 44.3259498946182 102.998737749776 63.572090197242 29.3210806174959 0.209995323640162 -0.16588971986422
87.0999999999993 44.3797332502261 102.968652916698 63.6058589593524 29.3501877105256 0.207408156625748 -0.17088536280763
87.1999999999993 44.4335214818412 102.938989053867 63.6400518054821 29.3792407374898 0.20473802105173 -0.176270724627367
87.2999999999993 44.4873163910924 102.90974586735 63.6746585700551 29.408242464153 0.201990195117223 -0.182063214252528
87.3999999999993 44.5411197195819 102.880922769191 63.7096690058568 29.4371958154978 0.199170235303583 -0.188281237345923
87.4999999999993 44.5949331385271 102.852518889303 63.745072789929 29.4661038721472 0.196283958752149 -0.194944129932759
87.5999999999993 44.6487582394028 102.824533087351 63.7808595294664 29.4949698667886 0.193337427012759 -0.202072062737207
87.6999999999993 44.702596525583 102.796963964641 63.8170187677116 29.5237971805961 0.190336931298967 -0.209685909070632
87.7999999999993 44.7564494049782 102.769809876011 63.8535399898518 29.5525893396543 0.18728897935631 -0.217807067893586
87.8999999999993 44.8103181836585 102.743068941717 63.8904126289137 29.5813500113813 0.184200284028055 -0.226457232178626
87.9999999999993 44.8642040604513 102.71673905932 63.92762607166 29.6100830009514 0.181077753562418 -0.23565809119324
88.0999999999993 44.9181081224964 102.690817915573 63.96516966449 29.6387922477065 0.177928502030414 -0.245402938318336
88.1999999999993 44.9720313416826 102.665302998276 64.0030327194756 29.6674818212465 0.174759889949326 -0.255681242173719
88.2999999999993 45.0259745718579 102.640191608042 64.0412045207406 29.6961559167065 0.171579448547131 -0.266507280534766
88.3999999999993 45.079938546889 102.61548087003 64.0796743309741 29.7248188497144 0.168394852601987 -0.277892825853912
88.4999999999992 45.133923879599 102.591167745675 64.1184313979499 29.7534750513358 0.165213914444 -0.289846329209705
88.5999999999992 45.1879310615553 102.567249044428 64.1574649610457 29.7821290630189 0.16204457853418 -0.30237196291701
88.6999999999992 45.2419604636746 102.543721435477 64.196764257762 29.8107855315392 0.158894916201354 -0.315468510521474
88.7999999999992 45.2960123376089 102.520581459491 64.2363185302412 29.839449203945 0.155773120019273 -0.329128096468691
88.8999999999992 45.3500868178778 102.497825540341 64.2761170317869 29.8681249225017 0.15268749720873 -0.343334753468671
88.9999999999992 45.4041839247094 102.475449996843 64.3161490333831 29.8968176196371 0.149646461340766 -0.35806283402904
89.0999999999992 45.4583035675481 102.453451054487 64.3564038302267 29.9255323128672 0.146658600894211 -0.37321923278496
89.1999999999992 45.5124455491249 102.431824857365 64.3968707486205 29.9542740992206 0.143732880041285 -0.388688543498174
89.2999999999992 45.5666095699622 102.410567480539 64.4375391537778 29.9830481483922 0.140878336872977 -0.40439117250563
89.3999999999992 45.6207952334024 102.389674942607 64.478398457987 30.0118596953957 0.138103964205757 -0.420230002847219
89.4999999999992 45.6750020511873 102.369143218257 64.5194381287901 30.040714033197 0.135418668080812 -0.436089055402201
89.5999999999992 45.72922944954 102.348968250837 64.5606476971611 30.0696165053472 0.132831218450765 -0.45183253265669
89.6999999999992 45.7834767757024 102.329145964917 64.6020167656841 30.0985724986163 0.130350191411396 -0.467304409932329
89.7999999999992 45.8377433048785 102.309672278848 64.6435350167318 30.127587435626 0.127983902627239 -0.482328752149236
89.8999999999992 45.8920282475357 102.290543117333 64.6851922206436 30.1566667674834 0.125740332011543 -0.496710934354226
89.9999999999992 45.9463307570174 102.271754423985 64.7269782439045 30.1858159664142 0.123627040228426 -0.510239925918666
90.0999999999992 46.0006499374097 102.253302173878 64.7688830573178 30.2150405183743 0.121650957329566 -0.52264771229935
90.1999999999992 46.054984851328 102.235182385778 64.8108967440431 30.2443459151042 0.119817910022094 -0.533663399219019
90.2999999999991 46.1093345271012 102.217391133557 64.8530095072926 30.2737376447661 0.118132862459354 -0.543062549678732
90.3999999999991 46.1636979657293 102.199924557273 64.8952116778905 30.3032211820239 0.116599940613561 -0.550627973856229
90.4999999999991 46.2180741478521 102.182778874258 64.937493721829 30.3328019781016 0.115222346091725 -0.556157092639262
90.5999999999991 46.2724620406972 102.165950390187 64.9798462478234 30.3624854508414 0.114002280681786 -0.559469420463154
90.6999999999991 46.3268606049681 102.149435510158 65.0222600148672 30.392276974762 0.112940885764167 -0.560413675216427
90.7999999999991 46.3812688016359 102.133230749768 65.0647259397877 30.422181871117 0.112038200397502 -0.558873993649914
90.8999999999991 46.4356855985972 102.117332746191 65.1072351048008 30.4522053979529 0.111293141240098 -0.554774758465584
90.9999999999991 46.4901099771647 102.101738269252 65.1497787650667 30.4823527401678 0.110703506514709 -0.548083631457692
91.0999999999991 46.5445409383546 102.086444232467 65.1923483562258 30.5126289995707 0.110265758453566 -0.538897266624408
91.1999999999991 46.5989775088574 102.071447703048 65.2349355014305 30.5430391849831 0.10997437925314 -0.527374908212777
91.2999999999991 46.6534187464868 102.056745909285 65.2775320170979 30.5735882024429 0.109822763863469 -0.51363676889128
91.3999999999991 46.7078637451528 102.0423362469 65.3201299181596 30.6042808454511 0.109803577438351 -0.497832170309668
91.4999999999991 46.7623116394096 102.028216285359 65.3627214232908 30.6351217852186 0.109908868029674 -0.480132864247853
91.5999999999991 46.8167616085681 102.014383774185 65.40529896014 30.6661155609137 0.110130187043364 -0.460725908957631
91.6999999999991 46.8712128803638 102.00083664927 65.447855170559 30.6972665699099 0.11045871335494 -0.439806572227312
91.7999999999991 46.9256647341696 101.987573039188 65.4903829158323 30.7285790580326 0.110885377291819 -0.417571670766627
91.8999999999991 46.9801165037486 101.974591271506 65.5328752819071 30.7600571098071 0.111400981202669 -0.394213663568581
91.999999999999 47.034567579542 101.9618898791 65.5753255846224 30.7917046387057 0.111996313994076 -0.369915711058552
92.099999999999 47.0890174104855 101.949467606417 65.6177273749037 30.8235253774165 0.112662111964655 -0.34504024260063
92.199999999999 47.1434655052356 101.937323414533 65.6600744430317 30.8555228686677 0.113388778794508 -0.319933445296244
92.299999999999 47.1979114325958 101.925456483134 65.7023608205623 30.8877004574621 0.114167001750093 -0.294727873676639
92.399999999999 47.2523548213 101.913866211289 65.7445807813219 30.920061283867 0.114987960882466 -0.269534061631783
92.499999999999 47.3067953592804 101.902552218174 65.7867288423666 30.9526082758258 0.115843365372228 -0.24444157821339
92.599999999999 47.3612327924415 101.891514343799 65.8287997649414 30.9853441419691 0.116725480654074 -0.2195205418665
92.699999999999 47.4156669229619 101.880752649731 65.8707885554402 31.0182713644263 0.117627147865157 -0.194823425326902
92.799999999999 47.4700976071437 101.870267419822 65.9126904663648 31.0513921916369 0.118541797120957 -0.170387013215669
92.899999999999 47.5245247528337 101.860059160931 65.9545009972843 31.0847086311618 0.119463456022168 -0.146234405190302
92.999999999999 47.5789483164402 101.850128603653 65.9962158957945 31.1182224424946 0.120386754657801 -0.122376986078251
93.099999999999 47.6333682995755 101.840476703004 66.0378311584419 31.1519351299149 0.121306958365529 -0.0990170948625045
93.199999999999 47.6877847454812 101.831104638148 66.0793430307247 31.1858479364182 0.122220073531321 -0.076340941455618
93.299999999999 47.7421977354733 101.822013809683 66.1207480047497 31.2199618403825 0.123122767550693 -0.0543243324096904
93.399999999999 47.7966073852477 101.813205835955 66.1620428159673 31.2542775533122 0.124012311936452 -0.0329393825780312
93.499999999999 47.8510138409498 101.804682549346 66.2032244398703 31.2887955176231 0.12488655201581 -0.0121559143102117
93.599999999999 47.9054172750401 101.796445992559 66.2442900886925 31.3235159044285 0.125743878534003 0.00805737798846581
93.699999999999 47.9598178819854 101.788498414896 66.2852372081079 31.3584386113239 0.126583201270224 0.0277319647337199
93.7999999999989 48.0142158738106 101.780842268547 66.3260634739297 31.3935632601726 0.127403924673445 0.046898688267713
93.8999999999989 48.0686114755398 101.77348020487 66.3667667888087 31.4288891948912 0.128205925458668 0.0655871119984427
93.9999999999989 48.1230049205605 101.766415070675 66.4073452789329 31.4644154792349 0.128989532048924 0.0838249867149249
94.0999999999989 48.1773964459357 101.759649904506 66.4477972907217 31.5001408945802 0.12975548839484 0.101628910843826
94.1999999999989 48.2317862875861 101.753187932831 66.4881213874124 31.5360639376431 0.130504886019266 0.11901338814544
94.2999999999989 48.2861746751945 101.74703256601 66.528316345372 31.5721828180323 0.131239201902319 0.135999247413629
94.3999999999989 48.3405618270303 101.741187394175 66.5683811502997 31.6084954557379 0.131960300472929 0.152604262462281
94.4999999999989 48.3949479448276 101.735656183109 66.6083149934263 31.6449994786167 0.132670418909373 0.168842954127117
94.5999999999989 48.4493332087515 101.730442870115 66.6481172677129 31.6816922198788 0.133372153217027 0.184726432587333
94.6999999999989 48.5037177724779 101.725551559902 66.6877875640496 31.7185707155729 0.134068444857013 0.200262275659879
94.7999999999989 48.5581017584151 101.720986520452 66.7273256674551 31.7556317020727 0.1347625676974 0.215454441089181
94.8999999999989 48.6124852530928 101.716752178904 66.7667315532748 31.7928716135627 0.135458115063073 0.230303212523224
94.9999999999989 48.6668683027447 101.712853117424 66.80600538338 31.8302865795238 0.136158986662301 0.244805180614909
95.0999999999989 48.7212509091217 101.709294069049 66.8451475023177 31.8678724222853 0.136869456962812 0.25871358063065
95.1999999999989 48.7756330258636 101.706079912587 66.8841584321729 31.9056246562775 0.137594330238927 0.271782426471425
95.2999999999989 48.8300145559514 101.703215665127 66.9230388641648 31.9435384916058 0.138338534281148 0.284005034009601
95.3999999999989 48.8843953498 101.700706473614 66.9617896489571 31.981608839326 0.139106978635316 0.295373093271453
95.4999999999988 48.9387752037 101.698557606383 67.0004117869173 32.0198303167855 0.139904513805544 0.305877446239385
95.5999999999988 48.9931538585988 101.696774444699 67.0389064183778 32.0581972529641 0.140735892161686 0.315508864180947
95.6999999999988 49.0475309992189 101.695362474289 67.077274813895 32.0967036938152 0.141605730744247 0.32425880924776
95.7999999999988 49.1019062535099 101.694327276883 67.1155183645104 32.1353434076064 0.142518476196073 0.332120163988867
95.8999999999988 49.1562791924272 101.693674521746 67.1536385720102 32.1741098902611 0.143478372075989 0.33908791194445
95.9999999999988 49.2106493300296 101.693409957217 67.1916370391854 32.2129963706989 0.144489428820456 0.345159752620105
96.0999999999988 49.2650161238997 101.693539402247 67.2295154600845 32.2519958162063 0.145555462601779 0.350275159095221
96.1999999999988 49.3193789762653 101.694068737944 67.2672756100618 32.2911009385657 0.146680233080157 0.354377323526956
96.2999999999988 49.3737372364432 101.695003899165 67.3049193353081 32.3303042021114 0.147867159068706 0.357475671907412
96.3999999999988 49.428090203988 101.696350866108 67.3424485421782 32.3695978325455 0.14911922202106 0.359584885066168
96.4999999999988 49.4824371321389 101.698115655915 67.3798651865098 32.4089738257816 0.150438949114261 0.360725027247751
96.5999999999988 49.5367772315205 101.700304314269 67.4171712629431 32.4484239567899 0.151828401284197 0.360921510983236
96.6999999999988 49.5911096740712 101.702922906993 67.4543687942399 32.4879397884412 0.153289166214348 0.360204905178641
96.7999999999988 49.6454335971661 101.705977511648 67.4914598206029 32.5275126803517 0.154822356184485 0.358610599180124
96.8999999999988 49.6997481079051 101.709474209133 67.528446388995 32.5671337977273 0.156428610592812 0.356178340716034
96.9999999999988 49.754052287532 101.713419075284 67.5653305424585 32.6067941202081 0.158108102884625 0.352951669723205
97.0999999999988 49.8083451959696 101.717818172463 67.6021143094296 32.6464844507439 0.159860523890144 0.348917359161659
97.1999999999988 49.8626258769092 101.722677540988 67.6387996929285 32.6861954252766 0.161684971991315 0.344069040145592
97.2999999999987 49.9168933641647 101.72800319012 67.675388659434 32.7259175244711 0.163579982312673 0.338464589277722
97.3999999999987 49.9711466884861 101.73380108889 67.7118831276329 32.765641086253 0.165543567368984 0.332163276363727
97.4999999999987 50.0253848843077 101.740077156922 67.7482849571656 32.8053563183778 0.167573243736312 0.325224877138572
97.5999999999987 50.0796069963653 101.746837255243 67.7845959373711 32.8450533109992 0.169666061308703 0.317708827720507
97.6999999999987 50.1338120861312 101.754087177112 67.820817776032 32.884722049238 0.171818634543041 0.309673443380262
97.7999999999987 50.1879992380205 101.761832638828 67.85695208812 32.9243524257514 0.174027175134856 0.30117521883926
97.8999999999987 50.2421675653152 101.770079270557 67.8930003845408 32.9639342533013 0.176287525633381 0.292268221691919
97.9999999999987 50.2963162157605 101.778832607145 67.9289640608793 33.0034572773233 0.178595193564039 0.283003585328021
98.0999999999987 50.3504443768099 101.788098078973 67.9648443861935 33.0429111884824 0.180945566304746 0.273523146962854
98.1999999999987 50.4045512811832 101.797881003659 68.000642493072 33.082285634883 0.183334498844295 0.263954831573338
98.2999999999987 50.4586362138842 101.808186579946 68.0363593709004 33.1215702334028 0.185757819403741 0.254324381526229
98.3999999999987 50.5126985195831 101.819019882426 68.0719958603912 33.160754580681 0.188211170131193 0.244654774325474
98.4999999999987 50.5667376096434 101.830385856317 68.1075526481629 33.1998282640936 0.190690024102609 0.23496624699423
98.5999999999987 50.6207529687293 101.842289312223 68.1430302613186 33.2387808727282 0.193189701818188 0.225276354432154
98.6999999999987 50.6747441609618 101.854734920908 68.1784290620248 33.2776020083596 0.195705387270028 0.21560005517853
98.7999999999987 50.7287108355901 101.867727208059 68.21374924209 33.3162812964244 0.198232143669536 0.205949818399836
98.8999999999987 50.7826527321483 101.881270549054 68.2489908175438 33.3548083969966 0.200764928942747 0.196335746407849
98.9999999999987 50.8365696850633 101.895369163735 68.2841536232155 33.3931730157621 0.203298611110154 0.186765707592765
99.0999999999986 50.890461627679 101.910027111148 68.3192373073025 33.4313649150004 0.205827855368573 0.177228167628427
99.1999999999986 50.9443285954607 101.925248283792 68.3542413256722 33.4693739247125 0.208346756743491 0.167712297889438
99.2999999999986 50.9981707279876 101.941036400582 68.3891649354877 33.5071899541277 0.210849246579178 0.158223644194742
99.3999999999986 51.0519882699605 101.957394999306 68.4240071885652 33.5448030033563 0.21332924214351 0.148765499904466
99.4999999999986 51.1057815713838 101.974327429064 68.4587669247236 33.5822031750496 0.215780668099879 0.139339067043317
99.5999999999986 51.1595510869026 101.991836842711 68.4934427651318 33.6193806860594 0.218197478529579 0.12994360978022
99.6999999999986 51.2132973742713 102.00992618929 68.5280331056571 33.6563258790971 0.220573679606755 0.12057659813099
99.7999999999986 51.2670210919326 102.028598206478 68.5625361102141 33.6930292343938 0.222903353009098 0.11123384032759
99.8999999999986 51.3207229956898 102.047855413019 68.596949704112 33.7294813813591 0.225180680131401 0.1019096027978
99.9999999999986 51.3744039344587 102.067700101171 68.6312715674039 33.7656731102409 0.227399967148521 0.0925967171115513
100.099999999999 51.4280648451229 102.088134329168 68.6654991282897 33.801595383767 0.229555863396676 0.0833678747081586
100.199999999999 51.481706747388 102.109159914527 68.6996295579682 33.8372393483179 0.231643943781757 0.0742900984667855
100.299999999999 51.5353307401378 102.130778429445 68.7336597691605 33.8725963439112 0.233660113874726 0.0653467051114925
100.399999999999 51.5889379979722 102.152991197032 68.7675864160825 33.9076579137174 0.235600425376332 0.0565210244258435
100.499999999999 51.6425297670594 102.175799287571 68.8014058944716 33.9424158135579 0.237461089565634 0.0477963965966087
100.599999999999 51.6961073602769 102.199203514782 68.8351143416142 33.9768620214027 0.23923849159321 0.0391561610930257
100.699999999999 51.7496721516506 102.22320443208 68.8687076363728 34.0109887468681 0.240929205536249 0.0305836382601502
100.799999999999 51.8032255701035 102.247802328843 68.9021813992135 34.0447884407151 0.242530010129929 0.0220621046248556
100.899999999999 51.8567690925303 102.272997226666 68.9355309922328 34.0782538043467 0.244037905090059 0.0135747628260347
100.999999999999 51.910304236215 102.29878887563 68.9687515191854 34.1113777993058 0.245450127936593 0.00510470696311674
101.099999999999 51.9638325506243 102.325176750582 69.0018378255457 34.1441536567385 0.24676437654183 -0.00329570299022896
101.199999999999 52.0173556088792 102.352160047998 69.0347844994663 34.1765748859426 0.247979430616418 -0.011575814197631
101.299999999999 52.0708749994547 102.379737684303 69.0675858750149 34.2086352805985 0.249094526618857 -0.0197546892620065
101.399999999999 52.1243923178141 102.407908294776 69.1002360363075 34.2403289240863 0.250109154844634 -0.0278507778621504
101.499999999999 52.1779091577608 102.436670232468 69.1327288216757 34.2716501947674 0.251023064275006 -0.0358819941934339
101.599999999999 52.2314271025281 102.466021567128 69.1650578278352 34.3025937712669 0.25183626746818 -0.0438657902549049
101.699999999999 52.2849477156388 102.49596008412 69.1972164140533 34.333154637755 0.252549045437503 -0.0518192247704209
101.799999999998 52.3384725315664 102.526483283352 69.229197706317 34.363328089229 0.253161952475481 -0.0597590275579923
101.899999999998 52.3920030462305 102.557588378194 69.2609946015006 34.3931097367955 0.253675820897517 -0.0677016591127501
101.999999999998 52.4455407073609 102.5892722944 69.2925997715337 34.422495512952 0.254091765695482 -0.0756633651270138
102.099999999998 52.4990869047812 102.621531669059 69.3240056676025 34.4514816768398 0.254411372517141 -0.0835993811518554
102.199999999998 52.5526429611281 102.654362850189 69.3552045252202 34.4800648187305 0.254637221454048 -0.091464223809066
102.299999999998 52.6062101238754 102.687761897999 69.3861883715054 34.5082418625714 0.254772281600541 -0.0992723877307079
102.399999999998 52.6597895580377 102.721724586787 69.4169490333284 34.5360100677647 0.254819712781459 -0.107037698234119
102.499999999998 52.7133823391275 102.756246406879 69.4474781454918 34.5633670309178 0.254782857953438 -0.11477337027908
102.599999999998 52.7669894463695 102.791322566559 69.4777671589114 34.5903106875928 0.254665235786636 -0.122492059216611
102.699999999998 52.8206117561921 102.826947993999 69.5078073487965 34.6168393140573 0.254470533471898 -0.130205903584515
102.799999999998 52.8742500360144 102.863117339193 69.5375898228302 34.642951529034 0.254202599800494 -0.137926560128676
102.899999999998 52.9279049383461 102.899824975887 69.5671055293501 34.6686462954506 0.253865438568542 -0.145665231165587
102.999999999998 52.9815769952166 102.937065003512 69.5963452655288 34.6939229221904 0.253463202356666 -0.153432684317462
103.099999999998 53.0352666129556 102.974831249158 69.6252996855695 34.7187810657845 0.253000566492625 -0.161170501513976
103.199999999998 53.0889740675899 103.013117270556 69.6539593092941 34.7432207306091 0.252483828460589 -0.168815413754618
103.299999999998 53.1426995014041 103.051916361665 69.6823145317292 34.767242265287 0.251919695255096 -0.176369616434242
103.399999999998 53.1964429205084 103.091221559263 69.7103556330835 34.7908463575938 0.251314873487449 -0.183834038466
103.499999999998 53.2502041932196 103.131025649584 69.7380727887418 34.8140340293068 0.250676047426826 -0.191208387353335
103.599999999998 53.3039830492376 103.171321174954 69.7654560792578 34.8368066310537 0.250009857502798 -0.198491193899329
103.699999999998 53.3577790796026 103.212100440426 69.7924955003474 34.8591658371608 0.249322879279208 -0.205679858239133
103.799999999998 53.4115917374169 103.253355520417 69.8191809728825 34.8811136405025 0.248621602900503 -0.212770698824232
103.899999999998 53.4654203393128 103.295078265344 69.8455023528834 34.9026523473496 0.247912413007842 -0.219759005877215
103.999999999998 53.5192640676447 103.337260308259 69.8714494415129 34.9237845722177 0.247201569120288 -0.226639100727467
104.099999999998 53.5731219733795 103.379893071471 69.8970119950677 34.944513232733 0.246495078268308 -0.233423381347654
104.199999999998 53.6269929795548 103.422967772864 69.9221797349355 34.9648415449174 0.245798365403083 -0.240125306595996
104.299999999998 53.6808758850761 103.46647543141 69.9469423574622 34.9847730195443 0.24511660612744 -0.246739650082278
104.399999999998 53.7347693689247 103.510406872389 69.9712895437846 35.0043114589145 0.244454825471667 -0.253260631738041
104.499999999998 53.7886719948408 103.554752732581 69.995210969661 35.0234609536489 0.243817885726725 -0.25968198382663
104.599999999998 53.8425822164596 103.599503465464 70.0186963153027 35.0422258794809 0.243210474704935 -0.265997023902463
104.699999999998 53.8964983828762 103.644649346417 70.0417352752047 35.0606108940489 0.242637094424581 -0.272198734732402
104.799999999998 53.9504187446156 103.690180477914 70.0643175679766 35.0786209336887 0.242102050221964 -0.278279850988175
104.899999999998 54.0043414599803 103.736086794726 70.086432946174 35.0962612102264 0.241609440299542 -0.284232952281989
104.999999999998 54.0582646017513 103.782358069113 70.1080712061291 35.11353720777 0.241163145725765 -0.290050561897849
105.099999999998 54.1121861642323 103.828983916061 70.1292221977936 35.1304546794608 0.240767011722661 -0.295659140560304
105.199999999998 54.1661040710526 103.875953799282 70.1498758348755 35.1470196431294 0.240425352382477 -0.300980981323021
105.299999999998 54.2200161844711 103.923257039206 70.1700221057271 35.163238374176 0.240142261531485 -0.306002848575876
105.399999999998 54.2739203155559 103.970882821741 70.189651084527 35.1791173973563 0.239921388111069 -0.310712326861322
105.499999999998 54.327814234781 104.018820207075 70.2087529424739 35.1946634785262 0.239765917767912 -0.315098052039246
105.599999999998 54.3816956829736 104.067058138467 70.2273179589805 35.2098836163856 0.239678555946465 -0.319149931683599
105.699999999998 54.4355623825606 104.115585451044 70.2453365328673 35.2247850342225 0.239661512632856 -0.322859349757282
105.799999999998 54.4894120490644 104.164390880597 70.2627991935561 35.2393751716575 0.239716488896974 -0.326219350786902
105.899999999998 54.5432424027922 104.213463072377 70.2796966122641 35.2536616763876 0.239844665365296 -0.329224799141305
105.999999999998 54.5970511806701 104.262790589889 70.2960196131977 35.2676523959308 0.240046692745206 -0.331872509597644
106.099999999998 54.6508361481603 104.312361923693 70.3117591847321 35.2813553693566 0.240322809442308 -0.334152103620549
106.199999999998 54.7045951111052 104.362165500284 70.3269064902352 35.2947788186764 0.240673210985088 -0.336052548561576
106.299999999998 54.7583259273207 104.412189691183 70.3414528779841 35.3079311393677 0.241097669497083 -0.337572835042658
106.399999999998 54.8120265181228 104.462422822109 70.3553898907262 35.3208208905571 0.241595403224239 -0.338714156277376
106.499999999998 54.8656948798551 104.512853182155 70.3687092752253 35.3334567851904 0.242165073222916 -0.339479910787005
106.599999999998 54.9193290953645 104.563469032967 70.3814029918087 35.3458476802029 0.242804782485018 -0.339875668327232
106.699999999998 54.9729273453654 104.614258617916 70.3934632239135 35.358002566689 0.243512077508101 -0.339909100735618
106.799999999998 55.0264879196337 104.665210171275 70.4048823876337 35.3699305600726 0.244283952295661 -0.339589880441392
106.899999999998 55.0800092279715 104.716311927398 70.4156531412664 35.3816408902772 0.245116854752783 -0.338929550257962
106.999999999998 55.1334898108795 104.767552129893 70.4257683948588 35.3931428918957 0.246006695426499 -0.337941368799619
107.099999999998 55.1869283498733 104.818919040797 70.4352213197382 35.404445994352 0.246948984136448 -0.336635037308733
107.199999999998 55.2403236772465 104.870400949732 70.4440053576116 35.4155597118395 0.247939223722753 -0.335018961121055
107.299999999998 55.2936747850524 104.921986182993 70.4521142285717 35.4264936326932 0.24897255281349 -0.333106559595841
107.399999999998 55.346980833528 104.973663112626 70.4595419386732 35.437257408539 0.250043633876094 -0.33091233882626
107.499999999998 55.4002411590543 105.025420165493 70.4662827874916 35.4478607434341 0.251146667785839 -0.32845171183854
107.599999999998 55.4534552815959 105.077245832346 70.4723313756824 35.4583133830079 0.252275410439803 -0.325740817721551
107.699999999998 55.5066229115596 105.129128676894 70.4776826125405 35.4686251036021 0.253423191368592 -0.322796343550245
107.799999999998 55.5597439560111 105.181057344878 70.4823317235595 35.4788057014119 0.254582934307806 -0.319635352551125
107.899999999998 55.6128185241885 105.233020573137 70.4862742579902 35.4888649816262 0.255747179690434 -0.316275121485648
107.999999999998 55.6658469322551 105.285007198679 70.4895060964006 35.4988127475683 0.256908109026377 -0.312732989691263
108.099999999998 55.7188297072001 105.337006167725 70.4920234581756 35.5086587898579 0.258057971027322 -0.309078740867613
108.199999999998 55.7717675891165 105.389006543925 70.4938229074791 35.5184128761311 0.259190374506165 -0.30537396013436
108.299999999998 55.8246615307934 105.440997514522 70.4949013553126 35.5280847421768 0.260299224063623 -0.301623539023739
108.399999999998 55.877512695974 105.492968395688 70.4952560600356 35.5376840836306 0.261378349800766 -0.297832211067952
108.499999999998 55.9303224570334 105.544908637837 70.4948846278274 35.5472205476907 0.262421520883923 -0.294004544894304
108.599999999998 55.9830923920846 105.596807830934 70.493785013148 35.5567037248333 0.263422460262213 -0.290144939878965
108.699999999998 56.0358242814905 105.648655709806 70.4919555192001 35.5661431405286 0.264374860497038 -0.286257624111048
108.799999999998 56.0885201037615 105.700442159451 70.4893947983902 35.575548246956 0.265272400649053 -0.282346654382823
108.899999999998 56.1411820308213 105.752157220349 70.4861018527899 35.5849284147199 0.266108764148941 -0.278415917943497
108.999999999998 56.1938124226237 105.80379109377 70.4820760345979 35.5942929245656 0.266877657564195 -0.27446913573055
109.099999999998 56.2464138210979 105.855334147075 70.4773170465896 35.6036509591122 0.267572924718461 -0.270539821954483
109.199999999998 56.2989889431886 105.906776918657 70.4718249422759 35.6130115950471 0.268188875707989 -0.26665970238555
109.299999999998 56.3515406726621 105.958110121992 70.4656001253213 35.6223837964897 0.268720065370227 -0.262829616802384
109.399999999998 56.4040720510913 106.009324649345 70.4586433486696 35.6317764088155 0.269161220677535 -0.259050323671314
109.499999999998 56.4565862682627 106.060411575452 70.4509557136596 35.6411981524992 0.269507256130446 -0.255322524297849
109.599999999998 56.5090866520244 106.111362161207 70.4425386691395 35.6506576169559 0.269753288973093 -0.251646885310643
109.699999999998 56.5615766575873 106.162167857354 70.4333940105822 35.6601632543843 0.269894654056916 -0.248024059516844
109.799999999998 56.6140598562929 106.212820308166 70.4235238792003 35.6697233736083 0.269926918176715 -0.244454705217257
109.899999999998 56.6665399238646 106.263311355139 70.412930761061 35.6793461339196 0.269845893701122 -0.240939504062859
109.999999999998 56.7190206281624 106.313633040674 70.4016174862013 35.6890395389197 0.269647651320201 -0.23747917757129
110.099999999998 56.7715058164566 106.36377761175 70.3895872277193 35.6988114303786 0.26932873790643 -0.234096684587337
110.199999999998 56.8239994020968 106.413737523197 70.3768435002539 35.7086694825159 0.268886820402367 -0.230812333895499
110.299999999998 56.8765053504464 106.463505439938 70.3633901569116 35.7186211973542 0.268320098603075 -0.227623085670068
110.399999999998 56.9290276644781 106.513074238846 70.3492313855815 35.7286739004954 0.267627102135126 -0.22452613741171
110.499999999998 56.9815703702459 106.562437010572 70.3343717052269 35.7388347369136 0.266806687945549 -0.221518928443817
110.599999999998 57.0341375022762 106.611587061377 70.3188159621766 35.749110666747 0.265858036243952 -0.218599143184969
110.699999999998 57.0867330889136 106.660517914966 70.3025693264163 35.7595084610908 0.264780644871334 -0.215764713483859
110.799999999998 57.139361137657 106.709223314323 70.2856372878803 35.7700346977897 0.263574322091043 -0.213013820271749
110.899999999998 57.1920256205209 106.757697223539 70.2680256527428 35.7806957572301 0.262239177817701 -0.210344894809804
110.999999999998 57.2447304594583 106.80593382965 70.2497405397094 35.7914978181327 0.260775613323543 -0.207756619757644
111.099999999998 57.2974795118684 106.853927544427 70.2307883762693 35.8024468533867 0.259184718380368 -0.205300133838397
111.199999999998 57.350276555999 106.901673005248 70.2111758939312 35.8135486269589 0.257469508388784 -0.203022649357641
111.299999999998 57.4031252760615 106.94916507359 70.1909101208766 35.824808693535 0.255633717714196 -0.200917516717473
111.399999999998 57.45602924771 106.996398832598 70.1699983735973 35.8362323992356 0.2536813671746 -0.198978555086105
111.499999999998 57.5089919242077 107.043369584609 70.1484482484932 35.8478248823745 0.251616733527856 -0.197200025425142
111.599999999998 57.56201662332 107.090072848686 70.1262676134702 35.8595910742163 0.249444318947766 -0.19557660435772
111.699999999998 57.6151065149551 107.136504358145 70.1034645995381 35.8715356997341 0.247168820716413 -0.194103358915461
111.799999999998 57.6682646095731 107.182660058086 70.0800475924084 35.8836632783681 0.244795101352555 -0.192775722154778
111.899999999998 57.7214937473744 107.228536102917 70.0560252240925 35.8959781247828 0.242328159384415 -0.191589469609484
111.999999999998 57.7747965882815 107.27412885389 70.0314063644993 35.9084843496251 0.239773100964536 -0.190540696539326
112.099999999998 57.828175602708 107.319434876608 70.0062001130335 35.9211858603095 0.237135221659846 -0.189669646712695
112.199999999998 57.881633062914 107.364450938079 69.980415790195 35.9340863625112 0.234420327823397 -0.189016987935336
112.299999999998 57.9351710346517 107.409174002604 69.9540629291826 35.9471893634571 0.231634417695906 -0.188579984727729
112.399999999998 57.9887913695023 107.453601227204 69.9271512674999 35.9604981759248 0.228783550352377 -0.18835628589911
112.499999999998 58.0424956981193 107.497729957033 69.8996907385601 35.9740159222685 0.225873820469806 -0.188343892313498
112.599999999998 58.096285424385 107.541557720789 69.8716914632923 35.9877455384457 0.222911335085365 -0.188541122582147
112.699999999998 58.1501617204638 107.585082226123 69.8431637417461 36.0016897780427 0.219902192410722 -0.188946576146331
112.799999999998 58.2041255227396 107.628301355054 69.8141180446982 36.0158512163016 0.216852462745287 -0.189559093183445
112.899999999998 58.2581775286205 107.671213159374 69.7845650052568 36.030232254146 0.213768171500701 -0.190377710681864
112.999999999998 58.3123181941875 107.713815856066 69.7545154104679 36.0448351222073 0.210655284328088 -0.191401613971383
113.099999999998 58.366547732659 107.756107822704 69.7239801929326 36.0596618848621 0.207519680302412 -0.192657699132597
113.199999999998 58.4208661134176 107.798087592687 69.6929704227461 36.0747144445583 0.204367115653799 -0.194174573302829
113.299999999998 58.4752730612111 107.83975385004 69.6614973002499 36.0899945468733 0.201203286025262 -0.195954162454008
113.399999999998 58.5297680558616 107.88110542404 69.6295721491049 36.1055037858617 0.198033837909322 -0.197998454859552
113.499999999998 58.584350332685 107.922141283842 69.5972064093776 36.1212436094141 0.194864363855316 -0.200309410179804
113.599999999998 58.6390188836046 107.962860533095 69.5644116306248 36.1372153246147 0.191700399487587 -0.202888853350685
113.699999999998 58.6937724589327 108.003262404569 69.5311994649798 36.1534201031005 0.188547422205189 -0.205738351291683
113.799999999998 58.7486095697946 108.043346254774 69.4975816602377 36.1698589864194 0.185410851422146 -0.208859070360192
113.899999999998 58.8035284911671 108.083111558581 69.4635700529409 36.1865328913889 0.182296050182127 -0.212251612486948
113.999999999998 58.8585272655057 108.122557903847 69.4291765614649 36.2034426154541 0.179208327969665 -0.21591582792757
114.099999999998 58.9136037069205 108.161684986043 69.3944131791259 36.2205888420406 0.176152799341933 -0.219864050839876
114.199999999998 58.9687554056032 108.200492603074 69.359291967869 36.2379721457475 0.173133968373767 -0.224111312883607
114.299999999998 59.0239797320026 108.238980650604 69.3238250534285 36.2555929971364 0.170156197621681 -0.228660095344492
114.399999999998 59.0792738411014 108.277149117563 69.2880246210696 36.2734517673626 0.167223865706077 -0.233511701870137
114.499999999998 59.1346346770301 108.314998081666 69.2519029113506 36.2915487327982 0.164341376403295 -0.23866596719803
114.599999999998 59.1900589780131 108.35252770494 69.2154722158867 36.3098840796573 0.161513167892373 -0.244120928230683
114.699999999998 59.2455432816294 108.389738229234 69.1787448731131 36.3284579086195 0.158743721901542 -0.249872456653207
114.799999999998 59.3010839303717 108.426629971747 69.1417332640478 36.3472702394542 0.156037572472988 -0.255913853718472
114.899999999998 59.3566770774897 108.463203320545 69.1044498080551 36.366321015645 0.153399314026235 -0.262235409590399
114.999999999998 59.4123186931016 108.499458730077 69.0669069586088 36.3856101090137 0.150833608373031 -0.268823932013824
115.099999999998 59.4680045705532 108.535396716717 69.0291171990724 36.4051373243302 0.148345022723066 -0.275664676527932
115.199999999998 59.5237303328101 108.571017854658 68.9910930389306 36.424902403546 0.145937540123964 -0.282743749535602
115.299999999998 59.5794914385164 108.606322772753 68.9528470111644 36.4449050290744 0.14361508249555 -0.290043253542384
115.399999999998 59.6352831879599 108.641312151715 68.9143916700772 36.4651448266943 0.141381684671491 -0.297540830886649
115.499999999998 59.6911007291207 108.675986721336 68.8757395891377 36.4856213684397 0.139241496394644 -0.305209228281556
115.599999999998 59.7469390638066 108.710347257706 68.8369033588239 36.5063341754891 0.137198781575964 -0.313015897785937
115.699999999998 59.8027930538722 108.744394580428 68.7978955844658 36.5272827210551 0.135257914430154 -0.320922659062099
115.799999999998 59.8586574275175 108.778129549837 68.7587288840888 36.5484664332739 0.133423372118734 -0.328885451815023
115.899999999998 59.9145267856658 108.811553064216 68.7194158862573 36.5698846980947 0.131699723563631 -0.336854210721317
115.999999999998 59.9703956084163 108.844666057017 68.6799692279177 36.5915368621693 0.130091614163401 -0.344772897077823
116.099999999998 60.0262582615654 108.877469494081 68.6404015522532 36.6134222357367 0.12860368164637 -0.352595273226542
116.199999999998 60.0821090030212 108.909964371003 68.6007255068398 36.6355400953836 0.127240353697251 -0.36027362076605
116.299999999998 60.1379419888195 108.94215171086 68.5609537425651 36.6578896864885 0.126006042568128 -0.367741962879726
116.399999999998 60.1937512789969 108.974032562077 68.5210989128481 36.6804702255425 0.1249051862665 -0.374930525682168
116.499999999998 60.2495308434939 109.005607996304 68.4811736728708 36.7032809024639 0.123942218155376 -0.381766780654574
116.599999999998 60.3052745680972 109.036879106284 68.4411906788093 36.7263208829142 0.123121533638429 -0.388176729146963
116.699999999998 60.3609762604275 109.067847003731 68.4011625870658 36.749589310613 0.122447454646706 -0.39408640752219
116.799999999998 60.416629655978 109.0985128172 68.3611020534992 36.7730853096533 0.121924192828827 -0.399423573334145
116.899999999998 60.4722284242079 109.128877689965 68.3210217326571 36.7968079868175 0.121555812512029 -0.404119514708245
116.999999999998 60.527766174699 109.158942777889 68.280934277007 36.8207564338917 0.121346194626811 -0.40811090855551
117.099999999998 60.5832364633748 109.188709247309 68.2408523361759 36.8449297299695 0.121298892740006 -0.411353613933444
117.199999999998 60.6386327986681 109.218178273242 68.2007885563983 36.8693269434255 0.121416787122375 -0.413818683074253
117.299999999998 60.6939486474244 109.247351038392 68.1607555804959 36.8939471330568 0.121702418710494 -0.415478313151608
117.399999999998 60.7491774407083 109.276228732479 68.120766048065 36.9187893488956 0.122158089864031 -0.416315451889403
117.499999999998 60.8043125796355 109.304812551574 68.0808325956731 36.9438526330091 0.122785857688129 -0.416324292667794
117.599999999998 60.8593474412448 109.333103697439 68.0409678570547 36.9691360202994 0.123587533732416 -0.415510388965137
117.699999999998 60.9142753844228 109.361103376868 68.0011844633073 36.994638539304 0.124564690171055 -0.413890383278146
117.799999999998 60.9690897558912 109.388812801023 67.9614950430878 37.0203592129953 0.125718672297709 -0.411491370034024
117.899999999998 61.0237838962698 109.416233184772 67.9219122228083 37.0462970595811 0.127050616911057 -0.408349933858097
117.999999999998 61.0783511462268 109.443365746032 67.8824486268324 37.0724510933043 0.128561475939888 -0.404510922642939
118.099999999998 61.1327848527289 109.470211705107 67.8431168776707 37.0988203252383 0.13025200487341 -0.400027475140765
118.199999999998 61.1870783754043 109.49677228414 67.8039295961658 37.1254037639584 0.132122677258897 -0.394959993697904
118.299999999998 61.2412250930212 109.523048706834 67.7648994016503 37.1522004158984 0.134173841300341 -0.389371898798431
118.399999999998 61.295218410086 109.549042198277 67.726038912094 37.1792092855838 0.136405796501513 -0.383328445348308
118.499999999998 61.3490517635714 109.57475398478 67.6873607442509 37.2064293758599 0.138818830400019 -0.376895251795397
118.599999999998 61.4027186297887 109.6001852937 67.6488775138056 37.2338596881197 0.141413254438935 -0.370136986650962
118.699999999998 61.4562125314212 109.625337353281 67.6106018355207 37.2614992225324 0.14418943817323 -0.363116243024828
118.799999999998 61.5095270447335 109.650211392478 67.5725463233831 37.2893469782711 0.147147841144572 -0.355892617113592
118.899999999998 61.5626558069732 109.674808640795 67.5347235907513 37.3174019537414 0.150289041898673 -0.348521993736929
118.999999999998 61.6155925239831 109.699130328112 67.4971462505017 37.3456631468093 0.153613763754044 -0.341056031255586
119.099999999998 61.6683309780403 109.723177684521 67.459826915175 37.3741295550277 0.157122879891969 -0.333541959988432
119.199999999998 61.7208650359512 109.746951940194 67.422778197094 37.4028001758147 0.160817380089091 -0.326022884850064
119.299999999998 61.7731886574311 109.770454325343 67.3860127084128 37.4316740065113 0.16469843648911 -0.318537233420739
119.399999999997 61.8252959037691 109.793686070215 67.3495430611378 37.4607500443912 0.16876743186092 -0.311118643335662
119.499999999997 61.8771809467854 109.816648405085 67.3133818671488 37.4900272866688 0.173025966963324 -0.303796143394768
119.599999999997 61.9288380781037 109.839342560259 67.2775417382183 37.5195047305071 0.177475864136847 -0.296594402749821
119.699999999997 61.9802617187582 109.861769766063 67.2420352860328 37.5491813730259 0.182119167185301 -0.289534027033227
119.799999999997 62.0314464291579 109.883931252844 67.2068751222123 37.5790562113092 0.186958137600919 -0.282631883404208
119.899999999997 62.0823869194308 109.905828250967 67.1720738583315 37.6091282424138 0.191995247163369 -0.275901439427839
119.999999999997 62.1330780601707 109.927461990807 67.1376441059395 37.639396463377 0.197233166910566 -0.269353103782858
