#t s x y z curvature torsion
5 0 70.4482128937918 112.639923914413 4.58281112072844 0.15870737897433 -0.0356431024775698
5.1 0.0756142975803707 70.426709101259 112.657471245202 4.65314745619918 0.158978761505192 -0.0360036276143845
5.2 0.151059738218307 70.4055595045023 112.674193376562 4.72361077568443 0.159256195154932 -0.0363589577319662
5.3 0.226338770354087 70.3847627273992 112.690091037723 4.7941918716736 0.159540197070202 -0.0367088135091401
5.4 0.301453772048117 70.3643173938439 112.705164958015 4.86488153670553 0.159831275051932 -0.0370529159997647
5.5 0.376407053621494 70.3442221277535 112.719415866889 4.93567056336677 0.160129926832891 -0.0373909870956586
5.6 0.45120086034553 70.3244755530741 112.732844493936 5.00654974428981 0.160436639362032 -0.0377227500005993
5.7 0.525837375179264 70.3050762937875 112.745451568915 5.07750987215143 0.160751888094087 -0.0380479297134222
5.8 0.600318721553579 70.2860229739169 112.757237821769 5.14854173967089 0.161076136284385 -0.0383662535223208
5.9 0.674646966200919 70.2673142175337 112.768203982651 5.21963613960825 0.161409834288295 -0.0386774515057989
6 0.748824122029584 70.2489486487632 112.778350781946 5.29078386476263 0.161753418863733 -0.0389812570347741
6.1 0.822852151047945 70.2309248917932 112.787678950301 5.36197570797638 0.162107280967748 -0.0392715275049166
6.2 0.896732967499462 70.213241570925 112.796189218926 5.43320246229339 0.16247166634677 -0.0395421214643881
6.3 0.970468441449265 70.1958973107354 112.80388232057 5.50445492150832 0.162846762158193 -0.0397927960202803
6.4 1.04406040253207 70.1788907362828 112.81075899076 5.57572388087002 0.163232727004622 -0.0400233341510093
6.49999999999999 1.11751064368875 70.1622204733138 112.816819969054 5.64700013779079 0.163629690551453 -0.0402335449328236
6.59999999999999 1.19082092488214 70.1458851484709 112.822066000295 5.71827449255568 0.164037753176991 -0.0404232636548485
6.69999999999999 1.26399297678873 70.1298833894994 112.826497835859 5.78953774903174 0.164456985654282 -0.0405923518673701
6.79999999999999 1.33702850446368 70.114213825455 112.83011623491 5.86078071537736 0.164887428865213 -0.0407406973214192
6.89999999999999 1.40992919097598 70.0988750869108 112.832921965652 5.9319942047515 0.165329093546522 -0.0408682138316488
6.99999999999999 1.48269670101096 70.0838658061644 112.834915806578 6.00316903602301 0.165781960067301 -0.0409748410477061
7.09999999999999 1.55533268444498 70.0691846174468 112.836098547735 6.07429603448789 0.166245944557281 -0.0410550717842977
7.19999999999999 1.62783878007988 70.0548301571599 112.836470992228 6.1453660327937 0.166720792840032 -0.041103474228667
7.29999999999999 1.70021661982112 70.0408010641897 112.83603395835 6.2163698723901 0.167206172989781 -0.0411201510678037
7.39999999999999 1.7724678329607 70.0270959802492 112.834788281956 6.28729840518646 0.167701708031664 -0.0411052446386477
7.49999999999999 1.84459405036116 70.0137135502219 112.832734818847 6.3581424952175 0.168206976265953 -0.0410589350673413
7.59999999999999 1.91659690852765 70.0006524225058 112.829874447156 6.42889302030896 0.168721511671407 -0.0409814382764131
7.69999999999999 1.98847805356246 69.9879112493575 112.826208069727 6.49954087374322 0.169244804387729 -0.0408730038860428
7.79999999999999 2.06023914499703 69.9754886872355 112.821736616502 6.57007696592491 0.169776301279463 -0.0407339130222789
7.89999999999999 2.13188185949592 69.9633833971444 112.816461046905 6.6404922260466 0.170315406582508 -0.0405644760442832
7.99999999999999 2.20340789442758 69.9515940449786 112.810382352224 6.71077760375442 0.170861482635361 -0.0403650302125995
8.09999999999999 2.27481897131361 69.9401193018708 112.803501558016 6.78092407083361 0.171413772601197 -0.0401221789907278
8.19999999999999 2.3461168395688 69.9289578446606 112.79581972702 6.85092262341314 0.171971156090285 -0.0398227073227631
8.29999999999999 2.41730328115393 69.9181083566692 112.787337963373 6.92076428548753 0.172532365650561 -0.0394672730442396
8.39999999999999 2.48838011539454 69.9075695285933 112.778057417332 6.99044011295768 0.173096064225419 -0.0390565671384956
8.49999999999999 2.5593492035185 69.8973400594048 112.767979290023 7.05994119769166 0.173660847528853 -0.0385913058141516
8.59999999999999 2.63021245288423 69.8874186572496 112.757104838178 7.12925867158546 0.174225246640326 -0.0380722225693375
8.69999999999999 2.70097182088866 69.8778040403468 112.745435378887 7.19838371062382 0.174787730821008 -0.0375000602839011
8.79999999999999 2.77162931854418 69.8684949378882 112.732972294338 7.26730753894094 0.175346710553262 -0.0368755633793252
8.89999999999999 2.8421870137143 69.8594900909372 112.719717036564 7.33602143288132 0.175900540803959 -0.0361994700597018
8.99999999999999 2.9126470339975 69.8507882533278 112.705671132185 7.40451672506049 0.176447524512593 -0.0354725046776838
9.09999999999999 2.98301156925524 69.8423881925724 112.69083618715 7.47278480843147 0.176985940588724 -0.0346884496529867
9.19999999999999 3.05328287391715 69.8342886909829 112.675213891337 7.54081714049801 0.177514117477811 -0.0338409390307415
9.29999999999998 3.12346326929766 69.826488547336 112.658806022809 7.60860524790068 0.178030358613477 -0.0329304398386666
9.39999999999998 3.19355514571316 69.8189865787518 112.641614451935 7.6761407311497 0.178532921286146 -0.0319573860207095
9.49999999999998 3.2635609642539 69.8117816225814 112.623641145499 7.7434152693635 0.179020020826797 -0.0309221701570548
9.59999999999998 3.33348325819605 69.8048725382939 112.604888170815 7.81042062500726 0.179489835032032 -0.0298251351694641
9.69999999999998 3.40332463404447 69.7982582093637 112.585357699842 7.87714864863141 0.179940508823977 -0.0286665660206691
9.79999999999998 3.47308777219817 69.7919375451579 112.565052013295 7.94359128361022 0.180370159138597 -0.0274466813687506
9.89999999999998 3.54277542723051 69.7859094828234 112.54397350476 8.00974057088028 0.180776880031427 -0.0261656251667613
9.99999999999998 3.61239042777704 69.780172989174 112.522124684805 8.07558865367905 0.181158747990121 -0.0248234581764242
10.1 3.68193567602874 69.7747270625887 112.499508185097 8.14112778228892 0.181513827944861 -0.023408969713253
10.2 3.75141414692113 69.769570735184 112.476126762554 8.20635031892412 0.181840177898996 -0.0219107753459271
10.3 3.82082888716962 69.7647030756863 112.45198330361 8.27124874298049 0.182135848891767 -0.0203285161543065
10.4 3.89018301399437 69.7601231925784 112.427080828509 8.33581565642817 0.182398890127723 -0.0186617010321279
10.5 3.95947971343484 69.7558302372569 112.401422495606 8.40004378920979 0.182627355439959 -0.0169096936044464
10.6 4.02872223824687 69.7518234071898 112.375011605673 8.46392600463861 0.182819309907106 -0.0150716986263135
10.7 4.09791390538086 69.748101949074 112.347851606194 8.52745530479672 0.182972836599342 -0.0131467477824472
10.8 4.16705809304006 69.7446651619925 112.31994609567 8.59062483593321 0.183086043427815 -0.0111336848002727
10.9 4.2361582373197 69.7415124005721 112.291298827918 8.65342789386236 0.183157070070994 -0.00903114977693056
11 4.30521782842879 69.7386430781407 112.261913716374 8.71585792936182 0.183184094947056 -0.00683756260081443
11.1 4.37424040650438 69.7360566699004 112.231794838402 8.77790855358354 0.183165300072864 -0.00453126138153666
11.2 4.44322955717016 69.7337527165022 112.200946439899 8.8395735437978 0.183098748363836 -0.00209013742646596
11.3 4.51218890705922 69.7317308286423 112.169372940634 8.9008468499823 0.182982512024344 0.000488509395469136
11.4 4.58112211903104 69.7299906920599 112.137078939878 8.96172260174432 0.18281472246366 0.00320777129407087
11.5 4.65003288693241 69.7285320725506 112.104069222043 9.02219511525564 0.182593578995822 0.00607116746256237
11.6 4.71892492990605 69.7273548209798 112.070348762327 9.08225890018745 0.182317357519156 0.00908268144688961
11.7 4.78780198625859 69.7264588782965 112.035922732349 9.14190866664531 0.181984419146026 0.0122468012212221
11.8 4.85666780690222 69.7258442805462 112.000796505796 9.20113933210406 0.181593218757707 0.0155685622848466
11.9 4.92552614838588 69.7255111638852 111.964975664061 9.25994602834273 0.181142313459288 0.0190535940834819
12 4.99438076553393 69.7254597695932 111.928466001881 9.31832410837953 0.180630370918663 0.0227081700847729
12.1 5.06323540368867 69.7256904490561 111.891273532934 9.376269153345 0.180056439913734 0.0264834629111858
12.2 5.13209378999575 69.7262036679411 111.853404494087 9.43377697775133 0.179420752567757 0.0303296925802758
12.3 5.20095962296827 69.7270000083216 111.814865346258 9.49084363068986 0.178723953521693 0.0342523718063597
12.4 5.26983656153838 69.7280801699952 111.775662773946 9.54746539542468 0.177966838081902 0.0382572286574343
12.5 5.3387282142715 69.7294449717702 111.735803684705 9.60363878892447 0.17715035013548 0.0423502205031775
12.6 5.40763812879398 69.7310953527525 111.695295208617 9.65936056139438 0.176275579788784 0.0465375477452249
12.7 5.4765697814581 69.7330323736321 111.654144697772 9.71462769580792 0.175343760773814 0.0508256671118344
12.8 5.54552656726896 69.7352572179701 111.612359725737 9.76943740743878 0.174356267672835 0.055221304268659
12.9 5.61451179009585 69.7377711934849 111.569948087036 9.82378714339275 0.173314613014905 0.0597314654450695
13 5.68352865319125 69.7405757333396 111.526917796623 9.87767458213955 0.172220444303023 0.0643634477113457
13.1 5.75258025003336 69.7436723974257 111.483277089366 9.93109763304548 0.171075510285963 0.0691253219938431
13.2 5.82166955539339 69.7470628735857 111.439034419744 9.98405443592584 0.169881568300706 0.0740256885598305
13.3 5.89079941643757 69.7507489786787 111.39419846209 10.0365433606476 0.168640478312747 0.0790731407002678
13.4 5.95997254405101 69.7547326595835 111.34877811104 10.0885630067518 0.167354232123933 0.0842766470063652
13.5 6.02919150451533 69.7590159941997 111.302782482003 10.140112203077 0.166024951472366 0.089645552520701
13.6 6.09845871156495 69.763601192449 111.256220911617 10.1911900073822 0.164654886445461 0.0951895749889789
13.7 6.16777641883962 69.7684905972758 111.209102958216 10.2417957059701 0.163246414279615 0.100918795022534
13.8 6.23714671275135 69.7736866856487 111.161438402292 10.2919288133105 0.161802038619467 0.10684363876839
13.9 6.3065715057816 69.7791920695613 111.113237246958 10.3415890716636 0.160324389307756 0.112974851461376
14 6.37605253022485 69.7850094970333 111.064509718408 10.3907764507029 0.158816222775561 0.119323459916901
14.1 6.44559133238402 69.7911418530755 111.015266266327 10.4394911470714 0.157280692099947 0.1258227242462
14.2 6.51518926702133 69.797592159721 110.965517562789 10.4877335821907 0.155722136823662 0.132399336589449
14.3 6.58484749187338 69.8043635736843 110.915274497345 10.5355043956364 0.154145239627112 0.139053794645509
14.4 6.65456696279934 69.811459383087 110.864548170608 10.5828044367656 0.152554743772764 0.145785345892068
14.5 6.72434842982465 69.8188830041466 110.813349887776 10.6296347562784 0.150955444128682 0.152591847690634
14.6 6.79419243407512 69.8266379778664 110.761691152164 10.6759965977786 0.149352178585337 0.159469616998557
14.7 6.86409930558522 69.8347279667245 110.709583658723 10.7218913893345 0.147749819784564 0.166413271234973
14.8 6.93406916196143 69.8431567513632 110.657039287573 10.7673207350404 0.146153267061804 0.173415562528594
14.9 7.00410190788055 69.8519282272782 110.604070097524 10.8122864065771 0.144567438484608 0.180467208291108
15 7.07419723540045 69.8610464015082 110.550688319603 10.8567903347729 0.142997262856545 0.187556721951405
15.1 7.14435462506818 69.870515389297 110.496906350546 10.900834601137 0.14144777510411 0.194611609573406
15.2 7.21457334800934 69.8803394100462 110.44273674529 10.9444214286688 0.139924391907239 0.201551960482754
15.3 7.28485246934987 69.8905227814692 110.388192206967 10.9875531708309 0.138432542066305 0.208351255050572
15.4 7.3551908526809 69.9010699130351 110.333285575893 11.0302322997987 0.13697753933409 0.214980138632831
15.5 7.42558716533551 69.9119852993866 110.278029818532 11.0724613946816 0.135564564361169 0.221406521338966
15.6 7.49603988442389 69.9232735137569 110.222438016453 11.1142431297447 0.134198645885116 0.227595746639934
15.7 7.56654730358143 69.934939201387 110.166523355288 11.1555802626305 0.132884641146901 0.233510836577585
15.8 7.6371075403824 69.946987072943 110.110299113693 11.1964756225801 0.131627215569634 0.23911281961213
15.9 7.70771854437408 69.9594218979331 110.053778652303 11.2369320986551 0.130430821788499 0.244361144636489
16 7.77837810568364 69.9722484981254 109.996975402693 11.2769526279589 0.129299678184522 0.249214181499992
16.1 7.84908386415844 69.9854717409585 109.939902856336 11.3165401838677 0.128237710680708 0.253627925685681
16.2 7.91983331913029 69.9990965328001 109.882574553508 11.3556977644995 0.127248417928012 0.257559690270271
16.3 7.99062383996109 70.0131278118134 109.82500407207 11.3944283817898 0.126334953202688 0.260970257026325
16.4 8.0614526770792 70.0275705406719 109.767205016199 11.4327350508056 0.125500140184192 0.263822206521225
16.5 8.13231697331836 70.0424296992668 109.709191005121 11.4706207790683 0.124746454530425 0.266080670829808
16.6 8.20321377551031 70.057710277415 109.650975661839 11.5080885558775 0.124076007194091 0.267714074323869
16.7 8.27414004628955 70.0734172675671 109.592572601861 11.5451413416335 0.123490529936896 0.268694834952678
16.8 8.34509267606875 70.0895556575152 109.533995421935 11.5817820571613 0.12299136347992 0.26899999785851
16.9 8.4160684951442 70.1061304231012 109.475257688775 11.6180135730329 0.122579448691777 0.268611774198501
17 8.48706428589315 70.1231465209241 109.416372927791 11.6538386988914 0.12225532115717 0.267517960926616
17.1 8.55807679503894 70.1406088810321 109.357354611821 11.6892601728118 0.122018963258559 0.2657274113052
17.2 8.62910274631998 70.1585223991892 109.298216149851 11.7242806516558 0.121869365919558 0.263260093198588
17.3 8.70013885406285 70.1768919280655 109.238970875716 11.758902703946 0.121804971460208 0.26012900021796
17.4 8.77118183692417 70.1957222680011 109.17963203679 11.7931288037341 0.121823832706832 0.256352354943463
17.5 8.84222843136891 70.2150181577555 109.12021278268 11.8269613245063 0.121923629900007 0.251953119580899
17.6 8.91327540483733 70.2347842652556 109.060726153915 11.8604025330897 0.122101690506316 0.246958398506132
17.7 8.98431956856981 70.2550251783452 109.00118507064 11.8934545835575 0.122355011530167 0.24139875804548
17.8 9.05535779005939 70.2757453955325 108.941602321304 11.9261195111357 0.122680283876163 0.2353074910804
17.9 9.12638700510256 70.2969493167396 108.881990551355 11.958399226108 0.123073918291387 0.228719854545184
18 9.1974042294194 70.3186412340508 108.822362251931 11.9902955077224 0.123532072413144 0.22167230672717
18.1 9.26840656981125 70.3408253224882 108.762729748598 12.0218099981601 0.124050613673644 0.214313209353147
18.2 9.33939123471006 70.3635056314891 108.703105191362 12.0529441981455 0.124624994600993 0.206789955977373
18.3 9.41035554388059 70.3866860781662 108.643500547897 12.0836994667242 0.125250543752378 0.19913630337779
18.4 9.48129693740222 70.4103704412685 108.583927598051 12.1140770226812 0.125922558630379 0.191383530089285
18.5 9.55221298403011 70.43456235517 108.524397928392 12.1440779460233 0.126636321300063 0.18356024349734
18.6 9.62310138893289 70.4592653038586 108.464922926757 12.173703179461 0.127387112393542 0.175692260558302
18.7 9.69396000080114 70.4844826149245 108.405513776803 12.2029535298901 0.128170223560343 0.167802553887536
18.8 9.76478681832065 70.5102174535483 108.346181452555 12.2318296698742 0.128980968456916 0.159911254125061
18.9 9.83557999600338 70.5364728164902 108.28693671296 12.2603321391263 0.129814692395175 0.152035699131968
19 9.90633784937055 70.5632515260784 108.227790096429 12.2884613459906 0.130666780789663 0.144190520705557
19.1 9.9770588594958 70.5905562241853 108.168751915382 12.3162175689538 0.131532556308398 0.136403038798673
19.2 10.0477416772514 70.6183893658971 108.109832250557 12.3436009589048 0.132406950910268 0.12869940948685
19.3 10.1183851277635 70.6467532123995 108.051040944715 12.3706115432977 0.133284836043348 0.121088544070272
19.4 10.1889882144308 70.6756498235574 107.992387596123 12.3972492310632 0.134161137517169 0.113576828808181
19.5 10.2595501221293 70.7050810504811 107.933881552021 12.4235138175499 0.13503084052617 0.106168323042226
19.6 10.3300702195818 70.7350485280934 107.875531902089 12.4494049894648 0.135888994282708 0.0988649536502062
19.7 10.4005480608857 70.7655536676965 107.81734747192 12.4749223298142 0.136730716418776 0.0916667012597399
19.8 10.4709833861948 70.7965976495389 107.759336816483 12.5000653228444 0.137551197297497 0.0845717747480066
19.9 10.5413761215503 70.8281814153821 107.701508213596 12.5248333589825 0.138345704358802 0.0775767714067903
20 10.6117263778601 70.8603056610677 107.643869657393 12.5492257397774 0.139109586603584 0.070676820936401
20.1 10.6820344490091 70.8929708291553 107.586428851865 12.5732416828738 0.139838516500549 0.0639745475445139
20.2 10.7523008087628 70.9261771034046 107.529193206272 12.5968803278651 0.14052922598653 0.0575680359279361
20.3 10.8225261060302 70.9599244079425 107.472169835303 12.6201407443729 0.14117882839388 0.0514447435507342
20.4 10.892711159226 70.9942124082733 107.415365561115 12.6430219410049 0.141784579878808 0.0455924049596454
20.5 10.9628569501406 71.0290405123613 107.358786915431 12.6655228743463 0.142343873387262 0.0399990946214991
20.6 11.0329646173509 71.0644078717124 107.302440141651 12.6876424579514 0.142854233404101 0.034653272388427
20.7 11.1030354491903 71.1003133824561 107.246331196958 12.7093795713348 0.14331331141075 0.0295438145811799
20.8 11.1730708762972 71.1367556864277 107.190465754416 12.730733068963 0.143718881973889 0.0246600332757415
20.9 11.2430724637608 71.1737331722505 107.134849205087 12.7517017892459 0.144068839388176 0.0199916859790185
21 11.313041902883 71.211243976417 107.079486660124 12.7722845635282 0.144361194794134 0.0155289775706216
21.1 11.3829810025819 71.2492859843752 107.024382952876 12.7924802250594 0.144594113018695 0.0112356205620564
21.2 11.4528916805916 71.287856831699 106.969542640652 12.8122876174078 0.144766025875569 0.00707570058506607
21.3 11.5227759547149 71.3269539054786 106.914970005688 12.8317056014633 0.144875508418343 0.00304053554429112
21.4 11.5926359339629 71.3665743457957 106.860669055793 12.8507330618839 0.144921238318458 -0.000878285860104192
21.5 11.6624738094752 71.4067150472025 106.806643524972 12.8693689135206 0.144901995282796 -0.00468893351495599
21.6 11.732291845236 71.4473726602007 106.752896874066 12.887612107843 0.1448166604476 -0.00839936688887226
21.7 11.8020923686048 71.4885435927204 106.699432291373 12.9054616393643 0.144664215705673 -0.0120173675238123
21.8 11.8718777606848 71.5302240115993 106.646252693289 12.9229165520662 0.14444374292341 -0.0155505729690079
21.9 11.9416504465493 71.5724098440612 106.59336072493 12.9399759458246 0.14415442301195 -0.0190065121853396
22 12.0114128853475 71.6150967791953 106.54075876077 12.9566389828343 0.143795534820688 -0.0223926425316609
22.1 12.0811675603204 71.6582802694581 106.488448905269 12.9729048940215 0.14336655767392 -0.0257174694525645
22.2 12.1509169689679 71.7019555327751 106.436432993607 12.9887729851133 0.142867478175439 -0.0289891948823641
22.3000000000001 12.2206636137873 71.7461175561642 106.384712592657 13.0042426418402 0.142298470783527 -0.0322147296383089
22.4000000000001 12.2904099933356 71.7907610999594 106.333289002046 13.0193133347962 0.141659790120247 -0.0354009389009464
22.5000000000001 12.3601585934359 71.8358807020568 106.282163255232 13.0339846242854 0.140951767665775 -0.0385546869084825
22.6000000000001 12.42991187854 71.8814706821613 106.231336120573 13.0482561651694 0.140174808250348 -0.0416828828575878
22.7000000000001 12.4996722832621 71.9275251460328 106.180808102395 13.0621277117137 0.139329386354572 -0.0447925285246761
22.8000000000001 12.569442204103 71.9740379897324 106.130579442067 13.0755991224352 0.138416042231038 -0.0478907681765539
22.9000000000001 12.6392239913809 72.021002903869 106.08065011907 13.0886703649489 0.137435377866675 -0.0509849413941932
23.0000000000001 12.7090199413822 72.0684133778457 106.031019852066 13.1013415208149 0.136388052804261 -0.0540826395292986
23.1000000000001 12.7788322887373 72.1162627041421 105.981688100014 13.1136127903366 0.135275077131103 -0.0571943195941474
23.2000000000001 12.8486631987048 72.164543983539 105.932654064396 13.1254844961009 0.134098702746353 -0.0603287896547106
23.3000000000001 12.9185147589849 72.2132501327336 105.883916694272 13.1369570833213 0.132861531992627 -0.0634913301102253
23.4000000000001 12.9883889718134 72.2623738928964 105.835474692441 13.1480311189228 0.131566213262425 -0.0666871546802445
23.5000000000001 13.0582877467303 72.3119078382649 105.787326521656 13.1587072905778 0.130215432872795 -0.0699214292347097
23.6000000000001 13.1282128940337 72.3618443847367 105.739470410831 13.1689864057429 0.128811907120456 -0.0731992885162579
23.7000000000001 13.1981661189211 72.4121757984628 105.691904361248 13.1788693906945 0.12735837456052 -0.0765258508415088
23.8000000000001 13.26814901631 72.462894204441 105.644626152769 13.1883572895656 0.125857588549269 -0.0799062308367425
23.9000000000001 13.3381630663347 72.5139915951094 105.597633350044 13.1974512633815 0.124312310086585 -0.0833455502125468
24.0000000000001 13.4082096305096 72.5654598389393 105.550923308719 13.2061525890965 0.122725300987957 -0.0868489465885657
24.1000000000001 13.4782899485563 72.6172906890104 105.504493181618 13.214462658638 0.121099192633258 -0.0904471088250751
24.2000000000001 13.5484051360489 72.6694757910955 105.458339924137 13.2223829781684 0.119436107775037 -0.0941740341739001
24.3000000000001 13.6185561830817 72.7220066905059 105.41246029767 13.2299151678975 0.117738034242984 -0.0980403878866872
24.4000000000001 13.6887439535973 72.7748748384464 105.366850872237 13.2370609621118 0.116006947434876 -0.102057627667869
24.5000000000001 13.758969185179 72.8280715983521 105.321508029098 13.2438222092124 0.114244808029773 -0.106238085754096
24.6000000000001 13.8292324892886 72.8815882522252 105.276427963362 13.2502008717526 0.11245356015304 -0.110595059151756
24.7000000000001 13.8995343519437 72.9354160069722 105.231606686588 13.2561990264756 0.110635130013226 -0.115142909000241
24.8000000000001 13.9698751348215 72.9895460007397 105.187040029401 13.2618188643527 0.108791425030441 -0.119897170027709
24.9000000000001 14.0402550767802 73.043969309252 105.142723644093 13.2670626906207 0.106924333476934 -0.124874671234562
25.0000000000001 14.110674295786 73.0986769521476 105.098653007236 13.2719329248196 0.105035724651753 -0.130093668920767
25.1000000000001 14.1811327912296 73.1536598993399 105.054823422323 13.2764321008172 0.103127612429526 -0.135533058431958
25.2000000000001 14.251630446464 73.2089090780059 105.011230023451 13.2805628664838 0.101202638379241 -0.14116599271544
25.3000000000001 14.3221670313588 73.2644153811686 104.967867781588 13.2843279824803 0.0992635716740792 -0.147003440174099
25.4000000000001 14.3927422051965 73.3201696769065 104.924731511888 13.2877303206966 0.0973131429390648 -0.153056570001032
25.5000000000001 14.4633555200673 73.3761628175876 104.881815881029 13.2907728626766 0.0953540426965066 -0.15933671297958
25.6000000000001 14.5340064247462 73.4323856491035 104.83911541456 13.2934586980433 0.0933889200957098 -0.165855309970229
25.7000000000001 14.6046942690236 73.4888290201035 104.796624504245 13.2957910229239 0.0914203818789843 -0.172623846129124
25.8000000000001 14.6754183084676 73.5454837912282 104.754337415406 13.2977731383751 0.0894509915313197 -0.179653768676828
25.9000000000001 14.7461777095901 73.602340844344 104.712248294271 13.2994084488077 0.087483268556868 -0.186956385849856
26.0000000000001 14.8169715553905 73.6593910917764 104.670351175311 13.3007004604119 0.0855196878186253 -0.19454274443364
26.1000000000001 14.8877988512279 73.7166254855162 104.628639988597 13.3016527795775 0.0835626546934054 -0.202450632696669
26.2000000000001 14.9586585303508 73.7740350256837 104.587108567257 13.302269111188 0.0816144460337699 -0.210721357971725
26.3000000000001 15.0295494580304 73.831610767113 104.545750655227 13.3025532565941 0.0796773074573217 -0.219370788152644
26.4000000000001 15.1004704352915 73.8893438251955 104.50455991511 13.3025091114611 0.077753481595301 -0.22841436072466
26.5000000000001 15.1714202028614 73.9472253816943 104.46352993605 13.3021406636113 0.0758452085611321 -0.237866793269637
26.6000000000001 15.2423974453418 74.0052466905597 104.422654241591 13.301451990867 0.0739547262097643 -0.247741733431558
26.7000000000001 15.3134007955818 74.0633990837434 104.381926297548 13.3004472588926 0.0720842700762412 -0.258051340373795
26.8000000000001 15.384428839233 74.1216739770139 104.341339519873 13.2991307190374 0.0702360728683683 -0.268805789718164
26.9000000000001 15.4554801194648 74.1800628757711 104.300887282522 13.2975067061779 0.0684123633705798 -0.28001269440146
27.0000000000001 15.5265531418202 74.2385573808609 104.26056292532 13.2955796365608 0.0666153645994452 -0.29167643505007
27.1000000000001 15.5976463792036 74.2971491944053 104.220359761833 13.2933540056601 0.0648472558092564 -0.303756512638966
27.2000000000001 15.6687582772346 74.3558301260098 104.180271087292 13.2908343864293 0.0631100486691501 -0.316204730323098
27.3000000000001 15.7398872603535 74.4145920999337 104.140290186655 13.2880254285532 0.0614056618116031 -0.329007155064212
27.4000000000001 15.8110317382315 74.4734271626379 104.100410342736 13.2849318580937 0.0597359438104265 -0.342144127546602
27.5000000000001 15.8821901122078 74.5323274903483 104.060624844328 13.2815584771513 0.0581026628359317 -0.355589602848563
27.6000000000001 15.9533607817211 74.5912853966185 104.020926994325 13.2779101635257 0.0565074946440643 -0.369310528423878
27.7000000000001 16.0245421507195 74.650293339893 103.981310117848 13.2739918703772 0.0549520088203403 -0.383266297143839
27.8000000000001 16.0957326340285 74.7093439310697 103.94176757037 13.2698086258879 0.0534376532393127 -0.397408321307228
27.9000000000001 16.1669306636608 74.7684299410633 103.902292745843 13.2653655329226 0.0519657367570847 -0.411679780869959
28.0000000000001 16.2381346950501 74.8275443083682 103.862879084818 13.2606677686899 0.0505374102211537 -0.426015605518872
28.1000000000001 16.309343213165 74.8866801465809 103.823520082563 13.2557205843866 0.0491536963681281 -0.440452705519206
28.2000000000001 16.3805547377968 74.9458307508747 103.784209296968 13.2505293043973 0.0478156609593557 -0.45502856029325
28.3000000000001 16.4517678269088 75.0049896018151 103.744940355892 13.2450993243685 0.046524313571129 -0.469664989967628
28.4000000000001 16.522981079156 75.0641503681258 103.70570696431 13.2394361088383 0.0452805472826709 -0.484273400784394
28.5000000000001 16.5941931362622 75.123306909416 103.666502911439 13.2335451888486 0.044085116960186 -0.498755306730208
28.6000000000001 16.6654026852733 75.1824532789066 103.627322077868 13.2274321595582 0.0429386162228398 -0.513003346139255
28.7000000000001 16.7366084606768 75.2415837261567 103.588158442692 13.2211026778553 0.0418414535070538 -0.526902857687737
28.8000000000001 16.8078092463825 75.3006926997906 103.549006090642 13.2145624599704 0.0407938277743397 -0.540334057014824
28.9000000000001 16.8790038775535 75.3597748502238 103.509859219213 13.2078172790885 0.0397957045355855 -0.553174821756226
29.0000000000001 16.9501912422831 75.4188250323901 103.4707121458 13.200872962962 0.0388467929790645 -0.565304049630344
29.1000000000001 17.0213702831054 75.4778383084394 103.431559314787 13.1937353915253 0.0379465514954921 -0.576804843921977
29.2000000000001 17.0925399982364 75.5368099496969 103.392395303712 13.1864104945504 0.0370943092502629 -0.587785506081408
29.3000000000002 17.1636994423875 75.5957354367462 103.353214827046 13.1789042494093 0.0362892801904032 -0.598168631858305
29.4000000000002 17.2348477273135 75.6546104587733 103.314012739048 13.1712226788783 0.0355305444299265 -0.607882472898701
29.5000000000002 17.3059840221971 75.713430912882 103.274784036577 13.1633718489438 0.0348170432286907 -0.616863254446355
29.6000000000002 17.3771075538795 75.7721929034095 103.235523861904 13.1553578666075 0.0341475762586889 -0.625057435005236
29.7000000000002 17.4482176069367 75.8308927412424 103.196227505529 13.1471868776928 0.0335208014461401 -0.632423795103405
29.8000000000002 17.519313523609 75.8895269431314 103.156890408992 13.1388650646499 0.0329352376057308 -0.638935243260793
29.9000000000002 17.5903947035848 75.9480922310076 103.117508167686 13.130398644362 0.0323892699929588 -0.644580237604628
30.0000000000002 17.661460603643 76.0065855312981 103.078076533676 13.1217938659507 0.0318811587996877 -0.649363741043863
30.1000000000002 17.7325107371596 76.0650039742372 103.0385914185 13.1130570085769 0.0314090844814519 -0.653326327841795
30.2000000000002 17.8035446735229 76.1233448930825 102.999048895788 13.1041943791046 0.0309712683580784 -0.656514890294666
30.3000000000002 17.8745620375297 76.1816058230862 102.959445203413 13.09521230942 0.0305658933500316 -0.658966854583502
30.4000000000002 17.9455625087079 76.2397845003695 102.91977674544 13.086117153614 0.0301910853741218 -0.660732724531725
30.5000000000002 18.0165458205318 76.2978788607945 102.88004009408 13.0769152851596 0.0298449287403769 -0.661874975020741
30.6000000000002 18.0875117595309 76.355887038835 102.840231991642 13.0676130940893 0.0295254826203838 -0.662466643970401
30.7000000000002 18.1584601642993 76.4138073664478 102.800349352476 13.0582169841723 0.0292307982434851 -0.662589699851321
30.8000000000002 18.2293909244069 76.4716383719443 102.76038926493 13.0487333700921 0.0289589364833595 -0.662333267536469
30.9000000000002 18.3003039792201 76.5293787788612 102.720348993295 13.0391686746236 0.0287079855203651 -0.661791794381711
31.0000000000002 18.3711993166334 76.5870275048322 102.680225979758 13.0295293258107 0.0284760783023351 -0.661063231220328
31.1000000000002 18.4420769717099 76.6445836604055 102.64001784629 13.0198217541369 0.0282617035993585 -0.660410739711794
31.2000000000002 18.5129370250035 76.7020465464755 102.599722395031 13.0100523895164 0.0280646464321358 -0.659991592484304
31.3000000000002 18.5837796002293 76.7594156481941 102.559337604825 13.0002276578331 0.0278851770098562 -0.659735223004163
31.4000000000002 18.6546048617008 76.8166906274951 102.518861626254 12.9903539772988 0.0277237434697023 -0.659557200953329
31.5000000000002 18.725413011787 76.8738713155663 102.478292776605 12.9804377548067 0.0275809445830134 -0.659360929260421
31.6000000000002 18.7962042884005 76.9309577053207 102.437629534844 12.970485382283 0.0274575010669083 -0.659039685955106
31.7000000000002 18.8669789625239 76.9879499438676 102.396870536584 12.9605032330395 0.027354225754058 -0.658479025673091
31.8000000000002 18.9377373357786 77.0448483249848 102.356014569057 12.9504976581263 0.0272719929295902 -0.657559534640036
31.9000000000002 19.0084797380368 77.1016532815894 102.315060566085 12.9404749826839 0.0272117072101215 -0.656159905154438
32.0000000000002 19.079206525081 77.1583653782095 102.274007603052 12.9304415022957 0.0271742724160925 -0.654160262715167
32.1000000000002 19.1499180763183 77.2149853034652 102.232854891871 12.9204034793383 0.0271605317529864 -0.651439602194437
32.2000000000002 19.2206147927255 77.2715138627928 102.191601775997 12.9103671392783 0.0271711492132001 -0.647895980315763
32.3000000000002 19.291297095303 77.3279519717863 102.150247725515 12.9003386668333 0.0272066684886043 -0.643450496668703
32.4000000000002 19.3619654237523 77.3843006497837 102.108792332265 12.8903242020785 0.0272675198182681 -0.638038518949065
32.5000000000002 19.4326202351983 77.4405610134611 102.067235304977 12.8803298365522 0.0273540008901198 -0.631611727489758
32.6000000000002 19.5032620029483 77.496734270428 102.025576464387 12.8703616093607 0.0274662608640107 -0.624139563034948
32.7000000000002 19.573891215284 77.5528217128216 101.983815738377 12.8604255032835 0.0276042878421566 -0.615609993263945
32.8000000000002 19.6445083742837 77.6088247109021 101.941953157092 12.8505274408783 0.0277679000006669 -0.606029556512014
32.9000000000002 19.7151139946721 77.6647447066471 101.899988848076 12.8406732805863 0.0279567404607032 -0.595422689086231
33.0000000000002 19.7857086026923 77.7205832073468 101.857923031392 12.8308688128368 0.0281702758452898 -0.583830389942558
33.1000000000002 19.8562927349951 77.7763417791817 101.815756014737 12.8211197561469 0.0284078803126605 -0.571207810981865
33.2000000000002 19.9268669375191 77.8320220403618 101.773488188048 12.8114317530623 0.0286690652318538 -0.557502360323331
33.3000000000002 19.9974317643225 77.887625653153 101.731120016839 12.8018103656995 0.0289532021533501 -0.542767992756479
33.4000000000002 20.0679877764158 77.9431543154649 101.688652035046 12.79226107113 0.0292594437772807 -0.527073813285756
33.5000000000002 20.1385355406126 77.9986097524209 101.646084837843 12.7827892567579 0.0295867359917852 -0.510500676169419
33.6000000000002 20.2090756283946 78.0539937079296 101.603419074467 12.7734002156984 0.029933833230155 -0.493137636559446
33.7000000000002 20.2796086147812 78.1093079362551 101.560655441035 12.7640991421558 0.0302993164520696 -0.475078444573344
33.8000000000002 20.350135077199 78.1645541935878 101.517794673366 12.7548911268017 0.0306816130559155 -0.456418245054567
33.9000000000002 20.420655594341 78.2197342296152 101.474837539804 12.7457811521531 0.0310790180623972 -0.437250610204293
34.0000000000002 20.4911707450098 78.2748497790927 101.431784834034 12.7367740879501 0.031489715973298 -0.417664992134228
34.1000000000002 20.5616811069443 78.3299025534406 101.388637367922 12.7278746865757 0.0319118449798151 -0.398006531533148
34.2000000000002 20.6321872557979 78.3848942330319 101.345395964709 12.7190875795395 0.0323436886121084 -0.378585299921282
34.3000000000002 20.7026897645483 78.4398264612314 101.302061453137 12.7104172766669 0.0327836377300094 -0.359426757056955
34.4000000000002 20.7731892030621 78.4947008391258 101.258634661932 12.7018681663524 0.0332301618488507 -0.340547919137978
34.5000000000002 20.8436861376416 78.5495189202792 101.215116414311 12.6934445158552 0.0336818104235384 -0.321958442644685
34.6000000000002 20.914181130546 78.6042822054901 101.171507522473 12.6851504715936 0.0341372138409437 -0.303661648852012
34.7000000000002 20.9846747394871 78.6589921375471 101.12780878211 12.6769900594401 0.0345950842580538 -0.28565547292698
34.8000000000002 21.0551675171002 78.713650095985 101.084020966898 12.6689671850165 0.0350542164064674 -0.267933329271415
34.9000000000002 21.1256600103901 78.7682573918414 101.040144823006 12.6610856339882 0.0355134884643789 -0.250484890609808
35.0000000000002 21.1961527601531 78.8228152624125 100.996181063589 12.6533490723599 0.0359718630828923 -0.233296782805648
35.1000000000002 21.2666463003731 78.8773248660147 100.952130363305 12.6457610467696 0.036428362991927 -0.21639565327251
35.2000000000002 21.3371411575323 78.9317872768756 100.907993353085 12.6383249847763 0.0368819999879883 -0.199805669621328
35.3000000000002 21.4076378497358 78.9862034803561 100.863770615579 12.6310441951288 0.0373318604642487 -0.183506326136899
35.4000000000002 21.4781368857455 79.0405743683032 100.819462680863 12.6239218680271 0.037777132324826 -0.167475579205878
35.5000000000002 21.5486387639854 79.0949007344067 100.775070022156 12.6169610753839 0.038217105388205 -0.151690362873726
35.6000000000002 21.6191439715228 79.1491832695565 100.730593051536 12.6101647710861 0.0386511721684376 -0.136127033683399
35.7000000000002 21.6896529830297 79.2034225572004 100.686032115662 12.6035357912557 0.039078829065875 -0.120761757042927
35.8000000000002 21.7601662597259 79.2576190687009 100.641387491487 12.5970768545113 0.0394996779888187 -0.105570846793566
35.9000000000002 21.830684248309 79.3117731586927 100.596659381977 12.5907905622296 0.0399134284195476 -0.0905310687625033
36.0000000000002 21.9012073798747 79.3658850604397 100.55184791183 12.5846793988064 0.0403198999300928 -0.0756199182522235
36.1000000000002 21.9717360688346 79.4199548812263 100.506953123221 12.5787457319579 0.0407190884045195 -0.061059600051649
36.2000000000002 22.042270711903 79.4739825986148 100.461974972354 12.5729918140575 0.0411113660077445 -0.0470597246180018
36.3000000000002 22.112811687275 79.5279680589068 100.416913328044 12.5674197861012 0.0414973006952605 -0.0335829448581173
36.4000000000002 22.1833593539089 79.5819109764709 100.371767971096 12.5620316827088 0.041877585634919 -0.0205963340306216
36.5000000000002 22.2539140508577 79.6358109331046 100.326538593721 12.5568294371647 0.0422530303804006 -0.00807130098075549
36.6000000000003 22.3244760966549 79.6896673773957 100.281224798949 12.5518148864588 0.0426245528299826 0.00401652722019197
36.7000000000003 22.3950457887601 79.7434796240842 100.235826100043 12.5469897763279 0.0429931718336533 0.0156874467811712
36.8000000000003 22.465623403074 79.7972468534237 100.190341919909 12.542355766296 0.0433600003233826 0.0269578374465869
36.9000000000003 22.5362091935269 79.8509681105427 100.144771590514 12.5379144347155 0.0437262388498523 0.0378403385998724
37.0000000000003 22.6068033917486 79.9046423048068 100.099114352294 12.5336672838083 0.0440931694215165 0.0483440399698987
37.1000000000003 22.6774062068309 79.9582682092184 100.053369353611 12.5296157447107 0.0444620688777722 0.05828318932949
37.2000000000003 22.7480178252912 80.0118444608153 100.007535651191 12.5257611826285 0.0448339533759838 0.0674797259846212
37.3000000000003 22.8186384114 80.0653695636043 99.961612213082 12.5221049022701 0.0452097976995454 0.0759502314745801
37.4000000000003 22.8892681076867 80.118841892493 99.9155979226067 12.51864815339 0.0455906013698388 0.0837095599487631
37.5000000000003 22.9599070355213 80.172259697261 99.8694915823449 12.5153921363357 0.045977376554616 0.0907711939601077
37.6000000000003 23.0305552957671 80.2256211065296 99.8232919181224 12.5123380075955 0.046371136906982 0.097147599632156
37.7000000000003 23.1012129695087 80.278924131733 99.7769975829975 12.5094868853455 0.0467728873037422 0.102850572569878
37.8000000000003 23.1718801188554 80.3321666710885 99.730607161248 12.5068398549969 0.0471836144609461 0.107891566878662
37.9000000000003 23.2425567878224 80.3853465135669 99.6841191723577 12.5043979747437 0.0476042784144532 0.112282000834034
38.0000000000003 23.3132430032898 80.4384613428634 99.6375320750035 12.5021622811097 0.0480358048580985 0.11603353360249
38.1000000000003 23.3839387760306 80.4915087413673 99.5908442710561 12.5001337944927 0.0484790437301573 0.119134396899651
38.2000000000003 23.4546441015729 80.5444861941226 99.5440541099409 12.4983135246196 0.0489346593008384 0.121576104404442
38.3000000000003 23.5253589605148 80.5973910927623 99.4971598939144 12.4967024757784 0.0494032287497689 0.123376259238433
38.4000000000003 23.5960833186587 80.6502207394337 99.4501598837009 12.4953016519601 0.0498852727773622 0.124553433831358
38.5000000000003 23.6668171271923 80.7029723507222 99.4030523041425 12.4941120619992 0.0503812526316705 0.125127197057787
38.6000000000003 23.7375603229267 80.7556430615764 99.35583534985 12.4931347247121 0.0508915680860994 0.125118103156086
38.7000000000003 23.8083128285876 80.808229929232 99.3085071908531 12.4923706740375 0.0514165563322214 0.124547645261581
38.8000000000003 23.8790745531569 80.8607299371361 99.261065978251 12.4918209641752 0.0519564917447462 0.123438177250966
38.9000000000003 23.949845392264 80.9131399988724 99.2135098498626 12.4914866747258 0.0525115864706899 0.121812808382429
39.0000000000003 24.0206252286211 80.9654569620845 99.1658369358774 12.4913689158304 0.0530819917898615 0.119695275685445
39.1000000000003 24.0914139325058 81.0176776124254 99.118045364527 12.491468833296 0.0536676823867566 0.117052961002562
39.2000000000003 24.1622113623675 81.0697986781329 99.0701332683111 12.4917876133695 0.0542681003475249 0.113861029517301
39.3000000000003 24.2330173656638 81.1218168361985 99.0220987916315 12.4923264866175 0.0548825032913328 0.110154831760117
39.4000000000003 24.303831779755 81.1737287191634 98.9739400989799 12.4930867314534 0.0555100863425613 0.105968879481145
39.5000000000003 24.37465443276 81.2255309219389 98.9256553831472 12.4940696776518 0.0561499883539761 0.101336566943079
39.6000000000003 24.4454851443631 81.2772200086264 98.8772428734327 12.495276709862 0.0568012986660204 0.0962899254035847
39.7000000000003 24.516323726566 81.3287925193382 98.8287008438539 12.4967092711219 0.057463064302359 0.0908594133814913
39.8000000000003 24.5871699843781 81.3802449770169 98.7800276213552 12.4983688663723 0.058134297511956 0.0850737439079419
39.9000000000003 24.6580237164406 81.4315738942564 98.7312215940175 12.5002570659706 0.0588139835789893 0.0789597489820441
40.0000000000003 24.7288847155766 81.4827757801217 98.6822812192678 12.5023755092045 0.0595010888367766 0.072542280296815
40.1000000000003 24.7997527692639 81.5338471469468 98.6332050320631 12.5047259077845 0.060194585999262 0.0659558164174734
40.2000000000003 24.8706276600326 81.5847845165441 98.5839916524249 12.5073100487612 0.0608935195079129 0.0593255033199555
40.3000000000003 24.9415091657984 81.635584424921 98.5346397913243 12.5101297959884 0.0615969699950117 0.0526595487247421
40.4000000000003 25.012397060122 81.6862434264085 98.4851482559161 12.5131870910112 0.0623040423282551 0.0459647451021947
40.5000000000003 25.083291112388 81.7367580977671 98.4355159547493 12.5164839539324 0.0630138690891886 0.0392465665072348
40.6000000000003 25.154191087901 81.7871250422928 98.3857419029765 12.5200224842797 0.0637256139596067 0.0325092674081452
40.7000000000003 25.2250967478968 81.8373408939229 98.3358252275639 12.5238048618712 0.0644384750329698 0.0257559820506585
40.8000000000003 25.2960078494683 81.8874023213422 98.285765172501 12.5278333476829 0.0651516880713888 0.0189888231334194
40.9000000000003 25.3669241454067 81.9373060320883 98.2355611040104 12.5321102847146 0.0658645297260872 0.0122089789160138
41.0000000000003 25.4378453839555 81.9870487766582 98.1852125157577 12.5366380988566 0.0665763207402163 0.0054168081254731
41.1000000000003 25.508771308475 82.0366273526064 98.1347190340605 12.5414192997516 0.0672864309127126 -0.00137010247392718
41.2000000000003 25.5797016568865 82.0860386084472 98.0840804230833 12.5464564815346 0.0679942888646713 -0.00813581830779868
41.3000000000003 25.6506361606918 82.1352794470591 98.0332965899937 12.5517523232641 0.0686993819038029 -0.0148833513678385
41.4000000000003 25.7215745437781 82.1843468288939 97.9823675901042 12.5573095892307 0.0694012572079265 -0.0216160825265939
41.5000000000003 25.7925165211384 82.233237775177 97.9312936320139 12.5631311292622 0.070099524483561 -0.0283376829346718
41.6000000000003 25.8634617975186 82.2819493711088 97.8800750827497 12.5692198790273 0.0707938587014433 -0.0350520392555711
41.7000000000003 25.9344100659911 82.3304787690655 97.8287124729068 12.5755788603406 0.0714840029179952 -0.0417631820921418
41.8000000000003 26.0053610064615 82.3788231918003 97.7772065017913 12.5822111814668 0.0721697711915548 -0.0484752170215948
41.9000000000003 26.0763142841113 82.426979935644 97.72555804256 12.5891200374251 0.0728510515971829 -0.0551922575753181
42.0000000000003 26.1472695477816 82.4749463737064 97.6737681473631 12.5963087102938 0.0735278093469161 -0.0619183595793714
42.1000000000003 26.2182264283225 82.5227199590452 97.6218380524256 12.6037805694846 0.0742001515439837 -0.0685016086839854
42.2000000000003 26.2891845373718 82.5702982270053 97.5697691816077 12.6115390712413 0.074868498602227 -0.0747963500643957
42.3000000000003 26.3601434673192 82.6176787954539 97.5175631460972 12.6195877561676 0.0755333704294183 -0.0808151326142779
42.4000000000003 26.4311027917537 82.6648593641845 97.4652217425795 12.6279302459793 0.0761953164361864 -0.0865694837206376
42.5000000000003 26.5020620659468 82.7118377142904 97.4127469513484 12.6365702402262 0.0768549110881645 -0.0920699875035945
42.6000000000003 26.5730208273556 82.7586117075373 97.3601409344174 12.6455115130142 0.0775127497477197 -0.0973263609018768
42.7000000000003 26.6439785961515 82.8051792857365 97.3074060336308 12.6547579097274 0.0781694447781513 -0.102347527139196
42.8000000000003 26.7149348757752 82.8515384701179 97.2545447687748 12.6643133437502 0.0788256218862634 -0.107141686320671
42.9000000000003 26.7858891535227 82.8976873607024 97.2015598356886 12.6741817931891 0.0794819166833068 -0.111716382942623
43.0000000000003 26.8568409011632 82.9436241356757 97.1484541043755 12.6843672975951 0.0801389714455938 -0.116078570196342
43.1000000000003 26.9277895755935 82.9893470507585 97.0952306171116 12.6948739546855 0.0807974379251664 -0.12022945608142
43.2000000000003 26.9987346195391 83.0348544385289 97.0418925864968 12.7057059170604 0.0814579912297074 -0.124169856014434
43.3000000000003 27.0696754623256 83.0801447076181 96.9884433933567 12.716867388906 0.0821213079467021 -0.127905414270841
43.4000000000003 27.140611520705 83.1252163418575 96.9348865845871 12.7283626226927 0.0827880572881962 -0.131441401729998
43.5000000000003 27.2115421997284 83.1700678994236 96.8812258709958 12.7401959158729 0.0834588984527781 -0.13478276850973
43.6000000000004 27.2824668936658 83.2146980119832 96.8274651251444 12.752371607579 0.0841344781350767 -0.137934192886158
43.7000000000004 27.353384986972 83.2591053838379 96.77360837919 12.7648940753209 0.0848154281781627 -0.140900126519974
43.8000000000004 27.4242958553007 83.3032887910696 96.7196598227277 12.777767731684 0.0855023633640889 -0.143684836045015
43.9000000000004 27.4951988665653 83.3472470806851 96.6656238006317 12.7909970210274 0.086195879338991 -0.1462924410567
44.0000000000004 27.5660933820469 83.3909791697608 96.611504810898 12.804586416181 0.0868965506696154 -0.148726948573504
44.1000000000004 27.6369787575597 83.4344840445827 96.5573075024613 12.818540415125 0.0876048935605176 -0.150938666706278
44.2000000000004 27.707854344946 83.4777607596297 96.5030366723874 12.8328635371726 0.0883212444190683 -0.152881046179173
44.3000000000004 27.7787194943286 83.5208084361654 96.4486972614753 12.8475603178957 0.0890458410258769 -0.154562780947469
44.4000000000004 27.8495735566591 83.5636262606753 96.3942943492337 12.8626353035547 0.0897788526881529 -0.15599262869305
44.5000000000004 27.9204158862795 83.6062134832969 96.339833148833 12.8780930455092 0.0905203786018041 -0.157179420168398
44.6000000000004 27.9912458434777 83.6485694162514 96.2853190020576 12.8939380946286 0.091270446585083 -0.158132061688139
44.7000000000004 28.0620627970305 83.690693432274 96.2307573742583 12.9101749957033 0.0920290121694157 -0.158859531447795
44.8000000000004 28.1328661267259 83.7325849630448 96.1761538493041 12.9268082818553 0.0927959580316376 -0.159370870390272
44.9000000000004 28.2036552258564 83.7742434976198 96.121514124535 12.9438424689487 0.0935710937507523 -0.159675168317498
45.0000000000004 28.2744295036752 83.8156685808615 96.0668440057138 12.9612820500008 0.0943541558728632 -0.159781546029751
45.1000000000004 28.3451883878193 83.8568598118637 96.0121494019597 12.9791314896004 0.0951448497418113 -0.15967578937579
45.2000000000004 28.4159313270072 83.8978168422072 95.9574363201939 12.9973952185205 0.0959429653761285 -0.159343514751062
45.3000000000004 28.4866577945254 83.9385393737888 95.9027108583466 13.0160776288253 0.0967482375889616 -0.158793663867469
45.4000000000004 28.5573672920077 83.9790271564817 95.847979198076 13.0351830691718 0.0975603028133812 -0.158035241247805
45.5000000000004 28.6280593531829 84.0192799857899 95.793247597469 13.0547158401189 0.098378700006194 -0.157077282497377
45.6000000000004 28.6987335475679 84.0592977005016 95.7385223837412 13.0746801894364 0.099202871876203 -0.155928819627301
45.7000000000004 28.7693894840938 84.099080180344 95.6838099459374 13.0950803074142 0.100032166416557 -0.154598844339128
45.8000000000004 28.8400268146503 84.1386273436369 95.6291167276323 13.115920322171 0.100865838720639 -0.153096270176664
45.9000000000004 28.9106452375387 84.1779391449468 95.5744492196302 13.137204294964 0.101703053061691 -0.151429894354495
46.0000000000004 28.9812445008173 84.2170155727412 95.519813952666 13.1589362154974 0.102542885216875 -0.149608359963741
46.1000000000004 29.0518244055252 84.2558566470501 95.4652174901103 13.1811199972195 0.103384269582246 -0.147648558557756
46.2000000000004 29.1223848086797 84.2944624173313 95.4106664208068 13.2037594723057 0.104225838470913 -0.145568070725394
46.3000000000004 29.192925625876 84.33283296085 95.3561673522444 13.2268583858435 0.105066096581339 -0.143376130728761
46.4000000000004 29.2634468335803 84.3709683812623 95.3017269038613 13.2504203897036 0.105903480743197 -0.141081546052396
46.5000000000004 29.3339484711868 84.408868807206 95.2473517003539 13.274449036399 0.106736363661949 -0.138692675067974
46.6000000000004 29.4044306428241 84.4465343908916 95.1930483649861 13.2989477729434 0.10756305776989 -0.136217408825164
46.7000000000004 29.4748935189011 84.4839653066929 95.138823512898 13.3239199347108 0.108381819173862 -0.133663156707993
46.8000000000004 29.5453373373757 84.5211617497383 95.0846837444154 13.3493687392939 0.109190851692266 -0.131036835709663
46.9000000000004 29.6157624047367 84.5581239345014 95.0306356383586 13.3752972803635 0.109988310974893 -0.12834486298156
47.0000000000004 29.6861690966829 84.5948520933923 94.9766857453514 13.4017085215271 0.11077230869999 -0.125593151325065
47.1000000000004 29.7565578584977 84.6313464753478 94.9228405811247 13.4286052901976 0.111540947888544 -0.122784747577479
47.2000000000004 29.8269292053082 84.6676073444165 94.869106619673 13.4559902717205 0.112292417245134 -0.119921727059981
47.3000000000004 29.8972837225522 84.7036349783278 94.8154902860362 13.4838660041545 0.11302489681228 -0.1170078451615
47.4000000000004 29.9676220663397 84.7394296670557 94.7619979489358 13.5122348733104 0.113736530334207 -0.114046428051464
47.5000000000004 30.0379449635024 84.7749917113816 94.7086359134046 13.5410991078003 0.114425429514268 -0.111040370869788
47.6000000000004 30.1082532113126 84.8103214214577 94.6554104134162 13.5704607740858 0.115089678350291 -0.107992136416288
47.7000000000004 30.1785476768626 84.8454191153701 94.6023276045153 13.6003217715272 0.115727337543243 -0.104903754015468
47.8000000000004 30.2488292960974 84.8802851177017 94.5493935564469 13.6306838274318 0.116336448973561 -0.101776818243411
47.9000000000004 30.3190990724902 84.9149197580958 94.4966142457866 13.6615484921035 0.116915040239107 -0.0986124871861093
48.0000000000004 30.3893580753576 84.9493233698189 94.4439955485701 13.6929171338907 0.117461129247396 -0.0954114798861403
48.1000000000004 30.4596074377975 84.9834962883317 94.391543232965 13.7247909342789 0.117972918995344 -0.0922291132107371
48.2000000000004 30.5298483540707 85.0174388500618 94.3392629530206 13.7571708841094 0.118449382938669 -0.0891169115922587
48.3000000000004 30.6000820762104 85.0511513916877 94.2871602451586 13.7900577826585 0.118889715385607 -0.0860697103456393
48.4000000000004 30.6703099102717 85.0846342496247 94.2352405257427 13.823452237843 0.119293144731382 -0.0830825141324132
48.5000000000004 30.7405332124351 85.1178877595191 94.1835090886888 13.8573546664696 0.119658934087385 -0.0801504815227418
48.6000000000004 30.8107533849784 85.1509122557412 94.1319711030767 13.8917652944838 0.119986381925205 -0.0772689095362698
48.7000000000004 30.8809718721207 85.1837080708791 94.0806316107605 13.9266841572189 0.120274822723052 -0.0744332181548311
48.8000000000004 30.9511901557465 85.2162755352326 94.0294955239799 13.9621110996456 0.120523627602493 -0.0716389348008167
48.9000000000004 31.0214097510136 85.2486149763069 93.9785676229708 13.9980457766205 0.120732204944394 -0.0688816787125235
49.0000000000004 31.0916322018525 85.2807267183058 93.9278525535764 14.0344876531356 0.120900000973409 -0.0661571452051696
49.1000000000004 31.1618590763609 85.312611081627 93.8773548248499 14.0714360045505 0.121026427887404 -0.0634531240049549
49.2000000000004 31.232091962037 85.3442683823903 93.8270788064411 14.1088899163854 0.121110647241963 -0.0607580711454745
49.3000000000004 31.3023324607296 85.3756989320498 93.7770287254361 14.1468482830003 0.121151788303378 -0.0580686398433625
49.4000000000004 31.3725821833633 85.40690303704 93.72720866298 14.1853098058348 0.121149021788948 -0.0553813532233597
49.5000000000004 31.4428427444963 85.4378809984224 93.6776225508928 14.2242729916309 0.121101561112049 -0.0526925887894654
49.6000000000004 31.5131157567211 85.468633111533 93.628274168284 14.2637361506566 0.12100866352156 -0.0499985610743674
49.7000000000004 31.5834028249166 85.4991596656286 93.5791671381681 14.3036973949284 0.120869631129322 -0.0472953022756176
49.8000000000004 31.6537055403599 85.5294609435347 93.5303049240793 14.3441546364348 0.120683811820382 -0.044578640698363
49.9000000000004 31.7240254747081 85.5595372212917 93.4816908266873 14.3851055853588 0.1204506000423 -0.0418441767176973
50.0000000000004 31.7943641738597 85.5893887678023 93.4333279804115 14.4265477483016 0.120169437471096 -0.0390872560044609
50.1000000000004 31.8647231517054 85.6190158444801 93.3852193500884 14.4684784265628 0.119840091372132 -0.0363528488847773
50.2000000000004 31.9351038838044 85.6484187049402 93.337367728963 14.5108947159246 0.119463489928363 -0.033684953335235
50.3000000000004 32.0055078011423 85.6775975947954 93.2897757400494 14.5537935102502 0.119040889775674 -0.0310775100016383
50.4000000000004 32.0759362841322 85.7065527514958 93.2424458388168 14.5971715065852 0.118573594900987 -0.0285247830236621
50.5000000000004 32.1463906568932 85.7352844041683 93.1953803159273 14.6410252103169 0.118062952817144 -0.0260213299680272
50.6000000000004 32.2168721818155 85.7637927734572 93.1485812999726 14.6853509403337 0.117510350779387 -0.0235619744551084
50.7000000000005 32.2873820544182 85.7920780713646 93.1020507602116 14.7301448341841 0.116917212054285 -0.0211417812216106
50.8000000000005 32.3579213985058 85.8201405010904 93.055790509308 14.7754028532363 0.116284992252161 -0.018756033443718
50.9000000000005 32.4284912616283 85.8479802568728 93.0098022060675 14.8211207878372 0.115615175735261 -0.0164002121349101
51.0000000000005 32.4990926108489 85.8755975238286 92.9640873581747 14.8672942624715 0.114909272112518 -0.0140699774825868
51.1000000000005 32.5697263288169 85.9029924777942 92.9186473249417 14.9139187409242 0.114168839703974 -0.0117713095499261
51.2000000000005 32.6403932100388 85.930165285194 92.8734833203234 14.9609895315111 0.113395564369262 -0.00951059328810658
51.3000000000005 32.7110939571809 85.9571161029756 92.8285964166162 15.0085017924859 0.112591178161993 -0.00728439222167169
51.4000000000005 32.7818291776001 85.9838450785722 92.7839875484242 15.0564505375157 0.111757429368218 -0.00508949088748065
51.5000000000005 32.8525993802163 86.0103523498657 92.7396575166367 15.10483064116 0.110896079170921 -0.00292288617459797
51.6000000000005 32.9234049727313 86.03663804515 92.6956069924046 15.1536368443488 0.11000889847777 -0.000781780595575819
51.7000000000005 32.9942462591904 86.0627022830944 92.6518365211177 15.2028637598613 0.109097664918101 0.00133642261917428
51.8000000000005 33.0651234378837 86.0885451727066 92.6083465263818 15.2525058778045 0.108164160012764 0.00343412261172973
51.9000000000005 33.136036599585 86.1141668132958 92.565137313995 15.3025575710917 0.107210166519674 0.00551352222591584
52.0000000000005 33.2069857261212 86.1395672944363 92.5222090759257 15.3530131009208 0.106237465955551 0.00757662759185397
52.1000000000005 33.2779706892704 86.1647466959313 92.4795618942941 15.4038666222593 0.105247864361541 0.00961890869335756
52.2000000000005 33.348991250013 86.1897050877923 92.4371957454987 15.4551121894837 0.104243273722267 0.0116353055821312
52.3000000000005 33.4200470581899 86.2144425302598 92.3951105047056 15.5067437624137 0.10322562452173 0.0136266668840573
52.4000000000005 33.4911376525275 86.2389590738394 92.3533059504818 15.5587552125024 0.102196835435192 0.0155935490818498
52.5000000000005 33.5622624609934 86.2632547593387 92.3117817694336 15.611140329031 0.101158811401766 0.0175362065850504
52.6000000000005 33.6334208014754 86.287329617904 92.2705375608453 15.663892825305 0.100113441849883 0.0194545802627485
52.7000000000005 33.7046118827724 86.3111836710574 92.2295728413176 15.7170063448494 0.0990625990625662 0.0213482845790649
52.8000000000005 33.7758348058893 86.3348169307336 92.1888870494063 15.7704744676045 0.0980081366693004 0.023216593469678
52.9000000000005 33.8470885656269 86.3582293993164 92.1484795502609 15.8242907161213 0.096951888247932 0.0250584251738464
53.0000000000005 33.9183720524552 86.3814210696763 92.108349640263 15.8784485617568 0.0958956660209568 0.0268723262236462
53.1000000000005 33.9896840546636 86.4043919252094 92.0684965516729 15.9329414308763 0.094841288749202 0.02864365149042
53.2000000000005 34.0610232608034 86.427141939951 92.0289194574852 15.9877627112113 0.0937906669541938 0.0303565040497525
53.3000000000005 34.1323882624674 86.4496710788757 91.9896174768145 16.0429057586169 0.0927457125508427 0.0320068682253667
53.4000000000005 34.2037775573668 86.4719792982705 91.9505896804904 16.0983639039857 0.0917083080215323 0.0335901919749396
53.5000000000005 34.2751895526725 86.4940665461112 91.9118350966596 16.1541304601683 0.0906803049451675 0.0351013783988147
53.6000000000005 34.3466225686073 86.5159327624388 91.8733527163892 16.210198728893 0.0896635225164564 0.0365347806238839
53.7000000000005 34.4180748422793 86.5375778797354 91.835141499269 16.266562007686 0.0886597460378889 0.0378842009254634
53.8000000000005 34.4895445317448 86.559001823301 91.7972003790145 16.323213596792 0.0876707253689115 0.0391428949819106
53.9000000000005 34.5610297202906 86.5802045116296 91.7595282690696 16.3801468060935 0.0866981733192793 0.0403035821989518
54.0000000000005 34.632528420925 86.6011858567851 91.7221240682091 16.4373549620318 0.0857437639760758 0.0413584630546751
54.1000000000005 34.7040385810668 86.621945764778 91.6849866661236 16.4948314145143 0.0848090604291017 0.0423219486353346
54.2000000000005 34.7755580874108 86.6424841359353 91.6481149485399 16.5525695435135 0.0838953027168854 0.04320985358055
54.3000000000005 34.8470847709191 86.6628008652581 91.6115078011612 16.6105627648769 0.0830036201587907 0.0440158796717407
54.4000000000005 34.9186164119153 86.682895842772 91.5751641131427 16.6688045358282 0.0821351008159529 0.0447334437475506
54.5000000000005 34.9901507452789 86.7027689538786 91.5390827805499 16.7272883604556 0.081290790038732 0.0453557083953718
54.6000000000005 35.0616854657332 86.7224200797066 91.503262709816 16.7860077952007 0.0804716889499554 0.0458756188081047
54.7000000000005 35.1332182332213 86.7418490974628 91.4677028212002 16.8449564543472 0.0796787528802477 0.0462859459500479
54.8000000000005 35.2047466783651 86.7610558807828 91.4324020522453 16.9041280155095 0.0789128897758795 0.046579336016974
54.9000000000005 35.276268408002 86.7800403000828 91.3973593612352 16.9635162251211 0.0781749586041472 0.0467483660803462
55.0000000000005 35.3477810107945 86.7988022229099 91.3625737306538 17.0231149039238 0.0774657677855177 0.046785605626742
55.1000000000005 35.4192820629185 86.8173415142957 91.328044170628 17.0829179524597 0.0767860411760506 0.0466969495689372
55.2000000000005 35.4907691340789 86.8356580371659 91.2937697220187 17.1429193566562 0.0761363151352171 0.0464893744553512
55.3000000000005 35.5622397942415 86.8537516528921 91.2597494586105 17.203113193647 0.0755170278783198 0.046157256605955
55.4000000000005 35.6336916206641 86.8716222219006 91.2259824889479 17.2634936376852 0.0749285500921439 0.0456952187374952
55.5000000000005 35.7051222049656 86.8892696042827 91.1924679581585 17.3240549660613 0.0743711843155865 0.0450981869194822
55.6000000000005 35.7765291602216 86.9066936604055 91.1592050497747 17.3847915650195 0.0738451646369888 0.0443614461716476
55.7000000000005 35.8479101280854 86.9238942515226 91.1261929875564 17.4456979356755 0.0733506567532681 0.0434806936455334
55.8000000000005 35.9192627859304 86.9408712403844 91.0934310373137 17.5067686999333 0.0728877584350699 0.0424520883236654
55.9000000000005 35.9905848540146 86.9576244918492 91.0609185087296 17.5679986064025 0.0724565004370836 0.0412722961877924
56.0000000000005 36.0618741026643 86.974153873493 91.0286547571818 17.6293825363156 0.0720568478905673 0.039938529975344
56.1000000000005 36.1331283594559 86.9904592562198 90.9966391855351 17.6909155094048 0.0716885600578424 0.0385063531285581
56.2000000000005 36.2043455158575 87.0065405148409 90.9648712451354 17.7525926887327 0.0713507780270737 0.0370349804402431
56.3000000000005 36.2755235324368 87.0223975285782 90.9333504347788 17.8144093828692 0.0710424741880274 0.0355276165313143
56.4000000000005 36.3466604434308 87.0380301815391 90.9020762988827 17.8763610470205 0.0707625996725986 0.0339875549421118
56.5000000000005 36.4177543611999 87.0534383631884 90.8710484256269 17.9384432841198 0.0705100867868366 0.0324181493760381
56.6000000000005 36.4888034805918 87.0686219688219 90.8402664450942 18.0006518459165 0.0702838515280415 0.0308227853728225
56.7000000000005 36.5598060832163 87.0835809000383 90.809730027411 18.0629826340665 0.0700827961695611 0.0292048529430361
56.8000000000005 36.6307605416361 87.0983150652128 90.7794388808881 18.1254317012219 0.069905811895384 0.0275677205850144
56.9000000000005 36.7016653234736 87.1128243799694 90.7493927501612 18.1879952521206 0.069751781467512 0.0259147110390614
57.0000000000005 36.7725189954391 87.1271087676541 90.7195914143321 18.2506696446767 0.0696195819102315 0.024249079101458
57.1000000000005 36.8433202273005 87.1411681598085 90.6900346850988 18.3134513910874 0.0695080767779704 0.022581441938508
57.2000000000005 36.9140677962982 87.1550024966773 90.6607224046278 18.3763371593984 0.0694160806045691 0.0209224600857954
57.3000000000005 36.9847605928088 87.1686117278 90.6316544427678 18.4393237762312 0.0693423813256315 0.0192752743567045
57.4000000000005 37.0553976264588 87.1819958126352 90.6028306940053 18.502408229968 0.0692857531528986 0.0176428605761922
57.5000000000005 37.1259780321883 87.195154721187 90.5742510744095 18.5655876739544 0.0692449609502947 0.0160280193830822
57.6000000000005 37.1965010762454 87.2080884346304 90.5459155185778 18.6288594297017 0.0692187647034143 0.0144333693647182
57.7000000000006 37.2669661621125 87.2207969459378 90.5178239765807 18.69222099009 0.0692059240754973 0.0128613434210626
57.8000000000006 37.3373728363642 87.2332802605049 90.4899764109072 18.7556700225701 0.0692052030452502 0.0113141881762631
57.9000000000006 37.4077207944573 87.2455383967761 90.4623727934099 18.8192043723667 0.0692153746253295 0.00979396626683597
58.0000000000006 37.4780098864529 87.2575713868714 90.4350131022503 18.8828220656807 0.0692352256617809 0.00830256122803342
58.1000000000006 37.5482401226516 87.2693792772208 90.4078973188156 18.9465213128564 0.0692634209367273 0.00688208534405064
58.2000000000006 37.6184116786436 87.2809621294394 90.3810254238946 19.0103005106263 0.0692980891069929 0.00557511907421247
58.3000000000006 37.6885248989471 87.2923200218114 90.3543973919739 19.0741582420158 0.069337254432424 0.00438384508811958
58.4000000000006 37.7585802999667 87.3034530510129 90.328013184793 19.1380932753251 0.0693789803733793 0.0033101249295562
58.5000000000006 37.8285785727536 87.3143613338444 90.3018727448715 19.202104563076 0.0694213714331913 0.00235555218268814
58.6000000000006 37.8985205855849 87.3250450089634 90.2759759890361 19.2661912409587 0.0694625750572831 0.00152150461829271
58.7000000000006 37.9684073863636 87.3355042386172 90.2503228019469 19.3303526267784 0.0695007836303089 0.000809194852142528
58.8000000000006 38.038240204838 87.3457392103749 90.224913029625 19.3945882194023 0.0695342366121708 0.000219719079618281
58.9000000000006 38.1080204546386 87.3557501388602 90.1997464729791 19.4588976977059 0.0695612228521071 -0.000245896374602361
59.0000000000006 38.1777497351345 87.3655372674837 90.1748228813321 19.5232809195203 0.0695800831183669 -0.000586650923683395
59.1000000000006 38.2474298330699 87.3751008701833 90.1501419459581 19.5877379205424 0.0695891876630581 -0.00081882007801229
59.2000000000006 38.3170627230907 87.3844412533621 90.1257032938616 19.6522689123093 0.0695868644347794 -0.000958860119776542
59.3000000000006 38.3866505657228 87.3935587583296 90.1015064821761 19.7168742777955 0.0695714772870926 -0.00100599195107262
59.4000000000006 38.4561957042119 87.4024537639404 90.0775509928062 19.7815545660734 0.0695414504220156 -0.000959354890479469
59.5000000000006 38.5257006611124 87.4111266892416 90.0538362270788 19.8463104869374 0.0694952674992527 -0.000817978649792384
59.6000000000006 38.5951681346614 87.4195779961184 90.0303615003945 19.9111429055292 0.0694314710859125 -0.000580756154191162
59.7000000000006 38.6646009949412 87.4278081919416 90.0071260368789 19.9760528369616 0.0693486624551753 -0.000246416910063188
59.8000000000006 38.7340022798301 87.4358178322139 89.9841289640341 20.0410414409434 0.0692455017424398 0.000186499442011962
59.9000000000006 38.8033751907461 87.4436075232168 89.9613693073897 20.106110016404 0.0691207084634386 0.000719669752854218
60.0000000000006 38.8727230881846 87.451177924657 89.9388459851546 20.1712599961175 0.0689730623989624 0.00135501455488247
60.1000000000006 38.9420494870609 87.4585297523414 89.9165578028378 20.2364929413206 0.0688012304311312 0.00209324339769769
60.2000000000006 39.0113580520002 87.465663781587 89.894503447083 20.3018105361394 0.0686032446545993 0.00293545034013915
60.3000000000006 39.0806525927695 87.4725808524964 89.8726814775068 20.3672145815362 0.0683770282457301 0.00388469074136341
60.4000000000006 39.1499370595654 87.4792818759681 89.8510903177504 20.4327069890657 0.0681205746364786 0.00494455395348183
60.5000000000006 39.2192155380103 87.4857678397348 89.8297282465007 20.4982897746239 0.0678319531622825 0.00611923826892109
60.6000000000006 39.2884922438563 87.4920398144026 89.8085933885118 20.5639650521979 0.0675093154619986 0.00741363309861739
60.7000000000006 39.357771517408 87.4980989594893 89.7876837056264 20.6297350276145 0.0671509026743967 0.00883340980634909
60.8000000000006 39.4270578176748 87.5039465294629 89.7669969877972 20.6956019922898 0.0667550534877119 0.0103851227231003
60.9000000000006 39.4963557162647 87.5095838797805 89.7465308441081 20.7615683169779 0.0663202131122889 0.0120763220806027
61.0000000000006 39.5656698910327 87.5150124729267 89.7262826937955 20.8276364455206 0.065844943265618 0.0139156807728639
61.1000000000006 39.6350051194368 87.5202338844476 89.7062497572984 20.893808888538 0.065327943709713 0.0158939340905292
61.2000000000006 39.70436627001 87.5252498088643 89.6864290480468 20.9600882156004 0.0647680742794856 0.0180024615923122
61.3000000000006 39.7737582894044 87.5300620652804 89.6668173661258 21.0264770435465 0.0641642946166589 0.0202529288500177
61.4000000000006 39.8431861876098 87.5346726028683 89.6474112926786 21.0929780232816 0.0635156530419334 0.0226586415008332
61.5000000000006 39.91265502298 87.5390835063518 89.628207184338 21.1595938265192 0.0628212919368864 0.0252347927562001
61.6000000000006 39.9821698871546 87.543297001488 89.6092011676577 21.2263271325208 0.0620804544575223 0.0279987546673254
61.7000000000006 40.051735889904 87.5473154605495 89.5903891335439 21.2931806148369 0.061292492749154 0.0309704213937502
61.8000000000006 40.1213581439228 87.5511414078068 89.5717667316862 21.3601569280476 0.0604568778864599 0.0341726142303746
61.9000000000006 40.1910417496021 87.5547775250096 89.5533293649897 21.4272586945032 0.0595732118329435 0.0376315600529184
62.0000000000006 40.2607917798083 87.5582266568702 89.5350721840058 21.4944884910646 0.0586412418000748 0.0413774568619079
62.1000000000006 40.3306132646942 87.5614918165252 89.516990081392 21.5618488358467 0.0576610015810133 0.0454302391247665
62.2000000000006 40.4005111764238 87.564576190501 89.4990776871016 21.6293421750153 0.0566331926739506 0.0498124992348217
62.3000000000006 40.4704904136292 87.5674831424121 89.4813293654286 21.6969708697257 0.0555588128122023 0.0545658835794631
62.4000000000006 40.5405557859086 87.570216216162 89.4637392127816 21.764737183115 0.0544390513168577 0.0597382062597879
62.5000000000006 40.6107119985551 87.5727791391243 89.446301055487 21.8326432672972 0.0532753163029916 0.0653844502168932
62.6000000000006 40.6809636375514 87.5751758253244 89.4290084475921 21.9006911503585 0.0520692682258241 0.0715679139781097
62.7000000000006 40.7513151548563 87.5774103786206 89.4118546686676 21.9688827233516 0.0508228612594553 0.0783615075442829
62.8000000000006 40.821770854013 87.5794870958854 89.3948327216104 22.0372197272912 0.0495383943642049 0.0858491868149796
62.9000000000006 40.8923348761061 87.5814104701869 89.3779353304467 22.105703740149 0.0482185743429576 0.0941274901922964
63.0000000000006 40.9630111860937 87.5831851939702 89.3611549381346 22.1743361638481 0.0468665937211342 0.103307096643132
63.1000000000006 41.0338035594895 87.5848161622348 89.3444837043712 22.2431182112031 0.0454860990285101 0.113542038230107
63.2000000000006 41.1047155680412 87.5863084756018 89.3279135035125 22.3120508914146 0.0440808882483896 0.125009160448789
63.3000000000006 41.1757505622291 87.587667443105 89.3114359227767 22.3811349918987 0.042655370050743 0.137880532939574
63.4000000000006 41.2469116528126 87.5888985848718 89.2950422605617 22.4503710586715 0.0412148516245347 0.152349100283457
63.5000000000006 41.3182016928289 87.5900076348003 89.2787235247651 22.519759376678 0.0397657479290297 0.168626659854126
63.6000000000006 41.3896232601284 87.5910005432361 89.2624704311054 22.5892999501216 0.0383158390416985 0.186937931455499
63.7000000000006 41.4611786404763 87.5918834796494 89.2462734014427 22.6589924827928 0.0368745828144387 0.207508092816637
63.8000000000006 41.5328698112466 87.5926628353121 89.2301225620994 22.7288363583988 0.0354534875592178 0.230539913497587
63.9000000000006 41.60469842574 87.5933452259748 89.2140077421811 22.7988306208924 0.034066543139523 0.25617518496856
64.0000000000006 41.6766657981538 87.5939374945432 89.1979184718971 22.868973954801 0.0327306958470527 0.284434005646068
64.1000000000006 41.7487728892861 87.594446713667 89.1818439809825 22.9392646656331 0.0314667579467244 0.314945000555925
64.2000000000006 41.8210202943126 87.5948801860129 89.1657731997362 23.0097006622891 0.0303008201676787 0.346909560193703
64.3000000000006 41.893408234781 87.5952454386628 89.1496947667044 23.0802794445611 0.029262526389189 0.379192502195012
64.4000000000006 41.9659365527841 87.5955502151983 89.1335970389802 23.1509980926374 0.0283840497262651 0.410103235309762
64.5000000000006 42.0386047060014 87.5958024676957 89.1174681026051 23.2218532566843 0.0276989216613243 0.437420429480046
64.6000000000006 42.1114117635378 87.5960103487204 89.1012957829692 23.2928411464274 0.0272401211979012 0.45860015845839
64.7000000000006 42.1843564025385 87.5961822033225 89.0850676552126 23.3639575207335 0.027037513065055 0.471202267770095
64.8000000000006 42.2574369055614 87.5963265610315 89.068771054626 23.4351976771922 0.0271150195106983 0.473460140724446
64.9000000000006 42.330651158686 87.5964521278515 89.0523930870513 23.5065564416972 0.0274881783953926 0.464789696571826
65.0000000000006 42.403996650339 87.5965677782557 89.0359206392831 23.5780281580284 0.0281627861429397 0.445995077962558
65.1000000000006 42.4774704708172 87.5966825471603 89.0193403894835 23.6496066774344 0.0291349932366589 0.418995061542429
65.2000000000006 42.5510693124343 87.5968056213369 89.002638817978 23.7212853482463 0.0303926568525422 0.386369538380214
65.3000000000006 42.6247894701834 87.5969463293997 88.9858022190153 23.7930570055712 0.0319178027167988 0.350825468233404
65.4000000000006 42.6986268429762 87.5971141312332 88.9688167129074 23.8649139610158 0.0336893020449019 0.314680536863264
65.5000000000006 42.7725769354899 87.597318607397 88.9516682581842 23.9368479924117 0.0356851667054376 0.279648014353658
65.6000000000005 42.8466348606023 87.597569448531 88.934342663748 24.0088503335411 0.0378842236330939 0.246823905336926
65.7000000000005 42.9207953424008 87.5978764447611 88.9168256010285 24.0809116638618 0.0402671492782651 0.216789552365916
65.8000000000005 42.995052719746 87.5982494751039 88.8991026161369 24.1530220982321 0.0428169824869951 0.189751736859975
65.9000000000005 43.0694009503811 87.5986984968724 88.8811591420209 24.2251711766371 0.0455192742529064 0.165673352059508
66.0000000000005 43.1438336155765 87.5992335350811 88.8629805106193 24.2973478539128 0.0483620164757117 0.144375601434033
66.1000000000005 43.2183439253346 87.5998646717765 88.8445519651107 24.3695404895286 0.0513350427261159 0.125533085793744
66.2000000000005 43.2929247249053 87.6006020334279 88.825858674615 24.4417368388328 0.0544284807022564 0.108832334873616
66.3000000000005 43.3675685037189 87.601455773393 88.8068857551199 24.5139240480147 0.0576336559010049 0.0940440419297025
66.4000000000005 43.4422674053536 87.6024360524431 88.7876182928598 24.5860886505318 0.0609433295366383 0.0809426836503665
66.5000000000005 43.5170132376959 87.6035530192148 88.7680413677886 24.6582165635929 0.0643515499818595 0.0693172954096129
66.6000000000005 43.5917974832125 87.6048167906598 88.7481400770537 24.7302930846404 0.0678535154392005 0.058976530419916
66.7000000000005 43.6666113092863 87.606237432497 88.7278995584685 24.8023028878339 0.0714454522730507 0.0497502406826856
66.8000000000005 43.7414455785737 87.6078249396625 88.7073050139855 24.874230020533 0.0751245102336002 0.0414890675614593
66.9000000000005 43.8162908593425 87.6095892167614 88.6863417331703 24.9460578997802 0.0788886740872369 0.0340629885731244
67.0000000000005 43.8911374357554 87.6115400585176 88.6649951166739 25.0177693087841 0.0827366903504857 0.027359399130106
67.1000000000005 43.9659753182526 87.6136871302653 88.6432506996734 25.089346393587 0.0866679573369969 0.0213464200107124
67.2000000000005 44.0407942586951 87.6160399494614 88.6210941744531 25.1607706645384 0.0906821721158386 0.0159907067497792
67.3000000000005 44.1155837777313 87.6186078697966 88.5985114108059 25.2320230099655 0.0947791819927398 0.0112006870779321
67.4000000000004 44.1903331968493 87.6214000663284 88.5754884755752 25.3030837146508 0.0989589820842481 0.00689803463646018
67.5000000000004 44.2650316703896 87.6244255206544 88.5520116521651 25.3739324784928 0.103221702756069 0.00301557222034183
67.6000000000004 44.3396682172966 87.6276930060846 88.5280674600487 25.4445484351674 0.107567597050674 -0.000504476984290656
67.7000000000004 44.4142317525753 87.631211072815 88.5036426742782 25.5149101707898 0.111997028026488 -0.00371194968710682
67.8000000000004 44.4887111184146 87.6349880331 88.478724344994 25.5849957425754 0.116510455960348 -0.00664996365229158
67.9000000000004 44.5630951149456 87.639031946425 88.4532998169339 25.6547826975015 0.12110842538228 -0.00935594067416199
68.0000000000004 44.6373725305945 87.6433506046801 88.4273567489427 25.7242480909688 0.125791551928104 -0.0118624651416309
68.1000000000004 44.7115321719588 87.6479515172948 88.4008831335318 25.7933685054457 0.130560347019889 -0.0142137841701176
68.2000000000004 44.7855628922595 87.6528418954075 88.373867317749 25.8621200686843 0.135414744782518 -0.0164483604673083
68.3000000000004 44.8594536167822 87.6580286335786 88.3462980273755 25.9304784708448 0.14035462171014 -0.0185852681491096
68.4000000000004 44.9331933665424 87.6635182905373 88.3181643924321 25.9984189811906 0.145379954572635 -0.0206416168130894
68.5000000000004 45.0067712809774 87.6693170698913 88.2894559727363 26.0659164647672 0.150490810924592 -0.0226328161290156
68.6000000000004 45.0801766396322 87.6754308008363 88.2601627834595 26.1329453990804 0.155687340867811 -0.0245728068780651
68.7000000000004 45.1533988827766 87.6818649188654 88.2302753206842 26.1994798907756 0.160969770235594 -0.0264742624229372
68.8000000000004 45.2264276308852 87.6886244464784 88.1997845869608 26.2654936923157 0.166338395376469 -0.0283487642448684
68.9000000000004 45.2992527029184 87.6957139738915 88.1686821168651 26.3309602186604 0.171793579721632 -0.030206954720992
69.0000000000004 45.3718641333374 87.703137639747 88.1369600025548 26.3958525639443 0.17733575233453 -0.0320586700446913
69.1000000000004 45.4442521879944 87.7108991118844 88.1046109192391 26.4601435183307 0.182965271764561 -0.0338818586468512
69.2000000000003 45.516407383877 87.7190015697288 88.0716281483537 26.5238055894128 0.188681862490946 -0.0356574927602035
69.3000000000003 45.5883205207433 87.7274476907816 88.0380055949163 26.5868110351573 0.194484744523366 -0.037398559177865
69.4000000000003 45.6599827165557 87.7362396387269 88.0037378025877 26.6491319013973 0.200372708952361 -0.0391170487722754
69.5000000000003 45.7313854415701 87.7453790516015 87.9688199686453 26.7107400594981 0.206344093822804 -0.0408241112896894
69.6000000000003 45.8025205507556 87.7548670299634 87.9332479589569 26.7716072440244 0.21239676001237 -0.0425301904078309
69.7000000000003 45.8733803144069 87.7647041250609 87.8970183229537 26.831705090407 0.218528067583407 -0.0442451423402914
69.8000000000003 45.9439574468077 87.7748903270023 87.860128308604 26.8910051726095 0.224734853153245 -0.0459783406659572
69.9000000000003 46.0142451327928 87.7854250529245 87.8225758773865 26.9494790407946 0.231013408906729 -0.0477387695863058
70.0000000000003 46.0842370520488 87.7963071351623 87.7843597192636 27.0070982589916 0.237359463955102 -0.049535107465363
70.1000000000003 46.1539274010703 87.8075348095427 87.745479267473 27.0638344427133 0.243768898550925 -0.0513451422104693
70.2000000000003 46.223310914747 87.8191057069286 87.7059347085793 27.1196592952945 0.250239869502645 -0.0531458160577364
70.3000000000003 46.2923828914816 87.8310168530137 87.6657269804962 27.1745446409831 0.256770505114728 -0.0549439335873326
70.4000000000003 46.361139219365 87.843264671366 87.6248577657696 27.2284624567517 0.263358120474222 -0.056745806081208
70.5000000000003 46.429576401444 87.8558449865977 87.5833294846776 27.2813849040602 0.269999173788875 -0.0585573264803512
70.6000000000003 46.4976915798787 87.8687530275337 87.5411452883318 27.3332843606186 0.276689223453865 -0.0603840326807927
70.7000000000003 46.5654825588591 87.8819834303817 87.4983090517776 27.384133452149 0.283422886661215 -0.0622311612439914
70.8000000000003 46.6329478261294 87.8955302419006 87.454825367095 27.433905084149 0.290193800490133 -0.0641036931898899
70.9000000000002 46.7000865729614 87.9093869225705 87.4106995364989 27.4825724736536 0.296994586542928 -0.0660063932782673
71.0000000000002 46.7668987124016 87.9235463497612 87.36593756544 27.5301091809979 0.303816820314782 -0.0679438439335282
71.1000000000002 46.8333848956536 87.9380008208649 87.3205461557184 27.5764891416707 0.310650585601008 -0.0699373026854831
71.2000000000002 46.899546527506 87.9527420554662 87.2745326989326 27.6216867005255 0.317483135756353 -0.0720088093663148
71.3000000000002 46.9653857820521 87.9677611950689 87.2279052707822 27.6656766519786 0.324300049892097 -0.0741641212501587
71.4000000000002 47.0309056161162 87.9830488018616 87.1806726257046 27.7084342825646 0.331085652055256 -0.0764091740171463
71.5000000000002 47.0961097788355 87.9985948574455 87.1328441915272 27.7499354135833 0.337823040897149 -0.0787501060246608
71.6000000000002 47.1610028170409 88.0143887615622 87.0844300641167 27.7901564437461 0.344494137889903 -0.0811932845820679
71.7000000000002 47.2255900761353 88.0304193308221 87.0354410020308 27.8290743918225 0.351079755988598 -0.0837453347224717
71.8000000000002 47.2898776961697 88.0466747974322 86.9858884211686 27.866666939287 0.357559690436242 -0.0864131709987725
71.9000000000002 47.3538726028302 88.0631428079241 86.9357843894214 27.9029124729651 0.363912833118532 -0.089204032868088
72.0000000000002 47.4175824930681 88.079810421882 86.8851416213235 27.9377901276805 0.370117311490124 -0.0921255242284352
72.1000000000002 47.4810158152797 88.0966641108611 86.8339734724663 27.971279828741 0.37615189932268 -0.0951199240691082
72.2000000000002 47.5441817479367 88.1136897622463 86.7822939277695 28.0033623302533 0.381999785292803 -0.0981251820874025
72.3000000000002 47.6070901843096 88.1308726956548 86.730117574156 28.0340192428499 0.387644703198525 -0.101142607925674
72.4000000000002 47.6697517186928 88.1481976842788 86.6774595670828 28.0632330572451 0.393069746937071 -0.104173433785711
72.5000000000002 47.732177630423 88.1656489764198 86.6243355968366 28.0909871676294 0.398257481163007 -0.107218883971816
72.6000000000002 47.7943798653681 88.1832103170209 86.570761854828 28.1172658950654 0.403190067366995 -0.110280245311455
72.7000000000001 47.8563710147226 88.2008649692006 86.5167549998874 28.1420545108827 0.407849405009578 -0.113358939207725
72.8000000000001 47.9181642909552 88.2185957357863 86.4623321245593 28.1653392600729 0.412217286931556 -0.116456595876894
72.9000000000001 47.9797735007668 88.2363849808473 86.4075107213974 28.1871073846853 0.416275567816209 -0.119575131294448
73.0000000000001 48.0412130149386 88.2542146512283 86.3523086492601 28.2073471472215 0.420006344020015 -0.122716827227554
73.1000000000001 48.1024977349191 88.2720662980865 86.296744099625 28.2260478539299 0.423392649542636 -0.125874697549176
73.2000000000001 48.1636430549393 88.2899210985224 86.240835563435 28.2431998754684 0.4264202341095 -0.129039895627865
73.3000000000001 48.2246648182381 88.3077598774509 86.1846017992885 28.2587946608899 0.429076330514215 -0.132212510922022
73.4000000000001 48.2855792699996 88.3255631295661 86.1280618021602 28.2728247489957 0.431349319561594 -0.135393065073648
73.5000000000001 48.3464030084188 88.3433110413098 86.0712347721419 28.2852837795891 0.433228876330982 -0.138582595801209
73.6000000000001 48.4071529340454 88.3609835128402 86.014140083184 28.2961665047275 0.434706105353027 -0.141782741709722
73.7000000000001 48.4678461975297 88.3785601800003 85.9567972518357 28.305468799976 0.435773661990031 -0.144995827719084
73.8000000000001 48.5285001459113 88.3960204362867 85.8992259059867 28.3131876756601 0.436425857507309 -0.148224950886047
73.9000000000001 48.5891322676105 88.4133434548182 85.8414457536079 28.3193212881182 0.436658745600991 -0.15147406643457
74.0000000000001 48.6497601363021 88.4305082103039 85.7834765514923 28.323868950955 0.436470188509015 -0.154748073975901
74.1000000000001 48.7104013539327 88.4474935010741 85.7253380739406 28.3268311462793 0.435859962274751 -0.158024596099251
74.2000000000001 48.7710734948453 88.4642779727148 85.6670500799996 28.3282095355553 0.434829853925065 -0.161281967411202
74.3000000000001 48.8317940540773 88.4808401457761 85.608632277029 28.3280069694725 0.43338328764945 -0.164527895300194
74.4 48.8925803972728 88.4971584450849 85.5501042828211 28.3262274974284 0.431525212575352 -0.16777147065034
74.5 48.9534497106024 88.5132112291193 85.4914855876648 28.3228763769973 0.429262061270718 -0.171023265572557
74.6 49.0144189507403 88.5289768193832 85.4327955164103 28.3179600833977 0.42660169233155 -0.17429543396378
74.7 49.0755047950237 88.544433529781 85.3740531905327 28.3114863189611 0.423553318238144 -0.177601817099059
74.8 49.1367235919178 88.5595596959917 85.3152774901964 28.3034640226001 0.420127419957057 -0.180958056879502
74.9 49.1980913119095 88.5743337048437 85.2564870163196 28.2939033792762 0.416335650018687 -0.1843817198524
75 49.259623498954 88.5887340236891 85.1977000526381 28.2828158294682 0.412190726012566 -0.187892435614005
75.1 49.3213352225091 88.6027392297306 85.1389345279171 28.2702140783148 0.407708051647911 -0.191463046436262
75.2 49.3832410284286 88.6163280381093 85.0802079819933 28.2561120962819 0.402910780378558 -0.195054735343335
75.3 49.4453548874583 88.6294793268454 85.0215375415429 28.2405250983189 0.397824375435515 -0.198671896169671
75.4 49.5076901471212 88.6421721605403 84.9629398996791 28.2234695145403 0.392474597811642 -0.202319754754
75.5 49.5702594895408 88.6543858140314 84.9044312956981 28.2049629605817 0.386887242195756 -0.206004385616994
75.6 49.6330748951941 88.6660997960453 84.8460274948247 28.1850242079551 0.381087892589191 -0.209732729540283
75.7 49.69614761244 88.6772938728533 84.7877437679578 28.1636731544049 0.375101700522601 -0.213512613489621
75.8 49.7594881326291 88.6879480919245 84.7295948714162 28.1409307942636 0.368953187931985 -0.217352774340628
75.9 49.8231061705623 88.6980428055809 84.6715950266837 28.1168191888074 0.362666075936038 -0.221262887818426
76 49.8870106500352 88.707558694651 84.6137579001552 28.091361436612 0.356263140010566 -0.225253604079544
76.1 49.9512096941115 88.7164767921056 84.5560965829215 28.0645816439882 0.349765813856625 -0.229358319819775
76.1999999999999 50.015710618014 88.7247785062022 84.4986235715734 28.0365048974903 0.343193371083815 -0.233614652398052
76.2999999999999 50.0805199212561 88.732445642383 84.4413507515941 28.0071572416872 0.336563876292828 -0.238041372246337
76.3999999999999 50.145643281332 88.7394604246818 84.3842893817718 27.9765656590071 0.329894440499357 -0.242658698172958
76.4999999999999 50.2110855504675 88.7458055171133 84.3274500786505 27.9447580496608 0.323201190711413 -0.247488394982243
76.5999999999999 50.2768507552839 88.7514640450601 84.2708428009813 27.9117632115661 0.316499256759761 -0.25255388225683
76.6999999999999 50.3429420991587 88.756419616662 84.2144768341737 27.8776108202718 0.309802774038347 -0.257880354127149
76.7999999999999 50.4093619670739 88.760656344204 84.158360774747 27.8423314088818 0.303124900771751 -0.263494909400907
76.8999999999999 50.4761119327484 88.7641588655046 84.1025025147814 27.8059563479786 0.296477848440333 -0.269426690821678
76.9999999999999 50.543192767861 88.766912365304 84.0469092263694 27.7685178255479 0.28987292405112 -0.275707031404911
77.0999999999999 50.6106044531586 88.7689025966186 83.9915873461997 27.7300488267507 0.283321309327619 -0.28230269098728
77.1999999999999 50.6783461907948 88.7701159012084 83.9365425635939 27.6905831097569 0.276836216235585 -0.289167310340594
77.2999999999999 50.746416417556 88.7705392277948 83.8817798173081 27.650155171581 0.270430606644258 -0.296314257441024
77.3999999999999 50.8148128205804 88.7701601493916 83.8273032957871 27.6088002099776 0.264116477476469 -0.303756776918422
77.4999999999999 50.8835323560548 88.7689668806014 83.7731164375505 27.5665540851867 0.257904899925327 -0.311507850847805
77.5999999999999 50.9525712706249 88.7669482949134 83.7192219315805 27.523453281678 0.251806065846963 -0.319580036623748
77.6999999999999 51.0219251252485 88.7640939419994 83.6656217177082 27.4795348698962 0.245829339689658 -0.327985279084701
77.7999999999999 51.0915888212251 88.7603940650113 83.6123169870007 27.4348364680054 0.239983314452788 -0.336734694016772
77.8999999999998 51.1615566281564 88.7558396178779 83.5593081821477 27.389396203634 0.234275870304611 -0.345838320367163
77.9999999999998 51.2318222136025 88.7504222826016 83.5065949978487 27.3432526756193 0.228714234627801 -0.35530483876457
78.0999999999998 51.3023786740734 88.7441344863515 83.4541763814092 27.2964449157598 0.22330589301207 -0.365160033240683
78.1999999999998 51.3732185637171 88.7369694132453 83.4020505387866 27.2490123507542 0.218061315453967 -0.375402551133046
78.2999999999998 51.4443339157377 88.7289210026523 83.3502149544693 27.2009947646173 0.212991631328868 -0.385992044784571
78.3999999999998 51.5157162631026 88.7199839421857 83.2986664168044 27.1524322612824 0.208107794692657 -0.396877705066236
78.4999999999998 51.5873566620897 88.7101536604908 83.2474010435359 27.1033652272119 0.203420561723161 -0.407997121221262
78.5999999999998 51.6592457185942 88.6994263200332 83.1964143073426 27.0538342940068 0.198940459298907 -0.419275304987158
78.6999999999998 51.7313736169715 88.6877988098867 83.1457010613754 27.0038803010173 0.194677742340566 -0.430623984543811
78.7999999999998 51.803730151196 88.675268738522 83.0952555647958 26.9535442579526 0.190642337870463 -0.441941290297059
78.8999999999998 51.8763047581197 88.6618344265941 83.045071508313 26.902867307491 0.186843774237676 -0.453111964825992
78.9999999999998 51.9490865526175 88.6474948997311 82.9951420397225 26.8518906878902 0.183291094633199 -0.464008229492178
79.0999999999998 52.0220643644037 88.6322498814478 82.9454597893811 26.8006556956324 0.17999222503926 -0.47451104023509
79.1999999999998 52.0952267760342 88.6160997893194 82.896016894075 26.7492036489909 0.176952306029841 -0.484517435345764
79.2999999999998 52.1685621611132 88.5990457394339 82.846805016802 26.697575853934 0.174175244434794 -0.493914089265918
79.3999999999998 52.2420587223961 88.5810895541044 82.7978153649463 26.6458135709483 0.171664168217911 -0.502588687755951
79.4999999999998 52.3157045297823 88.562233769707 82.7490387083907 26.5939579818997 0.169421343135548 -0.510433476506763
79.5999999999998 52.3894875580801 88.5424816445189 82.7004653976289 26.5420501568923 0.167448092041966 -0.517349046960348
79.6999999999997 52.4633957244274 88.5218371665562 82.6520853818781 26.4901310211289 0.165744721168014 -0.523248150763805
79.7999999999997 52.5374169252514 88.5003050614119 82.6038882271911 26.43824132177 0.164310457713013 -0.528059301988972
79.8999999999997 52.6115390726546 88.4778908000939 82.5558631345687 26.3864215947943 0.1631434027809 -0.531729915903122
79.9999999999997 52.6857501301164 88.4546006068626 82.5079989580722 26.334712131858 0.162240503062858 -0.53422874920351
80.0999999999997 52.760038147342 88.4304414669066 82.4602842230676 26.2831529471927 0.161598217307612 -0.535475790731501
80.1999999999997 52.8343912927708 88.4054211297787 82.4127071478995 26.2317837454896 0.161214509024554 -0.535378478361529
80.2999999999997 52.9087978818455 88.3795481020747 82.3652556742698 26.1806438922877 0.161086749958865 -0.533923620298375
80.3999999999997 52.9832464038505 88.3528316358732 82.3179175010468 26.1297723853478 0.161211018867449 -0.531124672684286
80.4999999999997 53.0577255487321 88.3252817170134 82.2706801182051 26.0792078260658 0.161582107645771 -0.527020942339905
80.5999999999997 53.1322242337876 88.2969090533713 82.2235308407669 26.0289883908846 0.162193553537523 -0.521675618711236
80.6999999999997 53.2067316300461 88.2677250631379 82.1764568427416 25.9791518027069 0.163037694885142 -0.51517280419703
80.7999999999997 53.2812371881585 88.2377418630958 82.1294451910672 25.9297353023076 0.164105746791969 -0.507613786794959
80.8999999999997 53.3557306636128 88.2069722568963 82.0824828795498 25.880775619746 0.165387892320879 -0.499112842607556
80.9999999999997 53.4302021410812 88.1754297233369 82.035556862805 25.8323089457788 0.166873384489536 -0.489792865535113
81.0999999999997 53.5046420576821 88.1431284046251 81.9886540901066 25.7843709034093 0.168550987843569 -0.479896627709666
81.1999999999997 53.5790412243664 88.1100830943 81.9417615368653 25.736996522998 0.170410244892596 -0.469646181266008
81.2999999999997 53.6533908445102 88.076309224286 81.8948662300887 25.6902202264137 0.172440831375146 -0.459133591787628
81.3999999999997 53.7276825309063 88.0418228516029 81.8479552714701 25.6440758147454 0.174632311153623 -0.448444936839747
81.4999999999996 53.8019083217607 88.0066406450638 81.8010158603868 25.598596456151 0.176974176193709 -0.437659215712795
81.5999999999996 53.876060695641 87.9707798719729 81.7540353168976 25.553814673707 0.179455879685659 -0.426847658123976
81.6999999999996 53.9501325852883 87.9342583848229 81.7070011047412 25.5097623332571 0.182066862467221 -0.41607338596445
81.7999999999996 54.024117390204 87.8970946079931 81.6599008543337 25.4664706312611 0.184796573229455 -0.405391372795668
81.8999999999996 54.0980089879132 87.8593075244466 81.6127223857666 25.4239700826444 0.187634483229564 -0.39484864246686
81.9999999999996 54.171801743808 87.8209166624279 81.5654537318048 25.3822905086465 0.190570096405361 -0.384484649577985
82.0999999999996 54.2454905194673 87.7819420822014 81.5180831609119 25.3414610245986 0.193592643236063 -0.374319339041154
82.1999999999996 54.3190706793329 87.742404363838 81.4705992009887 25.3015100258317 0.196690131540454 -0.364376301804429
82.2999999999996 54.392538095377 87.7023245976648 81.4229906649226 25.262465168842 0.199850270481764 -0.354689506760686
82.3999999999996 54.465889149263 87.6617243757643 81.3752466768498 25.2243533505866 0.203060802173215 -0.345286080306264
82.4999999999996 54.5391207317639 87.6206257835126 81.3273566984454 25.1872006877085 0.206309524928372 -0.336187064738794
82.5999999999996 54.6122302392932 87.5790513911195 81.2793105552129 25.1510324957604 0.20958431703465 -0.327408175422347
82.6999999999996 54.6852155674127 87.5370242451666 81.2310984627746 25.1158732684296 0.212873162146756 -0.318960532721078
82.7999999999996 54.7580751011879 87.4945678601471 81.1827110531611 25.0817466567621 0.216164177264389 -0.310851352023397
82.8999999999996 54.83080770227 87.4517062100045 81.1341394011011 25.0486754483871 0.219445644108288 -0.303084581186276
82.9999999999996 54.9034126925987 87.4084637196715 81.0853750503116 25.0166815467416 0.222706044551852 -0.295661479579024
83.0999999999996 54.9758898346985 87.3648652565038 81.0364100396554 24.9857859504888 0.22593500041357 -0.288602042782029
83.1999999999995 55.0482393103614 87.3209361189634 80.9872369258633 24.9560087379994 0.229125996164015 -0.281905443602074
83.2999999999995 55.1204617013994 87.2767020183218 80.9378487975349 24.9273690646792 0.232273664653713 -0.275541453639947
83.3999999999995 55.1925579707684 87.2321890576142 80.8882392857037 24.8998851653591 0.235372879707642 -0.269481726874033
83.4999999999995 55.2645294425661 87.1874237104872 80.8384025742707 24.8735743568791 0.238418755263248 -0.263699728534042
83.5999999999995 55.3363777808712 87.1424328000468 80.7883334104368 24.848453040673 0.241406648379711 -0.258170651669828
83.6999999999995 55.4081049674577 87.0972434777063 80.7380271151364 24.8245367053524 0.244332165676276 -0.252871326279168
83.7999999999995 55.4797132784221 87.0518832020344 80.6874795934704 24.801839929291 0.247191172772753 -0.247780124617139
83.8999999999995 55.5512052597652 87.0063797176031 80.6366873451391 24.780376383209 0.249979806319293 -0.242876865301141
83.9999999999995 55.6225837019693 86.9607610338356 80.5856474748754 24.7601588327574 0.252694488215961 -0.238142718078603
84.0999999999995 55.6938516136402 86.9150554038756 80.534357702835 24.741199141095 0.255331941421775 -0.233588909458356
84.1999999999995 55.7650121947453 86.8692913040095 80.4828163738691 24.7235082712719 0.257889215127974 -0.229226954497441
84.2999999999995 55.8360688102827 86.823497414492 80.4310224639601 24.7070962881244 0.260363716337283 -0.225040287236737
84.3999999999995 55.9070249636837 86.7777026009249 80.378975585541 24.6919723599761 0.262753226679018 -0.221013443729462
84.4999999999995 55.977884269544 86.7319358956568 80.3266759927702 24.6781447603321 0.265055917021862 -0.217131984397414
84.5999999999995 56.0486504257397 86.6862264791833 80.2741245868079 24.6656208695726 0.267270362136397 -0.213382419240036
84.6999999999995 56.1193271850072 86.6406036615467 80.2213229210914 24.6544071766474 0.269395555135253 -0.209752136111675
84.7999999999995 56.1899183260679 86.5950968637361 80.1682732066108 24.6445092807698 0.271430921449885 -0.206229332153097
84.8999999999995 56.2604276243806 86.549735599087 80.1149783171849 24.6359318931102 0.273376332135948 -0.202802948363455
84.9999999999994 56.3308588226056 86.5045494546816 80.0614417947364 24.6286788384906 0.275232116334984 -0.199462607246391
85.0999999999994 56.4012156009327 86.4595680726781 80.0076678545379 24.6227530570948 0.276999106503477 -0.196174377920708
85.1999999999994 56.4715015490415 86.414821129806 79.9536613896653 24.6181566066047 0.278678674951948 -0.192904835652853
85.2999999999994 56.5417201425077 86.3703383122067 79.8994279734446 24.6148906654186 0.280272507243001 -0.189645348946948
85.3999999999994 56.6118747210944 86.3261492884401 79.8449738611067 24.6129555362946 0.281782551580399 -0.186387915269114
85.4999999999994 56.6819684672905 86.2822836824206 79.7903059914122 24.6123506500115 0.283211020250877 -0.183125097976512
85.5999999999994 56.7520043850501 86.238771046353 79.7354319882765 24.613074569029 0.284560391056465 -0.179849966822228
85.6999999999994 56.8219852787504 86.1956408336689 79.6803601623939 24.615124991148 0.285833408824165 -0.176556041574588
85.7999999999994 56.8919137323825 86.1529223719622 79.6250995128627 24.6184987531708 0.287033087092161 -0.173237238384111
85.8999999999994 56.9617920889894 86.1106448359259 79.5696597288099 24.6231918345618 0.288162710085845 -0.169887818586451
85.9999999999994 57.0316224303618 86.0688372202871 79.5140511910159 24.6291993611078 0.289225835108596 -0.166502339702226
86.0999999999994 57.101406557134 86.0275283127885 79.4582849733651 24.63651560875 0.290227083911774 -0.163119285465325
86.1999999999994 57.1711459726841 85.9867466683278 79.4023728397652 24.6451340118882 0.291174409053098 -0.159770031823918
86.2999999999994 57.2408418770197 85.9465205860381 79.3463272295662 24.6550471830356 0.292076525107788 -0.156439547325246
86.3999999999994 57.3104951664897 85.9068780875288 79.2901612384478 24.6662469369445 0.292942040329674 -0.153113919788486
86.4999999999994 57.380106436218 85.8678468951698 79.2338885991329 24.6787243149049 0.293779401142135 -0.14978029941591
86.5999999999994 57.4496759850604 85.8294544103762 79.1775236621013 24.6924696090426 0.294596838800852 -0.146426850920426
86.6999999999993 57.5192038230004 85.7917276918928 79.121081376303 24.7074723866173 0.295402318414812 -0.143042712805695
86.7999999999993 57.5886896808894 85.7546934340788 79.0645772698717 24.7237215143208 0.296203490479611 -0.139617962028443
86.8999999999993 57.6581330224234 85.7183779451923 79.0080274308382 24.7412051825753 0.297007645044301 -0.136143582387779
86.9999999999993 57.7275330582439 85.6828071256751 78.9514484878438 24.7599109298313 0.297821668602749 -0.132611435097913
87.0999999999993 57.7968887619965 85.6480064463977 78.8948575908985 24.7798256667808 0.298651619945165 -0.129006060780167
87.1999999999993 57.8661988871405 85.6140009258814 78.8382723932846 24.8009356983506 0.299501581956071 -0.125315451175386
87.2999999999993 57.9354619822847 85.5808151049224 78.7817110363735 24.823226740063 0.300374861475218 -0.121537573260791
87.3999999999993 58.0046764060153 85.5484730201933 78.725192135589 24.8466839321762 0.301274375987002 -0.117670744793708
87.4999999999993 58.0738403420032 85.5169981778039 78.6687347664139 24.8712918537406 0.302202650127856 -0.113713590428006
87.5999999999993 58.1429518143092 85.4864135268634 78.6123584503977 24.8970345366543 0.303161814678557 -0.109664995518159
87.6999999999993 58.2120087027665 85.4567414330421 78.556083141164 24.9238954797189 0.304153607988301 -0.105524057799425
87.7999999999993 58.2810087583223 85.4280036521327 78.4999292104173 24.9518576626951 0.305179379778282 -0.101290037192448
87.8999999999993 58.3499496182193 85.4002213036119 78.4439174339506 24.9809035603582 0.30624009727663 -0.0969623040399726
87.9999999999993 58.4188288209037 85.3734148442024 78.3880689776526 25.0110151565545 0.307336353639543 -0.0925402861099307
88.0999999999993 58.4876438206711 85.3476040414614 78.3324053833944 25.0421739583466 0.308468649917039 -0.088047881189848
88.1999999999993 58.556392005189 85.3228079480795 78.2769485517867 25.0743610125073 0.30963808343273 -0.0835076107298452
88.2999999999993 58.6250707212543 85.2990448779805 78.2217207169905 25.1075569279725 0.31084529434148 -0.0789171019563164
88.3999999999993 58.6936773039234 85.2763323831311 78.1667444183985 25.1417419006415 0.312090151475308 -0.0742742556991989
88.4999999999992 58.7622091057085 85.2546872303781 78.1120424721959 25.1768957382676 0.313371746226574 -0.0695771651216042
88.5999999999992 58.830663525515 85.2341253782849 78.0576379429209 25.2129978853493 0.314688390040163 -0.064824033208144
88.6999999999992 58.8990380371224 85.2146619539688 78.0035541150255 25.2500274480205 0.316037615580724 -0.0600130894732157
88.7999999999992 58.9673302170059 85.1963112299379 77.9498144644366 25.2879632189414 0.317416181660038 -0.0551425063453725
88.8999999999992 59.0355377713006 85.1790866009279 77.8964426301162 25.3267837021894 0.31882008203602 -0.050210315637079
88.9999999999992 59.1036585617039 85.1630005607395 77.8434623856224 25.3664671381495 0.320244558213027 -0.0452143254252259
89.0999999999992 59.1716906300301 85.1480646793125 77.7908976106947 25.40699152838 0.321684894956593 -0.0402364170087227
89.1999999999992 59.2396322191751 85.1342895859852 77.7387722634805 25.4483346598188 0.32313889268756 -0.0353565428058262
89.2999999999992 59.3074817877471 85.1216849684506 77.6871103543879 25.4904741273182 0.324604735390139 -0.0305697036146341
89.3999999999992 59.3752380227339 85.1102595778976 77.6359359205797 25.53338735552 0.326080218828072 -0.0258712697405723
89.4999999999992 59.4428998524748 85.1000212343886 77.585273000492 25.5770516207064 0.327562728071029 -0.0212569378370774
89.5999999999992 59.5104664599258 85.0909768322386 77.5351456083531 25.6214440726496 0.329049217428642 -0.016722688610524
89.6999999999992 59.5779372961073 85.0831323453937 77.4855777087015 25.6665417564627 0.330536193007768 -0.012264745472015
89.7999999999992 59.6453120936181 85.0764928328087 77.436593190905 25.7123216344497 0.332019698120278 -0.00787953419932265
89.8999999999992 59.7125908800919 85.071062443827 77.3882158436794 25.7587606079559 0.333495301788152 -0.00356364365030148
89.9999999999992 59.7797739914699 85.0668444235575 77.3404693296064 25.8058355392178 0.334958090600304 0.000686212465368823
90.0999999999992 59.8468620849853 85.0638411181437 77.2933771596069 25.8535232732053 0.336402159769193 0.00489303500286196
90.1999999999992 59.9138561524206 85.0620539771583 77.2469626662124 25.9018006592318 0.337819061870435 0.00907998836468899
90.2999999999991 59.980757534141 85.0614835487066 77.2012489737906 25.9506445719809 0.339199272871863 0.013250836360128
90.3999999999991 60.047567931802 85.0621294716565 77.1562589675701 26.0000319323015 0.340532726805368 0.0174097758036007
90.4999999999991 60.1142894186353 85.0639904677583 77.1120152626189 26.0499397279947 0.341808862940848 0.0215614728439907
90.5999999999991 60.1809244471035 85.0670643337647 77.0685401728234 26.1003450346004 0.343016679054796 0.0257111009050903
90.6999999999991 60.2474758537545 85.0713479335503 77.0258556798668 26.1512250361839 0.344144790812008 0.0298643811079535
90.7999999999991 60.3139468611159 85.0768371902313 76.9839834022078 26.2025570461229 0.345181497185662 0.034027626117789
90.8999999999991 60.3803410764804 85.0835270782859 76.9429445640594 26.2543185278937 0.346114851741044 0.0382077884712238
90.9999999999991 60.4466624874458 85.0914116156731 76.9027599643673 26.3064871158583 0.346932739485721 0.0424125145130919
91.0999999999991 60.5129154540583 85.100483856238 76.8634499458608 26.3590406360172 0.347624120367737 0.0465613857535193
91.1999999999991 60.5791046968777 85.110735889514 76.8250343659693 26.4119571258887 0.348182616828509 0.0505714648988876
91.2999999999991 60.6452352810463 85.1221588593069 76.7875325724784 26.4652148521692 0.348603109511863 0.0544469310085708
91.3999999999991 60.7113125991192 85.1347429896769 76.7509633810516 26.5187923275195 0.348880590517364 0.0581916913397363
91.4999999999991 60.7773423536892 85.148477611206 76.7153450528244 26.5726683273185 0.34901017160917 0.0618094484311178
91.5999999999991 60.8433305397911 85.1633511872639 76.6806952719982 26.6268219064149 0.34898709414803 0.0653037651660681
91.6999999999991 60.9092834270314 85.1793513402761 76.647031123434 26.6812324158811 0.348806740570687 0.0686781278906008
91.7999999999991 60.9752075413935 85.1964648779897 76.614369070247 26.7358795197656 0.348464647224666 0.0719360076821709
91.8999999999991 61.0411096466655 85.2146778197406 76.5827249313995 26.7907432118458 0.34795651833893 0.0750809198973433
91.999999999999 61.1069967254432 85.2339754227205 76.5521138592957 26.8458038323811 0.347278240895697 0.0781164821515968
92.099999999999 61.1728759595546 85.2543422082478 76.5225503174832 26.9010420847964 0.346426235930421 0.0810586686549468
92.199999999999 61.2387547072812 85.2757619881439 76.4940480611596 26.9564390505589 0.345398595984954 0.0839225607393719
92.299999999999 61.3046404735148 85.2982178913783 76.4666201248007 27.0119761994703 0.344194280174823 0.0867105601433847
92.399999999999 61.3705408775406 85.3216923908189 76.4402788125928 27.0676353981525 0.342812792995831 0.0894251191558636
92.499999999999 61.4364636212248 85.3461673299868 76.4150356889733 27.1233989184638 0.34125416593176 0.0920687820214431
92.599999999999 61.5024164577676 85.3716239498104 76.3909015691714 27.179249445915 0.339518936090342 0.0946442255982507
92.699999999999 61.5684071610738 85.3980429153805 76.3678865097486 27.2351700880861 0.337608121999911 0.097154299392915
92.799999999999 61.6344434957865 85.4254043427044 76.3459997991396 27.2911443830419 0.33552319674638 0.0996020651524616
92.899999999999 61.7005331880275 85.4536878254605 76.3252499481923 27.3471563077487 0.333266058673395 0.101990836256925
92.999999999999 61.7666838968842 85.4828724617532 76.305644680709 27.4031902864904 0.330838999905349 0.104324217217358
93.099999999999 61.832903186701 85.5129368808859 76.2871909239856 27.4592311993028 0.328244719343339 0.10660381434332
93.199999999999 61.8991985008164 85.5438592706266 76.2698947993282 27.5152643908789 0.325486401292727 0.108831312687929
93.299999999999 61.9655771377841 85.5756174057214 76.2537616125098 27.5712756806702 0.322567495693629 0.111010989409345
93.399999999999 62.0320462291745 85.6081886768998 76.2387958442035 27.6272513734581 0.319491629055503 0.11314757473041
93.499999999999 62.0986127183576 85.6415501198993 76.2250011404152 27.6831782699441 0.316262568300072 0.115246300133637
93.599999999999 62.165283340239 85.6756784444896 76.2123803029161 27.7390436773402 0.312884185056542 0.117312950153675
93.699999999999 62.2320646019339 85.710550063497 76.2009352796747 27.7948354199583 0.309360420668908 0.119353918867215
93.7999999999989 62.2989627643703 85.7461411218289 76.1906671552901 27.8505418498008 0.305695252149429 0.121376272381798
93.8999999999989 62.3659838248048 85.7824275254978 76.1815761414234 27.9061518571504 0.301892659286312 0.123387818865943
93.9999999999989 62.4331335002377 85.819384970646 76.1736615672314 27.96165488116 0.297956593087938 0.125397187952183
94.0999999999989 62.5004172115722 85.8569889725713 76.1669218700491 28.0170409203038 0.293891987064776 0.127436009752251
94.1999999999989 62.5678400651887 85.8952148947977 76.1613545926034 28.0723005392093 0.289707954190552 0.129530173340363
94.2999999999989 62.6354068275295 85.9340379782575 76.1569563968017 28.1274248663034 0.285414781381684 0.131680407791026
94.3999999999989 62.7031218995845 85.9734333705183 76.1537230840496 28.18240558784 0.281022822942422 0.133887489395236
94.4999999999989 62.7709892949808 86.0133761550113 76.1516496158202 28.2372349417878 0.276542412661242 0.136152230378297
94.5999999999989 62.839012621757 86.0538413802596 76.1507301342229 28.2919057117192 0.271983782740958 0.13847546674202
94.6999999999989 62.9071950677382 86.0948040891068 76.1509579825733 28.3464112206977 0.26735698990552 0.140858045461005
94.7999999999989 62.975539389415 86.1362393479454 76.1523257259616 28.4007453251669 0.26267184887487 0.143300811263445
94.8999999999989 63.0440479042087 86.1781222759452 76.1548251718221 28.4549024088383 0.257937873264162 0.14580459326498
94.9999999999989 63.1127224859962 86.2204280742815 76.1584473905023 28.5088773765794 0.253164223831114 0.148370191751806
95.0999999999989 63.1815645637223 86.2631320552864 76.1631827358127 28.5626656483193 0.248359473583846 0.151042954241581
95.1999999999989 63.2505751220245 86.3062096695858 76.1690208650682 28.6162631533942 0.243531053340105 0.153872927329273
95.2999999999989 63.3197547021183 86.3496365281245 76.1759507578415 28.6696663260112 0.23868588762274 0.156868432735467
95.3999999999989 63.3891034040752 86.393388422178 76.1839607342083 28.7228721011529 0.233830575875899 0.160038506873864
95.4999999999988 63.4586208912543 86.4374413432861 76.1930384729724 28.7758779104994 0.228971374953548 0.163392963267596
95.5999999999988 63.528306396818 86.481771503187 76.2031710298923 28.8286816783489 0.224114186227846 0.166942462988165
95.6999999999988 63.5981587322252 86.5263553537515 76.214344855906 28.8812818175397 0.219264546980308 0.170698594243016
95.7999999999988 63.6681762975939 86.5711696069166 76.2265458153571 28.9336772253717 0.214427625725505 0.174673962400463
95.8999999999988 63.7383570938274 86.6161912546198 76.2397592042205 28.9858672795277 0.209608221111244 0.178882291941258
95.9999999999988 63.8086987363965 86.6613975887327 76.2539697683277 29.0378518339948 0.204810764046438 0.183338542044221
96.0999999999988 63.8791984706373 86.7067662209637 76.2691617216822 29.0896312149374 0.200039691893285 0.188072774192564
96.1999999999988 63.9498531875783 86.7522751019258 76.2853187670886 29.141206215309 0.195300588040209 0.193111755064256
96.2999999999988 64.0206594390348 86.7979025380916 76.3024241226602 29.1925780862602 0.190599121034247 0.198466678162749
96.3999999999988 64.0916134537171 86.8436272079139 76.3204605506408 29.2437485272869 0.185940681178254 0.204148881964493
96.4999999999988 64.1627111552258 86.889428177915 76.3394103863163 29.2947196763288 0.181330381959678 0.210169722580471
96.5999999999988 64.2339481818445 86.9352849187754 76.3592555669253 29.3454940998679 0.176773063448717 0.216540420410376
96.6999999999988 64.3053199080025 86.9811773214232 76.3799776605709 29.3960747830279 0.172273297167654 0.223271877467225
96.7999999999988 64.3768214672811 87.0270857131225 76.4015578951318 29.4464651196724 0.167835391941766 0.230374462023624
96.8999999999988 64.4484477768422 87.0729908735632 76.4239771871732 29.4966689025041 0.163463400252517 0.237857757326841
96.9999999999988 64.5201935631585 87.1188740509495 76.4472161708584 29.5466903131636 0.159161124631501 0.245730271391283
97.0999999999988 64.5920533887752 87.1647169779232 76.4712552268462 29.5965339122648 0.154932175221414 0.254084910331515
97.1999999999988 64.6640216761532 87.2105018831833 76.4960745108379 29.6462046277881 0.150780273070799 0.26302074076657
97.2999999999987 64.7360927224184 87.2562114921771 76.5216539812321 29.6957077393039 0.146709348589579 0.272552320731326
97.3999999999987 64.8082607111985 87.3018290234883 76.5479734264292 29.7450488605532 0.142723525283918 0.28269041996818
97.4999999999987 64.8805197253526 87.3473381850585 76.5750124921222 29.7942339219658 0.138827118192494 0.293440757841808
97.5999999999987 64.9528637606828 87.3927231704088 76.6027507085872 29.8432691531772 0.135024630661575 0.304802514923264
97.6999999999987 65.0252867405602 87.4379686548622 76.6311675179739 29.8921610655469 0.131320748433062 0.316766607013906
97.7999999999987 65.0977825313955 87.483059791765 76.6602423015969 29.9409164346761 0.127720329878444 0.329313721555599
97.8999999999987 65.170344958883 87.5279822087087 76.6899544072257 29.9895422829249 0.124228391077011 0.342412133050586
97.9999999999987 65.2429678249447 87.572722003752 76.7202831763759 30.0380458619303 0.120850084308832 0.356015337477452
98.0999999999987 65.3156449253298 87.6172657416787 76.751207971558 30.0864346351618 0.11759045112632 0.370069352234183
98.1999999999987 65.3883700685184 87.6616004511972 76.7827082024422 30.1347162614597 0.114453719416509 0.384513838542404
98.2999999999987 65.4611370969221 87.705713624531 76.8147633492707 30.1828985810689 0.11144389128682 0.399266566243074
98.3999999999987 65.5339399089902 87.7495932179494 76.8473529851863 30.2309896026564 0.108564910338644 0.414225848159967
98.4999999999987 65.6067724813992 87.7932276523361 76.8804567985192 30.2789974903657 0.105820604357966 0.429269297816668
98.5999999999987 65.6796288912393 87.836605813756 76.9140546150727 30.3269305508714 0.103214616730851 0.444253208833778
98.6999999999987 65.7525033381428 87.8797170540237 76.948126420411 30.3747972204346 0.100750326663828 0.459012779869996
98.7999999999987 65.8253901663007 87.9225511912711 76.9826523821448 30.422606051957 0.0984307589106856 0.473363407000291
98.8999999999987 65.8982838863092 87.9650985105147 77.0176128722183 30.4703657020361 0.0962584844621951 0.487103236077795
98.9999999999987 65.971179196794 88.007349764224 77.052988489196 30.51808491802 0.0942355145100096 0.500017104149423
99.0999999999986 66.0440710056421 88.0492961727783 77.0887600804989 30.5657725250285 0.0923633181215103 0.511969495446216
99.1999999999986 66.1169544480459 88.0909294220571 77.1249087633379 30.6134374121062 0.0906432191004761 0.522819976932674
99.2999999999986 66.1898248969593 88.1322416537516 77.1614159423399 30.6610885161708 0.0890761212937198 0.532338584855345
99.3999999999986 66.2626779703752 88.173225452808 77.19826332587 30.7087348050928 0.0876623008184341 0.540300998271068
99.4999999999986 66.335509538153 88.2138738347617 77.235432942305 30.7563852607422 0.0864013013705048 0.546497019308662
99.5999999999986 66.4083157284649 88.2541802330705 77.272907156305 30.8040488620348 0.0852918419201791 0.550739235717265
99.6999999999986 66.4810929338269 88.2941384864486 77.3106686850867 30.8517345679785 0.0843317416912164 0.552871210673377
99.7999999999986 66.5538378166741 88.3337428261997 77.3487006146961 30.8994513007199 0.0835178667785154 0.552774509559201
99.8999999999986 66.6265473144394 88.3729878635512 77.3869864162806 30.9472079285907 0.0828461017843916 0.550373925990581
99.9999999999986 66.6992186440967 88.4118685769873 77.4255099623621 30.9950132491542 0.0823113485143499 0.545640411632012
100.099999999999 66.7718493060828 88.4503802995575 77.4642555429674 31.0428759723192 0.0819074178738114 0.538873501150402
100.199999999999 66.8444370864339 88.4885187055219 77.5032078780709 31.0908047052126 0.0816268737789986 0.530436618697013
100.299999999999 66.9169800552652 88.5262797953154 77.5423521206733 31.1388079415156 0.0814618439165298 0.520447980611797
100.399999999999 66.9894765633128 88.5636598798485 77.5816738561923 31.1868940525579 0.0814042730626415 0.509043200991399
100.499999999999 67.0619252376629 88.6006555647835 77.6211591017113 31.2350712784801 0.0814459949756174 0.496369651592096
100.599999999999 67.1343249767373 88.6372637348104 77.6607943052285 31.2833477193958 0.0815788034866636 0.48258093710747
100.699999999999 67.2066749445594 88.6734815379223 77.7005663449048 31.3317313265535 0.0817945204768117 0.46783178969102
100.799999999999 67.2789745643208 88.7093063696914 77.7404625283135 31.3802298934992 0.0820850589212963 0.452273606212716
100.899999999999 67.3512235112712 88.744735857545 77.7804705916881 31.4288510472379 0.0824424797164679 0.436050765487879
100.999999999999 67.4234217049518 88.7797678450412 77.8205786991718 31.4776022393965 0.0828590415268563 0.419297781734446
101.099999999999 67.4955693008037 88.8144003761669 77.8607754420788 31.5264907373761 0.0833271608847696 0.402110245339808
101.199999999999 67.5676666814626 88.8486316802173 77.9010498384941 31.575523615267 0.0838391846083939 0.384577213179884
101.299999999999 67.6397144482017 88.8824601581504 77.9413913337322 31.6247077441582 0.0843876426804426 0.366803841967746
101.399999999999 67.711713412036 88.9158843695228 77.9817898011334 31.6740497822086 0.0849653573486086 0.348880615760067
101.499999999999 67.7836645842022 88.9489030194475 78.0222355428735 31.7235561647096 0.0855654678128398 0.330883534141768
101.599999999999 67.8555691660209 88.981514945552 78.0627192907731 31.7732330941465 0.086181449440696 0.312874694377131
101.699999999999 67.9274285381585 89.0137191049365 78.1032322071073 31.8230865302613 0.0868071283956088 0.294903151883254
101.799999999998 67.999244249309 89.0455145611319 78.1437658854152 31.8731221801143 0.0874366925603799 0.277005958704984
101.899999999998 68.071018004318 89.0769004710575 78.1843123513094 31.9233454881468 0.0880646995990484 0.259209297252771
101.999999999998 68.1427516517729 89.1078760719797 78.2248640632855 31.9737616262426 0.0886860829341712 0.241529644515471
102.099999999998 68.2144471710553 89.138440668457 78.2654139133825 32.0243754838753 0.0892963561732644 0.224268803331801
102.199999999998 68.2861066581457 89.1685936189638 78.3059552239629 32.0751916604554 0.0898923000098953 0.207705845598879
102.299999999998 68.3577323090915 89.1983343216956 78.346481734644 32.1262144632639 0.0904714904152875 0.191813730104684
102.399999999998 68.429326402475 89.2276622000527 78.3869875853484 32.1774479075869 0.0910320784162542 0.176562852246341
102.499999999998 68.5008912817124 89.2565766881105 78.4274672992059 32.2288957169342 0.0915727497617537 0.161922307893783
102.599999999998 68.5724293372768 89.285077216091 78.4679157654551 32.2805613232583 0.0920926881075834 0.147860892176034
102.699999999998 68.6439429889065 89.313163195833 78.5083282223454 32.3324478671734 0.0925915416338288 0.134347879412376
102.799999999998 68.7154346678592 89.3408340062637 78.5487002400381 32.3845581981741 0.0930693929505874 0.121353624795809
102.899999999998 68.7869067992646 89.3680889788687 78.5890277035088 32.4368948748545 0.093526732109658 0.10885002266898
102.999999999998 68.8583617846331 89.3949273831638 78.6293067954483 32.4894601651271 0.0939644325223689 0.0968108505772477
103.099999999998 68.9298019846143 89.4213484122223 78.6695339791653 32.5422560464724 0.0943835928279549 0.0852712316623584
103.199999999998 69.00122970315 89.4473511696885 78.7097059814956 32.5952842069925 0.0947851060922124 0.0742691458545102
103.299999999998 69.0726471747821 89.4729346605618 78.7498197757304 32.6485460485035 0.0951700469907075 0.0637854473269742
103.399999999998 69.1440565533278 89.498097783465 78.7898725645531 32.7020426904315 0.0955397861183493 0.0538027381108035
103.499999999998 69.2154599008479 89.522839322971 78.8298617629749 32.7557749737399 0.0958959694254873 0.0443054702485728
103.599999999998 69.2868591768987 89.5471579419289 78.8697849812719 32.8097434648561 0.0962404993607494 0.035279996550856
103.699999999998 69.3582562281018 89.5710521737898 78.9096400079213 32.8639484595988 0.0965755175859419 0.0267145789967426
103.799999999998 69.4296527780639 89.5945204149333 78.9494247925375 32.9183899871046 0.0969033891356836 0.0185993617647789
103.899999999998 69.5010504176752 89.6175609169936 78.9891374288087 32.9730678137555 0.0972266879021451 0.0109263142071281
103.999999999998 69.5724505958135 89.6401717791854 79.0287761374336 33.0279814471053 0.0975481833315899 0.0036891477266548
104.099999999998 69.6438546104774 89.6623509406499 79.0683392490339 33.0831301398129 0.0978707870718021 -0.00306771182311487
104.199999999998 69.7152636003079 89.6840961733057 79.107825186455 33.138512893729 0.0981974186274869 -0.00929932900418578
104.299999999998 69.7866785364064 89.7054050759849 79.1472324455138 33.1941284643728 0.0985311179731153 -0.015009162810083
104.399999999998 69.8581002145453 89.7262750690735 79.1865595751332 33.2499753655631 0.0988750752382467 -0.0201997296683074
104.499999999998 69.9295292478469 89.7467033891726 79.2258051574542 33.3060518740547 0.0992326202623877 -0.0248728080162008
104.599999999998 70.0009660599492 89.7666870837589 79.2649677879472 33.3623560341753 0.0996072133236837 -0.0290296591651827
104.699999999998 70.0724108786752 89.7862230058453 79.3040460555236 33.4188856624622 0.10000243697338 -0.0326712616512968
104.799999999998 70.1438637302201 89.8053078086419 79.3430385226478 33.4756383522987 0.100421988913111 -0.0357985561510044
104.899999999998 70.2153244338703 89.8239379402159 79.3819437054484 33.5326114785511 0.100869675854817 -0.0384126978525124
104.999999999998 70.2867925972697 89.8421096381531 79.4207600538299 33.5898022022053 0.101349408306901 -0.0405153127918549
105.099999999998 70.3582676123289 89.859818924312 79.4594859316405 33.6472074750402 0.101864885514373 -0.0421019492439889
105.199999999998 70.429748653858 89.8770616020183 79.498119598298 33.7048240452627 0.102418625841163 -0.0431714500135145
105.299999999998 70.5012346841306 89.8938332594544 79.5366591941168 33.7626484655806 0.103012833627924 -0.0437319420259384
105.399999999998 70.5727244598932 89.9101292754881 79.5751027270935 33.8206771022378 0.103649693145122 -0.0437929819970084
105.499999999998 70.6442165397066 89.9259448255958 79.6134480597485 33.8789061440848 0.104331361312531 -0.0433655754970653
105.599999999998 70.7157092915381 89.9412748877857 79.6516928959671 33.9373316116507 0.105059961777606 -0.0424621760070572
105.699999999998 70.7872009006064 89.9561142485204 79.6898347678412 33.9959493662145 0.10583758033671 -0.0410966625994156
105.799999999998 70.8586893774841 89.9704575086404 79.7278710225111 34.0547551188762 0.106666261674444 -0.0392842957741922
105.899999999998 70.9301725664588 89.9842990892867 79.7657988090064 34.1137444396281 0.107548007383404 -0.037041651785071
105.999999999998 71.0016481541611 89.9976332378239 79.8036150650878 34.1729127664268 0.108484775215146 -0.0343865365796291
106.099999999998 71.0731136784664 90.0104540337842 79.8413165041416 34.2322554142313 0.109478322267222 -0.0314150089762268
106.199999999998 71.1445665377852 90.0227553953444 79.8788996034486 34.2917675831977 0.110529735976353 -0.0282210401495466
106.299999999998 71.216004000858 90.0345310871593 79.9163605959433 34.3514443647285 0.11163990957999 -0.0248202719380384
106.399999999998 71.2874232167927 90.0457747287294 79.953695463348 34.4112807466783 0.112809701161948 -0.0212283898059736
106.499999999998 71.3588212252161 90.0564798027883 79.9908999293597 34.4712716185257 0.114039935557766 -0.0174610053443213
106.599999999998 71.4301949665438 90.0666396636908 80.0279694528366 34.5314117765463 0.115331406648077 -0.0135335460992743
106.699999999998 71.5015412923736 90.0762475458005 80.0648992209853 34.5916959289851 0.116684879964909 -0.0094611542484696
106.799999999998 71.5728569760128 90.0852965718778 80.1016841425474 34.6521187012291 0.118101095532464 -0.00525859535751093
106.899999999998 71.6441387231465 90.0937797614678 80.1383188409865 34.7126746409798 0.119580770863392 -0.000940178160202607
106.999999999998 71.7153831826582 90.1016900392881 80.174797647675 34.773358223426 0.121124604030563 0.00348031399999736
107.099999999998 71.786586957649 90.1090202436769 80.2111145951562 34.8341638564069 0.122732964546573 0.0079267755585306
107.199999999998 71.8577466175697 90.1157631366072 80.2472634123631 34.8950858853414 0.124404937574631 0.0123281408251664
107.299999999998 71.9288587127925 90.1219114176786 80.2832375248047 34.956118597561 0.126139223641324 0.016679609579243
107.399999999998 71.999919789964 90.1274577396738 80.3190300567082 35.0172562264081 0.12793444628716 0.0209776469985401
107.499999999998 72.0709264071744 90.1323947241772 80.3546338332377 35.0784929553254 0.1297891529569 0.0252199019066126
107.599999999998 72.1418751488935 90.136714977192 80.3900413827121 35.1398229219457 0.131701815817028 0.0294051192006837
107.699999999998 72.212762640667 90.1404111047581 80.4252449388227 35.2012402221804 0.133670832456101 0.0335330487831723
107.799999999998 72.2835855635589 90.1434757285698 80.4602364428518 35.2627389143098 0.135694526442709 0.0376043530423121
107.899999999998 72.3543406683298 90.1459015015937 80.4950075458906 35.3243130230719 0.137771147724875 0.0416205146557346
107.999999999998 72.4250247893371 90.1476811236861 80.5295496110571 35.3859565437518 0.139898872870273 0.0455837462133364
108.099999999998 72.4956348581755 90.1488073571831 80.5638537158145 35.4476634462528 0.142075762475688 0.0493772743193715
108.199999999998 72.5661679178429 90.1492730417635 80.5979106568986 35.5094276786847 0.144299602693867 0.0528929045806169
108.299999999998 72.6366211386801 90.1490711074691 80.631710961867 35.571243169728 0.146567976909226 0.0561462382842552
108.399999999998 72.7069918347569 90.1481945869972 80.665244903257 35.6331038305154 0.148878294500041 0.0591528136001696
108.499999999998 72.7772774798647 90.1466366279662 80.6985025128445 35.6950035564954 0.151227784673534 0.0619279987319328
108.599999999998 72.8474757230456 90.1443905051809 80.7314735959022 35.7569362292951 0.153613490826823 0.0644869016835867
108.699999999998 72.9175844036201 90.1414496328975 80.7641477454579 35.8188957185839 0.156032265460558 0.0668442954950691
108.799999999998 72.9876015656693 90.137807577089 80.7965143565533 35.8808758839363 0.158480765691246 0.0690145577513494
108.899999999998 73.0575254719259 90.1334580677105 80.8285626405023 35.9428705766951 0.160955449420662 0.0710116231366404
108.999999999998 73.127354617027 90.1283950109643 80.8602816391495 36.0048736418351 0.163452572238469 0.0728489478236465
109.099999999998 73.1970877400651 90.1226125015818 80.8916602391235 36.0668789198166 0.165968133966127 0.0745460434899186
109.199999999998 73.2667238360875 90.1161048355281 80.9226871859646 36.1288802482015 0.168497730954192 0.0761219164877562
109.299999999998 73.336262165982 90.1088665237833 80.9533510979301 36.1908714626644 0.171036722459379 0.0775885094614501
109.399999999998 73.4057022651162 90.1008923065466 80.9836404796744 36.2528463977654 0.173580285718486 0.0789572571504302
109.499999999998 73.4750439509515 90.0921771674568 81.0135437359234 36.314798887714 0.176123419460669 0.080239092069203
109.599999999998 73.5442873295852 90.0827163478131 81.0430491851492 36.3767227671327 0.178660948902894 0.0814444565516177
109.699999999998 73.6134328011579 90.0725053607959 81.0721450732445 36.4386118718208 0.181187532352175 0.0825833201535031
109.799999999998 73.6824810640662 90.0615400056871 81.100819587198 36.5004600395181 0.183697669534237 0.083665201534145
109.899999999998 73.7514331179174 90.0498163820912 81.129060868768 36.5622611106688 0.186185711757054 0.0846991940378967
109.999999999998 73.8202902651688 90.0373309041553 81.1568570281579 36.6240089291848 0.188645874007096 0.085693994305674
110.099999999998 73.8890541114103 90.0240803147357 81.1841961577169 36.6856973432098 0.191072387863206 0.0866147990651581
110.199999999998 73.957726564768 90.0100616981397 81.2110663463275 36.7473202058739 0.193459914729274 0.0874273120383612
110.299999999998 74.0263098353113 89.9952724892542 81.2374556955353 36.8088713760281 0.195803111679846 0.0881403238891106
110.399999999998 74.0948064337077 89.9797104812508 81.2633523363653 36.8703447189704 0.198096503665037 0.0887621392995724
110.499999999998 74.1632191685756 89.9633738332355 81.2887444461644 36.9317341071713 0.200334501141057 0.0893006142909669
110.599999999998 74.2315511424671 89.9462610778988 81.3136202654441 36.9930334209999 0.202511419693639 0.0897631925460056
110.699999999998 74.2998057464299 89.9283711291664 81.3379681147231 37.054236549449 0.204621501609256 0.0901569407395578
110.799999999998 74.3679866531072 89.9097032898488 81.3617764113698 37.1153373908617 0.206658939322044 0.0904885829076761
110.899999999998 74.4360978083324 89.8902572592911 81.3850336864453 37.1763298536561 0.208617900632229 0.0907645338864465
110.999999999998 74.5041434211854 89.8700331410239 81.4077286015455 37.2372078570518 0.210492555562438 0.0909909318664701
111.099999999998 74.5721279524793 89.8490314503213 81.4298499655564 37.2979653317951 0.212277645714112 0.0911916375768
111.199999999998 74.6400561016968 89.8272531193736 81.4513867491341 37.358596220873 0.213970144532687 0.0913860952539404
111.299999999998 74.7079327927672 89.8046994964062 81.4723280934075 37.4190944802011 0.215567671061535 0.0915736768496659
111.399999999998 74.7757631592064 89.781372342412 81.4926633164072 37.4794540792998 0.217067966826299 0.0917538186664943
111.499999999998 74.8435525287511 89.7572738277932 81.5123819194055 37.5396690019704 0.218468910744572 0.0919260236661281
111.599999999998 74.9113064075119 89.7324065290017 81.5314735932566 37.5997332469711 0.219768533531964 0.0920898637356298
111.699999999998 74.9790304636691 89.7067734251811 81.549928224738 37.6596408286934 0.220965031470218 0.0922449818703928
111.799999999998 75.046730510738 89.6803778948076 81.5677359028902 37.7193857778376 0.222056779405475 0.0923910942452706
111.899999999998 75.1144124904307 89.653223712331 81.5848869253576 37.7789621420895 0.223042342848083 0.09252799213339
111.999999999998 75.1820824551483 89.6253150448164 81.6013718047289 37.8383639867962 0.223920489055938 0.0926555436540408
112.099999999998 75.2497465501219 89.5966564486185 81.6171812748693 37.8975853956484 0.224690109829176 0.0927966695073313
112.199999999998 75.3174109949647 89.5672528669274 81.6323062970441 37.9566204715257 0.225349981178899 0.0929745769713639
112.299999999998 75.3850820641768 89.5371096295249 81.6467380655096 38.0154633377557 0.225899055336747 0.0931897359488727
112.399999999998 75.4527660669821 89.5062324534117 81.6604680128955 38.0741081395356 0.226336559876046 0.0934427684781208
112.499999999998 75.5204693267934 89.4746274434684 81.6734878155784 38.1325490453607 0.226662005130197 0.0937344503793481
112.599999999998 75.5881981603629 89.4423010931157 81.6857893990563 38.1907802484522 0.22687518995007 0.09406571334619
112.699999999998 75.6559588566681 89.4092602849758 81.6973649433221 38.2487959681856 0.226976205752728 0.0944376474680566
112.799999999998 75.7237576555861 89.3755122915326 81.7082068882378 38.3065904515186 0.226965438839687 0.0948515041796247
112.899999999998 75.7916007264057 89.3410647757929 81.7183079389086 38.3641579744194 0.226843570983709 0.0953086996427607
112.999999999998 75.8594941462319 89.3059257919467 81.7276610710564 38.4214928432951 0.226611578312128 0.0958108185516987
113.099999999998 75.9274438783684 89.2701037859309 81.736259536293 38.4785893964134 0.226271323928337 0.0963660325650243
113.199999999998 75.9954557516389 89.2336075934586 81.7440968647606 38.5354420051775 0.225827312646308 0.0969785966529904
113.299999999998 76.0635354425413 89.1964464316177 81.7511668610924 38.5920450750225 0.225284843068414 0.0976444492830112
113.399999999998 76.1316884594981 89.1586298879357 81.7574635977403 38.6483930461647 0.224649380708859 0.098359637415785
113.499999999998 76.1999201285025 89.1201679093465 81.7629814082022 38.7044803943445 0.223926531950417 0.0991202875903935
113.599999999998 76.2682355801483 89.0810707911581 81.7677148802492 38.7603016315692 0.223122017894072 0.0999225791729698
113.699999999998 76.3366397380547 89.0413491660196 81.7716588491523 38.8158513068567 0.222241648340943 0.100762719590009
113.799999999998 76.4051373086936 89.0010139928888 81.7748083909096 38.8711240069776 0.22129129613004 0.101636921425696
113.899999999998 76.4737327726178 88.9600765459989 81.7771588154732 38.926114357199 0.220276872028448 0.102541381295667
113.999999999998 76.5424303770853 88.9185484038262 81.7787056599766 38.9808170220276 0.219204300351626 0.103472260468183
114.099999999998 76.6112341300484 88.8764414380824 81.7794446819603 39.0352267059465 0.21807944818971 0.104436940451071
114.199999999998 76.680147794998 88.8337678033549 81.7793718525732 39.0893381540127 0.216907977642416 0.105443089364745
114.299999999998 76.7491748858276 88.7905399283947 81.778483349711 39.1431461520936 0.215695495704091 0.106487197481893
114.399999999998 76.8183186624439 88.7467705080517 81.776775551129 39.1966455269648 0.214447586433641 0.107565655522823
114.499999999998 76.8875821275873 88.7024724952362 81.7742450275548 39.2498311464001 0.213169792814878 0.108674737418193
114.599999999998 76.9569680248624 88.6576590928792 81.7708885358005 39.3026979192633 0.211867599693156 0.109810584523672
114.699999999998 77.0264788379532 88.6123437458939 81.7667030118751 39.3552407955988 0.210546417808192 0.110969191472527
114.799999999998 77.0961167909993 88.5665401331356 81.7616855640967 39.4074547667227 0.209211568927329 0.112146393863507
114.899999999998 77.1658838501035 88.5202621593638 81.755833466205 39.4593348653145 0.207868272062364 0.113337858015091
114.999999999998 77.2357817259411 88.4735239472018 81.7491441504732 39.5108761655071 0.206521630743013 0.114539073042339
115.099999999998 77.3058118774326 88.4263398291005 81.7416152008227 39.5620737829721 0.205176621881392 0.115742771884561
115.199999999998 77.3759755162857 88.378724339355 81.7332443459786 39.6129228748281 0.203838090154571 0.116941471427047
115.299999999998 77.4462736121152 88.330692206257 81.7240294527331 39.6634186391038 0.202510742285042 0.118130056812828
115.399999999998 77.5167068983724 88.2822583443022 81.7139685192509 39.7135563140259 0.201199138099945 0.119303226124679
115.499999999998 77.587275879213 88.233437846399 81.703059668376 39.7633311773001 0.199907682057193 0.120455498858278
115.599999999998 77.6579808372778 88.1842459760773 81.6913011409389 39.8127385453914 0.198640615451484 0.121581228340352
115.699999999998 77.7288218423522 88.134698159697 81.6786912890637 39.8617737728057 0.197402009230101 0.122674618287687
115.799999999998 77.7997987608708 88.0848099786575 81.6652285694746 39.9104322513703 0.196195757351253 0.123729743633781
115.899999999998 77.8709112662357 88.0345971616059 81.6509115368032 39.9587094095149 0.195025570618175 0.124740575702487
115.999999999998 77.9421588499151 87.9840755766464 81.6357388368955 40.0066007115524 0.193894970931253 0.125701011693759
116.099999999998 78.0135408332795 87.933261223551 81.6197092001312 40.0541016569506 0.192807256248003 0.126596968082315
116.199999999998 78.085056379878 87.882170226033 81.602821435061 40.101207779364 0.191765411426538 0.1274146536945
116.299999999998 78.1567045076808 87.8308188241764 81.5850744228532 40.1479146450555 0.190772201111703 0.128148423159345
116.399999999998 78.2284841016589 87.7792233669286 81.5664671120578 40.1942178510784 0.189830196443974 0.128792740430082
116.499999999998 78.3003939269337 87.727400304594 81.5469985133832 40.2401130234495 0.188941771133945 0.129342226014763
116.599999999998 78.3724326424833 87.6753661813281 81.5266676944735 40.2855958153212 0.188109097738254 0.129791705656567
116.699999999998 78.4445988153764 87.6231376276325 81.5054737746847 40.3306619051548 0.187334144131803 0.130136259730055
116.799999999998 78.5168909355132 87.5707313528484 81.4834159198617 40.3753069948931 0.186618670175427 0.130371272496811
116.899999999998 78.5893074308463 87.5181641376511 81.4604933371149 40.4195268081326 0.185964224586328 0.130492480351055
116.999999999998 78.6618466830599 87.4654528265441 81.4367052695973 40.4633170882969 0.18537214201978 0.130496018129048
117.099999999998 78.7345070436541 87.4126143203879 81.4120509913086 40.5066735968154 0.184843422738386 0.130392329525763
117.199999999998 78.8072868496344 87.3596655698215 81.3865298026209 40.5495921114677 0.18437840397647 0.130193411537867
117.299999999998 78.8801844374761 87.3066235709509 81.3601410276348 40.5920684251459 0.183977158235436 0.129898310353872
117.399999999998 78.9531981564717 87.2535053619308 81.3328840122563 40.6340983447833 0.183639617193782 0.12950642263884
117.499999999998 79.0263263821974 87.2003280195809 81.3047581223015 40.6756776902884 0.183365571418188 0.1290175037344
117.599999999998 79.0995675301223 87.1471086560013 81.2757627416014 40.7168022934791 0.18315467011791 0.128431672158345
117.699999999998 79.1729200693526 87.093864415189 81.2458972701068 40.7574679970174 0.183006420951069 0.127749410298897
117.799999999998 79.2463825365032 87.0406124696535 81.2151611219927 40.7976706533431 0.182920189894058 0.126971561306678
117.899999999998 79.3199535496884 86.9873700170332 81.1835537237635 40.837406123609 0.182895201180823 0.126099322221091
117.999999999998 79.3936318226241 86.9341542767112 81.1510745123576 40.8766702766142 0.18293053732117 0.125134233485673
118.099999999998 79.4674161788194 86.880982486447 81.1177229332621 40.9154589877437 0.183025102537552 0.124086658303569
118.199999999998 79.5413055654987 86.8278718994214 81.0834984388945 40.9537681380205 0.1831775249845 0.122967404146236
118.299999999998 79.6152990666684 86.7748397823299 81.0484004876596 40.9915936134472 0.183386288130387 0.12177906690375
118.399999999998 79.6893959158398 86.7219034138876 81.0124285432726 41.0289313044616 0.183649770862412 0.12052441175378
118.499999999998 79.763595508739 86.6690800833518 80.9755820740933 41.0657771053965 0.183966247929886 0.119206351600819
118.599999999998 79.8378974160141 86.6163870890435 80.9378605524592 41.1021269139398 0.184333890401326 0.11782792501756
118.699999999998 79.9123013959301 86.5638417368687 80.899263454019 41.137976630594 0.184750766146002 0.116392274012684
118.799999999998 79.986807407046 86.5114613388409 80.8597902570669 41.173322158136 0.185214840355269 0.114902621929581
118.899999999998 80.0614156208632 86.4592632116022 80.8194404418754 41.2081594010776 0.185723976119329 0.113362251777486
118.999999999998 80.1361264344368 86.4072646749452 80.7782134900292 41.2424842651245 0.186275935078199 0.111774485242671
119.099999999998 80.2109404829281 86.3554830503473 80.7361088837645 41.2762926566412 0.186868363504237 0.11015015844207
119.199999999998 80.2858586518436 86.3039356598221 80.6931261054545 41.3095804822303 0.187498757343418 0.108499920656476
119.299999999998 80.3608820885531 86.2526398255786 80.6492646374652 41.3423436486034 0.18816452134714 0.106826770444416
119.399999999997 80.436012213446 86.201612869998 80.604523962158 41.3745780625684 0.188862986573091 0.105133618199965
119.499999999997 80.5112507309536 86.1508721156226 80.5589035618982 41.40627963102 0.189591411312403 0.103423276865505
119.599999999997 80.5865996404338 86.1004348851451 80.5124029190623 41.4374442609306 0.190346982204532 0.1016984542494
119.699999999997 80.6620612469057 86.0503185013975 80.4650215160465 41.4680678593415 0.191126815577916 0.0999617468971031
119.799999999997 80.7376381716178 86.0005402873401 80.4167588352748 41.4981463333539 0.191927959057431 0.0982156354560322
119.899999999997 80.8133333624346 85.9511175660507 80.3676143592065 41.5276755901194 0.192747393478414 0.0964624814510723
119.999999999997 80.8891501040239 85.9020676607137 80.3175875703451 41.5566515368314 0.193582035150445 0.0947045253810295
