#t s x y z curvature torsion
5 0 70.2997722507941 101.460714054069 6.92756335510701 0.0597150631538217 1.45013273288537
5.1 0.0654339232754454 70.3054317873538 101.427712524306 6.98378138597286 0.0737696772214141 0.938145433825955
5.2 0.130967992094516 70.3113659568162 101.394553986451 7.03999536267003 0.0898684132680569 0.624855744886525
5.3 0.196579618600805 70.3176512480989 101.361239173865 7.09616923478763 0.106958603331072 0.438082999535778
5.4 0.262247581635272 70.3243636299142 101.327768952915 7.15226709222469 0.124464361036921 0.323900643694703
5.5 0.327952336472597 70.3315780756697 101.294144493811 7.20825336135045 0.142035608664427 0.251856849814396
5.6 0.393676296632052 70.3393680883671 101.260367441444 7.26409300116462 0.159429638463175 0.205308062066992
5.7 0.459404079273789 70.3478052255022 101.226440086223 7.3197516994577 0.176455942559993 0.17494584299278
5.8 0.52512270571248 70.3569586239641 101.192365534915 7.37519606897126 0.192949433548976 0.155380565776194
5.9 0.590821748734391 70.366894524935 101.158147881481 7.43039384355824 0.208756929890402 0.143390171641056
6 0.656493418736066 70.3776757987893 101.123792377913 7.48531407434323 0.223730304880349 0.137004787051025
6.1 0.72213258203539 70.3893614685325 101.089305600443 7.5399273242104 0.23772202905077 0.130571437224822
6.2 0.787736724146842 70.4020061952452 101.054695495379 7.59420581880955 0.250578108089589 0.120043471989196
6.3 0.853305882639793 70.4156596670831 101.01997111937 7.64812348718525 0.262138507781117 0.106120676851164
6.4 0.918842512008259 70.430365950283 100.985142259312 7.70165595892405 0.272239718820429 0.0891356383367164
6.49999999999999 0.98435125646085 70.4461628387072 100.950219047607 7.7547805596294 0.28071736236589 0.0691350017633077
6.59999999999999 1.04983862744592 70.4630812033888 100.915211577437 7.80747630639653 0.287409304667088 0.0459128882682061
6.69999999999999 1.11531258602849 70.4811443420761 100.880129518029 7.8597239032873 0.29215911279942 0.0190069082677926
6.79999999999999 1.18078203317131 70.5003673287774 100.844981729919 7.91150573680513 0.294819705109794 -0.012341975383343
6.89999999999999 1.24625621424956 70.5207563633058 100.809775880227 7.96280587136984 0.295257095491896 -0.0492726420531566
6.99999999999999 1.31174404764741 70.5423081208236 100.77451805792 8.01361004479256 0.293354227728465 -0.0934468699512334
7.09999999999999 1.37725339245476 70.5650091233107 100.739212393935 8.0639056592515 0.289115612755089 -0.141657073014158
7.19999999999999 1.44279032318607 70.588835681023 100.703860807613 8.11368165529124 0.282968209839855 -0.189987557752538
7.29999999999999 1.50835858716666 70.613755280855 100.668463073727 8.1629280888817 0.275450525150754 -0.238999029835735
7.39999999999999 1.57395930565692 70.6397285446932 100.633017015827 8.21163559150053 0.267105592659346 -0.288437271330558
7.49999999999999 1.63959089989828 70.6667112096933 100.597518704432 8.25979482571651 0.258475365449454 -0.337063563990748
7.59999999999999 1.70524922885999 70.694656108556 100.561962655228 8.30739594077289 0.25009466765856 -0.382445711435113
7.69999999999999 1.77092792132099 70.7235151498046 100.526342027263 8.35442802817072 0.242484003888687 -0.420823830477859
7.79999999999999 1.83661888236756 70.7532412980605 100.490648821143 8.4008785772522 0.236140714758262 -0.447224184711694
7.89999999999999 1.9023129543839 70.7837905543207 100.454874077228 8.44673293078406 0.231528761654079 -0.456014081513904
7.99999999999999 1.96800071496054 70.815123936234 100.419008073827 8.49197374054087 0.229068841896446 -0.441992779405068
8.09999999999999 2.03367339328377 70.8472094299113 100.383040526768 8.53658043658782 0.228991887310783 -0.408273962455207
8.19999999999999 2.09932375030452 70.8800232016047 100.346960824693 8.58052905274813 0.230931847748106 -0.364214866844807
8.29999999999999 2.16494660195512 70.9135489305948 100.310758355029 8.62379295623139 0.234375748920576 -0.315004694677468
8.39999999999999 2.23053908051246 70.9477764019468 100.27442286568 8.66634393344663 0.238814940740573 -0.264958994158673
8.49999999999999 2.29610074710424 70.9827000708003 100.237944828106 8.70815328951475 0.243750097775247 -0.217144250105787
8.59999999999999 2.36163355955651 71.0183176266591 100.201315800383 8.74919294778092 0.248693674609386 -0.173400871597164
8.69999999999999 2.42714169103302 71.0546285576809 100.164528790278 8.78943654932707 0.253170923665863 -0.134575060838654
8.79999999999999 2.49263119316366 71.091632714967 100.127578618317 8.82886055248428 0.256720527289168 -0.10080498894098
8.89999999999999 2.55810949769514 71.1293288768523 100.090462280856 8.86744533234524 0.258895521562694 -0.071773379363843
8.99999999999999 2.62358475306845 71.167713313195 100.053179313149 8.90517628027667 0.259264762079304 -0.046892359680334
9.09999999999999 2.689065001951 71.2067783685595 100.015732145425 8.94204488579006 0.257537075068293 -0.0256136000668481
9.19999999999999 2.75455735355283 71.2465115366315 99.978126277136 8.97804935972824 0.253925308672256 -0.00722460169616737
9.29999999999998 2.82006748078906 71.2868957816042 99.94036998965 9.01319409309984 0.248770928887004 0.00894872294762504
9.39999999999998 2.88559936127954 71.3279103507961 99.9024738771082 9.04748865722956 0.242417474569085 0.0232695206710344
9.49999999999998 2.95115515711166 71.3695316061619 99.8644503702961 9.08094678626676 0.235207454747579 0.0358402441880582
9.59999999999998 3.01673522643875 71.4117338558039 99.8263132605114 9.11358535969401 0.227479640894356 0.0465206528058662
9.69999999999998 3.08233826069828 71.4544901854834 99.788077223433 9.14542338483576 0.219566762159433 0.0549305153543903
9.79999999999998 3.14796153830082 71.4977732901319 99.749757342989 9.17648097936682 0.211793563523475 0.0604543010322392
9.89999999999998 3.21360128392143 71.5415563053617 99.7113686352261 9.206778353821 0.204475187454695 0.0622691496663145
9.99999999999998 3.27925312195619 71.5858136389781 99.6729255721775 9.23633479409971 0.197915912242794 0.0594216619689593
10.1 3.34491260951617 71.63052178839 99.6344416062581 9.26516765815983 0.192318352805298 0.0478019346714514
10.2 3.41057573981124 71.6756597914294 99.595928708345 9.29329174136465 0.187516448513695 0.0234346303808667
10.3 3.47623920489016 71.7212087465874 99.5573969405981 9.32071957767158 0.183252812675169 -0.0143595879400854
10.4 3.54190049904977 71.7671509666591 99.5188540429654 9.34746210948275 0.179272984971547 -0.0663924852063915
10.5 3.60755794709209 71.8134691182877 99.4803050202159 9.37352937167503 0.175330023830144 -0.133980778022613
10.6 3.67321066669443 71.8601453615088 99.4417517289715 9.39893117563006 0.171190494360601 -0.219389891724457
10.7 3.73885847079482 71.9071604892948 99.4031924647392 9.42367779326421 0.166642487340066 -0.326375651188516
10.8 3.80450171674404 71.9544930670995 99.3646215489436 9.44778064105865 0.161506910039445 -0.460879683064056
10.9 3.8701411105901 72.0021185724023 99.3260289159591 9.47125296408924 0.155654290555428 -0.631941811559331
11 3.93577747722841 72.0500085342526 99.2873997001419 9.49411052005665 0.149031009628805 -0.852815217758356
11.1 4.00141151091132 72.0981296881561 99.2487138336306 9.51637225082395 0.141771861506759 -1.11596185780471
11.2 4.06704354471969 72.1464435298519 99.2099459241196 9.5380606291534 0.134424884134891 -1.39906683047983
11.3 4.13267341658064 72.1949068816571 99.1710658433315 9.55920118094863 0.127683787368426 -1.68606828642819
11.4 4.19830044717194 72.2434728577023 99.132039595463 9.57982168269596 0.122268195147399 -1.94267104833084
11.5 4.26392350877757 72.2920918445097 99.0928301963992 9.59995134641335 0.118837283479251 -2.11937075409396
11.6 4.32954116623268 72.3407124815696 99.0533985529266 9.61962000459932 0.117861515429171 -2.16954129097409
11.7 4.39515186818382 72.3892826419185 99.0137043419476 9.63885729518198 0.119499267892034 -2.07595839119202
11.8 4.46075416475197 72.4377504127161 98.973706889694 9.65769184646794 0.123551701502547 -1.86229854977135
11.9 4.52634692680071 72.4860650758232 98.933366050941 9.67615046209125 0.129528388008752 -1.57711685352485
12 4.59192954236954 72.5341780883788 98.8926430882209 9.69425730596244 0.136779013926254 -1.2673926781428
12.1 4.65750206863605 72.582044063891 98.8515015520381 9.71203309257673 0.144601662675769 -0.969062124178956
12.2 4.72306534835728 72.6296217666838 98.8099081871128 9.72949441666622 0.152280010767808 -0.700075028710908
12.3 4.78862111482913 72.6768751402436 98.7678339046965 9.74665343657061 0.159179435947284 -0.459467103781111
12.4 4.8541720174525 72.7237743489226 98.7252547809171 9.76351769695175 0.164765769090176 -0.23929546834377
12.5 4.91972153162544 72.7702968201537 98.682153056124 9.78008995686758 0.168598572332111 -0.0281764050977586
12.6 4.98527375416802 72.8164282866677 98.6385181342343 9.79636801784598 0.170329538724577 0.187740204356955
12.7 5.05083309466057 72.8621638287085 98.5943475820779 9.81234455195874 0.169712395616201 0.425525542494667
12.8 5.11640388217398 72.9075089162495 98.5496481287435 9.82800692989543 0.166631143418 0.70750352332313
12.9 5.18198991704633 72.9524804512098 98.5044366649241 9.84333704903732 0.161158528734208 1.06416683848852
13 5.24759400853689 72.9971078096698 98.4587412422628 9.85831116153126 0.153667137227702 1.53624980082787
13.1 5.31321755020109 73.0414338426285 98.4126020365345 9.87289970900745 0.145190454565092 2.10145113902499
13.2 5.37886018161009 73.0855147988115 98.3660713705743 9.88706733003518 0.137953671032956 2.64230008609986
13.3 5.44451963195793 73.1294175111529 98.3192113504074 9.90077330606808 0.134415311678254 2.99002617019821
13.4 5.51019187383209 73.1732155053276 98.2720905611248 9.91397218012737 0.136385733999888 2.97086900005647
13.5 5.57587155279261 73.2169850668259 98.2247807265959 9.92661438212893 0.144282870035952 2.58055635984676
13.6 5.64155258208406 73.2608013080267 98.1773533691803 9.93864685421044 0.157056662032753 1.98958384333381
13.7 5.70722877825959 73.3047342352716 98.1298764694409 9.95001367605842 0.172861323705746 1.37079308625521
13.8 5.77289441553814 73.3488448159385 98.0824111258558 9.96065669023534 0.189789700645033 0.804026416013442
13.9 5.83854459267833 73.3931810455157 98.0350082145306 9.9705161275067 0.206264889723987 0.296720868295343
14 5.90417533614643 73.4377740146751 97.9877050489107 9.97953123216813 0.221183417426745 -0.174648622421815
14.1 5.96978341589405 73.4826340463823 97.9405220969016 9.98764090066378 0.234055138546551 -0.559795818382966
14.2 6.03536611252492 73.5277486539323 97.893461190589 9.99478466577918 0.245121588831061 -0.818590972861703
14.3 6.10092139517384 73.5730851213388 97.8465075248671 10.0009045580615 0.25482124190398 -0.980594144877693
14.4 6.16644831251829 73.6185949046499 97.7996331486669 10.0059473128143 0.263463388116887 -1.06334350263853
14.5 6.23194741708944 73.6642181032993 97.7528005135931 10.0098665903835 0.271088078767058 -1.08007301832848
14.6 6.29742117260874 73.7098879314581 97.7059660225598 10.0126251964433 0.277408723008598 -1.0428875093265
14.7 6.36287426452198 73.7555351893861 97.6590835784268 10.0141973022824 0.281817159389062 -0.962881163334646
14.8 6.42831371630473 73.8010927347831 97.612108132636 10.0145706650901 0.283431956007442 -0.848631080478633
14.9 6.49374871686062 73.8464999541405 97.5649992338476 10.0137488482419 0.281170601177669 -0.703983907160982
15 6.55919008778516 73.8917072340924 97.5177245765764 10.0117534415859 0.273830733665418 -0.524991432928374
15.1 6.62464935807337 73.9366803805801 97.4702635113564 10.0086262303929 0.260490653103578 -0.333177407728563
15.2 6.6901373822009 73.9814036811382 97.4226095546481 10.0044300295693 0.24157693268695 -0.13938608846747
15.3 6.75566265892398 74.0258795228026 97.3747703596302 9.99924612969303 0.217994790585553 0.089740539055351
15.4 6.82122999488405 74.0701266531394 97.3267666867337 9.99317040831263 0.190801704390642 0.40471521815402
15.5 6.88683975812384 74.1141783890883 97.278631335704 9.98630938991009 0.161251838524969 0.897971058259943
15.6 6.95248771255403 74.1580808258048 97.2304080776641 9.97877630586393 0.130981833033738 1.75521840254596
15.7 7.01816537321029 74.2018910455024 97.182150587177 9.97068715441212 0.102543643316631 3.32325933143713
15.8 7.08386079037823 74.2456753262956 97.133921374308 9.96215676061511 0.0806707073392116 5.7888224409614
15.9 7.14955965108811 74.2895073510419 97.0857907166876 9.95329483631878 0.0730900985800946 7.11731210176026
16 7.21524657806504 74.3334664161849 97.0378355915738 9.94420204011747 0.0837972851122908 5.07113335970257
16.1 7.28090650858832 74.3776356345008 96.9901385938721 9.93496607563479 0.106571619196416 2.69870382237525
16.2 7.34652605930859 74.4220999793731 96.9427864890325 9.92565878606893 0.134001583294767 1.33693333530573
16.3 7.41209478520624 74.4669439267878 96.8958678391012 9.91633577771684 0.162205664161766 0.611993951922484
16.4 7.47760620141565 74.5122489388551 96.8494702636493 9.90703703976298 0.189220025331642 0.203101923038395
16.5 7.543058484657 74.5580909412361 96.8036776866591 9.89778760238576 0.213803189842047 -0.0488036836660956
16.6 7.60845479470379 74.6045378005703 96.7585675834102 9.88859819486411 0.234984618229589 -0.221534382322506
16.7 7.67380316283432 74.6516468019018 96.7142082273657 9.87946590368399 0.251906992554605 -0.356758931574956
16.8 7.7391159091308 74.699462126106 96.6706559370582 9.87037483064493 0.263779772594433 -0.480577179406889
16.9 7.80440857505868 74.7480123273171 96.627952322976 9.86129675096657 0.269881406377704 -0.613833519711878
17 7.86969839179651 74.7973078103545 96.5861215344492 9.85219177139512 0.269590428919902 -0.779116249250163
17.1 7.93500235313775 74.8473383655638 96.5451675604918 9.84300901966156 0.262791864843825 -0.972571440768211
17.2 8.00033518819659 74.8980721964367 96.5050729335025 9.83368814908117 0.250901088077004 -1.17470676777476
17.3 8.06570790322682 74.9494587365883 96.4658009940667 9.8241629123583 0.23566223618246 -1.38347672832946
17.4 8.1311270799186 75.0014329595131 96.4272995586175 9.81436555053267 0.218691930770318 -1.5859195093498
17.5 8.19659480720027 75.0539197457556 96.3895046410524 9.8042312132771 0.201350630671194 -1.75558686031343
17.6 8.26210911657315 75.1068382500801 96.3523441743499 9.79370237919546 0.184575023438118 -1.85294777734276
17.7 8.32766475550698 75.1601062686412 96.3157417321865 9.78273327612039 0.168699306737254 -1.83172683105257
17.8 8.39325412325382 75.2136446061542 96.2796202505533 9.77129430141121 0.153337203717507 -1.64702260693335
17.9 8.45886821170072 75.2673814430653 96.2439057493729 9.7593764422517 0.137417590359584 -1.24776215831244
18 8.52449743953866 75.3212567027218 96.2085310541163 9.74699569594797 0.119442758657872 -0.519345969249971
18.1 8.59013233265337 75.3752263564948 96.173439472269 9.73419739335458 0.0982798266751247 0.647550123757595
18.2 8.65576391995307 75.4292651156541 96.1385872958972 9.72105800363736 0.0748841209616558 2.70952975499748
18.3 8.72138374681956 75.4833650280803 96.1039433243088 9.70768054550611 0.0534991656121829 7.09852472986703
18.4 8.78698403119351 75.5375324617283 96.0694872128139 9.6941874797839 0.0455972784486552 10.7801284616524
18.5 8.85255817620359 75.591785026044 96.0352077763349 9.68071350510474 0.0603291953800004 6.08815939581374
18.6 8.91810153623734 75.6461484933808 96.0011012930166 9.66739835361123 0.0867857670100417 2.6717884261038
18.7 8.9836122510388 75.7006537204161 95.967169807837 9.65437958665225 0.115317425159018 1.26155755230413
18.8 9.04909192166215 75.7553335695673 95.9334194362164 9.64178539048055 0.141601113010386 0.62295424596391
18.9 9.11454589501925 75.8102198304088 95.8998586676286 9.62972737195046 0.162973711152244 0.284149694704719
19 9.17998295141203 75.8653401410877 95.8664966692106 9.61829335421553 0.177261639181045 0.0679094029669329
19.1 9.24541425887582 75.9207149465012 95.8333416058005 9.6075402759533 0.182996252451066 -0.0941233331277506
19.2 9.31085173761036 75.9763554122371 95.8003993870978 9.59748978229509 0.180877668177639 -0.23662132392818
19.3 9.37630646246914 76.032263764687 95.7676734990558 9.58813064854545 0.172194721085578 -0.390215443651415
19.4 9.44178740830965 76.0884345869236 95.7351652623966 9.5794238956067 0.15829106344896 -0.582302671384246
19.5 9.50730060719878 76.1448561513386 95.7028741075535 9.57130800893044 0.14056388124783 -0.848703469382479
19.6 9.5728487726843 76.2015117522801 95.6707978496134 9.56370415746919 0.120484921722691 -1.24597425781251
19.7 9.63843138122161 76.2583810386899 95.6389329632596 9.55652141262802 0.0996591235918024 -1.86639899289202
19.8 9.70404514801695 76.3154413467419 95.6072748577143 9.54966196721607 0.0799430233876346 -2.83466423872733
19.9 9.76968479858579 76.3726690324792 95.5758181516805 9.54302635439821 0.0635950159903422 -4.16067609009172
20 9.83534401771625 76.4300408044515 95.5445569482855 9.53651866664661 0.0530691068441022 -5.21104223676639
20.1 9.90101644803235 76.4875350417249 95.5134851060004 9.53005171984139 0.0494138717559002 -5.02293749988479
20.2 9.96669648911124 76.545132731546 95.4825964049789 9.5235507912463 0.050895835887057 -3.9357066296221
20.3 10.0323796010315 76.6028174415191 95.4518844479204 9.5169537373211 0.0548651934143301 -2.81442588328962
20.4 10.0980623294814 76.660574911438 95.4213424563516 9.51020968540904 0.0594032553081771 -2.0110175794538
20.5 10.1637422275739 76.7183926304899 95.390963062885 9.5032776705733 0.063533963010264 -1.50244366586142
20.6 10.2294177150652 76.7762594144593 95.3607381034787 9.49612527243349 0.06687926791076 -1.20028869632764
20.7 10.295087902704 76.8341649829318 95.3306584096954 9.48872725200213 0.0693804250688821 -1.03767192374733
20.8 10.3607524030745 76.8920995364975 95.3007136009613 9.48106418852114 0.0711508475229919 -0.972832033606101
20.9 10.4264111440505 76.9500533339553 95.2708918768253 9.47312111629831 0.0724071144686113 -0.979307224478817
21 10.4920641968366 77.0080162695162 95.2411798092182 9.4648861615438 0.0734388388970652 -1.03711063706931
21.1 10.557711628575 77.0659774559274 95.2115621405064 9.45634919113669 0.0745478640932842 -1.09842695601946
21.2 10.6233534114253 77.1239249615193 95.1820217322037 9.44750077157456 0.0758683620271216 -1.12711027351373
21.3 10.6889894236299 77.1818459379806 95.152539896123 9.4383319153103 0.0774568178199305 -1.12293748296248
21.4 10.7546194869621 77.2397269020563 95.1230968761862 9.42883413727195 0.0793292772025332 -1.08805016980019
21.5 10.8202434089039 77.2975540231661 95.0936723360292 9.41899952331258 0.0814613599545101 -1.02667919382239
21.6 10.8858610254479 77.3553134110226 95.0642458466054 9.40882079866022 0.0837922555627945 -0.944277830565466
21.7 10.9514722413419 77.4129914032497 95.034797373791 9.39829139636775 0.0862315241447025 -0.846446423857316
21.8 11.0170770645821 77.470574853001 95.0053077659894 9.38740552576281 0.0886671804001438 -0.738009507395747
21.9 11.08267563212 77.5280514165777 94.9757592417352 9.3761582408977 0.0909737539472455 -0.622427657059673
22 11.1482682240819 77.5854098410471 94.9461358772991 9.36454550899929 0.0930195582969214 -0.501534763451131
22.1 11.2138552649982 77.6426402520971 94.9164240917815 9.35256428249405 0.0946603279651523 -0.383054258344774
22.2 11.2794373272631 77.6997344480235 94.8866130669305 9.34021266398603 0.0957092881361238 -0.273233685241795
22.3000000000001 11.3450151598527 77.7566862092885 94.856695001258 9.32749030719238 0.0959815859133358 -0.1692631778936
22.4000000000001 11.4105897106491 77.8134916142123 94.82666529888 9.31439891083188 0.0953063732813308 -0.066903573116288
22.5000000000001 11.476162126019 77.8701493549009 94.7965227558463 9.30094271608847 0.0935259311422744 0.0398066557203326
22.6000000000001 11.541733730068 77.9266610531734 94.76626974647 9.28712900407496 0.0904961067809297 0.159570291919305
22.7000000000001 11.6073059881562 77.9830315764902 94.7359124096571 9.27296859329658 0.0860890534955596 0.306131844058309
22.8000000000001 11.6728804609311 78.0392693538801 94.7054608352364 9.25847633711458 0.0802003679482248 0.503300764467515
22.9000000000001 11.7384587570003 78.0953866918684 94.6749292502886 9.24367162120989 0.0727658040409397 0.796509101280189
23.0000000000001 11.8040424944341 78.1514000904044 94.6443362054762 9.22857886104669 0.0638017958730632 1.28156102020795
23.1000000000001 11.8696332811612 78.2073305412037 94.6137047470917 9.21322797396807 0.0536514576121699 2.1062880227703
23.2000000000001 11.9352326726756 78.2632033688722 94.5830622177896 9.19765419172459 0.0435908639984203 3.45139299156319
23.3000000000001 12.0008420472004 78.3190469113989 94.5524391147467 9.18189619871724 0.0356269677026548 5.25570979911196
23.4000000000001 12.0664625076747 78.3748907434302 94.5218675765057 9.16599361067325 0.0321766649100872 6.14718695810708
23.5000000000001 12.1320948371335 78.430763881959 94.4913798555381 9.14998442795407 0.0341014761682286 4.81264705752536
23.6000000000001 12.1977394650751 78.4866929920135 94.4610067908068 9.13390248886318 0.0392915637198182 2.79871464342833
23.7000000000001 12.2633964025686 78.5427005923469 94.4307762803286 9.11777492295405 0.0449696906814301 1.22843945034262
23.8000000000001 12.3290651129477 78.5988032611255 94.4007117537367 9.10161960433798 0.0493224401569439 0.0120488524119711
23.9000000000001 12.3947443004217 78.6550098416185 94.3708306448437 9.08544260499207 0.0514823599243902 -1.17264980197236
24.0000000000001 12.4604316207666 78.7113196478869 94.3411428642034 9.06923564806703 0.0515253822597306 -2.63620128227243
24.1000000000001 12.5261233515639 78.7677207075955 94.3116493012822 9.05297361544192 0.0511012398622939 -4.20148996334075
24.2000000000001 12.591814218767 78.8241889700335 94.2823410964346 9.03661346569472 0.0537203842677154 -4.93585340831418
24.3000000000001 12.6574976854989 78.8806899642763 94.2532008670014 9.02009673235952 0.0622034749181507 -4.32386029858425
24.4000000000001 12.7231665552913 78.9371814225558 94.2242047032132 9.00335343259967 0.0765596820927954 -3.12951345802686
24.5000000000001 12.7888137380554 78.9936159407535 94.1953241937023 8.98630603012774 0.0948718797929315 -2.1105937487607
24.6000000000001 12.8544331028293 79.0499436388939 94.1665284510135 8.96887339812535 0.114980726894539 -1.40707425268609
24.7000000000001 12.9200203182937 79.1061148216378 94.1377861371162 8.95097478216314 0.135028344733997 -0.936277588272656
24.8000000000001 12.9855735675871 79.1620826387752 94.1090674889158 8.93253376312067 0.15342034615686 -0.608157221820459
24.9000000000001 13.0510940233052 79.2178057457194 94.0803463437649 8.9134822201063 0.168722763963698 -0.360114629840689
25.0000000000001 13.1165859821926 79.2732509639993 94.0516021649752 8.89376429337714 0.179601739136066 -0.149069751274267
25.1000000000001 13.1820565857394 79.3283959097426 94.022822041427 8.87334030316234 0.185058442834864 0.0305554714998292
25.2000000000001 13.2475150735001 79.3832307898704 93.9940020137301 8.85218952197464 0.185197122037537 0.182839175759231
25.3000000000001 13.3129716813866 79.4377580855632 93.9651466908621 8.83031003654605 0.180454293640478 0.332650727164358
25.4000000000001 13.3784365173997 79.4919914034411 93.9362681933577 8.80771746325172 0.171327514640364 0.501498128506739
25.5000000000001 13.4439185777117 79.5459542947309 93.9073850705962 8.78444361943726 0.158372974027403 0.715659369365484
25.6000000000001 13.5094249644768 79.599679074435 93.8785212180893 8.76053519474601 0.142221563798265 1.01648407314617
25.7000000000001 13.5749603416947 79.6532056404991 93.8497047947683 8.73605242244639 0.123629474149706 1.47953877013387
25.8000000000001 13.6405266450279 79.7065802929804 93.8209671402719 8.71106775075912 0.10361014844993 2.25370248047291
25.9000000000001 13.7061230436142 79.7598545532163 93.7923416922342 8.68566451418462 0.083774165893825 3.61968870094357
26.0000000000001 13.7717461369158 79.8130839829916 93.7638629035714 8.65993560483021 0.0671474455726269 5.84708911919346
26.1000000000001 13.8373903580636 79.8663270021503 93.7355651618682 8.63398213694124 0.0592194462795155 7.74073983127549
26.2000000000001 13.9030485588572 79.9196436657166 93.7074817633158 8.6079119347297 0.0649684949395116 6.57919761742421
26.3000000000001 13.9687127535919 79.9730943382368 93.6796440251296 8.58183757165071 0.0820290461443337 4.20501398294683
26.4000000000001 14.0343749427747 80.0267383276311 93.6520804525195 8.5558742329766 0.10472834268977 2.62521252885604
26.5000000000001 14.1000279308375 80.0806325174887 93.6248159077581 8.53013757157467 0.129368812847863 1.75398501828896
26.6000000000001 14.1656660615892 80.1348299993627 93.597870779249 8.5047415636851 0.153940914608557 1.26947135135733
26.7000000000001 14.231285797977 80.189378705065 93.5712601505956 8.47979636469872 0.177191888581006 0.990496153424092
26.8000000000001 14.2968860785303 80.2443200389613 93.5449929696686 8.45540616493484 0.19819234904085 0.828309357074006
26.9000000000001 14.3624683924604 80.2996875102657 93.5190712176752 8.43166704541908 0.216165958184342 0.739380818749771
27.0000000000001 14.4280365291516 80.3555053653359 93.4934890782269 8.4086648336612 0.230425299762031 0.702668686790675
27.1000000000001 14.4935959792186 80.4117872396476 93.4682321187219 8.38647298575219 0.240514700750908 0.705704799852947
27.2000000000001 14.5591530816966 80.4685353214274 93.4432767918835 8.36515115276289 0.246688005182534 0.737545462101135
27.3000000000001 14.6247142010149 80.5257408141156 93.4185907500039 8.34474548421544 0.249412230274106 0.793245711320304
27.4000000000001 14.6902850081493 80.5833849104878 93.3941334793449 8.32528961585633 0.249203320239826 0.870616947940526
27.5000000000001 14.7558698722543 80.6414397864553 93.3698569468514 8.30680568374861 0.246627124280383 0.968588924378739
27.6000000000001 14.8214714035576 80.6998695948666 93.345706246866 8.28930533836422 0.242301090013909 1.085958175019
27.7000000000001 14.887090176815 80.7586314593076 93.3216202478429 8.27279075867618 0.236894729546061 1.22008137555935
27.8000000000001 14.9527246517787 80.8176764679033 93.2975322390618 8.25725566625093 0.231125540716888 1.36536549553127
27.9000000000001 15.0183712958377 80.876950667118 93.2733705773424 8.24268633934057 0.225744987862258 1.51177397302748
28.0000000000001 15.0840249043434 80.9363960555564 93.2490593337579 8.22906262697512 0.221507621355731 1.64411889848486
28.1000000000001 15.1496791058057 80.9959515848038 93.2245189593638 8.21635896095709 0.219081397000773 1.72546595367064
28.2000000000001 15.2153270215454 81.0555543432847 93.1996674452884 8.20454531331558 0.218787329525758 1.72542413259975
28.3000000000001 15.2809620098713 81.1151412047073 93.174422737748 8.19358801531158 0.220515202047906 1.64639078830844
28.4000000000001 15.346578415749 81.1746506595269 93.1487056474234 8.18345052190277 0.223752425782562 1.50373826804772
28.5000000000001 15.4121722471378 81.2340246534479 93.122442777852 8.17409417411069 0.227667238400633 1.31868555440818
28.6000000000001 15.4777416996195 81.2932104259267 93.0955694538189 8.16547896138781 0.231226195381567 1.1101590822634
28.7000000000001 15.5432874614378 81.3521623486734 93.0680326497486 8.15756428398467 0.233306381991183 0.889629878382225
28.8000000000001 15.6088127485781 81.4108437641551 93.0397939180962 8.15030971531701 0.232782290200385 0.659108331263704
28.9000000000001 15.6743230441456 81.4692288240972 93.0108323177392 8.14367576433289 0.22858850254163 0.41000546586495
29.0000000000001 15.7398255482665 81.5273043279866 92.9811473423686 8.13762463787982 0.219772881751359 0.119692203713287
29.1000000000001 15.8053283794601 81.5850715219398 92.9507617842235 8.13212099787054 0.205837320223605 -0.206703459209816
29.2000000000001 15.8708395302321 81.6425468670881 92.9197229167378 8.12713258321536 0.18763771218759 -0.570515097247669
29.3000000000002 15.9363657052204 81.6997601921199 92.8880994098119 8.12263048846907 0.166587695580316 -1.02540716278373
29.4000000000002 16.001911517339 81.7567518153407 92.8559765639969 8.1185893072444 0.14440966041875 -1.63502367646587
29.5000000000002 16.0674791884105 81.813569627098 92.8234514800218 8.11498727042417 0.123226515993395 -2.45045722270942
29.6000000000002 16.1330686854023 81.8702661722072 92.7906282283203 8.11180638437339 0.105639853853728 -3.40158892838915
29.7000000000002 16.198678175657 81.9268957323764 92.7576130185581 8.10903256915138 0.0944125324022257 -4.09223995678974
29.8000000000002 16.2643046600103 81.9835114086323 92.7245093691599 8.10665579672395 0.0911287416755878 -3.9545531146312
29.9000000000002 16.3299446355782 82.0401622037457 92.6914132768365 8.10467022917546 0.0946104189556755 -3.02630510807897
30.0000000000002 16.3955946497574 82.0968901046563 92.6584083861116 8.103074356921 0.101512834355772 -1.86490990583979
30.1000000000002 16.4612516343237 82.1537271997585 92.6255612174698 8.10187113005604 0.108544023285891 -0.89871610973443
30.2000000000002 16.5269129813514 82.2106937025425 92.5929179196329 8.10106791128201 0.114080063173013 -0.202698314630932
30.3000000000002 16.5925764442558 82.2677982759845 92.5605048907825 8.10067597590924 0.117734173731379 0.329203944281664
30.4000000000002 16.6582399494832 82.3250392632936 92.5283309239102 8.10070983343581 0.119729295256571 0.764004631340555
30.5000000000002 16.7239013891491 82.382405953518 92.4963894107901 8.10118654226398 0.120607459919071 1.13253978579331
30.6000000000002 16.789558453218 82.4398798471511 92.4646605459499 8.10212502441649 0.121064950950394 1.43847298186664
30.7000000000002 16.8552085355283 82.4974359217381 92.433113530643 8.10354538025306 0.121824672030926 1.66711971536864
30.8000000000002 16.9208487265708 82.5550438974824 92.4017087768195 8.1054682031867 0.123509164069916 1.79757085981467
30.9000000000002 16.986475888241 82.6126695028514 92.3704001110986 8.10791389440016 0.12651901697014 1.81781721460394
31.0000000000002 17.0520867917969 82.6702757401835 92.3391369787398 8.11090197756227 0.130950349834664 1.73532995122748
31.1000000000002 17.117678292573 82.7278241496249 92.3078666391878 8.11445041512326 0.136595550882815 1.58739935887926
31.2000000000002 17.1832475724189 82.7852760296767 92.2765361425291 8.11857496566089 0.143063988084648 1.41260786958315
31.3000000000002 17.2487925241542 82.8425935475949 92.2450937497974 8.12328864543278 0.149865913247567 1.23120314029404
31.4000000000002 17.3143121492567 82.8997408064005 92.2134901341912 8.12860123097961 0.156461582270328 1.05625232800225
31.5000000000002 17.3798068810828 82.9566849102197 92.1816795738637 8.13451876330721 0.162298031933769 0.894089048718611
31.6000000000002 17.4452788117924 83.0133970296249 92.1496211447137 8.14104305206863 0.166830296334413 0.746082186390926
31.7000000000002 17.5107318085145 83.0698534669753 92.1172799131754 8.14817117974622 0.169532131079148 0.610301627063465
31.8000000000002 17.5761715106577 83.126036721758 92.0846281290098 8.15589500583378 0.169901253704536 0.482480195221351
31.9000000000002 17.6416052083166 83.1819365559278 92.051646418094 8.16420067101851 0.167462751695169 0.356059272382098
32.0000000000002 17.7070416114596 83.2375510592491 92.0183249752126 8.17306810136326 0.161773278102651 0.221001896294009
32.1000000000002 17.7724905234268 83.2928876838732 91.9846647284239 8.18247053929344 0.152648897493173 0.0791348715467095
32.2000000000002 17.8379622788478 83.3479634790987 91.9506777644181 8.19237477151256 0.140837449135422 -0.0714094174303532
32.3000000000002 17.9034667958901 83.402803295821 91.9163858779269 8.20274312604401 0.127357255383864 -0.249910926357712
32.4000000000002 17.9690126882265 83.4574371911636 91.8818183821249 8.21353616620121 0.113268591288882 -0.475004422429331
32.5000000000002 18.0346066267773 83.5118978023468 91.8470098906065 8.22471541136278 0.0996727592352829 -0.758562736055952
32.6000000000002 18.1002529126312 83.5662177205563 91.8119980993632 8.23624605774773 0.0877117768537346 -1.08497717045314
32.7000000000002 18.1659532051847 83.6204268648125 91.7768215687613 8.24809969919056 0.0785449007783201 -1.37213931437538
32.8000000000002 18.2317063508668 83.6745498558387 91.741517505519 8.26025704791647 0.0732611685642245 -1.45266808335321
32.9000000000002 18.2975082696563 83.7286033899304 91.7061195446836 8.27271065531649 0.072730865563707 -1.17509011114283
33.0000000000002 18.3633518787917 83.7825936128239 91.6706555316091 8.28546763272262 0.0775506015080921 -0.592258338176694
33.1000000000002 18.4292270710842 83.8365135310368 91.6351453317682 8.29855232174264 0.0879693396368919 -0.0251368207224357
33.2000000000002 18.4951209323607 83.8903413974791 91.5995993642748 8.31200765314479 0.103316920849656 0.311623053472642
33.3000000000002 18.5610184330195 83.9440415702113 91.5640189725139 8.32589317667686 0.122811322213609 0.458447469389571
33.4000000000002 18.6269033436081 83.9975663454717 91.5283975184834 8.3402817794353 0.145702972510685 0.495279440922033
33.5000000000002 18.6927592313212 84.0508578281771 91.4927215049685 8.35525635379384 0.171215799489622 0.480933746886514
33.6000000000002 18.7585705072853 84.1038498024222 91.4569716977178 8.3709064653322 0.198536960183123 0.448165345703096
33.7000000000002 18.8243234687896 84.1564696019799 91.4211242476186 8.38732502076468 0.226819680140381 0.412816405494345
33.8000000000002 18.8900072563926 84.2086399808007 91.3851518128725 8.40460493586892 0.2551864718975 0.381831218571893
33.9000000000002 18.9556146289785 84.2602809835134 91.3490246811709 8.42283580341448 0.282731835299209 0.357997173511404
34.0000000000002 19.02114245064 84.3113118159242 91.3127118918703 8.44210056109158 0.308526798349475 0.342402127841824
34.1000000000002 19.086591789181 84.3616527109824 91.2761823570614 8.46247219055132 0.331759380083507 0.328679507735391
34.2000000000002 19.1519677170318 84.4112266768353 91.239405953866 8.48401122534833 0.352129072493873 0.31055146263428
34.3000000000002 19.2172791587234 84.4599609455746 91.202354543697 8.50676531225076 0.369439032856111 0.288387406801675
34.4000000000002 19.2825386542811 84.5077883040741 91.1650029627464 8.53076958145258 0.383470205938244 0.262163130416226
34.5000000000002 19.3477619021868 84.5546484202909 91.1273300113671 8.55604704789755 0.393991508035983 0.231517365844294
34.6000000000002 19.4129670824747 84.6004891695678 91.0893194434538 8.5826090126031 0.400770682908161 0.195728268668963
34.7000000000002 19.4781739730924 84.6452679609353 91.0509609558251 8.61045546398433 0.403585215372119 0.153616990796259
34.8000000000002 19.543402880743 84.6889530634136 91.0122511776046 8.63957547917792 0.40223273991126 0.103359021904241
34.9000000000002 19.6086734168541 84.7315249323145 90.9731946596026 8.66994762536607 0.396540635153029 0.0421528915481638
35.0000000000002 19.6740031595987 84.7729775355431 90.9338048636971 8.70154036110042 0.386375092546089 -0.034356143777881
35.1000000000002 19.7394062555483 84.8133196496142 90.8941051290105 8.73431245071757 0.371809809954518 -0.120401675852536
35.2000000000002 19.8048920979637 84.8525753682213 90.8541290347385 8.76821371913423 0.353601576439614 -0.209396281783081
35.3000000000002 19.8704644175323 84.8907826119052 90.8139192314111 8.80318667068327 0.33268919522133 -0.305746397171828
35.4000000000002 19.9361209573838 84.927990850277 90.7735256688057 8.83916844832956 0.310015992903001 -0.413342422597396
35.5000000000002 20.0018537020745 84.9642587939534 90.7330038006558 8.87609280597724 0.286518763956863 -0.535204466048081
35.6000000000002 20.0676496026333 84.9996520864938 90.6924127893591 8.91389208077705 0.263120511091601 -0.672401775068686
35.7000000000002 20.1334917233374 85.0342409963359 90.6518137106863 8.95249916543367 0.240721590177951 -0.821912752598614
35.8000000000002 20.1993607266409 85.0680981087318 90.6112677584892 8.99184948051298 0.220180556163215 -0.973297367898775
35.9000000000002 20.2652366103992 85.1012960176847 90.5708344494089 9.03188294674944 0.202274052139241 -1.10503964782433
36.0000000000002 20.3311006149545 85.1339050178843 90.5305698275845 9.07254595735338 0.187629694352814 -1.18343980963747
36.1000000000002 20.3969372062931 85.1659908125393 90.4905246878444 9.11379332482864 0.176545838330264 -1.19181366033102
36.2000000000002 20.4627355784103 85.1976126344905 90.450743279469 9.15558956505946 0.168716926488778 -1.13615224020113
36.3000000000002 20.5284897948705 85.2288224164266 90.4112632298603 9.19790849908062 0.163663292249784 -1.01816929006686
36.4000000000002 20.5941982773628 85.2596643743812 90.3721159487833 9.24073219211672 0.160881241334912 -0.848754884355036
36.5000000000002 20.6598631374871 85.2901746071259 90.3333270510898 9.28404986713189 0.15988657870837 -0.643710232508491
36.6000000000003 20.7254893953747 85.3203806955633 90.2949167794422 9.32785681837944 0.160255286649214 -0.419031153321681
36.7000000000003 20.7910841073664 85.3503013021195 90.2569004270383 9.37215332495152 0.161652479945533 -0.187905358080888
36.8000000000003 20.8566554235022 85.3799457701375 90.2192887603346 9.41694356432884 0.163848105143404 0.0401242034926626
36.9000000000003 20.9222115946473 85.40931372327 90.1820884417709 9.46223452593028 0.16672263611182 0.258525878629992
37.0000000000003 20.987759948521 85.438394664872 90.1453024524944 9.50803492466261 0.170267084128313 0.462566859867627
37.1000000000003 21.0533058685462 85.4671676022122 90.1089305148266 9.55435412002532 0.174545329034719 0.625042634424605
37.2000000000003 21.1188521657799 85.4956013159566 90.0729695080521 9.60120117965046 0.179541930374164 0.724869031135818
37.3000000000003 21.1843994380352 85.523656267652 90.0374138672544 9.64858430948512 0.185162855503801 0.769370472058634
37.4000000000003 21.2499467951608 85.5512871524824 90.0022559754724 9.69651042840885 0.191220618115941 0.768063034991205
37.5000000000003 21.3154925565759 85.5784454768429 89.9674865556008 9.74498474840627 0.197419808200697 0.731251902120447
37.6000000000003 21.3810348825568 85.6050821359144 89.9330950622902 9.7940103547397 0.203363383455749 0.668503569203142
37.7000000000003 21.4465723117266 85.6311499912379 89.8990700738468 9.84358778612179 0.208570918888195 0.587423082438742
37.8000000000003 21.5121041765805 85.6566064482886 89.865399684133 9.89371461488816 0.212501479619759 0.492910746099235
37.9000000000003 21.5776308718313 85.6814160340504 89.8320718944672 9.94438502716996 0.214576616243305 0.386756242664325
38.0000000000003 21.6431539569962 85.7055529745906 89.7990750055239 9.99558940306659 0.214201878512344 0.267214825628913
38.1000000000003 21.7086760821143 85.7290037405656 89.7663980045224 10.0473139046178 0.210913675639828 0.147631789949615
38.2000000000003 21.7742006800678 85.7517687589672 89.734030829916 10.0995402665641 0.204785206008386 0.0383424206177354
38.3000000000003 21.8397314169488 85.7738620083965 89.701964325122 10.1522461018778 0.19606340596964 -0.0690666066620452
38.4000000000003 21.905271651039 85.7953097805774 89.670190069752 10.205405410082 0.185033338214071 -0.182858296922682
38.5000000000003 21.9708240176758 85.8161494098018 89.6387002061311 10.2589890933692 0.172011107020956 -0.312632356322869
38.6000000000003 22.0363901559458 85.8364280023757 89.6074872658172 10.31296547272 0.157342348777783 -0.471263481680507
38.7000000000003 22.1019705811466 85.8562011660641 89.5765439961197 10.367300804022 0.141407525751546 -0.677921754947757
38.8000000000003 22.1675646993922 85.8755317395365 89.5458631866185 10.4219597941882 0.124637772665672 -0.963176521726875
38.9000000000003 22.2331709543073 85.8944885218131 89.5154374956836 10.4769061172758 0.107549651873779 -1.37746998119314
39.0000000000003 22.2987870904865 85.9131450017093 89.4852592769937 10.5321029306047 0.0908160677765328 -2.00217519776721
39.1000000000003 22.3644105117443 85.9315780781526 89.4553204046138 10.5875133901863 0.0754157301209591 -2.91958779446039
39.2000000000003 22.4300386497377 85.9498665431299 89.4256120605978 10.6431011482007 0.0628132356728625 -4.09547733451552
39.3000000000003 22.4956692195781 85.9680889620859 89.3961244274595 10.6988308049094 0.0547821845062803 -5.09418644914262
39.4000000000003 22.5613004286248 85.9863213169539 89.3668463431688 10.7546683426163 0.0524847364699074 -5.12180168827163
39.5000000000003 22.6269311586033 86.0046346400559 89.3377649547063 10.8105815589392 0.0551175851341456 -4.19273446909407
39.6000000000003 22.6925610835902 86.0230926480036 89.3088653716176 10.8665405000808 0.0602586999004505 -3.10982720811371
39.7000000000003 22.7581906907968 86.0417493755994 89.2801303195681 10.9225178941003 0.0654678747444354 -2.30834076434803
39.8000000000003 22.8238211811648 86.0606468097369 89.2515397938973 10.978489584184 0.06896723817469 -1.82160589002129
39.9000000000003 22.8894542400864 86.0798125233017 89.2230707131736 11.0344349619172 0.0695314626446661 -1.5986760206621
40.0000000000003 22.9550916850711 86.0992573090721 89.1946965727488 11.0903374005547 0.0662885101359557 -1.64160774141749
40.1000000000003 23.0207350184688 86.1189728587475 89.1663871147398 11.1461846825637 0.0588635024602344 -2.05230876402523
40.2000000000003 23.086384979966 86.1389306152873 89.1381084251197 11.201969278214 0.0481106962695177 -3.13778805030046
40.3000000000003 23.1520412707263 86.1590836036556 89.1098241150098 11.2576882460599 0.0358862192212219 -5.90078000491428
40.4000000000003 23.2177024793557 86.1793694348768 89.0814969290799 11.3133429844713 0.026732918463599 -11.3226724617197
40.5000000000003 23.2833661839859 86.1997133552188 89.0530903703773 11.3689389774345 0.0294060353808519 -10.1232595085314
40.6000000000003 23.3490292049634 86.2200312953756 89.0245703251545 11.4244855403538 0.0437479312309663 -5.03665020527362
40.7000000000003 23.4146879642159 86.2402329196508 88.9959066876974 11.4799955658532 0.0626408660451578 -2.76383499485538
40.8000000000003 23.4803388939773 86.2602246751404 88.9670749851537 11.5354852695777 0.0826694108872821 -1.83008708910565
40.9000000000003 23.5459788304693 86.2799128409157 88.9380580023614 11.5909739359944 0.102305568320053 -1.41457334070469
41.0000000000003 23.6116053272919 86.2992065772064 88.9088474066764 11.6464836641947 0.120584277980862 -1.23523447606614
41.1000000000003 23.6772168306462 86.3180209575337 88.8794453524512 11.7020391110262 0.136868183289188 -1.16561439435237
41.2000000000003 23.7428127236404 86.3362795575392 88.8498655564147 11.75766716483 0.151034402259432 -1.14282669266138
41.3000000000003 23.808393336671 86.3539159185052 88.8201330299561 11.8133964430213 0.163081139600099 -1.15095734276819
41.4000000000003 23.8739598966502 86.3708745675708 88.7902832823107 11.8692567202753 0.173015468132132 -1.18386305842348
41.5000000000003 23.939514386916 86.3871120208986 88.7603615033952 11.9252783540426 0.180861476976176 -1.24019930062722
41.6000000000003 24.0050593285716 86.4025977868407 88.7304217466435 11.9814917100666 0.186674473073254 -1.32145902193611
41.7000000000003 24.0705974979377 86.4173153691049 88.7005261118424 12.0379265878993 0.190561692685661 -1.43107092452135
41.8000000000003 24.136131598014 86.4312632699211 88.6707439279672 12.0946116464179 0.192711327948924 -1.57372636357171
41.9000000000003 24.2016639061043 86.4444559932077 88.6411509360171 12.151573829341 0.193432434816406 -1.75431275957458
42.0000000000003 24.2671959250061 86.4569250477375 88.6118284718513 12.2088377907454 0.193207917629807 -1.97567559871236
42.1000000000003 24.3327280732929 86.468719903774 88.5828626362583 12.2664253258425 0.192896368945898 -2.19004930042079
42.2000000000003 24.3982595143229 86.4799077399137 88.5543431331111 12.3243549385308 0.193976443919945 -2.31574165981717
42.3000000000003 24.4637883200363 86.4905701189167 88.5263612649711 12.3826417561452 0.1976308392881 -2.31184832591959
42.4000000000003 24.5293119629783 86.5007984537442 88.4990075967764 12.4412975809825 0.204328521600237 -2.17079209987195
42.5000000000003 24.5948280081781 86.510689427065 88.4723696067647 12.5003309470861 0.213753966227687 -1.92236124613428
42.6000000000003 24.660334873378 86.5203404107628 88.4465293373967 12.5597471770319 0.22494648867162 -1.61345082070547
42.7000000000003 24.7258325183663 86.5298448854427 88.4215610462789 12.6195484387137 0.236554905731757 -1.28376037156115
42.8000000000003 24.791322928764 86.5392878599383 88.3975288570861 12.6797338021282 0.247080982784498 -0.954246446797681
42.9000000000003 24.8568102782445 86.5487412908187 88.3744844104852 12.7402992961609 0.25505307239394 -0.627206843989209
43.0000000000003 24.9223006862588 86.5582595018951 88.352464515057 12.8012379653712 0.259141488856417 -0.28961389765057
43.1000000000003 24.9878015374901 86.5678746707631 88.3314888269848 12.862539927408 0.25841523313223 0.0325213145568739
43.2000000000003 25.0533204388824 86.5775940582641 88.3115582776168 12.9241924468062 0.252912265391342 0.320025286880696
43.3000000000003 25.1188640952755 86.587401662279 88.2926553994841 12.9861800503666 0.243138314042716 0.601079182024547
43.4000000000003 25.1844373442247 86.5972616144412 88.2747454001943 13.0484846589165 0.229818027036444 0.899931576359288
43.5000000000003 25.2500424553128 86.6071216438847 88.2577772650893 13.1110857197008 0.213850659866798 1.24009586958388
43.6000000000004 25.3156787504358 86.6169165409923 88.241684859903 13.1739603387727 0.196306166274738 1.6451698172865
43.7000000000004 25.3813425610293 86.6265716211442 88.22638803342 13.2370834133847 0.178452137474911 2.13454344677285
43.8000000000004 25.4470275048433 86.6360061884655 88.2117937201328 13.3004277643797 0.161793696391365 2.70779149460426
43.9000000000004 25.5127250394337 86.6451369995754 88.1977970429004 13.3639642685815 0.148069806988811 3.31192719875653
44.0000000000004 25.5784252318192 86.6538817273344 88.1842824156058 13.427661991186 0.139078085513501 3.81064816723301
44.1000000000004 25.6441176705121 86.662162394655 88.1711246718663 13.4914883245433 0.136376979084696 4.0058063350638
44.2000000000004 25.709792386281 86.6699080299179 88.1581908711025 13.5554092931177 0.141052846701406 3.74949795041941
44.3000000000004 25.7754406723986 86.677055346466 88.1453438240541 13.6193902802818 0.152543431884443 3.15918725871153
44.4000000000004 25.8410559087445 86.6835486437052 88.1324462956555 13.683396921288 0.168871228119981 2.48245539629192
44.5000000000004 25.9066343554264 86.6893396782667 88.1193652339624 13.7473960026322 0.187625978179258 1.87577186861913
44.6000000000004 25.9721757924404 86.6943875351691 88.1059759990796 13.8113563614163 0.20658928851709 1.37944157758449
44.7000000000004 26.0376838865494 86.6986584989812 88.0921665920872 13.8752497847119 0.223895131928961 0.977690185033359
44.8000000000004 26.1031661846123 86.7021259249839 88.0778418839687 13.9390519089229 0.237994854793589 0.639386688642045
44.9000000000004 26.16863366164 86.7047701103327 88.0629278445375 14.0027431191489 0.247600669238667 0.331823123668996
45.0000000000004 26.234099792393 86.7065781652202 88.0473757713643 14.0663094485484 0.251665744385516 0.0210819672640359
45.1000000000004 26.2995791680589 86.7075438810065 88.0311664553896 14.1297434623441 0.249617819898279 -0.291116689867041
45.2000000000004 26.3650857816132 86.7076675195229 88.0143127003517 14.1930447425366 0.242009545489996 -0.604092857990213
45.3000000000004 26.4306313199305 86.7069554022785 87.9968576634413 14.2562193590276 0.229898202288962 -0.952908096234032
45.4000000000004 26.4962237772671 86.7054194208387 87.9788715497713 14.3192789414518 0.214643486942667 -1.36981032503385
45.5000000000004 26.5618665140318 86.7030765441732 87.9604482435323 14.3822397356504 0.197966917925158 -1.88000488207202
45.6000000000004 26.6275578080145 86.6999483260029 87.9417019391481 14.4451216601449 0.182046825922151 -2.47926787662679
45.7000000000004 26.69329089651 86.6960604121482 87.9227637724308 14.5079473626114 0.169545824278834 -3.08497129228698
45.8000000000004 26.7590544676837 86.6914420478757 87.9037784517364 14.5707412763538 0.163310388317761 -3.49967902400466
45.9000000000004 26.8248335281612 86.6861255852462 87.88490088912 14.6335286767784 0.165489540545802 -3.51430728596981
46.0000000000004 26.890610550532 86.6801459904617 87.8662928314914 14.6963347378671 0.17650073942178 -3.12962344703521
46.1000000000004 26.9563667949044 86.6735403518563 87.8481194884442 14.7591835947785 0.194914990692664 -2.55707597607123
46.2000000000004 27.0220838485725 86.6663474045999 87.8305460736049 14.8220975657505 0.218331622882276 -1.99868729971283
46.3000000000004 27.0877455170575 86.6586070978294 87.8137341264548 14.8850967783833 0.244302174175728 -1.54070770910377
46.4000000000004 27.1533396574898 86.6503601784944 87.7978377476725 14.9481989552249 0.270704715298339 -1.19071971022364
46.5000000000004 27.2188596526767 86.6416477758447 87.7829998311491 15.0114192054823 0.295751958793062 -0.928937756148202
46.6000000000004 27.2843053957615 86.6325109859182 87.7693482960047 15.0747698167339 0.317899652024101 -0.732564654919426
46.7000000000004 27.3496836793168 86.6229904560295 87.7569923186036 15.1382600466416 0.335765613985801 -0.582913811021636
46.8000000000004 27.4150079097033 86.6131259692571 87.7460185645708 15.2018959146623 0.34808244851874 -0.4660478800192
46.9000000000004 27.480297105854 86.6029560289316 87.7364874208072 15.2656799937599 0.353678604852419 -0.371672485086353
47.0000000000004 27.5455741918415 86.5925174431242 87.7284292275056 15.3296112021176 0.351476504789218 -0.291761120565841
47.1000000000004 27.6108636526624 86.5818449086018 87.7218405890395 15.3936846017801 0.340864547016712 -0.225436304855525
47.2000000000004 27.6761887206103 86.5709705809523 87.7166827355401 15.4578913774961 0.322800954773416 -0.169850528125286
47.3000000000004 27.7415686550381 86.5599236095985 87.7128850900689 15.5222192729893 0.298683826672654 -0.116406914728603
47.4000000000004 27.8070167919529 86.548729658981 87.710350886479 15.5866532074287 0.269940971705372 -0.0564115891855513
47.5000000000004 27.8725395305162 86.5374104292087 87.7089628661491 15.6511758988308 0.237997432663292 0.0217402117446584
47.6000000000004 27.9381362103125 86.5259831767101 87.7085889747172 15.71576848746 0.204259118809555 0.136842558108742
47.7000000000004 28.0037997640307 86.5144602348839 87.7090880588151 15.7804111592306 0.170117654152876 0.322980132647158
47.8000000000004 28.0695179868793 86.5028485347496 87.7103155628019 15.8450837691078 0.13698592574627 0.645828575427686
47.9000000000004 28.1352752422301 86.4911491255987 87.7121292254979 15.9097664645094 0.106388035667113 1.23206427768771
48.0000000000004 28.201054420172 86.4793566956454 87.7143947769192 15.9744403087067 0.0801559866727971 2.28562994781728
48.1000000000004 28.2668389689315 86.4674591149314 87.7169915745458 16.0390879000829 0.0604620776912854 3.89125979216635
48.2000000000004 28.3326145884487 86.4554375568446 87.7198166674946 16.1036938836593 0.0489957537599712 5.34827729194302
48.3000000000004 28.3983700234217 86.443268088423 87.7227848699869 16.1682451891518 0.0463588464505018 5.06315439433402
48.4000000000004 28.4640973179345 86.4309238392722 87.7258272627202 16.2327311612955 0.0500988977390957 3.4491144245337
48.5000000000004 28.529791836716 86.4183771927376 87.7288896337742 16.2971436860263 0.0563729592553784 2.02111698724766
48.6000000000004 28.5954521107404 86.4056019770752 87.7319309195174 16.361477316662 0.0625420461555348 1.12256264771596
48.7000000000004 28.6610795416708 86.3925756566243 87.7349216455132 16.425729400084 0.0672158715039134 0.603273357269268
48.8000000000004 28.726677990908 86.3792815229783 87.7378423674264 16.4899002029185 0.0696254209959573 0.318288209338892
48.9000000000004 28.7922532744013 86.3657108861571 87.7406821119298 16.5539930377181 0.0692567526601611 0.189365074891533
49.0000000000004 28.8578125837734 86.3518652657785 87.7434368176099 16.6180143891432 0.0656944908580168 0.193229549616176
49.1000000000004 28.9233638574495 86.3377585483474 87.7461077917667 16.681974031895 0.0586987638355887 0.272692368639783
49.2000000000004 28.9889151331982 86.3234182636045 87.7487005804311 16.7458849341943 0.0485844702941013 0.37735497837588
49.3000000000004 29.0544739398665 86.3088846246389 87.7512248873186 16.8097626168771 0.0358210030169556 0.580492876293641
49.4000000000004 29.1200467883356 86.2942086870603 87.753694906003 16.8736242980344 0.0209832578554449 1.32022412682741
49.5000000000004 29.1856387778978 86.2794504742886 87.756129667981 16.9374880294054 0.00649475492786236 11.8674818009678
49.6000000000004 29.2512533133922 86.2646771028432 87.7585533907378 17.0013718327696 0.0163592871269136 2.33150790733504
49.7000000000004 29.3168919193183 86.2499609076332 87.7609958258133 17.0652928363393 0.0354175023839876 0.871317162003651
49.8000000000004 29.3825541307249 86.2353775672461 87.7634926068666 17.1292664111522 0.055631924742942 0.668711214116391
49.9000000000004 29.4482374367315 86.2210042292385 87.7660855977419 17.1933053074637 0.0764002471691073 0.640216896332716
50.0000000000004 29.5139372510568 86.2069176354246 87.7688232405344 17.2574187911394 0.0974143102616384 0.663953622306616
50.1000000000004 29.5796468939149 86.1931922490043 87.7717608902275 17.3216117903405 0.118442586735845 0.688707515277879
50.2000000000004 29.6453577896818 86.1798984294684 87.7749608002176 17.3858843098235 0.139228438525755 0.701151985416143
50.3000000000004 29.7110602178215 86.1671007287888 87.7784912216262 17.4502315245686 0.159487051595898 0.713346916506283
50.4000000000004 29.7767442234634 86.1548562353866 87.7824251534977 17.5146441410231 0.178921460510786 0.73122883482106
50.5000000000004 29.8424004322435 86.1432129199384 87.786839079571 17.5791087686368 0.197230825292173 0.758434265496552
50.6000000000004 29.9080207348763 86.1322079811822 87.7918117050496 17.6436082913982 0.214120564813589 0.797843978741319
50.7000000000005 29.9735988202564 86.1218661917234 87.7974226933729 17.7081222393702 0.229315684993076 0.852319415916843
50.8000000000005 30.0391305423173 86.1121982438408 87.8037514029871 17.7726271602261 0.242578974844328 0.925110700593789
50.9000000000005 30.1046141147122 86.1031990952927 87.8108756241156 17.8370969907852 0.253736142294922 1.02008904594025
51.0000000000005 30.1700501388334 86.0948463151229 87.8188703155302 17.901503428549 0.262710524082209 1.1417987050247
51.1000000000005 30.2354414828005 86.0870984800187 87.8278063423976 17.9658163070481 0.269685128957609 1.2595227472153
51.2000000000005 30.3007930090659 86.0798948850206 87.8377492420918 18.03000407029 0.275362231290822 1.33710169127882
51.3000000000005 30.3661112111716 86.0731585906621 87.8487580609974 18.0940344987669 0.280369442100078 1.37105028980021
51.4000000000005 30.4314039616576 86.066800784462 87.8608842192794 18.1578755345642 0.285053542021757 1.35980583070542
51.5000000000005 30.496680392673 86.0607251929676 87.874170376728 18.2214961102795 0.289446054663309 1.30521699787229
51.6000000000005 30.5619508297067 86.0548324937992 87.8886492986041 18.2848669779427 0.293265750375742 1.21226701620896
51.7000000000005 30.6272266841212 86.0490247276931 87.9043427214842 18.3479615379357 0.29595683400074 1.08736984041625
51.8000000000005 30.6925202098251 86.0432097105458 87.9212602191053 18.4107566679114 0.296752630329589 0.935998759502708
51.9000000000005 30.7578440410513 86.0373054454575 87.9393980682104 18.4732335517139 0.294751411527684 0.760248750524935
52.0000000000005 30.8232104517947 86.0312445347762 87.9587381143937 18.5353785082978 0.288994383994682 0.556265060568402
52.1000000000005 30.8886303153356 86.0249785346598 87.9792466728869 18.5971838059412 0.278768909696447 0.348476768551342
52.2000000000005 30.9541118773687 86.0184808151281 88.0008743378284 18.6586480940796 0.264392358764873 0.155135970740914
52.3000000000005 31.0196597228241 86.0117456263561 88.0235580976794 18.7197758644877 0.246593062969881 -0.0421932143314159
52.4000000000005 31.0852741560957 86.0047856704558 88.0472243591222 18.7805765300823 0.226241816812966 -0.262427631917736
52.5000000000005 31.1509510210336 85.9976296157779 88.0717920059002 18.8410634890182 0.204328322385981 -0.52691727056613
52.6000000000005 31.2166819555152 85.9903196112125 88.0971754576576 18.9012531887844 0.181968363305757 -0.859488173381255
52.7000000000005 31.2824550421186 85.9829088004906 88.1232877287794 18.9611641903004 0.160436358861389 -1.28028286733151
52.8000000000005 31.3482557917679 85.9754588364851 88.1500434872317 19.0208162320121 0.141202114066533 -1.78345309135494
52.9000000000005 31.4140683821685 85.9680373955115 88.1773621134008 19.0802292939879 0.125898659492801 -2.28900115513196
53.0000000000005 31.4798770664929 85.9607156916296 88.2051707589341 19.1394226620149 0.116064725607737 -2.60287003716758
53.1000000000005 31.5456676592595 85.953566006475 88.2334073642764 19.1984140022058 0.112433407342395 -2.57309292847048
53.2000000000005 31.6114287686669 85.946659622879 88.2620226023351 19.2572187088793 0.11422440443799 -2.2636173543207
53.3000000000005 31.6771522746215 85.9400657834931 88.2909790961595 19.3158499461383 0.120000945448035 -1.82736724626056
53.4000000000005 31.7428333905316 85.9338510532017 88.320249562749 19.3743189627217 0.128286078183251 -1.40285609773547
53.5000000000005 31.808470567988 85.9280786970652 88.3498149155572 19.432635417367 0.137848156725586 -1.05562390864534
53.6000000000005 31.8740652700837 85.9228080582634 88.3796623669969 19.4908077041727 0.147753745535986 -0.798189856804039
53.7000000000005 31.9396216221088 85.9180939360388 88.4097835309444 19.548843277961 0.157307024712969 -0.621067674329397
53.8000000000005 32.005145943538 85.9139859636396 88.4401725252445 19.6067489796401 0.165973775007154 -0.510242075130247
53.9000000000005 32.0706461627972 85.9105279862633 88.4708240742149 19.6645313615673 0.173325371541565 -0.45390295788292
54.0000000000005 32.1361311161565 85.9077574389998 88.5017316111509 19.7221970129109 0.179006675393505 -0.444337618926818
54.1000000000005 32.2016097399873 85.9057047359093 88.5328854065464 19.7797528781312 0.18281220767407 -0.45380089452351
54.2000000000005 32.2670903168555 85.9043929486031 88.5642713649422 19.837206396532 0.184928258275243 -0.456314313644866
54.3000000000005 32.3325800746641 85.9038382197161 88.5958715190576 19.8945651876069 0.185623453808447 -0.44982311395881
54.4000000000005 32.398084979267 85.9040504658817 88.6276651925495 19.9518365574569 0.185150138959535 -0.431868489462178
54.5000000000005 32.4636095930557 85.9050340918421 88.659630188488 20.0090269983258 0.183741353734601 -0.399610866121827
54.6000000000005 32.5291569951691 85.9067887045574 88.6917439778311 20.0661416881355 0.181609572353577 -0.349870541342581
54.7000000000005 32.594728761552 85.9093098273163 88.7239848879007 20.1231839900218 0.178948117954355 -0.279196870663871
54.8000000000005 32.6603250012871 85.9125896138455 88.7563332908577 20.1801549518694 0.175936347744917 -0.183988697791207
54.9000000000005 32.7259444450741 85.9166175624195 88.7887727921773 20.2370528058478 0.172749834171967 -0.0607194409797294
55.0000000000005 32.7915845823992 85.9213812299707 88.8212914191242 20.2938724679464 0.169576775076144 0.0936203231356313
55.1000000000005 32.8572418456079 85.9268669426183 88.8538827876012 20.3506050500276 0.166607053254045 0.249880297902608
55.2000000000005 32.922911834394 85.9330604130906 88.8865467066918 20.4072376973286 0.163939101480883 0.375158875481812
55.3000000000005 32.9885895574637 85.9399471218016 88.9192883558116 20.4637542521039 0.16165103451262 0.465823694948138
55.4000000000005 33.0542696814221 85.9475126048213 88.9521168995548 20.5201362427176 0.159801894961882 0.518469969383832
55.5000000000005 33.1199467866698 85.9557427382641 88.9850440809132 20.5763638852524 0.158407532225923 0.530596168111504
55.6000000000005 33.1856156251306 85.9646240226788 89.0180828144954 20.6324170851184 0.157426462225596 0.501078011926395
55.7000000000005 33.2512713719227 85.9741438674369 89.0512457797458 20.6882764386629 0.15675735743071 0.430141045376468
55.8000000000005 33.3169098621012 85.9842908751222 89.0845440141633 20.7439242347794 0.156248594054152 0.318749634789618
55.9000000000005 33.3825278041993 85.9950551259198 89.1179855065211 20.7993454565167 0.155719074013212 0.167582441986505
56.0000000000005 33.4481229644918 86.006428462005 89.1515737900852 20.8545287826878 0.154989206160086 -0.0240715934789476
56.1000000000005 33.5136943180512 86.0184047624388 89.1853065588596 20.9094675754152 0.153928310446856 -0.219528389735919
56.2000000000005 33.5792421283941 86.0309799712198 89.2191748825064 20.9641605019982 0.152503182657211 -0.381629744299327
56.3000000000005 33.6447679008204 86.0441514987348 89.253163940979 21.0186112285234 0.150732314044313 -0.511344986813931
56.4000000000005 33.7102742888322 86.0579173763665 89.2872543578304 21.0728277477983 0.148641470655292 -0.608890347943353
56.5000000000005 33.7757649994097 86.0722754016074 89.3214235565473 21.1268216932198 0.146234520838467 -0.674067970970353
56.6000000000005 33.8412446968881 86.087222283173 89.3556471168845 21.1806076526439 0.143472497978682 -0.706658434023313
56.7000000000005 33.9067188999931 86.102752786116 89.3899001311992 21.2342024822539 0.140260911910353 -0.706608345047221
56.8000000000005 33.9721938647248 86.1188588769397 89.4241585607849 21.2876246204301 0.13644527920287 -0.673808074453078
56.9000000000005 34.0376764455439 86.1355288687115 89.4584005922057 21.3408934016179 0.131814425936966 -0.607287791038398
57.0000000000005 34.1031739287341 86.152746566177 89.4926079936311 21.3940283701976 0.12611076505344 -0.503594806747392
57.1000000000005 34.1686938298457 86.1704904420055 89.5267674446012 21.4470485948451 0.119201734642882 -0.395178385510032
57.2000000000005 34.2342435393857 86.1887336224688 89.5608711750268 21.4999719957035 0.111581587948269 -0.314220161422099
57.3000000000005 34.2998296822909 86.2074459278355 89.5949158507014 21.5528147040677 0.103934649740983 -0.256761044819909
57.4000000000005 34.365457460666 86.2265967221978 89.6289007680474 21.6055904348796 0.0969652586142849 -0.222257032028708
57.5000000000005 34.4311301047237 86.2461577944311 89.6628260222935 21.6583098597147 0.0913876962896694 -0.211738038180626
57.6000000000005 34.4968484183096 86.266106239153 89.6966906756525 21.7109799797699 0.0879298920654714 -0.224522784522519
57.7000000000006 34.562610403495 86.2864273376829 89.7304909254988 21.7636034988502 0.0873507528149073 -0.253938378015065
57.8000000000006 34.6284109585778 86.3071174390004 89.7642182725463 21.8161781963559 0.090460593650412 -0.285673957875642
57.9000000000006 34.6942416601389 86.3281868407057 89.7978576890258 21.8686963002699 0.0981231930310611 -0.303282822512238
58.0000000000006 34.7600906625942 86.3496626699779 89.8313857868628 21.9211438601451 0.111228895912875 -0.298102578664556
58.1000000000006 34.8259427878169 86.3715916986418 89.8647690163492 21.973500140449 0.130314039493575 -0.270715538733295
58.2000000000006 34.8917801266451 86.3940414450245 89.8979626576608 22.0257375432158 0.154498544088479 -0.238334600624312
58.3000000000006 34.9575835048859 86.4170969268931 89.9309118249822 22.0778228743227 0.182525697823833 -0.214235586726205
58.4000000000006 35.0233342855497 86.4408557011827 89.9635532634781 22.1297191390735 0.213129470058446 -0.201515076389526
58.5000000000006 35.08901616406 86.4654228378315 89.9958171767581 22.1813873581388 0.245035545354449 -0.199669723810042
58.6000000000006 35.1546168278941 86.4909058936159 90.0276290543417 22.232788383498 0.276951746897228 -0.207738803597872
58.7000000000006 35.2201293304613 86.5174098859856 90.0589114991232 22.2838847143796 0.307560095289504 -0.225397664345336
58.8000000000006 35.2855530122123 86.5450322668989 90.0895860548369 22.3346423132029 0.33551759670464 -0.253317315417261
58.9000000000006 35.3508938018435 86.5738578966576 90.1195750335219 22.3850324215186 0.359469797864761 -0.293416488239219
59.0000000000006 35.4161637491591 86.6039540177424 90.1488033429869 22.4350333759501 0.378079200199218 -0.349300643438922
59.1000000000006 35.4813796896221 86.6353652962243 90.1772003075125 22.4846323969115 0.390373110074938 -0.409017287381629
59.2000000000006 35.5465612666627 86.6681106201731 90.2047013127122 22.5338266695252 0.396667645951598 -0.459501817943384
59.3000000000006 35.6117290890779 86.7021843581315 90.2312490040304 22.5826226278165 0.397604857746206 -0.502715798141584
59.4000000000006 35.6769032158131 86.7375593745854 90.2567943093983 22.6310345311073 0.393824776120702 -0.539064177299117
59.5000000000006 35.7421019257583 86.7741901130114 90.2812974551287 22.6790830131873 0.385945003685373 -0.567841264897946
59.6000000000006 35.8073408173607 86.8120156789239 90.3047289818092 22.7267936314848 0.37453824385379 -0.587378800815733
59.7000000000006 35.8726322568787 86.8509629229222 90.3270707601963 22.7741954162379 0.360110063975316 -0.595006040492611
59.8000000000006 35.9379851676913 86.8909495237377 90.348317007109 22.8213194196653 0.343079217968663 -0.586827765894347
59.9000000000006 36.0034051342197 86.9318870712811 90.3684753013229 22.8681972651372 0.323762933854619 -0.55723290593489
60.0000000000006 36.0688947830062 86.9736841496899 90.3875675994637 22.9148596963467 0.30237003151112 -0.497903455201835
60.1000000000006 36.1344543857705 87.0162494055374 90.4056312155101 22.9613351337795 0.279100695969931 -0.419767297901482
60.2000000000006 36.2000822977441 87.0594942302695 90.422718854125 23.0076484209709 0.254491674333334 -0.335781972122887
60.3000000000006 36.265774713458 87.1033344633673 90.4388962421678 23.0538200525251 0.229210747928237 -0.235615707333338
60.4000000000006 36.3315253903774 87.1476917097378 90.4542388140351 23.0998655919212 0.20396372896181 -0.10497123866524
60.5000000000006 36.3973256717907 87.1924946422653 90.4688283606111 23.1457950966181 0.179498099162664 0.0760625625580822
60.6000000000006 36.4631647601109 87.2376803043644 90.4827496782165 23.1916125431602 0.156625849958979 0.333148075718429
60.7000000000006 36.529030173252 87.2831954125318 90.4960872175591 23.2373152522817 0.136270844273298 0.690999603447087
60.8000000000006 36.5949083203255 87.3289976588986 90.5089217326829 23.2828933140125 0.11953659033263 1.14723296956098
60.9000000000006 36.6607851433633 87.3750570137826 90.5213269299185 23.328329012783 0.107746630002255 1.61518797660668
61.0000000000006 36.7266467889138 87.421357028241 90.5333661168321 23.3735962525292 0.10232206858265 1.88445891160563
61.1000000000006 36.7924802953611 87.4678961019294 90.5450888912234 23.4186600046137 0.104123208731815 1.76902542262874
61.2000000000006 36.8582742575161 87.5146878489629 90.5565288713516 23.4634763489568 0.112327483000437 1.37036268951777
61.3000000000006 36.9240193548412 87.5617591740824 90.5677040692839 23.5079940210091 0.125448728044855 0.908518163658783
61.4000000000006 36.9897087610083 87.6091474468228 90.5786183054733 23.5521565519337 0.142021903291781 0.514485868800632
61.5000000000006 37.0553384827345 87.656897640988 90.589262663383 23.595904431605 0.160787699942365 0.218614281910186
61.6000000000006 37.1209076216828 87.7050594741256 90.5996169441122 23.6391772716068 0.180675009303254 0.00587258606905737
61.7000000000006 37.1864185261768 87.7536845470024 90.6096511210207 23.6819159682309 0.200731038198664 -0.148480348026312
61.8000000000006 37.2518767818223 87.8028234830796 90.6193267943539 23.7240648654751 0.220068196233356 -0.266378699912608
61.9000000000006 37.3172909807054 87.8525230679872 90.628598645868 23.7655739180423 0.237838662917321 -0.364885335376674
62.0000000000006 37.3826722079524 87.9028233890002 90.637415893455 23.8064008543381 0.253231173492598 -0.457372905422097
62.1000000000006 37.4480331986894 87.9537550045035 90.645723740097 23.8465133129579 0.265658436573488 -0.543763030940287
62.2000000000006 37.5133873082234 88.0053368932159 90.6534646753921 23.8858902898682 0.27528067504686 -0.619594695739919
62.3000000000006 37.5787476934786 88.0575763827999 90.6605794028349 23.9245218358136 0.282453130704982 -0.688021887392214
62.4000000000006 37.6441266505862 88.110469858229 90.6670076196685 23.9624080644178 0.287539234027168 -0.750446941900573
62.5000000000006 37.7095350153302 88.1640035001456 90.6726887910656 23.999558133774 0.290901744314371 -0.807177736590443
62.6000000000006 37.7749816420814 88.2181540232198 90.6775629243105 24.0359892280345 0.29289320296659 -0.857800092878669
62.7000000000006 37.8404729728132 88.272889414507 90.6815713429794 24.0717255390001 0.293845800278571 -0.901430407784432
62.8000000000006 37.9060126991183 88.3281696718063 90.6846574611227 24.1067972477107 0.294061061228151 -0.936926148589626
62.9000000000006 37.9716015127252 88.3839475420187 90.6867675574457 24.1412395060345 0.29379996468605 -0.963086571916857
63.0000000000006 38.0372369339325 88.4401692595052 90.6878515494904 24.1750914182578 0.293274254501146 -0.9788472187697
63.1000000000006 38.1029132085185 88.4967752886655 90.68786375904 24.2083950270282 0.292672231761432 -0.987366880307272
63.2000000000006 38.1686214046847 88.5537011762449 90.6867634493409 24.2411944124686 0.29225646511927 -0.990464640953365
63.3000000000006 38.2343499553269 88.6108786821837 90.684514783088 24.2735350785755 0.292266824246815 -0.985574533967279
63.4000000000006 38.3000854311839 88.6682370201947 90.681086552227 24.305463452789 0.29287801257379 -0.970688632445749
63.5000000000006 38.365813389973 88.7257041025618 90.6764518989803 24.3370263899159 0.294190877411703 -0.944527877583819
63.6000000000006 38.4315192784591 88.7832077849377 90.6705880368728 24.3682706760519 0.296227751847831 -0.906622062553647
63.7000000000006 38.4971893691912 88.8406771111422 90.6634759717579 24.3992425325053 0.298932482303489 -0.857259153456313
63.8000000000006 38.5628117132013 88.8980435579604 90.6551002228429 24.429987119719 0.302175182868817 -0.797306552933032
63.9000000000006 38.6283770899455 88.955242279941 90.6454485437154 24.4605480411941 0.305761158261772 -0.727946466350811
64.0000000000006 38.6938799361622 89.0122133541941 90.6345116433687 24.4909668474124 0.309443087937092 -0.650386453323596
64.1000000000006 38.759319223519 89.068903011648 90.6222829127645 24.5212825399715 0.312926615696942 -0.570245306365624
64.2000000000006 38.8246989506857 89.1252645162319 90.608758295349 24.5515310812452 0.315879781488258 -0.492802928219859
64.3000000000006 38.8900277187048 89.1812581503297 90.5939365229893 24.5817449180678 0.318003114224358 -0.418145647640823
64.4000000000006 38.9553178809245 89.2368508481598 90.5778194958633 24.6119525109422 0.31904204883923 -0.345866739768182
64.5000000000006 39.0205845893552 89.2920158156139 90.5604126678863 24.6421778634621 0.318784949480522 -0.275183100198035
64.6000000000006 39.0858447615726 89.3467321500947 90.5417254321382 24.6724400517327 0.31706181590696 -0.20499154266326
64.7000000000006 39.1511159821182 89.4009844603548 90.5217715062894 24.7027527537923 0.313743637027222 -0.133867908514087
64.8000000000006 39.2164153545472 89.4547624863351 90.500569318028 24.7331237790337 0.308742389478197 -0.0600095645915348
64.9000000000006 39.2817583220693 89.5080607190027 90.4781423904863 24.7635545976252 0.302011863829072 0.0188841412329416
65.0000000000006 39.3471574759703 89.5608780201896 90.4545197276674 24.7940398699323 0.293549845357565 0.105806725243988
65.1000000000006 39.4126213823305 89.6132172400248 90.4297361836444 24.8245669898202 0.283477506557317 0.196979327280678
65.2000000000006 39.4781537231439 89.6650847717957 90.4038324098426 24.8551159888758 0.272254915319447 0.287040555067745
65.3000000000006 39.5437532631322 89.7164899479799 90.376853731302 24.8856603568077 0.260426994346966 0.376227091549269
65.4000000000006 39.609414291972 89.7674443737059 90.3488486010231 24.9161682227653 0.248533837582119 0.46307126034298
65.5000000000006 39.675127272018 89.8179612578085 90.3198670380848 24.9466035505399 0.237098188480093 0.543983035177462
65.6000000000005 39.7408796558877 89.8680547438829 90.2899590657628 24.9769273337645 0.226610090242296 0.61294052873666
65.7000000000005 39.8066568461386 89.9177392413399 90.2591731496474 25.0070987911155 0.217507474786586 0.661621191871542
65.8000000000005 39.8724432690474 89.9670287564607 90.2275546357618 25.0370765615122 0.210153772383314 0.680343800227742
65.9000000000005 39.9382235362352 90.0159362234513 90.1951441886804 25.0668198993182 0.204817298058928 0.659960184009284
66.0000000000005 40.0039836712746 90.0644728354977 90.1619762296465 25.0962898695419 0.201660796629372 0.594288749596905
66.1000000000005 40.0697123715988 90.1126473875596 90.1280774014395 25.125450528419 0.200653225784178 0.504977689940965
66.2000000000005 40.1354019931716 90.1604659243781 90.0934657287099 25.1542697239276 0.201344791686457 0.421572638871262
66.3000000000005 40.2010487212436 90.2079321632592 90.0581515437342 25.1827189315184 0.203241284683125 0.351210086454895
66.4000000000005 40.2666523265262 90.2550482220709 90.0221391076375 25.2107727097756 0.205905570674947 0.29833006986529
66.5000000000005 40.3322157967924 90.3018153589793 89.9854282583658 25.238408141462 0.208946945873279 0.265256673789546
66.6000000000005 40.3977448643478 90.348234712185 89.9480160586573 25.2656042745623 0.212010809200495 0.252990414203213
66.7000000000005 40.46324743423 90.3943080396596 89.9098984440141 25.2923415633275 0.21477166928473 0.261971762628488
66.8000000000005 40.5287329158199 90.4400384588817 89.8710718706744 25.3186013093189 0.216931021190885 0.292734575554737
66.9000000000005 40.594211460292 90.4854311865734 89.8315349635839 25.344365102452 0.218220758987317 0.34645850555712
67.0000000000005 40.6596931078902 90.5304942784365 89.7912901643677 25.3696142620411 0.218412625769011 0.425464798357203
67.1000000000005 40.7251868593526 90.5752393544116 89.7503453551559 25.394329282883 0.217425168839359 0.513976921239017
67.2000000000005 40.790699869635 90.6196819475319 89.7087148546164 25.4184894123906 0.215587504787008 0.593148050894838
67.3000000000005 40.8562371279463 90.6638408972865 89.666418820358 25.4420725603898 0.213321280124191 0.660550822977861
67.4000000000004 40.9218014223004 90.7077373665777 89.6234820235401 25.4650553399636 0.211029886874808 0.712324990277519
67.5000000000004 40.9873934219446 90.751393844202 89.5799325993366 25.4874131133391 0.20908288595877 0.743708743822746
67.6000000000004 41.0530118611729 90.7948331473301 89.5358007974001 25.5091200377718 0.207800374862493 0.749833389677636
67.7000000000004 41.1186538119906 90.8380774239881 89.4911177323253 25.5301491114323 0.207439606254506 0.726706531498963
67.8000000000004 41.1843150317484 90.8811471555375 89.4459141341134 25.550472219291 0.208187015475428 0.672148599525879
67.9000000000004 41.2499903719655 90.9240601591561 89.4002190986357 25.5700601790047 0.210158719602034 0.586378665974727
68.0000000000004 41.3156742360343 90.9668305903186 89.3540588380977 25.5888827868012 0.213411226224635 0.472050279454167
68.1000000000004 41.3813610732406 91.0094679511112 89.3074554435934 25.6069088697777 0.217906758112982 0.341889361037642
68.2000000000004 41.4470458225171 91.0519762502479 89.2604259620096 25.6241065049053 0.223384101892765 0.209531672106306
68.3000000000004 41.5127241437651 91.0943535481698 89.2129822708962 25.6404436612162 0.229560553484876 0.0789335452891521
68.4000000000004 41.5783925139146 91.1365916538462 89.1651312676871 25.6558890086985 0.236197784576408 -0.0478560822972406
68.5000000000004 41.6440482582727 91.1786758274094 89.116875071011 25.6704127336018 0.243105804456632 -0.170202197619068
68.6000000000004 41.7096895250811 91.22058448279 89.0682112220018 25.6839873537445 0.250145139358025 -0.288374569600222
68.7000000000004 41.7753152094761 91.2622888903517 89.0191328856104 25.6965885338199 0.257228715218353 -0.403111392614468
68.8000000000004 41.840924834645 91.3037528795264 88.9696290519147 25.7081959007023 0.264324350560564 -0.5152698642949
68.9000000000004 41.9065184000321 91.3449325414496 88.9196847374312 25.7187938587539 0.271458242598185 -0.625544195985689
69.0000000000004 41.9720962089557 91.3857759315949 88.8692811864257 25.7283724051311 0.278719382232017 -0.734225218234672
69.1000000000004 42.0376586925989 91.4262227914984 88.8183960821751 25.7369279267868 0.286282363212839 -0.820336003830562
69.2000000000003 42.1032062928955 91.466204766792 88.7670040169555 25.7444635215699 0.294404295836751 -0.864548537289598
69.3000000000003 42.1687395042689 91.505646885099 88.715077618797 25.7509881112631 0.303250249041078 -0.86996110019144
69.4000000000003 42.234259019419 91.5444695302397 88.6625889369642 25.7565150787177 0.312839230260137 -0.840969751634407
69.5000000000003 42.299765907946 91.5825904355254 88.6095108373882 25.7610608866845 0.323041876117576 -0.783003763180495
69.6000000000003 42.3652617818281 91.6199266770532 88.5558183980978 25.7646436966441 0.333595973501501 -0.701790660990545
69.7000000000003 42.4307488987558 91.656396666999 88.5014903046517 25.7672819876383 0.344134569440792 -0.602511188587217
69.8000000000003 42.4962301539532 91.691922146913 88.4465102455705 25.7689931751006 0.354221123506537 -0.489117891481202
69.9000000000003 42.5617089149995 91.7264301810131 88.3908683077674 25.7697922296867 0.36338750191177 -0.363921438730469
70.0000000000003 42.627188662343 91.7598551494791 88.3345623719812 25.769690296106 0.371172788346036 -0.227406344920601
70.1000000000003 42.6926724208549 91.7921407178382 88.2775994824183 25.768693342141 0.37721400580517 -0.102871207701361
70.2000000000003 42.7581622372642 91.8232411847092 88.219996545884 25.7668015925929 0.381429806908838 -0.0106104481912576
70.3000000000003 42.8236591868687 91.8531212515391 88.1617793288463 25.7640109557267 0.383847797161735 0.0534654694586185
70.4000000000003 42.8891636031952 91.8817551706979 88.1029807839871 25.7603152346426 0.38451144647674 0.0919069266326834
70.5000000000003 42.9546753124356 91.909125869666 88.0436393509657 25.7557083688353 0.383450990420402 0.105993002742576
70.6000000000003 43.0201938717617 91.93522407522 87.9837972571809 25.750186675754 0.38066688731133 0.0958847713052251
70.7000000000003 43.0857188117281 91.9600474376196 87.9234988185346 25.743751092363 0.37612413850273 0.0606278908346304
70.8000000000003 43.1512498787687 91.9835996547942 87.862788740194 25.7364094167008 0.369757099680142 -0.00202043396128192
70.9000000000002 43.2167872741947 92.0058895965289 87.8017104173549 25.7281785494407 0.361485671572712 -0.0959673056443647
71.0000000000002 43.2823318911064 92.0269304286514 87.7403042360044 25.7190867354503 0.351245403919436 -0.227387687016986
71.1000000000002 43.3478855470134 92.0467387378718 87.6786058948661 25.7091757622698 0.339122059698692 -0.378461005175295
71.2000000000002 43.4134509193309 92.0653336736028 87.6166452780821 25.6985020384563 0.325648189062273 -0.526681595461182
71.3000000000002 43.4790307862245 92.082736132887 87.5544467259225 25.6871348285133 0.311519135264684 -0.671137173424743
71.4000000000002 43.5446272290543 92.0989679623045 87.4920298562306 25.6751533676864 0.297466156384704 -0.807359341502205
71.5000000000002 43.6102411317243 92.1140511605343 87.4294104070512 25.6626439336776 0.2842114264745 -0.926748857991882
71.6000000000002 43.675871952053 92.1280070809149 87.3666010792592 25.6496969183589 0.272414204630214 -1.01672506159405
71.7000000000002 43.741517713561 92.1408556340056 87.3036123791878 25.6364038994863 0.26260955613044 -1.06230911755256
71.8000000000002 43.8071751585493 92.1526144901476 87.240453461256 25.6228547124138 0.255149176524649 -1.04936990535757
71.9000000000002 43.8728400013219 92.1632982820249 87.1771329705979 25.6091345218072 0.250162423888044 -0.968583635146491
72.0000000000002 43.9385072237675 92.1729178072253 87.1136598856901 25.5953208933583 0.247557995434376 -0.81810497224761
72.1000000000002 44.0041713680715 92.1814792458307 87.0500443520736 25.5814808970115 0.247017558960827 -0.632164379105831
72.2000000000002 44.0698268832873 92.1889837687551 86.9862982845042 25.567669029529 0.247953873367503 -0.450159106671693
72.3000000000002 44.1354686209128 92.1954281379849 86.9224353812675 25.5539272169151 0.249825902320866 -0.280250368860708
72.4000000000002 44.2010922816625 92.2008056975672 86.8584709069234 25.5402856361779 0.252207057510877 -0.126613554485001
72.5000000000002 44.2666947331741 92.2051073796274 86.7944214661426 25.526763568605 0.254766454991643 0.00937925336142563
72.6000000000002 44.3322742193758 92.2083227103862 86.730304777545 25.5133702530381 0.25724635224494 0.128088282550046
72.7000000000001 44.3978304797632 92.2104408161775 86.6661394475363 25.5001057391488 0.259440515258886 0.230842235282382
72.8000000000001 44.4633647912153 92.2114514294655 86.6019447441457 25.4869617407133 0.261175786850832 0.319471229173225
72.9000000000001 44.5288799404124 92.2113458948622 86.5377403708632 25.473922488888 0.262297606469652 0.396059752022495
73.0000000000001 44.594380131386 92.2101181751445 86.4735462404769 25.4609655854844 0.262659454503829 0.462844006984837
73.1000000000001 44.6598708268596 92.2077658449567 86.4093822534243 25.4480628531449 0.262174019299195 0.525390624529371
73.2000000000001 44.725358446315 92.2042907643125 86.3452681935039 25.4351811049334 0.260991126480913 0.587496027547493
73.3000000000001 44.7908498369082 92.1996989392832 86.2812239215007 25.4222827093625 0.259333148546239 0.648453196940052
73.4000000000001 44.8563517131519 92.1940000624856 86.2172696861724 25.4093260748358 0.257434491738335 0.707023840678741
73.5000000000001 44.9218701638704 92.1872070412553 86.153426439749 25.3962661309904 0.25553645248672 0.761444767439287
73.6000000000001 44.9874102305392 92.1793355258192 86.0897161534333 25.38305481004 0.253881110378255 0.809488719525189
73.7000000000001 45.0529755556752 92.170403437469 86.0261621329001 25.3696415281168 0.252704311591506 0.848607473123486
73.8000000000001 45.1185680983245 92.1604304967332 85.9627893337963 25.3559736666149 0.252228040478259 0.876170780102465
73.9000000000001 45.1841879123874 92.1494377515507 85.8996246772409 25.3419970535327 0.252652777097011 0.889786861593909
74.0000000000001 45.2498329825559 92.1374471054437 85.8366973653248 25.3276564448156 0.254150721324641 0.887654170986926
74.1000000000001 45.3154991196169 92.1244808503245 85.7740391871294 25.3128960081713 0.256825159678982 0.868155043080322
74.2000000000001 45.381180094421 92.110561319798 85.7116845782325 25.2976598711787 0.260590446388445 0.832669012015526
74.3000000000001 45.4468682757624 92.0957108483343 85.6496700544516 25.2818928326021 0.265264130179709 0.784945183938482
74.4 45.5125554221568 92.0799518509371 85.5880333990745 25.2655411379989 0.270609421516316 0.728843599114643
74.5 45.5782334169221 92.0633069074451 85.5268128406086 25.2485532577999 0.276346576841182 0.667870463640269
74.6 45.6438949247429 92.0457988468349 85.4660462305299 25.2308806653893 0.282164187650334 0.604885843130226
74.7 45.7095339561075 92.0274508315226 85.4057702210328 25.2124786151857 0.28772919907808 0.541986995333705
74.8 45.7751463269616 92.0082864416663 85.3460194427792 25.1933069207217 0.292695215409955 0.48052241144971
74.9 45.8407300024435 91.9883297594683 85.2868256826479 25.173330732725 0.296709191711324 0.421176875746906
75 45.9062853157918 91.9676054534769 85.2282170614834 25.1525213171981 0.29941689271751 0.364075105288657
75.1 45.9718150516642 91.9461388574065 85.1702172217981 25.1308568270557 0.300524771835479 0.308570959268803
75.2 46.0373242773 91.9239559064113 85.1128447742213 25.108322906234 0.299979711815634 0.252778162804167
75.3 46.1028197858701 91.9010827115124 85.0561134007749 25.0849128685396 0.297805956078749 0.194630572755315
75.4 46.1683094218818 91.8775449914796 85.0000322168961 25.0606277089695 0.294048696495566 0.131996191295554
75.5 46.2338014347908 91.8533674992301 84.9446061434132 25.0354761085893 0.288774739919909 0.0625361997521512
75.6 46.2993038764665 91.8285734482277 84.8898362785213 25.0094744394104 0.282074490996345 -0.0164433697826455
75.7 46.3648240525551 91.8031839388815 84.8357202697571 24.9826467692679 0.27406571479076 -0.108149468213966
75.8 46.430368037332 91.7772173849451 84.782252685975 24.9550248666978 0.264899852045567 -0.216457694212757
75.9 46.4959402612552 91.7506889399154 84.7294253893221 24.9266482058144 0.254772016997973 -0.346022585261364
76 46.5615431802142 91.7236099234318 84.6772279072137 24.8975639711885 0.243936183206253 -0.502230626159776
76.1 46.6271770379427 91.6959872592307 84.6256478029146 24.8678270489664 0.232731990558058 -0.674241555166429
76.1999999999999 46.692839793017 91.6678232135451 84.5746710098606 24.8374996602805 0.221592967179128 -0.845720441346159
76.2999999999999 46.7585273194455 91.6391158961746 84.524282073939 24.8066500866307 0.210976207634166 -1.01140555586201
76.3999999999999 46.8242337801414 91.6098600619995 84.4744643595105 24.7753510375555 0.201319910459633 -1.16200237412865
76.4999999999999 46.8899520932454 91.5800479240516 84.4252002540357 24.7436780045467 0.193002104414988 -1.28466912994199
76.5999999999999 46.9556744637601 91.5496699665841 84.3764713727022 24.7117076149626 0.186291570276714 -1.3651859188096
76.6999999999999 47.0213929522433 91.5187157581425 84.3282587630518 24.6795159859424 0.181299365411628 -1.3917064066334
76.7999999999999 47.0871000508046 91.4871747646341 84.2805431096072 24.6471770783202 0.177945116390293 -1.35861820046933
76.8999999999999 47.1527892367046 91.4550371623991 84.2333049384992 24.6147610505383 0.175951621164906 -1.26825492508687
76.9999999999999 47.2184554754799 91.4222946512806 84.1865248220933 24.5823326125616 0.174872052126675 -1.1292248217924
77.0999999999999 47.2840956450116 91.3889412632363 84.1401835796303 24.5499493976331 0.174158746151276 -0.974278361572285
77.1999999999999 47.3497087687978 91.3549740550267 84.0942623742117 24.5176607979061 0.173316496843527 -0.83314373918927
77.2999999999999 47.415295908392 91.3203935066359 84.0487425466603 24.4855079776125 0.171951661496024 -0.709465758668781
77.3999999999999 47.4808598811539 91.2852038037683 84.0036053457277 24.4535243501076 0.169756462908232 -0.604411391005164
77.4999999999999 47.5464049142135 91.2494131158876 83.9588316543129 24.4217360727572 0.166494388216538 -0.517919780675018
77.5999999999999 47.6119362542279 91.2130338742549 83.9144017156826 24.3901625418236 0.161986111729217 -0.449619686622315
77.6999999999999 47.6774597478406 91.1760830499673 83.8702948596907 24.3588168873529 0.156097360639249 -0.399515296486181
77.7999999999999 47.7429814069854 91.1385824319964 83.826489228998 24.3277064680611 0.148729104972713 -0.36862405529072
77.8999999999998 47.8085069725019 91.1005589052269 83.7829615052918 24.2968333662213 0.139810073943425 -0.359826442977352
77.9999999999998 47.8740414889499 91.0620447284949 83.7396866355054 24.2661948825494 0.12929168819684 -0.379381850488374
78.0999999999998 47.9395889055285 91.023077797783 83.6966375680188 24.2357840305464 0.117219264947742 -0.424307133136307
78.1999999999998 48.0051517818625 90.9837015234904 83.6537852483498 24.2055900166527 0.103944374147658 -0.487844649406443
78.2999999999998 48.0707312362782 90.9439637280457 83.6110992735562 24.1755986843953 0.0898905376445746 -0.577316136127981
78.3999999999998 48.136327062466 90.9039151575939 83.5685488061292 24.1457929443479 0.0754768342708221 -0.705665516859456
78.4999999999998 48.2019379387536 90.8636079788414 83.5261034978673 24.1161532035463 0.0611174550790146 -0.897125688247181
78.5999999999998 48.2675617038548 90.823094275899 83.48373441375 24.0866577949034 0.0472222752088134 -1.20181217663304
78.6999999999998 48.3331956740631 90.7824245471273 83.4414149558118 24.0572834066244 0.0342001404267996 -1.74039473249782
78.7999999999998 48.3988369773369 90.7416462019798 83.3991217870165 24.0280055116221 0.0224741724067522 -2.87923883672349
78.8999999999998 48.4644828818974 90.7008020578478 83.3568357551304 23.9987987969315 0.0125701754044913 -6.19811655768282
78.9999999999998 48.5301311008187 90.6599288369039 83.314542816597 23.9696375931255 0.00585038829991899 -19.3405644124653
79.0999999999998 48.5957800564009 90.619055680491 83.2722349428753 23.9404963118389 0.00643071013500858 -13.4492773355295
79.1999999999998 48.6614290183007 90.5782031196583 83.2299105708733 23.9113500941327 0.0105385817327975 -5.57731672295108
79.2999999999998 48.7270779915829 90.5373832036127 83.187573896082 23.8821759940669 0.0141313286000446 -3.93279764474621
79.3999999999998 48.7927274951969 90.4966000843185 83.1452337098017 23.8529543731133 0.016742060773278 -3.62745284446204
79.4999999999998 48.8583783204903 90.4558506186407 83.1029022188363 23.823670302677 0.0184027045794347 -3.85505882734277
79.5999999999998 48.9240312790008 90.4151249704891 83.0605938651846 23.7943149666187 0.0193229719185179 -4.48011140477615
79.6999999999997 48.9896869446071 90.3744072129613 83.018324145734 23.7648870637765 0.0199974137505652 -5.42290288387728
79.7999999999997 49.0553453961359 90.3336759304871 82.9761084319529 23.7353942104876 0.0214140048612978 -6.2639111030463
79.8999999999997 49.1210059694892 90.2929048209717 82.9339607895834 23.7058543431105 0.025033130633606 -6.21186587245643
79.9999999999997 49.186667033272 90.2520632979393 82.8918927983339 23.6762971205463 0.0321645410031674 -5.18850630480139
80.0999999999997 49.252325813452 90.2111170987006 82.8499123866367 23.6467652865978 0.0433606669908216 -3.78681954036312
80.1999999999997 49.3179784123907 90.1700290491341 82.8080230580778 23.6173149880744 0.058160378473825 -2.59731710887782
80.2999999999997 49.3836202301897 90.1287602260267 82.7662241120755 23.5880134421019 0.0755076373901138 -1.8001948440016
80.3999999999997 49.4492465860982 90.0872712760284 82.7245112562319 23.5589355591796 0.0943084126229078 -1.28962967292609
80.4999999999997 49.5148533774404 90.0455237406304 82.6828772337486 23.5301605260734 0.11354135689944 -0.957199992862814
80.5999999999997 49.580437709665 90.0034813811437 82.6413124508426 23.501768388709 0.132240562347195 -0.733433108485833
80.6999999999997 49.6459984273202 89.9611115036769 82.5998056041626 23.4738366350655 0.149470391977921 -0.57739160634682
80.7999999999997 49.7115364743813 89.9183862841152 82.5583443082044 23.4464367780686 0.16431006450518 -0.464933168655412
80.8999999999997 49.7770550183288 89.875284093098 82.516915722727 23.4196309384836 0.175846955784994 -0.381444689061529
80.9999999999997 49.8425592859731 89.8317908209978 82.4755071801683 23.3934684278091 0.183175893570723 -0.317774951370983
81.0999999999997 49.9080560805003 89.7879011787963 82.4341068111953 23.3679823757478 0.185638254571043 -0.269899382454327
81.1999999999997 49.973552997336 89.7436193723142 82.3927041217341 23.3431875167031 0.183535118685165 -0.231049420392201
81.2999999999997 50.0390575173126 89.6989581857226 82.3512904468363 23.3190809184147 0.177418134537499 -0.192761270886706
81.3999999999997 50.104576203432 89.6539374384073 82.3098593560253 23.2956438696197 0.167847604001488 -0.147067538332561
81.4999999999996 50.1701140827657 89.6085824177318 82.2684070567775 23.2728438122922 0.155387772959059 -0.0838995434232948
81.5999999999996 50.2356742396979 89.5629223117995 82.2269327980023 23.2506362738812 0.140605115495817 0.0122839404646566
81.6999999999996 50.3012576270214 89.5169886422167 82.1854392735229 23.2289667995505 0.124072990906652 0.168567278510336
81.7999999999996 50.3668630859255 89.4708136968553 82.1439330255573 23.2077728844167 0.106390387033834 0.436248850395183
81.8999999999996 50.4324875542177 89.4244289626153 82.1024248481983 23.1869859057892 0.0882342606752718 0.918916356295665
81.9999999999996 50.4981264341821 89.3778635581878 82.0609301908945 23.1665330554081 0.0704991380914566 1.83099439812047
82.0999999999996 50.5637740857329 89.3311426864541 82.0194695399131 23.146339276198 0.0546069267165975 3.44040786676503
82.1999999999996 50.6294243732463 89.2842865974474 81.9780682273458 23.1263293163955 0.042860466435487 5.66014936931537
82.2999999999996 50.6950711629494 89.237310847354 81.9367547869535 23.1064300816257 0.0382426358569664 6.6693286452405
82.3999999999996 50.7607087764315 89.190227068076 81.8955587375541 23.0865731043529 0.0412456587586109 5.0134515064606
82.4999999999996 50.8263323887316 89.1430437564314 81.8545083443923 23.0666970178462 0.0482063560085229 2.96510869083073
82.5999999999996 50.8919383295735 89.0957670633541 81.8136283805096 23.0467500301444 0.0552586230036085 1.62877390028518
82.6999999999996 50.9575242541158 89.0484015830933 81.7729378881147 23.026692398021 0.0600252570339254 0.799594074064479
82.7999999999996 51.0230891650575 89.0009511424138 81.7324479399527 23.0064989009501 0.0610393810932685 0.183701467853183
82.8999999999996 51.0886332898189 88.9534195897957 81.6921594006761 22.9861613150706 0.0572729923285891 -0.480504785212036
82.9999999999996 51.1541578448785 88.9058115846341 81.6520606882138 22.9656908871522 0.0480351256916695 -1.68713049670705
83.0999999999996 51.2196647498038 88.858133377946 81.6121255795233 22.9451207560446 0.033769907241128 -5.27960510495662
83.1999999999995 51.2851562933798 88.8103933722535 81.572312170256 22.9245070087154 0.0210100874775139 -17.4653820736748
83.2999999999995 51.3506347389708 88.7626021209149 81.5325647635914 22.903926270246 0.0306109611938326 -9.56362647533253
83.3999999999995 51.4161021506637 88.7147721066325 81.4928169129856 22.8834719284151 0.0571201955462373 -2.99493091646651
83.4999999999995 51.4815605354292 88.6669175114678 81.4529945093008 22.8632503057678 0.0887037968777923 -1.28720588616668
83.5999999999995 51.547012226493 88.6190539868554 81.4130188679353 22.843376831683 0.122268590243133 -0.669681473259426
83.6999999999995 51.6124603889139 88.5711984236182 81.3728098159533 22.8239722144427 0.156220486853977 -0.384928106759543
83.7999999999995 51.6779095017035 88.5233687219818 81.3322887792148 22.8051586132999 0.189257514296816 -0.230099557800289
83.8999999999995 51.7433656571303 88.4755835615893 81.2913818695052 22.7870558105467 0.220162835875292 -0.134394848693457
83.9999999999995 51.8088365173617 88.4278621715156 81.2500229716651 22.7697773835835 0.247758493394815 -0.0678825315684364
84.0999999999995 51.8743307871115 88.3802241076831 81.2081567949248 22.753426925195 0.271179453210873 -0.0215910290268009
84.1999999999995 51.9398572517369 88.3326892226888 81.1657409935604 22.7380955172529 0.290713258864249 0.00902747274539116
84.2999999999995 52.0054237844223 88.2852781240637 81.1227459250569 22.7238623861875 0.306958569050895 0.0300077916618055
84.3999999999995 52.0710364296094 88.2380128249449 81.0791534775938 22.7107968118855 0.320543531614013 0.0443001362745334
84.4999999999995 52.1366985663727 88.1909174021474 81.0349558617347 22.6989600847952 0.332123490317996 0.0533600220870832
84.5999999999995 52.2024102180454 88.1440186542366 80.9901544021166 22.6884074630329 0.342377710723257 0.0578671741579626
84.6999999999995 52.2681675630971 88.0973467596008 80.9447583291402 22.6791901294882 0.352004893638244 0.0581017253955382
84.7999999999995 52.3339626897116 88.0509359345229 80.8987835706593 22.6713571489301 0.361717335761243 0.0541783050281906
84.8999999999995 52.3997836276243 88.004825091253 80.8522515436703 22.6649574251126 0.372233564486377 0.0462168700350672
84.9999999999994 52.4656146858458 87.9590584960808 80.8051879460026 22.6600416578807 0.384269315682304 0.034474727013209
85.0999999999994 52.5314371341886 87.9136864082469 80.7576215550575 22.6566642618585 0.398330101790925 0.021010127204818
85.1999999999994 52.5972304774351 87.868765220678 80.709583209854 22.6548842862806 0.414091997021608 0.00786524009836145
85.2999999999994 52.6629744910289 87.82435633612 80.6611052583851 22.6547637992649 0.430957095587117 -0.00475729718135942
85.3999999999994 52.7286512976914 87.7805245450946 80.6122211882801 22.6563652732278 0.448250571313116 -0.0168755422824873
85.4999999999994 52.7942471235526 87.737336384695 80.5629652645164 22.6597489318823 0.465228648982621 -0.0286798966858467
85.5999999999994 52.8597536635806 87.6948584973817 80.5133721671319 22.6649700972365 0.481088831967303 -0.0404956041830442
85.6999999999994 52.9251689932245 87.6531559897788 80.463476628937 22.6720765365909 0.494982863761566 -0.0527663705699293
85.7999999999994 52.9904979647785 87.6122907914695 80.4133130732267 22.6811058095375 0.506033232478777 -0.0660650854630485
85.8999999999994 53.0557520356162 87.5723200137921 80.3629152514927 22.6920826149569 0.513353598004089 -0.0811382938982778
85.9999999999994 53.1209484922857 87.5332943086357 80.3123158811354 22.7050161380171 0.516072536520825 -0.0989975740408187
86.0999999999994 53.1861090541537 87.4952562507197 80.2615462864882 22.7198974428085 0.513599441580981 -0.119050547421999
86.1999999999994 53.2512577861962 87.4582393304335 80.210636125958 22.7366980515492 0.506373148519387 -0.140136953022572
86.2999999999994 53.3164185475491 87.4222684965636 80.1596133377676 22.7553715358538 0.495147279355847 -0.16257580941227
86.3999999999994 53.3816127488798 87.3873613095813 80.1085041718143 22.7758562945705 0.480729676728206 -0.186502321313032
86.4999999999994 53.446857702189 87.3535291184137 80.0573332248405 22.798078377257 0.463958540695669 -0.211814564072956
86.5999999999994 53.5121655783485 87.3207782372151 80.006123475605 22.821954307656 0.445679845201499 -0.238075438663098
86.6999999999993 53.5775429510909 87.289111122138 79.954896320053 22.8473939071702 0.426727732421042 -0.264372550125286
86.7999999999993 53.6429908840319 87.2585275481036 79.9036716064876 22.874303118338 0.407908414052173 -0.289150415560346
86.8999999999993 53.7085055028442 87.2290257855738 79.85246767074 22.9025868283087 0.389987100964638 -0.310054950258617
86.9999999999993 53.774078987815 87.2006037773214 79.8013013713406 22.932151692318 0.373676977437414 -0.323869304503541
87.0999999999993 53.8397009148015 87.1732602992104 79.7501881264771 22.9629089305838 0.359490233671426 -0.328918355285567
87.1999999999993 53.9053596839968 87.1469957051987 79.6991419974275 22.9947764341368 0.347328247368671 -0.325726459164055
87.2999999999993 53.9710435398013 87.121811616908 79.6481758899666 23.0276791164073 0.3369264674166 -0.314061433520236
87.3999999999993 54.0367412670306 87.0977101974175 79.5973018022483 23.0615485737467 0.328003032888967 -0.294028934512249
87.4999999999993 54.1024427171564 87.0746934090652 79.5465310744735 23.0963227193695 0.320264924918868 -0.265989753729049
87.5999999999993 54.1681391851955 87.0527622712504 79.49587463856 23.1319454172953 0.313414208166799 -0.230436242185802
87.6999999999993 54.233823649421 87.0319161182354 79.4453432678112 23.1683661162906 0.307154111605999 -0.187847917195502
87.7999999999993 54.2994908845804 87.0121518569472 79.3949478265848 23.2055394838111 0.301194734663158 -0.138543522881685
87.8999999999993 54.3651374583995 86.9934632247797 79.3446995199623 23.2434250399434 0.295258287375673 -0.0825382882192213
87.9999999999993 54.430761620833 86.9758400473954 79.2946101434175 23.2819867913473 0.289083935919562 -0.0194041244075588
88.0999999999993 54.4963630963597 86.959267504894 79.2446923304348 23.3211928670671 0.282468423746396 0.0487180050545545
88.1999999999993 54.5619428084383 86.9437256155074 79.1949597468014 23.3610152029573 0.275377271669365 0.119740335656284
88.2999999999993 54.6275026035226 86.9291892714798 79.145427149533 23.4014293495108 0.267836912971522 0.194655728753971
88.3999999999993 54.6930450000342 86.9156284924739 79.0961103924748 23.4424143283019 0.2598982496456 0.274521908167329
88.4999999999992 54.7585729617787 86.9030086873443 79.0470264298506 23.4839524902976 0.251636708302318 0.360416893842031
88.5999999999992 54.8240896997914 86.8912909159105 78.998193319812 23.52602937417 0.24315281104271 0.45335969143788
88.6999999999992 54.8895985061582 86.8804321507302 78.9496302279883 23.5686335646081 0.234573196972059 0.554175087893159
88.7999999999992 54.9551026225093 86.8703855388718 78.9013574310354 23.6117565506301 0.22605191068433 0.663276702354429
88.8999999999992 55.0206051450581 86.8611006636885 78.853396320185 23.6553925838948 0.217771568066032 0.780343486085204
88.9999999999992 55.0861089672681 86.8525238065902 78.8057694047947 23.6995385370144 0.209943693081645 0.9038815993035
89.0999999999992 55.1516167595223 86.844598224601 78.7585003115635 23.7441937586717 0.202839552947578 1.01446201890443
89.1999999999992 55.2171309642945 86.8372648382779 78.7116136710842 23.7893598456898 0.196842591601519 1.08546401543198
89.2999999999992 55.2826537857483 86.8304639613222 78.6651347184013 23.8350402042852 0.192256218558651 1.10400186836884
89.3999999999992 55.3481872181465 86.8241374405532 78.6190887809056 23.8812395282737 0.189225076774994 1.06089329878848
89.4999999999992 55.41373311172 86.8182308116663 78.573500761895 23.9279632740805 0.18772030271919 0.953381121991728
89.5999999999992 55.4792932465579 86.8126954549897 78.5283946241357 23.975217135752 0.187558483624032 0.785387327241172
89.6999999999992 55.5448693881895 86.8074907512423 78.4837928734228 24.0230065199658 0.18845425892626 0.565165671166597
89.7999999999992 55.6104633054929 86.8025862372908 78.4397160421415 24.0713360210424 0.190096955114343 0.301906566646726
89.8999999999992 55.6760767412997 86.7979637619071 78.3961821728281 24.1202088959558 0.192238960845108 0.00330659406461972
89.9999999999992 55.7417113385525 86.7936196415258 78.3532063017309 24.1696265393444 0.194787602020175 -0.324611221387159
90.0999999999992 55.8073685352705 86.789566783662 78.3107999572373 24.2195879621693 0.197898371570496 -0.637320616560891
90.1999999999992 55.8730493437055 86.7858359694992 78.2689710448176 24.2700893652007 0.201999975301245 -0.889834190834178
90.2999999999991 55.9387538728827 86.7824750020633 78.2277247131285 24.3211239532219 0.207662342297974 -1.07378500797834
90.3999999999991 56.0044808345101 86.7795470135672 78.1870646066321 24.3726818440616 0.215465282630663 -1.18218409624178
90.4999999999991 56.0702271789579 86.7771287404152 78.1469941330828 24.4247499812738 0.225890095489379 -1.21435664503509
90.5999999999991 56.1359878757624 86.7753087982074 78.1075177310127 24.477312046817 0.239244788207777 -1.17852363214041
90.6999999999991 56.201755835581 86.7741859567452 78.0686421372178 24.5303483737341 0.255637099480044 -1.09026782658338
90.7999999999991 56.2675219605099 86.773867415035 78.0303776542439 24.5838358588317 0.274993831223047 -0.968085415567766
90.8999999999991 56.3332753023026 86.7744670762936 77.9927394178724 24.6377478753599 0.297109597573473 -0.828869826810619
90.9999999999991 56.3990033032508 86.7761038229527 77.9557486646068 24.6920541856918 0.321703745453988 -0.685321851555185
91.0999999999991 56.4646921077209 86.7788997757661 77.9194339862074 24.7467208648786 0.348388980187262 -0.542981244412176
91.1999999999991 56.5303272933109 86.7829781395976 77.8838322475059 24.8017105069699 0.376435023452821 -0.405897694321566
91.2999999999991 56.5958955179949 86.7884600000084 77.8489886494682 24.8569831491216 0.404990863578345 -0.277212455541849
91.3999999999991 56.6613862874094 86.7954607065252 77.8149564555358 24.9124974784692 0.433182817558615 -0.156645261744228
91.4999999999991 56.7267933386308 86.8040862400107 77.781796705017 24.9682120498765 0.460133502023745 -0.0419607585242564
91.5999999999991 56.7921155321158 86.8144295800338 77.7495779264781 25.0240865036843 0.48498225407593 0.0701662033274382
91.6999999999991 56.8573571719745 86.8265670722407 77.7183758511339 25.080082783459 0.506912610208292 0.183753637725364
91.7999999999991 56.9225276968302 86.8405547957252 77.6882731262394 25.1361663537413 0.525190670162852 0.30343211983295
91.8999999999991 56.9876407162417 86.8564249303992 77.6593590284803 25.192307417795 0.53921689393126 0.434564053434506
91.999999999999 57.0527124113419 86.8741821243636 77.6317291773643 25.2484821353558 0.548593591167493 0.583468024613606
92.099999999999 57.117759387905 86.8937999402353 77.6054852151813 25.3046738154283 0.553396541544351 0.726528901317284
92.199999999999 57.1827965539286 86.9152193543481 77.5807336177665 25.3608734603458 0.554648475647868 0.836735534957494
92.299999999999 57.2478361517352 86.938352467095 77.5575822988396 25.4170786630359 0.553436395325782 0.913865345505969
92.399999999999 57.3128877596836 86.9630882661432 77.5361363451465 25.4732918555471 0.55057078145174 0.956172521789269
92.499999999999 57.3779588494473 86.9892984686069 77.5164937181702 25.5295185326259 0.546494362510381 0.961900872442051
92.599999999999 57.4430557030483 87.0168433632191 77.4987409558422 25.5857654752919 0.541230832094568 0.930176093770736
92.699999999999 57.5081844672402 87.0455776525039 77.4829488742534 25.642038974415 0.5343808398623 0.86107633656599
92.799999999999 57.5733521127984 87.0753562949491 77.4691682693654 25.6983430542906 0.525166348677486 0.754773793975564
92.899999999999 57.6385670864337 87.1060403471782 77.4574256187214 25.7546776962164 0.512517787660115 0.609754134133363
92.999999999999 57.7038394933042 87.1375028061226 77.4477187831573 25.8110370620679 0.495195933963966 0.420010863407343
93.099999999999 57.7691807081617 87.1696343793974 77.4400127976101 25.8674077472215 0.472249688786004 0.215018916373768
93.199999999999 57.834601994333 87.2023473889718 77.4342379784488 25.9237677964811 0.444165300990174 0.023745336459664
93.299999999999 57.9001119343411 87.2355749362783 77.4302939112112 25.9800876568634 0.412079472519302 -0.164965614598975
93.399999999999 57.9657142174397 87.2692682006155 77.4280557548627 26.0363318933877 0.377367590895796 -0.360392300114343
93.499999999999 58.0314064725504 87.3033936657563 77.4273806351532 26.0924609342119 0.341544265159021 -0.569046097462749
93.599999999999 58.0971801125987 87.3379303465539 77.4281140379733 26.1484328157685 0.306188782195337 -0.79184168082742
93.699999999999 58.1630210444668 87.3728670155496 77.4300962027109 26.2042049279008 0.272872720247402 -1.01816473206467
93.7999999999989 58.2289110421158 87.4081994295796 77.4331685156076 26.2597357589991 0.24305712550521 -1.21676771565558
93.8999999999989 58.2948295543221 87.443927556382 77.437179903115 26.3149866411364 0.21792558928466 -1.32804924578893
93.9999999999989 58.3607557199802 87.4800528012041 77.4419932252515 26.3699234952048 0.198158665804358 -1.26974432425768
94.0999999999989 58.4266703804326 87.5165752608875 77.4474915935104 26.4245185531104 0.183616858255756 -1.05544459599747
94.1999999999989 58.4925576748222 87.5534916923885 77.4535827271205 26.4787514834992 0.173182615125775 -0.774099942793817
94.2999999999989 58.5584056619008 87.5907952948641 77.4601983297385 26.5326090033701 0.165754459338897 -0.459354188461565
94.3999999999989 58.6242063309769 87.6284762061922 77.4672915044932 26.586083893218 0.160533026229951 -0.143337933995527
94.4999999999989 58.6899553494045 87.6665220269712 77.4748340935821 26.6391739892368 0.157022506661334 0.147494457029253
94.5999999999989 58.7556516497486 87.7049183445185 77.4828140178675 26.691881175522 0.154969360086476 0.392422099512869
94.6999999999989 58.8212969209056 87.7436492568698 77.491232616473 26.7442103762729 0.154266819484633 0.575960305610943
94.7999999999989 58.8868950429061 87.782697896778 77.5001019863797 26.7961685479957 0.154852278614074 0.688605364908076
94.8999999999989 58.9524514849965 87.8220469557122 77.509442322023 26.8477636717054 0.156620119104682 0.72813756240064
94.9999999999989 59.0179726707513 87.8616792078567 77.5192792548881 26.8990037451292 0.159366550784655 0.699654014335214
95.0999999999989 59.0834653103271 87.9015780290436 77.5296412089539 26.949895785906 0.162798277187267 0.635880570824094
95.1999999999989 59.1489358856735 87.9417277839628 77.5405571681414 27.00044512073 0.166647662667034 0.566747055194785
95.2999999999989 59.2143906047418 87.9821138789979 77.5520554896266 27.0506554003462 0.170659872511961 0.496497716278862
95.3999999999989 59.2798355124255 88.0227226833396 77.56416312916 27.10052890049 0.17458150288921 0.428011164692207
95.4999999999988 59.3452765577745 88.0635414450324 77.5769048822315 27.150066833823 0.17816467517063 0.362948376199226
95.5999999999988 59.4107196060648 88.1045582070214 77.5903026252364 27.1992696618702 0.181169411231792 0.301998814134915
95.6999999999988 59.4761703929867 88.1457617231997 77.6043745566412 27.2481374069561 0.183364846938919 0.245122599885904
95.7999999999988 59.541634419345 88.1871413744546 77.6191344381483 27.2966699641415 0.184529756575698 0.191735170101435
95.8999999999988 59.6071167861565 88.2286870847152 77.6345908358625 27.3448674131598 0.184452722094986 0.140811092676698
95.9999999999988 59.6726219718642 88.2703892369987 77.650746361456 27.392730330354 0.182932157528771 0.0908937239503137
96.0999999999988 59.7381535570427 88.3122385843485 77.667596933032 27.4402601001825 0.17985411325119 0.053760348293486
96.1999999999988 59.8037139462742 88.3542260279352 77.6851315481246 27.4874592155429 0.175425283745716 0.0423844820985463
96.2999999999988 59.8693042011258 88.3963420579554 77.7033333567399 27.5343315497068 0.169936094614159 0.0584451177970534
96.3999999999988 59.9349239839235 88.4385760616951 77.7221812465348 27.5808826170716 0.163679833648473 0.105640035242531
96.4999999999988 60.0005715860192 88.4809156264825 77.7416514476921 27.6271198334825 0.156955268744027 0.189334860271788
96.5999999999988 60.0662440360167 88.5233458426417 77.7617191377967 27.6730527765542 0.150076683836339 0.315910391832146
96.6999999999988 60.131937283452 88.5658486064458 77.7823600467115 27.7186934459925 0.143393216543471 0.49128662947401
96.7999999999988 60.1976464539178 88.6084019230707 77.8035520614529 27.7640565239162 0.137318843613899 0.717790872821095
96.8999999999988 60.263366173821 88.6509792095483 77.825276831067 27.809159635179 0.132371155356783 0.988436736342562
96.9999999999988 60.3290909668458 88.6935485977197 77.8475213715053 27.854023607691 0.129208760238655 1.27889651613858
97.0999999999988 60.3948157240394 88.7360722557386 77.8702796491999 27.8986727175727 0.128561668548949 1.49995840177064
97.1999999999988 60.460536115652 88.7785061918568 77.893553610833 27.9431345399501 0.13084524230703 1.57174320788333
97.2999999999987 60.526248700319 88.820801282469 77.9173528072873 27.9874387986828 0.136135067331845 1.49645711002078
97.3999999999987 60.5919509197218 88.8629047824405 77.9416934637909 28.031615821733 0.144176055441199 1.31193165523228
97.4999999999987 60.6576410955799 88.904761853984 77.9665975287612 28.0756949813668 0.154447517201539 1.06915986927604
97.5999999999987 60.7233184094104 88.946317095537 77.9920917226489 28.1197031343556 0.166285591233535 0.809860541341941
97.6999999999987 60.7889828360984 88.9875160706391 78.0182065867825 28.1636630621772 0.178994874901296 0.558048961664865
97.7999999999987 60.8546350015012 89.0283068368087 78.0449755322119 28.2075919112172 0.191921015966995 0.322573820107197
97.8999999999987 60.9202759365477 89.0686414744203 78.0724338885529 28.2514996329705 0.204490176042294 0.102821879972206
97.9999999999987 60.9859067055862 89.1084776155818 78.1006179528312 28.2953874242421 0.216231827276966 -0.106660673241733
98.0999999999987 61.0515279045853 89.1477799574496 78.1295640401499 28.3392461942969 0.226840683292412 -0.287331046885111
98.1999999999987 61.1171392682244 89.1865213709406 78.1593075817705 28.3830557326552 0.236293144090328 -0.4251362787519
98.2999999999987 61.1827398078014 89.2246829823719 78.1898823435501 28.4267856554528 0.244653605422115 -0.530502867783923
98.3999999999987 61.2483281523757 89.2622538504973 78.2213196917917 28.4703970524476 0.251986751824467 -0.610542902811027
98.4999999999987 61.3139028718305 89.2992306279816 78.2536478609184 28.5138441609748 0.258331312400912 -0.670375443179609
98.5999999999987 61.3794627730103 89.3356172228756 78.2868912211468 28.5570760399005 0.263684159630049 -0.713974843966074
98.6999999999987 61.4450071631786 89.3714244600903 78.3210695461615 28.6000382435774 0.267991680931853 -0.74469849562383
98.7999999999987 61.5105360705542 89.4066697428715 78.3561972807887 28.6426744957986 0.271146615280042 -0.765608507009535
98.8999999999987 61.5760504090119 89.4413767142745 78.3922828086704 28.6849283637527 0.272989122718913 -0.779673168229746
98.9999999999987 61.6415520731948 89.4755749186386 78.429327719938 28.7267449319783 0.273311116870134 -0.789917468389211
99.0999999999986 61.7070439486043 89.509299454305 78.4673260916121 28.7680724674584 0.271945193915269 -0.798375575131191
99.1999999999986 61.7725297686719 89.5425903986597 78.5062640988657 28.8088638543559 0.269018259014717 -0.803497543569752
99.2999999999986 61.8380137780963 89.5754916552331 78.5461204661727 28.8490774439902 0.264704604310437 -0.803092086716017
99.3999999999986 61.9035003920504 89.6080495731255 78.5868672493206 28.888677674454 0.259137564066699 -0.794944782155481
99.4999999999986 61.968993927962 89.6403115576741 78.628470630148 28.9276356813707 0.252404061071047 -0.776738550228796
99.5999999999986 62.0344984014017 89.6723246811222 78.6708917112831 28.9659299086516 0.244541037519401 -0.745923263719414
99.6999999999986 62.1000173733908 89.7041342932867 78.7140873108813 29.0035467192527 0.235534412877372 -0.699469353692683
99.7999999999986 62.1655538368371 89.7357826322265 78.7580107573635 29.0404810059323 0.225321242418821 -0.633403519334863
99.8999999999986 62.2311101317806 89.7673074349105 78.8026126841535 29.0767368020078 0.213795917846659 -0.541947832769834
99.9999999999986 62.2966878826963 89.798740547886 78.8478418244168 29.112327892113 0.200821816587308 -0.415914841229697
100.099999999999 62.3622879539188 89.8301065570114 78.8936458021947 29.1472784062103 0.186293817025389 -0.267455834526229
100.199999999999 62.4279103737197 89.8614219128818 78.9399718298647 29.181622978235 0.170311123390197 -0.110698178280561
100.299999999999 62.4935541725329 89.8926953145477 78.9867671678078 29.2154057995744 0.153087485003016 0.0682141165335422
100.399999999999 62.5592172708697 89.9239285889267 79.0339794904013 29.2486792371798 0.134905441733549 0.291043839392829
100.499999999999 62.6248964845569 89.9551175892788 79.0815572484077 29.2815024349323 0.116120161772055 0.595165925026571
100.599999999999 62.6905876438377 89.9862530936835 79.1294500313644 29.3139399150098 0.0971860198607653 1.04979445174625
100.699999999999 62.7562858128164 90.0173217035151 79.1776089299731 29.3460601792535 0.0787307759464651 1.78905062673902
100.799999999999 62.8219855897383 90.0483067419195 79.2259868984895 29.3779343105339 0.0617408084466018 3.05852958065244
100.899999999999 62.8876814641502 90.0791891522899 79.274539117112 29.4096345741179 0.0479741214243692 5.09453525597688
100.999999999999 62.9533682040455 90.1099483967429 79.3232233543721 29.4412330190348 0.040380079245999 6.97935460332148
101.099999999999 63.0190412434294 90.1405633501305 79.372000327051 29.4728000852157 0.0413791531470813 6.28660809239424
101.199999999999 63.0846970135831 90.1710130779692 79.4208339958314 29.504403360718 0.0492752738175529 4.11151324876674
101.299999999999 63.1503331496351 90.2012773197008 79.4696916978088 29.5361067199363 0.0603566485066539 2.48915244471048
101.399999999999 63.215948605203 90.2313368558722 79.5185442147376 29.5679696118997 0.0721730326121335 1.54474151234135
101.499999999999 63.2815436952999 90.2611738708488 79.5673658388041 29.6000463543406 0.0834820340009579 0.996352560313444
101.599999999999 63.3471200622621 90.2907723155294 79.6161344384 29.6323854277644 0.0936101706327293 0.659804625465024
101.699999999999 63.4126805606133 90.3201182700602 79.6648315238964 29.6650287695184 0.102130355335939 0.439032456172594
101.799999999998 63.4782290595146 90.3492003065499 79.7134423134171 29.6980110678616 0.108729020021618 0.283602467332177
101.899999999998 63.5437701646121 90.3780098517829 79.7619557986121 29.7313590560336 0.11315053766026 0.165190280953639
101.999999999998 63.6093088646477 90.4065415499348 79.810364810431 29.7650908063239 0.115172854751654 0.0660165603196547
102.099999999998 63.674850113819 90.4347936148053 79.8586660817203 29.7992150406056 0.114688347556397 -0.0273304434349662
102.199999999998 63.740398410772 90.4627679095586 79.9068602272286 29.8337308689343 0.111974292191183 -0.126699441499252
102.299999999998 63.8059574946696 90.4904693347469 79.9549515139565 29.8686286147767 0.107416076720303 -0.243003651207101
102.399999999998 63.8715301463382 90.5179049438403 80.0029475489153 29.903891068304 0.101417865867248 -0.38789824768631
102.499999999998 63.9371180691324 90.545083048276 80.0508589637082 29.9394947561506 0.0944095139891084 -0.574810345194076
102.599999999998 64.0027218503303 90.5720123225074 80.098699099113 29.9754112111718 0.0868590088584199 -0.818365017274569
102.699999999998 64.068340999984 90.5987009090539 80.146483689663 30.0116082422019 0.0792909652988824 -1.12993712569271
102.799999999998 64.1339740601142 90.6251555235494 80.1942305482295 30.0480512038128 0.0723075025336998 -1.5046901854909
102.899999999998 64.1996187745179 90.6513805597919 80.2419592506034 30.0847042660714 0.0665952277625317 -1.89625249782129
102.999999999998 64.265272308231 90.6773771947931 80.2896908200767 30.1215316842982 0.0628796433023185 -2.19279853993966
103.099999999998 64.3309315044567 90.7031425053683 80.3374474127708 30.1584990574023 0.0617154504522596 -2.27186197979944
103.199999999998 64.3965931337373 90.7286688848067 80.3852520223601 30.1955742892231 0.0631249929825777 -2.11617973549291
103.299999999998 64.4622540607871 90.7539442212794 80.4331282340317 30.2327277959647 0.0668051206357374 -1.8016612239412
103.399999999998 64.5279113661022 90.778952376327 80.4810999978413 30.2699324166368 0.0723039943812955 -1.43611039004827
103.499999999998 64.593562454515 90.8036736748873 80.529191402815 30.3071633120723 0.0791530701575623 -1.0952264697792
103.599999999998 64.6592051527098 90.8280853953253 80.5774264510511 30.3443978639457 0.0869453037609947 -0.810735285453999
103.699999999998 64.7248377953274 90.8521622594609 80.6258288318218 30.3816155737907 0.0953539520838063 -0.586497072465773
103.799999999998 64.7904592983539 90.8758769225979 80.674421695675 30.418797962018 0.104121175219445 -0.414701236342459
103.899999999998 64.8560692177113 90.8992004635527 80.7232274285362 30.4559284669337 0.11303922849685 -0.284788766171051
103.999999999998 64.9216677903588 90.922102874683 80.7722674258103 30.4929923437569 0.121933898117255 -0.187045786712891
104.099999999998 64.9872559539668 90.9445535508047 80.8215618675811 30.5299765614404 0.130661000058469 -0.116477265584146
104.199999999998 65.0528353223719 90.9665217491989 80.8711295223553 30.5668696423622 0.139124729756146 -0.0689551978232577
104.299999999998 65.1184080854622 90.9879769762356 80.9209876232655 30.6036613569964 0.147247287354825 -0.0389927766192843
104.399999999998 65.1839768673582 91.0088893450863 80.9711517728172 30.6403423614556 0.154956581554044 -0.0227090083274544
104.499999999998 65.2495445621465 91.029229932326 81.0216358487338 30.6769038328351 0.162184341494246 -0.0173735943556558
104.599999999998 65.3151141466771 91.0489711345348 81.0724519098018 30.7133371045577 0.168865582220108 -0.0210955410081874
104.699999999998 65.3806884693394 91.0680870248993 81.1236101017155 30.7496333017182 0.174938984392784 -0.0326140581681131
104.799999999998 65.4462700140704 91.0865537098147 81.1751185629222 30.7857829764283 0.180347935668561 -0.0511607962709742
104.899999999998 65.5118606393126 91.1043496854857 81.2269833304672 30.8217757431612 0.185042104929683 -0.0763721063017866
104.999999999998 65.5774612922085 91.1214561945287 81.2792082458389 30.8575999140958 0.188979512235181 -0.1082369963187
105.099999999998 65.6430717045521 91.1378575804486 81.3317948650534 30.8932421394387 0.192140625857575 -0.14357791182994
105.199999999998 65.7086902124263 91.1535415868769 81.3847424789794 30.9286871771385 0.194559964050217 -0.179574001479199
105.299999999998 65.7743139319653 91.1684995165884 81.4380484135003 30.9639179910623 0.196282354553797 -0.216942619396346
105.399999999998 65.839939079083 91.1827263352794 81.4917084399162 30.9989159785645 0.197349245807951 -0.256364414517584
105.499999999998 65.9055612972686 91.1962207732201 81.5457171895857 31.0336612030333 0.197798415609959 -0.298518346409102
105.599999999998 65.9711759893166 91.2089854269087 81.6000685685681 31.068132626437 0.197664295715482 -0.344109468328458
105.699999999998 66.0367786542911 91.2210268607239 81.6547561722648 31.1023083418697 0.196978918091052 -0.393890732939931
105.799999999998 66.1023652309857 91.2323557085787 81.7097737000613 31.1361658060978 0.195773534425415 -0.448678066619036
105.899999999998 66.1679324491726 91.2429867755733 81.7651153699693 31.1696820721061 0.194081002862174 -0.509355453257399
105.999999999998 66.2334781900272 91.2529391396483 81.8207763332681 31.2028340216436 0.191939075903783 -0.576863175108564
106.099999999998 66.2990018524163 91.2622362448252 81.8767530784207 31.2355986087817 0.189379997626984 -0.633523550681781
106.199999999998 66.3645046042434 91.2709057757033 81.9330435561115 31.2679533897671 0.186367534373054 -0.660909238874587
106.299999999998 66.4299893154951 91.2789789766887 81.989646596362 31.2998777796278 0.182798089676755 -0.658838920678724
106.399999999998 66.4954603497679 91.2864897524797 82.0465610467688 31.3313545950743 0.17850534106597 -0.626924666057632
106.499999999998 66.5609233229652 91.29347376014 82.1037849000157 31.3623716084123 0.173263113296695 -0.563964039973535
106.599999999998 66.6263848248479 91.2999675011707 82.1613144213849 31.3929231014559 0.166795681988211 -0.466719703211377
106.699999999998 66.691852098186 91.306007413584 82.2191432762693 31.4230114194404 0.158795279501766 -0.327706002435326
106.799999999998 66.7573326762926 91.3116289639748 82.2772616576841 31.452648524935 0.148948314456767 -0.131018107587645
106.899999999998 66.8228339878637 91.3168657395946 82.3356554137786 31.4818575517557 0.136976699532969 0.156261571896124
106.999999999998 66.8883629482463 91.3217485404231 82.394305175348 31.5106743588784 0.122713806808433 0.60342473109523
107.099999999998 66.9539255651706 91.3263044686857 82.45318550446 31.5391490335788 0.106467056434581 1.28562280674012
107.199999999998 67.0195265317558 91.3305559519148 82.5122645920612 31.567346074478 0.0898614516649538 2.29609882016747
107.299999999998 67.0851687906952 91.334519597318 82.5715053491511 31.5953412235795 0.0755151809296209 3.67816249241378
107.399999999998 67.1508532706225 91.3382049796907 82.6308670469346 31.6232169782123 0.0669615235576584 4.85995887346366
107.499999999998 67.2165788237065 91.3416134267728 82.6903069780909 31.6510580522003 0.0671798701283638 4.61765699315133
107.599999999998 67.282342279217 91.3447368046059 82.7497821180418 31.6789468370327 0.0756689971223867 3.12633094407591
107.699999999998 67.3481385227727 91.3475563028903 82.8092507862193 31.7069588630333 0.0890943634873498 1.59734575172611
107.799999999998 67.4139605228614 91.3500412203411 82.8686743073342 31.735158260531 0.104452229252449 0.440415637146417
107.899999999998 67.4797992511299 91.3521477500461 82.9280186726446 31.7635932210292 0.120162362604528 -0.427797866943273
107.999999999998 67.5456434807046 91.3538177648215 82.9872562012234 31.7922914583758 0.13590302419639 -1.12694182829599
108.099999999998 67.6114795105072 91.3549776525069 83.0463671779433 31.8212557452123 0.152387308793583 -1.5900000983187
108.199999999998 67.6772912374745 91.3555384496198 83.1053408860819 31.8504614066737 0.170722245008159 -1.77125886917227
108.299999999998 67.743061216793 91.3553992708525 83.1641751031962 31.8798587824982 0.191611597673355 -1.7588917460966
108.399999999998 67.8087722316843 91.3544520369294 83.2228749916175 31.9093776463868 0.215071017102523 -1.63266063396709
108.499999999998 67.8744089985396 91.3525862524026 83.2814519656629 31.9389317006436 0.240462479618278 -1.45728574616915
108.599999999998 67.9399598761729 91.349693783446 83.3399225588466 31.9684230708146 0.266663364851053 -1.27540406302928
108.699999999998 68.0054184100719 91.3456736356507 83.3983072910917 31.997746800328 0.292240716747754 -1.10967653055223
108.799999999998 68.0707845126119 91.3404367318196 83.4566295359412 32.0267953451325 0.315579856267838 -0.969543543904908
108.899999999998 68.1360650727455 91.333910689762 83.5149143877693 32.0554630683381 0.334969626821898 -0.857622329626235
108.999999999998 68.2012738060448 91.3260446000893 83.5731875289934 32.0836507348544 0.348662767182272 -0.774139392806592
109.099999999998 68.2664302005086 91.3168137299241 83.6314740990555 32.1112699768048 0.355300895187818 -0.716193394041231
109.199999999998 68.3315575371086 91.306222300408 83.6897976094424 32.1382469990565 0.355072734068905 -0.672014546912792
109.299999999998 68.3966804352412 91.2943013746166 83.7481789755707 32.1645243558196 0.348579694550716 -0.631357358210125
109.399999999998 68.4618225490958 91.2811048192711 83.8066355947093 32.1900619673627 0.336432968943537 -0.585383150294654
109.499999999998 68.5270046295153 91.2667051923662 83.865180425673 32.2148381075033 0.319226998162914 -0.524352907502977
109.599999999998 68.5922430185754 91.2511896307969 83.9238210685153 32.2388503910968 0.297518150962035 -0.435020998457979
109.699999999998 68.6575486071535 91.2346557379863 83.9825588442228 32.2621167615271 0.271815550735029 -0.296298128180931
109.799999999998 68.7229262609168 91.2172074715126 84.0413878744075 32.284676478196 0.242598084605296 -0.0703156102704154
109.899999999998 68.7883747066948 91.1989510307364 84.100294161001 32.3065911040133 0.210390444765507 0.31829528892983
109.999999999998 68.8538868698749 91.1799907444284 84.1592546659473 32.3279454928862 0.175989210231821 1.03377999283221
110.099999999998 68.9194506612363 91.1604249952391 84.2182364252268 32.3488487048076 0.141151343087815 2.30515971196175
110.199999999998 68.9850501595871 91.1403431020821 84.2771965554661 32.369433038493 0.109925067329277 4.43540648606206
110.299999999998 69.050667100621 91.1198246341424 84.3360845263443 32.3898482854889 0.0899422672776336 6.95626516008492
110.399999999998 69.1162827242228 91.0989396827974 84.3948453255849 32.4102541018308 0.0899737443191303 6.7971484590214
110.499999999998 69.1818798395105 91.0777491703817 84.4534226582792 32.4308123072982 0.108213263452121 4.33314393625532
110.599999999998 69.2474448305455 91.0563051589501 84.5117621462086 32.4516791846711 0.134168652885864 2.45368046946874
110.699999999998 69.3129693077312 91.0346511590427 84.5698145271669 32.472997778985 0.159876196353597 1.40570726055162
110.799999999998 69.3784511291868 91.0128224384482 84.6275388542841 32.4948901967874 0.180689404810563 0.813047802334603
110.899999999998 69.4438945719901 90.9908463309685 84.6849056953478 32.5174499053926 0.193468895805167 0.439247674332784
110.999999999998 69.5093095284292 90.9687425451823 84.7419003321267 32.5407340321381 0.195706157217888 0.15554420212952
111.099999999998 69.574709736654 90.9465234746136 84.7985258970315 32.5647558043066 0.185928215705643 -0.107861560782537
111.199999999998 69.6401102177558 90.9241945443978 84.8548048805718 32.5894806463776 0.165749994914276 -0.425006262934169
111.299999999998 69.7055245911978 90.9017546506 84.9107765031433 32.6148315612696 0.137732329069133 -0.944774535568749
111.399999999998 69.7709632112496 90.8791966360321 84.9664924576101 32.6406981689114 0.104826676976357 -2.04203316538085
111.499999999998 69.8364323825918 90.856507767473 85.0220125892263 32.6669458854799 0.0712136472055838 -4.95474669022313
111.599999999998 69.9019345342393 90.8336702128896 85.077400575557 32.6934251026386 0.0463639174375086 -12.0077086677486
111.699999999998 69.9674690841878 90.8106615186574 85.1327196063993 32.7199803667748 0.0493819798246489 -9.93761710943383
111.799999999998 70.0330336440539 90.7874550867812 85.1880280637042 32.7464595582385 0.0738066165086052 -3.67986044728438
111.899999999998 70.0986251867283 90.7640206521157 85.2433752014968 32.7727230705793 0.100480513837551 -1.26898839203937
111.999999999998 70.1642408287129 90.7403247595862 85.2987968257986 32.7986529897854 0.122229278755119 -0.134495485003863
112.099999999998 70.2298779668423 90.7163312456512 85.3543110354638 32.824162159041 0.136471377341911 0.572317879546202
112.199999999998 70.2955338043527 90.69200183005 85.4099155468396 32.849200267004 0.143824474680185 1.10213008483634
112.299999999998 70.3612047510126 90.6672969875059 85.4655890388952 32.8737523804042 0.145976536998605 1.59596457860355
112.399999999998 70.4268859328085 90.6421769297147 85.5212940821741 32.8978345001607 0.144976486663449 2.09146814686346
112.499999999998 70.492570923866 90.6166025915749 85.5769801286619 32.9214890030193 0.143122652231825 2.55716759123697
112.599999999998 70.5582518049628 90.590536617418 85.6325865016543 32.9447800831903 0.142738993610854 2.89911390763712
112.699999999998 70.6239195734961 90.5639443472385 85.6880453856246 32.967789193986 0.145719780560193 3.00756195364527
112.799999999998 70.6895648624505 90.5367948029246 85.7432848160925 32.9906104894584 0.152971647190587 2.8486941215214
112.899999999998 70.7551788750386 90.5090616744883 85.7982316694914 33.0133462660364 0.164151456001329 2.50116634533271
112.999999999998 70.8207544066893 90.4807243062949 85.8528146530363 33.0361024041641 0.177916064558539 2.08666237107805
113.099999999998 70.886286803394 90.4517686700736 85.9069672735249 33.058983834257 0.192554048959118 1.71164210949791
113.199999999998 70.9517746386717 90.4221879941838 85.9606302583883 33.0820906349619 0.206848568662289 1.41013784045262
113.299999999998 71.017219942221 90.3919825203058 86.0137525863004 33.1055157364911 0.21990010594617 1.16880618067902
113.399999999998 71.0826281381928 90.3611589163887 86.0662919700379 33.1293432562601 0.230960256985337 0.973061589202803
113.499999999998 71.1480077704802 90.3297296763783 86.1182153182722 33.1536468588437 0.239385873973596 0.810185078903439
113.599999999998 71.2133700119844 90.2977125199441 86.1694991973627 33.1784881159326 0.244609886514946 0.669606546724283
113.699999999998 71.2787279620826 90.2651297922065 86.2201302931485 33.2039148662901 0.246124964231758 0.542171413740096
113.799999999998 71.3440957493169 90.2320078634642 86.2701058727414 33.229959575708 0.243475737243726 0.418951984686595
113.899999999998 71.4094874709378 90.198376528922 86.3194342463178 33.256637696964 0.236256578827727 0.289485562237502
113.999999999998 71.4749160169328 90.1642684084174 86.3681352289119 33.2839460297771 0.22411404265752 0.138662665068862
114.099999999998 71.5403918450901 90.1297183412019 86.4162405781404 33.3118611207476 0.206955515591377 -0.0390795852268974
114.199999999998 71.6059218563767 90.0947626521163 86.4637938061912 33.3403387028382 0.185563303305819 -0.258045293890269
114.299999999998 71.6715086717467 90.0594380913046 86.5108484033979 33.369315773697 0.161012156056923 -0.569692523383838
114.399999999998 71.7371504271763 90.0237806453223 86.5574654360783 33.3987137135222 0.134520372936071 -1.07141509836931
114.499999999998 71.8028410418744 89.9878243432986 86.6037111203052 33.4284414429105 0.107617314382822 -1.96553351656402
114.599999999998 71.8685708915068 89.9516000630983 86.6496543956768 33.4583985807043 0.0826146863535092 -3.64416408546304
114.699999999998 71.9343277950988 89.9151343374834 86.6953644990879 33.4884786018402 0.0637310664182512 -6.31204918494096
114.799999999998 72.0000982097836 89.8784481602756 86.7409085385004 33.5185719951961 0.057604425561215 -7.51255848629377
114.899999999998 72.0658685221166 89.841555792518 86.7863490667148 33.5485694214393 0.0665597881090154 -5.09178581778934
114.999999999998 72.131626327459 89.8044635686368 86.8317416551401 33.5783648708744 0.0840798766122999 -2.58539255193404
115.099999999998 72.1973615927592 89.7671687252022 86.8771324931493 33.6078587953694 0.103933141694512 -1.16787622830554
115.199999999998 72.2630674565006 89.7296588172507 86.9225566526107 33.636960566324 0.123395709931668 -0.423361284237183
115.299999999998 72.3287403698378 89.6919126261102 86.968038040948 33.6655892218195 0.141515651931092 0.00094849849827277
115.399999999998 72.394379882304 89.6539016547876 87.0135900193773 33.6936735398119 0.15796427342478 0.264157048345805
115.499999999998 72.4599882782324 89.6155916459549 87.0592160467277 33.7211520854022 0.172638859766787 0.439704675395156
115.599999999998 72.5255700975628 89.5769440999344 87.1049103232624 33.7479732581069 0.185519030798894 0.564213864411616
115.699999999998 72.5911315607572 89.5379177926852 87.1506584344991 33.7740953391294 0.196609951065279 0.657578085135933
115.799999999998 72.6566799119479 89.4984702937888 87.1964379950316 33.7994865386302 0.205918939792443 0.731625440475577
115.899999999998 72.7222226902299 89.4585594844346 87.2422192923497 33.8241250429981 0.213446780769351 0.794136275946654
115.999999999998 72.7877669360713 89.4181450754065 87.2879659306607 33.8479990621206 0.219186602334109 0.850860133747425
116.099999999998 72.8533183472451 89.3771901120413 87.3336354798739 33.8711068694009 0.223187027199854 0.905750719286884
116.199999999998 72.9188806241076 89.3356621404907 87.3791802588475 33.8934566531704 0.225728201142414 0.958594886444918
116.299999999998 72.984455420075 89.2935335142127 87.4245484594549 33.9150658893375 0.227126076906726 1.00788606626283
116.399999999998 73.050042584991 89.2507813617656 87.4696854049134 33.9359605254325 0.227660339852705 1.05196600744851
116.499999999998 73.1156404811341 89.2073875415759 87.5145348132766 33.9561741573974 0.227563601783149 1.08920888850711
116.599999999998 73.1812463563207 89.1633385967048 87.5590400609264 33.9757472063776 0.227011536715922 1.11824463052791
116.699999999998 73.2468567632916 89.1186257096163 87.6031454460662 33.9947260955116 0.226114797798477 1.13819196958447
116.799999999998 73.3124680114944 89.0732446569438 87.6467974522122 34.0131624267221 0.224913629759487 1.14885941009596
116.899999999998 73.3780766354516 89.0271957642583 87.6899460116872 34.0311121575065 0.223375940556909 1.15087558355146
116.999999999998 73.4436798630665 88.980483860835 87.7325457691119 34.0486347777276 0.22139924196961 1.1457323422933
117.099999999998 73.5092760622487 88.9331182378434 87.7745573396977 34.0657924886089 0.21881844218509 1.13967741621929
117.199999999998 73.5748650203233 88.8851126955257 87.8159484323366 34.082649439052 0.215436005323133 1.13985851031568
117.299999999998 73.6404478368938 88.8364858162672 87.8566946294851 34.0992711074652 0.211051732977441 1.15032136054924
117.399999999998 73.7060266368777 88.7872613266552 87.8967800318451 34.1157237409141 0.205473579030774 1.1762252290375
117.499999999998 73.7716042378694 88.7374684629611 87.936197897846 34.1320737964767 0.19852846347021 1.22455723743472
117.599999999998 73.8371837846439 88.6871423366209 87.974951283125 34.1483873825987 0.190076797026522 1.30534499166729
117.699999999998 73.9027683626768 88.6363242997176 88.0130536800093 34.164729700449 0.180034305900752 1.4336967082668
117.799999999998 73.9683606072324 88.5850623104622 88.0505296569966 34.1811644852749 0.168408263900726 1.6331709711738
117.899999999998 74.0339623296096 88.5334112986755 88.0874154982372 34.1977534477573 0.155362363075903 1.94091965999272
117.999999999998 74.0995741875212 88.4814335312695 88.1237598430144 34.2145557153662 0.141338421679717 2.41327482224745
118.099999999998 74.1651954325 88.4291989581632 88.1596242951865 34.2316272775493 0.12742905394545 3.08507892820549
118.199999999998 74.230823785074 88.3767850494985 88.1950832515834 34.2490205305891 0.116010614166221 3.85645293902069
118.299999999998 74.2964555370687 88.3242753415376 88.2302217477555 34.2667840754641 0.110021214930072 4.40690285063513
118.399999999998 74.3620859259477 88.2717574738607 88.2651325226772 34.284962615379 0.111743287871843 4.33761448521451
118.499999999998 74.4277097201559 88.2193212069973 88.2999130534116 34.3035968571277 0.121375551201593 3.67322273681862
118.599999999998 74.4933219237414 88.1670564400583 88.3346625897744 34.3227234124562 0.137020971353953 2.82169944746305
118.699999999998 74.5589184991402 88.1150512283678 88.369479188998 34.3423746994263 0.156056900995279 2.07539301004106
118.799999999998 74.6244970041419 88.0633898010947 88.4044567503962 34.3625788437783 0.176139986098057 1.50289063365321
118.899999999998 74.6900570425571 88.0121505788844 88.4396820500275 34.3833595802945 0.195418606526007 1.07530859055962
118.999999999998 74.7556004382201 87.961404191491 88.4752317753602 34.4047361541625 0.212429122364003 0.747171134776555
119.099999999998 74.8211310610792 87.9112115215429 88.5111695966092 34.4267232280848 0.226141269021185 0.503991942794988
119.199999999998 74.8866543238341 87.861622427801 88.5475441915831 34.4493309388134 0.236414845834862 0.330821117516871
119.299999999998 74.9521765473325 87.8126761932801 88.5843896909779 34.4725653329896 0.243455813165106 0.20003891692075
119.399999999997 75.0177043082019 87.7644026528616 88.6217270771788 34.4964289524075 0.24757747474009 0.0957563755056085
119.499999999997 75.0832438143035 87.7168233470424 88.6595656197364 34.5209214250249 0.249158629665575 0.00852641122798152
119.599999999997 75.1488003600515 87.6699526756806 88.6979043108427 34.5460400559741 0.248619771781118 -0.0673125412531896
119.699999999997 75.2143778998861 87.6237990517448 88.736733300807 34.5717804185724 0.246407791227303 -0.134982831077432
119.799999999997 75.2799787647196 87.5783660550605 88.7760353335318 34.5981369453332 0.242984824197942 -0.195936549559999
119.899999999997 75.3456035346931 87.5336535860581 88.8157871819885 34.6251035189764 0.238819079104288 -0.250170579490062
119.999999999997 75.411251072233 87.4896590195202 88.8559610836936 34.6526740634392 0.234376419526046 -0.296382000976771
120.099999999997 75.4769187094429 87.4463783488352 88.8965261657648 34.6808431287123 0.230046030098243 -0.336975830909547
120.199999999997 75.54260250445 87.4038070833984 88.937449599061 34.70960631513 0.225941706321461 -0.375565871013556
120.299999999997 75.6082973934771 87.3619405193892 88.9786970646134 34.7389602901223 0.222107994785939 -0.411719361769497
120.399999999997 75.673997287379 87.3207737636967 89.0202329491406 34.7689026444219 0.218586458682921 -0.444953265318303
120.499999999997 75.7396951698188 87.2803017483504 89.0620205301442 34.7994317420955 0.215414386614514 -0.474755460482449
120.599999999997 75.8053831985825 87.2405192449516 89.1040221610033 34.8305465705757 0.212623508144095 -0.500613258162614
120.699999999997 75.8710528088034 87.2014208791045 89.146199456071 34.862246590693 0.210238766370118 -0.522047373825118
120.799999999997 75.9366948167787 87.1630011448468 89.1885134757684 34.8945315867072 0.208277211011175 -0.538648106953072
120.899999999997 76.0022995229835 87.1252544190813 89.2309249116808 34.9274015163397 0.20674708174838 -0.550109389594389
120.999999999997 76.06785681284 87.0881749760064 89.2733942716527 34.9608563608046 0.205647148115882 -0.556255963980263
